time_step,start,end,flow,distance
0,925,873,1,8.629868015705554
0,925,1140,1,5.559746332228015
0,925,834,1,5.249047199856985
0,925,928,1,2.8524929798341074
0,925,850,1,10.694040075602611
0,1232,928,1,8.28950012214804
0,1232,1058,1,4.83687793721146
0,1232,1105,1,3.8392690799482057
0,973,928,3,2.202808837490146
0,973,1011,1,4.881725510082577
0,973,714,1,6.739138237494938
0,1140,1478,1,10.56486642729493
0,1140,1058,1,4.404400893299181
0,1140,1187,1,3.960411314814771
0,794,834,1,3.0622624863494035
0,464,1140,1,21.137556298109768
0,834,925,1,5.249047199856985
0,834,1140,1,9.120303414799448
0,834,794,1,3.0622624863494035
0,834,928,2,7.925847526229188
0,928,925,2,2.8524929798341074
0,928,873,1,11.464626189279452
0,928,1011,2,3.6167275925925466
0,702,172,1,18.858887720998347
0,702,834,1,4.389831624444016
0,1058,1187,1,3.335847799336888
0,850,928,1,7.925847526229188
0,850,1067,1,5.87594370452583
0,1105,783,2,21.4299278250006
0,1011,1140,1,3.335847799336888
0,1011,794,1,5.876008831303484
0,783,579,1,11.850386463154225
0,967,925,1,1.4630157462730349
0,967,928,2,3.962344440629368
0,967,702,1,9.424975322198348
0,1067,1412,1,8.946191032118977
0,1187,1232,1,2.2017655762295663
0,1187,783,1,19.009124176326512
1,925,1011,1,2.223898532891128
1,834,873,2,3.963116935247085
1,928,794,1,5.8083597500151045
1,928,834,1,7.925847526229188
1,928,1004,1,9.763940751913996
1,928,1187,2,6.739067249150369
1,925,928,1,2.8524929798341074
1,925,1058,1,5.058513634802797
1,925,1213,1,14.603468927185563
1,1232,1399,1,6.507057624431
1,1140,1399,1,6.738996195578808
1,1140,850,1,13.036256596755637
1,1140,967,1,4.548230871686798
1,794,172,1,24.591391490809126
1,834,925,1,5.249047199856985
1,928,925,2,2.8524929798341074
1,928,1011,1,3.6167275925925466
1,928,967,1,3.962344440629368
1,702,925,1,9.423506251261468
1,1058,928,1,3.468670210314232
1,1058,1105,1,3.961184888937906
1,1058,967,1,5.247679923034634
1,1058,1187,1,3.335847799336888
1,579,1187,1,16.57993448038173
1,967,402,1,15.541607685822626
2,925,967,3,1.4630157462730349
2,834,928,1,7.925847526229188
2,967,1105,1,9.182568470632535
2,925,714,1,6.736742718055863
2,1232,1140,1,6.119741485129188
2,1232,928,1,8.28950012214804
2,928,1140,1,6.2484548670441855
2,928,794,1,5.8083597500151045
2,928,1058,1,3.468670210314232
2,1011,967,1,1.4629503400136323
2,967,834,1,5.059118864445973
2,967,928,1,3.962344440629368
2,1187,928,1,6.739067249150369
3,834,794,1,3.0622624863494035
3,967,925,1,1.4630157462730349
3,794,925,1,3.8399670029013246
3,928,873,1,11.464626189279452
3,928,973,1,2.202808837490146
3,928,1004,1,9.763940751913996
3,928,1399,1,12.37821780679595
3,702,834,1,4.389831624444016
3,702,525,1,6.512937082064592
3,1011,925,1,2.223898532891128
3,967,928,1,3.962344440629368
3,967,702,1,9.424975322198348
3,967,1004,1,5.811450880513226
4,925,973,3,4.882215518422521
4,973,1187,1,5.6404067966465385
4,1140,925,1,5.559746332228015
4,834,925,1,5.249047199856985
4,928,1140,1,6.2484548670441855
4,1004,928,1,9.763940751913996
4,850,1058,1,8.672138339743874
4,1011,925,1,2.223898532891128
4,1187,1058,1,3.335847799336888
5,925,967,3,1.4630157462730349
5,973,928,1,2.202808837490146
5,973,967,2,5.7043821114062
5,928,794,1,5.8083597500151045
5,1058,1187,1,3.335847799336888
6,928,834,1,7.925847526229188
6,967,1011,2,1.4629503400136323
6,967,928,3,3.962344440629368
7,928,925,1,2.8524929798341074
7,834,925,1,5.249047199856985
7,928,794,2,5.8083597500151045
7,702,834,1,4.389831624444016
8,925,714,1,6.736742718055863
8,925,1232,1,9.649241749541863
8,834,794,1,3.0622624863494035
9,1140,1011,1,3.335847799336888
9,1011,967,2,1.4629503400136323
10,967,1011,2,1.4629503400136323
10,1232,783,1,21.210313956402903
10,873,783,1,4.4064860569207775
10,1140,783,1,15.22789003823726
10,794,1011,1,5.876008831303484
10,794,783,2,10.46245949147104
10,402,579,1,6.514036981260467
10,1004,1058,1,10.515329624384115
10,1058,783,1,17.486864213198086
10,1213,783,1,11.11949266445603
10,579,783,1,11.850386463154225
10,1011,928,1,3.6167275925925466
10,1011,1399,1,10.052549905308156
10,1011,1058,1,3.961571514117998
10,1011,967,1,1.4629503400136323
10,1011,1187,1,5.851146926487822
10,783,1011,1,13.554200769268274
10,1187,783,2,19.009124176326512
11,873,783,1,4.4064860569207775
11,1140,783,3,15.22789003823726
11,402,783,1,11.521692668209962
11,1478,783,1,18.994191672564124
11,928,794,1,5.8083597500151045
11,702,783,1,5.250413373789177
11,1004,783,1,7.966246489389644
11,1399,783,1,20.47900955025097
11,1058,1011,1,3.961571514117998
11,1058,783,2,17.486864213198086
11,1213,783,1,11.11949266445603
11,1105,783,1,21.4299278250006
11,579,783,1,11.850386463154225
11,1011,925,1,2.223898532891128
11,1011,783,2,13.554200769268274
11,1011,967,2,1.4629503400136323
11,714,783,1,16.323166899192785
11,967,1011,1,1.4629503400136323
11,1067,1011,1,12.40745751794731
11,1067,783,1,25.606032905209577
11,1187,783,1,19.009124176326512
12,925,1011,1,2.223898532891128
12,967,925,1,1.4630157462730349
12,873,783,1,4.4064860569207775
12,856,783,1,28.55412357877098
12,794,1011,2,5.876008831303484
12,794,783,1,10.46245949147104
12,1004,1011,1,6.654407802707156
12,1004,783,2,7.966246489389644
12,1399,925,1,12.268300526223484
12,1399,783,1,20.47900955025097
12,1399,1187,3,6.247627185540738
12,1058,1011,1,3.961571514117998
12,1058,783,1,17.486864213198086
12,525,1011,1,17.39283322509588
12,525,783,3,6.671695598673383
12,850,783,1,22.85304209922013
12,1105,783,2,21.4299278250006
12,579,973,1,12.02013346271456
12,579,783,3,11.850386463154225
12,1011,928,1,3.6167275925925466
12,1011,850,1,11.365584452473476
12,1011,783,1,13.554200769268274
12,1412,1011,1,16.64651643490022
12,1412,783,1,30.014252482424304
12,967,1004,1,5.811450880513226
12,1187,928,1,6.739067249150369
12,1187,783,1,19.009124176326512
13,925,873,1,8.629868015705554
13,973,925,1,4.882215518422521
13,928,1140,2,6.2484548670441855
13,1011,783,6,13.554200769268274
13,925,1058,1,5.058513634802797
13,873,925,1,8.629868015705554
13,873,834,1,3.963116935247085
13,873,783,3,4.4064860569207775
13,856,783,2,28.55412357877098
13,856,1067,1,6.736061142864135
13,794,1011,1,5.876008831303484
13,794,783,3,10.46245949147104
13,464,973,1,14.912840443208973
13,402,783,1,11.521692668209962
13,1478,783,1,18.994191672564124
13,1004,783,1,7.966246489389644
13,1399,1058,1,9.34110519027368
13,1399,783,2,20.47900955025097
13,1058,783,1,17.486864213198086
13,850,783,2,22.85304209922013
13,1213,783,2,11.11949266445603
13,1011,1232,1,7.964083694664586
13,714,1011,1,8.663428210145675
13,714,783,1,16.323166899192785
13,1067,925,1,12.80112469343922
13,1067,973,2,7.92352939429049
13,1187,1232,1,2.2017655762295663
13,1187,1058,1,3.335847799336888
13,1187,1011,1,5.851146926487822
14,925,967,1,1.4630157462730349
14,973,928,1,2.202808837490146
14,973,1058,1,2.41855773034487
14,925,873,1,8.629868015705554
14,1140,925,2,5.559746332228015
14,834,1011,1,6.510367578384317
14,1058,928,2,3.468670210314232
14,925,834,1,5.249047199856985
14,1232,925,1,9.649241749541863
14,1232,1011,1,7.964083694664586
14,873,783,3,4.4064860569207775
14,856,850,1,5.706192977163574
14,973,925,1,4.882215518422521
14,794,925,1,3.8399670029013246
14,794,850,1,12.413971394684204
14,464,973,1,14.912840443208973
14,464,794,1,16.018534965863886
14,464,579,1,13.736208219113248
14,402,834,1,11.281169605088646
14,402,783,2,11.521692668209962
14,1478,783,1,18.994191672564124
14,1004,873,1,3.839767699909918
14,1004,783,1,7.966246489389644
14,1058,1232,1,4.83687793721146
14,525,783,1,6.671695598673383
14,850,925,1,10.694040075602611
14,850,973,1,6.608947508553885
14,1213,783,1,11.11949266445603
14,1105,1399,1,10.237902514270164
14,1105,1011,1,7.92275625179966
14,1105,783,1,21.4299278250006
14,1011,1140,1,3.335847799336888
14,1011,579,1,11.281034038678854
14,1011,783,1,13.554200769268274
14,1067,973,1,7.92352939429049
14,1187,928,1,6.739067249150369
14,1187,850,1,11.109127914371388
14,1187,783,2,19.009124176326512
14,1187,967,1,7.314097191827283
15,973,794,1,8.005758424200978
15,973,928,2,2.202808837490146
15,925,928,6,2.8524929798341074
15,928,834,1,7.925847526229188
15,928,1105,1,6.509632645551289
15,579,973,1,12.02013346271456
15,579,714,1,6.612071581984758
15,967,702,1,9.424975322198348
15,873,783,1,4.4064860569207775
15,1140,834,1,9.120303414799448
15,1011,973,2,4.881725510082577
15,967,402,1,15.541607685822626
15,172,794,1,24.591391490809126
15,1232,1187,1,2.2017655762295663
15,873,579,1,10.243397261423542
15,794,925,1,3.8399670029013246
15,834,925,2,5.249047199856985
15,928,783,2,15.577087902404868
15,1399,783,1,20.47900955025097
15,1058,1399,1,9.34110519027368
15,850,973,1,6.608947508553885
15,850,464,1,10.052673626423328
15,1213,873,1,9.674072372960078
15,1011,1004,1,6.654407802707156
15,714,973,1,6.739138237494938
15,714,783,1,16.323166899192785
15,1412,973,1,14.027846499005278
15,1412,850,1,14.733832640164646
16,973,850,3,6.608947508553885
16,928,925,3,2.8524929798341074
16,928,1399,1,12.37821780679595
16,834,783,1,7.689481736045675
16,925,783,1,12.804913262721543
16,928,1232,1,8.28950012214804
16,794,783,1,10.46245949147104
16,928,794,2,5.8083597500151045
16,928,1412,1,16.089571776562533
16,579,834,1,7.256503514219511
16,925,702,1,9.423506251261468
16,925,850,1,10.694040075602611
16,873,834,1,3.963116935247085
16,973,928,1,2.202808837490146
16,973,783,2,17.685208029543023
16,794,973,1,8.005758424200978
16,464,783,1,25.397194471986413
16,834,925,1,5.249047199856985
16,402,873,1,12.378588757843175
16,702,1187,1,16.72667802016658
16,1004,1011,1,6.654407802707156
16,1399,783,1,20.47900955025097
16,525,873,1,9.675337903778155
16,850,973,2,6.608947508553885
16,1105,850,1,7.255791794533394
16,714,973,1,6.739138237494938
16,714,783,1,16.323166899192785
16,1412,1187,1,11.00708650475215
16,1187,783,1,19.009124176326512
17,925,1011,1,2.223898532891128
17,973,794,2,8.005758424200978
17,702,925,1,9.423506251261468
17,1399,1105,1,10.237902514270164
17,834,973,1,10.076973504527178
17,834,967,1,5.059118864445973
17,925,1058,1,5.058513634802797
17,873,834,2,3.963116935247085
17,973,925,1,4.882215518422521
17,850,714,2,7.4471861231509155
17,1011,973,1,4.881725510082577
17,925,834,2,5.249047199856985
17,1232,1105,1,3.8392690799482057
17,973,856,1,11.88819151385629
17,794,1140,1,9.096545861200513
17,794,1011,1,5.876008831303484
17,1478,1232,1,13.206936132693205
17,1478,1011,1,13.494566217296024
17,928,783,1,15.577087902404868
17,850,973,1,6.608947508553885
17,200,464,1,8.783774420135625
17,783,973,1,17.685208029543023
17,783,794,1,10.46245949147104
17,783,928,1,15.577087902404868
17,783,1004,1,7.966246489389644
17,783,1011,1,13.554200769268274
17,783,1187,1,19.009124176326512
17,714,850,1,7.4471861231509155
17,1187,928,1,6.739067249150369
17,1187,1399,1,6.247627185540738
18,925,1140,1,5.559746332228015
18,834,873,1,3.963116935247085
18,967,834,1,5.059118864445973
18,856,783,1,28.55412357877098
18,794,834,1,3.0622624863494035
18,794,873,2,7.018858162934119
18,928,850,2,7.925847526229188
18,1105,1232,1,3.8392690799482057
18,1011,783,4,13.554200769268274
18,464,850,1,10.052673626423328
18,834,925,3,5.249047199856985
18,1058,967,1,5.247679923034634
18,1105,850,1,7.255791794533394
18,1187,1232,1,2.2017655762295663
18,925,1058,1,5.058513634802797
18,1232,973,1,6.739053043647001
18,973,928,1,2.202808837490146
18,973,1058,1,2.41855773034487
18,973,783,1,17.685208029543023
18,973,714,1,6.739138237494938
18,1140,1232,1,6.119741485129188
18,1004,967,1,5.811450880513226
18,1399,834,1,15.539391645120883
18,850,973,1,6.608947508553885
18,850,928,1,7.925847526229188
18,850,783,1,22.85304209922013
18,783,925,2,12.804913262721543
18,783,973,1,17.685208029543023
18,783,834,2,7.689481736045675
18,783,928,1,15.577087902404868
18,783,850,1,22.85304209922013
18,714,783,1,16.323166899192785
18,1412,925,1,18.07211283325024
18,1412,850,1,14.733832640164646
19,928,967,3,3.962344440629368
19,834,702,4,4.389831624444016
19,967,783,2,12.247362390603268
19,1232,925,2,9.649241749541863
19,873,834,1,3.963116935247085
19,1140,973,1,6.509265047797015
19,1058,834,2,10.204580442928409
19,1232,1004,1,13.548232944538976
19,834,856,1,20.92270438869305
19,925,928,5,2.8524929798341074
19,873,928,2,11.464626189279452
19,973,850,2,6.608947508553885
19,850,1011,2,11.365584452473476
19,925,1232,1,9.649241749541863
19,973,1232,1,6.739053043647001
19,850,973,2,6.608947508553885
19,850,928,1,7.925847526229188
19,850,714,1,7.4471861231509155
19,783,925,1,12.804913262721543
19,783,973,3,17.685208029543023
19,783,702,1,5.250413373789177
19,783,1004,1,7.966246489389644
19,783,1011,1,13.554200769268274
19,714,1011,1,8.663428210145675
20,928,925,3,2.8524929798341074
20,834,873,2,3.963116935247085
20,834,1187,1,12.342244898446324
20,928,850,5,7.925847526229188
20,702,834,5,4.389831624444016
20,1011,783,4,13.554200769268274
20,856,1011,1,16.764898582516587
20,1232,1412,1,8.805321213797965
20,973,850,2,6.608947508553885
20,1004,834,1,4.837273690103386
20,1004,873,1,3.839767699909918
20,967,1058,2,5.247679923034634
20,925,928,3,2.8524929798341074
20,1232,1105,1,3.8392690799482057
20,973,928,4,2.202808837490146
20,1478,783,1,18.994191672564124
20,850,834,2,15.216513464969486
20,783,925,1,12.804913262721543
20,783,525,1,6.671695598673383
20,714,973,1,6.739138237494938
20,714,850,1,7.4471861231509155
20,967,1140,1,4.548230871686798
21,928,1187,2,6.739067249150369
21,834,783,1,7.689481736045675
21,873,834,2,3.963116935247085
21,1058,1232,2,4.83687793721146
21,1187,973,1,5.6404067966465385
21,834,1011,3,6.510367578384317
21,834,794,3,3.0622624863494035
21,1412,850,1,14.733832640164646
21,928,834,4,7.925847526229188
21,925,1058,1,5.058513634802797
21,973,925,1,4.882215518422521
21,850,973,3,6.608947508553885
21,925,928,3,2.8524929798341074
21,873,1004,1,3.839767699909918
21,1140,873,1,10.849467604025635
21,834,579,1,7.256503514219511
21,928,579,1,10.087254514060623
21,850,1140,1,13.036256596755637
21,850,1412,1,14.733832640164646
21,1105,1058,1,3.961184888937906
21,783,925,1,12.804913262721543
21,783,928,2,15.577087902404868
21,783,1004,3,7.966246489389644
21,783,850,2,22.85304209922013
21,783,1213,1,11.11949266445603
21,783,1011,3,13.554200769268274
21,714,973,1,6.739138237494938
22,834,928,6,7.925847526229188
22,928,1058,2,3.468670210314232
22,1140,783,1,15.22789003823726
22,1058,1011,1,3.961571514117998
22,794,834,2,3.0622624863494035
22,1004,783,1,7.966246489389644
22,1187,1058,2,3.335847799336888
22,1232,1187,1,2.2017655762295663
22,1011,1140,2,3.335847799336888
22,1232,834,1,14.473652063742133
22,928,402,1,16.388066195777938
22,1004,925,1,7.016854369636376
22,1011,973,2,4.881725510082577
22,794,525,1,12.411444711524124
22,1058,579,1,13.4971193863272
22,873,794,1,7.018858162934119
22,973,1011,2,4.881725510082577
22,973,783,2,17.685208029543023
22,1004,1187,1,11.361508124700526
22,579,925,1,9.096756146766438
22,925,1004,1,7.016854369636376
22,925,579,1,9.096756146766438
22,973,1399,1,11.751170313633397
22,928,1140,2,6.2484548670441855
22,1213,925,1,14.603468927185563
22,1011,856,1,16.764898582516587
22,1011,1213,1,13.548232944538976
22,1011,702,1,10.884143023519666
22,1004,1140,1,7.442778444077659
22,525,783,1,6.671695598673383
22,850,1232,1,11.078851145692578
22,850,464,1,10.052673626423328
22,850,834,1,15.216513464969486
22,850,928,1,7.925847526229188
22,579,702,1,6.612071581984758
22,783,794,1,10.46245949147104
22,783,928,1,15.577087902404868
22,783,1004,1,7.966246489389644
22,783,1011,1,13.554200769268274
22,783,1187,1,19.009124176326512
23,925,967,2,1.4630157462730349
23,834,873,3,3.963116935247085
23,856,850,1,5.706192977163574
23,702,873,1,4.548357078342699
23,1004,783,1,7.966246489389644
23,1058,783,4,17.486864213198086
23,1232,1140,1,6.119741485129188
23,1011,928,4,3.6167275925925466
23,1187,1232,3,2.2017655762295663
23,1140,928,2,6.2484548670441855
23,1140,1011,2,3.335847799336888
23,1399,1011,1,10.052549905308156
23,794,967,2,4.548315025166438
23,464,928,1,14.930631823982267
23,973,834,2,10.076973504527178
23,834,973,1,10.076973504527178
23,579,402,1,6.514036981260467
23,402,794,1,11.081008814008824
23,928,1105,2,6.509632645551289
23,1140,967,1,4.548230871686798
23,928,834,1,7.925847526229188
23,928,850,5,7.925847526229188
23,1213,1011,1,13.548232944538976
23,925,1232,1,9.649241749541863
23,1004,925,1,7.016854369636376
23,850,834,2,15.216513464969486
23,579,1011,1,11.281034038678854
23,783,973,1,17.685208029543023
23,783,1140,1,15.22789003823726
23,783,402,1,11.521692668209962
23,783,928,2,15.577087902404868
23,783,1105,1,21.4299278250006
23,783,579,1,11.850386463154225
24,925,1011,1,2.223898532891128
24,928,925,9,2.8524929798341074
24,967,928,5,3.962344440629368
24,579,783,1,11.850386463154225
24,873,783,1,4.4064860569207775
24,794,834,1,3.0622624863494035
24,1232,1011,3,7.964083694664586
24,1105,834,1,14.045233535461502
24,1011,834,4,6.510367578384317
24,873,967,1,7.925075031537542
24,873,1187,1,14.60457664934919
24,873,925,1,8.629868015705554
24,834,925,2,5.249047199856985
24,402,1232,1,24.47900353233401
24,834,973,2,10.076973504527178
24,402,973,1,18.419980035084063
24,1140,1187,1,3.960411314814771
24,1232,850,1,11.078851145692578
24,850,973,2,6.608947508553885
24,850,1011,2,11.365584452473476
24,1105,783,1,21.4299278250006
24,973,967,1,5.7043821114062
24,973,1067,1,7.92352939429049
24,1140,1011,1,3.335847799336888
24,834,1058,1,10.204580442928409
24,702,834,1,4.389831624444016
24,525,783,1,6.671695598673383
24,850,464,1,10.052673626423328
24,850,928,1,7.925847526229188
24,1105,928,1,6.509632645551289
24,783,1232,1,21.210313956402903
24,783,973,1,17.685208029543023
24,783,794,1,10.46245949147104
24,783,464,1,25.397194471986413
24,783,834,1,7.689481736045675
24,783,928,1,15.577087902404868
24,783,525,1,6.671695598673383
24,783,714,1,16.323166899192785
25,834,783,6,7.689481736045675
25,925,973,4,4.882215518422521
25,1058,1011,1,3.961571514117998
25,1011,783,4,13.554200769268274
25,967,973,2,5.7043821114062
25,1232,1187,2,2.2017655762295663
25,973,850,4,6.608947508553885
25,1067,783,1,25.606032905209577
25,464,850,1,10.052673626423328
25,928,783,3,15.577087902404868
25,1187,928,2,6.739067249150369
25,794,714,1,6.125367854472763
25,1011,1105,2,7.92275625179966
25,925,928,7,2.8524929798341074
25,973,1105,1,4.388654712140797
25,928,794,3,5.8083597500151045
25,714,925,1,6.736742718055863
25,925,1004,1,7.016854369636376
25,834,873,1,3.963116935247085
25,928,834,2,7.925847526229188
25,973,967,1,5.7043821114062
25,464,783,1,25.397194471986413
25,850,967,1,11.888191513854997
25,1011,1140,1,3.335847799336888
25,1011,702,1,10.884143023519666
25,783,464,1,25.397194471986413
25,783,834,2,7.689481736045675
25,783,702,1,5.250413373789177
25,783,1004,1,7.966246489389644
26,928,1011,9,3.6167275925925466
26,1187,1011,2,5.851146926487822
26,967,973,1,5.7043821114062
26,794,973,1,8.005758424200978
26,1105,973,2,4.388654712140797
26,794,967,1,4.548315025166438
26,464,850,1,10.052673626423328
26,834,925,1,5.249047199856985
26,973,834,3,10.076973504527178
26,973,1058,2,2.41855773034487
26,1105,1011,1,7.92275625179966
26,925,1187,1,7.6790367656671
26,973,925,1,4.882215518422521
26,834,967,4,5.059118864445973
26,702,973,1,14.048686290771036
26,850,856,1,5.706192977163574
26,1004,925,2,7.016854369636376
26,714,794,1,6.125367854472763
26,1140,1011,1,3.335847799336888
26,850,973,2,6.608947508553885
26,850,714,1,7.4471861231509155
26,850,1067,1,5.87594370452583
26,794,714,1,6.125367854472763
26,1011,1004,1,6.654407802707156
26,783,925,1,12.804913262721543
26,783,794,1,10.46245949147104
26,783,525,1,6.671695598673383
26,783,850,1,22.85304209922013
26,783,1011,1,13.554200769268274
26,783,1187,1,19.009124176326512
27,925,967,3,1.4630157462730349
27,967,925,2,1.4630157462730349
27,1011,967,4,1.4629503400136323
27,1011,783,8,13.554200769268274
27,967,973,2,5.7043821114062
27,1187,1232,2,2.2017655762295663
27,1058,928,2,3.468670210314232
27,834,925,2,5.249047199856985
27,794,579,1,5.55974633222762
27,1067,1105,1,4.880745078525951
27,973,925,7,4.882215518422521
27,925,702,1,9.423506251261468
27,702,579,1,6.612071581984758
27,834,1105,1,14.045233535461502
27,714,973,2,6.739138237494938
27,856,925,1,16.318086894445933
27,794,873,1,7.018858162934119
27,1004,925,1,7.016854369636376
27,850,856,1,5.706192977163574
27,850,1105,1,7.255791794533394
27,1011,1478,1,13.494566217296024
27,1011,1067,1,12.40745751794731
27,783,925,1,12.804913262721543
27,783,873,1,4.4064860569207775
27,783,834,1,7.689481736045675
27,783,402,1,11.521692668209962
27,783,702,1,5.250413373789177
27,783,525,1,6.671695598673383
27,783,579,1,11.850386463154225
27,783,1011,1,13.554200769268274
28,925,794,13,3.8399670029013246
28,702,850,1,18.37776366407494
28,967,850,3,11.888191513854997
28,856,850,1,5.706192977163574
28,967,834,3,5.059118864445973
28,402,925,1,14.913154476154167
28,1011,834,1,6.510367578384317
28,579,928,1,10.087254514060623
28,873,794,2,7.018858162934119
28,579,794,1,5.55974633222762
28,973,925,3,4.882215518422521
28,928,579,1,10.087254514060623
28,1105,850,2,7.255791794533394
28,928,873,1,11.464626189279452
28,1232,1105,2,3.8392690799482057
28,834,1140,1,9.120303414799448
28,1105,834,1,14.045233535461502
28,967,1004,1,5.811450880513226
28,967,702,2,9.424975322198348
28,925,1140,1,5.559746332228015
28,702,928,1,11.847457656626572
28,783,925,1,12.804913262721543
28,783,973,1,17.685208029543023
28,783,402,1,11.521692668209962
28,783,928,1,15.577087902404868
28,783,702,1,5.250413373789177
28,783,525,1,6.671695598673383
29,928,973,2,2.202808837490146
29,702,873,2,4.548357078342699
29,794,834,10,3.0622624863494035
29,873,702,1,4.548357078342699
29,925,834,5,5.249047199856985
29,1105,925,1,8.810192302561815
29,928,1067,1,10.07507435147502
29,794,1187,2,11.519003477970214
29,794,850,2,12.413971394684204
29,794,1058,2,8.77829027244345
29,973,1067,2,7.92352939429049
29,1140,1478,1,10.56486642729493
29,834,1232,3,14.473652063742133
29,850,783,2,22.85304209922013
29,873,928,1,11.464626189279452
29,402,850,1,20.42053788159492
29,850,925,3,10.694040075602611
29,850,1067,1,5.87594370452583
29,1105,1187,1,4.4040530489389695
29,1478,1011,1,13.494566217296024
29,834,928,1,7.925847526229188
29,1004,850,1,17.683455373897953
29,850,856,1,5.706192977163574
29,579,834,1,7.256503514219511
29,783,925,4,12.804913262721543
29,783,1232,1,21.210313956402903
29,783,973,1,17.685208029543023
29,783,402,1,11.521692668209962
29,783,1011,2,13.554200769268274
30,1011,967,2,1.4629503400136323
30,856,850,1,5.706192977163574
30,1058,925,1,5.058513634802797
30,1067,973,1,7.92352939429049
30,1187,1058,3,3.335847799336888
30,1067,928,2,10.07507435147502
30,1232,1011,1,7.964083694664586
30,925,834,7,5.249047199856985
30,402,783,1,11.521692668209962
30,873,794,1,7.018858162934119
30,834,702,3,4.389831624444016
30,1232,928,2,8.28950012214804
30,834,794,10,3.0622624863494035
30,973,1004,2,11.462222395062687
30,834,873,3,3.963116935247085
30,850,464,3,10.052673626423328
30,928,1232,2,8.28950012214804
30,925,794,2,3.8399670029013246
30,1232,1412,1,8.805321213797965
30,973,1187,1,5.6404067966465385
30,1140,794,1,9.096545861200513
30,579,1011,1,11.281034038678854
30,834,928,1,7.925847526229188
30,702,794,1,6.125367854472763
30,702,967,1,9.424975322198348
30,783,925,2,12.804913262721543
30,783,1140,1,15.22789003823726
30,783,834,1,7.689481736045675
30,783,1399,1,20.47900955025097
30,783,1058,1,17.486864213198086
30,783,850,1,22.85304209922013
30,783,579,1,11.850386463154225
31,928,1058,4,3.468670210314232
31,834,783,5,7.689481736045675
31,925,783,1,12.804913262721543
31,967,928,2,3.962344440629368
31,702,850,3,18.37776366407494
31,794,973,6,8.005758424200978
31,1011,1232,2,7.964083694664586
31,794,1011,7,5.876008831303484
31,464,850,1,10.052673626423328
31,1187,928,1,6.739067249150369
31,1232,925,1,9.649241749541863
31,1058,783,4,17.486864213198086
31,1399,834,1,15.539391645120883
31,925,1232,1,9.649241749541863
31,1004,1011,1,6.654407802707156
31,873,1004,3,3.839767699909918
31,1140,928,1,6.2484548670441855
31,850,1187,2,11.109127914371388
31,973,1140,1,6.509265047797015
31,834,967,3,5.059118864445973
31,850,925,1,10.694040075602611
31,579,464,1,13.736208219113248
31,1067,928,1,10.07507435147502
31,1004,928,1,9.763940751913996
31,525,783,1,6.671695598673383
31,783,172,1,17.768672451070774
31,783,925,2,12.804913262721543
31,783,856,1,28.55412357877098
31,783,1140,1,15.22789003823726
31,783,834,1,7.689481736045675
31,783,579,1,11.850386463154225
31,783,1011,1,13.554200769268274
31,1412,794,1,21.762090774988163
31,1412,783,1,30.014252482424304
31,1067,1105,1,4.880745078525951
32,928,1011,6,3.6167275925925466
32,925,973,3,4.882215518422521
32,967,794,2,4.548315025166438
32,1058,973,5,2.41855773034487
32,1011,850,10,11.365584452473476
32,794,925,2,3.8399670029013246
32,1232,973,2,6.739053043647001
32,834,702,1,4.389831624444016
32,1187,783,2,19.009124176326512
32,973,967,2,5.7043821114062
32,1140,973,1,6.509265047797015
32,1140,928,1,6.2484548670441855
32,973,714,2,6.739138237494938
32,1232,1105,1,3.8392690799482057
32,1004,834,1,4.837273690103386
32,850,925,1,10.694040075602611
32,850,1004,2,17.683455373897953
32,856,973,1,11.88819151385629
32,973,1232,1,6.739053043647001
32,973,1105,1,4.388654712140797
32,579,925,1,9.096756146766438
32,925,1232,1,9.649241749541863
32,873,525,1,9.675337903778155
32,967,1004,2,5.811450880513226
32,834,525,1,10.886391578093734
32,850,856,1,5.706192977163574
32,1105,973,1,4.388654712140797
32,783,1140,1,15.22789003823726
32,783,794,2,10.46245949147104
32,783,834,2,7.689481736045675
32,783,402,1,11.521692668209962
32,783,702,1,5.250413373789177
32,783,1004,1,7.966246489389644
32,783,1011,4,13.554200769268274
32,783,714,2,16.323166899192785
32,783,967,3,12.247362390603268
33,967,794,3,4.548315025166438
33,856,850,1,5.706192977163574
33,794,783,5,10.46245949147104
33,834,850,2,15.216513464969486
33,1004,783,2,7.966246489389644
33,1011,928,9,3.6167275925925466
33,1232,1187,2,2.2017655762295663
33,702,1011,2,10.884143023519666
33,925,1187,2,7.6790367656671
33,714,850,2,7.4471861231509155
33,1140,850,1,13.036256596755637
33,973,1011,11,4.881725510082577
33,850,783,9,22.85304209922013
33,1004,1187,1,11.361508124700526
33,1004,1011,2,6.654407802707156
33,928,794,2,5.8083597500151045
33,1105,1058,1,3.961184888937906
33,714,794,1,6.125367854472763
33,967,973,2,5.7043821114062
33,714,856,1,12.80743720302119
33,925,873,2,8.629868015705554
33,1004,834,1,4.837273690103386
33,464,1011,1,18.41923278489661
33,402,794,1,11.081008814008824
33,783,794,1,10.46245949147104
33,783,834,1,7.689481736045675
33,783,402,1,11.521692668209962
33,783,1004,1,7.966246489389644
33,783,579,1,11.850386463154225
33,783,1011,3,13.554200769268274
33,783,967,2,12.247362390603268
34,967,928,2,3.962344440629368
34,928,973,9,2.202808837490146
34,856,850,1,5.706192977163574
34,1187,1011,1,5.851146926487822
34,1011,928,15,3.6167275925925466
34,579,873,1,10.243397261423542
34,1011,834,4,6.510367578384317
34,1232,973,1,6.739053043647001
34,794,928,7,5.8083597500151045
34,1187,928,3,6.739067249150369
34,973,579,2,12.02013346271456
34,925,928,1,2.8524929798341074
34,834,973,1,10.076973504527178
34,873,973,1,13.496121499721363
34,1058,1213,1,16.75664673959281
34,834,1004,2,4.837273690103386
34,402,973,1,18.419980035084063
34,850,1232,4,11.078851145692578
34,850,1105,3,7.255791794533394
34,1105,967,1,9.182568470632535
34,1004,873,2,3.839767699909918
34,464,714,1,10.122771228736514
34,783,925,2,12.804913262721543
34,783,873,1,4.4064860569207775
34,783,973,1,17.685208029543023
34,783,834,2,7.689481736045675
34,783,402,1,11.521692668209962
34,783,702,1,5.250413373789177
34,783,1058,2,17.486864213198086
34,783,579,1,11.850386463154225
34,783,1011,1,13.554200769268274
35,925,967,2,1.4630157462730349
35,928,1011,26,3.6167275925925466
35,702,783,1,5.250413373789177
35,873,783,2,4.4064860569207775
35,1011,925,2,2.223898532891128
35,973,850,15,6.608947508553885
35,1187,1105,1,4.4040530489389695
35,1232,925,3,9.649241749541863
35,1105,1011,2,7.92275625179966
35,1058,967,2,5.247679923034634
35,928,834,1,7.925847526229188
35,579,794,1,5.55974633222762
35,850,1011,1,11.365584452473476
35,714,967,1,8.192867163522228
35,579,464,1,13.736208219113248
35,873,1105,1,17.09113028720051
35,834,794,3,3.0622624863494035
35,928,873,1,11.464626189279452
35,794,973,1,8.005758424200978
35,579,856,1,19.267312298612403
35,1232,1140,1,6.119741485129188
35,873,1004,1,3.839767699909918
35,1213,1232,1,18.052391004569408
35,834,1004,2,4.837273690103386
35,402,579,1,6.514036981260467
35,783,172,1,17.768672451070774
35,783,925,1,12.804913262721543
35,783,794,2,10.46245949147104
35,783,834,1,7.689481736045675
35,783,1004,1,7.966246489389644
35,783,1105,1,21.4299278250006
36,925,967,6,1.4630157462730349
36,834,783,3,7.689481736045675
36,967,1011,6,1.4629503400136323
36,1004,783,4,7.966246489389644
36,873,834,1,3.963116935247085
36,1011,794,17,5.876008831303484
36,1011,850,5,11.365584452473476
36,1105,1011,3,7.92275625179966
36,1011,714,4,8.663428210145675
36,579,850,1,14.052136310094992
36,850,702,3,18.37776366407494
36,1140,1105,1,7.683904782943718
36,850,973,1,6.608947508553885
36,850,1412,4,14.733832640164646
36,1011,783,2,13.554200769268274
36,973,1187,1,5.6404067966465385
36,794,1011,2,5.876008831303484
36,794,967,4,4.548315025166438
36,850,464,3,10.052673626423328
36,850,834,2,15.216513464969486
36,1004,1140,1,7.442778444077659
36,856,1232,1,14.473652063742133
36,525,783,1,6.671695598673383
36,1011,464,1,18.41923278489661
36,1011,928,1,3.6167275925925466
36,783,973,1,17.685208029543023
36,783,834,1,7.689481736045675
36,783,402,1,11.521692668209962
36,783,702,1,5.250413373789177
36,783,850,1,22.85304209922013
36,783,1011,2,13.554200769268274
36,783,1067,1,25.606032905209577
37,702,783,4,5.250413373789177
37,967,834,7,5.059118864445973
37,1232,973,2,6.739053043647001
37,794,928,8,5.8083597500151045
37,794,579,3,5.55974633222762
37,402,873,1,12.378588757843175
37,794,402,2,11.081008814008824
37,928,1187,1,6.739067249150369
37,1011,973,12,4.881725510082577
37,850,783,7,22.85304209922013
37,967,1232,1,9.421989977231084
37,967,850,1,11.888191513854997
37,834,794,4,3.0622624863494035
37,794,1058,1,8.77829027244345
37,1412,783,1,30.014252482424304
37,973,1232,2,6.739053043647001
37,1105,1058,1,3.961184888937906
37,714,172,1,28.11804627144293
37,714,579,1,6.612071581984758
37,794,973,1,8.005758424200978
37,794,702,1,6.125367854472763
37,967,794,1,4.548315025166438
37,1105,1011,1,7.92275625179966
37,973,1140,1,6.509265047797015
37,794,1187,1,11.519003477970214
37,783,794,1,10.46245949147104
37,783,702,1,5.250413373789177
37,714,973,1,6.739138237494938
37,714,1058,1,8.895594131564904
37,1067,1058,1,8.554760866502043
38,928,967,5,3.962344440629368
38,702,783,1,5.250413373789177
38,1011,967,1,1.4629503400136323
38,834,850,5,15.216513464969486
38,1187,1011,1,5.851146926487822
38,873,834,2,3.963116935247085
38,794,925,4,3.8399670029013246
38,579,928,1,10.087254514060623
38,973,925,14,4.882215518422521
38,402,873,1,12.378588757843175
38,928,579,3,10.087254514060623
38,1058,850,2,8.672138339743874
38,579,714,3,6.612071581984758
38,850,783,1,22.85304209922013
38,1140,1232,1,6.119741485129188
38,1232,1067,2,8.002242999882604
38,1058,834,2,10.204580442928409
38,702,973,1,14.048686290771036
38,834,1004,2,4.837273690103386
38,402,1011,1,16.93184038136659
38,1232,402,1,24.47900353233401
38,1004,834,1,4.837273690103386
38,1011,794,1,5.876008831303484
38,783,925,1,12.804913262721543
38,783,794,1,10.46245949147104
38,783,850,1,22.85304209922013
38,783,967,1,12.247362390603268
39,834,783,1,7.689481736045675
39,925,783,15,12.804913262721543
39,873,783,1,4.4064860569207775
39,579,928,1,10.087254514060623
39,928,783,1,15.577087902404868
39,967,1058,3,5.247679923034634
39,850,794,4,12.413971394684204
39,925,1004,2,7.016854369636376
39,1011,1140,1,3.335847799336888
39,794,834,3,3.0622624863494035
39,1067,1011,1,12.40745751794731
39,834,928,2,7.925847526229188
39,714,928,2,5.640508575131163
39,850,1067,3,5.87594370452583
39,850,714,1,7.4471861231509155
39,579,973,1,12.02013346271456
39,973,1105,1,4.388654712140797
39,967,973,4,5.7043821114062
39,850,834,1,15.216513464969486
39,973,967,2,5.7043821114062
39,1004,925,1,7.016854369636376
39,850,925,1,10.694040075602611
39,402,928,1,16.388066195777938
39,1004,928,1,9.763940751913996
39,579,1187,1,16.57993448038173
39,1011,928,1,3.6167275925925466
39,783,973,1,17.685208029543023
39,783,794,1,10.46245949147104
39,783,402,1,11.521692668209962
39,783,928,1,15.577087902404868
39,783,967,1,12.247362390603268
39,714,783,1,16.323166899192785
39,1067,928,1,10.07507435147502
40,967,783,1,12.247362390603268
40,928,973,7,2.202808837490146
40,1058,1105,1,3.961184888937906
40,794,925,6,3.8399670029013246
40,1067,783,2,25.606032905209577
40,834,925,6,5.249047199856985
40,1187,1105,1,4.4040530489389695
40,967,1058,1,5.247679923034634
40,973,928,4,2.202808837490146
40,925,1058,2,5.058513634802797
40,1058,794,1,8.77829027244345
40,1232,1105,1,3.8392690799482057
40,1067,1232,1,8.002242999882604
40,928,1140,1,6.2484548670441855
40,1105,928,1,6.509632645551289
40,1058,783,1,17.486864213198086
40,1004,1213,1,7.964083694664586
40,973,1232,1,6.739053043647001
40,1004,794,1,7.315405465360834
40,925,579,1,9.096756146766438
40,1140,794,1,9.096545861200513
40,1187,783,2,19.009124176326512
40,1140,1478,1,10.56486642729493
40,925,1187,1,7.6790367656671
40,464,973,1,14.912840443208973
40,464,928,1,14.930631823982267
40,402,702,1,7.84160901068824
40,1011,850,1,11.365584452473476
40,783,973,1,17.685208029543023
40,783,928,1,15.577087902404868
40,783,702,1,5.250413373789177
40,783,1058,1,17.486864213198086
40,783,850,1,22.85304209922013
40,783,1011,1,13.554200769268274
40,783,1067,1,25.606032905209577
40,714,1058,1,8.895594131564904
41,928,925,1,2.8524929798341074
41,1058,973,4,2.41855773034487
41,1232,973,2,6.739053043647001
41,702,925,2,9.423506251261468
41,1067,1187,1,9.180879404297018
41,973,794,6,8.005758424200978
41,928,850,8,7.925847526229188
41,1140,1004,1,7.442778444077659
41,925,794,11,3.8399670029013246
41,1011,402,1,16.93184038136659
41,1105,928,1,6.509632645551289
41,973,1187,2,5.6404067966465385
41,973,856,1,11.88819151385629
41,794,967,1,4.548315025166438
41,850,1213,1,24.912341119523507
41,1105,1011,1,7.92275625179966
41,794,702,1,6.125367854472763
41,850,794,1,12.413971394684204
41,967,1058,1,5.247679923034634
41,783,925,1,12.804913262721543
41,783,464,1,25.397194471986413
41,783,928,1,15.577087902404868
41,783,702,1,5.250413373789177
41,783,850,1,22.85304209922013
41,783,579,2,11.850386463154225
41,783,1011,2,13.554200769268274
41,783,967,1,12.247362390603268
42,967,928,2,3.962344440629368
42,794,783,13,10.46245949147104
42,1011,925,2,2.223898532891128
42,1058,1187,2,3.335847799336888
42,579,1140,1,14.579929042333728
42,1187,1140,2,3.960411314814771
42,925,850,3,10.694040075602611
42,702,925,2,9.423506251261468
42,973,783,4,17.685208029543023
42,850,928,7,7.925847526229188
42,579,967,1,10.052645101539124
42,925,702,2,9.423506251261468
42,973,714,3,6.739138237494938
42,1213,928,1,17.083849184069507
42,1187,928,2,6.739067249150369
42,928,794,2,5.8083597500151045
42,794,873,2,7.018858162934119
42,1011,1067,1,12.40745751794731
42,794,1004,1,7.315405465360834
42,1004,928,1,9.763940751913996
42,1213,1140,1,12.551534849108323
42,579,402,1,6.514036981260467
42,1105,1011,1,7.92275625179966
42,402,794,1,11.081008814008824
42,783,1232,1,21.210313956402903
42,783,873,1,4.4064860569207775
42,783,973,1,17.685208029543023
42,783,794,2,10.46245949147104
42,783,834,2,7.689481736045675
42,783,702,1,5.250413373789177
42,783,1399,1,20.47900955025097
42,783,1213,1,11.11949266445603
42,783,967,1,12.247362390603268
43,928,967,1,3.962344440629368
43,1213,873,1,9.674072372960078
43,1232,1187,1,2.2017655762295663
43,925,834,4,5.249047199856985
43,702,925,2,9.423506251261468
43,1067,1187,1,9.180879404297018
43,714,850,2,7.4471861231509155
43,850,928,4,7.925847526229188
43,928,834,7,7.925847526229188
43,1399,1058,1,9.34110519027368
43,1140,1058,3,4.404400893299181
43,794,1140,3,9.096545861200513
43,873,702,1,4.548357078342699
43,834,714,2,9.18763012440511
43,967,1140,1,4.548230871686798
43,794,928,4,5.8083597500151045
43,973,873,1,13.496121499721363
43,928,579,2,10.087254514060623
43,967,1004,1,5.811450880513226
43,794,702,1,6.125367854472763
43,856,1412,1,14.733832640164646
43,783,928,2,15.577087902404868
43,783,1011,1,13.554200769268274
43,783,1187,1,19.009124176326512
44,928,973,12,2.202808837490146
44,579,783,1,11.850386463154225
44,873,783,1,4.4064860569207775
44,1058,973,4,2.41855773034487
44,834,702,7,4.389831624444016
44,714,1011,1,8.663428210145675
44,873,925,2,8.629868015705554
44,1187,1399,3,6.247627185540738
44,834,1105,3,14.045233535461502
44,925,402,1,14.913154476154167
44,579,834,1,7.256503514219511
44,1140,928,3,6.2484548670441855
44,714,1187,1,12.231441930901791
44,1011,973,2,4.881725510082577
44,925,1213,1,14.603468927185563
44,1004,1058,1,10.515329624384115
44,714,973,1,6.739138237494938
44,1140,834,2,9.120303414799448
44,702,579,1,6.612071581984758
44,850,925,1,10.694040075602611
44,402,579,1,6.514036981260467
44,850,464,1,10.052673626423328
44,702,1004,1,7.841523685223605
44,1004,834,1,4.837273690103386
44,1478,967,1,14.163846735607535
44,783,1004,1,7.966246489389644
44,783,1011,1,13.554200769268274
44,967,794,1,4.548315025166438
45,925,967,3,1.4630157462730349
45,967,783,1,12.247362390603268
45,1011,1058,2,3.961571514117998
45,1004,783,1,7.966246489389644
45,1058,1187,1,3.335847799336888
45,402,783,1,11.521692668209962
45,1399,1140,1,6.738996195578808
45,1187,1105,3,4.4040530489389695
45,1399,1187,1,6.247627185540738
45,1213,1011,1,13.548232944538976
45,702,834,5,4.389831624444016
45,973,834,10,10.076973504527178
45,579,794,1,5.55974633222762
45,973,1067,4,7.92352939429049
45,834,967,2,5.059118864445973
45,928,794,4,5.8083597500151045
45,794,1105,1,12.287533860803824
45,702,525,1,6.512937082064592
45,1105,1058,1,3.961184888937906
45,1105,928,1,6.509632645551289
45,1105,967,1,9.182568470632535
45,702,1105,1,18.21042691241635
45,873,794,1,7.018858162934119
45,702,402,1,7.84160901068824
45,783,464,1,25.397194471986413
45,783,834,1,7.689481736045675
45,783,928,1,15.577087902404868
45,783,702,1,5.250413373789177
45,783,1058,1,17.486864213198086
45,783,1213,1,11.11949266445603
45,783,579,1,11.850386463154225
46,1140,783,1,15.22789003823726
46,579,783,1,11.850386463154225
46,1058,1105,4,3.961184888937906
46,1067,783,1,25.606032905209577
46,1105,1232,5,3.8392690799482057
46,834,1011,11,6.510367578384317
46,967,1187,3,7.314097191827283
46,1213,973,1,18.36260104007094
46,834,1058,3,10.204580442928409
46,834,967,5,5.059118864445973
46,1187,967,2,7.314097191827283
46,1011,402,1,16.93184038136659
46,794,579,4,5.55974633222762
46,702,928,1,11.847457656626572
46,850,856,1,5.706192977163574
46,973,1105,4,4.388654712140797
46,928,1187,2,6.739067249150369
46,1399,1232,1,6.507057624431
46,1004,967,1,5.811450880513226
46,783,925,1,12.804913262721543
46,783,794,2,10.46245949147104
46,783,402,1,11.521692668209962
46,783,928,3,15.577087902404868
46,783,1058,1,17.486864213198086
46,783,525,2,6.671695598673383
46,783,1213,1,11.11949266445603
46,783,579,1,11.850386463154225
46,783,1011,1,13.554200769268274
46,967,794,1,4.548315025166438
47,967,783,4,12.247362390603268
47,579,783,1,11.850386463154225
47,1058,1232,4,4.83687793721146
47,794,925,4,3.8399670029013246
47,1187,1232,4,2.2017655762295663
47,925,834,1,5.249047199856985
47,402,783,1,11.521692668209962
47,1105,1232,8,3.8392690799482057
47,967,714,1,8.192867163522228
47,1213,1011,1,13.548232944538976
47,579,794,5,5.55974633222762
47,1232,1105,5,3.8392690799482057
47,973,850,2,6.608947508553885
47,928,1213,1,17.083849184069507
47,1011,928,12,3.6167275925925466
47,928,1105,3,6.509632645551289
47,1067,873,1,21.383746569034415
47,783,928,1,15.577087902404868
48,928,1058,3,3.468670210314232
48,794,783,5,10.46245949147104
48,1232,783,10,21.210313956402903
48,1213,873,1,9.674072372960078
48,1067,850,2,5.87594370452583
48,925,834,4,5.249047199856985
48,1105,1232,6,3.8392690799482057
48,928,714,6,5.640508575131163
48,928,464,1,14.930631823982267
48,967,1140,2,4.548230871686798
48,1011,1004,1,6.654407802707156
48,928,1140,3,6.2484548670441855
48,834,1232,1,14.473652063742133
48,850,1067,2,5.87594370452583
48,967,1105,1,9.182568470632535
48,402,783,2,11.521692668209962
48,967,714,1,8.192867163522228
49,967,925,1,1.4630157462730349
49,1140,783,3,15.22789003823726
49,1232,1187,4,2.2017655762295663
49,1058,928,3,3.468670210314232
49,1105,1232,2,3.8392690799482057
49,714,1011,3,8.663428210145675
49,873,928,1,11.464626189279452
49,1232,967,1,9.421989977231084
49,834,579,2,7.256503514219511
49,1232,1140,3,6.119741485129188
49,850,1067,1,5.87594370452583
49,714,850,1,7.4471861231509155
49,714,928,1,5.640508575131163
49,714,1067,1,12.344128539882757
49,1067,783,1,25.606032905209577
49,1232,1412,1,8.805321213797965
49,1187,794,1,11.519003477970214
49,1232,925,1,9.649241749541863
49,794,714,1,6.125367854472763
49,1004,967,1,5.811450880513226
49,783,1058,1,17.486864213198086
50,925,967,2,1.4630157462730349
50,928,1058,5,3.468670210314232
50,1058,1011,1,3.961571514117998
50,967,1011,1,1.4629503400136323
50,1011,1187,3,5.851146926487822
50,1067,1187,1,9.180879404297018
50,1187,973,4,5.6404067966465385
50,1140,1232,5,6.119741485129188
50,1232,1058,2,4.83687793721146
50,1232,1011,2,7.964083694664586
50,850,1232,2,11.078851145692578
50,579,402,1,6.514036981260467
50,579,714,1,6.612071581984758
50,967,402,1,15.541607685822626
50,873,928,1,11.464626189279452
50,714,1232,1,13.478191227023236
50,1232,1399,1,6.507057624431
50,714,928,1,5.640508575131163
51,928,925,1,2.8524929798341074
51,1058,1011,2,3.961571514117998
51,1011,925,3,2.223898532891128
51,1067,973,1,7.92352939429049
51,1187,1232,4,2.2017655762295663
51,1058,967,4,5.247679923034634
51,834,1140,2,9.120303414799448
51,1232,928,5,8.28950012214804
51,967,579,1,10.052645101539124
51,973,834,1,10.076973504527178
51,973,1399,1,11.751170313633397
51,402,525,1,6.614151574587493
51,973,1105,2,4.388654712140797
51,856,1213,1,30.22236061349024
51,1105,714,1,10.705966675098557
51,714,1011,1,8.663428210145675
52,925,967,3,1.4630157462730349
52,967,783,3,12.247362390603268
52,1058,1232,1,4.83687793721146
52,1140,925,1,5.559746332228015
52,1105,1232,1,3.8392690799482057
52,1011,525,3,17.39283322509588
52,1232,1058,6,4.83687793721146
52,928,794,3,5.8083597500151045
52,973,1187,1,5.6404067966465385
52,794,702,1,6.125367854472763
52,1399,1478,1,7.009492875361758
52,834,1232,1,14.473652063742133
52,1067,1011,1,12.40745751794731
52,1232,928,1,8.28950012214804
52,402,928,1,16.388066195777938
52,1399,1232,1,6.507057624431
52,1105,1399,1,10.237902514270164
53,928,967,4,3.962344440629368
53,794,783,2,10.46245949147104
53,1213,783,1,11.11949266445603
53,1187,1232,1,2.2017655762295663
53,925,834,1,5.249047199856985
53,1058,928,4,3.468670210314232
53,1399,1140,1,6.738996195578808
53,1232,1105,4,3.8392690799482057
53,967,702,2,9.424975322198348
53,1011,928,2,3.6167275925925466
53,1058,850,1,8.672138339743874
53,967,873,2,7.925075031537542
53,702,402,1,7.84160901068824
54,928,973,7,2.202808837490146
54,579,783,1,11.850386463154225
54,1058,1011,1,3.961571514117998
54,967,834,1,5.059118864445973
54,925,834,1,5.249047199856985
54,1105,1232,1,3.8392690799482057
54,702,1011,1,10.884143023519666
54,873,1004,1,3.839767699909918
54,794,928,1,5.8083597500151045
54,1140,928,2,6.2484548670441855
54,702,794,1,6.125367854472763
55,967,928,4,3.962344440629368
55,794,925,1,3.8399670029013246
55,1011,1187,2,5.851146926487822
55,973,1058,2,2.41855773034487
55,850,973,1,6.608947508553885
55,873,702,1,4.548357078342699
55,834,873,3,3.963116935247085
55,973,873,1,13.496121499721363
55,973,967,2,5.7043821114062
55,402,579,1,6.514036981260467
55,928,834,1,7.925847526229188
55,1232,783,1,21.210313956402903
55,928,1187,1,6.739067249150369
55,1232,834,1,14.473652063742133
56,925,967,1,1.4630157462730349
56,928,967,3,3.962344440629368
56,1058,1187,1,3.335847799336888
56,1187,1058,2,3.335847799336888
56,834,1011,1,6.510367578384317
56,873,702,2,4.548357078342699
56,973,1140,2,6.509265047797015
56,1058,1213,1,16.75664673959281
56,1004,967,1,5.811450880513226
56,1232,714,1,13.478191227023236
57,702,873,2,4.548357078342699
57,1058,1011,1,3.961571514117998
57,967,834,5,5.059118864445973
57,1187,1011,2,5.851146926487822
57,834,925,1,5.249047199856985
57,1140,1187,1,3.960411314814771
57,873,702,1,4.548357078342699
57,928,1004,2,9.763940751913996
58,579,783,1,11.850386463154225
58,873,834,2,3.963116935247085
58,1213,783,1,11.11949266445603
58,1011,1187,3,5.851146926487822
58,1140,1011,1,3.335847799336888
58,702,834,2,4.389831624444016
58,834,873,2,3.963116935247085
58,967,1105,1,9.182568470632535
58,973,873,1,13.496121499721363
58,967,834,1,5.059118864445973
58,1412,783,1,30.014252482424304
59,925,1011,1,2.223898532891128
59,873,783,1,4.4064860569207775
59,1058,925,1,5.058513634802797
59,1187,1140,4,3.960411314814771
59,834,873,7,3.963116935247085
59,873,1004,1,3.839767699909918
59,1011,973,1,4.881725510082577
59,1004,1011,1,6.654407802707156
59,525,783,1,6.671695598673383
59,1105,783,1,21.4299278250006
59,714,783,1,16.323166899192785
59,1412,783,1,30.014252482424304
60,873,783,5,4.4064860569207775
60,1140,1004,1,7.442778444077659
60,973,925,1,4.882215518422521
60,1140,794,1,9.096545861200513
60,1140,1399,1,6.738996195578808
60,1011,834,2,6.510367578384317
60,1004,1213,1,7.964083694664586
60,1478,783,1,18.994191672564124
60,525,783,5,6.671695598673383
60,200,464,1,8.783774420135625
60,1105,1011,2,7.92275625179966
61,1004,783,1,7.966246489389644
61,873,834,4,3.963116935247085
61,1011,1187,3,5.851146926487822
61,834,1011,1,6.510367578384317
61,925,1067,1,12.80112469343922
61,1140,794,1,9.096545861200513
61,1004,1058,1,10.515329624384115
61,464,783,1,25.397194471986413
61,1478,783,1,18.994191672564124
61,1412,783,1,30.014252482424304
62,925,1011,1,2.223898532891128
62,1213,783,1,11.11949266445603
62,1067,850,1,5.87594370452583
62,1187,925,2,7.6790367656671
62,834,973,1,10.076973504527178
62,794,579,1,5.55974633222762
62,1105,1058,1,3.961184888937906
62,172,850,1,35.56283988223624
62,783,834,1,7.689481736045675
62,714,928,1,5.640508575131163
62,1412,973,1,14.027846499005278
63,928,1058,1,3.468670210314232
63,1011,925,2,2.223898532891128
63,834,1011,3,6.510367578384317
63,834,928,2,7.925847526229188
63,1187,1004,1,11.361508124700526
63,973,856,1,11.88819151385629
63,925,1105,2,8.810192302561815
63,850,856,1,5.706192977163574
63,1058,783,1,17.486864213198086
63,1399,1105,1,10.237902514270164
63,1058,834,1,10.204580442928409
63,525,783,2,6.671695598673383
63,783,702,1,5.250413373789177
64,928,1058,2,3.468670210314232
64,1058,1232,1,4.83687793721146
64,925,834,1,5.249047199856985
64,1011,1105,2,7.92275625179966
64,702,925,1,9.423506251261468
64,856,783,2,28.55412357877098
64,1105,925,1,8.810192302561815
64,1105,973,1,4.388654712140797
64,794,873,1,7.018858162934119
64,464,850,1,10.052673626423328
64,834,1011,1,6.510367578384317
64,525,783,1,6.671695598673383
64,1105,1232,1,3.8392690799482057
64,783,925,1,12.804913262721543
64,783,794,1,10.46245949147104
64,783,834,1,7.689481736045675
64,783,702,1,5.250413373789177
64,714,850,1,7.4471861231509155
65,1011,967,2,1.4629503400136323
65,834,1004,1,4.837273690103386
65,834,928,2,7.925847526229188
65,925,794,4,3.8399670029013246
65,794,1140,1,9.096545861200513
65,702,928,1,11.847457656626572
65,1105,714,1,10.705966675098557
65,973,856,1,11.88819151385629
65,579,973,1,12.02013346271456
65,850,928,1,7.925847526229188
65,850,794,1,12.413971394684204
65,850,1232,1,11.078851145692578
65,973,1412,1,14.027846499005278
65,1004,834,1,4.837273690103386
65,172,783,1,17.768672451070774
65,1232,928,1,8.28950012214804
65,464,928,1,14.930631823982267
65,1412,850,1,14.733832640164646
66,794,783,3,10.46245949147104
66,850,973,1,6.608947508553885
66,873,702,1,4.548357078342699
66,928,1067,2,10.07507435147502
66,928,850,2,7.925847526229188
66,1140,834,1,9.120303414799448
66,967,850,1,11.888191513854997
66,794,973,1,8.005758424200978
66,714,973,1,6.739138237494938
66,1004,1478,1,12.268284911360968
66,1105,1232,1,3.8392690799482057
66,525,783,1,6.671695598673383
66,783,925,3,12.804913262721543
66,783,928,1,15.577087902404868
66,783,1213,1,11.11949266445603
66,783,967,1,12.247362390603268
67,925,1011,3,2.223898532891128
67,1058,973,1,2.41855773034487
67,1213,783,1,11.11949266445603
67,1232,1187,1,2.2017655762295663
67,850,783,2,22.85304209922013
67,973,579,2,12.02013346271456
67,834,928,2,7.925847526229188
67,1067,783,1,25.606032905209577
67,928,834,1,7.925847526229188
67,973,967,1,5.7043821114062
67,1232,1011,1,7.964083694664586
67,967,834,2,5.059118864445973
67,1478,1187,1,12.280518083533188
67,1067,1412,1,8.946191032118977
67,794,967,1,4.548315025166438
67,702,967,1,9.424975322198348
67,1058,579,1,13.4971193863272
67,525,783,1,6.671695598673383
67,783,834,1,7.689481736045675
67,783,402,1,11.521692668209962
67,783,702,1,5.250413373789177
67,783,525,2,6.671695598673383
67,783,1011,1,13.554200769268274
68,967,928,2,3.962344440629368
68,1011,925,4,2.223898532891128
68,834,702,4,4.389831624444016
68,928,794,3,5.8083597500151045
68,702,794,1,6.125367854472763
68,1232,967,1,9.421989977231084
68,1187,1412,1,11.00708650475215
68,1187,1399,1,6.247627185540738
68,579,834,2,7.256503514219511
68,525,783,1,6.671695598673383
68,856,1140,1,17.938256579680917
68,1412,1187,1,11.00708650475215
68,464,783,1,25.397194471986413
68,402,794,1,11.081008814008824
68,783,973,1,17.685208029543023
68,783,702,1,5.250413373789177
69,925,967,4,1.4630157462730349
69,702,783,1,5.250413373789177
69,702,873,4,4.548357078342699
69,973,1058,2,2.41855773034487
69,794,834,4,3.0622624863494035
69,973,1232,1,6.739053043647001
69,928,714,1,5.640508575131163
69,1011,834,1,6.510367578384317
69,834,1187,1,12.342244898446324
69,967,973,1,5.7043821114062
69,1187,928,1,6.739067249150369
69,834,856,1,20.92270438869305
69,1412,783,1,30.014252482424304
70,834,783,3,7.689481736045675
70,928,973,3,2.202808837490146
70,967,1011,1,1.4629503400136323
70,1058,1187,2,3.335847799336888
70,1187,973,1,5.6404067966465385
70,967,1004,4,5.811450880513226
70,873,967,3,7.925075031537542
70,856,1058,1,13.553007848447455
70,1399,967,1,11.280728646716137
70,850,579,1,14.052136310094992
70,794,1105,1,12.287533860803824
70,579,402,1,6.514036981260467
70,783,834,1,7.689481736045675
70,783,928,1,15.577087902404868
70,783,579,1,11.850386463154225
71,928,1058,1,3.468670210314232
71,1004,783,3,7.966246489389644
71,1187,1011,2,5.851146926487822
71,973,1011,5,4.881725510082577
71,967,1140,3,4.548230871686798
71,1011,834,1,6.510367578384317
71,834,525,2,10.886391578093734
71,1140,714,1,11.751952287542252
71,1058,967,1,5.247679923034634
71,834,1011,1,6.510367578384317
71,1232,794,1,13.471439449058977
71,579,834,2,7.256503514219511
71,783,464,1,25.397194471986413
71,783,834,1,7.689481736045675
71,783,402,1,11.521692668209962
71,783,928,1,15.577087902404868
71,783,702,1,5.250413373789177
71,783,1011,2,13.554200769268274
71,714,967,1,8.192867163522228
72,1140,925,3,5.559746332228015
72,1011,1187,7,5.851146926487822
72,873,925,1,8.629868015705554
72,1105,928,1,6.509632645551289
72,834,1067,1,17.994484200739958
72,834,1058,1,10.204580442928409
72,1004,925,1,7.016854369636376
72,1058,967,1,5.247679923034634
72,834,1140,1,9.120303414799448
72,402,702,1,7.84160901068824
72,702,402,1,7.84160901068824
72,928,1067,1,10.07507435147502
72,525,783,1,6.671695598673383
72,783,973,2,17.685208029543023
72,783,525,1,6.671695598673383
72,783,1011,1,13.554200769268274
73,967,925,4,1.4630157462730349
73,1187,925,5,7.6790367656671
73,973,1187,2,5.6404067966465385
73,402,579,1,6.514036981260467
73,1067,1187,2,9.180879404297018
73,702,1058,1,14.468812957232682
73,1140,973,1,6.509265047797015
73,1011,850,2,11.365584452473476
73,1058,783,1,17.486864213198086
73,925,794,4,3.8399670029013246
73,402,850,1,20.42053788159492
73,464,850,1,10.052673626423328
73,783,925,1,12.804913262721543
73,783,873,1,4.4064860569207775
73,783,973,1,17.685208029543023
73,783,794,3,10.46245949147104
73,783,834,1,7.689481736045675
73,783,928,1,15.577087902404868
73,783,1004,1,7.966246489389644
74,928,973,2,2.202808837490146
74,794,925,1,3.8399670029013246
74,925,1058,10,5.058513634802797
74,834,402,2,11.281169605088646
74,973,1004,2,11.462222395062687
74,794,1058,2,8.77829027244345
74,1187,783,4,19.009124176326512
74,873,1011,1,9.1842566129722
74,794,579,2,5.55974633222762
74,1004,834,1,4.837273690103386
74,850,1412,1,14.733832640164646
74,794,1011,1,5.876008831303484
74,1011,794,2,5.876008831303484
74,1058,834,1,10.204580442928409
74,794,1004,1,7.315405465360834
74,850,928,1,7.925847526229188
74,1187,1399,1,6.247627185540738
74,579,967,1,10.052645101539124
74,525,783,1,6.671695598673383
74,783,794,1,10.46245949147104
74,783,834,1,7.689481736045675
74,783,579,1,11.850386463154225
74,783,1011,1,13.554200769268274
74,714,464,1,10.122771228736514
75,925,1011,2,2.223898532891128
75,579,783,3,11.850386463154225
75,1011,925,2,2.223898532891128
75,794,925,4,3.8399670029013246
75,1058,928,9,3.468670210314232
75,1187,973,1,5.6404067966465385
75,928,1478,1,16.795429231201826
75,834,873,3,3.963116935247085
75,1058,850,1,8.672138339743874
75,1011,856,1,16.764898582516587
75,1004,1478,2,12.268284911360968
75,967,1399,1,11.280728646716137
75,402,834,1,11.281169605088646
75,973,1232,2,6.739053043647001
75,464,928,1,14.930631823982267
75,783,925,2,12.804913262721543
75,783,973,3,17.685208029543023
75,783,834,1,7.689481736045675
75,783,402,1,11.521692668209962
75,783,928,1,15.577087902404868
75,783,702,1,5.250413373789177
75,783,525,1,6.671695598673383
75,783,579,1,11.850386463154225
75,783,1011,1,13.554200769268274
76,925,1011,8,2.223898532891128
76,873,834,3,3.963116935247085
76,834,925,2,5.249047199856985
76,973,1058,4,2.41855773034487
76,1011,928,3,3.6167275925925466
76,928,1140,4,6.2484548670441855
76,928,702,3,11.847457656626572
76,928,1187,2,6.739067249150369
76,402,783,1,11.521692668209962
76,1399,1187,2,6.247627185540738
76,579,794,1,5.55974633222762
76,1478,783,2,18.994191672564124
76,856,850,1,5.706192977163574
76,1058,967,2,5.247679923034634
76,702,850,1,18.37776366407494
76,1004,1011,1,6.654407802707156
76,928,834,2,7.925847526229188
76,850,967,2,11.888191513854997
76,1232,1399,1,6.507057624431
76,783,925,3,12.804913262721543
76,783,1232,1,21.210313956402903
76,783,973,1,17.685208029543023
76,783,834,1,7.689481736045675
76,783,928,1,15.577087902404868
76,783,702,2,5.250413373789177
76,783,525,1,6.671695598673383
76,783,1011,1,13.554200769268274
76,783,967,1,12.247362390603268
76,1412,973,1,14.027846499005278
77,967,928,1,3.962344440629368
77,1187,1058,4,3.335847799336888
77,925,850,5,10.694040075602611
77,1058,928,2,3.468670210314232
77,973,783,1,17.685208029543023
77,1140,1187,3,3.960411314814771
77,834,973,4,10.076973504527178
77,702,834,5,4.389831624444016
77,973,1478,1,16.94926120721475
77,794,402,1,11.081008814008824
77,402,925,1,14.913154476154167
77,1011,1105,2,7.92275625179966
77,1232,850,1,11.078851145692578
77,1011,850,4,11.365584452473476
77,1140,1399,1,6.738996195578808
77,928,402,2,16.388066195777938
77,928,1105,2,6.509632645551289
77,1058,850,1,8.672138339743874
77,1399,1232,1,6.507057624431
77,850,925,2,10.694040075602611
77,525,783,1,6.671695598673383
77,1011,1399,1,10.052549905308156
77,783,925,2,12.804913262721543
77,783,834,2,7.689481736045675
77,783,402,1,11.521692668209962
77,783,928,2,15.577087902404868
77,783,702,1,5.250413373789177
77,783,1004,1,7.966246489389644
77,783,850,1,22.85304209922013
77,783,967,1,12.247362390603268
78,925,783,3,12.804913262721543
78,1004,783,1,7.966246489389644
78,1058,973,2,2.41855773034487
78,1187,925,1,7.6790367656671
78,834,794,9,3.0622624863494035
78,928,1011,5,3.6167275925925466
78,973,1140,4,6.509265047797015
78,1187,1004,2,11.361508124700526
78,1105,783,3,21.4299278250006
78,1399,1011,1,10.052549905308156
78,1058,702,1,14.468812957232682
78,402,925,2,14.913154476154167
78,1058,873,1,13.135447383238883
78,1011,794,1,5.876008831303484
78,1232,925,1,9.649241749541863
78,850,1105,2,7.255791794533394
78,967,834,5,5.059118864445973
78,702,794,1,6.125367854472763
78,850,856,3,5.706192977163574
78,850,928,5,7.925847526229188
78,402,834,1,11.281169605088646
78,402,973,1,18.419980035084063
78,850,1058,2,8.672138339743874
78,1011,850,1,11.365584452473476
78,850,925,1,10.694040075602611
78,783,973,1,17.685208029543023
78,783,834,1,7.689481736045675
78,783,402,1,11.521692668209962
78,783,702,2,5.250413373789177
78,783,1004,1,7.966246489389644
78,783,850,1,22.85304209922013
78,783,579,1,11.850386463154225
79,925,783,5,12.804913262721543
79,1058,1105,1,3.961184888937906
79,973,702,3,14.048686290771036
79,1011,1140,4,3.335847799336888
79,794,834,10,3.0622624863494035
79,702,1011,2,10.884143023519666
79,928,1011,4,3.6167275925925466
79,834,402,1,11.281169605088646
79,1140,834,3,9.120303414799448
79,1011,873,2,9.1842566129722
79,834,850,2,15.216513464969486
79,856,850,1,5.706192977163574
79,1004,1478,2,12.268284911360968
79,1058,967,2,5.247679923034634
79,1105,1232,2,3.8392690799482057
79,856,1011,2,16.764898582516587
79,850,702,1,18.37776366407494
79,1232,967,1,9.421989977231084
79,1140,1004,1,7.442778444077659
79,1011,402,1,16.93184038136659
79,928,1412,1,16.089571776562533
79,973,1232,1,6.739053043647001
79,579,714,1,6.612071581984758
79,402,702,1,7.84160901068824
79,702,967,1,9.424975322198348
79,464,1105,1,17.107687775979528
79,1004,925,1,7.016854369636376
79,525,702,1,6.512937082064592
79,200,783,1,23.862165274375425
79,783,873,1,4.4064860569207775
79,783,1140,1,15.22789003823726
79,783,794,2,10.46245949147104
79,783,579,1,11.850386463154225
79,783,1011,3,13.554200769268274
80,967,925,4,1.4630157462730349
80,1011,1058,11,3.961571514117998
80,873,834,1,3.963116935247085
80,834,925,6,5.249047199856985
80,850,1011,3,11.365584452473476
80,702,925,3,9.423506251261468
80,402,783,1,11.521692668209962
80,873,1011,1,9.1842566129722
80,1399,1187,1,6.247627185540738
80,1105,783,2,21.4299278250006
80,1140,973,3,6.509265047797015
80,1232,1058,3,4.83687793721146
80,1140,1232,2,6.119741485129188
80,834,1011,11,6.510367578384317
80,1004,928,1,9.763940751913996
80,702,1213,1,14.16486062369625
80,925,1004,1,7.016854369636376
80,873,856,1,24.750513902772017
80,714,783,1,16.323166899192785
80,702,973,1,14.048686290771036
80,579,402,1,6.514036981260467
80,925,1478,1,15.538947915471203
80,794,1011,3,5.876008831303484
80,702,873,1,4.548357078342699
80,783,973,2,17.685208029543023
80,783,1140,1,15.22789003823726
80,783,794,1,10.46245949147104
80,783,834,2,7.689481736045675
80,783,402,1,11.521692668209962
80,783,702,1,5.250413373789177
80,783,1004,1,7.966246489389644
80,783,1058,1,17.486864213198086
80,783,1213,1,11.11949266445603
80,783,1011,1,13.554200769268274
80,783,1412,1,30.014252482424304
81,702,783,1,5.250413373789177
81,1058,1187,15,3.335847799336888
81,1213,783,1,11.11949266445603
81,1011,928,17,3.6167275925925466
81,873,928,2,11.464626189279452
81,1232,1058,2,4.83687793721146
81,1140,1232,1,6.119741485129188
81,1004,928,1,9.763940751913996
81,1004,1011,1,6.654407802707156
81,973,579,2,12.02013346271456
81,925,794,13,3.8399670029013246
81,402,794,1,11.081008814008824
81,794,967,1,4.548315025166438
81,856,973,1,11.88819151385629
81,850,464,1,10.052673626423328
81,928,1067,1,10.07507435147502
81,973,1187,3,5.6404067966465385
81,1213,1187,1,16.19122385834084
81,402,834,1,11.281169605088646
81,1105,783,1,21.4299278250006
81,402,579,1,6.514036981260467
81,973,856,1,11.88819151385629
81,834,1004,3,4.837273690103386
81,783,1232,1,21.210313956402903
81,783,973,1,17.685208029543023
81,783,928,1,15.577087902404868
81,783,1058,1,17.486864213198086
81,783,1011,1,13.554200769268274
81,783,967,1,12.247362390603268
82,794,783,9,10.46245949147104
82,1187,1058,6,3.335847799336888
82,1058,1232,3,4.83687793721146
82,1187,973,14,5.6404067966465385
82,928,1004,1,9.763940751913996
82,1004,834,1,4.837273690103386
82,928,850,7,7.925847526229188
82,928,834,7,7.925847526229188
82,967,1105,1,9.182568470632535
82,579,925,2,9.096756146766438
82,1011,1187,2,5.851146926487822
82,794,850,2,12.413971394684204
82,973,1232,2,6.739053043647001
82,967,1412,1,18.077677705068957
82,1232,834,1,14.473652063742133
82,1232,1213,1,18.052391004569408
82,834,402,1,11.281169605088646
82,794,1140,2,9.096545861200513
82,1004,794,1,7.315405465360834
82,1004,967,1,5.811450880513226
82,783,794,1,10.46245949147104
82,783,525,2,6.671695598673383
82,783,1011,2,13.554200769268274
83,928,967,6,3.962344440629368
83,834,783,9,7.689481736045675
83,925,973,3,4.882215518422521
83,1004,783,1,7.966246489389644
83,1058,973,4,2.41855773034487
83,1213,783,1,11.11949266445603
83,973,1058,2,2.41855773034487
83,1140,1058,1,4.404400893299181
83,850,714,5,7.4471861231509155
83,1232,783,1,21.210313956402903
83,402,783,1,11.521692668209962
83,1187,783,1,19.009124176326512
83,973,794,11,8.005758424200978
83,1232,925,3,9.649241749541863
83,1105,850,1,7.255791794533394
83,1011,1004,1,6.654407802707156
83,1011,714,2,8.663428210145675
83,850,1067,2,5.87594370452583
83,1058,850,1,8.672138339743874
83,1058,873,1,13.135447383238883
83,794,579,2,5.55974633222762
83,850,925,1,10.694040075602611
83,967,714,1,8.192867163522228
83,850,1232,1,11.078851145692578
83,1187,1067,1,9.180879404297018
83,794,402,1,11.081008814008824
83,783,925,4,12.804913262721543
83,783,873,2,4.4064860569207775
83,783,794,1,10.46245949147104
83,783,702,1,5.250413373789177
83,783,1058,1,17.486864213198086
83,783,850,1,22.85304209922013
84,967,925,5,1.4630157462730349
84,1058,925,3,5.058513634802797
84,925,850,8,10.694040075602611
84,1067,850,1,5.87594370452583
84,1232,1105,2,3.8392690799482057
84,794,928,5,5.8083597500151045
84,873,925,3,8.629868015705554
84,714,973,6,6.739138237494938
84,1004,1011,1,6.654407802707156
84,1067,925,1,12.80112469343922
84,973,967,5,5.7043821114062
84,579,850,1,14.052136310094992
84,794,967,5,4.548315025166438
84,714,850,2,7.4471861231509155
84,1011,714,1,8.663428210145675
84,702,402,1,7.84160901068824
84,1067,1011,2,12.40745751794731
84,579,834,2,7.256503514219511
84,794,1004,1,7.315405465360834
84,850,967,1,11.888191513854997
84,973,1140,2,6.509265047797015
84,850,1105,1,7.255791794533394
84,850,1067,1,5.87594370452583
84,783,925,1,12.804913262721543
84,783,973,1,17.685208029543023
84,783,794,2,10.46245949147104
84,783,834,1,7.689481736045675
84,783,850,1,22.85304209922013
84,783,579,1,11.850386463154225
84,783,967,1,12.247362390603268
85,928,1058,2,3.468670210314232
85,967,928,5,3.962344440629368
85,925,834,10,5.249047199856985
85,973,928,5,2.202808837490146
85,850,783,11,22.85304209922013
85,834,794,3,3.0622624863494035
85,1140,1105,3,7.683904782943718
85,1011,1105,2,7.92275625179966
85,856,783,1,28.55412357877098
85,1004,1011,1,6.654407802707156
85,794,973,3,8.005758424200978
85,1105,1187,3,4.4040530489389695
85,714,925,1,6.736742718055863
85,402,794,1,11.081008814008824
85,967,834,3,5.059118864445973
85,928,579,3,10.087254514060623
85,973,714,1,6.739138237494938
85,967,1058,5,5.247679923034634
85,973,856,1,11.88819151385629
85,579,925,1,9.096756146766438
85,783,925,1,12.804913262721543
85,783,794,2,10.46245949147104
85,783,834,2,7.689481736045675
85,783,702,1,5.250413373789177
85,783,579,2,11.850386463154225
85,783,1011,1,13.554200769268274
85,783,1187,1,19.009124176326512
85,1067,856,1,6.736061142864135
86,928,967,9,3.962344440629368
86,794,783,5,10.46245949147104
86,1187,1232,1,2.2017655762295663
86,702,1011,1,10.884143023519666
86,834,794,13,3.0622624863494035
86,973,925,4,4.882215518422521
86,925,873,3,8.629868015705554
86,579,1011,4,11.281034038678854
86,579,794,1,5.55974633222762
86,1105,928,3,6.509632645551289
86,1187,834,1,12.342244898446324
86,856,783,2,28.55412357877098
86,1058,783,6,17.486864213198086
86,1011,579,2,11.281034038678854
86,850,928,2,7.925847526229188
86,928,1067,1,10.07507435147502
86,714,967,1,8.192867163522228
86,402,579,1,6.514036981260467
86,925,714,2,6.736742718055863
86,525,783,1,6.671695598673383
86,783,873,1,4.4064860569207775
86,783,794,1,10.46245949147104
86,783,1004,1,7.966246489389644
87,928,967,3,3.962344440629368
87,967,925,10,1.4630157462730349
87,1058,1105,1,3.961184888937906
87,873,834,3,3.963116935247085
87,925,1058,2,5.058513634802797
87,794,834,14,3.0622624863494035
87,1011,973,4,4.881725510082577
87,1067,783,1,25.606032905209577
87,1232,783,1,21.210313956402903
87,579,794,1,5.55974633222762
87,1004,1478,1,12.268284911360968
87,1187,967,2,7.314097191827283
87,834,1004,3,4.837273690103386
87,925,1067,2,12.80112469343922
87,794,1058,1,8.77829027244345
87,579,873,1,10.243397261423542
87,794,783,1,10.46245949147104
87,925,714,1,6.736742718055863
87,1478,783,1,18.994191672564124
87,1058,1004,1,10.515329624384115
87,783,834,1,7.689481736045675
87,783,1004,1,7.966246489389644
87,783,1213,1,11.11949266445603
87,783,1011,1,13.554200769268274
87,783,967,1,12.247362390603268
87,783,1067,1,25.606032905209577
88,928,967,2,3.962344440629368
88,925,973,10,4.882215518422521
88,967,928,3,3.962344440629368
88,1004,783,2,7.966246489389644
88,873,834,1,3.963116935247085
88,1011,1232,3,7.964083694664586
88,973,928,4,2.202808837490146
88,834,973,12,10.076973504527178
88,1067,783,1,25.606032905209577
88,834,967,6,5.059118864445973
88,714,794,2,6.125367854472763
88,967,1232,1,9.421989977231084
88,1058,794,2,8.77829027244345
88,1105,834,2,14.045233535461502
88,1105,928,1,6.509632645551289
88,794,402,1,11.081008814008824
88,1213,794,1,15.264021951318778
88,783,794,1,10.46245949147104
88,783,702,1,5.250413373789177
88,783,525,1,6.671695598673383
88,783,1011,1,13.554200769268274
88,783,1067,1,25.606032905209577
89,967,925,10,1.4630157462730349
89,1058,1232,1,4.83687793721146
89,973,928,22,2.202808837490146
89,702,834,1,4.389831624444016
89,794,928,4,5.8083597500151045
89,928,873,6,11.464626189279452
89,579,794,1,5.55974633222762
89,1011,1067,1,12.40745751794731
89,1232,1140,4,6.119741485129188
89,1067,1412,1,8.946191032118977
89,928,1004,1,9.763940751913996
89,402,794,1,11.081008814008824
89,714,928,1,5.640508575131163
89,464,928,1,14.930631823982267
89,1004,928,1,9.763940751913996
89,783,928,1,15.577087902404868
89,783,1058,1,17.486864213198086
89,783,525,1,6.671695598673383
89,783,1011,1,13.554200769268274
89,783,1187,1,19.009124176326512
90,925,1011,8,2.223898532891128
90,928,973,29,2.202808837490146
90,1140,1232,2,6.119741485129188
90,1058,834,1,10.204580442928409
90,834,579,3,7.256503514219511
90,873,1004,6,3.839767699909918
90,794,873,1,7.018858162934119
90,1004,873,1,3.839767699909918
90,1187,1004,1,11.361508124700526
90,1011,1412,1,16.64651643490022
90,1067,1011,1,12.40745751794731
90,1067,1105,1,4.880745078525951
90,794,702,2,6.125367854472763
90,1004,834,1,4.837273690103386
90,525,702,1,6.512937082064592
90,783,794,1,10.46245949147104
90,783,402,1,11.521692668209962
90,783,928,1,15.577087902404868
90,783,1105,1,21.4299278250006
90,783,579,1,11.850386463154225
90,783,1011,1,13.554200769268274
91,873,783,2,4.4064860569207775
91,928,783,1,15.577087902404868
91,973,783,5,17.685208029543023
91,973,1011,24,4.881725510082577
91,834,794,1,3.0622624863494035
91,1011,783,3,13.554200769268274
91,702,925,1,9.423506251261468
91,1232,973,2,6.739053043647001
91,1011,834,5,6.510367578384317
91,873,925,1,8.629868015705554
91,579,794,3,5.55974633222762
91,1004,1478,4,12.268284911360968
91,1140,873,1,10.849467604025635
91,1105,702,1,18.21042691241635
91,834,1232,1,14.473652063742133
91,1004,873,4,3.839767699909918
91,794,579,1,5.55974633222762
91,702,873,2,4.548357078342699
91,794,1213,1,15.264021951318778
91,464,1232,1,20.81259910432051
91,464,928,1,14.930631823982267
91,402,925,1,14.913154476154167
91,783,794,1,10.46245949147104
91,783,1004,1,7.966246489389644
91,783,579,1,11.850386463154225
92,928,925,3,2.8524929798341074
92,702,783,1,5.250413373789177
92,873,783,3,4.4064860569207775
92,1004,783,1,7.966246489389644
92,1011,1140,17,3.335847799336888
92,794,834,3,3.0622624863494035
92,925,402,2,14.913154476154167
92,973,925,2,4.882215518422521
92,1011,928,8,3.6167275925925466
92,1105,973,1,4.388654712140797
92,834,850,4,15.216513464969486
92,1232,1067,2,8.002242999882604
92,579,702,1,6.612071581984758
92,794,1011,1,5.876008831303484
92,579,1011,1,11.281034038678854
92,1011,1004,1,6.654407802707156
92,925,873,1,8.629868015705554
92,925,1067,1,12.80112469343922
92,1067,783,1,25.606032905209577
92,783,925,2,12.804913262721543
92,783,1232,1,21.210313956402903
92,783,834,1,7.689481736045675
92,783,402,1,11.521692668209962
92,783,928,1,15.577087902404868
92,783,1058,1,17.486864213198086
92,783,1011,1,13.554200769268274
92,783,967,1,12.247362390603268
93,928,1058,9,3.468670210314232
93,1067,850,1,5.87594370452583
93,925,834,7,5.249047199856985
93,1140,925,2,5.559746332228015
93,834,702,6,4.389831624444016
93,1140,1187,9,3.960411314814771
93,1140,1058,5,4.404400893299181
93,873,702,1,4.548357078342699
93,1058,1140,1,4.404400893299181
93,1011,928,3,3.6167275925925466
93,402,783,2,11.521692668209962
93,702,402,1,7.84160901068824
93,850,464,1,10.052673626423328
93,1140,834,1,9.120303414799448
93,794,967,1,4.548315025166438
93,1232,1058,1,4.83687793721146
93,967,402,1,15.541607685822626
93,579,1058,1,13.4971193863272
93,1232,1399,1,6.507057624431
93,973,702,1,14.048686290771036
93,402,702,1,7.84160901068824
93,873,925,1,8.629868015705554
93,1140,579,1,14.579929042333728
93,783,172,1,17.768672451070774
93,783,1140,1,15.22789003823726
93,783,464,1,25.397194471986413
93,783,834,1,7.689481736045675
93,783,928,1,15.577087902404868
93,783,702,2,5.250413373789177
93,783,1011,1,13.554200769268274
94,925,783,2,12.804913262721543
94,928,973,4,2.202808837490146
94,1058,1187,12,3.335847799336888
94,1067,973,2,7.92352939429049
94,1058,928,2,3.468670210314232
94,1187,925,6,7.6790367656671
94,702,834,6,4.389831624444016
94,702,1011,2,10.884143023519666
94,834,928,1,7.925847526229188
94,402,783,1,11.521692668209962
94,850,794,2,12.413971394684204
94,873,579,1,10.243397261423542
94,850,714,2,7.4471861231509155
94,1187,834,3,12.342244898446324
94,1140,973,2,6.509265047797015
94,834,1105,5,14.045233535461502
94,1011,1399,1,10.052549905308156
94,873,1140,1,10.849467604025635
94,402,525,1,6.614151574587493
94,1004,834,1,4.837273690103386
94,783,794,1,10.46245949147104
94,783,834,2,7.689481736045675
94,783,402,2,11.521692668209962
94,783,702,1,5.250413373789177
94,783,1011,1,13.554200769268274
94,783,714,1,16.323166899192785
94,783,967,1,12.247362390603268
95,928,1058,2,3.468670210314232
95,702,783,2,5.250413373789177
95,1058,1105,1,3.961184888937906
95,834,702,14,4.389831624444016
95,973,1058,2,2.41855773034487
95,794,834,2,3.0622624863494035
95,925,1187,7,7.6790367656671
95,402,783,2,11.521692668209962
95,1187,783,9,19.009124176326512
95,1399,1011,1,10.052549905308156
95,1105,1232,5,3.8392690799482057
95,1187,1105,3,4.4040530489389695
95,967,850,1,11.888191513854997
95,714,464,1,10.122771228736514
95,1011,856,2,16.764898582516587
95,1058,1399,1,9.34110519027368
95,579,714,1,6.612071581984758
95,973,1187,2,5.6404067966465385
95,702,579,1,6.612071581984758
95,973,1232,2,6.739053043647001
95,967,834,1,5.059118864445973
95,714,579,1,6.612071581984758
95,702,402,1,7.84160901068824
95,1213,579,1,19.68761230650633
95,783,794,1,10.46245949147104
95,783,834,2,7.689481736045675
95,783,928,1,15.577087902404868
95,783,1004,1,7.966246489389644
95,783,579,1,11.850386463154225
96,834,783,5,7.689481736045675
96,1058,1105,4,3.961184888937906
96,1187,1058,9,3.335847799336888
96,1399,1140,1,6.738996195578808
96,702,834,7,4.389831624444016
96,702,925,3,9.423506251261468
96,1105,973,2,4.388654712140797
96,856,783,1,28.55412357877098
96,1232,1011,3,7.964083694664586
96,579,402,2,6.514036981260467
96,973,1105,1,4.388654712140797
96,850,1412,1,14.733832640164646
96,702,1058,1,14.468812957232682
96,1105,850,1,7.255791794533394
96,1011,579,1,11.281034038678854
96,1232,1058,4,4.83687793721146
96,928,1067,1,10.07507435147502
96,702,794,1,6.125367854472763
96,794,1058,1,8.77829027244345
96,794,579,1,5.55974633222762
96,856,714,1,12.80743720302119
96,714,794,1,6.125367854472763
96,873,1067,1,21.383746569034415
96,1011,1140,1,3.335847799336888
96,1004,873,1,3.839767699909918
96,783,1011,1,13.554200769268274
96,783,967,1,12.247362390603268
97,925,973,4,4.882215518422521
97,1058,973,12,2.41855773034487
97,1011,1232,4,7.964083694664586
97,973,783,2,17.685208029543023
97,1140,1011,2,3.335847799336888
97,967,1140,1,4.548230871686798
97,402,783,1,11.521692668209962
97,1105,1011,2,7.92275625179966
97,579,794,3,5.55974633222762
97,1105,1067,3,4.880745078525951
97,834,1004,3,4.837273690103386
97,714,973,1,6.739138237494938
97,928,579,1,10.087254514060623
97,834,1011,2,6.510367578384317
97,794,1011,1,5.876008831303484
97,834,1067,2,17.994484200739958
97,834,402,1,11.281169605088646
97,850,925,1,10.694040075602611
97,873,525,1,9.675337903778155
97,1067,928,1,10.07507435147502
97,579,402,1,6.514036981260467
97,702,1011,2,10.884143023519666
97,783,834,1,7.689481736045675
97,1412,783,1,30.014252482424304
97,1412,1067,1,8.946191032118977
98,1011,1058,6,3.961571514117998
98,794,925,4,3.8399670029013246
98,1067,850,4,5.87594370452583
98,1140,925,2,5.559746332228015
98,973,783,15,17.685208029543023
98,1004,1011,2,6.654407802707156
98,1058,834,2,10.204580442928409
98,1067,1058,1,8.554760866502043
98,1232,1412,3,8.805321213797965
98,1105,856,1,10.85018203537092
98,928,1187,1,6.739067249150369
98,1232,873,1,16.80536252295166
98,579,928,1,10.087254514060623
98,402,783,2,11.521692668209962
98,1058,873,1,13.135447383238883
98,714,856,1,12.80743720302119
98,834,1412,1,23.13046174521312
98,1004,579,1,12.093776951796409
98,783,1011,2,13.554200769268274
99,1011,1232,3,7.964083694664586
99,1058,928,6,3.468670210314232
99,973,928,3,2.202808837490146
99,850,973,4,6.608947508553885
99,925,1140,4,5.559746332228015
99,834,873,1,3.963116935247085
99,1011,702,3,10.884143023519666
99,834,1004,1,4.837273690103386
99,1187,579,1,16.57993448038173
99,873,928,1,11.464626189279452
99,579,525,1,10.527425779295132
99,1067,1058,1,8.554760866502043
99,579,714,1,6.612071581984758
99,1399,783,1,20.47900955025097
100,928,1058,7,3.468670210314232
100,1058,928,1,3.468670210314232
100,973,850,4,6.608947508553885
100,873,794,1,7.018858162934119
100,579,464,1,13.736208219113248
100,928,873,1,11.464626189279452
100,1232,794,1,13.471439449058977
100,1140,873,1,10.849467604025635
100,1232,1067,1,8.002242999882604
100,702,525,1,6.512937082064592
100,1140,525,1,19.879498068061267
100,1232,1399,1,6.507057624431
100,1067,464,1,15.596324992464188
100,1011,1140,1,3.335847799336888
101,928,925,4,2.8524929798341074
101,873,783,2,4.4064860569207775
101,925,834,3,5.249047199856985
101,1399,1140,1,6.738996195578808
101,850,973,3,6.608947508553885
101,794,834,1,3.0622624863494035
101,1058,1140,8,4.404400893299181
101,1140,928,3,6.2484548670441855
101,850,928,1,7.925847526229188
101,1067,928,1,10.07507435147502
101,702,525,1,6.512937082064592
101,714,579,1,6.612071581984758
102,928,967,4,3.962344440629368
102,873,834,1,3.963116935247085
102,1140,925,7,5.559746332228015
102,925,1058,3,5.058513634802797
102,794,834,1,3.0622624863494035
102,834,794,4,3.0622624863494035
102,973,1399,1,11.751170313633397
102,973,873,1,13.496121499721363
102,973,1011,1,4.881725510082577
102,702,1004,1,7.841523685223605
102,1004,873,1,3.839767699909918
102,1140,1187,1,3.960411314814771
103,925,973,8,4.882215518422521
103,873,783,2,4.4064860569207775
103,1058,1105,2,3.961184888937906
103,794,925,4,3.8399670029013246
103,1399,1011,1,10.052549905308156
103,1140,928,1,6.2484548670441855
103,967,1004,2,5.811450880513226
103,1011,1412,1,16.64651643490022
103,579,402,1,6.514036981260467
103,856,783,1,28.55412357877098
104,925,967,4,1.4630157462730349
104,1004,783,1,7.966246489389644
104,973,925,1,4.882215518422521
104,1011,783,1,13.554200769268274
104,967,1187,1,7.314097191827283
104,1187,1140,1,3.960411314814771
104,1105,1058,1,3.961184888937906
104,834,1140,2,9.120303414799448
104,973,1067,3,7.92352939429049
104,973,967,1,5.7043821114062
104,928,1140,2,6.2484548670441855
104,1004,967,2,5.811450880513226
104,1058,967,1,5.247679923034634
105,1067,973,3,7.92352939429049
105,925,1140,1,5.559746332228015
105,1140,967,2,4.548230871686798
105,967,1187,4,7.314097191827283
105,967,973,1,5.7043821114062
105,973,834,1,10.076973504527178
105,1105,1232,1,3.8392690799482057
105,973,794,2,8.005758424200978
106,967,1011,3,1.4629503400136323
106,1058,973,1,2.41855773034487
106,1140,928,3,6.2484548670441855
106,973,834,3,10.076973504527178
106,1187,928,4,6.739067249150369
106,967,1004,1,5.811450880513226
106,402,783,1,11.521692668209962
106,525,783,1,6.671695598673383
107,928,973,5,2.202808837490146
107,794,928,2,5.8083597500151045
107,834,794,3,3.0622624863494035
107,973,925,1,4.882215518422521
107,1187,1140,1,3.960411314814771
107,967,850,1,11.888191513854997
107,1232,967,1,9.421989977231084
107,1140,1213,1,12.551534849108323
107,783,834,1,7.689481736045675
107,783,1399,1,20.47900955025097
107,1412,783,1,30.014252482424304
108,925,1011,1,2.223898532891128
108,928,967,2,3.962344440629368
108,967,928,1,3.962344440629368
108,1004,783,1,7.966246489389644
108,1399,1140,1,6.738996195578808
108,1140,1011,1,3.335847799336888
108,973,925,3,4.882215518422521
108,1011,850,2,11.365584452473476
108,834,579,2,7.256503514219511
108,794,525,1,12.411444711524124
108,794,1187,1,11.519003477970214
108,1011,702,1,10.884143023519666
108,973,967,1,5.7043821114062
108,794,714,1,6.125367854472763
108,856,783,1,28.55412357877098
108,525,783,1,6.671695598673383
108,783,1011,1,13.554200769268274
109,925,783,2,12.804913262721543
109,967,1011,3,1.4629503400136323
109,973,925,2,4.882215518422521
109,579,464,1,13.736208219113248
109,1011,579,1,11.281034038678854
109,928,579,3,10.087254514060623
109,1140,714,1,11.751952287542252
109,402,783,1,11.521692668209962
109,1478,579,1,23.658481146829327
109,1478,783,1,18.994191672564124
109,525,783,1,6.671695598673383
109,783,579,1,11.850386463154225
110,1187,925,1,7.6790367656671
110,1011,928,4,3.6167275925925466
110,579,794,3,5.55974633222762
110,925,856,1,16.318086894445933
110,850,1067,2,5.87594370452583
110,714,464,1,10.122771228736514
110,702,967,1,9.424975322198348
110,579,925,1,9.096756146766438
110,967,1004,1,5.811450880513226
110,714,850,1,7.4471861231509155
110,172,850,1,35.56283988223624
110,464,783,1,25.397194471986413
110,402,783,1,11.521692668209962
110,1478,783,1,18.994191672564124
110,525,783,1,6.671695598673383
110,783,973,1,17.685208029543023
110,783,834,1,7.689481736045675
111,850,973,1,6.608947508553885
111,850,1105,1,7.255791794533394
111,973,1004,1,11.462222395062687
111,579,873,1,10.243397261423542
111,794,579,2,5.55974633222762
111,1011,1187,1,5.851146926487822
111,834,1011,1,6.510367578384317
111,794,1011,1,5.876008831303484
111,1213,702,1,14.16486062369625
112,579,783,1,11.850386463154225
112,1004,783,1,7.966246489389644
112,925,834,4,5.249047199856985
112,1011,794,2,5.876008831303484
112,1105,1232,1,3.8392690799482057
112,928,873,1,11.464626189279452
112,973,402,1,18.419980035084063
112,702,925,1,9.423506251261468
112,850,464,1,10.052673626423328
112,1004,873,1,3.839767699909918
112,579,873,1,10.243397261423542
112,928,1187,3,6.739067249150369
112,856,850,1,5.706192977163574
112,579,1058,1,13.4971193863272
112,1478,783,1,18.994191672564124
112,579,794,1,5.55974633222762
113,794,928,3,5.8083597500151045
113,834,967,3,5.059118864445973
113,1187,928,1,6.739067249150369
113,873,1004,2,3.839767699909918
113,1067,1399,1,14.46118952528998
113,967,1478,1,14.163846735607535
113,402,783,1,11.521692668209962
113,783,1004,1,7.966246489389644
113,783,525,1,6.671695598673383
114,1067,973,1,7.92352939429049
114,1187,925,3,7.6790367656671
114,834,794,1,3.0622624863494035
114,1004,1478,1,12.268284911360968
114,928,1399,1,12.37821780679595
114,928,1140,1,6.2484548670441855
114,1004,928,1,9.763940751913996
114,172,783,1,17.768672451070774
114,464,1011,1,18.41923278489661
114,464,714,1,10.122771228736514
114,1478,783,1,18.994191672564124
114,783,925,1,12.804913262721543
114,783,973,1,17.685208029543023
114,783,794,1,10.46245949147104
114,783,702,1,5.250413373789177
114,783,1187,1,19.009124176326512
115,925,1011,4,2.223898532891128
115,967,928,3,3.962344440629368
115,928,973,3,2.202808837490146
115,1058,928,1,3.468670210314232
115,973,1058,1,2.41855773034487
115,1140,967,1,4.548230871686798
115,1011,1105,1,7.92275625179966
115,973,1412,1,14.027846499005278
115,794,1058,1,8.77829027244345
115,702,794,1,6.125367854472763
115,1399,783,1,20.47900955025097
115,1004,967,1,5.811450880513226
115,714,973,1,6.739138237494938
115,850,1412,1,14.733832640164646
115,794,967,1,4.548315025166438
115,1187,834,1,12.342244898446324
115,1232,794,1,13.471439449058977
115,873,928,1,11.464626189279452
115,873,579,1,10.243397261423542
115,525,783,4,6.671695598673383
115,783,834,1,7.689481736045675
115,783,928,1,15.577087902404868
115,783,702,2,5.250413373789177
115,783,1058,1,17.486864213198086
115,783,525,1,6.671695598673383
116,702,783,2,5.250413373789177
116,1058,1232,3,4.83687793721146
116,925,928,1,2.8524929798341074
116,973,850,4,6.608947508553885
116,1399,1011,1,10.052549905308156
116,967,702,1,9.424975322198348
116,1105,702,1,18.21042691241635
116,928,1058,3,3.468670210314232
116,794,873,1,7.018858162934119
116,1011,579,2,11.281034038678854
116,834,402,1,11.281169605088646
116,834,1011,1,6.510367578384317
116,172,783,1,17.768672451070774
116,783,925,2,12.804913262721543
116,783,834,1,7.689481736045675
116,783,402,1,11.521692668209962
116,783,1011,1,13.554200769268274
116,783,1067,1,25.606032905209577
117,925,1011,1,2.223898532891128
117,967,925,2,1.4630157462730349
117,1058,928,3,3.468670210314232
117,850,973,2,6.608947508553885
117,1011,973,5,4.881725510082577
117,925,172,1,28.207957712858114
117,1232,1011,1,7.964083694664586
117,928,1140,3,6.2484548670441855
117,834,1232,1,14.473652063742133
117,873,1004,1,3.839767699909918
117,1067,783,1,25.606032905209577
117,1232,1140,2,6.119741485129188
117,579,402,2,6.514036981260467
117,702,873,2,4.548357078342699
117,402,1011,1,16.93184038136659
117,402,579,1,6.514036981260467
117,794,1011,1,5.876008831303484
117,783,172,1,17.768672451070774
117,783,925,2,12.804913262721543
117,783,834,1,7.689481736045675
117,783,702,3,5.250413373789177
117,783,579,1,11.850386463154225
118,834,925,1,5.249047199856985
118,973,783,4,17.685208029543023
118,850,973,2,6.608947508553885
118,925,1105,3,8.810192302561815
118,928,1105,2,6.509632645551289
118,973,714,1,6.739138237494938
118,1011,1187,3,5.851146926487822
118,702,834,3,4.389831624444016
118,1004,925,1,7.016854369636376
118,1140,973,4,6.509265047797015
118,579,928,1,10.087254514060623
118,579,714,2,6.612071581984758
118,873,967,1,7.925075031537542
118,402,973,1,18.419980035084063
118,873,1187,1,14.60457664934919
118,1232,850,1,11.078851145692578
118,525,783,1,6.671695598673383
118,783,925,2,12.804913262721543
118,783,1011,1,13.554200769268274
118,1412,925,1,18.07211283325024
119,928,925,3,2.8524929798341074
119,834,925,3,5.249047199856985
119,925,928,2,2.8524929798341074
119,850,1011,1,11.365584452473476
119,1105,973,4,4.388654712140797
119,1187,1140,3,3.960411314814771
119,925,1105,3,8.810192302561815
119,714,928,1,5.640508575131163
119,967,850,1,11.888191513854997
119,973,967,3,5.7043821114062
119,925,1399,1,12.268300526223484
119,973,1011,2,4.881725510082577
119,1187,1399,1,6.247627185540738
119,1140,834,1,9.120303414799448
119,402,579,1,6.514036981260467
119,1011,464,1,18.41923278489661
119,464,1011,1,18.41923278489661
119,1011,1140,1,3.335847799336888
119,783,925,1,12.804913262721543
119,783,873,1,4.4064860569207775
119,783,973,1,17.685208029543023
119,783,834,2,7.689481736045675
119,783,928,1,15.577087902404868
119,783,525,1,6.671695598673383
119,783,1213,1,11.11949266445603
119,783,579,1,11.850386463154225
119,783,1011,2,13.554200769268274
119,1412,783,1,30.014252482424304
120,928,925,4,2.8524929798341074
120,925,1058,7,5.058513634802797
120,873,794,1,7.018858162934119
120,1105,1058,2,3.961184888937906
120,834,1140,2,9.120303414799448
120,1011,834,4,6.510367578384317
120,1105,1399,1,10.237902514270164
120,973,1232,2,6.739053043647001
120,973,1105,2,4.388654712140797
120,967,714,1,8.192867163522228
120,1140,928,2,6.2484548670441855
120,850,925,1,10.694040075602611
120,579,834,1,7.256503514219511
120,1140,1058,2,4.404400893299181
120,1213,1011,1,13.548232944538976
120,967,702,2,9.424975322198348
120,973,1011,4,4.881725510082577
120,783,925,1,12.804913262721543
120,783,834,2,7.689481736045675
120,783,525,1,6.671695598673383
121,1058,1011,4,3.961571514117998
121,1058,1232,5,4.83687793721146
121,1399,1140,1,6.738996195578808
121,925,702,6,9.423506251261468
121,1232,973,2,6.739053043647001
121,1105,1011,3,7.92275625179966
121,1011,1067,2,12.40745751794731
121,834,1105,3,14.045233535461502
121,1011,1187,3,5.851146926487822
121,834,1187,1,12.342244898446324
121,702,834,2,4.389831624444016
121,1140,1232,2,6.119741485129188
121,714,973,1,6.739138237494938
121,579,973,1,12.02013346271456
121,834,973,3,10.076973504527178
121,928,1058,2,3.468670210314232
121,794,714,1,6.125367854472763
121,714,1105,1,10.705966675098557
121,714,794,1,6.125367854472763
121,834,1140,1,9.120303414799448
121,525,783,2,6.671695598673383
121,783,925,1,12.804913262721543
121,783,973,2,17.685208029543023
121,783,834,3,7.689481736045675
121,783,702,2,5.250413373789177
121,783,1058,1,17.486864213198086
121,783,525,3,6.671695598673383
121,783,579,1,11.850386463154225
122,1187,1058,2,3.335847799336888
122,834,702,3,4.389831624444016
122,1140,1011,1,3.335847799336888
122,1058,1140,3,4.404400893299181
122,834,967,2,5.059118864445973
122,1399,1011,2,10.052549905308156
122,1011,794,3,5.876008831303484
122,973,834,7,10.076973504527178
122,1105,1187,1,4.4040530489389695
122,1011,714,2,8.663428210145675
122,1232,714,1,13.478191227023236
122,1232,925,5,9.649241749541863
122,1011,1478,1,13.494566217296024
122,1105,794,2,12.287533860803824
122,925,200,1,19.74674473703068
122,702,794,1,6.125367854472763
122,1067,783,1,25.606032905209577
122,714,783,1,16.323166899192785
122,702,834,6,4.389831624444016
122,1011,873,2,9.1842566129722
122,973,967,2,5.7043821114062
122,579,834,1,7.256503514219511
122,1058,834,1,10.204580442928409
122,794,1011,1,5.876008831303484
122,525,783,1,6.671695598673383
122,783,794,2,10.46245949147104
122,783,834,2,7.689481736045675
122,783,1004,1,7.966246489389644
122,783,525,1,6.671695598673383
122,783,579,2,11.850386463154225
123,925,1011,5,2.223898532891128
123,834,702,4,4.389831624444016
123,834,794,5,3.0622624863494035
123,1140,1105,3,7.683904782943718
123,967,794,4,4.548315025166438
123,1187,928,2,6.739067249150369
123,714,928,3,5.640508575131163
123,1058,783,1,17.486864213198086
123,702,925,3,9.423506251261468
123,794,1232,1,13.471439449058977
123,794,579,2,5.55974633222762
123,579,464,1,13.736208219113248
123,794,1105,1,12.287533860803824
123,794,1058,2,8.77829027244345
123,834,1011,5,6.510367578384317
123,1232,1058,1,4.83687793721146
123,794,850,2,12.413971394684204
123,834,1004,1,4.837273690103386
123,1105,1067,1,4.880745078525951
123,1011,834,4,6.510367578384317
123,834,579,1,7.256503514219511
123,1004,925,1,7.016854369636376
123,973,1232,1,6.739053043647001
123,702,794,1,6.125367854472763
123,579,928,1,10.087254514060623
123,783,873,1,4.4064860569207775
123,783,973,1,17.685208029543023
123,783,794,1,10.46245949147104
123,783,834,1,7.689481736045675
123,783,402,1,11.521692668209962
123,783,1478,1,18.994191672564124
123,783,928,1,15.577087902404868
123,783,702,1,5.250413373789177
123,783,525,1,6.671695598673383
123,783,1105,2,21.4299278250006
123,783,1011,2,13.554200769268274
124,834,783,3,7.689481736045675
124,925,973,2,4.882215518422521
124,928,973,5,2.202808837490146
124,579,783,1,11.850386463154225
124,1058,925,4,5.058513634802797
124,1067,973,1,7.92352939429049
124,1232,1187,1,2.2017655762295663
124,1011,1232,13,7.964083694664586
124,794,928,10,5.8083597500151045
124,973,925,1,4.882215518422521
124,1140,967,1,4.548230871686798
124,1105,925,2,8.810192302561815
124,850,1232,1,11.078851145692578
124,925,714,1,6.736742718055863
124,1105,714,1,10.705966675098557
124,1105,850,3,7.255791794533394
124,928,856,1,13.497510700081442
124,702,925,1,9.423506251261468
124,925,1412,1,18.07211283325024
124,850,1105,1,7.255791794533394
124,873,402,1,12.378588757843175
124,702,579,1,6.612071581984758
124,1004,834,1,4.837273690103386
124,702,402,1,7.84160901068824
124,579,834,2,7.256503514219511
124,402,1213,1,21.884142001205166
124,702,928,2,11.847457656626572
124,525,783,1,6.671695598673383
124,783,973,2,17.685208029543023
124,783,794,1,10.46245949147104
124,783,834,2,7.689481736045675
124,783,402,1,11.521692668209962
124,783,579,2,11.850386463154225
124,783,967,2,12.247362390603268
125,928,925,2,2.8524929798341074
125,834,783,7,7.689481736045675
125,967,1011,3,1.4629503400136323
125,873,834,2,3.963116935247085
125,973,783,7,17.685208029543023
125,794,834,2,3.0622624863494035
125,1232,1105,4,3.8392690799482057
125,925,1187,5,7.6790367656671
125,1232,973,5,6.739053043647001
125,928,714,10,5.640508575131163
125,850,856,3,5.706192977163574
125,1105,967,1,9.182568470632535
125,925,1213,2,14.603468927185563
125,973,856,2,11.88819151385629
125,1058,1105,1,3.961184888937906
125,714,579,1,6.612071581984758
125,714,967,1,8.192867163522228
125,1213,1011,1,13.548232944538976
125,579,925,2,9.096756146766438
125,856,794,1,18.10474316960466
125,579,1004,1,12.093776951796409
125,1232,1058,4,4.83687793721146
125,1232,1140,1,6.119741485129188
125,402,579,3,6.514036981260467
125,1067,1011,1,12.40745751794731
125,1187,794,1,11.519003477970214
125,1187,464,1,20.37695310275684
125,464,579,1,13.736208219113248
125,783,925,1,12.804913262721543
125,783,1140,2,15.22789003823726
125,783,794,1,10.46245949147104
125,783,834,1,7.689481736045675
125,783,702,1,5.250413373789177
125,783,525,1,6.671695598673383
125,783,579,2,11.850386463154225
125,783,1187,1,19.009124176326512
126,925,783,5,12.804913262721543
126,1140,783,2,15.22789003823726
126,834,925,4,5.249047199856985
126,973,925,6,4.882215518422521
126,1011,1105,4,7.92275625179966
126,1105,1058,3,3.961184888937906
126,1105,925,1,8.810192302561815
126,967,579,2,10.052645101539124
126,856,783,4,28.55412357877098
126,714,973,7,6.739138237494938
126,579,794,5,5.55974633222762
126,856,973,1,11.88819151385629
126,579,1058,2,13.4971193863272
126,928,1058,1,3.468670210314232
126,1213,1004,1,7.964083694664586
126,1187,1067,5,9.180879404297018
126,1058,1399,1,9.34110519027368
126,714,1011,1,8.663428210145675
126,1058,464,1,17.327738037204117
126,1187,1140,1,3.960411314814771
126,1058,579,1,13.4971193863272
126,1004,925,1,7.016854369636376
126,1058,1232,1,4.83687793721146
126,702,1011,1,10.884143023519666
126,794,579,3,5.55974633222762
126,1478,1140,1,10.56486642729493
126,525,402,1,6.614151574587493
126,783,925,1,12.804913262721543
126,783,873,1,4.4064860569207775
126,783,402,1,11.521692668209962
126,783,1004,1,7.966246489389644
126,783,525,1,6.671695598673383
126,783,850,1,22.85304209922013
127,834,783,2,7.689481736045675
127,925,973,14,4.882215518422521
127,1004,783,1,7.966246489389644
127,794,925,5,3.8399670029013246
127,1232,1105,1,3.8392690799482057
127,973,850,8,6.608947508553885
127,1105,928,3,6.509632645551289
127,1011,1004,3,6.654407802707156
127,1067,783,4,25.606032905209577
127,1399,928,1,12.37821780679595
127,873,1232,1,16.80536252295166
127,1058,1187,5,3.335847799336888
127,579,794,3,5.55974633222762
127,579,702,1,6.612071581984758
127,1058,794,1,8.77829027244345
127,402,794,1,11.081008814008824
127,1105,1399,1,10.237902514270164
127,714,850,1,7.4471861231509155
127,1140,1187,1,3.960411314814771
127,1140,702,1,13.472348608720578
127,1140,1232,1,6.119741485129188
127,1232,1058,1,4.83687793721146
127,1004,1213,1,7.964083694664586
127,579,1011,1,11.281034038678854
127,1067,850,1,5.87594370452583
127,402,873,1,12.378588757843175
127,525,783,1,6.671695598673383
127,850,1058,1,8.672138339743874
127,783,834,3,7.689481736045675
127,783,402,1,11.521692668209962
127,783,928,1,15.577087902404868
127,783,702,1,5.250413373789177
127,783,579,2,11.850386463154225
128,928,925,1,2.8524929798341074
128,834,783,3,7.689481736045675
128,925,928,4,2.8524929798341074
128,973,1058,12,2.41855773034487
128,850,1011,3,11.365584452473476
128,1011,928,1,3.6167275925925466
128,794,973,4,8.005758424200978
128,1105,1232,2,3.8392690799482057
128,1187,1105,6,4.4040530489389695
128,850,702,4,18.37776366407494
128,1232,925,1,9.649241749541863
128,873,1011,1,9.1842566129722
128,1213,1232,1,18.052391004569408
128,702,873,2,4.548357078342699
128,714,925,1,6.736742718055863
128,928,1105,4,6.509632645551289
128,1004,967,1,5.811450880513226
128,579,402,2,6.514036981260467
128,925,1213,1,14.603468927185563
128,402,579,1,6.514036981260467
128,702,525,1,6.512937082064592
128,1058,1232,2,4.83687793721146
128,579,1011,1,11.281034038678854
128,525,834,1,10.886391578093734
128,783,1232,1,21.210313956402903
128,783,973,1,17.685208029543023
128,783,402,1,11.521692668209962
128,783,928,1,15.577087902404868
128,783,1058,1,17.486864213198086
128,783,525,2,6.671695598673383
128,783,714,1,16.323166899192785
129,928,925,5,2.8524929798341074
129,925,973,2,4.882215518422521
129,1011,925,5,2.223898532891128
129,1058,973,7,2.41855773034487
129,973,928,3,2.202808837490146
129,1105,1011,9,7.92275625179966
129,1399,1011,1,10.052549905308156
129,1105,1232,1,3.8392690799482057
129,1232,928,4,8.28950012214804
129,834,1058,1,10.204580442928409
129,873,1004,1,3.839767699909918
129,967,1004,1,5.811450880513226
129,1058,967,5,5.247679923034634
129,1004,834,2,4.837273690103386
129,402,702,3,7.84160901068824
129,973,834,3,10.076973504527178
129,873,1058,1,13.135447383238883
129,794,1011,1,5.876008831303484
129,850,1140,1,13.036256596755637
129,850,967,1,11.888191513854997
129,714,1011,1,8.663428210145675
129,702,925,1,9.423506251261468
129,1213,579,1,19.68761230650633
129,925,714,1,6.736742718055863
129,702,834,3,4.389831624444016
129,1213,1232,1,18.052391004569408
129,579,1011,1,11.281034038678854
129,783,925,1,12.804913262721543
129,783,402,2,11.521692668209962
129,783,1478,1,18.994191672564124
129,783,702,1,5.250413373789177
129,783,579,1,11.850386463154225
129,783,1011,4,13.554200769268274
129,783,967,1,12.247362390603268
129,1412,1004,1,22.322654933963523
130,834,783,5,7.689481736045675
130,702,783,4,5.250413373789177
130,925,850,11,10.694040075602611
130,1011,1213,2,13.548232944538976
130,1011,783,9,13.554200769268274
130,967,794,6,4.548315025166438
130,928,794,3,5.8083597500151045
130,1011,1105,3,7.92275625179966
130,402,925,1,14.913154476154167
130,402,783,1,11.521692668209962
130,928,1058,4,3.468670210314232
130,973,1011,10,4.881725510082577
130,1011,1140,1,3.335847799336888
130,1232,973,2,6.739053043647001
130,1004,925,1,7.016854369636376
130,1058,1105,2,3.961184888937906
130,1004,967,2,5.811450880513226
130,1232,850,1,11.078851145692578
130,525,783,2,6.671695598673383
130,579,973,1,12.02013346271456
130,579,928,1,10.087254514060623
130,783,794,1,10.46245949147104
130,783,834,1,7.689481736045675
130,783,402,1,11.521692668209962
130,783,928,1,15.577087902404868
130,783,1213,1,11.11949266445603
130,783,579,1,11.850386463154225
130,783,1011,3,13.554200769268274
131,967,928,3,3.962344440629368
131,1011,925,1,2.223898532891128
131,1213,783,3,11.11949266445603
131,1140,925,2,5.559746332228015
131,1058,928,4,3.468670210314232
131,928,783,2,15.577087902404868
131,973,1058,1,2.41855773034487
131,850,973,11,6.608947508553885
131,1232,1105,2,3.8392690799482057
131,794,928,9,5.8083597500151045
131,834,794,2,3.0622624863494035
131,925,1187,3,7.6790367656671
131,1011,1067,2,12.40745751794731
131,1105,783,4,21.4299278250006
131,1011,850,6,11.365584452473476
131,1011,1187,5,5.851146926487822
131,973,1140,2,6.509265047797015
131,834,702,2,4.389831624444016
131,402,579,1,6.514036981260467
131,579,794,1,5.55974633222762
131,783,172,1,17.768672451070774
131,783,925,1,12.804913262721543
131,783,873,1,4.4064860569207775
131,783,402,2,11.521692668209962
131,783,702,3,5.250413373789177
131,783,1004,2,7.966246489389644
131,783,1058,1,17.486864213198086
131,783,1011,1,13.554200769268274
131,783,1412,1,30.014252482424304
131,1412,783,1,30.014252482424304
131,1412,1067,1,8.946191032118977
132,928,973,16,2.202808837490146
132,1058,973,3,2.41855773034487
132,1067,973,2,7.92352939429049
132,1187,1011,5,5.851146926487822
132,973,928,11,2.202808837490146
132,1105,967,2,9.182568470632535
132,925,873,3,8.629868015705554
132,850,928,2,7.925847526229188
132,402,783,2,11.521692668209962
132,1004,873,2,3.839767699909918
132,794,967,1,4.548315025166438
132,794,1140,1,9.096545861200513
132,873,402,1,12.378588757843175
132,714,967,1,8.192867163522228
132,794,579,2,5.55974633222762
132,1067,856,1,6.736061142864135
132,850,464,2,10.052673626423328
132,850,702,2,18.37776366407494
132,702,1140,1,13.472348608720578
132,702,928,1,11.847457656626572
132,1011,1140,2,3.335847799336888
132,702,1011,1,10.884143023519666
132,850,925,1,10.694040075602611
132,702,794,1,6.125367854472763
132,525,783,4,6.671695598673383
132,1105,928,1,6.509632645551289
132,579,200,1,12.57636232869906
132,783,702,1,5.250413373789177
132,783,1004,1,7.966246489389644
132,783,579,1,11.850386463154225
133,925,973,1,4.882215518422521
133,1140,783,3,15.22789003823726
133,928,973,5,2.202808837490146
133,1187,925,1,7.6790367656671
133,973,850,19,6.608947508553885
133,967,783,1,12.247362390603268
133,928,1067,3,10.07507435147502
133,928,1140,2,6.2484548670441855
133,873,1004,4,3.839767699909918
133,928,200,1,19.11752961089156
133,928,1004,3,9.763940751913996
133,702,873,3,4.548357078342699
133,850,714,1,7.4471861231509155
133,1011,834,3,6.510367578384317
133,1011,1399,1,10.052549905308156
133,1011,714,1,8.663428210145675
133,928,1058,1,3.468670210314232
133,856,850,1,5.706192977163574
133,973,1011,1,4.881725510082577
133,1004,925,1,7.016854369636376
133,579,928,1,10.087254514060623
133,402,967,1,15.541607685822626
133,1478,172,1,36.66509545332768
133,525,783,1,6.671695598673383
133,783,172,1,17.768672451070774
133,783,873,1,4.4064860569207775
133,783,856,1,28.55412357877098
133,783,794,1,10.46245949147104
133,783,834,1,7.689481736045675
133,783,702,1,5.250413373789177
133,783,525,1,6.671695598673383
133,783,967,1,12.247362390603268
134,834,783,4,7.689481736045675
134,1067,973,2,7.92352939429049
134,925,834,2,5.249047199856985
134,1140,925,3,5.559746332228015
134,973,928,7,2.202808837490146
134,850,1011,8,11.365584452473476
134,1399,1011,1,10.052549905308156
134,1004,1478,4,12.268284911360968
134,967,834,4,5.059118864445973
134,873,1011,3,9.1842566129722
134,850,928,6,7.925847526229188
134,702,873,1,4.548357078342699
134,714,925,1,6.736742718055863
134,928,579,1,10.087254514060623
134,1187,834,1,12.342244898446324
134,794,873,2,7.018858162934119
134,873,967,2,7.925075031537542
134,1140,1058,2,4.404400893299181
134,856,783,1,28.55412357877098
134,702,925,1,9.423506251261468
134,1011,873,1,9.1842566129722
134,1067,928,1,10.07507435147502
134,1187,1004,1,11.361508124700526
134,579,967,1,10.052645101539124
134,579,702,1,6.612071581984758
134,783,1232,1,21.210313956402903
134,783,856,1,28.55412357877098
134,783,402,1,11.521692668209962
134,783,928,2,15.577087902404868
134,783,579,1,11.850386463154225
134,783,1011,1,13.554200769268274
135,579,783,1,11.850386463154225
135,1058,1011,2,3.961571514117998
135,1004,783,1,7.966246489389644
135,1011,1232,13,7.964083694664586
135,973,925,2,4.882215518422521
135,873,794,3,7.018858162934119
135,925,794,5,3.8399670029013246
135,928,834,16,7.925847526229188
135,967,1058,1,5.247679923034634
135,834,973,2,10.076973504527178
135,834,1011,3,6.510367578384317
135,850,856,1,5.706192977163574
135,856,925,1,16.318086894445933
135,1232,1412,1,8.805321213797965
135,579,1058,1,13.4971193863272
135,1058,1232,1,4.83687793721146
135,850,928,1,7.925847526229188
135,714,925,1,6.736742718055863
135,850,714,2,7.4471861231509155
135,464,928,1,14.930631823982267
135,402,1213,1,21.884142001205166
135,783,925,1,12.804913262721543
135,783,834,2,7.689481736045675
135,783,402,1,11.521692668209962
135,783,928,1,15.577087902404868
135,783,702,1,5.250413373789177
135,783,1011,1,13.554200769268274
136,928,973,4,2.202808837490146
136,1011,967,5,1.4629503400136323
136,1232,1105,12,3.8392690799482057
136,925,579,4,9.096756146766438
136,967,1140,3,4.548230871686798
136,834,873,16,3.963116935247085
136,873,794,1,7.018858162934119
136,1004,1011,3,6.654407802707156
136,794,783,4,10.46245949147104
136,834,579,1,7.256503514219511
136,973,834,2,10.076973504527178
136,1213,1140,1,12.551534849108323
136,702,1004,1,7.841523685223605
136,702,579,1,6.612071581984758
136,834,1004,2,4.837273690103386
136,1058,967,1,5.247679923034634
136,1058,1105,1,3.961184888937906
136,402,579,1,6.514036981260467
136,783,873,1,4.4064860569207775
136,783,973,1,17.685208029543023
136,783,928,1,15.577087902404868
136,783,1213,1,11.11949266445603
136,783,579,3,11.850386463154225
137,967,925,5,1.4630157462730349
137,925,973,2,4.882215518422521
137,579,783,7,11.850386463154225
137,873,783,4,4.4064860569207775
137,1004,783,1,7.966246489389644
137,1213,783,1,11.11949266445603
137,973,928,4,2.202808837490146
137,873,702,13,4.548357078342699
137,928,1011,1,3.6167275925925466
137,1011,973,5,4.881725510082577
137,1105,1187,4,4.4040530489389695
137,1105,1232,2,3.8392690799482057
137,714,928,1,5.640508575131163
137,1105,834,1,14.045233535461502
137,794,967,4,4.548315025166438
137,1105,973,3,4.388654712140797
137,1140,834,1,9.120303414799448
137,834,714,1,9.18763012440511
137,1105,783,1,21.4299278250006
137,1232,1140,2,6.119741485129188
137,1140,1232,1,6.119741485129188
137,834,1187,1,12.342244898446324
137,850,925,1,10.694040075602611
137,850,702,1,18.37776366407494
137,579,402,1,6.514036981260467
137,783,794,1,10.46245949147104
137,783,928,1,15.577087902404868
138,702,783,3,5.250413373789177
138,925,834,4,5.249047199856985
138,928,783,4,15.577087902404868
138,967,794,5,4.548315025166438
138,794,973,1,8.005758424200978
138,1232,928,1,8.28950012214804
138,834,1058,1,10.204580442928409
138,1187,783,4,19.009124176326512
138,702,873,2,4.548357078342699
138,1004,928,1,9.763940751913996
138,834,1105,1,14.045233535461502
138,973,1105,2,4.388654712140797
138,1140,928,2,6.2484548670441855
138,973,1067,3,7.92352939429049
138,973,1232,1,6.739053043647001
138,702,967,2,9.424975322198348
138,702,973,1,14.048686290771036
138,973,1011,4,4.881725510082577
138,794,579,1,5.55974633222762
138,1232,1067,1,8.002242999882604
138,702,794,1,6.125367854472763
138,856,850,1,5.706192977163574
138,702,834,2,4.389831624444016
138,702,525,1,6.512937082064592
138,1011,1140,1,3.335847799336888
138,1105,850,1,7.255791794533394
138,579,402,2,6.514036981260467
138,525,834,1,10.886391578093734
138,783,873,1,4.4064860569207775
138,783,402,1,11.521692668209962
138,783,1004,1,7.966246489389644
138,783,525,1,6.671695598673383
139,873,834,1,3.963116935247085
139,925,834,2,5.249047199856985
139,1058,928,1,3.468670210314232
139,834,928,6,7.925847526229188
139,967,1140,2,4.548230871686798
139,1004,1011,2,6.654407802707156
139,1187,928,1,6.739067249150369
139,1105,925,1,8.810192302561815
139,402,783,1,11.521692668209962
139,928,850,3,7.925847526229188
139,1140,973,2,6.509265047797015
139,794,1011,2,5.876008831303484
139,973,402,1,18.419980035084063
139,873,579,1,10.243397261423542
139,873,1105,1,17.09113028720051
139,1140,1058,1,4.404400893299181
139,1067,856,2,6.736061142864135
139,850,928,1,7.925847526229188
139,714,967,1,8.192867163522228
139,402,702,1,7.84160901068824
139,1232,1399,1,6.507057624431
139,1105,1011,2,7.92275625179966
139,783,1058,2,17.486864213198086
139,783,579,1,11.850386463154225
139,783,1187,1,19.009124176326512
139,714,973,1,6.739138237494938
140,834,783,1,7.689481736045675
140,1058,928,2,3.468670210314232
140,973,783,1,17.685208029543023
140,850,1011,1,11.365584452473476
140,925,1232,1,9.649241749541863
140,1011,928,6,3.6167275925925466
140,1187,973,1,5.6404067966465385
140,794,714,2,6.125367854472763
140,1140,1399,2,6.738996195578808
140,928,1058,7,3.468670210314232
140,850,1067,1,5.87594370452583
140,928,1140,1,6.2484548670441855
140,834,1004,2,4.837273690103386
140,402,1011,1,16.93184038136659
140,967,850,1,11.888191513854997
140,856,925,1,16.318086894445933
140,702,402,1,7.84160901068824
140,1011,1187,3,5.851146926487822
140,1067,1232,1,8.002242999882604
140,402,702,1,7.84160901068824
140,579,464,1,13.736208219113248
140,402,525,1,6.614151574587493
140,702,1011,1,10.884143023519666
140,579,702,1,6.612071581984758
140,783,1232,1,21.210313956402903
140,783,402,1,11.521692668209962
140,783,928,1,15.577087902404868
140,783,702,1,5.250413373789177
140,783,1004,1,7.966246489389644
140,783,1058,1,17.486864213198086
140,783,525,1,6.671695598673383
141,928,967,1,3.962344440629368
141,928,834,6,7.925847526229188
141,1058,1187,9,3.335847799336888
141,1004,873,3,3.839767699909918
141,794,967,2,4.548315025166438
141,1232,873,1,16.80536252295166
141,973,967,5,5.7043821114062
141,1105,794,1,12.287533860803824
141,928,714,2,5.640508575131163
141,834,402,2,11.281169605088646
141,402,579,2,6.514036981260467
141,1232,1067,1,8.002242999882604
141,850,1058,1,8.672138339743874
141,1067,1187,1,9.180879404297018
141,702,1140,1,13.472348608720578
141,702,834,1,4.389831624444016
141,702,402,1,7.84160901068824
141,525,702,1,6.512937082064592
141,579,464,1,13.736208219113248
141,783,794,1,10.46245949147104
141,783,402,1,11.521692668209962
141,783,702,1,5.250413373789177
141,783,1004,1,7.966246489389644
141,783,1213,1,11.11949266445603
141,783,1187,1,19.009124176326512
142,1004,783,1,7.966246489389644
142,1187,1232,2,2.2017655762295663
142,1399,1140,1,6.738996195578808
142,1011,973,4,4.881725510082577
142,967,973,7,5.7043821114062
142,794,973,1,8.005758424200978
142,1187,783,2,19.009124176326512
142,834,973,3,10.076973504527178
142,1140,873,1,10.849467604025635
142,873,402,1,12.378588757843175
142,1140,1058,1,4.404400893299181
142,873,794,1,7.018858162934119
142,1067,1412,1,8.946191032118977
142,702,1478,1,20.105147324397244
142,579,794,1,5.55974633222762
142,402,172,1,15.328145780625992
142,702,928,1,11.847457656626572
142,1213,1140,1,12.551534849108323
142,928,714,4,5.640508575131163
142,714,1011,1,8.663428210145675
142,856,579,1,19.267312298612403
142,1105,928,1,6.509632645551289
142,783,873,1,4.4064860569207775
142,783,1478,1,18.994191672564124
142,783,702,1,5.250413373789177
142,783,1004,1,7.966246489389644
142,783,714,1,16.323166899192785
143,925,967,1,1.4630157462730349
143,967,925,1,1.4630157462730349
143,1187,925,8,7.6790367656671
143,1140,967,2,4.548230871686798
143,1232,783,2,21.210313956402903
143,1004,1011,1,6.654407802707156
143,714,928,7,5.640508575131163
143,1399,1058,2,9.34110519027368
143,1058,1187,1,3.335847799336888
143,402,783,1,11.521692668209962
143,834,967,4,5.059118864445973
143,1187,1140,2,3.960411314814771
143,873,973,1,13.496121499721363
143,973,1140,5,6.509265047797015
143,794,402,2,11.081008814008824
143,973,702,1,14.048686290771036
143,873,1478,1,15.82614542888024
143,928,1105,1,6.509632645551289
143,702,873,1,4.548357078342699
143,973,834,2,10.076973504527178
143,873,702,2,4.548357078342699
143,579,967,1,10.052645101539124
143,702,928,1,11.847457656626572
143,402,702,2,7.84160901068824
143,783,928,1,15.577087902404868
143,1067,1105,1,4.880745078525951
144,702,783,2,5.250413373789177
144,925,1232,1,9.649241749541863
144,928,1232,4,8.28950012214804
144,967,1140,4,4.548230871686798
144,1105,925,1,8.810192302561815
144,402,783,2,11.521692668209962
144,1140,714,1,11.751952287542252
144,973,856,2,11.88819151385629
144,1140,1058,2,4.404400893299181
144,1011,1140,1,3.335847799336888
144,1140,1232,3,6.119741485129188
144,1232,1140,2,6.119741485129188
144,850,464,2,10.052673626423328
144,794,1067,1,15.745772705396131
144,1011,1187,1,5.851146926487822
144,873,925,1,8.629868015705554
144,973,967,1,5.7043821114062
144,973,873,1,13.496121499721363
144,973,1004,1,11.462222395062687
144,973,579,2,12.02013346271456
144,973,1140,1,6.509265047797015
144,1058,1232,1,4.83687793721146
144,1058,834,1,10.204580442928409
144,783,925,2,12.804913262721543
144,783,794,1,10.46245949147104
144,783,402,1,11.521692668209962
144,783,1105,1,21.4299278250006
144,783,714,1,16.323166899192785
145,928,925,5,2.8524929798341074
145,702,783,1,5.250413373789177
145,579,783,1,11.850386463154225
145,925,834,9,5.249047199856985
145,1140,967,7,4.548230871686798
145,1232,783,2,21.210313956402903
145,1187,928,1,6.739067249150369
145,967,873,4,7.925075031537542
145,714,783,2,16.323166899192785
145,1058,1187,3,3.335847799336888
145,402,783,1,11.521692668209962
145,1232,794,1,13.471439449058977
145,834,702,2,4.389831624444016
145,1232,1399,2,6.507057624431
145,1105,783,1,21.4299278250006
145,1105,714,1,10.705966675098557
145,1187,1399,1,6.247627185540738
145,794,1105,1,12.287533860803824
145,714,1067,1,12.344128539882757
145,702,794,1,6.125367854472763
145,783,794,1,10.46245949147104
145,783,928,1,15.577087902404868
145,783,1058,1,17.486864213198086
145,783,525,1,6.671695598673383
145,783,1011,1,13.554200769268274
146,702,783,1,5.250413373789177
146,1187,1232,3,2.2017655762295663
146,1140,1011,1,3.335847799336888
146,794,928,1,5.8083597500151045
146,834,794,9,3.0622624863494035
146,873,1004,1,3.839767699909918
146,967,834,6,5.059118864445973
146,1058,1187,1,3.335847799336888
146,925,714,5,6.736742718055863
146,1232,1412,2,8.805321213797965
146,1105,1004,1,14.430329325731782
146,928,850,2,7.925847526229188
146,1011,714,1,8.663428210145675
146,402,1213,1,21.884142001205166
147,925,967,3,1.4630157462730349
147,579,783,2,11.850386463154225
147,1004,783,2,7.966246489389644
147,873,834,4,3.963116935247085
147,1399,1011,2,10.052549905308156
147,794,973,5,8.005758424200978
147,714,783,1,16.323166899192785
147,794,702,4,6.125367854472763
147,834,967,6,5.059118864445973
147,1232,1058,2,4.83687793721146
147,967,1058,2,5.247679923034634
147,1140,702,1,13.472348608720578
147,850,1067,2,5.87594370452583
147,1067,1232,2,8.002242999882604
147,1232,1067,1,8.002242999882604
147,928,834,2,7.925847526229188
147,1187,702,1,16.72667802016658
147,1232,1412,2,8.805321213797965
147,714,967,1,8.192867163522228
148,702,783,3,5.250413373789177
148,967,928,4,3.962344440629368
148,1011,1058,1,3.961571514117998
148,1058,973,2,2.41855773034487
148,1067,973,1,7.92352939429049
148,1399,1140,1,6.738996195578808
148,973,925,4,4.882215518422521
148,834,873,7,3.963116935247085
148,967,1232,1,9.421989977231084
148,967,1004,1,5.811450880513226
148,1058,967,1,5.247679923034634
148,794,579,2,5.55974633222762
148,714,783,1,16.323166899192785
148,1004,1140,1,7.442778444077659
148,525,925,1,15.90866891150228
149,928,967,4,3.962344440629368
149,702,783,2,5.250413373789177
149,967,928,4,3.962344440629368
149,1011,1058,2,3.961571514117998
149,873,783,2,4.4064860569207775
149,1058,973,1,2.41855773034487
149,1213,783,1,11.11949266445603
149,1232,1187,2,2.2017655762295663
149,973,925,4,4.882215518422521
149,925,873,5,8.629868015705554
149,1058,850,1,8.672138339743874
149,1067,1011,1,12.40745751794731
149,702,873,1,4.548357078342699
150,579,783,2,11.850386463154225
150,1058,925,1,5.058513634802797
150,873,834,6,3.963116935247085
150,925,928,4,2.8524929798341074
150,967,1140,4,4.548230871686798
150,1140,928,2,6.2484548670441855
150,1187,834,1,12.342244898446324
150,702,714,1,11.41600413764035
151,967,925,1,1.4630157462730349
151,1140,783,1,15.22789003823726
151,928,1011,7,3.6167275925925466
151,834,928,4,7.925847526229188
151,873,1004,1,3.839767699909918
151,1011,1004,1,6.654407802707156
151,1187,973,1,5.6404067966465385
151,973,1399,1,11.751170313633397
151,873,579,1,10.243397261423542
151,873,1058,1,13.135447383238883
151,1004,702,1,7.841523685223605
151,1232,850,1,11.078851145692578
151,873,928,1,11.464626189279452
151,702,794,1,6.125367854472763
152,1058,1011,1,3.961571514117998
152,973,928,1,2.202808837490146
152,925,1058,2,5.058513634802797
152,873,1004,1,3.839767699909918
152,1011,1478,1,13.494566217296024
152,794,402,1,11.081008814008824
152,1011,1140,4,3.335847799336888
152,850,925,1,10.694040075602611
152,834,525,1,10.886391578093734
152,928,714,3,5.640508575131163
152,834,1140,1,9.120303414799448
152,928,1105,3,6.509632645551289
152,1140,967,2,4.548230871686798
152,1140,1399,1,6.738996195578808
153,925,1011,1,2.223898532891128
153,928,967,3,3.962344440629368
153,967,925,2,1.4630157462730349
153,579,783,1,11.850386463154225
153,1058,1011,1,3.961571514117998
153,1004,1478,2,12.268284911360968
153,1140,1187,3,3.960411314814771
153,1011,1105,3,7.92275625179966
153,1105,1187,1,4.4040530489389695
153,834,1004,1,4.837273690103386
153,850,464,1,10.052673626423328
153,1140,1058,1,4.404400893299181
154,967,925,3,1.4630157462730349
154,1399,1058,1,9.34110519027368
154,1004,1232,1,13.548232944538976
154,1105,1187,2,4.4040530489389695
154,1140,794,1,9.096545861200513
154,702,1232,1,18.84696316793992
154,525,783,1,6.671695598673383
154,783,925,1,12.804913262721543
154,1412,783,1,30.014252482424304
154,1067,783,1,25.606032905209577
155,925,1011,4,2.223898532891128
155,1187,1232,2,2.2017655762295663
155,1187,925,1,7.6790367656671
155,1011,1004,1,6.654407802707156
155,1058,1187,4,3.335847799336888
155,1399,967,1,11.280728646716137
155,1105,1058,1,3.961184888937906
155,1105,1011,2,7.92275625179966
155,1004,1478,1,12.268284911360968
155,402,925,1,14.913154476154167
155,856,783,1,28.55412357877098
155,464,928,1,14.930631823982267
155,525,783,3,6.671695598673383
155,714,834,1,9.18763012440511
156,1011,794,4,5.876008831303484
156,925,794,2,3.8399670029013246
156,1187,928,5,6.739067249150369
156,1232,928,2,8.28950012214804
156,928,834,1,7.925847526229188
156,834,1213,1,12.569063966979074
156,856,873,1,24.750513902772017
156,464,783,1,25.397194471986413
156,525,783,2,6.671695598673383
156,783,402,1,11.521692668209962
156,714,928,1,5.640508575131163
156,714,1011,1,8.663428210145675
156,714,783,1,16.323166899192785
157,1213,783,1,11.11949266445603
157,1232,1187,2,2.2017655762295663
157,928,1232,1,8.28950012214804
157,794,973,2,8.005758424200978
157,402,783,1,11.521692668209962
157,1011,1067,1,12.40745751794731
157,1187,1004,1,11.361508124700526
157,1011,834,3,6.510367578384317
157,794,1004,1,7.315405465360834
157,794,1011,1,5.876008831303484
157,1058,794,1,8.77829027244345
157,873,928,1,11.464626189279452
157,834,1232,1,14.473652063742133
157,783,525,1,6.671695598673383
158,928,925,7,2.8524929798341074
158,925,794,2,3.8399670029013246
158,794,967,4,4.548315025166438
158,973,794,1,8.005758424200978
158,1187,967,2,7.314097191827283
158,973,1105,1,4.388654712140797
158,967,1067,1,13.49334191116594
158,1067,172,1,40.04630296448656
158,1232,1399,2,6.507057624431
158,525,783,1,6.671695598673383
158,1004,1011,1,6.654407802707156
158,1187,1004,1,11.361508124700526
158,1478,783,1,18.994191672564124
158,714,928,1,5.640508575131163
158,714,783,1,16.323166899192785
159,925,973,7,4.882215518422521
159,928,783,1,15.577087902404868
159,967,1187,2,7.314097191827283
159,1399,967,2,11.280728646716137
159,1004,834,1,4.837273690103386
159,794,1058,2,8.77829027244345
159,834,1011,2,6.510367578384317
159,967,1140,1,4.548230871686798
159,834,579,1,7.256503514219511
159,1004,1011,1,6.654407802707156
159,783,1011,2,13.554200769268274
159,783,1187,1,19.009124176326512
159,714,783,1,16.323166899192785
160,1058,973,2,2.41855773034487
160,1187,1011,1,5.851146926487822
160,973,928,5,2.202808837490146
160,928,856,1,13.497510700081442
160,1011,702,3,10.884143023519666
160,967,1412,1,18.077677705068957
160,794,402,1,11.081008814008824
160,967,1105,2,9.182568470632535
160,1067,850,1,5.87594370452583
160,1011,1187,1,5.851146926487822
160,1105,850,1,7.255791794533394
160,1004,834,1,4.837273690103386
160,1011,1140,1,3.335847799336888
160,1412,1011,2,16.64651643490022
161,1011,973,3,4.881725510082577
161,928,1232,1,8.28950012214804
161,973,714,3,6.739138237494938
161,967,1004,1,5.811450880513226
161,1140,1232,1,6.119741485129188
161,702,579,1,6.612071581984758
161,1011,1105,1,7.92275625179966
161,702,525,1,6.512937082064592
161,1187,925,2,7.6790367656671
161,1105,783,1,21.4299278250006
161,402,579,1,6.514036981260467
161,579,925,1,9.096756146766438
161,783,579,1,11.850386463154225
161,714,973,1,6.739138237494938
162,967,928,1,3.962344440629368
162,973,1058,5,2.41855773034487
162,928,1011,4,3.6167275925925466
162,834,873,2,3.963116935247085
162,1105,1232,1,3.8392690799482057
162,1232,1058,1,4.83687793721146
162,1187,967,1,7.314097191827283
162,1011,1232,1,7.964083694664586
162,579,794,2,5.55974633222762
162,525,783,1,6.671695598673383
162,702,1011,1,10.884143023519666
162,1004,834,1,4.837273690103386
162,783,973,2,17.685208029543023
162,783,702,1,5.250413373789177
162,783,1011,1,13.554200769268274
163,928,973,1,2.202808837490146
163,1011,1058,6,3.961571514117998
163,1058,1011,5,3.961571514117998
163,925,834,3,5.249047199856985
163,794,834,2,3.0622624863494035
163,973,1187,2,5.6404067966465385
163,1105,925,1,8.810192302561815
163,702,402,1,7.84160901068824
163,1058,1232,1,4.83687793721146
163,873,579,1,10.243397261423542
163,464,783,2,25.397194471986413
163,1478,783,1,18.994191672564124
163,783,794,1,10.46245949147104
163,783,402,1,11.521692668209962
163,783,1004,1,7.966246489389644
163,783,1011,2,13.554200769268274
163,1412,1232,1,8.805321213797965
163,1412,783,1,30.014252482424304
164,579,783,1,11.850386463154225
164,1058,925,1,5.058513634802797
164,973,928,1,2.202808837490146
164,794,928,1,5.8083597500151045
164,1011,973,7,4.881725510082577
164,1232,1011,4,7.964083694664586
164,834,967,3,5.059118864445973
164,850,834,1,15.216513464969486
164,856,783,1,28.55412357877098
164,402,579,2,6.514036981260467
164,850,714,1,7.4471861231509155
164,1004,1140,1,7.442778444077659
164,873,925,1,8.629868015705554
164,1187,1399,1,6.247627185540738
164,1140,714,1,11.751952287542252
164,783,702,1,5.250413373789177
164,783,579,1,11.850386463154225
164,783,1011,1,13.554200769268274
164,714,928,1,5.640508575131163
164,714,850,1,7.4471861231509155
164,714,579,1,6.612071581984758
164,1187,1004,1,11.361508124700526
165,928,925,1,2.8524929798341074
165,1058,973,1,2.41855773034487
165,973,783,3,17.685208029543023
165,925,928,3,2.8524929798341074
165,834,928,2,7.925847526229188
165,1011,783,2,13.554200769268274
165,1058,1004,1,10.515329624384115
165,928,1004,2,9.763940751913996
165,973,1011,3,4.881725510082577
165,967,834,4,5.059118864445973
165,1399,783,1,20.47900955025097
165,579,402,2,6.514036981260467
165,1004,1232,1,13.548232944538976
165,579,925,2,9.096756146766438
165,1140,973,1,6.509265047797015
165,702,873,1,4.548357078342699
165,783,973,1,17.685208029543023
165,783,1004,1,7.966246489389644
165,783,579,2,11.850386463154225
165,783,1011,1,13.554200769268274
165,1412,783,1,30.014252482424304
166,925,973,2,4.882215518422521
166,579,783,3,11.850386463154225
166,1004,783,1,7.966246489389644
166,1058,928,3,3.468670210314232
166,928,1011,1,3.6167275925925466
166,834,928,5,7.925847526229188
166,1232,1011,2,7.964083694664586
166,1011,1004,4,6.654407802707156
166,973,794,2,8.005758424200978
166,973,1412,1,14.027846499005278
166,850,928,1,7.925847526229188
166,873,1399,1,16.381643901185154
166,1004,873,2,3.839767699909918
166,402,794,2,11.081008814008824
166,1011,1399,1,10.052549905308156
166,464,973,1,14.912840443208973
166,464,714,1,10.122771228736514
166,783,973,2,17.685208029543023
166,783,834,1,7.689481736045675
166,783,402,2,11.521692668209962
166,783,928,3,15.577087902404868
166,783,1011,2,13.554200769268274
166,714,973,1,6.739138237494938
167,928,973,16,2.202808837490146
167,1004,783,1,7.966246489389644
167,973,928,7,2.202808837490146
167,1011,973,5,4.881725510082577
167,834,1058,2,10.204580442928409
167,402,783,2,11.521692668209962
167,794,967,1,4.548315025166438
167,873,1011,1,9.1842566129722
167,794,850,3,12.413971394684204
167,1399,1140,1,6.738996195578808
167,1011,856,1,16.764898582516587
167,1004,925,2,7.016854369636376
167,1478,794,1,18.19275457179061
167,1004,794,1,7.315405465360834
167,1004,967,1,5.811450880513226
167,783,402,1,11.521692668209962
167,783,928,2,15.577087902404868
167,783,525,1,6.671695598673383
167,783,579,1,11.850386463154225
167,783,1011,2,13.554200769268274
167,714,973,2,6.739138237494938
168,1140,1011,1,3.335847799336888
168,973,1058,14,2.41855773034487
168,850,1011,2,11.365584452473476
168,794,834,2,3.0622624863494035
168,973,925,3,4.882215518422521
168,1011,928,1,3.6167275925925466
168,925,1187,3,7.6790367656671
168,402,783,1,11.521692668209962
168,973,714,3,6.739138237494938
168,928,1140,9,6.2484548670441855
168,525,783,1,6.671695598673383
168,1399,1232,1,6.507057624431
168,967,1478,1,14.163846735607535
168,873,925,1,8.629868015705554
168,579,973,1,12.02013346271456
168,1058,794,1,8.77829027244345
168,464,783,1,25.397194471986413
168,464,714,1,10.122771228736514
168,850,1058,1,8.672138339743874
168,1011,834,2,6.510367578384317
168,1011,850,1,11.365584452473476
168,783,973,1,17.685208029543023
169,1140,925,9,5.559746332228015
169,1058,928,5,3.468670210314232
169,973,850,5,6.608947508553885
169,834,794,3,3.0622624863494035
169,1011,928,1,3.6167275925925466
169,925,794,2,3.8399670029013246
169,1058,1105,3,3.961184888937906
169,1187,783,2,19.009124176326512
169,794,579,1,5.55974633222762
169,1058,967,4,5.247679923034634
169,928,714,1,5.640508575131163
169,834,402,1,11.281169605088646
169,1058,1004,1,10.515329624384115
169,714,1011,1,8.663428210145675
169,1058,794,1,8.77829027244345
169,1011,873,1,9.1842566129722
169,1011,702,1,10.884143023519666
169,783,925,1,12.804913262721543
169,783,973,1,17.685208029543023
169,783,928,2,15.577087902404868
169,783,702,1,5.250413373789177
169,783,525,1,6.671695598673383
169,783,1213,1,11.11949266445603
169,783,579,1,11.850386463154225
170,925,967,9,1.4630157462730349
170,928,925,4,2.8524929798341074
170,850,783,2,22.85304209922013
170,794,783,3,10.46245949147104
170,1105,925,3,8.810192302561815
170,525,783,1,6.671695598673383
170,1187,1140,1,3.960411314814771
170,1213,579,1,19.68761230650633
170,967,579,1,10.052645101539124
170,967,850,3,11.888191513854997
170,579,928,1,10.087254514060623
170,1011,714,1,8.663428210145675
170,579,1232,1,18.33205273511288
170,928,402,1,16.388066195777938
170,928,1105,3,6.509632645551289
170,1058,1232,2,4.83687793721146
170,873,1011,1,9.1842566129722
170,973,714,1,6.739138237494938
170,714,856,1,12.80743720302119
170,1478,1011,1,13.494566217296024
170,702,873,1,4.548357078342699
170,702,973,1,14.048686290771036
170,783,873,2,4.4064860569207775
170,783,973,1,17.685208029543023
170,783,1140,1,15.22789003823726
170,783,928,1,15.577087902404868
170,783,702,1,5.250413373789177
170,714,973,1,6.739138237494938
171,925,1011,10,2.223898532891128
171,1011,925,2,2.223898532891128
171,967,1011,2,1.4629503400136323
171,967,873,8,7.925075031537542
171,1232,1058,2,4.83687793721146
171,856,783,1,28.55412357877098
171,928,850,2,7.925847526229188
171,973,702,1,14.048686290771036
171,1140,1232,2,6.119741485129188
171,873,928,2,11.464626189279452
171,579,702,1,6.612071581984758
171,794,714,3,6.125367854472763
171,702,1004,1,7.841523685223605
171,1105,928,3,6.509632645551289
171,973,1011,1,4.881725510082577
171,873,1011,1,9.1842566129722
171,402,579,2,6.514036981260467
171,850,925,3,10.694040075602611
171,579,834,1,7.256503514219511
171,850,1232,1,11.078851145692578
171,714,834,1,9.18763012440511
171,464,783,1,25.397194471986413
171,783,925,1,12.804913262721543
171,783,402,1,11.521692668209962
171,783,928,1,15.577087902404868
171,783,1004,1,7.966246489389644
171,783,579,1,11.850386463154225
171,783,1011,1,13.554200769268274
171,783,1187,1,19.009124176326512
171,714,928,1,5.640508575131163
171,714,1058,1,8.895594131564904
171,714,967,1,8.192867163522228
172,1011,925,15,2.223898532891128
172,1187,1058,1,3.335847799336888
172,925,834,4,5.249047199856985
172,928,783,1,15.577087902404868
172,1232,1058,2,4.83687793721146
172,834,1004,2,4.837273690103386
172,873,1232,2,16.80536252295166
172,928,873,5,11.464626189279452
172,928,1478,1,16.795429231201826
172,973,967,1,5.7043821114062
172,873,928,4,11.464626189279452
172,579,1011,3,11.281034038678854
172,702,579,1,6.612071581984758
172,1232,1140,1,6.119741485129188
172,850,1067,2,5.87594370452583
172,850,1058,1,8.672138339743874
172,402,1011,1,16.93184038136659
172,856,1011,1,16.764898582516587
172,1004,967,1,5.811450880513226
172,702,925,1,9.423506251261468
172,1004,834,1,4.837273690103386
172,1058,1232,3,4.83687793721146
172,1004,1058,1,10.515329624384115
172,464,973,1,14.912840443208973
172,850,925,1,10.694040075602611
172,783,794,1,10.46245949147104
172,783,402,1,11.521692668209962
172,783,579,1,11.850386463154225
172,783,1011,1,13.554200769268274
173,925,967,1,1.4630157462730349
173,1004,783,2,7.966246489389644
173,834,925,4,5.249047199856985
173,928,1011,4,3.6167275925925466
173,925,579,6,9.096756146766438
173,925,1187,9,7.6790367656671
173,1232,1011,5,7.964083694664586
173,873,1004,7,3.839767699909918
173,1058,1187,3,3.335847799336888
173,794,402,1,11.081008814008824
173,579,794,1,5.55974633222762
173,1067,850,2,5.87594370452583
173,1058,834,1,10.204580442928409
173,1011,1140,3,3.335847799336888
173,967,850,2,11.888191513854997
173,973,402,1,18.419980035084063
173,402,702,1,7.84160901068824
173,1011,834,2,6.510367578384317
173,850,714,1,7.4471861231509155
173,714,973,1,6.739138237494938
173,579,714,1,6.612071581984758
173,783,1232,1,21.210313956402903
173,783,873,1,4.4064860569207775
173,783,834,1,7.689481736045675
173,783,402,1,11.521692668209962
173,783,928,1,15.577087902404868
173,783,1004,3,7.966246489389644
173,783,850,1,22.85304209922013
173,783,1213,1,11.11949266445603
173,783,967,1,12.247362390603268
174,1011,1058,9,3.961571514117998
174,1004,783,5,7.966246489389644
174,925,1058,7,5.058513634802797
174,1140,1011,3,3.335847799336888
174,402,783,2,11.521692668209962
174,834,967,4,5.059118864445973
174,850,579,2,14.052136310094992
174,1232,973,3,6.739053043647001
174,1187,783,7,19.009124176326512
174,928,1399,1,12.37821780679595
174,579,794,2,5.55974633222762
174,794,1213,1,15.264021951318778
174,1213,925,1,14.603468927185563
174,702,794,1,6.125367854472763
174,579,928,2,10.087254514060623
174,873,794,1,7.018858162934119
174,402,702,1,7.84160901068824
174,1004,1011,3,6.654407802707156
174,1140,967,1,4.548230871686798
174,579,973,1,12.02013346271456
174,967,579,2,10.052645101539124
174,850,172,2,35.56283988223624
174,579,1011,1,11.281034038678854
174,1058,834,1,10.204580442928409
174,1004,1213,1,7.964083694664586
174,783,794,1,10.46245949147104
174,783,402,1,11.521692668209962
174,783,702,1,5.250413373789177
174,783,1004,2,7.966246489389644
174,783,1213,2,11.11949266445603
174,783,1067,1,25.606032905209577
174,1412,973,1,14.027846499005278
175,834,783,1,7.689481736045675
175,928,973,2,2.202808837490146
175,1058,973,13,2.41855773034487
175,1213,783,1,11.11949266445603
175,794,925,2,3.8399670029013246
175,925,1140,1,5.559746332228015
175,1011,973,7,4.881725510082577
175,1187,928,4,6.739067249150369
175,402,783,1,11.521692668209962
175,1399,1187,1,6.247627185540738
175,973,1187,5,5.6404067966465385
175,967,1232,4,9.421989977231084
175,794,873,1,7.018858162934119
175,794,702,2,6.125367854472763
175,702,525,1,6.512937082064592
175,1213,873,1,9.674072372960078
175,1213,1187,1,16.19122385834084
175,1067,1058,1,8.554760866502043
175,579,967,3,10.052645101539124
175,1187,967,1,7.314097191827283
175,702,973,1,14.048686290771036
175,1004,967,1,5.811450880513226
175,1478,1011,1,13.494566217296024
175,1004,925,1,7.016854369636376
175,1004,794,1,7.315405465360834
175,1058,1232,1,4.83687793721146
175,200,464,1,8.783774420135625
175,579,1011,1,11.281034038678854
175,783,172,1,17.768672451070774
175,783,925,1,12.804913262721543
175,783,834,1,7.689481736045675
175,783,200,1,23.862165274375425
175,783,579,1,11.850386463154225
175,783,1011,2,13.554200769268274
176,928,925,4,2.8524929798341074
176,702,783,2,5.250413373789177
176,1058,1011,3,3.961571514117998
176,1187,1058,6,3.335847799336888
176,925,834,4,5.249047199856985
176,973,928,2,2.202808837490146
176,1232,783,1,21.210313956402903
176,834,1058,1,10.204580442928409
176,967,1187,6,7.314097191827283
176,973,1187,7,5.6404067966465385
176,525,783,1,6.671695598673383
176,1011,1187,5,5.851146926487822
176,873,702,2,4.548357078342699
176,973,1412,1,14.027846499005278
176,973,714,8,6.739138237494938
176,579,967,1,10.052645101539124
176,973,1058,4,2.41855773034487
176,973,1105,2,4.388654712140797
176,1232,1140,1,6.119741485129188
176,1140,702,1,13.472348608720578
176,1213,1004,1,7.964083694664586
176,783,925,1,12.804913262721543
176,783,873,1,4.4064860569207775
176,783,928,1,15.577087902404868
176,783,702,1,5.250413373789177
176,783,850,1,22.85304209922013
176,783,1213,1,11.11949266445603
176,783,1011,1,13.554200769268274
176,783,967,1,12.247362390603268
176,714,579,1,6.612071581984758
176,1412,1232,1,8.805321213797965
177,925,1011,5,2.223898532891128
177,702,783,4,5.250413373789177
177,1058,973,10,2.41855773034487
177,1187,1058,15,3.335847799336888
177,1213,783,1,11.11949266445603
177,1232,1187,4,2.2017655762295663
177,850,1011,2,11.365584452473476
177,1187,928,2,6.739067249150369
177,834,967,4,5.059118864445973
177,1011,1213,1,13.548232944538976
177,1011,1232,1,7.964083694664586
177,928,1058,3,3.468670210314232
177,834,1105,1,14.045233535461502
177,1140,1058,1,4.404400893299181
177,794,973,1,8.005758424200978
177,967,579,2,10.052645101539124
177,873,1232,1,16.80536252295166
177,579,928,1,10.087254514060623
177,783,925,1,12.804913262721543
177,783,856,1,28.55412357877098
177,783,794,1,10.46245949147104
177,783,702,1,5.250413373789177
177,783,525,2,6.671695598673383
177,783,200,1,23.862165274375425
177,783,579,1,11.850386463154225
177,783,1067,1,25.606032905209577
177,714,925,1,6.736742718055863
177,714,973,2,6.739138237494938
177,714,928,2,5.640508575131163
178,928,973,5,2.202808837490146
178,579,783,3,11.850386463154225
178,1058,928,17,3.468670210314232
178,925,1232,2,9.649241749541863
178,973,925,5,4.882215518422521
178,1232,1011,2,7.964083694664586
178,1187,973,3,5.6404067966465385
178,794,967,1,4.548315025166438
178,973,794,5,8.005758424200978
178,1011,579,3,11.281034038678854
178,1105,925,1,8.810192302561815
178,525,783,2,6.671695598673383
178,967,714,3,8.192867163522228
178,1187,925,2,7.6790367656671
178,967,402,1,15.541607685822626
178,967,850,1,11.888191513854997
178,856,1067,1,6.736061142864135
178,1011,714,1,8.663428210145675
178,1004,873,1,3.839767699909918
178,1067,1187,1,9.180879404297018
178,1058,1232,3,4.83687793721146
178,702,794,1,6.125367854472763
178,1213,1004,1,7.964083694664586
178,1011,1399,1,10.052549905308156
178,783,925,1,12.804913262721543
178,783,973,1,17.685208029543023
178,783,928,1,15.577087902404868
178,783,1058,1,17.486864213198086
178,783,525,1,6.671695598673383
178,783,1011,1,13.554200769268274
178,714,856,1,12.80743720302119
178,714,973,1,6.739138237494938
179,928,973,4,2.202808837490146
179,579,783,2,11.850386463154225
179,873,834,1,3.963116935247085
179,973,783,2,17.685208029543023
179,925,1140,2,5.559746332228015
179,925,702,4,9.423506251261468
179,928,1187,11,6.739067249150369
179,928,579,3,10.087254514060623
179,973,1067,6,7.92352939429049
179,525,783,1,6.671695598673383
179,794,579,4,5.55974633222762
179,1011,1105,2,7.92275625179966
179,967,1140,1,4.548230871686798
179,1011,464,1,18.41923278489661
179,1058,1105,1,3.961184888937906
179,1232,1058,3,4.83687793721146
179,794,1004,1,7.315405465360834
179,1011,702,1,10.884143023519666
179,794,702,1,6.125367854472763
179,402,579,1,6.514036981260467
179,1067,967,1,13.49334191116594
179,1187,928,2,6.739067249150369
179,1105,1058,2,3.961184888937906
179,1011,834,1,6.510367578384317
179,973,1058,3,2.41855773034487
179,1004,925,1,7.016854369636376
179,1011,714,1,8.663428210145675
179,783,973,1,17.685208029543023
179,783,794,1,10.46245949147104
179,783,928,1,15.577087902404868
179,783,702,1,5.250413373789177
179,783,1011,1,13.554200769268274
179,783,1067,1,25.606032905209577
179,714,928,1,5.640508575131163
179,714,1011,1,8.663428210145675
180,928,967,4,3.962344440629368
180,925,783,1,12.804913262721543
180,579,783,1,11.850386463154225
180,1232,1187,2,2.2017655762295663
180,973,928,7,2.202808837490146
180,1058,783,2,17.486864213198086
180,794,967,1,4.548315025166438
180,1187,783,10,19.009124176326512
180,579,794,6,5.55974633222762
180,1067,783,2,25.606032905209577
180,1105,1187,2,4.4040530489389695
180,1187,1105,1,4.4040530489389695
180,1140,1232,3,6.119741485129188
180,1058,967,2,5.247679923034634
180,579,967,1,10.052645101539124
180,1067,856,3,6.736061142864135
180,702,928,5,11.847457656626572
180,1105,714,1,10.705966675098557
180,856,1232,1,14.473652063742133
180,1011,579,3,11.281034038678854
180,967,714,1,8.192867163522228
180,464,973,1,14.912840443208973
180,464,850,1,10.052673626423328
180,783,928,1,15.577087902404868
180,783,579,2,11.850386463154225
181,702,783,2,5.250413373789177
181,579,783,2,11.850386463154225
181,925,1140,3,5.559746332228015
181,794,834,6,3.0622624863494035
181,1232,1105,4,3.8392690799482057
181,928,794,13,5.8083597500151045
181,1105,1232,1,3.8392690799482057
181,1187,1067,2,9.180879404297018
181,850,834,2,15.216513464969486
181,967,834,3,5.059118864445973
181,1399,1140,1,6.738996195578808
181,1058,1140,3,4.404400893299181
181,967,1004,2,5.811450880513226
181,856,973,1,11.88819151385629
181,973,1140,1,6.509265047797015
181,579,928,1,10.087254514060623
181,1004,873,1,3.839767699909918
181,579,702,1,6.612071581984758
181,834,579,1,7.256503514219511
181,579,967,1,10.052645101539124
181,1058,1067,1,8.554760866502043
181,1067,1058,1,8.554760866502043
181,783,925,1,12.804913262721543
181,783,928,2,15.577087902404868
181,783,1004,1,7.966246489389644
181,783,525,1,6.671695598673383
181,783,714,1,16.323166899192785
181,714,1004,2,13.03892031990063
181,714,850,1,7.4471861231509155
182,925,973,1,4.882215518422521
182,1140,1011,6,3.335847799336888
182,834,928,3,7.925847526229188
182,928,1232,2,8.28950012214804
182,794,783,9,10.46245949147104
182,794,967,2,4.548315025166438
182,834,1004,6,4.837273690103386
182,967,1058,3,5.247679923034634
182,525,783,1,6.671695598673383
182,1067,850,1,5.87594370452583
182,1105,973,3,4.388654712140797
182,1067,1011,1,12.40745751794731
182,1140,973,2,6.509265047797015
182,702,928,1,11.847457656626572
182,850,1067,1,5.87594370452583
182,834,402,1,11.281169605088646
182,928,402,1,16.388066195777938
182,1004,834,3,4.837273690103386
182,1232,1140,1,6.119741485129188
182,1004,1011,1,6.654407802707156
182,1067,1412,1,8.946191032118977
182,1187,834,2,12.342244898446324
182,1105,928,1,6.509632645551289
182,579,702,1,6.612071581984758
182,783,794,2,10.46245949147104
182,783,834,2,7.689481736045675
182,783,402,1,11.521692668209962
182,783,928,1,15.577087902404868
182,783,702,1,5.250413373789177
182,783,1213,1,11.11949266445603
182,783,1011,1,13.554200769268274
182,783,967,1,12.247362390603268
182,783,1187,2,19.009124176326512
183,928,967,1,3.962344440629368
183,1058,1011,3,3.961571514117998
183,967,1011,4,1.4629503400136323
183,1004,783,1,7.966246489389644
183,1067,973,2,7.92352939429049
183,1213,783,1,11.11949266445603
183,973,925,5,4.882215518422521
183,1232,1011,2,7.964083694664586
183,873,1004,1,3.839767699909918
183,1011,1004,3,6.654407802707156
183,402,783,1,11.521692668209962
183,1187,783,1,19.009124176326512
183,834,702,8,4.389831624444016
183,928,1067,3,10.07507435147502
183,928,1213,1,17.083849184069507
183,1011,1140,6,3.335847799336888
183,1140,1004,1,7.442778444077659
183,850,464,1,10.052673626423328
183,402,702,1,7.84160901068824
183,794,1140,1,9.096545861200513
183,1187,925,1,7.6790367656671
183,702,1004,1,7.841523685223605
183,794,702,1,6.125367854472763
183,1004,873,2,3.839767699909918
183,794,967,2,4.548315025166438
183,1004,1011,2,6.654407802707156
183,1004,925,1,7.016854369636376
183,1004,794,1,7.315405465360834
183,783,973,1,17.685208029543023
183,783,1058,1,17.486864213198086
183,783,850,1,22.85304209922013
183,714,1140,1,11.751952287542252
184,925,1011,7,2.223898532891128
184,967,1011,2,1.4629503400136323
184,1004,783,3,7.966246489389644
184,1067,973,3,7.92352939429049
184,873,834,1,3.963116935247085
184,1058,928,2,3.468670210314232
184,973,783,2,17.685208029543023
184,928,1011,1,3.6167275925925466
184,1011,973,9,4.881725510082577
184,1140,928,2,6.2484548670441855
184,873,1187,1,14.60457664934919
184,702,928,7,11.847457656626572
184,850,1067,1,5.87594370452583
184,1004,834,1,4.837273690103386
184,1004,967,2,5.811450880513226
184,579,1011,1,11.281034038678854
184,856,783,1,28.55412357877098
184,464,925,1,16.731616825582336
184,783,172,2,17.768672451070774
184,783,794,1,10.46245949147104
184,783,928,1,15.577087902404868
184,783,1004,1,7.966246489389644
184,783,1105,1,21.4299278250006
184,783,579,1,11.850386463154225
184,783,714,1,16.323166899192785
184,783,1187,2,19.009124176326512
185,928,925,11,2.8524929798341074
185,925,783,1,12.804913262721543
185,1140,1011,3,3.335847799336888
185,1011,973,10,4.881725510082577
185,973,925,11,4.882215518422521
185,1105,1232,1,3.8392690799482057
185,1187,783,2,19.009124176326512
185,967,702,1,9.424975322198348
185,702,834,4,4.389831624444016
185,1140,1232,3,6.119741485129188
185,834,973,2,10.076973504527178
185,794,1232,1,13.471439449058977
185,579,973,1,12.02013346271456
185,967,834,1,5.059118864445973
185,402,1011,1,16.93184038136659
185,1004,925,1,7.016854369636376
185,783,873,2,4.4064860569207775
185,783,856,1,28.55412357877098
185,783,834,1,7.689481736045675
185,783,402,1,11.521692668209962
185,783,1478,1,18.994191672564124
185,783,967,1,12.247362390603268
185,714,1011,1,8.663428210145675
186,925,783,16,12.804913262721543
186,1213,783,1,11.11949266445603
186,973,783,2,17.685208029543023
186,1232,1105,4,3.8392690799482057
186,973,850,10,6.608947508553885
186,402,783,1,11.521692668209962
186,1011,1232,4,7.964083694664586
186,834,702,5,4.389831624444016
186,873,925,1,8.629868015705554
186,967,1004,2,5.811450880513226
186,973,1058,4,2.41855773034487
186,873,967,1,7.925075031537542
186,794,873,1,7.018858162934119
186,783,834,1,7.689481736045675
186,783,928,2,15.577087902404868
186,783,1004,1,7.966246489389644
186,783,525,2,6.671695598673383
186,783,1213,1,11.11949266445603
186,783,1011,3,13.554200769268274
186,1067,1140,1,12.55411324365653
187,928,967,3,3.962344440629368
187,1011,967,7,1.4629503400136323
187,1004,783,1,7.966246489389644
187,1213,783,1,11.11949266445603
187,973,928,1,2.202808837490146
187,925,928,8,2.8524929798341074
187,850,973,5,6.608947508553885
187,1105,1232,1,3.8392690799482057
187,834,1058,2,10.204580442928409
187,525,783,2,6.671695598673383
187,1187,1140,1,3.960411314814771
187,1232,1478,1,13.206936132693205
187,967,1478,1,14.163846735607535
187,873,1011,1,9.1842566129722
187,1232,973,1,6.739053043647001
187,1140,928,1,6.2484548670441855
187,702,928,2,11.847457656626572
187,1004,1140,1,7.442778444077659
187,1105,850,1,7.255791794533394
187,702,794,1,6.125367854472763
187,783,873,1,4.4064860569207775
187,783,402,1,11.521692668209962
187,783,928,1,15.577087902404868
187,783,1058,1,17.486864213198086
187,714,834,1,9.18763012440511
188,967,1011,10,1.4629503400136323
188,1058,925,5,5.058513634802797
188,873,834,1,3.963116935247085
188,928,783,2,15.577087902404868
188,973,928,6,2.202808837490146
188,834,1058,2,10.204580442928409
188,402,783,1,11.521692668209962
188,928,834,6,7.925847526229188
188,1232,1399,3,6.507057624431
188,702,834,3,4.389831624444016
188,1140,1058,2,4.404400893299181
188,1004,1058,1,10.515329624384115
188,783,973,1,17.685208029543023
188,783,402,1,11.521692668209962
188,783,1011,3,13.554200769268274
188,783,714,1,16.323166899192785
189,1011,967,14,1.4629503400136323
189,925,834,2,5.249047199856985
189,1058,928,6,3.468670210314232
189,850,1011,6,11.365584452473476
189,1232,928,1,8.28950012214804
189,834,1011,5,6.510367578384317
189,928,702,6,11.847457656626572
189,794,1011,1,5.876008831303484
189,973,1067,1,7.92352939429049
189,1105,928,1,6.509632645551289
189,402,1011,1,16.93184038136659
189,783,794,1,10.46245949147104
189,783,702,1,5.250413373789177
189,783,579,1,11.850386463154225
190,967,925,14,1.4630157462730349
190,702,783,1,5.250413373789177
190,925,834,3,5.249047199856985
190,834,925,6,5.249047199856985
190,1011,973,4,4.881725510082577
190,1399,1187,2,6.247627185540738
190,794,1011,1,5.876008831303484
190,702,873,2,4.548357078342699
190,579,1058,1,13.4971193863272
190,928,834,6,7.925847526229188
190,1105,834,1,14.045233535461502
190,783,1232,1,21.210313956402903
190,783,928,3,15.577087902404868
190,783,702,3,5.250413373789177
190,783,1187,1,19.009124176326512
190,714,967,1,8.192867163522228
191,834,783,1,7.689481736045675
191,925,973,17,4.882215518422521
191,928,973,10,2.202808837490146
191,873,783,1,4.4064860569207775
191,1011,794,9,5.876008831303484
191,834,1011,6,6.510367578384317
191,1399,1140,1,6.738996195578808
191,973,464,1,14.912840443208973
191,967,1232,1,9.421989977231084
191,702,402,2,7.84160901068824
191,1232,973,1,6.739053043647001
191,1011,714,1,8.663428210145675
191,1058,873,1,13.135447383238883
191,702,525,1,6.512937082064592
191,783,1232,1,21.210313956402903
191,783,928,1,15.577087902404868
191,783,702,1,5.250413373789177
191,783,1213,1,11.11949266445603
191,783,967,1,12.247362390603268
192,928,925,1,2.8524929798341074
192,873,834,1,3.963116935247085
192,973,928,1,2.202808837490146
192,925,928,3,2.8524929798341074
192,794,783,1,10.46245949147104
192,402,783,2,11.521692668209962
192,1187,1067,3,9.180879404297018
192,702,834,1,4.389831624444016
192,834,1187,2,12.342244898446324
192,973,1011,18,4.881725510082577
192,1232,1213,2,18.052391004569408
192,973,714,1,6.739138237494938
192,967,1232,1,9.421989977231084
192,702,402,2,7.84160901068824
192,1213,794,1,15.264021951318778
192,794,579,1,5.55974633222762
192,702,1011,1,10.884143023519666
192,702,873,1,4.548357078342699
192,525,794,1,12.411444711524124
192,783,1232,1,21.210313956402903
192,783,1067,1,25.606032905209577
192,714,579,1,6.612071581984758
193,873,783,2,4.4064860569207775
193,1213,783,1,11.11949266445603
193,794,925,9,3.8399670029013246
193,1011,973,15,4.881725510082577
193,973,925,7,4.882215518422521
193,928,794,4,5.8083597500151045
193,834,967,2,5.059118864445973
193,1067,783,1,25.606032905209577
193,1067,1232,2,8.002242999882604
193,1058,702,1,14.468812957232682
193,1232,834,1,14.473652063742133
193,973,967,4,5.7043821114062
193,834,525,1,10.886391578093734
193,1140,973,1,6.509265047797015
193,579,1004,1,12.093776951796409
193,925,1213,1,14.603468927185563
193,714,794,1,6.125367854472763
193,714,928,1,5.640508575131163
194,925,967,13,1.4630157462730349
194,967,925,5,1.4630157462730349
194,1067,973,2,7.92352939429049
194,973,928,13,2.202808837490146
194,1232,928,1,8.28950012214804
194,402,783,2,11.521692668209962
194,834,967,1,5.059118864445973
194,1011,1232,10,7.964083694664586
194,928,1213,1,17.083849184069507
194,1187,928,2,6.739067249150369
194,1004,1213,1,7.964083694664586
194,794,967,2,4.548315025166438
195,925,1011,7,2.223898532891128
195,967,925,8,1.4630157462730349
195,1213,783,4,11.11949266445603
195,794,928,3,5.8083597500151045
195,1232,967,2,9.421989977231084
195,928,1105,3,6.509632645551289
195,928,1140,2,6.2484548670441855
195,967,1004,3,5.811450880513226
195,973,794,1,8.005758424200978
195,973,1067,2,7.92352939429049
195,967,834,3,5.059118864445973
195,579,1011,1,11.281034038678854
195,702,967,1,9.424975322198348
195,525,834,1,10.886391578093734
196,925,967,2,1.4630157462730349
196,928,925,5,2.8524929798341074
196,967,925,6,1.4630157462730349
196,1011,794,5,5.876008831303484
196,1105,1187,1,4.4040530489389695
196,1232,1067,8,8.002242999882604
196,834,1004,1,4.837273690103386
196,928,1187,4,6.739067249150369
196,1232,973,1,6.739053043647001
196,973,464,1,14.912840443208973
197,834,783,1,7.689481736045675
197,967,928,2,3.962344440629368
197,1140,1011,2,3.335847799336888
197,925,928,11,2.8524929798341074
197,925,714,2,6.736742718055863
197,794,1011,2,5.876008831303484
197,1067,1232,1,8.002242999882604
197,1232,1412,1,8.805321213797965
197,1011,1105,1,7.92275625179966
197,1004,873,1,3.839767699909918
197,973,714,1,6.739138237494938
197,928,579,2,10.087254514060623
197,1105,967,1,9.182568470632535
197,1004,834,2,4.837273690103386
197,1004,967,1,5.811450880513226
198,928,925,16,2.8524929798341074
198,794,925,4,3.8399670029013246
198,925,1058,4,5.058513634802797
198,973,925,1,4.882215518422521
198,834,702,3,4.389831624444016
198,1105,1011,1,7.92275625179966
198,1011,850,2,11.365584452473476
198,1011,794,1,5.876008831303484
198,1187,1140,5,3.960411314814771
198,1067,1232,2,8.002242999882604
198,1067,973,1,7.92352939429049
199,967,925,2,1.4630157462730349
199,834,783,2,7.689481736045675
199,873,834,1,3.963116935247085
199,1058,928,3,3.468670210314232
199,925,1058,17,5.058513634802797
199,1011,579,1,11.281034038678854
199,1011,1187,1,5.851146926487822
199,702,1004,1,7.841523685223605
199,702,794,1,6.125367854472763
199,1011,1105,2,7.92275625179966
200,925,973,7,4.882215518422521
200,1058,925,6,5.058513634802797
200,834,925,1,5.249047199856985
200,1232,1105,3,3.8392690799482057
200,794,1011,1,5.876008831303484
200,1105,1187,1,4.4040530489389695
200,579,714,2,6.612071581984758
200,702,1213,1,14.16486062369625
200,1140,967,4,4.548230871686798
201,928,973,3,2.202808837490146
201,1187,1232,2,2.2017655762295663
201,1058,928,9,3.468670210314232
201,967,973,2,5.7043821114062
201,925,794,2,3.8399670029013246
201,1105,1011,3,7.92275625179966
201,973,1105,4,4.388654712140797
201,1058,967,2,5.247679923034634
201,850,928,1,7.925847526229188
201,794,873,1,7.018858162934119
201,850,856,1,5.706192977163574
201,579,714,1,6.612071581984758
201,1140,714,1,11.751952287542252
201,1067,1213,1,25.105643459964693
201,1067,783,1,25.606032905209577
201,1004,834,1,4.837273690103386
202,925,973,5,4.882215518422521
202,973,928,3,2.202808837490146
202,928,1011,5,3.6167275925925466
202,1105,1232,3,3.8392690799482057
202,1011,1232,1,7.964083694664586
202,967,579,2,10.052645101539124
202,973,1187,1,5.6404067966465385
202,794,1004,1,7.315405465360834
202,1058,794,1,8.77829027244345
202,714,783,1,16.323166899192785
203,873,783,1,4.4064860569207775
203,1004,783,1,7.966246489389644
203,1213,783,2,11.11949266445603
203,973,925,2,4.882215518422521
203,1232,925,3,9.649241749541863
203,834,967,1,5.059118864445973
203,1105,1011,1,7.92275625179966
203,794,1011,1,5.876008831303484
203,1011,1187,4,5.851146926487822
203,973,714,2,6.739138237494938
203,967,873,1,7.925075031537542
203,973,850,2,6.608947508553885
203,1105,1187,1,4.4040530489389695
203,1478,1011,1,13.494566217296024
204,967,925,2,1.4630157462730349
204,1232,1187,3,2.2017655762295663
204,794,925,1,3.8399670029013246
204,925,1058,4,5.058513634802797
204,928,1232,4,8.28950012214804
204,1187,1067,1,9.180879404297018
204,928,714,4,5.640508575131163
204,1011,1004,5,6.654407802707156
204,464,714,1,10.122771228736514
204,714,794,1,6.125367854472763
205,925,967,4,1.4630157462730349
205,1004,783,1,7.966246489389644
205,794,925,1,3.8399670029013246
205,1232,1412,2,8.805321213797965
205,1058,1140,1,4.404400893299181
205,1187,928,2,6.739067249150369
205,1187,925,2,7.6790367656671
205,850,714,2,7.4471861231509155
205,973,873,1,13.496121499721363
205,1011,1232,1,7.964083694664586
205,973,579,1,12.02013346271456
205,579,834,2,7.256503514219511
205,973,402,2,18.419980035084063
205,1105,794,1,12.287533860803824
205,1187,1067,1,9.180879404297018
205,1187,967,2,7.314097191827283
205,464,850,1,10.052673626423328
205,1004,873,1,3.839767699909918
206,873,783,2,4.4064860569207775
206,1004,783,3,7.966246489389644
206,1187,1058,1,3.335847799336888
206,925,928,2,2.8524929798341074
206,967,1140,3,4.548230871686798
206,1058,850,2,8.672138339743874
206,850,714,1,7.4471861231509155
206,834,714,1,9.18763012440511
206,1011,973,1,4.881725510082577
206,1232,967,1,9.421989977231084
206,794,1058,1,8.77829027244345
206,579,794,1,5.55974633222762
206,1232,1004,1,13.548232944538976
207,928,925,3,2.8524929798341074
207,967,928,2,3.962344440629368
207,973,928,1,2.202808837490146
207,1140,834,1,9.120303414799448
207,834,973,1,10.076973504527178
207,1140,967,1,4.548230871686798
207,1058,1232,2,4.83687793721146
207,402,579,1,6.514036981260467
207,783,402,1,11.521692668209962
207,783,579,1,11.850386463154225
207,783,1011,2,13.554200769268274
207,714,783,1,16.323166899192785
207,1067,783,1,25.606032905209577
208,973,928,1,2.202808837490146
208,928,1011,4,3.6167275925925466
208,967,783,2,12.247362390603268
208,402,783,2,11.521692668209962
208,1140,1187,2,3.960411314814771
208,925,464,1,16.731616825582336
208,925,856,1,16.318086894445933
208,794,1004,1,7.315405465360834
208,1011,794,2,5.876008831303484
208,579,834,1,7.256503514219511
208,1232,1004,1,13.548232944538976
208,850,714,1,7.4471861231509155
208,1004,1011,1,6.654407802707156
208,1232,967,1,9.421989977231084
208,856,1067,1,6.736061142864135
209,928,925,1,2.8524929798341074
209,850,973,1,6.608947508553885
209,925,1140,2,5.559746332228015
209,794,928,1,5.8083597500151045
209,834,1011,1,6.510367578384317
209,967,1187,1,7.314097191827283
209,873,967,1,7.925075031537542
209,794,579,1,5.55974633222762
209,1058,850,1,8.672138339743874
209,783,873,1,4.4064860569207775
209,783,794,1,10.46245949147104
209,783,1011,1,13.554200769268274
209,1412,1011,1,16.64651643490022
209,1067,856,1,6.736061142864135
210,928,925,1,2.8524929798341074
210,967,925,1,1.4630157462730349
210,1004,783,1,7.966246489389644
210,794,925,1,3.8399670029013246
210,1140,1399,2,6.738996195578808
210,1011,834,3,6.510367578384317
210,1232,1140,1,6.119741485129188
210,1187,834,1,12.342244898446324
210,834,1105,1,14.045233535461502
210,873,856,1,24.750513902772017
210,579,794,1,5.55974633222762
210,1011,873,2,9.1842566129722
210,1187,1004,1,11.361508124700526
210,1004,925,1,7.016854369636376
210,579,873,1,10.243397261423542
210,1011,794,1,5.876008831303484
210,1011,1004,1,6.654407802707156
210,783,1478,33,18.994191672564124
211,1011,925,1,2.223898532891128
211,967,1011,1,1.4629503400136323
211,873,1004,1,3.839767699909918
211,1140,1187,1,3.960411314814771
211,834,1399,2,15.539391645120883
211,794,1232,1,13.471439449058977
211,834,1011,1,6.510367578384317
211,973,702,1,14.048686290771036
211,925,1478,2,15.538947915471203
211,1187,928,1,6.739067249150369
211,783,794,1,10.46245949147104
211,783,525,1,6.671695598673383
211,714,1058,1,8.895594131564904
211,1067,850,1,5.87594370452583
211,1067,783,1,25.606032905209577
212,925,967,4,1.4630157462730349
212,1004,783,1,7.966246489389644
212,1187,1058,1,3.335847799336888
212,834,873,1,3.963116935247085
212,1058,783,1,17.486864213198086
212,1399,783,2,20.47900955025097
212,794,1011,2,5.876008831303484
212,873,702,1,4.548357078342699
212,1232,1140,1,6.119741485129188
212,850,834,1,15.216513464969486
212,1011,1187,2,5.851146926487822
212,525,402,1,6.614151574587493
212,1399,1478,1,7.009492875361758
212,1004,1011,1,6.654407802707156
212,783,1067,1,25.606032905209577
212,1105,928,1,6.509632645551289
212,783,873,2,4.4064860569207775
213,967,925,4,1.4630157462730349
213,873,783,3,4.4064860569207775
213,928,1232,1,8.28950012214804
213,1399,1232,1,6.507057624431
213,1140,525,1,19.879498068061267
213,834,1140,1,9.120303414799448
213,1011,1187,1,5.851146926487822
213,1187,928,2,6.739067249150369
213,783,1478,1,18.994191672564124
213,783,525,2,6.671695598673383
213,850,1478,1,23.22006368739352
213,856,1067,1,6.736061142864135
213,1004,834,1,4.837273690103386
214,1232,1187,1,2.2017655762295663
214,873,1004,1,3.839767699909918
214,925,850,2,10.694040075602611
214,928,1058,2,3.468670210314232
214,525,783,2,6.671695598673383
214,1140,1058,1,4.404400893299181
214,525,579,1,10.527425779295132
214,1011,1232,1,7.964083694664586
214,783,925,1,12.804913262721543
214,702,714,1,11.41600413764035
214,702,967,1,9.424975322198348
214,856,1067,1,6.736061142864135
214,783,834,1,7.689481736045675
214,714,973,1,6.739138237494938
214,714,783,1,16.323166899192785
215,834,783,1,7.689481736045675
215,1232,1105,1,3.8392690799482057
215,1058,783,2,17.486864213198086
215,1058,1004,1,10.515329624384115
215,925,1478,1,15.538947915471203
215,973,525,1,20.41598808925938
215,928,850,1,7.925847526229188
215,402,579,1,6.514036981260467
215,783,973,2,17.685208029543023
215,579,714,1,6.612071581984758
215,783,928,1,15.577087902404868
215,783,925,1,12.804913262721543
215,1067,973,1,7.92352939429049
216,925,973,2,4.882215518422521
216,1187,1011,2,5.851146926487822
216,850,973,2,6.608947508553885
216,525,783,1,6.671695598673383
216,973,702,2,14.048686290771036
216,928,1140,1,6.2484548670441855
216,973,1011,1,4.881725510082577
216,783,702,1,5.250413373789177
216,1011,873,1,9.1842566129722
216,834,973,1,10.076973504527178
216,1004,794,1,7.315405465360834
216,783,925,2,12.804913262721543
216,856,973,1,11.88819151385629
216,856,1067,1,6.736061142864135
216,1004,1011,1,6.654407802707156
216,714,1011,1,8.663428210145675
216,1412,1232,1,8.805321213797965
216,1412,1067,1,8.946191032118977
217,973,925,3,4.882215518422521
217,1232,1011,1,7.964083694664586
217,702,834,3,4.389831624444016
217,925,1187,2,7.6790367656671
217,1058,1140,1,4.404400893299181
217,579,794,1,5.55974633222762
217,1011,1187,4,5.851146926487822
217,794,967,1,4.548315025166438
217,967,850,1,11.888191513854997
217,783,714,1,16.323166899192785
217,714,925,1,6.736742718055863
218,1187,1058,4,3.335847799336888
218,1140,925,2,5.559746332228015
218,925,1232,4,9.649241749541863
218,834,794,3,3.0622624863494035
218,873,1011,1,9.1842566129722
218,1011,525,1,17.39283322509588
218,783,1140,1,15.22789003823726
218,1011,1105,1,7.92275625179966
218,1105,850,1,7.255791794533394
218,850,925,1,10.694040075602611
218,794,714,1,6.125367854472763
218,464,579,1,13.736208219113248
218,714,928,1,5.640508575131163
218,1412,783,1,30.014252482424304
218,1412,1067,1,8.946191032118977
219,967,925,1,1.4630157462730349
219,928,783,1,15.577087902404868
219,850,973,2,6.608947508553885
219,1232,928,3,8.28950012214804
219,794,783,3,10.46245949147104
219,525,783,1,6.671695598673383
219,1187,1399,1,6.247627185540738
219,1058,1105,2,3.961184888937906
219,973,794,1,8.005758424200978
219,973,714,1,6.739138237494938
219,579,200,1,12.57636232869906
219,783,928,1,15.577087902404868
220,925,783,3,12.804913262721543
220,1105,1232,2,3.8392690799482057
220,973,1011,3,4.881725510082577
220,783,1478,3,18.994191672564124
220,794,579,1,5.55974633222762
220,1011,1067,1,12.40745751794731
220,928,1478,4,16.795429231201826
220,783,1105,1,21.4299278250006
220,783,1187,1,19.009124176326512
220,1067,856,1,6.736061142864135
220,1067,973,1,7.92352939429049
220,1067,783,1,25.606032905209577
221,1232,925,1,9.649241749541863
221,1105,1011,1,7.92275625179966
221,925,702,1,9.423506251261468
221,925,1067,1,12.80112469343922
221,1011,850,1,11.365584452473476
221,1058,967,2,5.247679923034634
221,783,525,1,6.671695598673383
221,973,702,1,14.048686290771036
221,1187,928,1,6.739067249150369
221,1140,873,1,10.849467604025635
221,1232,1067,2,8.002242999882604
221,200,925,1,19.74674473703068
221,714,1058,1,8.895594131564904
221,714,783,1,16.323166899192785
221,1067,925,1,12.80112469343922
221,1067,856,1,6.736061142864135
222,702,783,2,5.250413373789177
222,928,973,1,2.202808837490146
222,967,1011,2,1.4629503400136323
222,1187,1011,1,5.851146926487822
222,925,834,3,5.249047199856985
222,525,783,1,6.671695598673383
222,1399,794,1,15.826254339522078
222,1058,928,1,3.468670210314232
222,783,1232,1,21.210313956402903
222,1105,967,1,9.182568470632535
222,783,702,1,5.250413373789177
222,579,925,1,9.096756146766438
222,714,973,1,6.739138237494938
223,1011,928,6,3.6167275925925466
223,1232,783,1,21.210313956402903
223,928,1187,1,6.739067249150369
223,973,1011,2,4.881725510082577
223,834,579,1,7.256503514219511
223,834,1011,2,6.510367578384317
223,783,1011,4,13.554200769268274
224,925,973,1,4.882215518422521
224,873,702,1,4.548357078342699
224,967,1058,1,5.247679923034634
224,928,579,1,10.087254514060623
224,702,402,1,7.84160901068824
224,1232,464,1,20.81259910432051
224,1187,967,1,7.314097191827283
224,1011,1105,5,7.92275625179966
224,579,702,1,6.612071581984758
224,783,1140,1,15.22789003823726
224,1011,1187,1,5.851146926487822
225,928,925,5,2.8524929798341074
225,973,928,1,2.202808837490146
225,1140,973,1,6.509265047797015
225,967,1213,1,13.213201406808306
225,1105,1058,4,3.961184888937906
225,794,1187,1,11.519003477970214
225,702,579,1,6.612071581984758
225,1105,834,1,14.045233535461502
225,783,1011,1,13.554200769268274
225,850,928,1,7.925847526229188
225,1011,1187,2,5.851146926487822
225,714,579,1,6.612071581984758
225,714,783,1,16.323166899192785
226,1187,1232,4,2.2017655762295663
226,1058,1187,5,3.335847799336888
226,928,525,1,18.21580338849598
226,925,873,3,8.629868015705554
226,579,794,1,5.55974633222762
226,1213,1140,1,12.551534849108323
226,834,1140,1,9.120303414799448
226,783,702,1,5.250413373789177
226,579,714,1,6.612071581984758
226,702,1058,1,14.468812957232682
226,1412,783,1,30.014252482424304
227,925,973,1,4.882215518422521
227,1187,1058,2,3.335847799336888
227,1140,973,1,6.509265047797015
227,1187,925,1,7.6790367656671
227,1232,973,1,6.739053043647001
227,973,464,1,14.912840443208973
227,1140,702,1,13.472348608720578
227,1187,928,2,6.739067249150369
227,579,834,1,7.256503514219511
227,928,1187,1,6.739067249150369
227,794,1004,1,7.315405465360834
227,702,1067,1,21.8612627514462
227,783,464,1,25.397194471986413
227,402,925,1,14.913154476154167
227,925,579,1,9.096756146766438
227,1067,783,1,25.606032905209577
228,928,925,2,2.8524929798341074
228,873,783,2,4.4064860569207775
228,925,928,2,2.8524929798341074
228,525,783,1,6.671695598673383
228,1058,1232,2,4.83687793721146
228,1058,579,1,13.4971193863272
228,1232,1412,1,8.805321213797965
228,973,794,2,8.005758424200978
228,783,1011,1,13.554200769268274
228,1011,702,1,10.884143023519666
228,1004,967,1,5.811450880513226
228,714,1058,1,8.895594131564904
229,967,1011,1,1.4629503400136323
229,1187,1232,1,2.2017655762295663
229,1232,783,2,21.210313956402903
229,1058,1140,1,4.404400893299181
229,928,873,1,11.464626189279452
229,702,925,1,9.423506251261468
229,925,856,1,16.318086894445933
229,794,579,1,5.55974633222762
229,1011,1412,1,16.64651643490022
229,783,834,1,7.689481736045675
229,973,1105,1,4.388654712140797
229,579,967,1,10.052645101539124
229,834,1140,1,9.120303414799448
229,714,1232,1,13.478191227023236
229,714,1140,1,11.751952287542252
230,794,928,1,5.8083597500151045
230,1232,1058,4,4.83687793721146
230,702,928,1,11.847457656626572
230,1140,834,2,9.120303414799448
230,873,794,2,7.018858162934119
230,579,1011,1,11.281034038678854
230,1011,1004,1,6.654407802707156
230,925,1058,1,5.058513634802797
230,783,973,2,17.685208029543023
230,783,967,1,12.247362390603268
230,714,928,1,5.640508575131163
231,1004,783,1,7.966246489389644
231,794,925,2,3.8399670029013246
231,1140,925,1,5.559746332228015
231,973,783,1,17.685208029543023
231,928,1105,2,6.509632645551289
231,1058,1232,1,4.83687793721146
231,967,1004,1,5.811450880513226
231,834,973,1,10.076973504527178
231,1058,1004,2,10.515329624384115
231,579,525,1,10.527425779295132
231,1011,702,1,10.884143023519666
231,783,967,1,12.247362390603268
231,1105,928,1,6.509632645551289
231,856,1067,1,6.736061142864135
231,464,925,1,16.731616825582336
231,834,579,1,7.256503514219511
231,834,1011,1,6.510367578384317
231,714,794,1,6.125367854472763
231,714,464,1,10.122771228736514
231,1067,973,1,7.92352939429049
231,1067,714,1,12.344128539882757
232,925,967,1,1.4630157462730349
232,794,928,1,5.8083597500151045
232,1105,783,1,21.4299278250006
232,928,834,2,7.925847526229188
232,973,1011,2,4.881725510082577
232,1058,1232,2,4.83687793721146
232,1232,973,1,6.739053043647001
232,1004,834,2,4.837273690103386
232,925,1187,3,7.6790367656671
232,783,1140,1,15.22789003823726
232,973,579,1,12.02013346271456
232,579,1058,1,13.4971193863272
232,200,402,1,13.570867804142528
232,714,1140,1,11.751952287542252
232,714,850,1,7.4471861231509155
232,1067,1232,1,8.002242999882604
233,928,967,1,3.962344440629368
233,702,783,1,5.250413373789177
233,1004,783,1,7.966246489389644
233,967,783,2,12.247362390603268
233,525,783,1,6.671695598673383
233,1140,1399,2,6.738996195578808
233,1232,1058,2,4.83687793721146
233,1058,1213,1,16.75664673959281
233,1011,714,3,8.663428210145675
233,1105,1004,1,14.430329325731782
233,850,1067,1,5.87594370452583
233,1187,1105,1,4.4040530489389695
233,973,714,1,6.739138237494938
233,402,794,1,11.081008814008824
233,783,1187,1,19.009124176326512
233,925,1187,1,7.6790367656671
233,1067,1232,1,8.002242999882604
233,1067,856,1,6.736061142864135
233,1067,973,1,7.92352939429049
234,967,925,2,1.4630157462730349
234,1187,1011,4,5.851146926487822
234,1213,783,1,11.11949266445603
234,1232,925,2,9.649241749541863
234,1399,928,2,12.37821780679595
234,1058,1187,1,3.335847799336888
234,834,702,3,4.389831624444016
234,794,1011,1,5.876008831303484
234,973,1058,1,2.41855773034487
234,783,1232,2,21.210313956402903
234,928,525,1,18.21580338849598
235,702,783,1,5.250413373789177
235,925,973,1,4.882215518422521
235,1011,967,4,1.4629503400136323
235,1232,1105,1,3.8392690799482057
235,579,794,1,5.55974633222762
235,928,714,2,5.640508575131163
235,783,873,1,4.4064860569207775
235,1187,925,1,7.6790367656671
235,783,579,1,11.850386463154225
235,1058,702,1,14.468812957232682
235,925,1187,2,7.6790367656671
235,464,200,1,8.783774420135625
235,714,925,1,6.736742718055863
235,1067,1105,1,4.880745078525951
236,925,967,1,1.4630157462730349
236,834,928,1,7.925847526229188
236,525,783,1,6.671695598673383
236,1058,928,1,3.468670210314232
236,967,1478,2,14.163846735607535
236,1187,1140,2,3.960411314814771
236,973,850,1,6.608947508553885
236,783,1140,1,15.22789003823726
236,873,1105,1,17.09113028720051
236,783,834,2,7.689481736045675
236,1004,925,1,7.016854369636376
236,702,1011,1,10.884143023519666
236,702,525,2,6.512937082064592
236,794,873,1,7.018858162934119
236,1105,1187,1,4.4040530489389695
236,925,1187,2,7.6790367656671
236,1105,783,1,21.4299278250006
236,1105,967,1,9.182568470632535
236,714,928,2,5.640508575131163
237,967,1011,4,1.4629503400136323
237,850,783,1,22.85304209922013
237,834,794,1,3.0622624863494035
237,928,1232,4,8.28950012214804
237,1187,973,2,5.6404067966465385
237,1140,1187,2,3.960411314814771
237,783,1478,1,18.994191672564124
237,1232,1067,1,8.002242999882604
237,1105,928,1,6.509632645551289
237,1011,714,2,8.663428210145675
237,714,464,1,10.122771228736514
238,1232,1187,4,2.2017655762295663
238,925,1140,1,5.559746332228015
238,973,925,2,4.882215518422521
238,834,967,1,5.059118864445973
238,525,783,2,6.671695598673383
238,783,1004,2,7.966246489389644
238,1011,1067,1,12.40745751794731
238,794,967,1,4.548315025166438
238,1140,1105,1,7.683904782943718
238,579,702,1,6.612071581984758
238,1187,1105,2,4.4040530489389695
238,714,1067,1,12.344128539882757
238,1067,928,1,10.07507435147502
239,1011,967,3,1.4629503400136323
239,1187,1058,4,3.335847799336888
239,928,1011,2,3.6167275925925466
239,967,794,1,4.548315025166438
239,1105,1011,1,7.92275625179966
239,873,702,1,4.548357078342699
239,1004,850,1,17.683455373897953
239,925,1058,2,5.058513634802797
239,702,402,1,7.84160901068824
239,1067,1105,1,4.880745078525951
240,967,925,4,1.4630157462730349
240,1058,1011,5,3.961571514117998
240,1105,1011,3,7.92275625179966
240,1011,1232,2,7.964083694664586
240,850,873,1,19.05211151685567
240,702,579,1,6.612071581984758
240,1187,928,1,6.739067249150369
240,1140,834,1,9.120303414799448
240,783,579,3,11.850386463154225
240,1004,1140,1,7.442778444077659
241,925,1011,4,2.223898532891128
241,794,928,1,5.8083597500151045
241,1011,928,2,3.6167275925925466
241,1011,850,3,11.365584452473476
241,1011,579,1,11.281034038678854
241,402,525,1,6.614151574587493
241,1232,967,2,9.421989977231084
242,873,783,1,4.4064860569207775
242,928,1011,4,3.6167275925925466
242,1011,1140,7,3.335847799336888
242,967,1004,2,5.811450880513226
242,850,1067,3,5.87594370452583
242,579,702,3,6.612071581984758
242,1058,873,1,13.135447383238883
242,1140,1067,1,12.55411324365653
242,834,579,1,7.256503514219511
242,1478,1412,1,19.12218634559805
243,1004,783,2,7.966246489389644
243,702,873,2,4.548357078342699
243,1011,1187,2,5.851146926487822
243,579,973,1,12.02013346271456
244,579,783,2,11.850386463154225
244,873,834,2,3.963116935247085
244,1140,925,7,5.559746332228015
244,1187,783,2,19.009124176326512
244,702,834,1,4.389831624444016
244,1011,794,2,5.876008831303484
244,783,794,3,10.46245949147104
244,525,172,1,12.35164992665693
244,714,1067,1,12.344128539882757
245,783,525,2,6.671695598673383
245,794,967,2,4.548315025166438
246,525,783,2,6.671695598673383
246,794,1011,3,5.876008831303484
246,967,1399,1,11.280728646716137
246,783,1004,2,7.966246489389644
246,925,1058,7,5.058513634802797
246,873,402,1,12.378588757843175
247,1011,1058,1,3.961571514117998
247,834,1004,3,4.837273690103386
247,1058,794,3,8.77829027244345
247,783,1105,1,21.4299278250006
247,783,967,1,12.247362390603268
247,973,525,1,20.41598808925938
247,1399,1478,1,7.009492875361758
248,967,925,1,1.4630157462730349
248,1011,1058,2,3.961571514117998
248,1058,834,3,10.204580442928409
248,1058,1140,1,4.404400893299181
248,1004,1011,4,6.654407802707156
248,1105,973,1,4.388654712140797
248,967,1399,1,11.280728646716137
249,925,967,1,1.4630157462730349
249,402,783,1,11.521692668209962
249,525,783,1,6.671695598673383
249,1011,1004,1,6.654407802707156
249,794,714,2,6.125367854472763
249,1004,1140,1,7.442778444077659
250,973,928,1,2.202808837490146
250,834,1004,3,4.837273690103386
250,1011,1232,2,7.964083694664586
250,794,579,1,5.55974633222762
250,1058,967,1,5.247679923034634
250,1058,1140,1,4.404400893299181
250,1412,783,1,30.014252482424304
251,967,925,2,1.4630157462730349
251,1058,925,1,5.058513634802797
251,1140,1011,3,3.335847799336888
251,1399,1140,1,6.738996195578808
251,1004,834,4,4.837273690103386
251,579,834,1,7.256503514219511
251,928,1004,1,9.763940751913996
251,783,1011,1,13.554200769268274
251,1011,850,1,11.365584452473476
252,925,1011,3,2.223898532891128
252,1232,928,2,8.28950012214804
252,783,702,2,5.250413373789177
252,1011,1105,3,7.92275625179966
252,1140,1399,1,6.738996195578808
252,1004,925,1,7.016854369636376
253,928,925,1,2.8524929798341074
253,834,702,5,4.389831624444016
253,1105,1011,2,7.92275625179966
253,702,834,2,4.389831624444016
253,1011,1412,1,16.64651643490022
253,1011,1105,1,7.92275625179966
253,856,783,1,28.55412357877098
253,464,783,1,25.397194471986413
253,1478,783,1,18.994191672564124
253,714,973,1,6.739138237494938
253,1067,783,1,25.606032905209577
254,928,973,1,2.202808837490146
254,834,873,2,3.963116935247085
254,925,850,1,10.694040075602611
254,702,834,4,4.389831624444016
254,1105,925,1,8.810192302561815
254,783,1004,4,7.966246489389644
254,1011,1187,3,5.851146926487822
254,850,464,1,10.052673626423328
254,973,1478,1,16.94926120721475
254,1399,1105,1,10.237902514270164
254,1478,928,1,16.795429231201826
254,714,973,1,6.739138237494938
255,1004,783,2,7.966246489389644
255,1187,1011,2,5.851146926487822
255,928,1232,1,8.28950012214804
255,1105,1232,1,3.8392690799482057
255,873,1004,1,3.839767699909918
255,973,834,1,10.076973504527178
255,1004,1213,1,7.964083694664586
255,1004,1187,1,11.361508124700526
255,1011,714,1,8.663428210145675
255,1187,925,1,7.6790367656671
255,1478,783,1,18.994191672564124
255,702,525,1,6.512937082064592
255,714,1011,1,8.663428210145675
256,925,973,2,4.882215518422521
256,834,925,5,5.249047199856985
256,1011,1140,3,3.335847799336888
256,783,1213,3,11.11949266445603
256,973,794,1,8.005758424200978
256,1187,1105,1,4.4040530489389695
256,1213,928,1,17.083849184069507
256,1105,1058,1,3.961184888937906
256,1232,1399,2,6.507057624431
256,714,928,1,5.640508575131163
256,714,1011,1,8.663428210145675
256,714,783,1,16.323166899192785
257,925,794,2,3.8399670029013246
257,1399,1232,1,6.507057624431
257,1140,1058,3,4.404400893299181
257,973,1232,1,6.739053043647001
257,1213,794,2,15.264021951318778
257,783,1478,1,18.994191672564124
257,1105,925,1,8.810192302561815
257,1011,1399,1,10.052549905308156
257,928,1004,1,9.763940751913996
257,928,1067,1,10.07507435147502
257,850,1067,1,5.87594370452583
257,873,1058,1,13.135447383238883
257,1004,967,1,5.811450880513226
257,464,973,1,14.912840443208973
257,1213,973,1,18.36260104007094
257,1412,783,1,30.014252482424304
257,1412,1067,1,8.946191032118977
257,1067,1232,1,8.002242999882604
258,925,834,2,5.249047199856985
258,1399,928,1,12.37821780679595
258,1058,1232,3,4.83687793721146
258,794,967,4,4.548315025166438
258,1232,525,1,25.356806801706608
258,1232,1067,1,8.002242999882604
258,783,856,1,28.55412357877098
258,925,579,1,9.096756146766438
258,973,714,3,6.739138237494938
258,1004,1058,1,10.515329624384115
258,525,925,1,15.90866891150228
258,200,1011,1,21.884928176481388
259,925,967,3,1.4630157462730349
259,928,973,1,2.202808837490146
259,834,794,2,3.0622624863494035
259,1399,1058,1,9.34110519027368
259,525,783,1,6.671695598673383
259,967,1140,5,4.548230871686798
259,1232,794,2,13.471439449058977
259,1058,1105,2,3.961184888937906
259,794,579,1,5.55974633222762
259,1058,967,1,5.247679923034634
259,1011,1105,1,7.92275625179966
259,714,928,1,5.640508575131163
259,1412,783,1,30.014252482424304
260,967,1011,3,1.4629503400136323
260,1232,928,2,8.28950012214804
260,1140,1478,3,10.56486642729493
260,794,1105,1,12.287533860803824
260,794,973,1,8.005758424200978
260,783,925,1,12.804913262721543
260,973,967,1,5.7043821114062
260,928,1412,1,16.089571776562533
260,783,834,1,7.689481736045675
260,1105,1058,2,3.961184888937906
260,1105,928,1,6.509632645551289
260,856,973,1,11.88819151385629
260,714,973,1,6.739138237494938
260,714,850,1,7.4471861231509155
260,714,579,1,6.612071581984758
260,714,783,1,16.323166899192785
260,1067,1011,1,12.40745751794731
261,928,973,2,2.202808837490146
261,1058,783,2,17.486864213198086
261,1140,1232,1,6.119741485129188
261,1011,973,3,4.881725510082577
261,794,702,2,6.125367854472763
261,783,1004,1,7.966246489389644
261,973,967,3,5.7043821114062
261,1140,1105,1,7.683904782943718
261,967,873,2,7.925075031537542
261,579,973,2,12.02013346271456
261,1105,1187,1,4.4040530489389695
261,850,464,1,10.052673626423328
261,925,856,1,16.318086894445933
261,834,1004,1,4.837273690103386
261,714,925,1,6.736742718055863
261,1412,1067,1,8.946191032118977
262,1187,1058,1,3.335847799336888
262,967,783,2,12.247362390603268
262,925,794,1,3.8399670029013246
262,873,702,1,4.548357078342699
262,1011,973,1,4.881725510082577
262,1058,1232,1,4.83687793721146
262,783,1478,2,18.994191672564124
262,579,402,1,6.514036981260467
262,973,1187,5,5.6404067966465385
262,928,1105,1,6.509632645551289
262,967,525,1,15.935515917166311
262,1004,928,1,9.763940751913996
262,1004,967,1,5.811450880513226
262,1067,850,1,5.87594370452583
263,1058,973,1,2.41855773034487
263,850,973,1,6.608947508553885
263,928,1232,1,8.28950012214804
263,1105,1011,1,7.92275625179966
263,967,579,1,10.052645101539124
263,794,1105,1,12.287533860803824
263,702,794,3,6.125367854472763
263,973,1067,2,7.92352939429049
263,1187,1140,2,3.960411314814771
263,1232,873,1,16.80536252295166
263,783,1011,2,13.554200769268274
263,172,783,1,17.768672451070774
263,714,973,1,6.739138237494938
264,794,925,2,3.8399670029013246
264,1232,1058,2,4.83687793721146
264,1011,834,1,6.510367578384317
264,1011,1399,1,10.052549905308156
264,973,967,4,5.7043821114062
264,1140,834,2,9.120303414799448
264,783,1011,1,13.554200769268274
264,1187,925,2,7.6790367656671
264,1187,928,1,6.739067249150369
264,579,1058,1,13.4971193863272
264,1105,973,1,4.388654712140797
264,1105,928,1,6.509632645551289
264,402,873,1,12.378588757843175
264,525,702,1,6.512937082064592
264,873,925,1,8.629868015705554
264,714,928,1,5.640508575131163
264,714,783,1,16.323166899192785
264,1067,1105,1,4.880745078525951
265,928,967,1,3.962344440629368
265,1058,925,2,5.058513634802797
265,967,794,2,4.548315025166438
265,1399,1187,1,6.247627185540738
265,1105,1011,1,7.92275625179966
265,834,1187,3,12.342244898446324
265,925,1399,1,12.268300526223484
265,967,1232,1,9.421989977231084
265,783,1058,1,17.486864213198086
265,973,794,1,8.005758424200978
265,794,967,1,4.548315025166438
265,873,794,1,7.018858162934119
265,1058,967,1,5.247679923034634
265,856,973,1,11.88819151385629
265,1011,702,1,10.884143023519666
265,714,783,1,16.323166899192785
266,928,973,2,2.202808837490146
266,1187,1058,4,3.335847799336888
266,967,783,1,12.247362390603268
266,925,850,3,10.694040075602611
266,1399,783,1,20.47900955025097
266,873,1140,1,10.849467604025635
266,967,834,3,5.059118864445973
266,794,579,2,5.55974633222762
266,783,172,1,17.768672451070774
266,1232,1412,1,8.805321213797965
266,1011,1067,2,12.40745751794731
266,794,525,1,12.411444711524124
266,1058,850,1,8.672138339743874
266,702,579,1,6.612071581984758
266,973,702,1,14.048686290771036
267,925,1011,3,2.223898532891128
267,1058,925,4,5.058513634802797
267,850,1011,2,11.365584452473476
267,525,783,1,6.671695598673383
267,702,928,1,11.847457656626572
267,579,1011,2,11.281034038678854
267,702,967,1,9.424975322198348
267,783,1399,1,20.47900955025097
267,579,873,1,10.243397261423542
267,973,967,2,5.7043821114062
267,856,973,1,11.88819151385629
267,464,1011,1,18.41923278489661
267,1478,1011,1,13.494566217296024
268,925,783,4,12.804913262721543
268,928,794,1,5.8083597500151045
268,794,783,1,10.46245949147104
268,1399,1058,1,9.34110519027368
268,1011,834,8,6.510367578384317
268,783,702,2,5.250413373789177
268,973,1412,1,14.027846499005278
268,873,1232,1,16.80536252295166
268,834,1058,1,10.204580442928409
268,850,856,2,5.706192977163574
268,172,783,1,17.768672451070774
268,1067,783,1,25.606032905209577
269,967,925,3,1.4630157462730349
269,834,783,6,7.689481736045675
269,794,834,1,3.0622624863494035
269,1232,1105,1,3.8392690799482057
269,783,1140,2,15.22789003823726
269,1140,834,1,9.120303414799448
269,783,1011,4,13.554200769268274
269,702,1011,1,10.884143023519666
270,925,1011,3,2.223898532891128
270,834,783,3,7.689481736045675
270,1011,928,6,3.6167275925925466
270,1105,1232,1,3.8392690799482057
270,1058,1232,2,4.83687793721146
270,1140,967,2,4.548230871686798
270,783,973,4,17.685208029543023
270,856,1067,1,6.736061142864135
270,1067,783,1,25.606032905209577
271,967,783,2,12.247362390603268
271,928,1058,5,3.468670210314232
271,1232,1058,2,4.83687793721146
271,702,873,1,4.548357078342699
271,1011,1140,2,3.335847799336888
271,783,1058,1,17.486864213198086
271,973,714,2,6.739138237494938
271,973,1187,2,5.6404067966465385
271,783,967,4,12.247362390603268
271,834,714,1,9.18763012440511
271,834,850,1,15.216513464969486
271,1067,973,1,7.92352939429049
272,967,925,3,1.4630157462730349
272,1187,1232,2,2.2017655762295663
272,1058,783,1,17.486864213198086
272,1011,1187,1,5.851146926487822
272,928,834,1,7.925847526229188
272,783,973,2,17.685208029543023
272,873,794,1,7.018858162934119
272,973,1105,1,4.388654712140797
272,1058,834,1,10.204580442928409
272,714,973,1,6.739138237494938
272,714,1011,1,8.663428210145675
272,1058,850,1,8.672138339743874
272,1058,967,2,5.247679923034634
272,834,1067,1,17.994484200739958
272,714,850,1,7.4471861231509155
272,1067,1232,1,8.002242999882604
273,967,925,3,1.4630157462730349
273,1058,973,3,2.41855773034487
273,925,1232,1,9.649241749541863
273,1140,1058,1,4.404400893299181
273,794,702,1,6.125367854472763
273,1105,925,1,8.810192302561815
273,783,928,3,15.577087902404868
273,973,850,3,6.608947508553885
273,1232,464,1,20.81259910432051
273,1232,1412,1,8.805321213797965
273,1011,464,1,18.41923278489661
273,1232,714,1,13.478191227023236
273,850,1058,1,8.672138339743874
273,172,783,1,17.768672451070774
273,1067,1412,1,8.946191032118977
274,925,967,6,1.4630157462730349
274,928,973,3,2.202808837490146
274,850,1011,1,11.365584452473476
274,973,1140,2,6.509265047797015
274,1232,579,1,18.33205273511288
274,783,464,1,25.397194471986413
274,1232,1067,1,8.002242999882604
274,850,464,2,10.052673626423328
274,1187,1399,1,6.247627185540738
274,1478,783,1,18.994191672564124
274,1067,1232,1,8.002242999882604
275,967,1011,4,1.4629503400136323
275,1058,973,2,2.41855773034487
275,834,925,1,5.249047199856985
275,1011,973,1,4.881725510082577
275,1140,794,1,9.096545861200513
275,783,579,1,11.850386463154225
275,579,702,1,6.612071581984758
275,1232,1067,1,8.002242999882604
275,834,973,1,10.076973504527178
275,702,402,1,7.84160901068824
275,973,794,2,8.005758424200978
275,714,579,1,6.612071581984758
275,850,834,1,15.216513464969486
275,850,794,1,12.413971394684204
276,967,928,2,3.962344440629368
276,794,834,3,3.0622624863494035
276,1011,794,3,5.876008831303484
276,973,1140,4,6.509265047797015
276,579,1011,1,11.281034038678854
277,925,1004,1,7.016854369636376
277,834,967,3,5.059118864445973
277,794,579,1,5.55974633222762
277,1011,579,1,11.281034038678854
277,794,973,1,8.005758424200978
277,1399,1067,1,14.46118952528998
277,1140,873,1,10.849467604025635
277,1140,794,2,9.096545861200513
277,579,1011,1,11.281034038678854
277,1067,928,1,10.07507435147502
277,1067,850,1,5.87594370452583
278,1140,1011,2,3.335847799336888
278,928,794,3,5.8083597500151045
278,794,702,1,6.125367854472763
278,579,928,2,10.087254514060623
278,1011,1232,1,7.964083694664586
278,402,834,1,11.281169605088646
278,794,1140,1,9.096545861200513
278,850,1105,1,7.255791794533394
278,973,794,2,8.005758424200978
278,702,967,1,9.424975322198348
278,1067,973,1,7.92352939429049
279,967,925,4,1.4630157462730349
279,834,783,1,7.689481736045675
279,1011,928,3,3.6167275925925466
279,928,794,2,5.8083597500151045
279,1105,1232,1,3.8392690799482057
279,1140,1187,1,3.960411314814771
279,873,794,1,7.018858162934119
279,973,464,1,14.912840443208973
279,794,1058,4,8.77829027244345
279,973,1140,1,6.509265047797015
279,464,973,1,14.912840443208973
279,1067,1232,1,8.002242999882604
280,702,783,1,5.250413373789177
280,928,973,3,2.202808837490146
280,1140,1011,1,3.335847799336888
280,925,928,1,2.8524929798341074
280,1232,1011,2,7.964083694664586
280,973,1232,1,6.739053043647001
280,1058,1004,1,10.515329624384115
280,794,967,5,4.548315025166438
280,1187,850,1,11.109127914371388
280,1004,967,1,5.811450880513226
280,1232,1004,1,13.548232944538976
281,928,925,1,2.8524929798341074
281,967,925,6,1.4630157462730349
281,834,783,1,7.689481736045675
281,925,1140,3,5.559746332228015
281,1058,1187,3,3.335847799336888
281,1232,973,1,6.739053043647001
281,783,525,1,6.671695598673383
281,973,1058,2,2.41855773034487
281,1011,1187,2,5.851146926487822
281,794,579,1,5.55974633222762
281,1004,925,1,7.016854369636376
281,464,850,1,10.052673626423328
282,850,973,1,6.608947508553885
282,925,1232,5,9.649241749541863
282,1187,783,2,19.009124176326512
282,1140,1058,1,4.404400893299181
282,783,794,1,10.46245949147104
282,1004,794,1,7.315405465360834
282,973,1187,2,5.6404067966465385
282,525,702,1,6.512937082064592
282,1140,834,2,9.120303414799448
282,1478,1399,1,7.009492875361758
283,925,834,2,5.249047199856985
283,1232,1105,3,3.8392690799482057
283,1187,973,3,5.6404067966465385
283,1399,973,1,11.751170313633397
283,973,1067,1,7.92352939429049
283,1187,967,1,7.314097191827283
283,783,1399,2,20.47900955025097
283,1011,834,1,6.510367578384317
283,1058,794,2,8.77829027244345
283,850,928,1,7.925847526229188
283,1067,928,1,10.07507435147502
284,834,783,4,7.689481736045675
284,1232,1187,2,2.2017655762295663
284,928,794,1,5.8083597500151045
284,1399,1187,2,6.247627185540738
284,794,702,2,6.125367854472763
284,783,794,1,10.46245949147104
284,579,714,1,6.612071581984758
284,1105,928,2,6.509632645551289
284,1058,1140,1,4.404400893299181
284,973,702,2,14.048686290771036
284,973,1140,1,6.509265047797015
284,1140,402,1,20.041488041275294
284,1105,1399,1,10.237902514270164
284,925,1187,1,7.6790367656671
285,1187,1058,6,3.335847799336888
285,928,783,2,15.577087902404868
285,834,967,1,5.059118864445973
285,794,1011,3,5.876008831303484
285,1140,1399,1,6.738996195578808
285,702,1011,2,10.884143023519666
285,714,579,1,6.612071581984758
285,973,1105,1,4.388654712140797
285,702,402,1,7.84160901068824
286,1399,1140,1,6.738996195578808
286,702,834,1,4.389831624444016
286,402,579,1,6.514036981260467
286,1058,1232,3,4.83687793721146
286,783,1187,1,19.009124176326512
286,1011,850,3,11.365584452473476
286,1011,1105,1,7.92275625179966
286,967,834,2,5.059118864445973
286,794,1140,1,9.096545861200513
286,928,1004,1,9.763940751913996
286,1058,967,2,5.247679923034634
286,1105,928,1,6.509632645551289
287,967,925,2,1.4630157462730349
287,1232,1011,3,7.964083694664586
287,579,402,1,6.514036981260467
287,1140,1399,1,6.738996195578808
287,402,525,1,6.614151574587493
287,1004,925,1,7.016854369636376
287,850,1187,1,11.109127914371388
287,850,1232,1,11.078851145692578
287,850,714,1,7.4471861231509155
287,1011,702,1,10.884143023519666
287,200,850,1,17.344866095864173
288,1232,1011,1,7.964083694664586
288,834,967,2,5.059118864445973
288,525,783,1,6.671695598673383
288,1399,925,1,12.268300526223484
288,1187,925,2,7.6790367656671
288,1011,1213,1,13.548232944538976
288,1140,973,2,6.509265047797015
288,783,834,5,7.689481736045675
288,834,525,1,10.886391578093734
288,702,1140,1,13.472348608720578
288,1058,1399,1,9.34110519027368
288,714,850,1,7.4471861231509155
288,1105,1058,1,3.961184888937906
288,928,1067,1,10.07507435147502
288,850,856,1,5.706192977163574
289,973,928,1,2.202808837490146
289,834,928,5,7.925847526229188
289,1399,928,1,12.37821780679595
289,1140,1478,1,10.56486642729493
289,925,1478,1,15.538947915471203
289,967,1187,2,7.314097191827283
289,702,794,1,6.125367854472763
289,1011,714,2,8.663428210145675
289,579,1140,1,14.579929042333728
289,402,873,1,12.378588757843175
290,925,794,5,3.8399670029013246
290,1399,928,1,12.37821780679595
290,1187,973,1,5.6404067966465385
290,525,783,1,6.671695598673383
290,973,1232,1,6.739053043647001
290,1058,1105,1,3.961184888937906
290,1011,1399,1,10.052549905308156
290,714,834,1,9.18763012440511
290,850,794,1,12.413971394684204
291,928,783,1,15.577087902404868
291,794,783,3,10.46245949147104
291,834,702,1,4.389831624444016
291,1213,1004,1,7.964083694664586
291,783,873,1,4.4064860569207775
291,794,714,2,6.125367854472763
291,714,850,1,7.4471861231509155
292,794,928,2,5.8083597500151045
292,928,1232,5,8.28950012214804
292,1232,1058,1,4.83687793721146
292,1140,1232,1,6.119741485129188
292,928,1105,2,6.509632645551289
292,1004,1011,1,6.654407802707156
292,1187,928,1,6.739067249150369
292,973,1105,1,4.388654712140797
292,1105,1058,1,3.961184888937906
293,928,925,3,2.8524929798341074
293,1399,967,1,11.280728646716137
293,1105,1011,1,7.92275625179966
293,873,702,2,4.548357078342699
293,783,1004,4,7.966246489389644
293,1232,1412,5,8.805321213797965
293,850,1067,1,5.87594370452583
293,1058,794,1,8.77829027244345
293,714,834,1,9.18763012440511
294,1232,928,1,8.28950012214804
294,702,834,3,4.389831624444016
294,1004,873,2,3.839767699909918
294,1105,973,2,4.388654712140797
294,714,464,1,10.122771228736514
294,1058,794,1,8.77829027244345
295,794,925,1,3.8399670029013246
295,973,928,2,2.202808837490146
295,834,928,3,7.925847526229188
295,925,873,3,8.629868015705554
295,967,1187,1,7.314097191827283
295,783,794,1,10.46245949147104
296,928,925,4,2.8524929798341074
296,1011,967,2,1.4629503400136323
296,873,702,2,4.548357078342699
296,834,1011,1,6.510367578384317
296,794,1058,2,8.77829027244345
296,1004,579,2,12.093776951796409
297,925,967,4,1.4630157462730349
297,928,1011,1,3.6167275925925466
297,967,1232,1,9.421989977231084
297,1187,967,1,7.314097191827283
298,1058,1011,2,3.961571514117998
298,967,1011,5,1.4629503400136323
298,1232,1105,1,3.8392690799482057
298,873,1140,3,10.849467604025635
298,579,925,1,9.096756146766438
298,702,579,2,6.612071581984758
298,1011,1213,1,13.548232944538976
298,1412,783,1,30.014252482424304
299,925,973,1,4.882215518422521
299,1140,1011,3,3.335847799336888
299,967,1140,1,4.548230871686798
299,579,794,2,5.55974633222762
299,1011,1067,2,12.40745751794731
299,1011,1105,1,7.92275625179966
299,783,172,1,17.768672451070774
299,928,1412,1,16.089571776562533
299,1067,783,1,25.606032905209577
300,794,834,1,3.0622624863494035
300,973,834,1,10.076973504527178
300,1011,973,1,4.881725510082577
300,783,850,1,22.85304209922013
300,1011,1067,1,12.40745751794731
300,1105,967,1,9.182568470632535
300,1478,783,1,18.994191672564124
300,1412,783,1,30.014252482424304
300,1067,1011,1,12.40745751794731
301,794,925,1,3.8399670029013246
301,925,834,1,5.249047199856985
301,1140,925,1,5.559746332228015
301,850,1011,1,11.365584452473476
301,967,1140,1,4.548230871686798
301,783,928,2,15.577087902404868
301,973,850,1,6.608947508553885
301,579,925,1,9.096756146766438
301,1011,714,6,8.663428210145675
301,1213,794,1,15.264021951318778
301,856,850,1,5.706192977163574
301,1478,783,1,18.994191672564124
301,1412,783,3,30.014252482424304
301,1067,973,1,7.92352939429049
301,1067,1011,1,12.40745751794731
302,928,783,2,15.577087902404868
302,925,794,2,3.8399670029013246
302,1011,714,3,8.663428210145675
302,714,973,3,6.739138237494938
302,783,172,4,17.768672451070774
302,973,967,1,5.7043821114062
302,850,967,1,11.888191513854997
302,856,973,1,11.88819151385629
302,856,783,1,28.55412357877098
302,464,973,1,14.912840443208973
302,1105,1399,1,10.237902514270164
302,1067,783,1,25.606032905209577
303,834,967,3,5.059118864445973
303,967,579,2,10.052645101539124
303,783,973,4,17.685208029543023
303,1140,1399,1,6.738996195578808
303,973,1187,3,5.6404067966465385
303,794,967,1,4.548315025166438
303,714,783,2,16.323166899192785
303,714,928,1,5.640508575131163
303,925,579,1,9.096756146766438
303,714,925,1,6.736742718055863
303,1067,973,1,7.92352939429049
303,1067,783,2,25.606032905209577
304,928,973,1,2.202808837490146
304,794,834,2,3.0622624863494035
304,1187,973,2,5.6404067966465385
304,1399,967,1,11.280728646716137
304,973,850,2,6.608947508553885
304,783,873,4,4.4064860569207775
304,967,873,3,7.925075031537542
304,973,967,5,5.7043821114062
304,579,1011,2,11.281034038678854
304,850,794,1,12.413971394684204
304,714,834,1,9.18763012440511
304,1478,783,1,18.994191672564124
304,1478,1187,1,12.280518083533188
304,1187,794,1,11.519003477970214
305,850,783,2,22.85304209922013
305,794,1011,1,5.876008831303484
305,873,928,3,11.464626189279452
305,973,1058,3,2.41855773034487
305,967,1478,3,14.163846735607535
305,873,579,1,10.243397261423542
305,783,1067,1,25.606032905209577
305,1011,172,2,29.7425499982868
305,1187,579,1,16.57993448038173
305,714,1011,1,8.663428210145675
305,1399,1478,1,7.009492875361758
305,1478,1232,1,13.206936132693205
306,967,1011,4,1.4629503400136323
306,1232,1105,1,3.8392690799482057
306,794,783,1,10.46245949147104
306,1058,1187,2,3.335847799336888
306,834,967,3,5.059118864445973
306,783,973,2,17.685208029543023
306,579,925,2,9.096756146766438
306,1011,1105,2,7.92275625179966
306,928,1213,2,17.083849184069507
306,873,967,2,7.925075031537542
306,928,525,1,18.21580338849598
306,925,1067,1,12.80112469343922
306,1478,783,1,18.994191672564124
306,200,850,1,17.344866095864173
306,1412,1232,1,8.805321213797965
306,1067,783,1,25.606032905209577
307,967,925,5,1.4630157462730349
307,1105,1232,2,3.8392690799482057
307,873,702,1,4.548357078342699
307,1213,925,1,14.603468927185563
307,973,850,2,6.608947508553885
307,783,925,1,12.804913262721543
307,1187,928,2,6.739067249150369
307,1011,834,3,6.510367578384317
307,783,850,1,22.85304209922013
307,1232,1412,1,8.805321213797965
307,925,1213,1,14.603468927185563
307,1213,1004,1,7.964083694664586
307,525,1058,1,20.964033103094035
307,850,1412,1,14.733832640164646
307,1478,1011,1,13.494566217296024
307,1067,783,1,25.606032905209577
308,925,967,7,1.4630157462730349
308,1011,967,2,1.4629503400136323
308,850,973,2,6.608947508553885
308,1232,973,2,6.739053043647001
308,1213,925,1,14.603468927185563
308,1105,1187,1,4.4040530489389695
308,783,967,1,12.247362390603268
308,928,1067,2,10.07507435147502
308,1058,967,1,5.247679923034634
308,1004,794,1,7.315405465360834
308,1478,783,1,18.994191672564124
309,967,925,11,1.4630157462730349
309,834,783,3,7.689481736045675
309,1187,1058,1,3.335847799336888
309,925,928,2,2.8524929798341074
309,973,1058,4,2.41855773034487
309,783,925,2,12.804913262721543
309,850,1067,1,5.87594370452583
309,794,702,1,6.125367854472763
309,702,1011,1,10.884143023519666
309,579,925,1,9.096756146766438
309,1067,1213,1,25.105643459964693
310,925,967,14,1.4630157462730349
310,1011,973,1,4.881725510082577
310,1058,1232,5,4.83687793721146
310,928,1187,1,6.739067249150369
310,702,973,1,14.048686290771036
310,1213,928,1,17.083849184069507
310,1067,973,1,7.92352939429049
311,967,925,2,1.4630157462730349
311,973,928,3,2.202808837490146
311,928,1140,2,6.2484548670441855
311,967,1004,7,5.811450880513226
311,1232,1067,1,8.002242999882604
311,783,1213,1,11.11949266445603
311,1232,834,3,14.473652063742133
311,1187,850,1,11.109127914371388
311,464,1011,1,18.41923278489661
311,464,783,1,25.397194471986413
311,1067,973,1,7.92352939429049
312,973,928,1,2.202808837490146
312,928,794,1,5.8083597500151045
312,1140,967,2,4.548230871686798
312,783,1232,1,21.210313956402903
312,1004,834,2,4.837273690103386
312,1004,928,1,9.763940751913996
312,967,834,2,5.059118864445973
312,1232,464,1,20.81259910432051
312,1011,200,1,21.884928176481388
312,925,1187,1,7.6790367656671
312,834,525,1,10.886391578093734
312,925,1213,1,14.603468927185563
312,1058,850,1,8.672138339743874
312,464,973,1,14.912840443208973
313,928,973,3,2.202808837490146
313,1213,783,1,11.11949266445603
313,1187,1232,1,2.2017655762295663
313,834,967,2,5.059118864445973
313,973,1232,1,6.739053043647001
313,967,1058,1,5.247679923034634
313,783,579,2,11.850386463154225
313,1004,834,4,4.837273690103386
313,834,1140,2,9.120303414799448
313,1232,873,1,16.80536252295166
313,967,702,1,9.424975322198348
313,794,402,1,11.081008814008824
313,850,925,1,10.694040075602611
313,1067,973,1,7.92352939429049
314,928,925,1,2.8524929798341074
314,967,928,5,3.962344440629368
314,1058,925,1,5.058513634802797
314,1232,1187,2,2.2017655762295663
314,834,925,4,5.249047199856985
314,925,1058,1,5.058513634802797
314,973,873,1,13.496121499721363
314,402,172,1,15.328145780625992
314,973,1187,3,5.6404067966465385
314,873,1058,1,13.135447383238883
314,783,1004,1,7.966246489389644
314,850,1105,1,7.255791794533394
314,1213,1187,1,16.19122385834084
314,856,928,1,13.497510700081442
314,464,714,1,10.122771228736514
314,1067,973,1,7.92352939429049
315,834,783,2,7.689481736045675
315,928,973,6,2.202808837490146
315,873,783,1,4.4064860569207775
315,1187,1011,3,5.851146926487822
315,973,1011,1,4.881725510082577
315,1058,928,1,3.468670210314232
315,579,464,2,13.736208219113248
315,1105,973,1,4.388654712140797
315,1140,1004,1,7.442778444077659
315,1004,925,1,7.016854369636376
315,1140,973,1,6.509265047797015
315,714,928,1,5.640508575131163
315,200,783,1,23.862165274375425
316,1011,925,1,2.223898532891128
316,1187,1011,1,5.851146926487822
316,925,1004,6,7.016854369636376
316,928,702,2,11.847457656626572
316,973,1011,5,4.881725510082577
316,783,1187,2,19.009124176326512
316,1011,714,3,8.663428210145675
316,702,967,1,9.424975322198348
316,1058,1399,1,9.34110519027368
316,525,1011,1,17.39283322509588
317,1187,1058,3,3.335847799336888
317,925,834,2,5.249047199856985
317,967,1187,1,7.314097191827283
317,1004,873,6,3.839767699909918
317,973,850,3,6.608947508553885
317,1011,1105,4,7.92275625179966
317,702,1011,1,10.884143023519666
317,714,973,2,6.739138237494938
317,1187,850,1,11.109127914371388
317,714,850,1,7.4471861231509155
317,1067,850,1,5.87594370452583
318,873,834,4,3.963116935247085
318,850,973,1,6.608947508553885
318,834,928,2,7.925847526229188
318,1058,1187,3,3.335847799336888
318,1399,1187,1,6.247627185540738
318,1011,973,4,4.881725510082577
318,783,714,2,16.323166899192785
318,850,967,1,11.888191513854997
318,1105,464,1,17.107687775979528
318,1105,967,1,9.182568470632535
318,973,1140,2,6.509265047797015
318,702,402,1,7.84160901068824
318,1004,1213,1,7.964083694664586
319,967,925,2,1.4630157462730349
319,973,928,5,2.202808837490146
319,928,873,1,11.464626189279452
319,1187,925,4,7.6790367656671
319,834,1004,1,4.837273690103386
319,1140,834,2,9.120303414799448
319,873,925,2,8.629868015705554
319,850,928,1,7.925847526229188
319,1105,1058,1,3.961184888937906
319,850,1058,1,8.672138339743874
319,1105,967,1,9.182568470632535
319,1067,856,1,6.736061142864135
320,850,1011,2,11.365584452473476
320,925,702,4,9.423506251261468
320,402,579,1,6.514036981260467
320,928,714,4,5.640508575131163
320,834,579,5,7.256503514219511
320,873,973,1,13.496121499721363
320,714,1058,1,8.895594131564904
320,1058,967,1,5.247679923034634
320,1187,925,1,7.6790367656671
320,464,856,1,11.080793243354975
321,925,967,4,1.4630157462730349
321,928,925,3,2.8524929798341074
321,579,783,2,11.850386463154225
321,702,834,3,4.389831624444016
321,973,1058,1,2.41855773034487
321,714,973,3,6.739138237494938
321,1004,928,1,9.763940751913996
321,1213,925,1,14.603468927185563
322,967,794,1,4.548315025166438
322,967,1187,3,7.314097191827283
322,579,402,1,6.514036981260467
322,1011,579,1,11.281034038678854
322,1058,1140,3,4.404400893299181
322,834,1399,1,15.539391645120883
322,973,714,2,6.739138237494938
322,579,702,1,6.612071581984758
322,714,794,1,6.125367854472763
322,1011,714,1,8.663428210145675
322,702,525,1,6.512937082064592
322,1412,1232,1,8.805321213797965
323,925,1011,1,2.223898532891128
323,967,1011,2,1.4629503400136323
323,1140,1011,2,3.335847799336888
323,834,967,1,5.059118864445973
323,1399,925,1,12.268300526223484
323,783,873,2,4.4064860569207775
323,928,850,1,7.925847526229188
323,1232,967,1,9.421989977231084
323,794,702,1,6.125367854472763
323,714,794,3,6.125367854472763
323,925,1399,2,12.268300526223484
323,856,1067,1,6.736061142864135
323,1478,1399,1,7.009492875361758
323,1067,973,1,7.92352939429049
324,967,925,2,1.4630157462730349
324,834,925,1,5.249047199856985
324,1399,1011,1,10.052549905308156
324,873,702,2,4.548357078342699
324,579,402,1,6.514036981260467
324,1187,1140,3,3.960411314814771
324,1011,1399,4,10.052549905308156
324,1140,834,1,9.120303414799448
324,794,702,4,6.125367854472763
324,925,525,1,15.90866891150228
324,973,794,2,8.005758424200978
324,579,1232,1,18.33205273511288
324,525,1004,1,13.497374421271203
324,925,1399,1,12.268300526223484
324,1067,1011,1,12.40745751794731
325,925,1011,4,2.223898532891128
325,1399,973,1,11.751170313633397
325,702,873,2,4.548357078342699
325,402,579,2,6.514036981260467
325,702,794,4,6.125367854472763
325,1011,856,2,16.764898582516587
325,794,702,1,6.125367854472763
325,850,714,1,7.4471861231509155
325,794,402,1,11.081008814008824
325,714,579,1,6.612071581984758
326,834,925,1,5.249047199856985
326,794,928,2,5.8083597500151045
326,1399,928,2,12.37821780679595
326,525,783,1,6.671695598673383
326,702,928,1,11.847457656626572
326,1011,834,4,6.510367578384317
326,702,1011,1,10.884143023519666
326,1140,973,2,6.509265047797015
326,579,925,2,9.096756146766438
326,873,1011,2,9.1842566129722
327,928,925,5,2.8524929798341074
327,834,783,2,7.689481736045675
327,1004,783,1,7.966246489389644
327,1232,1187,1,2.2017655762295663
327,1399,1011,3,10.052549905308156
327,925,794,2,3.8399670029013246
327,794,1011,2,5.876008831303484
327,702,928,1,11.847457656626572
327,1011,856,1,16.764898582516587
327,973,714,1,6.739138237494938
327,1140,1412,1,14.879879730628884
327,1399,1105,1,10.237902514270164
327,579,1105,2,16.385732596177622
327,714,925,1,6.736742718055863
327,1412,1011,1,16.64651643490022
328,834,783,2,7.689481736045675
328,925,702,1,9.423506251261468
328,783,973,1,17.685208029543023
328,1011,850,3,11.365584452473476
328,1105,1067,1,4.880745078525951
328,1187,850,1,11.109127914371388
329,702,783,1,5.250413373789177
329,925,973,6,4.882215518422521
329,973,714,3,6.739138237494938
329,850,1232,1,11.078851145692578
329,1011,1067,3,12.40745751794731
329,794,1004,1,7.315405465360834
329,928,1004,1,9.763940751913996
329,850,856,1,5.706192977163574
329,402,973,1,18.419980035084063
330,794,928,1,5.8083597500151045
330,1011,794,3,5.876008831303484
330,973,1058,2,2.41855773034487
330,783,873,6,4.4064860569207775
330,1105,1187,1,4.4040530489389695
330,1232,873,1,16.80536252295166
330,714,973,2,6.739138237494938
330,850,1105,2,7.255791794533394
330,1105,850,1,7.255791794533394
330,714,928,1,5.640508575131163
331,928,973,1,2.202808837490146
331,1058,1105,2,3.961184888937906
331,973,1011,7,4.881725510082577
331,873,1140,4,10.849467604025635
331,1004,834,1,4.837273690103386
331,794,1232,3,13.471439449058977
331,1187,1105,1,4.4040530489389695
331,873,925,1,8.629868015705554
331,1105,1058,1,3.961184888937906
331,1067,1232,1,8.002242999882604
331,1067,1058,1,8.554760866502043
331,714,1067,1,12.344128539882757
331,856,1213,1,30.22236061349024
332,1213,783,1,11.11949266445603
332,925,1140,1,5.559746332228015
332,834,794,1,3.0622624863494035
332,873,928,1,11.464626189279452
332,1140,1478,1,10.56486642729493
332,1011,1187,1,5.851146926487822
332,1140,1399,2,6.738996195578808
332,1105,973,3,4.388654712140797
332,973,967,1,5.7043821114062
332,1067,1412,1,8.946191032118977
332,1004,1187,1,11.361508124700526
332,1067,925,1,12.80112469343922
332,928,1067,1,10.07507435147502
333,1011,925,3,2.223898532891128
333,1399,1058,1,9.34110519027368
333,783,928,1,15.577087902404868
333,1105,973,1,4.388654712140797
333,1187,834,1,12.342244898446324
333,873,1213,1,9.674072372960078
333,1067,1011,1,12.40745751794731
333,1232,967,1,9.421989977231084
334,925,1011,4,2.223898532891128
334,1058,973,3,2.41855773034487
334,1232,1187,3,2.2017655762295663
334,834,925,1,5.249047199856985
334,928,794,2,5.8083597500151045
334,1140,928,2,6.2484548670441855
334,1011,856,3,16.764898582516587
334,1187,928,1,6.739067249150369
334,794,967,1,4.548315025166438
334,973,967,3,5.7043821114062
334,850,702,1,18.37776366407494
335,925,967,1,1.4630157462730349
335,1213,783,1,11.11949266445603
335,794,834,2,3.0622624863494035
335,967,973,4,5.7043821114062
335,1399,928,1,12.37821780679595
335,1011,1187,5,5.851146926487822
335,928,873,1,11.464626189279452
335,973,714,4,6.739138237494938
335,1187,834,1,12.342244898446324
336,1187,783,2,19.009124176326512
336,928,1058,3,3.468670210314232
336,967,1232,1,9.421989977231084
336,834,1232,1,14.473652063742133
336,702,1011,1,10.884143023519666
336,1067,928,1,10.07507435147502
336,973,714,1,6.739138237494938
337,928,967,1,3.962344440629368
337,1058,1011,2,3.961571514117998
337,1011,925,1,2.223898532891128
337,1187,973,1,5.6404067966465385
337,1187,1140,3,3.960411314814771
337,967,1105,1,9.182568470632535
337,973,794,3,8.005758424200978
337,873,925,1,8.629868015705554
337,714,834,2,9.18763012440511
337,714,928,1,5.640508575131163
337,714,794,1,6.125367854472763
338,834,783,2,7.689481736045675
338,967,928,2,3.962344440629368
338,1058,1011,1,3.961571514117998
338,1140,925,1,5.559746332228015
338,794,834,2,3.0622624863494035
338,1105,1232,1,3.8392690799482057
338,973,1011,1,4.881725510082577
338,1187,925,1,7.6790367656671
338,1232,1399,1,6.507057624431
339,1399,1187,1,6.247627185540738
339,834,702,2,4.389831624444016
339,1140,1187,1,3.960411314814771
339,1232,794,1,13.471439449058977
339,783,402,3,11.521692668209962
339,928,1187,2,6.739067249150369
339,1011,873,2,9.1842566129722
339,714,1011,1,8.663428210145675
339,1140,834,1,9.120303414799448
339,464,856,1,11.080793243354975
340,925,783,3,12.804913262721543
340,1011,973,3,4.881725510082577
340,1187,928,2,6.739067249150369
340,794,1058,2,8.77829027244345
341,973,925,2,4.882215518422521
341,402,783,1,11.521692668209962
341,794,1011,1,5.876008831303484
341,873,702,2,4.548357078342699
341,702,925,1,9.423506251261468
341,1232,973,1,6.739053043647001
341,928,1187,2,6.739067249150369
341,783,967,2,12.247362390603268
341,1187,1105,2,4.4040530489389695
341,1058,967,1,5.247679923034634
341,834,402,2,11.281169605088646
341,925,402,1,14.913154476154167
341,702,967,1,9.424975322198348
342,973,928,2,2.202808837490146
342,1058,1105,1,3.961184888937906
342,402,702,2,7.84160901068824
342,1187,928,1,6.739067249150369
342,834,1140,1,9.120303414799448
343,928,973,4,2.202808837490146
343,967,973,4,5.7043821114062
343,1105,1232,3,3.8392690799482057
343,783,525,4,6.671695598673383
343,702,1004,1,7.841523685223605
343,925,579,1,9.096756146766438
344,973,928,8,2.202808837490146
344,525,783,4,6.671695598673383
344,402,579,3,6.514036981260467
344,1232,1140,2,6.119741485129188
344,1140,873,1,10.849467604025635
344,1187,928,1,6.739067249150369
344,1011,1213,1,13.548232944538976
344,702,973,2,14.048686290771036
345,925,783,2,12.804913262721543
345,1140,1058,1,4.404400893299181
345,1004,1058,1,10.515329624384115
345,579,925,1,9.096756146766438
345,702,579,1,6.612071581984758
346,928,973,5,2.202808837490146
346,1232,925,1,9.649241749541863
346,873,702,1,4.548357078342699
346,783,925,1,12.804913262721543
346,579,1011,2,11.281034038678854
346,928,1232,4,8.28950012214804
346,973,794,2,8.005758424200978
347,1213,783,1,11.11949266445603
347,1058,1187,1,3.335847799336888
347,1140,928,1,6.2484548670441855
347,579,714,2,6.612071581984758
347,973,873,1,13.496121499721363
347,973,1105,2,4.388654712140797
347,856,783,2,28.55412357877098
348,928,973,1,2.202808837490146
348,1105,1232,2,3.8392690799482057
348,702,873,1,4.548357078342699
348,1232,1140,4,6.119741485129188
348,783,579,7,11.850386463154225
348,973,1187,2,5.6404067966465385
348,1058,967,1,5.247679923034634
348,1011,702,2,10.884143023519666
348,714,973,1,6.739138237494938
348,714,856,1,12.80743720302119
348,925,402,2,14.913154476154167
348,1478,783,1,18.994191672564124
349,967,928,1,3.962344440629368
349,1187,1058,2,3.335847799336888
349,925,1140,1,5.559746332228015
349,783,714,1,16.323166899192785
349,794,579,2,5.55974633222762
349,579,1011,3,11.281034038678854
349,973,1140,2,6.509265047797015
349,1187,967,1,7.314097191827283
349,856,783,1,28.55412357877098
350,928,925,1,2.8524929798341074
350,967,1011,1,1.4629503400136323
350,873,928,1,11.464626189279452
350,1140,1187,5,3.960411314814771
350,402,702,2,7.84160901068824
350,579,834,1,7.256503514219511
350,579,714,3,6.612071581984758
350,783,1004,2,7.966246489389644
350,714,464,1,10.122771228736514
350,873,925,1,8.629868015705554
350,1011,1412,2,16.64651643490022
350,1058,714,1,8.895594131564904
350,172,850,1,35.56283988223624
351,925,967,2,1.4630157462730349
351,834,925,1,5.249047199856985
351,928,1011,1,3.6167275925925466
351,702,925,1,9.423506251261468
351,1232,973,2,6.739053043647001
351,1004,1067,1,19.04407463197984
351,1187,1105,4,4.4040530489389695
351,714,967,2,8.192867163522228
351,579,1058,2,13.4971193863272
351,850,834,1,15.216513464969486
351,714,973,1,6.739138237494938
351,856,850,1,5.706192977163574
351,464,850,1,10.052673626423328
352,925,973,2,4.882215518422521
352,1011,925,2,2.223898532891128
352,702,928,1,11.847457656626572
352,1058,928,2,3.468670210314232
352,973,1067,2,7.92352939429049
352,1140,579,2,14.579929042333728
352,834,1140,1,9.120303414799448
352,850,1232,1,11.078851145692578
352,850,172,1,35.56283988223624
352,1187,1412,1,11.00708650475215
352,1067,973,1,7.92352939429049
352,1004,579,1,12.093776951796409
352,856,850,2,5.706192977163574
352,464,1232,1,20.81259910432051
352,1478,1187,1,12.280518083533188
353,1140,783,1,15.22789003823726
353,967,928,4,3.962344440629368
353,925,850,1,10.694040075602611
353,702,834,1,4.389831624444016
353,1232,1140,2,6.119741485129188
353,973,850,2,6.608947508553885
353,1105,1187,4,4.4040530489389695
353,850,1067,1,5.87594370452583
353,928,579,1,10.087254514060623
353,850,873,1,19.05211151685567
353,702,525,1,6.512937082064592
353,1187,856,1,15.226827950407046
353,714,1011,1,8.663428210145675
353,464,850,2,10.052673626423328
354,850,783,2,22.85304209922013
354,928,794,5,5.8083597500151045
354,925,850,1,10.694040075602611
354,1011,973,1,4.881725510082577
354,579,402,1,6.514036981260467
354,783,973,1,17.685208029543023
354,834,714,1,9.18763012440511
354,973,1187,2,5.6404067966465385
354,850,928,1,7.925847526229188
354,1058,794,1,8.77829027244345
354,1140,702,2,13.472348608720578
354,873,850,1,19.05211151685567
354,1067,850,2,5.87594370452583
354,1067,1187,1,9.180879404297018
354,856,850,1,5.706192977163574
354,856,1011,1,16.764898582516587
354,464,925,1,16.731616825582336
354,464,783,1,25.397194471986413
355,928,925,1,2.8524929798341074
355,973,928,2,2.202808837490146
355,850,1011,4,11.365584452473476
355,794,783,1,10.46245949147104
355,1011,973,2,4.881725510082577
355,783,702,2,5.250413373789177
355,702,1213,2,14.16486062369625
355,1187,1105,4,4.4040530489389695
355,783,1105,1,21.4299278250006
355,925,1412,1,18.07211283325024
355,402,525,1,6.614151574587493
355,579,525,3,10.527425779295132
355,856,794,1,18.10474316960466
355,856,850,1,5.706192977163574
355,1478,1105,1,16.644260310570534
356,1213,783,1,11.11949266445603
356,794,783,2,10.46245949147104
356,525,783,2,6.671695598673383
356,928,702,1,11.847457656626572
356,702,873,2,4.548357078342699
356,1105,783,2,21.4299278250006
356,850,925,3,10.694040075602611
356,1011,1399,3,10.052549905308156
356,973,856,1,11.88819151385629
356,794,702,1,6.125367854472763
356,925,1213,1,14.603468927185563
356,1213,873,1,9.674072372960078
356,1187,1105,3,4.4040530489389695
356,714,973,1,6.739138237494938
356,1412,1011,1,16.64651643490022
357,928,925,1,2.8524929798341074
357,873,783,1,4.4064860569207775
357,973,928,1,2.202808837490146
357,850,1011,1,11.365584452473476
357,925,1232,1,9.649241749541863
357,1399,967,3,11.280728646716137
357,525,783,2,6.671695598673383
357,794,1011,2,5.876008831303484
357,1105,925,4,8.810192302561815
357,783,525,6,6.671695598673383
357,1011,834,2,6.510367578384317
357,873,579,1,10.243397261423542
357,873,1058,1,13.135447383238883
357,794,1058,1,8.77829027244345
357,856,850,1,5.706192977163574
358,1213,783,1,11.11949266445603
358,525,783,6,6.671695598673383
358,1232,1058,1,4.83687793721146
358,925,873,2,8.629868015705554
358,702,925,1,9.423506251261468
358,783,1478,1,18.994191672564124
358,1011,1140,2,3.335847799336888
358,834,1011,1,6.510367578384317
358,850,1067,1,5.87594370452583
358,928,1213,1,17.083849184069507
358,967,714,3,8.192867163522228
358,579,856,1,19.267312298612403
358,1105,1058,3,3.961184888937906
358,928,856,1,13.497510700081442
358,1058,1140,2,4.404400893299181
358,1412,783,1,30.014252482424304
359,834,783,1,7.689481736045675
359,925,783,1,12.804913262721543
359,1140,1011,2,3.335847799336888
359,702,928,1,11.847457656626572
359,1058,1105,3,3.961184888937906
359,783,925,4,12.804913262721543
359,1011,402,1,16.93184038136659
359,783,172,1,17.768672451070774
359,714,794,2,6.125367854472763
359,783,579,1,11.850386463154225
359,1067,928,1,10.07507435147502
359,714,1011,1,8.663428210145675
359,856,1011,1,16.764898582516587
359,973,1105,1,4.388654712140797
360,925,1011,9,2.223898532891128
360,1105,1232,3,3.8392690799482057
360,1011,873,3,9.1842566129722
360,783,1011,4,13.554200769268274
360,1058,794,1,8.77829027244345
360,794,172,1,24.591391490809126
360,402,850,1,20.42053788159492
360,928,1232,1,8.28950012214804
360,873,925,2,8.629868015705554
360,1140,834,1,9.120303414799448
360,794,1004,1,7.315405465360834
361,928,925,1,2.8524929798341074
361,1213,783,1,11.11949266445603
361,1232,1011,1,7.964083694664586
361,873,1004,2,3.839767699909918
361,1011,1140,14,3.335847799336888
361,579,794,1,5.55974633222762
361,1140,967,1,4.548230871686798
361,1232,1140,2,6.119741485129188
361,783,925,2,12.804913262721543
361,1004,1478,1,12.268284911360968
361,850,834,1,15.216513464969486
361,1105,925,1,8.810192302561815
361,525,925,1,15.90866891150228
362,834,783,2,7.689481736045675
362,1140,783,3,15.22789003823726
362,1232,1187,1,2.2017655762295663
362,925,1140,4,5.559746332228015
362,1140,1478,4,10.56486642729493
362,1011,1187,2,5.851146926487822
362,967,1187,1,7.314097191827283
362,1140,834,1,9.120303414799448
363,925,1011,3,2.223898532891128
363,1187,783,1,19.009124176326512
363,794,1011,2,5.876008831303484
363,783,402,5,11.521692668209962
363,1004,967,2,5.811450880513226
363,1140,973,3,6.509265047797015
363,1187,1105,1,4.4040530489389695
363,873,579,1,10.243397261423542
364,967,928,1,3.962344440629368
364,1140,1011,9,3.335847799336888
364,402,579,1,6.514036981260467
364,973,850,2,6.608947508553885
364,783,834,3,7.689481736045675
364,1187,1399,2,6.247627185540738
364,1011,714,1,8.663428210145675
364,464,1067,1,15.596324992464188
365,834,925,2,5.249047199856985
365,579,402,2,6.514036981260467
365,402,925,2,14.913154476154167
365,1105,928,1,6.509632645551289
365,967,1187,1,7.314097191827283
365,1011,850,8,11.365584452473476
365,1067,1140,1,12.55411324365653
365,973,1140,1,6.509265047797015
366,1140,783,1,15.22789003823726
366,925,1232,1,9.649241749541863
366,928,794,1,5.8083597500151045
366,402,783,2,11.521692668209962
366,834,967,2,5.059118864445973
366,1399,1140,2,6.738996195578808
366,1011,579,5,11.281034038678854
366,850,1067,2,5.87594370452583
366,714,1058,1,8.895594131564904
366,1412,1232,1,8.805321213797965
367,925,1140,3,5.559746332228015
367,1232,794,1,13.471439449058977
367,579,402,1,6.514036981260467
367,402,834,1,11.281169605088646
367,783,973,2,17.685208029543023
367,1140,1399,1,6.738996195578808
367,850,928,5,7.925847526229188
368,928,973,2,2.202808837490146
368,1232,1187,1,2.2017655762295663
368,1140,967,1,4.548230871686798
368,1187,1399,1,6.247627185540738
368,402,794,1,11.081008814008824
368,1140,1399,1,6.738996195578808
368,973,856,1,11.88819151385629
368,1067,973,1,7.92352939429049
368,579,714,3,6.612071581984758
368,794,1140,2,9.096545861200513
368,850,1067,2,5.87594370452583
368,464,850,1,10.052673626423328
368,1412,1011,1,16.64651643490022
369,928,925,4,2.8524929798341074
369,967,1011,3,1.4629503400136323
369,850,973,1,6.608947508553885
369,794,834,1,3.0622624863494035
369,1140,928,4,6.2484548670441855
369,579,794,1,5.55974633222762
369,783,967,2,12.247362390603268
369,1067,856,2,6.736061142864135
369,1058,967,1,5.247679923034634
369,1067,850,1,5.87594370452583
369,1011,1067,1,12.40745751794731
369,850,1004,1,17.683455373897953
369,973,714,2,6.739138237494938
369,834,1105,1,14.045233535461502
369,856,783,1,28.55412357877098
369,1412,1011,1,16.64651643490022
370,925,973,4,4.882215518422521
370,967,928,2,3.962344440629368
370,928,1011,3,3.6167275925925466
370,1399,1011,3,10.052549905308156
370,783,928,1,15.577087902404868
370,1011,1105,3,7.92275625179966
370,402,794,1,11.081008814008824
370,973,1412,1,14.027846499005278
370,1187,850,1,11.109127914371388
370,714,1011,2,8.663428210145675
370,1067,1140,1,12.55411324365653
370,714,928,2,5.640508575131163
370,1478,1140,1,10.56486642729493
371,928,973,5,2.202808837490146
371,973,925,2,4.882215518422521
371,1140,928,3,6.2484548670441855
371,1105,783,1,21.4299278250006
371,1011,873,3,9.1842566129722
371,794,973,1,8.005758424200978
371,714,794,1,6.125367854472763
371,850,856,1,5.706192977163574
371,1412,1232,1,8.805321213797965
372,967,1011,1,1.4629503400136323
372,973,928,6,2.202808837490146
372,928,1011,3,3.6167275925925466
372,1232,925,1,9.649241749541863
372,873,1140,1,10.849467604025635
372,834,1011,1,6.510367578384317
372,783,850,1,22.85304209922013
372,794,967,1,4.548315025166438
372,1105,834,2,14.045233535461502
372,1011,850,1,11.365584452473476
372,1004,702,1,7.841523685223605
372,1105,1140,1,7.683904782943718
372,973,1105,2,4.388654712140797
372,850,1105,1,7.255791794533394
372,1412,1067,1,8.946191032118977
373,928,702,2,11.847457656626572
373,1011,1187,3,5.851146926487822
373,1011,873,6,9.1842566129722
373,794,1187,1,11.519003477970214
373,850,714,1,7.4471861231509155
373,1067,783,1,25.606032905209577
373,925,402,3,14.913154476154167
373,1140,850,1,13.036256596755637
374,873,1478,1,15.82614542888024
374,928,1105,5,6.509632645551289
374,1105,1187,3,4.4040530489389695
374,402,925,1,14.913154476154167
374,873,967,1,7.925075031537542
374,973,579,2,12.02013346271456
374,1140,1478,1,10.56486642729493
374,850,402,1,20.42053788159492
374,714,464,1,10.122771228736514
374,783,579,1,11.850386463154225
374,1187,1105,2,4.4040530489389695
374,1187,967,1,7.314097191827283
374,967,1105,1,9.182568470632535
374,200,579,1,12.57636232869906
375,967,925,2,1.4630157462730349
375,873,928,3,11.464626189279452
375,402,702,2,7.84160901068824
375,834,1478,1,16.706287412191738
375,1105,1187,2,4.4040530489389695
375,925,1187,1,7.6790367656671
375,702,794,3,6.125367854472763
375,579,973,2,12.02013346271456
375,1105,1058,5,3.961184888937906
375,1187,925,1,7.6790367656671
375,1011,464,1,18.41923278489661
375,850,1232,1,11.078851145692578
375,873,1140,2,10.849467604025635
375,873,1011,1,9.1842566129722
375,834,1105,1,14.045233535461502
376,928,973,2,2.202808837490146
376,794,1011,2,5.876008831303484
376,973,1067,2,7.92352939429049
376,1187,928,4,6.739067249150369
376,1187,1140,2,3.960411314814771
376,579,714,2,6.612071581984758
376,402,702,1,7.84160901068824
376,1105,1058,1,3.961184888937906
377,925,1011,3,2.223898532891128
377,928,973,5,2.202808837490146
377,1232,1011,1,7.964083694664586
377,1140,1187,4,3.960411314814771
377,1105,928,1,6.509632645551289
377,1058,794,5,8.77829027244345
377,702,794,2,6.125367854472763
377,1067,1232,2,8.002242999882604
377,1011,702,1,10.884143023519666
377,464,714,1,10.122771228736514
378,1187,1232,4,2.2017655762295663
378,794,928,1,5.8083597500151045
378,1011,1187,5,5.851146926487822
378,1232,702,2,18.84696316793992
378,973,702,3,14.048686290771036
378,714,850,3,7.4471861231509155
379,1187,1232,2,2.2017655762295663
379,850,1011,1,11.365584452473476
379,702,834,1,4.389831624444016
379,1011,1004,1,6.654407802707156
379,794,579,7,5.55974633222762
379,702,794,6,6.125367854472763
379,973,794,4,8.005758424200978
379,1187,1140,1,3.960411314814771
379,1058,1140,1,4.404400893299181
379,856,200,1,19.692898710509187
380,928,925,2,2.8524929798341074
380,1232,1058,4,4.83687793721146
380,794,579,6,5.55974633222762
380,834,1140,1,9.120303414799448
380,1232,1140,1,6.119741485129188
380,1140,834,1,9.120303414799448
380,1011,873,1,9.1842566129722
380,856,1004,1,23.24935460589177
380,856,579,1,19.267312298612403
381,925,1011,2,2.223898532891128
381,850,973,2,6.608947508553885
381,834,702,1,4.389831624444016
381,1058,1105,2,3.961184888937906
381,579,850,1,14.052136310094992
381,1004,834,2,4.837273690103386
381,794,967,1,4.548315025166438
381,579,1478,1,23.658481146829327
381,1187,850,1,11.109127914371388
381,579,402,7,6.514036981260467
381,1140,1399,2,6.738996195578808
381,794,1140,1,9.096545861200513
381,873,967,1,7.925075031537542
381,1187,967,1,7.314097191827283
381,579,714,1,6.612071581984758
382,967,973,3,5.7043821114062
382,1399,1011,1,10.052549905308156
382,1140,1058,1,4.404400893299181
382,579,928,1,10.087254514060623
382,1011,1232,1,7.964083694664586
382,1232,973,1,6.739053043647001
382,794,973,2,8.005758424200978
382,834,1058,1,10.204580442928409
382,579,702,3,6.612071581984758
382,850,1412,1,14.733832640164646
382,856,850,1,5.706192977163574
383,1058,1105,2,3.961184888937906
383,1105,1187,2,4.4040530489389695
383,973,873,3,13.496121499721363
383,850,928,2,7.925847526229188
383,1011,702,2,10.884143023519666
383,1058,873,1,13.135447383238883
383,714,928,1,5.640508575131163
384,928,967,2,3.962344440629368
384,702,783,5,5.250413373789177
384,973,928,5,2.202808837490146
384,1399,928,1,12.37821780679595
384,402,579,5,6.514036981260467
384,1232,1067,1,8.002242999882604
384,1058,850,1,8.672138339743874
384,1105,925,2,8.810192302561815
384,873,925,1,8.629868015705554
384,834,856,1,20.92270438869305
384,1187,1140,1,3.960411314814771
384,1140,873,1,10.849467604025635
384,200,925,1,19.74674473703068
385,928,967,7,3.962344440629368
385,402,783,1,11.521692668209962
385,967,1187,1,7.314097191827283
385,925,579,3,9.096756146766438
385,402,967,1,15.541607685822626
385,1187,928,1,6.739067249150369
385,873,579,1,10.243397261423542
385,873,925,2,8.629868015705554
385,464,1232,1,20.81259910432051
386,925,967,3,1.4630157462730349
386,873,1004,1,3.839767699909918
386,967,1140,7,4.548230871686798
386,702,925,1,9.423506251261468
386,579,834,2,7.256503514219511
386,783,834,1,7.689481736045675
386,579,1105,6,16.385732596177622
386,850,856,1,5.706192977163574
386,1067,1412,1,8.946191032118977
386,1232,1140,1,6.119741485129188
386,1187,967,1,7.314097191827283
386,856,1067,1,6.736061142864135
387,928,783,1,15.577087902404868
387,925,928,1,2.8524929798341074
387,967,1140,1,4.548230871686798
387,1140,928,4,6.2484548670441855
387,783,973,1,17.685208029543023
387,834,1232,1,14.473652063742133
387,967,873,3,7.925075031537542
388,967,1011,1,1.4629503400136323
388,1140,928,3,6.2484548670441855
388,928,702,2,11.847457656626572
388,783,525,3,6.671695598673383
388,834,1011,2,6.510367578384317
388,1105,1187,4,4.4040530489389695
388,1004,702,1,7.841523685223605
388,1140,1004,3,7.442778444077659
388,1232,1004,1,13.548232944538976
388,783,1105,1,21.4299278250006
388,1105,1058,2,3.961184888937906
388,579,464,1,13.736208219113248
389,1011,1105,2,7.92275625179966
389,1004,834,1,4.837273690103386
389,928,1412,1,16.089571776562533
389,928,1232,3,8.28950012214804
389,702,873,3,4.548357078342699
389,967,714,1,8.192867163522228
389,525,702,1,6.512937082064592
389,525,402,2,6.614151574587493
390,1187,1011,3,5.851146926487822
390,1105,1232,2,3.8392690799482057
390,873,1004,4,3.839767699909918
390,1058,928,2,3.468670210314232
390,1011,1232,1,7.964083694664586
390,1004,873,3,3.839767699909918
390,973,1187,1,5.6404067966465385
390,834,172,1,23.237911306741093
390,402,702,1,7.84160901068824
390,1187,1067,1,9.180879404297018
390,702,525,1,6.512937082064592
390,1067,873,1,21.383746569034415
391,928,925,5,2.8524929798341074
391,1232,1105,4,3.8392690799482057
391,1011,928,3,3.6167275925925466
391,873,1004,5,3.839767699909918
391,1004,928,3,9.763940751913996
391,1004,973,1,11.462222395062687
391,714,1187,1,12.231441930901791
391,1187,1105,1,4.4040530489389695
391,1105,925,1,8.810192302561815
391,783,1105,1,21.4299278250006
392,928,1058,1,3.468670210314232
392,925,1105,3,8.810192302561815
392,1105,1187,1,4.4040530489389695
392,1105,973,2,4.388654712140797
392,525,834,1,10.886391578093734
392,402,1140,1,20.041488041275294
393,1232,1011,2,7.964083694664586
393,1187,973,1,5.6404067966465385
393,1004,925,5,7.016854369636376
393,1058,967,1,5.247679923034634
393,1105,967,2,9.182568470632535
393,702,1058,1,14.468812957232682
393,1105,850,1,7.255791794533394
394,967,928,1,3.962344440629368
394,834,967,1,5.059118864445973
394,925,714,3,6.736742718055863
394,873,1478,1,15.82614542888024
394,1105,928,1,6.509632645551289
394,928,1399,3,12.37821780679595
394,1067,850,1,5.87594370452583
394,1187,794,1,11.519003477970214
394,973,714,3,6.739138237494938
394,928,1232,2,8.28950012214804
394,464,783,1,25.397194471986413
395,928,967,2,3.962344440629368
395,783,834,1,7.689481736045675
395,1011,850,2,11.365584452473476
395,714,973,3,6.739138237494938
395,1232,1399,1,6.507057624431
395,1140,850,1,13.036256596755637
395,973,714,1,6.739138237494938
395,850,1412,1,14.733832640164646
395,714,928,1,5.640508575131163
395,967,873,2,7.925075031537542
395,1105,850,1,7.255791794533394
395,1105,579,1,16.385732596177622
395,1478,834,1,16.706287412191738
395,1478,1011,1,13.494566217296024
395,1412,783,1,30.014252482424304
396,967,925,3,1.4630157462730349
396,1399,1140,3,6.738996195578808
396,925,873,5,8.629868015705554
396,1011,973,1,4.881725510082577
396,783,928,1,15.577087902404868
396,834,1478,1,16.706287412191738
396,794,973,1,8.005758424200978
396,850,925,1,10.694040075602611
396,834,402,1,11.281169605088646
396,856,783,1,28.55412357877098
396,464,928,1,14.930631823982267
396,464,783,1,25.397194471986413
396,1478,1011,1,13.494566217296024
396,1478,783,1,18.994191672564124
396,1412,783,1,30.014252482424304
397,925,783,1,12.804913262721543
397,973,928,4,2.202808837490146
397,579,794,1,5.55974633222762
397,783,402,4,11.521692668209962
397,928,1187,3,6.739067249150369
397,1011,525,1,17.39283322509588
397,850,1187,3,11.109127914371388
397,714,850,1,7.4471861231509155
397,714,579,2,6.612071581984758
397,402,973,1,18.419980035084063
397,1058,714,1,8.895594131564904
397,1232,702,1,18.84696316793992
397,1478,967,1,14.163846735607535
397,1412,783,1,30.014252482424304
398,928,967,4,3.962344440629368
398,973,928,2,2.202808837490146
398,967,783,1,12.247362390603268
398,1399,1187,1,6.247627185540738
398,525,783,1,6.671695598673383
398,925,1105,3,8.810192302561815
398,873,1478,2,15.82614542888024
398,402,834,1,11.281169605088646
398,783,928,1,15.577087902404868
398,850,714,1,7.4471861231509155
398,402,1004,2,15.567289730238285
398,1187,925,3,7.6790367656671
398,1140,834,2,9.120303414799448
398,1140,1399,1,6.738996195578808
398,714,967,1,8.192867163522228
398,873,402,3,12.378588757843175
398,1412,973,1,14.027846499005278
398,1412,1140,1,14.879879730628884
399,967,925,5,1.4630157462730349
399,1140,783,1,15.22789003823726
399,1004,783,2,7.966246489389644
399,834,925,1,5.249047199856985
399,928,1011,3,3.6167275925925466
399,873,1478,2,15.82614542888024
399,402,834,1,11.281169605088646
399,783,1011,2,13.554200769268274
399,925,464,2,16.731616825582336
399,579,1011,1,11.281034038678854
399,973,1105,1,4.388654712140797
399,714,850,1,7.4471861231509155
400,925,1011,3,2.223898532891128
400,702,783,1,5.250413373789177
400,794,928,1,5.8083597500151045
400,1011,783,4,13.554200769268274
400,1187,973,4,5.6404067966465385
400,834,702,3,4.389831624444016
400,783,928,3,15.577087902404868
400,1105,1187,2,4.4040530489389695
400,1105,928,2,6.509632645551289
400,850,925,1,10.694040075602611
400,464,850,2,10.052673626423328
400,579,402,1,6.514036981260467
401,1187,1011,2,5.851146926487822
401,928,1011,5,3.6167275925925466
401,925,1004,3,7.016854369636376
401,1399,1232,1,6.507057624431
401,783,1399,3,20.47900955025097
401,1011,1399,3,10.052549905308156
401,973,1105,3,4.388654712140797
401,850,525,1,24.123442823737072
401,402,928,1,16.388066195777938
401,1478,973,1,16.94926120721475
401,1412,1011,1,16.64651643490022
402,928,1011,1,3.6167275925925466
402,1399,1058,2,9.34110519027368
402,1399,967,3,11.280728646716137
402,525,783,1,6.671695598673383
402,925,1105,2,8.810192302561815
402,402,834,3,11.281169605088646
402,1011,834,7,6.510367578384317
402,783,1213,3,11.11949266445603
402,1232,1412,1,8.805321213797965
402,850,834,1,15.216513464969486
402,973,1105,1,4.388654712140797
402,1105,973,3,4.388654712140797
402,1412,783,1,30.014252482424304
403,1105,1232,1,3.8392690799482057
403,1399,1232,1,6.507057624431
403,783,1478,1,18.994191672564124
403,973,1067,1,7.92352939429049
403,1011,1187,3,5.851146926487822
403,1004,1011,3,6.654407802707156
403,834,973,5,10.076973504527178
403,850,967,1,11.888191513854997
403,1213,1140,1,12.551534849108323
403,967,1213,1,13.213201406808306
403,702,973,3,14.048686290771036
403,1105,973,1,4.388654712140797
403,1058,402,1,19.689963068329824
403,1058,200,1,22.320262839411114
404,967,1011,3,1.4629503400136323
404,1232,794,1,13.471439449058977
404,1105,928,1,6.509632645551289
404,973,1187,6,5.6404067966465385
404,834,525,5,10.886391578093734
404,1011,714,1,8.663428210145675
404,1213,873,1,9.674072372960078
404,402,850,1,20.42053788159492
405,928,925,1,2.8524929798341074
405,1187,1232,6,2.2017655762295663
405,973,928,6,2.202808837490146
405,783,714,1,16.323166899192785
405,834,1004,1,4.837273690103386
405,794,873,1,7.018858162934119
405,1011,834,6,6.510367578384317
405,1067,1140,1,12.55411324365653
405,1213,928,1,17.083849184069507
406,928,925,7,2.8524929798341074
406,925,783,1,12.804913262721543
406,1232,783,3,21.210313956402903
406,525,783,5,6.671695598673383
406,1004,794,1,7.315405465360834
406,1140,702,1,13.472348608720578
406,714,1058,1,8.895594131564904
406,873,1213,1,9.674072372960078
406,873,1011,1,9.1842566129722
406,1187,967,1,7.314097191827283
406,1187,1105,1,4.4040530489389695
406,714,850,1,7.4471861231509155
406,1213,967,1,13.213201406808306
407,928,967,1,3.962344440629368
407,834,783,6,7.689481736045675
407,1213,783,1,11.11949266445603
407,1140,925,1,5.559746332228015
407,925,794,5,3.8399670029013246
407,783,928,2,15.577087902404868
407,850,794,1,12.413971394684204
407,1232,1399,3,6.507057624431
407,1187,794,1,11.519003477970214
408,925,1011,3,2.223898532891128
408,1058,1011,1,3.961571514117998
408,928,783,1,15.577087902404868
408,794,783,2,10.46245949147104
408,783,928,1,15.577087902404868
408,1399,1105,1,10.237902514270164
408,1232,1140,1,6.119741485129188
408,1399,1478,1,7.009492875361758
408,1478,1011,1,13.494566217296024
408,1105,794,1,12.287533860803824
409,928,925,2,2.8524929798341074
409,850,1011,1,11.365584452473476
409,794,834,3,3.0622624863494035
409,1399,1232,1,6.507057624431
409,967,1140,2,4.548230871686798
409,783,1478,4,18.994191672564124
409,1011,1004,4,6.654407802707156
409,783,1213,6,11.11949266445603
409,702,1011,1,10.884143023519666
409,1140,1478,1,10.56486642729493
409,794,714,3,6.125367854472763
409,1478,783,1,18.994191672564124
410,967,783,1,12.247362390603268
410,1140,1058,2,4.404400893299181
410,783,1187,1,19.009124176326512
410,1004,1011,2,6.654407802707156
410,925,1399,1,12.268300526223484
410,1011,714,2,8.663428210145675
411,925,1011,1,2.223898532891128
411,1011,925,4,2.223898532891128
411,1058,925,2,5.058513634802797
411,1213,783,3,11.11949266445603
411,1187,1232,1,2.2017655762295663
411,1105,1011,1,7.92275625179966
411,783,925,6,12.804913262721543
411,834,973,3,10.076973504527178
411,1004,928,1,9.763940751913996
411,714,1011,2,8.663428210145675
411,714,925,1,6.736742718055863
412,925,783,1,12.804913262721543
412,1213,783,3,11.11949266445603
412,1232,928,2,8.28950012214804
412,925,1105,5,8.810192302561815
412,1011,1187,2,5.851146926487822
412,794,714,1,6.125367854472763
412,714,579,1,6.612071581984758
412,1004,794,1,7.315405465360834
413,925,973,7,4.882215518422521
413,928,973,1,2.202808837490146
413,1011,1140,2,3.335847799336888
413,973,1067,1,7.92352939429049
413,783,525,5,6.671695598673383
413,714,834,2,9.18763012440511
413,1399,1004,1,12.567113648389872
413,1187,850,1,11.109127914371388
413,1412,1232,1,8.805321213797965
414,794,928,1,5.8083597500151045
414,834,928,1,7.925847526229188
414,525,783,2,6.671695598673383
414,1232,1058,1,4.83687793721146
414,928,834,2,7.925847526229188
414,973,714,4,6.739138237494938
414,1105,973,1,4.388654712140797
414,579,402,1,6.514036981260467
414,1105,850,3,7.255791794533394
414,1187,1399,1,6.247627185540738
414,200,783,1,23.862165274375425
415,928,973,1,2.202808837490146
415,714,783,1,16.323166899192785
415,783,1004,3,7.966246489389644
415,850,1058,1,8.672138339743874
415,1105,1067,1,4.880745078525951
415,973,579,2,12.02013346271456
415,1140,1004,2,7.442778444077659
415,1058,1140,1,4.404400893299181
415,714,850,1,7.4471861231509155
415,714,1105,1,10.705966675098557
415,525,402,1,6.614151574587493
416,928,925,1,2.8524929798341074
416,973,925,4,4.882215518422521
416,1399,928,1,12.37821780679595
416,834,702,3,4.389831624444016
416,783,525,4,6.671695598673383
416,402,834,1,11.281169605088646
416,1004,1011,2,6.654407802707156
416,1004,702,1,7.841523685223605
416,1067,794,1,15.745772705396131
416,1140,702,1,13.472348608720578
416,1004,1140,1,7.442778444077659
416,714,850,1,7.4471861231509155
417,925,850,4,10.694040075602611
417,525,783,4,6.671695598673383
417,1011,579,2,11.281034038678854
417,850,928,3,7.925847526229188
417,702,402,3,7.84160901068824
417,973,702,1,14.048686290771036
417,1067,1187,1,9.180879404297018
417,973,579,1,12.02013346271456
417,850,856,1,5.706192977163574
417,525,1011,1,17.39283322509588
417,402,702,1,7.84160901068824
418,783,402,3,11.521692668209962
418,928,1187,2,6.739067249150369
418,794,579,1,5.55974633222762
418,834,1140,1,9.120303414799448
418,1004,1058,1,10.515329624384115
418,402,925,1,14.913154476154167
418,579,1187,2,16.57993448038173
418,1058,794,1,8.77829027244345
418,1187,1105,1,4.4040530489389695
418,1105,1187,1,4.4040530489389695
418,1004,850,1,17.683455373897953
418,579,702,1,6.612071581984758
418,702,1187,1,16.72667802016658
419,1140,967,1,4.548230871686798
419,1011,1004,1,6.654407802707156
419,794,579,1,5.55974633222762
419,579,850,1,14.052136310094992
419,925,1187,2,7.6790367656671
419,850,1067,5,5.87594370452583
419,702,850,1,18.37776366407494
419,783,172,1,17.768672451070774
419,1187,834,1,12.342244898446324
419,1187,1140,1,3.960411314814771
419,928,1232,2,8.28950012214804
419,525,1058,1,20.964033103094035
420,967,925,1,1.4630157462730349
420,702,783,3,5.250413373789177
420,1058,1187,1,3.335847799336888
420,834,1011,1,6.510367578384317
420,579,850,1,14.052136310094992
420,402,794,3,11.081008814008824
420,1187,925,3,7.6790367656671
420,1105,1187,1,4.4040530489389695
420,856,973,1,11.88819151385629
421,794,1011,2,5.876008831303484
421,402,834,2,11.281169605088646
421,783,702,3,5.250413373789177
421,1011,834,1,6.510367578384317
421,1004,1011,1,6.654407802707156
421,1067,973,4,7.92352939429049
421,1232,1399,2,6.507057624431
421,1140,1478,2,10.56486642729493
421,579,967,1,10.052645101539124
421,925,402,1,14.913154476154167
421,1187,1105,5,4.4040530489389695
421,973,714,1,6.739138237494938
421,1067,1412,1,8.946191032118977
421,850,579,2,14.052136310094992
422,702,783,3,5.250413373789177
422,834,925,2,5.249047199856985
422,1058,928,1,3.468670210314232
422,925,579,2,9.096756146766438
422,579,1011,1,11.281034038678854
422,402,714,1,13.045127894056412
422,1105,1187,1,4.4040530489389695
422,1105,925,2,8.810192302561815
422,967,1105,1,9.182568470632535
423,925,1140,1,5.559746332228015
423,1011,928,3,3.6167275925925466
423,1187,973,1,5.6404067966465385
423,834,702,1,4.389831624444016
423,1105,1011,2,7.92275625179966
423,794,1187,1,11.519003477970214
423,714,1011,1,8.663428210145675
423,973,714,4,6.739138237494938
424,928,973,4,2.202808837490146
424,1399,1011,2,10.052549905308156
424,702,834,1,4.389831624444016
424,925,1187,4,7.6790367656671
424,579,925,3,9.096756146766438
424,850,967,1,11.888191513854997
424,714,464,1,10.122771228736514
424,850,579,1,14.052136310094992
424,1140,1399,1,6.738996195578808
425,925,1140,3,5.559746332228015
425,1011,1140,1,3.335847799336888
425,783,967,3,12.247362390603268
425,973,967,1,5.7043821114062
425,579,714,2,6.612071581984758
425,714,1011,4,8.663428210145675
425,1011,1478,1,13.494566217296024
425,1187,1067,1,9.180879404297018
426,967,928,3,3.962344440629368
426,1187,1011,2,5.851146926487822
426,1399,1011,1,10.052549905308156
426,973,1232,4,6.739053043647001
426,1011,973,5,4.881725510082577
426,1105,1399,1,10.237902514270164
426,1140,834,1,9.120303414799448
426,1187,1399,2,6.247627185540738
427,1011,928,3,3.6167275925925466
427,834,873,2,3.963116935247085
427,928,1140,2,6.2484548670441855
427,973,1140,4,6.509265047797015
427,714,794,1,6.125367854472763
428,967,1011,2,1.4629503400136323
428,1140,925,2,5.559746332228015
428,1399,1140,3,6.738996195578808
428,1232,1058,1,4.83687793721146
428,1232,850,2,11.078851145692578
428,1140,850,2,13.036256596755637
428,714,1011,1,8.663428210145675
428,873,1011,1,9.1842566129722
428,794,714,1,6.125367854472763
428,464,973,1,14.912840443208973
428,200,464,1,8.783774420135625
429,928,1011,2,3.6167275925925466
429,1140,1232,6,6.119741485129188
429,1011,973,2,4.881725510082577
429,1011,579,3,11.281034038678854
429,1067,1011,1,12.40745751794731
429,464,579,1,13.736208219113248
429,973,702,1,14.048686290771036
429,1232,850,1,11.078851145692578
430,925,873,2,8.629868015705554
430,579,850,1,14.052136310094992
430,1011,834,5,6.510367578384317
430,973,967,3,5.7043821114062
430,1058,967,1,5.247679923034634
430,714,967,1,8.192867163522228
430,928,402,2,16.388066195777938
431,967,925,5,1.4630157462730349
431,850,1011,6,11.365584452473476
431,873,1004,3,3.839767699909918
431,834,702,2,4.389831624444016
431,1140,1187,2,3.960411314814771
431,702,402,1,7.84160901068824
432,925,1011,4,2.223898532891128
432,1232,1011,2,7.964083694664586
432,1011,973,1,4.881725510082577
432,1004,925,1,7.016854369636376
432,1187,967,1,7.314097191827283
432,402,702,2,7.84160901068824
432,1232,794,4,13.471439449058977
432,834,714,2,9.18763012440511
433,1004,783,1,7.966246489389644
433,973,928,1,2.202808837490146
433,579,794,3,5.55974633222762
433,1011,834,8,6.510367578384317
433,794,967,1,4.548315025166438
433,702,967,1,9.424975322198348
433,1187,1105,1,4.4040530489389695
434,834,783,1,7.689481736045675
434,925,834,2,5.249047199856985
434,1105,1011,1,7.92275625179966
434,1011,1232,3,7.964083694664586
434,783,702,1,5.250413373789177
434,794,873,2,7.018858162934119
434,967,702,1,9.424975322198348
434,1004,925,1,7.016854369636376
434,794,1067,1,15.745772705396131
434,928,1399,1,12.37821780679595
434,702,402,1,7.84160901068824
435,967,925,2,1.4630157462730349
435,1399,1140,1,6.738996195578808
435,873,928,2,11.464626189279452
435,834,1140,7,9.120303414799448
435,794,402,2,11.081008814008824
435,702,873,2,4.548357078342699
435,402,464,1,18.121881809636708
435,714,200,1,13.478531625480986
435,794,1232,1,13.471439449058977
436,834,794,3,3.0622624863494035
436,1140,1187,1,3.960411314814771
436,1011,794,1,5.876008831303484
436,783,967,1,12.247362390603268
436,1232,967,1,9.421989977231084
436,925,1067,1,12.80112469343922
436,873,1011,1,9.1842566129722
436,714,834,1,9.18763012440511
437,928,967,2,3.962344440629368
437,1232,1011,1,7.964083694664586
437,1140,1058,1,4.404400893299181
437,794,1187,3,11.519003477970214
437,834,973,1,10.076973504527178
437,402,794,1,11.081008814008824
437,1140,1478,1,10.56486642729493
437,702,967,2,9.424975322198348
437,1067,1058,1,8.554760866502043
437,873,1140,1,10.849467604025635
437,402,702,2,7.84160901068824
437,1187,1412,1,11.00708650475215
437,1232,1067,2,8.002242999882604
438,967,928,4,3.962344440629368
438,973,928,1,2.202808837490146
438,1140,928,6,6.2484548670441855
438,925,873,2,8.629868015705554
438,794,873,2,7.018858162934119
438,1011,834,2,6.510367578384317
438,1067,973,1,7.92352939429049
439,873,928,2,11.464626189279452
439,1058,928,2,3.468670210314232
439,928,1187,6,6.739067249150369
439,967,714,2,8.192867163522228
439,1187,967,3,7.314097191827283
439,464,783,1,25.397194471986413
440,973,834,1,10.076973504527178
440,702,925,1,9.423506251261468
440,702,1232,1,18.84696316793992
440,1067,1412,2,8.946191032118977
441,925,1232,1,9.649241749541863
441,834,967,2,5.059118864445973
441,967,1058,3,5.247679923034634
441,928,834,8,7.925847526229188
441,1187,928,6,6.739067249150369
441,873,850,1,19.05211151685567
441,714,579,1,6.612071581984758
442,928,967,5,3.962344440629368
442,967,714,2,8.192867163522228
442,873,973,1,13.496121499721363
442,714,925,1,6.736742718055863
443,1232,928,2,8.28950012214804
443,1058,1187,3,3.335847799336888
443,925,873,1,8.629868015705554
443,967,1058,1,5.247679923034634
443,783,702,1,5.250413373789177
443,928,1232,2,8.28950012214804
443,834,1232,5,14.473652063742133
443,1478,783,2,18.994191672564124
444,834,925,4,5.249047199856985
444,702,925,1,9.423506251261468
444,973,1067,1,7.92352939429049
444,579,1140,1,14.579929042333728
444,783,172,2,17.768672451070774
444,967,873,1,7.925075031537542
444,714,794,1,6.125367854472763
444,850,1058,1,8.672138339743874
445,1058,973,2,2.41855773034487
445,1187,1232,3,2.2017655762295663
445,925,579,4,9.096756146766438
445,1232,967,2,9.421989977231084
445,714,1011,1,8.663428210145675
445,967,873,3,7.925075031537542
445,928,1004,1,9.763940751913996
445,1478,783,1,18.994191672564124
445,1478,1187,1,12.280518083533188
446,873,783,5,4.4064860569207775
446,925,714,1,6.736742718055863
446,1140,967,1,4.548230871686798
446,794,579,1,5.55974633222762
446,783,1011,1,13.554200769268274
446,1232,1412,3,8.805321213797965
446,1232,1140,5,6.119741485129188
446,579,402,1,6.514036981260467
446,1187,714,1,12.231441930901791
446,928,856,1,13.497510700081442
446,172,850,1,35.56283988223624
446,1067,856,1,6.736061142864135
447,1011,967,2,1.4629503400136323
447,1140,967,2,4.548230871686798
447,579,973,2,12.02013346271456
447,714,928,2,5.640508575131163
447,1004,928,1,9.763940751913996
447,850,1232,1,11.078851145692578
448,1232,1105,1,3.8392690799482057
448,579,834,1,7.256503514219511
448,928,1187,1,6.739067249150369
448,967,702,5,9.424975322198348
448,973,1004,2,11.462222395062687
448,856,1067,2,6.736061142864135
448,1140,1478,3,10.56486642729493
449,928,967,2,3.962344440629368
449,967,579,2,10.052645101539124
449,973,1232,2,6.739053043647001
449,402,834,1,11.281169605088646
449,1105,1067,1,4.880745078525951
449,579,1004,1,12.093776951796409
449,783,172,2,17.768672451070774
449,702,1105,1,18.21042691241635
449,1004,928,1,9.763940751913996
449,1187,834,1,12.342244898446324
449,1412,783,1,30.014252482424304
450,967,925,2,1.4630157462730349
450,702,928,1,11.847457656626572
450,783,1058,4,17.486864213198086
450,834,1213,2,12.569063966979074
450,1004,1058,1,10.515329624384115
450,1067,1140,2,12.55411324365653
450,1105,1187,1,4.4040530489389695
451,1058,973,4,2.41855773034487
451,1187,1058,1,3.335847799336888
451,834,873,1,3.963116935247085
451,1213,1187,1,16.19122385834084
451,1140,702,1,13.472348608720578
451,1004,794,1,7.315405465360834
451,702,1213,1,14.16486062369625
451,579,714,2,6.612071581984758
451,1412,1187,1,11.00708650475215
452,925,1140,2,5.559746332228015
452,1058,1187,2,3.335847799336888
452,1140,967,1,4.548230871686798
452,928,579,1,10.087254514060623
452,1067,973,1,7.92352939429049
452,973,873,1,13.496121499721363
452,1187,1140,2,3.960411314814771
452,702,1187,2,16.72667802016658
452,794,714,1,6.125367854472763
452,1412,850,1,14.733832640164646
453,967,973,1,5.7043821114062
453,873,928,1,11.464626189279452
453,1232,1140,2,6.119741485129188
453,973,1187,2,5.6404067966465385
453,928,1232,1,8.28950012214804
453,1187,1140,2,3.960411314814771
453,850,402,1,20.42053788159492
453,1140,850,2,13.036256596755637
453,702,873,1,4.548357078342699
453,714,925,1,6.736742718055863
454,1187,1058,1,3.335847799336888
454,873,1004,2,3.839767699909918
454,1140,1105,5,7.683904782943718
454,579,925,1,9.096756146766438
454,850,1105,1,7.255791794533394
454,973,856,2,11.88819151385629
454,402,1399,1,26.682187684429604
454,928,525,1,18.21580338849598
454,1213,702,1,14.16486062369625
454,714,1067,1,12.344128539882757
454,1187,834,1,12.342244898446324
455,1058,928,1,3.468670210314232
455,1105,928,4,6.509632645551289
455,1232,1140,1,6.119741485129188
455,702,794,1,6.125367854472763
455,1399,850,1,17.29967050146582
455,1187,850,2,11.109127914371388
455,1004,928,1,9.763940751913996
455,1004,1058,1,10.515329624384115
455,714,834,1,9.18763012440511
455,1213,1105,1,20.23270881812332
456,925,967,2,1.4630157462730349
456,928,973,3,2.202808837490146
456,834,925,2,5.249047199856985
456,1140,1232,2,6.119741485129188
456,973,850,1,6.608947508553885
456,1105,928,1,6.509632645551289
456,1105,925,1,8.810192302561815
456,525,702,1,6.512937082064592
456,850,1058,2,8.672138339743874
456,856,973,2,11.88819151385629
456,1478,1058,1,14.62524653879426
457,794,925,1,3.8399670029013246
457,850,1011,1,11.365584452473476
457,928,850,3,7.925847526229188
457,1105,928,1,6.509632645551289
457,1058,794,4,8.77829027244345
457,702,794,1,6.125367854472763
457,973,464,1,14.912840443208973
457,1412,1232,1,8.805321213797965
458,967,1011,1,1.4629503400136323
458,973,1058,1,2.41855773034487
458,925,1058,4,5.058513634802797
458,928,834,1,7.925847526229188
458,850,794,2,12.413971394684204
458,794,1058,1,8.77829027244345
458,967,1067,1,13.49334191116594
458,1067,1058,1,8.554760866502043
458,464,579,1,13.736208219113248
458,1232,1213,2,18.052391004569408
459,1058,1011,4,3.961571514117998
459,794,925,3,3.8399670029013246
459,850,973,3,6.608947508553885
459,973,1067,3,7.92352939429049
459,1011,402,1,16.93184038136659
459,579,1140,1,14.579929042333728
459,1213,1004,1,7.964083694664586
459,928,1067,1,10.07507435147502
459,1232,714,1,13.478191227023236
459,1412,1232,1,8.805321213797965
459,1412,783,1,30.014252482424304
460,1232,1187,1,2.2017655762295663
460,973,928,1,2.202808837490146
460,925,928,3,2.8524929798341074
460,794,928,3,5.8083597500151045
460,1140,1105,1,7.683904782943718
460,1011,714,3,8.663428210145675
460,783,1213,1,11.11949266445603
460,1004,1140,1,7.442778444077659
460,1058,1399,1,9.34110519027368
461,928,967,4,3.962344440629368
461,1058,973,1,2.41855773034487
461,1187,1058,1,3.335847799336888
461,1213,783,2,11.11949266445603
461,1011,1105,2,7.92275625179966
461,1140,794,1,9.096545861200513
461,714,1011,1,8.663428210145675
461,1067,794,1,15.745772705396131
461,1058,1004,1,10.515329624384115
461,834,1232,1,14.473652063742133
461,714,967,1,8.192867163522228
461,1478,1399,1,7.009492875361758
462,928,973,3,2.202808837490146
462,967,1011,1,1.4629503400136323
462,1399,783,1,20.47900955025097
462,1011,1140,1,3.335847799336888
462,783,1011,1,13.554200769268274
462,714,973,1,6.739138237494938
462,1105,973,2,4.388654712140797
462,973,1140,3,6.509265047797015
462,1058,525,1,20.964033103094035
462,1067,714,1,12.344128539882757
462,1067,464,2,15.596324992464188
462,1067,1105,1,4.880745078525951
462,794,1067,1,15.745772705396131
463,794,925,1,3.8399670029013246
463,973,928,6,2.202808837490146
463,1232,925,1,9.649241749541863
463,402,783,1,11.521692668209962
463,1399,1187,1,6.247627185540738
463,783,925,1,12.804913262721543
463,1140,794,2,9.096545861200513
463,1067,973,1,7.92352939429049
463,1011,702,1,10.884143023519666
463,525,794,1,12.411444711524124
463,1140,1004,1,7.442778444077659
463,714,925,2,6.736742718055863
464,967,925,4,1.4630157462730349
464,928,973,5,2.202808837490146
464,794,834,2,3.0622624863494035
464,925,1232,2,9.649241749541863
464,783,1011,1,13.554200769268274
464,464,850,1,10.052673626423328
464,973,1105,1,4.388654712140797
464,1105,702,1,18.21042691241635
464,1004,973,1,11.462222395062687
464,702,1478,1,20.105147324397244
464,1105,1399,1,10.237902514270164
464,1140,850,1,13.036256596755637
465,925,967,7,1.4630157462730349
465,1232,1187,1,2.2017655762295663
465,928,794,1,5.8083597500151045
465,783,925,1,12.804913262721543
465,794,873,1,7.018858162934119
465,1011,850,1,11.365584452473476
465,1187,1004,1,11.361508124700526
465,1105,925,1,8.810192302561815
465,834,714,2,9.18763012440511
465,464,1011,1,18.41923278489661
465,1412,783,1,30.014252482424304
466,1187,973,1,5.6404067966465385
466,925,702,1,9.423506251261468
466,783,714,1,16.323166899192785
466,967,1232,6,9.421989977231084
466,714,973,1,6.739138237494938
466,973,1187,6,5.6404067966465385
466,850,1067,3,5.87594370452583
466,714,850,1,7.4471861231509155
466,1004,928,1,9.763940751913996
467,928,925,1,2.8524929798341074
467,925,973,1,4.882215518422521
467,1004,783,1,7.966246489389644
467,850,1011,1,11.365584452473476
467,1011,928,2,3.6167275925925466
467,1232,1011,1,7.964083694664586
467,1187,973,1,5.6404067966465385
467,702,925,1,9.423506251261468
467,973,464,1,14.912840443208973
467,973,172,1,32.56979185410032
467,714,1187,1,12.231441930901791
467,1412,1067,1,8.946191032118977
468,925,967,2,1.4630157462730349
468,967,928,1,3.962344440629368
468,1232,1187,6,2.2017655762295663
468,1399,1140,1,6.738996195578808
468,873,928,1,11.464626189279452
468,973,1232,1,6.739053043647001
468,702,794,1,6.125367854472763
468,464,925,1,16.731616825582336
468,1187,1140,3,3.960411314814771
468,1187,1004,1,11.361508124700526
468,1067,1011,1,12.40745751794731
468,1067,856,1,6.736061142864135
468,1412,1232,1,8.805321213797965
469,1140,783,2,15.22789003823726
469,928,973,4,2.202808837490146
469,1187,973,7,5.6404067966465385
469,973,1232,1,6.739053043647001
469,925,1058,1,5.058513634802797
469,1011,856,1,16.764898582516587
469,1232,464,1,20.81259910432051
469,1067,1011,2,12.40745751794731
469,1412,1011,1,16.64651643490022
470,973,783,1,17.685208029543023
470,794,928,2,5.8083597500151045
470,1011,928,4,3.6167275925925466
470,783,1478,1,18.994191672564124
470,1232,973,1,6.739053043647001
470,1140,1105,1,7.683904782943718
470,973,1187,4,5.6404067966465385
470,856,1213,1,30.22236061349024
470,1140,1478,1,10.56486642729493
470,464,1067,1,15.596324992464188
470,856,1067,1,6.736061142864135
470,1187,1140,1,3.960411314814771
471,1187,1011,2,5.851146926487822
471,1058,928,1,3.468670210314232
471,1011,1140,1,3.335847799336888
471,928,714,4,5.640508575131163
471,783,1187,1,19.009124176326512
471,973,794,4,8.005758424200978
471,1067,973,1,7.92352939429049
471,1105,1067,1,4.880745078525951
471,967,1399,2,11.280728646716137
471,1213,579,1,19.68761230650633
471,1478,1232,1,13.206936132693205
472,1140,928,1,6.2484548670441855
472,579,928,1,10.087254514060623
472,783,714,1,16.323166899192785
472,714,783,2,16.323166899192785
472,1232,172,1,37.7058338976337
472,973,714,3,6.739138237494938
472,1187,1105,2,4.4040530489389695
472,928,1067,1,10.07507435147502
472,1232,1067,1,8.002242999882604
472,1004,1213,1,7.964083694664586
473,1140,1011,1,3.335847799336888
473,928,1011,3,3.6167275925925466
473,1399,973,1,11.751170313633397
473,1011,1232,1,7.964083694664586
473,714,783,2,16.323166899192785
473,783,850,1,22.85304209922013
473,1105,850,1,7.255791794533394
473,1213,1140,1,12.551534849108323
473,1187,794,1,11.519003477970214
474,928,973,1,2.202808837490146
474,973,928,1,2.202808837490146
474,794,834,4,3.0622624863494035
474,1399,1058,1,9.34110519027368
474,783,973,2,17.685208029543023
474,1011,850,2,11.365584452473476
474,1067,850,4,5.87594370452583
474,850,834,1,15.216513464969486
474,1105,967,1,9.182568470632535
474,714,464,2,10.122771228736514
474,714,1067,1,12.344128539882757
475,973,928,4,2.202808837490146
475,834,702,5,4.389831624444016
475,1140,1187,1,3.960411314814771
475,783,834,2,7.689481736045675
475,794,1004,1,7.315405465360834
475,1011,1067,3,12.40745751794731
475,850,702,1,18.37776366407494
475,928,856,1,13.497510700081442
476,702,783,5,5.250413373789177
476,928,794,1,5.8083597500151045
476,1058,1232,1,4.83687793721146
476,1067,850,1,5.87594370452583
476,1232,1140,1,6.119741485129188
476,850,834,2,15.216513464969486
476,850,967,1,11.888191513854997
476,714,794,1,6.125367854472763
476,967,1105,1,9.182568470632535
476,464,714,1,10.122771228736514
477,1187,1232,1,2.2017655762295663
477,928,1011,3,3.6167275925925466
477,834,1213,1,12.569063966979074
477,794,967,1,4.548315025166438
477,850,856,3,5.706192977163574
477,702,579,1,6.612071581984758
477,1067,1412,1,8.946191032118977
477,464,794,1,16.018534965863886
478,967,925,2,1.4630157462730349
478,834,925,3,5.249047199856985
478,1105,1067,1,4.880745078525951
478,856,850,3,5.706192977163574
478,1140,1067,1,12.55411324365653
478,1232,794,1,13.471439449058977
478,1067,856,2,6.736061142864135
478,714,1187,1,12.231441930901791
479,925,1011,2,2.223898532891128
479,794,928,2,5.8083597500151045
479,1232,928,1,8.28950012214804
479,1004,794,1,7.315405465360834
479,1011,1213,2,13.548232944538976
480,928,1140,2,6.2484548670441855
480,925,714,3,6.736742718055863
480,1011,1140,3,3.335847799336888
480,783,1067,1,25.606032905209577
480,856,579,1,19.267312298612403
480,794,1105,1,12.287533860803824
480,1213,1140,1,12.551534849108323
480,850,873,1,19.05211151685567
480,856,1011,1,16.764898582516587
480,850,702,1,18.37776366407494
481,928,925,1,2.8524929798341074
481,794,579,1,5.55974633222762
481,783,1232,4,21.210313956402903
481,1067,973,2,7.92352939429049
481,714,928,1,5.640508575131163
481,1140,873,1,10.849467604025635
481,579,1067,1,18.79184718496452
481,1187,1478,1,12.280518083533188
481,856,973,1,11.88819151385629
481,850,702,2,18.37776366407494
482,1011,794,1,5.876008831303484
482,579,873,2,10.243397261423542
482,1140,973,3,6.509265047797015
482,873,1011,1,9.1842566129722
482,714,794,2,6.125367854472763
482,702,402,1,7.84160901068824
482,1213,1011,1,13.548232944538976
482,1067,714,1,12.344128539882757
482,1213,1140,1,12.551534849108323
482,1412,1067,1,8.946191032118977
483,925,783,1,12.804913262721543
483,702,783,2,5.250413373789177
483,928,973,1,2.202808837490146
483,1140,1011,2,3.335847799336888
483,873,1004,1,3.839767699909918
483,794,967,1,4.548315025166438
483,973,794,3,8.005758424200978
483,1067,925,1,12.80112469343922
483,1232,1067,2,8.002242999882604
483,1105,1187,1,4.4040530489389695
483,1232,834,1,14.473652063742133
484,1140,925,1,5.559746332228015
484,794,967,5,4.548315025166438
484,925,579,1,9.096756146766438
484,1067,973,1,7.92352939429049
484,1232,1140,1,6.119741485129188
484,973,1105,4,4.388654712140797
484,1187,925,1,7.6790367656671
485,1011,928,4,3.6167275925925466
485,967,973,2,5.7043821114062
485,1105,1232,3,3.8392690799482057
485,783,834,3,7.689481736045675
485,579,873,1,10.243397261423542
485,1004,794,1,7.315405465360834
485,1067,1232,2,8.002242999882604
485,714,402,1,13.045127894056412
485,873,1058,1,13.135447383238883
486,967,1011,3,1.4629503400136323
486,928,702,2,11.847457656626572
486,402,834,1,11.281169605088646
486,834,1058,1,10.204580442928409
486,973,794,1,8.005758424200978
486,1232,1399,2,6.507057624431
486,873,579,2,10.243397261423542
486,1140,402,1,20.041488041275294
487,579,783,1,11.850386463154225
487,925,850,2,10.694040075602611
487,834,702,4,4.389831624444016
487,1011,1105,3,7.92275625179966
487,794,873,2,7.018858162934119
487,1058,967,1,5.247679923034634
487,928,525,1,18.21580338849598
487,967,1213,1,13.213201406808306
487,928,200,1,19.11752961089156
488,1232,1105,2,3.8392690799482057
488,1105,928,1,6.509632645551289
488,1058,850,1,8.672138339743874
488,579,973,1,12.02013346271456
488,702,967,2,9.424975322198348
488,402,873,1,12.378588757843175
488,1399,1478,2,7.009492875361758
488,973,1140,2,6.509265047797015
488,783,200,1,23.862165274375425
489,967,794,1,4.548315025166438
489,928,794,1,5.8083597500151045
489,1105,1011,5,7.92275625179966
489,873,928,1,11.464626189279452
489,702,928,1,11.847457656626572
489,850,714,2,7.4471861231509155
489,1232,464,1,20.81259910432051
489,1412,783,1,30.014252482424304
490,794,925,1,3.8399670029013246
490,873,702,1,4.548357078342699
490,967,1140,2,4.548230871686798
490,1140,928,1,6.2484548670441855
490,783,928,1,15.577087902404868
490,714,928,1,5.640508575131163
490,973,579,1,12.02013346271456
490,1140,1213,1,12.551534849108323
490,402,850,1,20.42053788159492
490,702,1140,2,13.472348608720578
490,525,172,1,12.35164992665693
490,1213,973,1,18.36260104007094
491,873,783,1,4.4064860569207775
491,1140,1187,3,3.960411314814771
491,1011,1004,5,6.654407802707156
491,928,850,4,7.925847526229188
491,794,973,1,8.005758424200978
491,850,794,1,12.413971394684204
491,702,1004,2,7.841523685223605
491,714,579,1,6.612071581984758
491,1478,783,2,18.994191672564124
492,928,967,1,3.962344440629368
492,850,973,2,6.608947508553885
492,1140,1232,1,6.119741485129188
492,783,1004,3,7.966246489389644
492,1004,1140,1,7.442778444077659
492,464,973,1,14.912840443208973
493,1213,783,1,11.11949266445603
493,925,714,1,6.736742718055863
493,579,794,2,5.55974633222762
493,794,873,1,7.018858162934119
493,1004,1187,3,11.361508124700526
493,1004,794,2,7.315405465360834
493,973,1187,3,5.6404067966465385
493,1004,702,1,7.841523685223605
494,1187,1058,3,3.335847799336888
494,1140,1011,1,3.335847799336888
494,794,973,2,8.005758424200978
494,1004,925,3,7.016854369636376
494,1187,873,1,14.60457664934919
494,973,1140,2,6.509265047797015
494,1187,856,1,15.226827950407046
494,714,925,1,6.736742718055863
494,850,1412,2,14.733832640164646
494,1187,1399,1,6.247627185540738
495,1187,1011,1,5.851146926487822
495,850,783,1,22.85304209922013
495,1232,1011,1,7.964083694664586
495,1058,783,3,17.486864213198086
495,783,967,1,12.247362390603268
495,967,850,1,11.888191513854997
495,1011,714,1,8.663428210145675
495,794,714,2,6.125367854472763
495,1187,1004,1,11.361508124700526
496,702,783,1,5.250413373789177
496,925,928,4,2.8524929798341074
496,1011,794,2,5.876008831303484
496,783,1187,2,19.009124176326512
496,1140,973,2,6.509265047797015
496,873,402,1,12.378588757843175
496,973,1105,2,4.388654712140797
496,1187,714,1,12.231441930901791
497,1004,834,1,4.837273690103386
497,783,1058,1,17.486864213198086
497,1399,834,1,15.539391645120883
497,1187,928,2,6.739067249150369
497,714,1058,2,8.895594131564904
498,967,925,1,1.4630157462730349
498,973,834,2,10.076973504527178
498,873,579,1,10.243397261423542
498,928,1004,6,9.763940751913996
498,1105,850,1,7.255791794533394
498,850,1004,1,17.683455373897953
498,714,967,1,8.192867163522228
498,794,714,1,6.125367854472763
498,714,925,1,6.736742718055863
499,925,928,2,2.8524929798341074
499,783,1478,2,18.994191672564124
499,1004,925,3,7.016854369636376
499,579,873,1,10.243397261423542
499,1058,967,3,5.247679923034634
499,794,200,1,17.329855363153897
499,1412,1232,1,8.805321213797965
500,967,1140,4,4.548230871686798
500,1004,873,4,3.839767699909918
500,928,1105,1,6.509632645551289
500,834,1478,2,16.706287412191738
500,402,794,1,11.081008814008824
500,856,783,1,28.55412357877098
500,714,464,1,10.122771228736514
500,1232,1067,1,8.002242999882604
500,1412,783,1,30.014252482424304
501,925,967,3,1.4630157462730349
501,928,925,1,2.8524929798341074
501,834,794,2,3.0622624863494035
501,1140,928,1,6.2484548670441855
501,794,525,1,12.411444711524124
501,783,1213,1,11.11949266445603
501,1105,850,1,7.255791794533394
501,1067,1058,1,8.554760866502043
501,850,967,1,11.888191513854997
501,1412,1232,1,8.805321213797965
502,873,783,5,4.4064860569207775
502,794,967,2,4.548315025166438
502,850,1187,1,11.109127914371388
502,1058,702,1,14.468812957232682
502,1232,1412,1,8.805321213797965
502,967,1105,1,9.182568470632535
502,1213,973,1,18.36260104007094
502,1412,1067,1,8.946191032118977
503,925,1011,1,2.223898532891128
503,973,783,1,17.685208029543023
503,783,928,1,15.577087902404868
503,1105,1058,1,3.961184888937906
503,928,1004,1,9.763940751913996
503,967,402,1,15.541607685822626
503,1187,834,1,12.342244898446324
503,1140,850,2,13.036256596755637
503,702,579,1,6.612071581984758
503,525,402,1,6.614151574587493
503,1140,702,1,13.472348608720578
503,1412,1232,1,8.805321213797965
503,1412,1011,1,16.64651643490022
503,1067,1105,1,4.880745078525951
504,928,925,1,2.8524929798341074
504,1058,925,1,5.058513634802797
504,1232,1011,1,7.964083694664586
504,783,1011,6,13.554200769268274
504,967,1004,1,5.811450880513226
504,579,1105,1,16.385732596177622
504,967,702,3,9.424975322198348
504,1011,1478,1,13.494566217296024
504,1105,714,1,10.705966675098557
504,464,1140,1,21.137556298109768
505,925,1011,1,2.223898532891128
505,702,783,3,5.250413373789177
505,834,925,1,5.249047199856985
505,850,973,2,6.608947508553885
505,1105,1011,1,7.92275625179966
505,1011,1105,3,7.92275625179966
505,1004,928,1,9.763940751913996
505,714,925,1,6.736742718055863
506,1011,928,7,3.6167275925925466
506,928,794,1,5.8083597500151045
506,925,873,2,8.629868015705554
506,402,794,2,11.081008814008824
506,1105,1058,3,3.961184888937906
506,1004,973,1,11.462222395062687
507,928,925,7,2.8524929798341074
507,1058,1011,3,3.961571514117998
507,873,1213,1,9.674072372960078
507,1140,1412,1,14.879879730628884
507,1412,1067,1,8.946191032118977
508,925,783,2,12.804913262721543
508,1213,783,1,11.11949266445603
508,1105,1232,1,3.8392690799482057
508,973,1067,3,7.92352939429049
508,794,579,1,5.55974633222762
508,783,172,1,17.768672451070774
508,1011,464,1,18.41923278489661
508,702,579,1,6.612071581984758
508,1067,834,1,17.994484200739958
508,1478,783,1,18.994191672564124
509,925,1011,6,2.223898532891128
509,873,928,1,11.464626189279452
509,1232,973,1,6.739053043647001
509,783,702,5,5.250413373789177
509,834,856,1,20.92270438869305
509,579,967,1,10.052645101539124
509,464,783,1,25.397194471986413
509,1011,873,1,9.1842566129722
509,794,1232,2,13.471439449058977
509,1067,1058,1,8.554760866502043
510,967,1011,1,1.4629503400136323
510,702,925,4,9.423506251261468
510,579,1004,1,12.093776951796409
510,1011,579,1,11.281034038678854
510,856,1213,1,30.22236061349024
510,1067,1412,1,8.946191032118977
511,973,834,1,10.076973504527178
511,1011,1105,6,7.92275625179966
511,702,967,1,9.424975322198348
511,925,1213,2,14.603468927185563
511,928,1232,1,8.28950012214804
511,1067,714,1,12.344128539882757
511,873,1213,1,9.674072372960078
512,1213,783,2,11.11949266445603
512,925,850,2,10.694040075602611
512,1232,973,2,6.739053043647001
512,783,928,2,15.577087902404868
512,1058,850,1,8.672138339743874
512,579,925,1,9.096756146766438
512,1105,1058,5,3.961184888937906
512,1011,1213,1,13.548232944538976
512,1004,928,1,9.763940751913996
513,928,967,2,3.962344440629368
513,967,1011,1,1.4629503400136323
513,1232,1011,1,7.964083694664586
513,1058,1187,4,3.335847799336888
513,973,1232,2,6.739053043647001
513,783,1412,1,30.014252482424304
513,1105,1067,1,4.880745078525951
513,714,834,1,9.18763012440511
513,1213,925,2,14.603468927185563
514,1058,1011,1,3.961571514117998
514,928,1011,1,3.6167275925925466
514,783,702,1,5.250413373789177
514,834,1004,1,4.837273690103386
514,850,925,2,10.694040075602611
515,967,925,2,1.4630157462730349
515,1187,1011,4,5.851146926487822
515,925,834,3,5.249047199856985
515,1232,1399,2,6.507057624431
515,1011,714,1,8.663428210145675
515,850,579,1,14.052136310094992
515,1067,1011,1,12.40745751794731
515,1213,1140,1,12.551534849108323
516,925,1011,4,2.223898532891128
516,714,928,1,5.640508575131163
516,834,1105,1,14.045233535461502
516,1011,702,3,10.884143023519666
517,834,925,3,5.249047199856985
517,1011,1232,4,7.964083694664586
517,1140,1004,1,7.442778444077659
517,702,1058,1,14.468812957232682
517,1004,1067,1,19.04407463197984
518,925,973,2,4.882215518422521
518,579,783,1,11.850386463154225
518,1011,850,4,11.365584452473476
518,1058,1140,1,4.404400893299181
518,1399,967,2,11.280728646716137
518,702,1004,1,7.841523685223605
519,925,1004,1,7.016854369636376
519,702,794,2,6.125367854472763
519,928,1399,1,12.37821780679595
519,1105,856,1,10.85018203537092
519,1011,873,1,9.1842566129722
520,873,783,1,4.4064860569207775
520,973,928,2,2.202808837490146
520,1140,973,1,6.509265047797015
520,967,1399,2,11.280728646716137
520,1004,1058,1,10.515329624384115
520,1232,1067,2,8.002242999882604
520,1232,714,2,13.478191227023236
520,1067,464,1,15.596324992464188
521,928,967,2,3.962344440629368
521,850,1011,3,11.365584452473476
521,783,973,1,17.685208029543023
521,794,850,2,12.413971394684204
521,1004,1140,1,7.442778444077659
522,1140,925,1,5.559746332228015
522,1058,1187,1,3.335847799336888
522,850,464,1,10.052673626423328
522,1067,850,2,5.87594370452583
522,856,928,1,13.497510700081442
522,1004,973,1,11.462222395062687
523,1187,1232,1,2.2017655762295663
523,967,783,1,12.247362390603268
523,973,1067,2,7.92352939429049
523,714,783,1,16.323166899192785
523,783,579,1,11.850386463154225
523,1399,1004,3,12.567113648389872
523,464,850,2,10.052673626423328
523,850,1232,1,11.078851145692578
524,925,834,1,5.249047199856985
524,928,702,1,11.847457656626572
524,1004,925,1,7.016854369636376
524,850,928,1,7.925847526229188
524,973,579,1,12.02013346271456
524,1011,856,3,16.764898582516587
524,714,464,1,10.122771228736514
525,1232,1187,1,2.2017655762295663
525,850,834,2,15.216513464969486
525,928,1232,1,8.28950012214804
525,579,702,1,6.612071581984758
525,1004,794,1,7.315405465360834
525,967,525,1,15.935515917166311
526,925,1011,1,2.223898532891128
526,1232,1187,1,2.2017655762295663
526,834,873,2,3.963116935247085
526,783,525,2,6.671695598673383
526,1004,873,1,3.839767699909918
526,850,856,2,5.706192977163574
526,464,973,1,14.912840443208973
526,1067,856,2,6.736061142864135
526,1187,1399,1,6.247627185540738
526,1412,1067,1,8.946191032118977
527,834,925,1,5.249047199856985
527,1067,973,1,7.92352939429049
527,579,1004,1,12.093776951796409
527,1187,1004,1,11.361508124700526
527,525,702,2,6.512937082064592
527,856,973,3,11.88819151385629
528,702,925,1,9.423506251261468
528,973,714,2,6.739138237494938
528,794,1067,1,15.745772705396131
528,1399,1478,1,7.009492875361758
528,856,1067,4,6.736061142864135
528,702,1058,1,14.468812957232682
528,873,1232,1,16.80536252295166
528,873,1058,1,13.135447383238883
528,525,172,1,12.35164992665693
528,702,525,1,6.512937082064592
529,925,783,2,12.804913262721543
529,1011,1004,1,6.654407802707156
529,714,783,1,16.323166899192785
529,1004,925,1,7.016854369636376
529,973,579,2,12.02013346271456
529,1067,925,2,12.80112469343922
529,873,402,1,12.378588757843175
529,1232,579,1,18.33205273511288
530,783,928,1,15.577087902404868
530,1067,928,2,10.07507435147502
530,1058,714,2,8.895594131564904
530,1004,1399,1,12.567113648389872
530,1004,1140,1,7.442778444077659
530,714,1105,1,10.705966675098557
531,1140,1011,1,3.335847799336888
531,973,925,1,4.882215518422521
531,928,794,2,5.8083597500151045
531,402,783,1,11.521692668209962
531,702,714,1,11.41600413764035
531,1232,1412,1,8.805321213797965
531,1067,464,1,15.596324992464188
531,525,873,1,9.675337903778155
532,873,783,1,4.4064860569207775
532,925,1478,4,15.538947915471203
532,928,579,1,10.087254514060623
532,783,1058,1,17.486864213198086
532,794,1140,1,9.096545861200513
532,579,1011,3,11.281034038678854
532,714,464,2,10.122771228736514
533,1399,973,1,11.751170313633397
533,1140,967,1,4.548230871686798
533,1011,1399,1,10.052549905308156
533,714,794,1,6.125367854472763
533,1105,967,1,9.182568470632535
533,1412,1067,1,8.946191032118977
534,973,1011,1,4.881725510082577
534,1011,1232,2,7.964083694664586
534,783,834,3,7.689481736045675
534,967,850,1,11.888191513854997
534,1067,973,1,7.92352939429049
534,579,702,1,6.612071581984758
534,464,973,1,14.912840443208973
534,464,714,1,10.122771228736514
535,967,783,1,12.247362390603268
535,794,873,2,7.018858162934119
535,1011,1399,1,10.052549905308156
535,1058,1140,1,4.404400893299181
535,834,525,1,10.886391578093734
535,973,1399,1,11.751170313633397
536,702,783,1,5.250413373789177
536,834,794,2,3.0622624863494035
536,1232,1011,2,7.964083694664586
536,525,783,1,6.671695598673383
536,1399,1004,2,12.567113648389872
536,850,1058,1,8.672138339743874
536,873,579,1,10.243397261423542
536,464,967,1,18.19332331835528
537,1399,1011,1,10.052549905308156
537,1058,1232,1,4.83687793721146
537,1011,1140,2,3.335847799336888
537,783,702,1,5.250413373789177
537,973,1412,1,14.027846499005278
537,1004,1232,1,13.548232944538976
537,1140,1478,1,10.56486642729493
537,714,856,1,12.80743720302119
537,1478,783,1,18.994191672564124
538,967,925,1,1.4630157462730349
538,1011,967,2,1.4629503400136323
538,794,783,2,10.46245949147104
538,783,1232,1,21.210313956402903
538,579,702,1,6.612071581984758
538,873,1105,1,17.09113028720051
538,1232,873,1,16.80536252295166
539,1140,925,2,5.559746332228015
539,873,1478,1,15.82614542888024
539,925,1105,1,8.810192302561815
539,783,1213,2,11.11949266445603
539,702,873,2,4.548357078342699
539,1232,525,1,25.356806801706608
539,1004,1232,1,13.548232944538976
540,967,925,2,1.4630157462730349
540,525,783,1,6.671695598673383
540,1232,967,1,9.421989977231084
540,856,850,1,5.706192977163574
540,1105,794,1,12.287533860803824
540,1478,783,1,18.994191672564124
541,967,925,1,1.4630157462730349
541,1213,783,2,11.11949266445603
541,925,850,2,10.694040075602611
541,1232,973,1,6.739053043647001
541,783,1399,3,20.47900955025097
541,873,1011,1,9.1842566129722
542,925,1140,2,5.559746332228015
542,783,702,1,5.250413373789177
542,873,794,1,7.018858162934119
542,1399,1004,1,12.567113648389872
542,850,967,1,11.888191513854997
543,925,967,1,1.4630157462730349
543,967,928,1,3.962344440629368
543,1004,783,1,7.966246489389644
543,794,925,2,3.8399670029013246
543,1399,1232,2,6.507057624431
543,1011,1105,1,7.92275625179966
543,702,579,1,6.612071581984758
543,1105,1478,1,16.644260310570534
544,925,702,1,9.423506251261468
544,973,1058,1,2.41855773034487
544,783,172,1,17.768672451070774
544,850,579,2,14.052136310094992
544,967,1067,1,13.49334191116594
544,1140,1067,2,12.55411324365653
544,1478,783,1,18.994191672564124
545,579,783,1,11.850386463154225
545,783,402,3,11.521692668209962
545,1058,850,1,8.672138339743874
545,1232,1004,1,13.548232944538976
545,1478,1058,1,14.62524653879426
546,928,925,1,2.8524929798341074
546,1105,1232,1,3.8392690799482057
546,1058,928,1,3.468670210314232
546,402,834,2,11.281169605088646
546,579,925,1,9.096756146766438
546,702,1004,1,7.841523685223605
546,925,1412,1,18.07211283325024
546,1412,1232,1,8.805321213797965
547,925,1140,2,5.559746332228015
547,928,1058,1,3.468670210314232
547,834,1004,1,4.837273690103386
547,783,1004,1,7.966246489389644
547,1232,1399,1,6.507057624431
547,1067,856,1,6.736061142864135
547,1232,1213,1,18.052391004569408
547,1067,850,1,5.87594370452583
547,1067,1105,1,4.880745078525951
547,1412,1232,1,8.805321213797965
548,1140,928,1,6.2484548670441855
548,1232,973,2,6.739053043647001
548,579,834,1,7.256503514219511
548,1004,579,2,12.093776951796409
548,1058,702,1,14.468812957232682
548,402,967,1,15.541607685822626
548,1399,850,1,17.29967050146582
548,850,967,1,11.888191513854997
548,856,973,1,11.88819151385629
548,1478,1232,1,13.206936132693205
549,1213,783,1,11.11949266445603
549,967,794,2,4.548315025166438
549,1004,873,2,3.839767699909918
549,850,1187,2,11.109127914371388
549,579,850,1,14.052136310094992
549,973,1004,2,11.462222395062687
549,1232,794,1,13.471439449058977
549,702,172,1,18.858887720998347
549,834,525,2,10.886391578093734
549,1412,783,1,30.014252482424304
550,973,928,1,2.202808837490146
550,928,794,1,5.8083597500151045
550,783,834,1,7.689481736045675
550,794,967,2,4.548315025166438
550,1105,464,1,17.107687775979528
550,1004,850,1,17.683455373897953
550,1187,794,1,11.519003477970214
550,873,579,1,10.243397261423542
550,1140,1412,1,14.879879730628884
550,850,1213,1,24.912341119523507
551,928,973,1,2.202808837490146
551,794,579,1,5.55974633222762
551,579,973,1,12.02013346271456
551,967,856,1,17.437906487356226
551,1187,1140,1,3.960411314814771
551,834,856,1,20.92270438869305
551,850,402,1,20.42053788159492
551,525,873,1,9.675337903778155
551,525,402,1,6.614151574587493
551,1478,783,1,18.994191672564124
551,1412,1067,1,8.946191032118977
552,967,928,1,3.962344440629368
552,783,1004,2,7.966246489389644
552,1004,925,1,7.016854369636376
552,1067,928,1,10.07507435147502
552,856,783,1,28.55412357877098
552,579,1067,1,18.79184718496452
552,402,973,1,18.419980035084063
552,873,850,1,19.05211151685567
552,1140,794,1,9.096545861200513
552,794,1232,1,13.471439449058977
553,873,783,1,4.4064860569207775
553,1213,783,1,11.11949266445603
553,925,794,1,3.8399670029013246
553,783,1232,1,21.210313956402903
553,794,873,1,7.018858162934119
553,579,1004,1,12.093776951796409
553,464,702,1,20.168168841470333
553,973,1140,3,6.509265047797015
553,1004,1140,1,7.442778444077659
553,1067,1058,1,8.554760866502043
553,856,1011,1,16.764898582516587
554,928,925,2,2.8524929798341074
554,873,1004,1,3.839767699909918
554,1140,1058,2,4.404400893299181
554,1011,1232,1,7.964083694664586
554,1004,873,1,3.839767699909918
554,402,928,1,16.388066195777938
555,873,702,1,4.548357078342699
555,1004,873,2,3.839767699909918
555,783,794,2,10.46245949147104
555,794,579,2,5.55974633222762
555,850,925,1,10.694040075602611
555,1232,1399,2,6.507057624431
555,1140,973,2,6.509265047797015
555,1058,1140,3,4.404400893299181
556,928,925,1,2.8524929798341074
556,873,834,1,3.963116935247085
556,1140,1011,2,3.335847799336888
556,1232,1105,1,3.8392690799482057
556,973,1058,2,2.41855773034487
556,925,1187,2,7.6790367656671
556,702,579,1,6.612071581984758
556,1412,783,1,30.014252482424304
557,925,1011,2,2.223898532891128
557,1399,1140,2,6.738996195578808
557,1140,1232,1,6.119741485129188
557,1011,973,2,4.881725510082577
557,579,973,2,12.02013346271456
558,834,794,1,3.0622624863494035
558,873,1004,1,3.839767699909918
558,1140,1232,1,6.119741485129188
558,1187,1478,2,12.280518083533188
558,973,1140,1,6.509265047797015
559,1140,783,1,15.22789003823726
559,783,1140,1,15.22789003823726
559,794,702,2,6.125367854472763
559,1011,579,2,11.281034038678854
559,1058,702,2,14.468812957232682
559,579,702,1,6.612071581984758
559,702,1478,1,20.105147324397244
560,794,925,1,3.8399670029013246
560,1140,1058,1,4.404400893299181
560,783,1011,1,13.554200769268274
560,702,967,3,9.424975322198348
560,973,1213,2,18.36260104007094
560,1105,702,1,18.21042691241635
560,1004,1232,1,13.548232944538976
561,967,794,1,4.548315025166438
561,925,1004,1,7.016854369636376
561,1058,850,1,8.672138339743874
561,973,1187,1,5.6404067966465385
561,702,579,2,6.612071581984758
561,1232,1004,2,13.548232944538976
561,1011,873,1,9.1842566129722
562,967,925,2,1.4630157462730349
562,1232,928,1,8.28950012214804
562,579,873,2,10.243397261423542
562,1140,714,1,11.751952287542252
562,1004,794,1,7.315405465360834
562,1187,834,1,12.342244898446324
562,702,714,1,11.41600413764035
563,928,925,1,2.8524929798341074
563,794,702,1,6.125367854472763
563,873,925,2,8.629868015705554
563,579,402,2,6.514036981260467
563,1004,579,1,12.093776951796409
563,1213,967,1,13.213201406808306
563,1213,702,1,14.16486062369625
564,925,834,2,5.249047199856985
564,714,834,1,9.18763012440511
564,1004,579,1,12.093776951796409
565,925,928,2,2.8524929798341074
565,702,834,2,4.389831624444016
565,579,794,1,5.55974633222762
565,834,973,3,10.076973504527178
565,794,525,1,12.411444711524124
565,850,579,1,14.052136310094992
565,714,1140,1,11.751952287542252
565,873,1140,1,10.849467604025635
566,834,783,1,7.689481736045675
566,973,1011,1,4.881725510082577
566,402,702,2,7.84160901068824
567,794,925,1,3.8399670029013246
567,925,1004,1,7.016854369636376
567,928,702,2,11.847457656626572
567,1140,1232,2,6.119741485129188
567,579,794,2,5.55974633222762
567,967,1478,1,14.163846735607535
567,834,1011,2,6.510367578384317
567,973,1187,2,5.6404067966465385
567,702,402,2,7.84160901068824
567,525,402,1,6.614151574587493
568,925,1011,1,2.223898532891128
568,1004,925,1,7.016854369636376
568,794,1140,2,9.096545861200513
568,1187,1140,2,3.960411314814771
569,925,1011,1,2.223898532891128
569,783,579,1,11.850386463154225
569,1011,1067,2,12.40745751794731
569,1232,1067,2,8.002242999882604
570,702,783,2,5.250413373789177
570,1140,1399,2,6.738996195578808
570,1011,873,2,9.1842566129722
570,1067,850,1,5.87594370452583
571,873,783,1,4.4064860569207775
571,1140,1058,2,4.404400893299181
571,579,928,1,10.087254514060623
571,1067,1058,1,8.554760866502043
571,402,973,3,18.419980035084063
572,1399,1058,1,9.34110519027368
572,783,925,2,12.804913262721543
572,973,1187,1,5.6404067966465385
572,1058,1067,1,8.554760866502043
572,1011,464,1,18.41923278489661
572,1067,1140,2,12.55411324365653
572,1058,1004,1,10.515329624384115
573,928,973,1,2.202808837490146
573,1058,1232,1,4.83687793721146
573,850,1058,1,8.672138339743874
573,973,1140,2,6.509265047797015
574,1187,1232,1,2.2017655762295663
574,1140,967,3,4.548230871686798
574,783,525,1,6.671695598673383
574,873,850,1,19.05211151685567
574,1067,1232,1,8.002242999882604
575,967,925,2,1.4630157462730349
575,1232,928,1,8.28950012214804
575,1399,925,1,12.268300526223484
575,1140,967,1,4.548230871686798
575,925,1105,2,8.810192302561815
575,1058,1140,2,4.404400893299181
575,1004,702,1,7.841523685223605
575,525,402,1,6.614151574587493
575,973,1004,1,11.462222395062687
575,464,856,1,11.080793243354975
576,928,925,1,2.8524929798341074
576,1105,1232,2,3.8392690799482057
576,1232,1058,2,4.83687793721146
576,925,714,2,6.736742718055863
576,850,464,1,10.052673626423328
577,1058,973,2,2.41855773034487
577,925,1140,1,5.559746332228015
577,967,794,2,4.548315025166438
577,702,967,1,9.424975322198348
577,1140,794,2,9.096545861200513
577,714,1058,1,8.895594131564904
577,1004,1213,1,7.964083694664586
578,794,1004,3,7.315405465360834
578,856,464,1,11.080793243354975
579,925,967,1,1.4630157462730349
579,973,928,2,2.202808837490146
579,1140,1232,1,6.119741485129188
579,714,928,1,5.640508575131163
579,967,873,1,7.925075031537542
579,794,402,1,11.081008814008824
579,1232,834,2,14.473652063742133
579,402,1004,1,15.567289730238285
580,967,783,1,12.247362390603268
580,1004,873,2,3.839767699909918
580,928,1004,1,9.763940751913996
580,1058,1067,1,8.554760866502043
580,1004,794,2,7.315405465360834
580,464,200,1,8.783774420135625
581,928,925,2,2.8524929798341074
581,834,873,2,3.963116935247085
581,464,702,1,20.168168841470333
581,1213,1058,1,16.75664673959281
582,925,1011,2,2.223898532891128
582,873,834,5,3.963116935247085
582,1232,834,1,14.473652063742133
582,794,714,2,6.125367854472763
582,1067,1187,1,9.180879404297018
582,402,834,1,11.281169605088646
583,1187,1011,1,5.851146926487822
583,1058,1140,1,4.404400893299181
583,1004,714,1,13.03892031990063
584,834,783,7,7.689481736045675
584,1011,1105,2,7.92275625179966
584,714,967,2,8.192867163522228
584,783,1399,1,20.47900955025097
584,702,1004,1,7.841523685223605
585,783,702,3,5.250413373789177
585,714,579,1,6.612071581984758
586,967,925,2,1.4630157462730349
586,702,834,1,4.389831624444016
586,1105,928,2,6.509632645551289
586,1140,702,1,13.472348608720578
587,1011,928,1,3.6167275925925466
587,783,702,4,5.250413373789177
587,1004,850,1,17.683455373897953
588,925,928,2,2.8524929798341074
588,579,850,1,14.052136310094992
588,928,464,2,14.930631823982267
588,702,973,3,14.048686290771036
589,928,783,1,15.577087902404868
589,850,1058,1,8.672138339743874
589,834,1213,1,12.569063966979074
589,702,579,2,6.612071581984758
589,702,1058,1,14.468812957232682
589,1399,402,1,26.682187684429604
590,702,925,1,9.423506251261468
590,1058,1140,1,4.404400893299181
590,928,1399,2,12.37821780679595
590,1478,783,1,18.994191672564124
591,973,1232,3,6.739053043647001
591,579,1004,2,12.093776951796409
591,783,1213,2,11.11949266445603
591,850,1058,1,8.672138339743874
592,925,1011,1,2.223898532891128
592,1213,783,2,11.11949266445603
592,1399,1187,1,6.247627185540738
592,1004,834,2,4.837273690103386
592,1058,967,2,5.247679923034634
592,1232,1067,3,8.002242999882604
592,402,834,1,11.281169605088646
592,464,925,2,16.731616825582336
593,967,925,2,1.4630157462730349
593,783,525,2,6.671695598673383
593,1140,834,1,9.120303414799448
593,1011,1399,1,10.052549905308156
593,1399,1478,1,7.009492875361758
593,1478,1187,1,12.280518083533188
594,925,1011,3,2.223898532891128
594,834,702,4,4.389831624444016
594,1187,1399,2,6.247627185540738
594,525,1011,1,17.39283322509588
594,1213,702,1,14.16486062369625
594,1478,783,1,18.994191672564124
595,925,1011,1,2.223898532891128
595,1399,928,2,12.37821780679595
595,783,1058,1,17.486864213198086
595,1011,1412,1,16.64651643490022
595,1067,856,3,6.736061142864135
595,525,402,1,6.614151574587493
596,928,925,2,2.8524929798341074
596,1011,925,3,2.223898532891128
596,702,928,3,11.847457656626572
596,1058,1140,1,4.404400893299181
596,1412,973,1,14.027846499005278
597,702,783,2,5.250413373789177
597,925,702,4,9.423506251261468
597,856,850,1,5.706192977163574
597,856,1067,1,6.736061142864135
597,856,1105,1,10.85018203537092
597,1399,702,1,19.741079331307574
597,1140,702,1,13.472348608720578
597,1478,1011,1,13.494566217296024
598,928,967,3,3.962344440629368
598,702,925,2,9.423506251261468
598,973,1067,1,7.92352939429049
598,1011,525,2,17.39283322509588
599,967,925,3,1.4630157462730349
599,525,783,1,6.671695598673383
599,925,702,3,9.423506251261468
599,1105,928,1,6.509632645551289
599,402,1058,1,19.689963068329824
599,702,525,2,6.512937082064592
599,1067,1011,1,12.40745751794731
600,928,925,1,2.8524929798341074
600,925,794,1,3.8399670029013246
600,525,783,3,6.671695598673383
600,702,834,5,4.389831624444016
600,783,925,3,12.804913262721543
600,850,714,1,7.4471861231509155
601,925,1011,2,2.223898532891128
601,834,925,4,5.249047199856985
601,1067,928,1,10.07507435147502
601,714,928,1,5.640508575131163
602,925,1011,4,2.223898532891128
602,928,925,2,2.8524929798341074
602,783,873,3,4.4064860569207775
602,794,973,1,8.005758424200978
602,1011,873,3,9.1842566129722
602,1058,702,1,14.468812957232682
603,925,1004,5,7.016854369636376
603,873,794,2,7.018858162934119
603,834,1011,1,6.510367578384317
603,1011,834,4,6.510367578384317
604,1011,928,1,3.6167275925925466
604,1004,873,2,3.839767699909918
604,873,1011,3,9.1842566129722
604,834,1140,2,9.120303414799448
604,794,714,1,6.125367854472763
605,834,873,2,3.963116935247085
605,925,1004,1,7.016854369636376
605,873,928,2,11.464626189279452
605,973,856,1,11.88819151385629
605,714,1213,1,20.95875790762804
605,1004,1140,3,7.442778444077659
605,702,973,1,14.048686290771036
606,1140,834,1,9.120303414799448
606,794,464,1,16.018534965863886
607,873,1004,2,3.839767699909918
607,973,1232,1,6.739053043647001
607,1004,834,1,4.837273690103386
607,1011,702,1,10.884143023519666
607,928,1067,1,10.07507435147502
607,1140,1105,2,7.683904782943718
607,873,1105,1,17.09113028720051
607,1011,1478,2,13.494566217296024
607,1213,873,1,9.674072372960078
608,928,925,2,2.8524929798341074
608,834,794,2,3.0622624863494035
608,1140,973,2,6.509265047797015
608,1004,1232,1,13.548232944538976
608,1004,1399,1,12.567113648389872
609,925,1004,2,7.016854369636376
609,702,925,1,9.423506251261468
609,794,873,2,7.018858162934119
609,1105,928,3,6.509632645551289
609,856,1187,1,15.226827950407046
609,464,850,1,10.052673626423328
609,1478,783,1,18.994191672564124
610,873,702,2,4.548357078342699
610,928,714,1,5.640508575131163
610,1232,967,1,9.421989977231084
610,783,464,1,25.397194471986413
610,1067,834,1,17.994484200739958
610,973,1213,1,18.36260104007094
611,1004,783,2,7.966246489389644
611,1232,1011,1,7.964083694664586
611,1399,925,1,12.268300526223484
611,928,1140,2,6.2484548670441855
611,850,464,1,10.052673626423328
611,973,967,1,5.7043821114062
611,702,873,1,4.548357078342699
611,464,783,1,25.397194471986413
611,1187,967,1,7.314097191827283
612,834,783,1,7.689481736045675
612,873,834,2,3.963116935247085
612,925,928,2,2.8524929798341074
612,1011,794,1,5.876008831303484
612,783,925,1,12.804913262721543
612,967,402,1,15.541607685822626
613,1213,783,1,11.11949266445603
613,928,1011,1,3.6167275925925466
613,925,850,1,10.694040075602611
613,702,834,1,4.389831624444016
613,967,579,2,10.052645101539124
613,834,579,1,7.256503514219511
613,783,834,2,7.689481736045675
613,714,1011,1,8.663428210145675
613,1140,794,2,9.096545861200513
614,928,925,1,2.8524929798341074
614,834,783,2,7.689481736045675
614,783,525,1,6.671695598673383
614,1011,714,1,8.663428210145675
614,794,702,1,6.125367854472763
614,579,402,1,6.514036981260467
614,464,579,1,13.736208219113248
615,925,1011,1,2.223898532891128
615,834,783,1,7.689481736045675
615,579,928,2,10.087254514060623
615,794,973,1,8.005758424200978
615,834,525,1,10.886391578093734
616,525,783,1,6.671695598673383
616,783,925,1,12.804913262721543
616,850,1105,1,7.255791794533394
616,794,850,1,12.413971394684204
616,1011,1399,1,10.052549905308156
616,402,1140,1,20.041488041275294
617,925,1011,1,2.223898532891128
617,702,783,1,5.250413373789177
617,973,850,1,6.608947508553885
617,783,925,2,12.804913262721543
617,579,1004,1,12.093776951796409
617,402,525,1,6.614151574587493
617,714,873,1,13.140369150150514
618,928,925,2,2.8524929798341074
618,1399,973,1,11.751170313633397
618,1105,1058,1,3.961184888937906
618,1011,1412,1,16.64651643490022
618,525,172,1,12.35164992665693
619,925,850,3,10.694040075602611
619,1011,1140,1,3.335847799336888
619,783,850,1,22.85304209922013
619,850,834,1,15.216513464969486
619,1140,794,1,9.096545861200513
619,1004,702,1,7.841523685223605
620,925,783,1,12.804913262721543
620,850,1011,1,11.365584452473476
620,973,967,1,5.7043821114062
620,1058,1213,1,16.75664673959281
620,873,1058,1,13.135447383238883
620,525,973,1,20.41598808925938
621,967,925,1,1.4630157462730349
621,794,579,1,5.55974633222762
621,783,1011,2,13.554200769268274
621,1140,834,1,9.120303414799448
621,1478,967,1,14.163846735607535
622,1011,1140,3,3.335847799336888
622,834,579,1,7.256503514219511
622,1058,1067,1,8.554760866502043
622,702,579,1,6.612071581984758
622,967,464,1,18.19332331835528
622,1412,1011,1,16.64651643490022
623,1140,1058,3,4.404400893299181
623,834,1004,1,4.837273690103386
623,783,1011,1,13.554200769268274
623,579,925,2,9.096756146766438
623,464,783,1,25.397194471986413
623,973,873,1,13.496121499721363
623,850,856,4,5.706192977163574
623,1213,1105,1,20.23270881812332
624,925,1011,2,2.223898532891128
624,1058,925,2,5.058513634802797
624,783,873,1,4.4064860569207775
624,579,834,1,7.256503514219511
624,1011,702,1,10.884143023519666
625,925,1011,3,2.223898532891128
625,873,834,2,3.963116935247085
625,1004,925,1,7.016854369636376
625,1011,1399,2,10.052549905308156
625,856,1232,1,14.473652063742133
625,856,1004,1,23.24935460589177
625,1067,794,1,15.745772705396131
625,856,200,1,19.692898710509187
625,856,967,1,17.437906487356226
626,925,973,1,4.882215518422521
626,834,928,3,7.925847526229188
626,1011,928,4,3.6167275925925466
626,1399,1478,1,7.009492875361758
626,1058,1399,1,9.34110519027368
627,1232,928,1,8.28950012214804
627,1399,1187,2,6.247627185540738
627,702,928,1,11.847457656626572
627,928,1478,1,16.795429231201826
627,1105,794,1,12.287533860803824
627,967,702,1,9.424975322198348
628,928,973,8,2.202808837490146
628,1004,579,1,12.093776951796409
629,973,834,3,10.076973504527178
629,794,856,1,18.10474316960466
630,1187,1232,1,2.2017655762295663
630,834,873,1,3.963116935247085
630,973,1067,5,7.92352939429049
630,794,1004,1,7.315405465360834
630,702,1140,1,13.472348608720578
630,1187,1399,1,6.247627185540738
631,1232,1105,1,3.8392690799482057
631,856,850,1,5.706192977163574
631,834,1140,1,9.120303414799448
631,1067,856,1,6.736061142864135
631,1004,794,1,7.315405465360834
631,973,1399,1,11.751170313633397
632,1399,1232,1,6.507057624431
632,1140,928,1,6.2484548670441855
632,1105,1058,1,3.961184888937906
632,579,967,1,10.052645101539124
632,1067,714,2,12.344128539882757
632,1067,850,1,5.87594370452583
632,200,783,1,23.862165274375425
633,967,973,1,5.7043821114062
633,794,1011,1,5.876008831303484
633,873,702,1,4.548357078342699
633,783,850,1,22.85304209922013
633,1232,1140,1,6.119741485129188
633,834,1187,1,12.342244898446324
633,1058,1140,1,4.404400893299181
633,856,1067,1,6.736061142864135
633,1067,714,1,12.344128539882757
634,1187,928,1,6.739067249150369
634,1140,1004,1,7.442778444077659
634,850,856,3,5.706192977163574
635,928,967,1,3.962344440629368
635,856,850,3,5.706192977163574
635,714,1067,3,12.344128539882757
635,973,1004,1,11.462222395062687
635,1004,1140,1,7.442778444077659
635,1399,794,1,15.826254339522078
635,702,1058,1,14.468812957232682
636,1140,783,2,15.22789003823726
636,850,1011,1,11.365584452473476
636,928,794,1,5.8083597500151045
636,794,967,1,4.548315025166438
636,1067,1232,1,8.002242999882604
636,967,1105,1,9.182568470632535
636,1011,464,1,18.41923278489661
636,1478,783,1,18.994191672564124
637,967,925,1,1.4630157462730349
637,783,973,1,17.685208029543023
637,1011,834,1,6.510367578384317
637,850,794,1,12.413971394684204
637,1067,973,2,7.92352939429049
637,1004,973,1,11.462222395062687
637,172,783,1,17.768672451070774
638,1058,973,1,2.41855773034487
638,973,783,1,17.685208029543023
638,850,1011,1,11.365584452473476
638,1105,1011,1,7.92275625179966
638,783,850,1,22.85304209922013
638,794,967,1,4.548315025166438
638,834,1399,1,15.539391645120883
638,1478,783,1,18.994191672564124
639,967,1140,1,4.548230871686798
639,783,873,4,4.4064860569207775
639,850,1187,1,11.109127914371388
639,1140,834,1,9.120303414799448
639,973,1187,4,5.6404067966465385
639,1232,1004,1,13.548232944538976
639,1067,834,1,17.994484200739958
639,1478,783,1,18.994191672564124
640,925,1011,1,2.223898532891128
640,834,967,1,5.059118864445973
640,873,928,3,11.464626189279452
640,783,714,1,16.323166899192785
640,794,973,1,8.005758424200978
640,1187,925,2,7.6790367656671
640,464,1011,1,18.41923278489661
640,172,783,1,17.768672451070774
641,925,928,1,2.8524929798341074
641,873,1004,1,3.839767699909918
641,928,1058,2,3.468670210314232
641,1140,1232,1,6.119741485129188
641,783,928,1,15.577087902404868
641,1004,925,1,7.016854369636376
641,1011,579,1,11.281034038678854
641,714,579,1,6.612071581984758
641,1011,856,1,16.764898582516587
641,1399,850,1,17.29967050146582
642,1187,1232,3,2.2017655762295663
642,967,783,1,12.247362390603268
642,925,1004,1,7.016854369636376
642,1004,967,1,5.811450880513226
642,1058,834,2,10.204580442928409
642,973,967,1,5.7043821114062
642,579,1011,1,11.281034038678854
642,1011,579,2,11.281034038678854
642,928,1213,2,17.083849184069507
642,834,525,1,10.886391578093734
643,1213,783,2,11.11949266445603
643,925,1004,1,7.016854369636376
643,834,967,2,5.059118864445973
643,967,1140,2,4.548230871686798
643,579,834,2,7.256503514219511
643,1011,834,1,6.510367578384317
643,1232,1004,1,13.548232944538976
643,856,1067,1,6.736061142864135
644,928,783,1,15.577087902404868
644,1140,967,1,4.548230871686798
644,783,402,1,11.521692668209962
644,834,579,1,7.256503514219511
644,850,794,1,12.413971394684204
644,1232,873,1,16.80536252295166
644,967,702,2,9.424975322198348
644,1004,794,1,7.315405465360834
644,525,402,1,6.614151574587493
645,1232,967,2,9.421989977231084
645,1004,925,1,7.016854369636376
645,579,850,1,14.052136310094992
645,402,525,2,6.614151574587493
645,834,1213,1,12.569063966979074
645,579,200,1,12.57636232869906
645,702,1187,1,16.72667802016658
646,967,925,2,1.4630157462730349
646,525,783,1,6.671695598673383
646,794,967,2,4.548315025166438
646,1187,834,1,12.342244898446324
646,1004,1232,1,13.548232944538976
647,525,783,1,6.671695598673383
647,925,714,3,6.736742718055863
647,702,925,1,9.423506251261468
647,783,1232,2,21.210313956402903
647,834,973,1,10.076973504527178
647,967,1187,2,7.314097191827283
647,1067,973,1,7.92352939429049
647,873,1187,1,14.60457664934919
647,850,525,1,24.123442823737072
647,1140,525,1,19.879498068061267
647,1478,1011,1,13.494566217296024
647,1478,783,1,18.994191672564124
648,1011,1004,1,6.654407802707156
648,783,925,3,12.804913262721543
648,834,1011,1,6.510367578384317
648,714,1011,1,8.663428210145675
648,973,856,2,11.88819151385629
648,1213,834,1,12.569063966979074
649,925,967,4,1.4630157462730349
649,967,925,1,1.4630157462730349
649,1232,1105,3,3.8392690799482057
649,1011,1140,1,3.335847799336888
649,714,464,2,10.122771228736514
649,1004,973,1,11.462222395062687
650,925,783,1,12.804913262721543
650,783,525,1,6.671695598673383
650,973,967,1,5.7043821114062
650,856,850,2,5.706192977163574
650,967,402,1,15.541607685822626
650,1187,794,3,11.519003477970214
650,1105,1140,3,7.683904782943718
650,525,928,1,18.21580338849598
651,967,925,4,1.4630157462730349
651,794,928,2,5.8083597500151045
651,525,783,1,6.671695598673383
651,1011,714,1,8.663428210145675
651,1140,973,1,6.509265047797015
651,402,579,1,6.514036981260467
651,464,850,1,10.052673626423328
652,925,850,4,10.694040075602611
652,973,1011,1,4.881725510082577
652,1140,967,3,4.548230871686798
652,783,1213,1,11.11949266445603
652,579,1058,1,13.4971193863272
652,834,1478,1,16.706287412191738
652,464,579,1,13.736208219113248
653,850,1011,3,11.365584452473476
653,928,794,3,5.8083597500151045
653,967,1140,3,4.548230871686798
653,794,873,1,7.018858162934119
653,1058,856,1,13.553007848447455
653,714,1105,1,10.705966675098557
653,525,967,1,15.935515917166311
654,967,925,1,1.4630157462730349
654,783,1058,1,17.486864213198086
654,850,925,3,10.694040075602611
654,1011,1067,1,12.40745751794731
654,873,1011,1,9.1842566129722
655,925,1011,4,2.223898532891128
655,1011,1105,2,7.92275625179966
655,856,850,1,5.706192977163574
655,1140,834,1,9.120303414799448
655,794,1187,2,11.519003477970214
655,579,714,1,6.612071581984758
655,1067,856,1,6.736061142864135
655,1213,973,1,18.36260104007094
656,1011,928,2,3.6167275925925466
656,1140,1232,2,6.119741485129188
656,714,464,1,10.122771228736514
656,1105,714,1,10.705966675098557
656,856,1011,1,16.764898582516587
656,200,783,1,23.862165274375425
657,928,1011,2,3.6167275925925466
657,1011,794,1,5.876008831303484
657,1232,1140,2,6.119741485129188
657,850,1067,2,5.87594370452583
657,1187,967,1,7.314097191827283
657,794,1232,1,13.471439449058977
657,783,1399,1,20.47900955025097
658,834,783,1,7.689481736045675
658,1011,1058,5,3.961571514117998
658,1058,973,1,2.41855773034487
658,1399,1004,1,12.567113648389872
658,1187,1140,1,3.960411314814771
658,1105,1399,2,10.237902514270164
658,1067,1011,1,12.40745751794731
658,1067,1187,1,9.180879404297018
659,1058,973,4,2.41855773034487
659,1399,1058,1,9.34110519027368
659,794,967,1,4.548315025166438
659,1140,834,1,9.120303414799448
659,1187,1140,1,3.960411314814771
659,973,1004,1,11.462222395062687
659,714,402,1,13.045127894056412
659,464,200,1,8.783774420135625
659,1004,1232,1,13.548232944538976
659,1232,850,1,11.078851145692578
659,973,1478,1,16.94926120721475
660,1140,783,2,15.22789003823726
660,1004,783,1,7.966246489389644
660,1058,973,1,2.41855773034487
660,1011,928,2,3.6167275925925466
660,1399,925,1,12.268300526223484
660,967,1478,1,14.163846735607535
660,1232,1067,1,8.002242999882604
660,1478,783,1,18.994191672564124
661,967,1140,1,4.548230871686798
661,973,834,5,10.076973504527178
661,834,1004,1,4.837273690103386
661,783,1004,2,7.966246489389644
661,1140,834,1,9.120303414799448
662,928,925,2,2.8524929798341074
662,1140,1058,1,4.404400893299181
662,783,834,3,7.689481736045675
662,1058,1140,1,4.404400893299181
662,1004,402,1,15.567289730238285
662,1067,702,1,21.8612627514462
663,925,1011,3,2.223898532891128
663,834,702,7,4.389831624444016
663,850,794,1,12.413971394684204
663,702,525,1,6.512937082064592
663,402,1058,1,19.689963068329824
663,402,1105,1,22.80605450051949
663,1004,1213,1,7.964083694664586
664,834,783,2,7.689481736045675
664,702,783,3,5.250413373789177
664,1058,925,2,5.058513634802797
664,794,783,1,10.46245949147104
664,1140,928,1,6.2484548670441855
664,1011,850,3,11.365584452473476
664,1004,794,1,7.315405465360834
664,1105,1067,1,4.880745078525951
665,925,873,1,8.629868015705554
665,794,702,1,6.125367854472763
665,702,794,1,6.125367854472763
665,928,1232,1,8.28950012214804
665,1213,928,1,17.083849184069507
665,525,402,1,6.614151574587493
666,873,928,1,11.464626189279452
666,850,714,1,7.4471861231509155
666,702,579,3,6.612071581984758
667,928,925,2,2.8524929798341074
667,925,928,1,2.8524929798341074
667,702,834,1,4.389831624444016
667,794,967,1,4.548315025166438
667,579,973,1,12.02013346271456
667,1067,1140,1,12.55411324365653
668,925,714,1,6.736742718055863
668,579,928,2,10.087254514060623
668,928,714,1,5.640508575131163
668,834,1011,1,6.510367578384317
668,783,1004,6,7.966246489389644
668,1232,714,1,13.478191227023236
668,714,1105,1,10.705966675098557
668,850,702,2,18.37776366407494
669,928,967,2,3.962344440629368
669,967,794,1,4.548315025166438
669,973,1011,1,4.881725510082577
669,1140,1232,1,6.119741485129188
669,1004,967,6,5.811450880513226
669,402,834,1,11.281169605088646
670,834,925,1,5.249047199856985
670,925,873,1,8.629868015705554
670,714,928,3,5.640508575131163
670,967,873,5,7.925075031537542
670,794,714,1,6.125367854472763
671,925,967,1,1.4630157462730349
671,928,967,3,3.962344440629368
671,967,1140,3,4.548230871686798
671,702,928,1,11.847457656626572
671,714,973,1,6.739138237494938
671,873,1011,1,9.1842566129722
671,702,1187,1,16.72667802016658
671,1011,873,2,9.1842566129722
672,1232,1105,1,3.8392690799482057
672,1140,967,2,4.548230871686798
672,873,794,5,7.018858162934119
672,1105,714,1,10.705966675098557
673,928,714,1,5.640508575131163
673,967,714,2,8.192867163522228
673,1187,1067,1,9.180879404297018
673,873,1140,1,10.849467604025635
674,794,967,5,4.548315025166438
674,967,714,4,8.192867163522228
674,714,525,1,16.776431737541873
674,873,1187,1,14.60457664934919
674,1140,794,1,9.096545861200513
674,973,1004,1,11.462222395062687
674,1105,1004,1,14.430329325731782
675,967,925,5,1.4630157462730349
675,714,783,1,16.323166899192785
675,794,714,1,6.125367854472763
675,1011,402,1,16.93184038136659
676,925,1011,4,2.223898532891128
676,1187,1058,1,3.335847799336888
676,1140,1058,1,4.404400893299181
676,714,783,2,16.323166899192785
676,1067,928,1,10.07507435147502
676,1004,702,2,7.841523685223605
676,525,402,1,6.614151574587493
677,925,1011,1,2.223898532891128
677,1058,794,1,8.77829027244345
677,714,834,4,9.18763012440511
677,402,873,1,12.378588757843175
678,928,925,1,2.8524929798341074
678,702,783,2,5.250413373789177
678,834,702,4,4.389831624444016
678,783,579,1,11.850386463154225
678,714,834,1,9.18763012440511
679,925,1011,1,2.223898532891128
679,783,1187,1,19.009124176326512
679,794,702,1,6.125367854472763
679,702,873,3,4.548357078342699
679,1011,1399,3,10.052549905308156
679,1011,1478,1,13.494566217296024
679,1058,1067,1,8.554760866502043
680,834,783,1,7.689481736045675
680,702,783,1,5.250413373789177
680,783,794,3,10.46245949147104
680,1011,702,1,10.884143023519666
680,873,579,1,10.243397261423542
680,402,873,1,12.378588757843175
681,873,783,4,4.4064860569207775
681,794,783,1,10.46245949147104
681,1399,925,1,12.268300526223484
681,1067,928,1,10.07507435147502
681,1011,579,1,11.281034038678854
681,1187,928,1,6.739067249150369
681,702,1004,2,7.841523685223605
681,1399,1478,2,7.009492875361758
682,928,925,1,2.8524929798341074
682,579,925,2,9.096756146766438
683,928,925,1,2.8524929798341074
683,925,873,1,8.629868015705554
683,783,1213,5,11.11949266445603
683,794,1105,2,12.287533860803824
683,1478,783,1,18.994191672564124
684,925,1011,4,2.223898532891128
684,783,702,1,5.250413373789177
684,579,464,1,13.736208219113248
684,1004,1399,1,12.567113648389872
684,1004,1058,1,10.515329624384115
684,1478,783,1,18.994191672564124
685,702,783,1,5.250413373789177
685,1213,783,2,11.11949266445603
685,1011,928,3,3.6167275925925466
685,1105,1011,2,7.92275625179966
685,783,1412,1,30.014252482424304
685,1478,783,3,18.994191672564124
686,928,925,3,2.8524929798341074
686,1399,1011,1,10.052549905308156
686,873,928,1,11.464626189279452
686,1058,1105,1,3.961184888937906
686,783,794,6,10.46245949147104
686,1011,1105,1,7.92275625179966
686,1412,967,1,18.077677705068957
686,1213,834,1,12.569063966979074
686,1213,1011,1,13.548232944538976
686,172,850,1,35.56283988223624
686,172,783,1,17.768672451070774
686,1478,783,1,18.994191672564124
687,794,702,6,6.125367854472763
687,783,856,2,28.55412357877098
687,967,1105,1,9.182568470632535
687,464,850,1,10.052673626423328
687,1105,1067,1,4.880745078525951
687,850,579,1,14.052136310094992
687,1213,928,1,17.083849184069507
688,925,794,3,3.8399670029013246
688,928,579,1,10.087254514060623
688,783,834,2,7.689481736045675
688,702,794,6,6.125367854472763
688,1011,1213,2,13.548232944538976
688,856,702,1,24.012408850433967
688,856,1232,1,14.473652063742133
688,579,1004,1,12.093776951796409
688,1105,1067,1,4.880745078525951
689,928,925,1,2.8524929798341074
689,1011,925,2,2.223898532891128
689,834,794,3,3.0622624863494035
689,1232,928,1,8.28950012214804
689,1067,973,1,7.92352939429049
689,1105,973,1,4.388654712140797
689,794,714,6,6.125367854472763
689,1004,1412,1,22.322654933963523
689,702,1067,1,21.8612627514462
689,1067,1105,1,4.880745078525951
689,1478,783,1,18.994191672564124
690,925,928,3,2.8524929798341074
690,850,1011,1,11.365584452473476
690,928,1478,1,16.795429231201826
690,973,794,2,8.005758424200978
690,794,1004,5,7.315405465360834
690,783,1213,1,11.11949266445603
690,579,714,1,6.612071581984758
690,1105,1187,1,4.4040530489389695
690,714,1058,4,8.895594131564904
690,1412,1067,1,8.946191032118977
691,928,925,3,2.8524929798341074
691,1213,783,2,11.11949266445603
691,1058,714,3,8.895594131564904
691,1058,873,1,13.135447383238883
691,1213,925,1,14.603468927185563
691,1478,1232,1,13.206936132693205
692,925,1011,3,2.223898532891128
692,1004,783,4,7.966246489389644
692,783,1011,1,13.554200769268274
692,1011,714,1,8.663428210145675
692,714,928,4,5.640508575131163
692,1232,1004,1,13.548232944538976
692,794,1478,1,18.19275457179061
692,714,1004,1,13.03892031990063
692,714,856,1,12.80743720302119
693,925,1011,1,2.223898532891128
693,1011,925,2,2.223898532891128
693,1004,873,2,3.839767699909918
693,928,873,4,11.464626189279452
693,1187,967,1,7.314097191827283
693,1067,850,2,5.87594370452583
693,873,1213,1,9.674072372960078
694,925,973,1,4.882215518422521
694,1213,783,1,11.11949266445603
694,783,402,2,11.521692668209962
694,850,928,2,7.925847526229188
694,1011,702,1,10.884143023519666
694,873,850,1,19.05211151685567
694,714,1058,1,8.895594131564904
694,794,525,2,12.411444711524124
694,873,402,1,12.378588757843175
695,928,973,2,2.202808837490146
695,967,1011,1,1.4629503400136323
695,525,783,2,6.671695598673383
695,783,967,3,12.247362390603268
695,973,794,1,8.005758424200978
695,1011,1067,1,12.40745751794731
695,873,850,2,19.05211151685567
695,850,1478,1,23.22006368739352
696,925,834,1,5.249047199856985
696,973,850,1,6.608947508553885
696,794,973,1,8.005758424200978
696,1011,850,2,11.365584452473476
696,856,850,1,5.706192977163574
696,702,873,1,4.548357078342699
696,402,873,1,12.378588757843175
696,873,850,1,19.05211151685567
696,1004,850,1,17.683455373897953
697,1058,1105,1,3.961184888937906
697,783,702,3,5.250413373789177
697,402,928,1,16.388066195777938
697,850,834,1,15.216513464969486
697,973,525,1,20.41598808925938
697,873,1232,1,16.80536252295166
697,834,525,1,10.886391578093734
698,873,834,2,3.963116935247085
698,967,973,3,5.7043821114062
698,702,928,1,11.847457656626572
698,850,928,7,7.925847526229188
698,402,579,1,6.514036981260467
698,1105,834,1,14.045233535461502
698,973,402,1,18.419980035084063
698,1067,1412,1,8.946191032118977
699,928,1058,7,3.468670210314232
699,525,783,2,6.671695598673383
699,1232,1058,1,4.83687793721146
699,834,579,1,7.256503514219511
699,579,464,1,13.736208219113248
700,973,1058,3,2.41855773034487
700,928,850,1,7.925847526229188
700,1412,1067,1,8.946191032118977
700,702,1140,2,13.472348608720578
701,928,925,1,2.8524929798341074
701,1058,1187,11,3.335847799336888
701,402,794,1,11.081008814008824
701,834,402,3,11.281169605088646
702,925,1011,1,2.223898532891128
702,579,928,1,10.087254514060623
702,1140,1399,2,6.738996195578808
702,1187,967,8,7.314097191827283
703,928,967,1,3.962344440629368
703,967,794,3,4.548315025166438
703,783,794,2,10.46245949147104
703,1187,1412,2,11.00708650475215
703,1067,1011,1,12.40745751794731
703,402,873,1,12.378588757843175
703,172,783,1,17.768672451070774
704,967,925,5,1.4630157462730349
704,1011,1187,2,5.851146926487822
704,783,1058,1,17.486864213198086
704,1399,1004,2,12.567113648389872
704,794,1187,3,11.519003477970214
704,1187,1399,1,6.247627185540738
704,464,1011,1,18.41923278489661
704,402,464,2,18.121881809636708
704,850,702,1,18.37776366407494
705,925,702,2,9.423506251261468
705,1058,714,1,8.895594131564904
705,1187,1105,2,4.4040530489389695
705,873,579,1,10.243397261423542
706,925,1011,3,2.223898532891128
706,1004,783,2,7.966246489389644
706,794,928,1,5.8083597500151045
706,1399,973,1,11.751170313633397
706,1011,1105,1,7.92275625179966
706,702,794,1,6.125367854472763
706,794,714,2,6.125367854472763
706,1412,973,2,14.027846499005278
706,967,1399,1,11.280728646716137
706,714,200,1,13.478531625480986
707,1105,967,2,9.182568470632535
707,714,967,1,8.192867163522228
708,928,973,1,2.202808837490146
708,967,1011,3,1.4629503400136323
708,794,783,1,10.46245949147104
708,973,834,1,10.076973504527178
708,714,1011,1,8.663428210145675
708,464,783,1,25.397194471986413
708,1187,714,2,12.231441930901791
708,702,973,2,14.048686290771036
708,1011,873,2,9.1842566129722
708,579,525,1,10.527425779295132
708,1187,579,1,16.57993448038173
708,464,834,1,19.020751367868925
709,834,873,1,3.963116935247085
709,873,702,2,4.548357078342699
709,1399,925,1,12.268300526223484
709,973,1067,3,7.92352939429049
709,783,1004,2,7.966246489389644
709,714,973,2,6.739138237494938
709,1011,856,1,16.764898582516587
710,1011,925,3,2.223898532891128
710,579,794,1,5.55974633222762
710,1004,873,2,3.839767699909918
710,834,1011,1,6.510367578384317
710,1067,973,1,7.92352939429049
710,1105,1213,1,20.23270881812332
710,525,402,1,6.614151574587493
711,1011,794,1,5.876008831303484
711,973,967,4,5.7043821114062
711,702,967,2,9.424975322198348
711,1067,1232,2,8.002242999882604
711,1478,783,1,18.994191672564124
712,783,794,3,10.46245949147104
712,856,850,1,5.706192977163574
712,925,402,2,14.913154476154167
712,873,525,3,9.675337903778155
712,794,714,2,6.125367854472763
712,1478,1004,1,12.268284911360968
713,925,973,2,4.882215518422521
713,1232,1187,2,2.2017655762295663
713,794,928,2,5.8083597500151045
713,973,856,1,11.88819151385629
713,967,714,3,8.192867163522228
713,1004,928,1,9.763940751913996
713,850,579,1,14.052136310094992
713,967,702,3,9.424975322198348
713,1213,967,1,13.213201406808306
713,402,873,1,12.378588757843175
714,967,925,1,1.4630157462730349
714,1187,1232,2,2.2017655762295663
714,928,1011,3,3.6167275925925466
714,525,783,3,6.671695598673383
714,714,973,4,6.739138237494938
714,973,579,2,12.02013346271456
714,1011,702,1,10.884143023519666
714,402,525,2,6.614151574587493
714,794,1067,1,15.745772705396131
715,714,973,1,6.739138237494938
715,1011,714,2,8.663428210145675
715,702,873,4,4.548357078342699
715,579,714,1,6.612071581984758
715,856,1067,1,6.736061142864135
716,525,783,2,6.671695598673383
716,783,925,1,12.804913262721543
716,714,783,2,16.323166899192785
716,579,402,2,6.514036981260467
716,873,579,1,10.243397261423542
716,1067,856,1,6.736061142864135
716,973,1004,1,11.462222395062687
717,783,1232,2,21.210313956402903
717,1011,1105,1,7.92275625179966
717,873,967,4,7.925075031537542
717,925,856,1,16.318086894445933
718,967,1140,1,4.548230871686798
718,925,714,1,6.736742718055863
718,973,1067,4,7.92352939429049
718,714,973,1,6.739138237494938
718,1232,794,4,13.471439449058977
718,1105,850,1,7.255791794533394
718,1067,1140,1,12.55411324365653
719,973,1232,1,6.739053043647001
719,783,402,4,11.521692668209962
719,794,973,3,8.005758424200978
719,1067,925,3,12.80112469343922
719,579,873,1,10.243397261423542
719,1004,1232,1,13.548232944538976
719,856,1067,1,6.736061142864135
720,967,928,3,3.962344440629368
720,850,973,1,6.608947508553885
720,973,1232,2,6.739053043647001
720,402,834,3,11.281169605088646
720,1067,464,1,15.596324992464188
720,402,873,1,12.378588757843175
720,856,925,1,16.318086894445933
721,925,1011,4,2.223898532891128
721,794,1011,1,5.876008831303484
721,1140,967,2,4.548230871686798
721,834,973,1,10.076973504527178
721,714,928,1,5.640508575131163
721,928,1004,1,9.763940751913996
721,1067,1412,1,8.946191032118977
722,967,925,2,1.4630157462730349
722,928,1011,3,3.6167275925925466
722,873,1004,2,3.839767699909918
722,1011,794,2,5.876008831303484
722,973,1067,2,7.92352939429049
722,834,1058,2,10.204580442928409
722,1232,873,2,16.80536252295166
722,402,525,1,6.614151574587493
723,925,973,2,4.882215518422521
723,1011,928,3,3.6167275925925466
723,1232,928,2,8.28950012214804
723,525,783,1,6.671695598673383
723,1004,967,3,5.811450880513226
723,1058,967,1,5.247679923034634
723,402,928,1,16.388066195777938
723,1067,1232,1,8.002242999882604
723,1412,973,1,14.027846499005278
723,464,928,1,14.930631823982267
724,928,925,6,2.8524929798341074
724,967,1478,1,14.163846735607535
724,973,1105,3,4.388654712140797
724,1011,1213,2,13.548232944538976
724,1058,1399,1,9.34110519027368
724,1067,1105,1,4.880745078525951
725,925,1004,3,7.016854369636376
725,783,925,1,12.804913262721543
725,1232,967,1,9.421989977231084
725,794,1004,1,7.315405465360834
725,967,873,2,7.925075031537542
725,1105,794,1,12.287533860803824
725,973,1140,1,6.509265047797015
725,1011,856,1,16.764898582516587
726,925,1232,3,9.649241749541863
726,967,579,1,10.052645101539124
726,928,702,1,11.847457656626572
726,873,1478,2,15.82614542888024
726,794,850,1,12.413971394684204
726,1105,973,3,4.388654712140797
727,925,1011,1,2.223898532891128
727,794,579,1,5.55974633222762
727,1004,1140,1,7.442778444077659
727,1399,1478,1,7.009492875361758
727,1213,928,1,17.083849184069507
728,967,925,1,1.4630157462730349
728,579,783,1,11.850386463154225
728,1232,1105,3,3.8392690799482057
728,873,928,2,11.464626189279452
728,1011,973,1,4.881725510082577
728,702,794,1,6.125367854472763
728,856,850,1,5.706192977163574
728,1140,834,2,9.120303414799448
728,850,1232,1,11.078851145692578
728,1004,1140,3,7.442778444077659
728,1213,973,1,18.36260104007094
729,925,873,1,8.629868015705554
729,1105,928,1,6.509632645551289
729,850,714,1,7.4471861231509155
729,973,1140,3,6.509265047797015
729,172,783,1,17.768672451070774
730,834,783,1,7.689481736045675
730,928,1058,3,3.468670210314232
730,1140,1187,1,3.960411314814771
730,973,1011,2,4.881725510082577
730,783,714,1,16.323166899192785
730,794,579,1,5.55974633222762
730,1105,973,2,4.388654712140797
730,579,1058,1,13.4971193863272
730,1140,873,5,10.849467604025635
731,1011,925,1,2.223898532891128
731,1187,1058,1,3.335847799336888
731,1232,1058,1,4.83687793721146
731,1058,928,2,3.468670210314232
731,714,928,2,5.640508575131163
731,873,579,1,10.243397261423542
731,1478,783,1,18.994191672564124
732,925,1011,1,2.223898532891128
732,834,783,1,7.689481736045675
732,873,794,5,7.018858162934119
732,783,850,1,22.85304209922013
732,973,856,2,11.88819151385629
732,579,702,1,6.612071581984758
732,928,402,1,16.388066195777938
732,1058,1140,3,4.404400893299181
733,928,925,4,2.8524929798341074
733,1011,794,1,5.876008831303484
733,783,1187,2,19.009124176326512
733,1058,794,1,8.77829027244345
733,850,1232,1,11.078851145692578
733,402,579,1,6.514036981260467
734,925,1011,4,2.223898532891128
734,1232,973,1,6.739053043647001
734,579,925,1,9.096756146766438
734,794,850,1,12.413971394684204
734,702,873,1,4.548357078342699
734,579,1140,1,14.579929042333728
734,1140,1213,3,12.551534849108323
734,172,850,1,35.56283988223624
734,1478,1105,1,16.644260310570534
735,1187,1232,2,2.2017655762295663
735,925,1232,1,9.649241749541863
735,873,1004,1,3.839767699909918
735,794,579,6,5.55974633222762
735,973,873,1,13.496121499721363
735,1011,1213,2,13.548232944538976
735,850,967,1,11.888191513854997
735,1011,873,1,9.1842566129722
735,783,200,1,23.862165274375425
735,1105,172,1,36.87891058111119
735,172,783,1,17.768672451070774
735,1478,783,1,18.994191672564124
736,967,925,1,1.4630157462730349
736,1213,783,2,11.11949266445603
736,579,794,1,5.55974633222762
736,1011,794,2,5.876008831303484
736,783,1004,2,7.966246489389644
736,1232,1213,1,18.052391004569408
736,873,1140,1,10.849467604025635
736,1478,783,1,18.994191672564124
737,925,1011,1,2.223898532891128
737,1213,783,1,11.11949266445603
737,579,928,5,10.087254514060623
737,783,702,1,5.250413373789177
737,850,464,1,10.052673626423328
737,856,783,2,28.55412357877098
737,1140,1004,2,7.442778444077659
737,1232,1478,1,13.206936132693205
737,1004,1140,2,7.442778444077659
737,1213,873,1,9.674072372960078
738,928,925,5,2.8524929798341074
738,794,834,3,3.0622624863494035
738,873,1004,1,3.839767699909918
738,1140,1187,2,3.960411314814771
738,1004,925,3,7.016854369636376
738,1232,1140,1,6.119741485129188
738,702,402,1,7.84160901068824
738,1011,402,1,16.93184038136659
738,1213,925,1,14.603468927185563
739,925,1011,6,2.223898532891128
739,1140,1058,1,4.404400893299181
739,834,402,2,11.281169605088646
739,402,1232,2,24.47900353233401
739,1187,1105,2,4.4040530489389695
739,1004,794,1,7.315405465360834
740,925,1011,3,2.223898532891128
740,783,794,5,10.46245949147104
740,1232,1478,1,13.206936132693205
740,464,973,1,14.912840443208973
740,1105,1067,2,4.880745078525951
741,1058,1011,1,3.961571514117998
741,794,973,3,8.005758424200978
741,1011,702,2,10.884143023519666
741,1067,1232,2,8.002242999882604
741,834,525,1,10.886391578093734
741,873,1011,1,9.1842566129722
741,1232,1478,1,13.206936132693205
741,1213,402,1,21.884142001205166
741,1478,1011,1,13.494566217296024
742,794,834,3,3.0622624863494035
742,1232,1058,2,4.83687793721146
742,1011,973,10,4.881725510082577
742,973,1058,4,2.41855773034487
742,525,402,1,6.614151574587493
743,973,928,10,2.202808837490146
743,1058,850,3,8.672138339743874
743,402,1140,1,20.041488041275294
743,402,850,1,20.42053788159492
744,928,925,10,2.8524929798341074
744,834,1011,3,6.510367578384317
744,850,834,2,15.216513464969486
744,1058,714,2,8.895594131564904
744,702,873,1,4.548357078342699
744,402,850,1,20.42053788159492
745,925,1011,9,2.223898532891128
745,873,702,1,4.548357078342699
745,1011,1140,3,3.335847799336888
745,834,1004,2,4.837273690103386
745,702,579,1,6.612071581984758
745,1058,1412,1,13.015586494460262
745,402,973,1,18.419980035084063
746,1011,794,1,5.876008831303484
746,850,794,2,12.413971394684204
746,579,850,1,14.052136310094992
746,1140,850,1,13.036256596755637
747,702,783,1,5.250413373789177
747,925,1232,1,9.649241749541863
747,1011,973,5,4.881725510082577
747,850,464,1,10.052673626423328
747,794,967,1,4.548315025166438
747,714,1011,1,8.663428210145675
747,1140,834,3,9.120303414799448
747,973,714,1,6.739138237494938
747,1004,1105,2,14.430329325731782
747,1412,1067,1,8.946191032118977
748,1011,928,4,3.6167275925925466
748,967,579,1,10.052645101539124
748,850,856,2,5.706192977163574
748,714,1232,1,13.478191227023236
749,783,873,1,4.4064860569207775
749,834,1058,2,10.204580442928409
749,928,1232,3,8.28950012214804
749,1105,850,1,7.255791794533394
749,464,850,1,10.052673626423328
749,1232,850,1,11.078851145692578
749,973,1004,2,11.462222395062687
749,579,1067,1,18.79184718496452
750,794,873,1,7.018858162934119
750,973,856,3,11.88819151385629
750,714,794,1,6.125367854472763
750,1105,714,1,10.705966675098557
750,794,1213,1,15.264021951318778
750,1067,856,2,6.736061142864135
750,856,973,1,11.88819151385629
751,834,783,1,7.689481736045675
751,873,783,1,4.4064860569207775
751,1058,1011,2,3.961571514117998
751,1004,783,2,7.966246489389644
751,794,834,1,3.0622624863494035
751,856,850,3,5.706192977163574
751,928,1004,1,9.763940751913996
751,1232,834,1,14.473652063742133
751,1478,783,1,18.994191672564124
752,834,783,1,7.689481736045675
752,873,783,1,4.4064860569207775
752,783,579,3,11.850386463154225
752,850,1058,5,8.672138339743874
752,1232,794,2,13.471439449058977
752,1232,856,1,14.473652063742133
752,714,1232,1,13.478191227023236
752,1213,1011,1,13.548232944538976
753,1058,1187,3,3.335847799336888
753,973,834,1,10.076973504527178
753,1011,1004,2,6.654407802707156
753,1004,873,1,3.839767699909918
753,579,834,1,7.256503514219511
753,783,1011,1,13.554200769268274
753,856,1187,1,15.226827950407046
753,856,1011,2,16.764898582516587
754,834,925,2,5.249047199856985
754,1187,973,3,5.6404067966465385
754,1058,1232,2,4.83687793721146
754,579,794,2,5.55974633222762
754,794,973,2,8.005758424200978
754,850,856,1,5.706192977163574
755,925,1011,2,2.223898532891128
755,834,783,1,7.689481736045675
755,873,834,1,3.963116935247085
755,1232,928,2,8.28950012214804
755,973,1058,3,2.41855773034487
755,794,967,2,4.548315025166438
755,856,850,2,5.706192977163574
755,1187,928,1,6.739067249150369
756,928,967,2,3.962344440629368
756,1011,973,6,4.881725510082577
756,783,1004,3,7.966246489389644
756,1232,967,1,9.421989977231084
756,1004,1232,2,13.548232944538976
757,834,928,1,7.925847526229188
757,1004,834,1,4.837273690103386
757,850,714,2,7.4471861231509155
757,973,794,8,8.005758424200978
757,967,714,1,8.192867163522228
757,1058,714,1,8.895594131564904
757,1004,579,2,12.093776951796409
758,794,928,1,5.8083597500151045
758,967,1058,2,5.247679923034634
758,1058,1232,1,4.83687793721146
758,783,1011,1,13.554200769268274
758,714,973,1,6.739138237494938
758,834,402,1,11.281169605088646
758,928,1067,2,10.07507435147502
758,1058,1067,1,8.554760866502043
759,1058,1140,1,4.404400893299181
759,928,1067,1,10.07507435147502
759,1232,1412,1,8.805321213797965
759,714,967,2,8.192867163522228
759,1232,702,1,18.84696316793992
759,794,1232,3,13.471439449058977
760,967,925,3,1.4630157462730349
760,1058,973,1,2.41855773034487
760,402,783,1,11.521692668209962
760,579,967,1,10.052645101539124
760,794,402,4,11.081008814008824
760,1232,1399,1,6.507057624431
760,1067,850,4,5.87594370452583
760,714,873,1,13.140369150150514
760,579,525,1,10.527425779295132
761,925,973,2,4.882215518422521
761,850,1140,1,13.036256596755637
761,702,794,1,6.125367854472763
761,1232,1412,1,8.805321213797965
761,1412,973,1,14.027846499005278
761,967,1399,1,11.280728646716137
762,925,834,1,5.249047199856985
762,1011,783,1,13.554200769268274
762,402,783,2,11.521692668209962
762,783,525,1,6.671695598673383
762,973,1187,4,5.6404067966465385
762,1140,1478,1,10.56486642729493
762,525,579,1,10.527425779295132
763,1232,783,1,21.210313956402903
763,783,834,1,7.689481736045675
763,850,834,3,15.216513464969486
763,402,579,1,6.514036981260467
763,967,1105,1,9.182568470632535
763,1187,850,1,11.109127914371388
763,1140,850,1,13.036256596755637
763,873,1213,1,9.674072372960078
763,1399,702,1,19.741079331307574
764,834,783,1,7.689481736045675
764,1399,1232,1,6.507057624431
764,783,834,2,7.689481736045675
764,579,850,1,14.052136310094992
764,973,873,1,13.496121499721363
764,794,402,1,11.081008814008824
764,1232,794,1,13.471439449058977
764,1187,967,3,7.314097191827283
764,402,850,1,20.42053788159492
765,967,925,3,1.4630157462730349
765,794,873,1,7.018858162934119
765,834,579,4,7.256503514219511
765,1232,1140,1,6.119741485129188
765,1105,850,1,7.255791794533394
765,702,525,1,6.512937082064592
766,925,1011,3,2.223898532891128
766,850,1011,4,11.365584452473476
766,525,783,1,6.671695598673383
766,402,579,1,6.514036981260467
766,579,1058,1,13.4971193863272
766,1213,1232,1,18.052391004569408
766,873,1213,1,9.674072372960078
767,850,1011,1,11.365584452473476
767,783,925,3,12.804913262721543
767,1011,1105,1,7.92275625179966
767,579,925,3,9.096756146766438
767,834,525,2,10.886391578093734
767,873,1058,1,13.135447383238883
767,1412,850,1,14.733832640164646
768,925,1011,4,2.223898532891128
768,1058,1187,1,3.335847799336888
768,525,783,2,6.671695598673383
768,1140,1232,1,6.119741485129188
768,1011,973,6,4.881725510082577
768,850,925,1,10.694040075602611
768,579,850,1,14.052136310094992
769,579,794,1,5.55974633222762
769,1058,967,1,5.247679923034634
769,1232,834,1,14.473652063742133
769,1105,1140,1,7.683904782943718
770,925,1140,3,5.559746332228015
770,794,928,1,5.8083597500151045
770,783,525,2,6.671695598673383
770,1011,1187,5,5.851146926487822
770,973,873,2,13.496121499721363
770,1187,1478,1,12.280518083533188
770,1213,1011,1,13.548232944538976
770,525,928,1,18.21580338849598
771,928,973,1,2.202808837490146
771,1187,1232,4,2.2017655762295663
771,850,1011,1,11.365584452473476
771,967,794,1,4.548315025166438
771,525,783,1,6.671695598673383
771,973,850,4,6.608947508553885
771,834,1004,1,4.837273690103386
771,1232,702,1,18.84696316793992
772,525,783,1,6.671695598673383
772,1232,1058,2,4.83687793721146
772,850,1187,2,11.109127914371388
772,873,925,1,8.629868015705554
772,1140,1399,4,6.738996195578808
772,1187,925,1,7.6790367656671
772,1011,1399,1,10.052549905308156
773,702,925,1,9.423506251261468
773,794,873,1,7.018858162934119
773,783,1004,1,7.966246489389644
773,1232,1140,2,6.119741485129188
773,1011,1399,1,10.052549905308156
774,1187,1011,1,5.851146926487822
774,873,834,1,3.963116935247085
774,928,783,1,15.577087902404868
774,850,783,2,22.85304209922013
774,973,1232,1,6.739053043647001
774,1058,1232,2,4.83687793721146
774,1399,1105,5,10.237902514270164
774,1004,1232,1,13.548232944538976
775,925,1011,3,2.223898532891128
775,873,834,1,3.963116935247085
775,1140,1011,2,3.335847799336888
775,1232,928,1,8.28950012214804
775,1399,1232,1,6.507057624431
775,1187,1004,1,11.361508124700526
776,928,925,1,2.8524929798341074
776,1004,873,1,3.839767699909918
776,783,973,1,17.685208029543023
776,1011,1105,4,7.92275625179966
776,1105,928,5,6.509632645551289
776,1232,1140,3,6.119741485129188
776,834,1232,1,14.473652063742133
777,928,925,5,2.8524929798341074
777,1011,1140,1,3.335847799336888
777,834,850,1,15.216513464969486
777,783,1004,3,7.966246489389644
777,1105,973,2,4.388654712140797
777,1232,1412,1,8.805321213797965
777,873,525,1,9.675337903778155
778,1140,1011,4,3.335847799336888
778,1232,925,1,9.649241749541863
778,1105,1011,1,7.92275625179966
778,1004,925,2,7.016854369636376
779,925,1004,7,7.016854369636376
779,525,783,1,6.671695598673383
779,973,1011,3,4.881725510082577
779,1011,1232,3,7.964083694664586
779,1004,1105,1,14.430329325731782
779,1105,856,1,10.85018203537092
779,1478,1011,1,13.494566217296024
779,1478,783,4,18.994191672564124
780,925,1011,2,2.223898532891128
780,1011,967,7,1.4629503400136323
780,783,1011,4,13.554200769268274
780,850,1232,1,11.078851145692578
780,1004,928,1,9.763940751913996
780,1232,850,1,11.078851145692578
780,1478,783,2,18.994191672564124
781,967,1140,5,4.548230871686798
781,1011,1004,4,6.654407802707156
781,1004,873,4,3.839767699909918
781,783,967,3,12.247362390603268
781,1412,1067,1,8.946191032118977
781,1105,1067,1,4.880745078525951
782,928,973,1,2.202808837490146
782,967,783,2,12.247362390603268
782,1140,928,3,6.2484548670441855
782,1011,794,2,5.876008831303484
782,873,794,3,7.018858162934119
782,850,1067,1,5.87594370452583
782,1004,973,4,11.462222395062687
782,1004,1213,1,7.964083694664586
782,856,1011,1,16.764898582516587
782,1004,579,1,12.093776951796409
782,1067,1058,1,8.554760866502043
782,172,850,1,35.56283988223624
783,1232,1187,3,2.2017655762295663
783,928,702,1,11.847457656626572
783,783,873,2,4.4064860569207775
783,794,967,1,4.548315025166438
783,973,967,5,5.7043821114062
783,850,1187,1,11.109127914371388
783,873,1187,1,14.60457664934919
783,1067,1105,2,4.880745078525951
783,1140,850,1,13.036256596755637
783,1004,850,1,17.683455373897953
784,967,925,9,1.4630157462730349
784,873,783,2,4.4064860569207775
784,794,834,4,3.0622624863494035
784,928,1011,2,3.6167275925925466
784,1105,1058,1,3.961184888937906
784,702,1399,1,19.741079331307574
784,1187,1067,3,9.180879404297018
784,1187,856,1,15.226827950407046
785,834,783,2,7.689481736045675
785,1058,973,1,2.41855773034487
785,1011,928,3,3.6167275925925466
785,1399,783,1,20.47900955025097
785,783,1232,2,21.210313956402903
785,850,464,1,10.052673626423328
785,1140,834,1,9.120303414799448
785,579,714,1,6.612071581984758
785,925,1399,7,12.268300526223484
785,1067,1412,1,8.946191032118977
785,1213,925,1,14.603468927185563
786,928,794,1,5.8083597500151045
786,783,794,1,10.46245949147104
786,834,850,1,15.216513464969486
786,973,794,1,8.005758424200978
786,1399,1004,4,12.567113648389872
786,850,856,1,5.706192977163574
786,1105,714,1,10.705966675098557
786,1067,856,1,6.736061142864135
786,1412,856,1,14.733832640164646
786,1232,402,2,24.47900353233401
786,925,1399,2,12.268300526223484
786,1067,794,1,15.745772705396131
786,1478,928,1,16.795429231201826
786,1478,1399,1,7.009492875361758
786,1478,1213,1,9.419000433145635
787,925,1011,1,2.223898532891128
787,928,925,3,2.8524929798341074
787,1399,925,3,12.268300526223484
787,1058,850,1,8.672138339743874
787,1004,925,3,7.016854369636376
787,714,928,1,5.640508575131163
787,1187,834,1,12.342244898446324
787,834,1478,1,16.706287412191738
787,794,1004,2,7.315405465360834
787,856,1011,1,16.764898582516587
787,856,973,1,11.88819151385629
787,1004,1399,1,12.567113648389872
787,856,850,1,5.706192977163574
787,1213,1232,1,18.052391004569408
788,928,967,1,3.962344440629368
788,1232,1105,1,3.8392690799482057
788,783,714,1,16.323166899192785
788,794,873,2,7.018858162934119
788,834,850,1,15.216513464969486
788,925,1213,2,14.603468927185563
788,1011,1067,1,12.40745751794731
788,714,1140,1,11.751952287542252
788,172,834,1,23.237911306741093
789,925,1011,7,2.223898532891128
789,1213,783,1,11.11949266445603
789,1399,1058,3,9.34110519027368
789,1105,928,1,6.509632645551289
789,834,1058,1,10.204580442928409
789,856,579,1,19.267312298612403
789,464,1232,1,20.81259910432051
789,1213,850,1,24.912341119523507
790,850,1011,5,11.365584452473476
790,1399,1140,1,6.738996195578808
790,783,1232,2,21.210313956402903
790,1011,1105,6,7.92275625179966
790,1004,1011,2,6.654407802707156
790,1058,834,2,10.204580442928409
790,873,925,1,8.629868015705554
790,928,1004,1,9.763940751913996
790,967,714,1,8.192867163522228
790,973,1187,1,5.6404067966465385
790,834,200,1,19.692898710509187
790,402,973,2,18.419980035084063
790,172,402,1,15.328145780625992
791,1058,1105,2,3.961184888937906
791,1140,1232,2,6.119741485129188
791,1004,873,1,3.839767699909918
791,1011,834,8,6.510367578384317
791,579,925,1,9.096756146766438
791,834,714,1,9.18763012440511
791,1187,1140,1,3.960411314814771
791,714,579,2,6.612071581984758
791,1105,967,1,9.182568470632535
791,402,834,1,11.281169605088646
791,1232,579,1,18.33205273511288
791,873,1140,1,10.849467604025635
791,1067,1140,1,12.55411324365653
792,925,967,1,1.4630157462730349
792,1105,1011,7,7.92275625179966
792,973,1011,2,4.881725510082577
792,1011,794,1,5.876008831303484
792,579,402,1,6.514036981260467
792,1232,1067,2,8.002242999882604
792,834,1232,2,14.473652063742133
792,579,1004,1,12.093776951796409
792,873,856,1,24.750513902772017
792,714,702,1,11.41600413764035
792,172,783,1,17.768672451070774
793,967,925,2,1.4630157462730349
793,1011,973,5,4.881725510082577
793,702,925,1,9.423506251261468
793,783,834,1,7.689481736045675
793,834,1058,6,10.204580442928409
793,1232,1399,3,6.507057624431
793,1140,1067,1,12.55411324365653
793,856,1011,1,16.764898582516587
793,172,783,1,17.768672451070774
794,1232,1105,1,3.8392690799482057
794,1399,1187,3,6.247627185540738
794,794,1011,1,5.876008831303484
794,1058,1105,3,3.961184888937906
794,783,1478,1,18.994191672564124
794,579,702,1,6.612071581984758
794,1067,850,1,5.87594370452583
794,1140,702,2,13.472348608720578
794,1011,873,1,9.1842566129722
794,834,1213,2,12.569063966979074
794,925,525,1,15.90866891150228
795,925,973,3,4.882215518422521
795,1004,783,1,7.966246489389644
795,973,928,5,2.202808837490146
795,834,1004,1,4.837273690103386
795,1011,834,5,6.510367578384317
795,1187,834,1,12.342244898446324
795,1105,850,1,7.255791794533394
795,1067,850,2,5.87594370452583
795,702,1004,1,7.841523685223605
795,402,172,1,15.328145780625992
795,1213,873,1,9.674072372960078
796,1058,973,3,2.41855773034487
796,928,1011,5,3.6167275925925466
796,834,967,2,5.059118864445973
796,783,873,1,4.4064860569207775
796,1187,925,1,7.6790367656671
796,1004,928,1,9.763940751913996
796,702,714,1,11.41600413764035
796,850,967,2,11.888191513854997
796,873,200,1,22.81076777126768
796,525,702,1,6.512937082064592
797,967,928,3,3.962344440629368
797,1004,783,1,7.966246489389644
797,850,1011,1,11.365584452473476
797,702,928,1,11.847457656626572
797,834,1004,4,4.837273690103386
797,1105,1058,3,3.961184888937906
797,928,1232,1,8.28950012214804
797,973,1187,6,5.6404067966465385
797,1187,1004,1,11.361508124700526
797,1213,1011,1,13.548232944538976
798,1011,928,6,3.6167275925925466
798,873,794,2,7.018858162934119
798,850,1140,1,13.036256596755637
798,1187,1140,1,3.960411314814771
798,1004,928,2,9.763940751913996
798,928,1213,1,17.083849184069507
798,1187,1399,4,6.247627185540738
798,172,702,1,18.858887720998347
799,925,1011,1,2.223898532891128
799,928,925,8,2.8524929798341074
799,1140,1058,1,4.404400893299181
799,1011,1140,1,3.335847799336888
799,783,702,1,5.250413373789177
799,1004,1011,3,6.654407802707156
799,1058,850,1,8.672138339743874
799,702,850,2,18.37776366407494
799,794,850,1,12.413971394684204
799,1187,1105,1,4.4040530489389695
799,967,525,1,15.935515917166311
799,1058,1478,1,14.62524653879426
799,1058,1399,1,9.34110519027368
799,172,925,1,28.207957712858114
800,1213,783,1,11.11949266445603
800,850,973,2,6.608947508553885
800,1399,973,1,11.751170313633397
800,1011,1187,2,5.851146926487822
800,714,783,1,16.323166899192785
800,1105,973,1,4.388654712140797
800,925,464,1,16.731616825582336
800,1140,1004,1,7.442778444077659
801,973,928,3,2.202808837490146
801,1232,928,1,8.28950012214804
801,1399,973,4,11.751170313633397
801,850,1187,1,11.109127914371388
801,925,1105,8,8.810192302561815
801,1187,1105,1,4.4040530489389695
801,1058,1140,1,4.404400893299181
801,794,1067,1,15.745772705396131
801,1011,873,2,9.1842566129722
801,464,1067,1,15.596324992464188
802,1004,873,1,3.839767699909918
802,928,834,5,7.925847526229188
802,1067,973,1,7.92352939429049
802,702,967,1,9.424975322198348
802,1187,928,1,6.739067249150369
802,850,579,1,14.052136310094992
803,967,1011,1,1.4629503400136323
803,973,783,1,17.685208029543023
803,834,794,5,3.0622624863494035
803,1140,967,2,4.548230871686798
803,783,702,2,5.250413373789177
803,1105,794,1,12.287533860803824
803,1105,1399,1,10.237902514270164
803,525,579,1,10.527425779295132
803,1478,1140,1,10.56486642729493
804,967,928,2,3.962344440629368
804,783,925,1,12.804913262721543
804,794,579,4,5.55974633222762
804,1067,928,1,10.07507435147502
804,873,967,3,7.925075031537542
804,973,702,5,14.048686290771036
804,1105,850,7,7.255791794533394
804,1140,856,1,17.938256579680917
804,702,1004,1,7.841523685223605
805,928,967,6,3.962344440629368
805,702,783,3,5.250413373789177
805,1011,925,1,2.223898532891128
805,579,834,3,7.256503514219511
805,794,714,2,6.125367854472763
805,1187,1399,1,6.247627185540738
805,856,973,1,11.88819151385629
806,925,1232,1,9.649241749541863
806,834,850,1,15.216513464969486
806,850,714,7,7.4471861231509155
806,1399,834,1,15.539391645120883
806,579,1011,3,11.281034038678854
806,967,714,7,8.192867163522228
806,973,1213,1,18.36260104007094
806,1004,794,1,7.315405465360834
807,1213,783,1,11.11949266445603
807,850,973,1,6.608947508553885
807,967,973,2,5.7043821114062
807,834,967,2,5.059118864445973
807,783,1004,2,7.966246489389644
807,714,973,12,6.739138237494938
807,1399,1478,1,7.009492875361758
807,702,1187,2,16.72667802016658
808,834,783,1,7.689481736045675
808,925,973,1,4.882215518422521
808,783,794,2,10.46245949147104
808,794,702,1,6.125367854472763
808,1232,1140,1,6.119741485129188
808,967,1105,2,9.182568470632535
808,714,1187,2,12.231441930901791
808,702,464,1,20.168168841470333
808,714,1105,1,10.705966675098557
809,794,925,1,3.8399670029013246
809,1011,579,3,11.281034038678854
809,1187,928,2,6.739067249150369
809,973,873,3,13.496121499721363
809,714,1187,1,12.231441930901791
810,925,714,1,6.736742718055863
810,702,925,1,9.423506251261468
810,973,1187,13,5.6404067966465385
810,1187,967,1,7.314097191827283
810,1004,1412,1,22.322654933963523
811,928,967,2,3.962344440629368
811,1187,973,15,5.6404067966465385
811,783,794,1,10.46245949147104
811,1004,967,1,5.811450880513226
811,714,928,1,5.640508575131163
811,1105,1187,3,4.4040530489389695
811,1140,702,1,13.472348608720578
811,794,464,1,16.018534965863886
811,873,1213,1,9.674072372960078
812,925,967,1,1.4630157462730349
812,973,1105,3,4.388654712140797
812,579,714,3,6.612071581984758
812,873,1011,2,9.1842566129722
812,1187,850,2,11.109127914371388
812,464,1011,1,18.41923278489661
813,967,1011,5,1.4629503400136323
813,973,967,12,5.7043821114062
813,794,402,1,11.081008814008824
813,1412,1058,1,13.015586494460262
813,1187,856,1,15.226827950407046
814,967,925,12,1.4630157462730349
814,702,925,1,9.423506251261468
814,1011,794,8,5.876008831303484
814,714,1011,3,8.663428210145675
814,1058,1140,1,4.404400893299181
814,928,856,1,13.497510700081442
814,464,928,1,14.930631823982267
814,1105,714,1,10.705966675098557
814,1213,925,1,14.603468927185563
814,172,525,1,12.35164992665693
815,925,794,7,3.8399670029013246
815,525,783,1,6.671695598673383
815,794,1011,1,5.876008831303484
815,850,1058,2,8.672138339743874
815,1105,714,1,10.705966675098557
815,1105,579,1,16.385732596177622
816,928,925,1,2.8524929798341074
816,925,834,7,5.249047199856985
816,783,1232,1,21.210313956402903
816,1058,1140,1,4.404400893299181
816,794,402,6,11.081008814008824
816,1140,1105,1,7.683904782943718
816,1011,873,1,9.1842566129722
816,856,1067,1,6.736061142864135
816,1011,1399,1,10.052549905308156
817,925,1011,1,2.223898532891128
817,794,579,6,5.55974633222762
817,1011,850,2,11.365584452473476
817,402,579,1,6.514036981260467
817,1232,1399,1,6.507057624431
817,714,967,1,8.192867163522228
817,1067,1105,1,4.880745078525951
817,856,967,1,17.437906487356226
818,967,925,1,1.4630157462730349
818,579,783,2,11.850386463154225
818,873,783,1,4.4064860569207775
818,1399,783,1,20.47900955025097
818,834,1011,7,6.510367578384317
818,714,928,1,5.640508575131163
818,1140,1399,1,6.738996195578808
818,794,1004,2,7.315405465360834
818,1058,714,1,8.895594131564904
819,928,925,1,2.8524929798341074
819,1399,1058,1,9.34110519027368
819,1004,873,2,3.839767699909918
819,579,834,1,7.256503514219511
819,783,850,1,22.85304209922013
819,714,1011,1,8.663428210145675
819,850,1232,2,11.078851145692578
819,402,579,6,6.514036981260467
819,1105,850,2,7.255791794533394
820,967,925,1,1.4630157462730349
820,834,1004,1,4.837273690103386
820,925,1105,2,8.810192302561815
820,579,967,8,10.052645101539124
820,1011,579,7,11.281034038678854
820,850,856,2,5.706192977163574
821,967,925,5,1.4630157462730349
821,925,834,1,5.249047199856985
821,783,525,3,6.671695598673383
821,1011,1004,2,6.654407802707156
821,850,1067,1,5.87594370452583
821,579,402,3,6.514036981260467
821,873,579,1,10.243397261423542
821,1058,702,1,14.468812957232682
821,1232,850,1,11.078851145692578
821,873,525,1,9.675337903778155
822,967,925,3,1.4630157462730349
822,1399,1011,1,10.052549905308156
822,1004,834,2,4.837273690103386
822,856,1105,1,10.85018203537092
822,525,794,1,12.411444711524124
822,525,702,1,6.512937082064592
823,925,1011,8,2.223898532891128
823,1011,925,1,2.223898532891128
823,1232,783,1,21.210313956402903
823,525,783,1,6.671695598673383
823,579,973,6,12.02013346271456
823,1105,973,2,4.388654712140797
823,702,873,1,4.548357078342699
823,834,714,1,9.18763012440511
823,402,834,3,11.281169605088646
823,856,850,1,5.706192977163574
823,1067,1105,1,4.880745078525951
824,925,834,1,5.249047199856985
824,850,973,2,6.608947508553885
824,834,794,5,3.0622624863494035
824,794,1011,1,5.876008831303484
824,1004,928,1,9.763940751913996
824,579,1105,1,16.385732596177622
825,1011,928,9,3.6167275925925466
825,1105,1011,2,7.92275625179966
825,834,1011,1,6.510367578384317
825,794,973,2,8.005758424200978
825,702,579,1,6.612071581984758
825,714,1058,1,8.895594131564904
825,973,1412,3,14.027846499005278
825,579,850,1,14.052136310094992
825,525,1011,1,17.39283322509588
826,928,925,9,2.8524929798341074
826,850,973,1,6.608947508553885
826,579,794,1,5.55974633222762
826,783,579,2,11.850386463154225
826,973,1105,7,4.388654712140797
826,1105,1067,1,4.880745078525951
826,873,1187,1,14.60457664934919
827,925,1011,9,2.223898532891128
827,928,967,1,3.962344440629368
827,1011,794,4,5.876008831303484
827,579,834,1,7.256503514219511
827,794,967,4,4.548315025166438
827,1058,850,1,8.672138339743874
827,973,1140,2,6.509265047797015
827,1105,1187,7,4.4040530489389695
828,967,928,4,3.962344440629368
828,794,925,3,3.8399670029013246
828,1067,1399,1,14.46118952528998
828,1478,783,1,18.994191672564124
829,967,1011,1,1.4629503400136323
829,1187,783,1,19.009124176326512
829,1011,1232,9,7.964083694664586
829,783,1232,1,21.210313956402903
829,794,702,1,6.125367854472763
829,579,1011,1,11.281034038678854
829,973,1140,1,6.509265047797015
829,1412,1232,3,8.805321213797965
830,925,973,3,4.882215518422521
830,1187,1011,7,5.851146926487822
830,1232,1187,10,2.2017655762295663
830,834,873,1,3.963116935247085
830,850,856,1,5.706192977163574
830,1140,794,1,9.096545861200513
830,1140,1213,1,12.551534849108323
831,1011,925,9,2.223898532891128
831,928,794,1,5.8083597500151045
831,1187,973,8,5.6404067966465385
831,1399,973,1,11.751170313633397
831,702,967,1,9.424975322198348
831,873,925,1,8.629868015705554
831,928,464,3,14.930631823982267
831,1140,1213,1,12.551534849108323
832,925,1011,10,2.223898532891128
832,973,834,5,10.076973504527178
832,783,702,1,5.250413373789177
832,1187,925,2,7.6790367656671
832,794,1105,2,12.287533860803824
832,1232,1478,1,13.206936132693205
832,1213,873,1,9.674072372960078
832,172,783,1,17.768672451070774
832,1478,783,1,18.994191672564124
833,967,794,1,4.548315025166438
833,834,1011,1,6.510367578384317
833,783,856,2,28.55412357877098
833,973,464,1,14.912840443208973
833,1232,1399,2,6.507057624431
833,856,850,1,5.706192977163574
833,464,714,2,10.122771228736514
834,1011,967,11,1.4629503400136323
834,925,834,2,5.249047199856985
834,1399,1140,2,6.738996195578808
834,1105,1067,1,4.880745078525951
834,856,850,1,5.706192977163574
834,973,1412,5,14.027846499005278
834,850,1412,1,14.733832640164646
834,856,579,1,19.267312298612403
834,1105,714,1,10.705966675098557
835,967,925,11,1.4630157462730349
835,834,794,6,3.0622624863494035
835,973,1058,1,2.41855773034487
835,873,794,1,7.018858162934119
835,702,850,1,18.37776366407494
835,579,714,1,6.612071581984758
835,714,579,2,6.612071581984758
835,850,967,1,11.888191513854997
835,464,1058,1,17.327738037204117
835,1213,928,1,17.083849184069507
836,928,925,1,2.8524929798341074
836,1058,973,2,2.41855773034487
836,925,714,11,6.736742718055863
836,794,850,3,12.413971394684204
836,714,928,2,5.640508575131163
836,1412,1187,1,11.00708650475215
836,967,702,1,9.424975322198348
836,464,928,1,14.930631823982267
837,928,1058,1,3.468670210314232
837,973,834,1,10.076973504527178
837,794,973,5,8.005758424200978
837,850,928,1,7.925847526229188
837,714,1011,1,8.663428210145675
837,702,873,1,4.548357078342699
837,579,702,1,6.612071581984758
837,1140,714,2,11.751952287542252
837,714,464,1,10.122771228736514
837,1412,1011,1,16.64651643490022
837,1067,834,1,17.994484200739958
838,928,925,3,2.8524929798341074
838,1011,967,1,1.4629503400136323
838,973,834,2,10.076973504527178
838,850,464,1,10.052673626423328
838,1187,1140,1,3.960411314814771
838,1412,1232,3,8.805321213797965
838,1058,1004,1,10.515329624384115
838,714,1232,2,13.478191227023236
838,1412,1067,1,8.946191032118977
838,873,525,1,9.675337903778155
838,714,464,7,10.122771228736514
839,967,925,1,1.4630157462730349
839,925,783,1,12.804913262721543
839,973,928,4,2.202808837490146
839,525,783,1,6.671695598673383
839,834,579,2,7.256503514219511
839,1011,834,1,6.510367578384317
839,1067,973,1,7.92352939429049
839,714,1011,1,8.663428210145675
839,702,794,1,6.125367854472763
839,850,856,2,5.706192977163574
839,714,1067,1,12.344128539882757
839,579,1004,1,12.093776951796409
839,172,402,1,15.328145780625992
839,200,973,1,20.03769715038758
840,925,783,2,12.804913262721543
840,1232,1187,5,2.2017655762295663
840,1140,928,1,6.2484548670441855
840,1004,873,2,3.839767699909918
840,928,579,2,10.087254514060623
840,973,702,1,14.048686290771036
840,402,834,1,11.281169605088646
841,1187,1058,5,3.335847799336888
841,925,714,2,6.736742718055863
841,973,967,1,5.7043821114062
841,794,1140,1,9.096545861200513
841,928,1232,2,8.28950012214804
841,579,402,1,6.514036981260467
841,702,579,1,6.612071581984758
841,464,850,9,10.052673626423328
841,834,1399,1,15.539391645120883
841,856,464,1,11.080793243354975
841,1478,1058,1,14.62524653879426
841,1478,783,1,18.994191672564124
842,928,967,1,3.962344440629368
842,967,925,1,1.4630157462730349
842,1058,973,6,2.41855773034487
842,1399,1058,1,9.34110519027368
842,873,702,2,4.548357078342699
842,783,525,5,6.671695598673383
842,579,1011,2,11.281034038678854
842,850,856,6,5.706192977163574
842,1011,200,1,21.884928176481388
842,1067,1412,1,8.946191032118977
842,856,1011,1,16.764898582516587
843,973,928,6,2.202808837490146
843,925,928,1,2.8524929798341074
843,525,783,3,6.671695598673383
843,1011,1232,1,7.964083694664586
843,834,1011,3,6.510367578384317
843,850,1067,3,5.87594370452583
843,402,702,1,7.84160901068824
843,579,714,2,6.612071581984758
843,714,1058,2,8.895594131564904
843,1058,525,1,20.964033103094035
843,464,714,1,10.122771228736514
843,1478,1011,1,13.494566217296024
844,928,925,4,2.8524929798341074
844,702,783,3,5.250413373789177
844,1232,1011,3,7.964083694664586
844,525,783,1,6.671695598673383
844,783,973,1,17.685208029543023
844,1058,834,1,10.204580442928409
844,1140,973,1,6.509265047797015
844,1011,1412,3,16.64651643490022
844,1412,856,1,14.733832640164646
844,1478,1105,1,16.644260310570534
845,783,834,5,7.689481736045675
845,973,967,2,5.7043821114062
845,1011,714,6,8.663428210145675
845,1105,794,1,12.287533860803824
845,714,1058,3,8.895594131564904
845,1412,834,1,23.13046174521312
845,925,464,1,16.731616825582336
845,967,525,1,15.935515917166311
845,525,834,2,10.886391578093734
845,856,794,2,18.10474316960466
845,856,1058,1,13.553007848447455
846,967,925,2,1.4630157462730349
846,928,973,3,2.202808837490146
846,834,873,8,3.963116935247085
846,1058,967,3,5.247679923034634
846,1067,928,3,10.07507435147502
846,794,1058,1,8.77829027244345
846,714,794,4,6.125367854472763
846,464,850,1,10.052673626423328
847,925,1011,4,2.223898532891128
847,928,967,3,3.962344440629368
847,525,783,1,6.671695598673383
847,1058,1105,2,3.961184888937906
847,973,1011,3,4.881725510082577
847,834,1004,1,4.837273690103386
847,850,928,1,7.925847526229188
847,794,850,1,12.413971394684204
847,856,783,3,28.55412357877098
847,873,973,1,13.496121499721363
847,714,834,1,9.18763012440511
847,967,1213,1,13.213201406808306
847,1412,928,2,16.089571776562533
847,1478,1140,1,10.56486642729493
848,928,967,1,3.962344440629368
848,967,925,1,1.4630157462730349
848,783,1058,1,17.486864213198086
848,925,1105,1,8.810192302561815
848,794,1140,4,9.096545861200513
848,1011,702,4,10.884143023519666
848,973,1140,1,6.509265047797015
848,714,794,1,6.125367854472763
848,873,579,1,10.243397261423542
848,1140,850,1,13.036256596755637
848,1105,702,1,18.21042691241635
849,1058,1011,1,3.961571514117998
849,1011,1004,3,6.654407802707156
849,783,702,4,5.250413373789177
849,794,973,2,8.005758424200978
849,1004,967,1,5.811450880513226
849,925,1187,1,7.6790367656671
849,967,873,5,7.925075031537542
849,928,1004,2,9.763940751913996
849,702,579,1,6.612071581984758
849,702,973,1,14.048686290771036
849,850,172,1,35.56283988223624
849,1140,794,1,9.096545861200513
849,873,1232,1,16.80536252295166
849,1478,783,1,18.994191672564124
850,873,928,6,11.464626189279452
850,1140,928,4,6.2484548670441855
850,973,850,2,6.608947508553885
850,783,1004,1,7.966246489389644
850,1004,925,1,7.016854369636376
850,702,1011,3,10.884143023519666
850,850,925,1,10.694040075602611
850,856,783,1,28.55412357877098
850,1011,702,1,10.884143023519666
850,579,1058,1,13.4971193863272
850,1058,1140,1,4.404400893299181
850,1105,967,1,9.182568470632535
850,794,525,1,12.411444711524124
851,834,783,1,7.689481736045675
851,850,973,1,6.608947508553885
851,928,850,6,7.925847526229188
851,1004,834,5,4.837273690103386
851,702,873,5,4.548357078342699
851,1187,928,1,6.739067249150369
851,579,1105,1,16.385732596177622
851,1058,702,1,14.468812957232682
851,1213,1232,1,18.052391004569408
852,928,973,4,2.202808837490146
852,1140,1058,1,4.404400893299181
852,873,702,8,4.548357078342699
852,1232,1058,1,4.83687793721146
852,1011,1232,3,7.964083694664586
852,925,1058,2,5.058513634802797
852,783,873,2,4.4064860569207775
852,850,1105,2,7.255791794533394
852,973,1140,1,6.509265047797015
852,1105,925,1,8.810192302561815
852,967,1067,2,13.49334191116594
852,834,200,1,19.692898710509187
852,525,402,1,6.614151574587493
853,1058,1011,3,3.961571514117998
853,1140,1011,1,3.335847799336888
853,1232,973,1,6.739053043647001
853,834,850,2,15.216513464969486
853,850,928,5,7.925847526229188
853,973,1187,5,5.6404067966465385
853,1105,925,1,8.810192302561815
853,702,525,5,6.512937082064592
854,925,973,1,4.882215518422521
854,928,973,3,2.202808837490146
854,525,783,4,6.671695598673383
854,702,1011,1,10.884143023519666
854,834,714,2,9.18763012440511
854,1105,850,2,7.255791794533394
854,873,579,1,10.243397261423542
854,1067,856,1,6.736061142864135
854,873,402,2,12.378588757843175
854,1067,714,1,12.344128539882757
855,925,794,1,3.8399670029013246
855,973,1232,3,6.739053043647001
855,1011,973,4,4.881725510082577
855,702,794,3,6.125367854472763
855,1187,928,5,6.739067249150369
855,1232,873,3,16.80536252295166
855,402,1004,1,15.567289730238285
855,1058,714,1,8.895594131564904
855,856,1067,1,6.736061142864135
855,525,702,1,6.512937082064592
856,928,794,5,5.8083597500151045
856,1232,1058,3,4.83687793721146
856,579,928,1,10.087254514060623
856,794,967,4,4.548315025166438
856,714,579,4,6.612071581984758
856,850,856,4,5.706192977163574
857,873,834,3,3.963116935247085
857,973,928,6,2.202808837490146
857,794,928,3,5.8083597500151045
857,783,925,4,12.804913262721543
857,402,928,1,16.388066195777938
858,702,783,1,5.250413373789177
858,928,1058,12,3.468670210314232
858,967,1140,1,4.548230871686798
858,1058,1232,3,4.83687793721146
858,1011,714,1,8.663428210145675
858,579,702,4,6.612071581984758
858,1067,856,1,6.736061142864135
858,402,1004,1,15.567289730238285
858,1478,1187,1,12.280518083533188
859,834,783,3,7.689481736045675
859,1058,1187,10,3.335847799336888
859,925,702,4,9.423506251261468
859,1232,1058,1,4.83687793721146
859,1140,967,1,4.548230871686798
859,1187,702,1,16.72667802016658
859,967,402,2,15.541607685822626
859,714,1140,1,11.751952287542252
859,794,714,2,6.125367854472763
859,1004,1187,1,11.361508124700526
860,967,925,2,1.4630157462730349
860,1232,1058,2,4.83687793721146
860,702,928,3,11.847457656626572
860,783,525,1,6.671695598673383
860,856,783,2,28.55412357877098
860,928,1399,2,12.37821780679595
861,1140,928,1,6.2484548670441855
861,1004,873,1,3.839767699909918
861,783,794,1,10.46245949147104
861,1058,834,2,10.204580442928409
861,702,1011,2,10.884143023519666
861,856,783,2,28.55412357877098
861,1187,794,9,11.519003477970214
861,928,200,1,19.11752961089156
861,925,1412,1,18.07211283325024
861,1187,1004,1,11.361508124700526
861,525,402,1,6.614151574587493
861,714,402,2,13.045127894056412
862,928,925,3,2.8524929798341074
862,1399,1058,2,9.34110519027368
862,873,702,1,4.548357078342699
862,783,1011,2,13.554200769268274
862,794,973,1,8.005758424200978
862,1058,834,1,10.204580442928409
862,925,579,1,9.096756146766438
862,856,783,1,28.55412357877098
862,702,873,4,4.548357078342699
862,402,702,2,7.84160901068824
862,1187,1004,1,11.361508124700526
863,873,783,3,4.4064860569207775
863,1058,1232,2,4.83687793721146
863,794,973,2,8.005758424200978
863,1004,967,2,5.811450880513226
863,834,1058,2,10.204580442928409
863,702,873,3,4.548357078342699
863,402,702,3,7.84160901068824
863,1011,873,2,9.1842566129722
864,702,783,1,5.250413373789177
864,925,973,2,4.882215518422521
864,967,1011,1,1.4629503400136323
864,873,834,4,3.963116935247085
864,973,928,3,2.202808837490146
864,579,794,1,5.55974633222762
864,783,1140,4,15.22789003823726
864,1011,1187,2,5.851146926487822
864,834,1011,1,6.510367578384317
864,1058,967,1,5.247679923034634
864,1412,1232,1,8.805321213797965
864,794,1232,7,13.471439449058977
865,928,973,3,2.202808837490146
865,873,834,2,3.963116935247085
865,1058,1187,2,3.335847799336888
865,973,850,2,6.608947508553885
865,1232,1399,3,6.507057624431
866,925,928,1,2.8524929798341074
866,1232,1011,7,7.964083694664586
866,1140,1232,4,6.119741485129188
866,1058,1232,1,4.83687793721146
866,1011,1140,2,3.335847799336888
866,783,402,4,11.521692668209962
866,1399,834,1,15.539391645120883
866,1187,1105,4,4.4040530489389695
866,967,1399,1,11.280728646716137
866,834,525,2,10.886391578093734
867,1232,1187,5,2.2017655762295663
867,834,925,4,5.249047199856985
867,973,928,3,2.202808837490146
867,967,783,1,12.247362390603268
867,1399,1011,1,10.052549905308156
867,525,783,1,6.671695598673383
867,1140,1058,1,4.404400893299181
867,702,873,2,4.548357078342699
867,402,702,4,7.84160901068824
867,794,1232,1,13.471439449058977
868,925,967,4,1.4630157462730349
868,850,973,2,6.608947508553885
868,928,1011,1,3.6167275925925466
868,1011,973,8,4.881725510082577
868,1058,928,1,3.468670210314232
868,1399,1004,1,12.567113648389872
868,1105,1058,4,3.961184888937906
868,873,1187,2,14.60457664934919
868,783,200,1,23.862165274375425
869,928,967,3,3.962344440629368
869,967,973,4,5.7043821114062
869,973,794,2,8.005758424200978
869,1399,1004,1,12.567113648389872
869,1187,928,5,6.739067249150369
869,834,402,1,11.281169605088646
869,1232,1067,1,8.002242999882604
869,1140,702,1,13.472348608720578
869,525,834,1,10.886391578093734
870,1058,925,4,5.058513634802797
870,1004,873,1,3.839767699909918
870,973,794,8,8.005758424200978
870,967,873,3,7.925075031537542
870,702,973,4,14.048686290771036
871,928,925,6,2.8524929798341074
871,1187,1011,2,5.851146926487822
871,1011,794,1,5.876008831303484
871,834,579,1,7.256503514219511
871,702,794,1,6.125367854472763
872,925,967,10,1.4630157462730349
872,1011,925,2,2.223898532891128
872,973,1067,6,7.92352939429049
872,794,973,11,8.005758424200978
872,783,464,2,25.397194471986413
872,1067,1187,1,9.180879404297018
872,873,1140,1,10.849467604025635
872,873,1213,1,9.674072372960078
872,1004,973,1,11.462222395062687
872,402,525,1,6.614151574587493
873,794,925,1,3.8399670029013246
873,967,783,3,12.247362390603268
873,925,1004,2,7.016854369636376
873,525,783,1,6.671695598673383
873,973,834,3,10.076973504527178
873,873,794,2,7.018858162934119
874,967,928,7,3.962344440629368
874,925,1140,1,5.559746332228015
874,579,402,1,6.514036981260467
874,973,702,3,14.048686290771036
874,834,1140,1,9.120303414799448
874,1067,925,4,12.80112469343922
874,1140,1004,1,7.442778444077659
875,834,794,2,3.0622624863494035
875,928,1011,7,3.6167275925925466
875,783,525,4,6.671695598673383
875,794,973,2,8.005758424200978
875,1067,850,2,5.87594370452583
875,1004,1213,2,7.964083694664586
875,973,873,8,13.496121499721363
875,464,1187,1,20.37695310275684
875,1187,579,1,16.57993448038173
876,1011,928,7,3.6167275925925466
876,1140,1187,2,3.960411314814771
876,794,873,2,7.018858162934119
876,850,1067,2,5.87594370452583
876,402,702,1,7.84160901068824
876,1213,834,1,12.569063966979074
876,464,714,1,10.122771228736514
877,973,925,2,4.882215518422521
877,525,783,4,6.671695598673383
877,873,928,2,11.464626189279452
877,925,702,4,9.423506251261468
877,1187,928,1,6.739067249150369
877,702,579,2,6.612071581984758
877,1004,1140,1,7.442778444077659
877,714,579,1,6.612071581984758
877,1478,1399,1,7.009492875361758
878,928,925,7,2.8524929798341074
878,834,967,1,5.059118864445973
878,1399,834,1,15.539391645120883
878,925,1105,2,8.810192302561815
878,873,973,6,13.496121499721363
878,579,873,1,10.243397261423542
878,1187,850,1,11.109127914371388
878,702,525,3,6.512937082064592
878,172,850,1,35.56283988223624
879,702,783,3,5.250413373789177
879,973,928,3,2.202808837490146
879,1140,1011,1,3.335847799336888
879,850,973,1,6.608947508553885
879,834,928,1,7.925847526229188
879,525,783,2,6.671695598673383
879,579,794,3,5.55974633222762
879,1067,973,2,7.92352939429049
879,1187,850,1,11.109127914371388
879,873,402,1,12.378588757843175
879,873,973,1,13.496121499721363
879,1213,973,1,18.36260104007094
879,1213,579,1,19.68761230650633
879,1478,783,1,18.994191672564124
880,925,1140,2,5.559746332228015
880,525,783,1,6.671695598673383
880,928,714,4,5.640508575131163
880,973,850,6,6.608947508553885
880,783,1232,1,21.210313956402903
880,794,973,3,8.005758424200978
880,850,1058,1,8.672138339743874
880,1105,850,1,7.255791794533394
880,925,525,3,15.90866891150228
880,1478,1399,1,7.009492875361758
880,1478,783,1,18.994191672564124
881,973,925,2,4.882215518422521
881,1399,1011,1,10.052549905308156
881,1105,1011,1,7.92275625179966
881,925,1478,2,15.538947915471203
881,1232,973,1,6.739053043647001
881,783,1187,5,19.009124176326512
881,967,873,1,7.925075031537542
881,850,1067,2,5.87594370452583
881,1140,714,2,11.751952287542252
881,714,464,2,10.122771228736514
881,1011,873,1,9.1842566129722
881,873,1187,1,14.60457664934919
881,1478,1232,1,13.206936132693205
881,1478,973,1,16.94926120721475
882,925,973,1,4.882215518422521
882,928,973,2,2.202808837490146
882,1187,1058,5,3.335847799336888
882,525,783,3,6.671695598673383
882,1232,973,1,6.739053043647001
882,973,794,5,8.005758424200978
882,714,928,2,5.640508575131163
882,1067,850,2,5.87594370452583
882,873,1011,1,9.1842566129722
882,1011,402,1,16.93184038136659
882,464,1011,1,18.41923278489661
882,928,856,1,13.497510700081442
882,1187,1399,1,6.247627185540738
883,579,783,1,11.850386463154225
883,925,794,1,3.8399670029013246
883,1011,1232,2,7.964083694664586
883,783,925,6,12.804913262721543
883,794,579,2,5.55974633222762
883,850,1105,7,7.255791794533394
883,402,925,2,14.913154476154167
883,714,928,2,5.640508575131163
883,973,402,1,18.419980035084063
883,1058,579,2,13.4971193863272
884,928,783,2,15.577087902404868
884,925,1004,7,7.016854369636376
884,1399,1140,1,6.738996195578808
884,1232,1058,2,4.83687793721146
884,579,794,3,5.55974633222762
884,794,973,2,8.005758424200978
884,873,967,1,7.925075031537542
884,973,1140,3,6.509265047797015
884,1105,925,4,8.810192302561815
884,1011,1478,1,13.494566217296024
884,402,973,1,18.419980035084063
884,856,850,1,5.706192977163574
885,967,925,1,1.4630157462730349
885,794,834,4,3.0622624863494035
885,925,850,1,10.694040075602611
885,1058,1105,5,3.961184888937906
885,973,1058,1,2.41855773034487
885,783,928,1,15.577087902404868
885,850,1140,1,13.036256596755637
885,1105,794,3,12.287533860803824
885,1140,1478,1,10.56486642729493
885,1004,1140,3,7.442778444077659
885,1004,702,2,7.841523685223605
885,464,714,1,10.122771228736514
886,925,873,2,8.629868015705554
886,783,1140,3,15.22789003823726
886,794,579,1,5.55974633222762
886,850,794,1,12.413971394684204
886,1105,973,5,4.388654712140797
886,928,1232,2,8.28950012214804
886,1140,1004,4,7.442778444077659
886,834,1478,3,16.706287412191738
886,579,1004,1,12.093776951796409
886,1058,873,1,13.135447383238883
887,1004,783,4,7.966246489389644
887,973,1011,5,4.881725510082577
887,1140,1232,6,6.119741485129188
887,783,525,2,6.671695598673383
887,794,967,3,4.548315025166438
887,579,925,1,9.096756146766438
887,850,1105,1,7.255791794533394
887,714,925,1,6.736742718055863
887,873,1105,1,17.09113028720051
887,834,525,1,10.886391578093734
887,1058,702,1,14.468812957232682
888,967,925,3,1.4630157462730349
888,873,783,1,4.4064860569207775
888,525,783,2,6.671695598673383
888,1232,1058,3,4.83687793721146
888,928,1140,1,6.2484548670441855
888,925,873,4,8.629868015705554
888,1004,873,1,3.839767699909918
888,794,579,1,5.55974633222762
888,783,1011,1,13.554200769268274
888,702,1140,1,13.472348608720578
889,1058,1105,2,3.961184888937906
889,1011,850,5,11.365584452473476
889,1140,1399,1,6.738996195578808
889,702,402,1,7.84160901068824
889,1004,1187,1,11.361508124700526
889,873,1213,1,9.674072372960078
889,1004,1213,1,7.964083694664586
889,873,1058,1,13.135447383238883
889,973,1004,1,11.462222395062687
889,973,200,1,20.03769715038758
890,925,1011,4,2.223898532891128
890,1140,1011,1,3.335847799336888
890,783,1399,2,20.47900955025097
890,1105,1140,2,7.683904782943718
890,402,714,1,13.045127894056412
890,525,1011,1,17.39283322509588
890,1004,1058,1,10.515329624384115
891,1058,925,2,5.058513634802797
891,1105,1011,2,7.92275625179966
891,783,525,4,6.671695598673383
891,1011,1187,5,5.851146926487822
891,850,714,5,7.4471861231509155
891,579,925,1,9.096756146766438
891,1187,925,1,7.6790367656671
891,1232,1412,5,8.805321213797965
891,1140,850,2,13.036256596755637
891,702,1399,1,19.741079331307574
891,1213,873,1,9.674072372960078
891,873,172,2,21.67040367014321
892,925,1011,3,2.223898532891128
892,873,1004,3,3.839767699909918
892,525,783,4,6.671695598673383
892,1058,1105,1,3.961184888937906
892,1011,1004,2,6.654407802707156
892,1399,834,1,15.539391645120883
892,1187,834,1,12.342244898446324
892,1213,702,1,14.16486062369625
893,925,1011,1,2.223898532891128
893,1011,1105,2,7.92275625179966
893,1399,834,1,15.539391645120883
893,1187,834,1,12.342244898446324
893,1412,1232,5,8.805321213797965
893,1004,402,2,15.567289730238285
893,714,464,3,10.122771228736514
894,1187,1058,3,3.335847799336888
894,1399,925,2,12.268300526223484
894,1011,973,4,4.881725510082577
894,783,714,2,16.323166899192785
894,714,783,1,16.323166899192785
894,1232,967,5,9.421989977231084
894,1004,925,2,7.016854369636376
894,402,579,1,6.514036981260467
894,850,967,1,11.888191513854997
894,850,579,1,14.052136310094992
895,925,973,2,4.882215518422521
895,1058,925,3,5.058513634802797
895,702,925,1,9.423506251261468
895,973,1067,1,7.92352939429049
895,783,928,2,15.577087902404868
895,834,579,4,7.256503514219511
895,714,973,2,6.739138237494938
895,1105,794,1,12.287533860803824
895,1004,928,1,9.763940751913996
896,967,925,5,1.4630157462730349
896,579,794,5,5.55974633222762
896,925,1058,6,5.058513634802797
896,928,1187,1,6.739067249150369
896,973,794,5,8.005758424200978
896,794,702,1,6.125367854472763
896,714,928,2,5.640508575131163
896,464,967,1,18.19332331835528
897,967,1011,1,1.4629503400136323
897,925,850,1,10.694040075602611
897,973,834,1,10.076973504527178
897,794,967,4,4.548315025166438
897,579,925,1,9.096756146766438
897,783,579,1,11.850386463154225
897,1105,794,2,12.287533860803824
897,402,834,1,11.281169605088646
897,464,402,2,18.121881809636708
898,928,794,4,5.8083597500151045
898,834,973,1,10.076973504527178
898,1058,850,6,8.672138339743874
898,925,1105,3,8.810192302561815
898,973,579,1,12.02013346271456
898,794,1004,1,7.315405465360834
898,794,402,1,11.081008814008824
898,1011,579,1,11.281034038678854
898,1067,1058,1,8.554760866502043
899,402,783,2,11.521692668209962
899,1105,973,3,4.388654712140797
899,794,1058,8,8.77829027244345
899,579,1011,1,11.281034038678854
899,702,873,1,4.548357078342699
899,967,1105,3,9.182568470632535
899,925,1412,1,18.07211283325024
900,925,967,1,1.4630157462730349
900,834,783,1,7.689481736045675
900,967,1011,2,1.4629503400136323
900,850,973,7,6.608947508553885
900,794,928,2,5.8083597500151045
900,579,794,2,5.55974633222762
900,1004,834,1,4.837273690103386
900,1105,1187,1,4.4040530489389695
900,1187,850,1,11.109127914371388
901,1058,1011,8,3.961571514117998
901,973,783,1,17.685208029543023
901,1105,928,2,6.509632645551289
901,967,873,1,7.925075031537542
901,402,834,1,11.281169605088646
901,850,856,1,5.706192977163574
902,928,967,2,3.962344440629368
902,834,925,1,5.249047199856985
902,1011,1105,10,7.92275625179966
902,794,973,2,8.005758424200978
902,783,1004,3,7.966246489389644
902,973,714,10,6.739138237494938
902,873,579,1,10.243397261423542
902,1058,714,1,8.895594131564904
902,1412,1067,1,8.946191032118977
902,1187,1399,1,6.247627185540738
903,925,967,1,1.4630157462730349
903,967,1011,2,1.4629503400136323
903,873,834,1,3.963116935247085
903,1004,967,3,5.811450880513226
903,714,928,6,5.640508575131163
903,579,714,1,6.612071581984758
903,1105,925,3,8.810192302561815
904,834,783,2,7.689481736045675
904,928,973,6,2.202808837490146
904,925,928,2,2.8524929798341074
904,967,973,1,5.7043821114062
904,973,834,2,10.076973504527178
904,1011,850,1,11.365584452473476
904,1105,967,5,9.182568470632535
904,714,967,1,8.192867163522228
904,856,714,1,12.80743720302119
905,967,928,3,3.962344440629368
905,1399,1232,1,6.507057624431
905,973,1011,2,4.881725510082577
905,714,783,3,16.323166899192785
905,783,1004,2,7.966246489389644
905,1011,702,1,10.884143023519666
905,1105,967,2,9.182568470632535
905,1067,873,1,21.383746569034415
905,1011,1399,1,10.052549905308156
906,925,1011,1,2.223898532891128
906,834,925,2,5.249047199856985
906,850,973,1,6.608947508553885
906,967,794,8,4.548315025166438
906,928,794,4,5.8083597500151045
906,973,1058,5,2.41855773034487
906,714,1011,3,8.663428210145675
906,1004,794,1,7.315405465360834
907,794,925,7,3.8399670029013246
907,928,1011,3,3.6167275925925466
907,1011,783,2,13.554200769268274
907,783,794,1,10.46245949147104
907,1232,1004,1,13.548232944538976
908,873,834,1,3.963116935247085
908,794,834,7,3.0622624863494035
908,925,1004,2,7.016854369636376
908,973,1232,1,6.739053043647001
908,1011,1004,7,6.654407802707156
908,783,1004,3,7.966246489389644
908,1058,794,5,8.77829027244345
908,702,714,1,11.41600413764035
908,1004,579,1,12.093776951796409
909,925,1011,7,2.223898532891128
909,1399,1140,1,6.738996195578808
909,783,834,2,7.689481736045675
909,1004,925,5,7.016854369636376
910,925,1011,1,2.223898532891128
910,834,925,8,5.249047199856985
910,1140,1187,1,3.960411314814771
910,1004,873,2,3.839767699909918
910,794,1140,5,9.096545861200513
910,1004,794,3,7.315405465360834
910,1232,850,1,11.078851145692578
910,1011,873,2,9.1842566129722
910,1004,1140,1,7.442778444077659
910,579,525,1,10.527425779295132
911,925,1011,12,2.223898532891128
911,1011,1232,5,7.964083694664586
911,834,1004,2,4.837273690103386
911,714,850,1,7.4471861231509155
911,1187,967,1,7.314097191827283
911,1004,973,1,11.462222395062687
912,873,834,4,3.963116935247085
912,794,579,1,5.55974633222762
912,850,464,2,10.052673626423328
912,1011,714,4,8.663428210145675
912,1140,1004,6,7.442778444077659
912,1004,1232,1,13.548232944538976
912,525,702,1,6.512937082064592
913,834,794,3,3.0622624863494035
913,1011,1105,9,7.92275625179966
913,1004,1011,2,6.654407802707156
913,794,967,2,4.548315025166438
914,794,925,2,3.8399670029013246
914,967,973,3,5.7043821114062
914,1004,925,4,7.016854369636376
914,1232,794,6,13.471439449058977
915,834,783,1,7.689481736045675
915,973,783,1,17.685208029543023
915,925,794,2,3.8399670029013246
915,714,783,1,16.323166899192785
915,794,967,5,4.548315025166438
915,1105,1058,7,3.961184888937906
915,702,402,1,7.84160901068824
915,464,850,2,10.052673626423328
915,579,1105,1,16.385732596177622
915,1105,1399,1,10.237902514270164
915,1004,1232,2,13.548232944538976
916,1058,1187,7,3.335847799336888
916,1011,1412,2,16.64651643490022
916,973,1140,3,6.509265047797015
916,1105,1140,1,7.683904782943718
916,714,579,2,6.612071581984758
916,714,1004,1,13.03892031990063
917,925,973,4,4.882215518422521
917,967,1140,5,4.548230871686798
917,783,702,3,5.250413373789177
917,1187,1105,3,4.4040530489389695
917,1140,794,1,9.096545861200513
917,579,967,2,10.052645101539124
917,794,402,2,11.081008814008824
918,967,925,2,1.4630157462730349
918,973,925,2,4.882215518422521
918,794,973,1,8.005758424200978
918,1399,1004,1,12.567113648389872
918,850,1067,2,5.87594370452583
918,1187,925,3,7.6790367656671
918,1232,1412,2,8.805321213797965
918,1140,794,3,9.096545861200513
918,702,525,2,6.512937082064592
918,402,973,1,18.419980035084063
918,1004,402,1,15.567289730238285
919,702,783,1,5.250413373789177
919,925,973,3,4.882215518422521
919,1140,925,5,5.559746332228015
919,402,783,1,11.521692668209962
919,1187,928,1,6.739067249150369
919,1105,850,4,7.255791794533394
919,1067,850,2,5.87594370452583
919,1412,973,2,14.027846499005278
919,794,1004,2,7.315405465360834
919,973,402,1,18.419980035084063
920,925,928,9,2.8524929798341074
920,850,973,2,6.608947508553885
920,525,783,2,6.671695598673383
920,973,1067,3,7.92352939429049
920,794,1058,3,8.77829027244345
920,1004,928,1,9.763940751913996
920,1412,1399,1,12.346391070120744
921,973,928,4,2.202808837490146
921,402,928,1,16.388066195777938
921,850,1232,1,11.078851145692578
921,928,1213,1,17.083849184069507
921,1067,1412,1,8.946191032118977
922,928,967,15,3.962344440629368
922,1399,1187,1,6.247627185540738
922,1058,1105,3,3.961184888937906
922,783,1004,4,7.966246489389644
922,402,794,2,11.081008814008824
922,973,1140,3,6.509265047797015
922,1067,925,1,12.80112469343922
922,1004,1187,1,11.361508124700526
922,1412,714,1,20.171187128798408
923,967,925,3,1.4630157462730349
923,1004,967,3,5.811450880513226
923,794,967,1,4.548315025166438
923,967,873,2,7.925075031537542
923,850,834,3,15.216513464969486
923,1105,973,3,4.388654712140797
923,1187,928,1,6.739067249150369
923,1067,850,1,5.87594370452583
923,1478,783,1,18.994191672564124
924,967,1011,14,1.4629503400136323
924,973,928,1,2.202808837490146
924,925,928,4,2.8524929798341074
924,1004,834,2,4.837273690103386
924,1232,1140,1,6.119741485129188
924,1187,1105,1,4.4040530489389695
924,783,200,1,23.862165274375425
924,1140,1478,2,10.56486642729493
924,714,1004,1,13.03892031990063
925,928,973,5,2.202808837490146
925,794,834,1,3.0622624863494035
925,1011,783,1,13.554200769268274
925,834,579,3,7.256503514219511
925,1412,1140,1,14.879879730628884
925,1140,1067,1,12.55411324365653
925,1213,928,1,17.083849184069507
925,1478,783,1,18.994191672564124
926,928,973,2,2.202808837490146
926,1011,925,13,2.223898532891128
926,850,783,1,22.85304209922013
926,873,1478,1,15.82614542888024
926,834,973,2,10.076973504527178
926,1004,925,1,7.016854369636376
926,783,464,1,25.397194471986413
926,1140,1067,2,12.55411324365653
926,973,856,2,11.88819151385629
926,172,850,1,35.56283988223624
926,200,579,1,12.57636232869906
927,925,973,13,4.882215518422521
927,973,928,9,2.202808837490146
927,850,925,1,10.694040075602611
927,1105,925,1,8.810192302561815
927,464,850,1,10.052673626423328
927,1067,1412,1,8.946191032118977
927,579,1232,1,18.33205273511288
927,834,1399,1,15.539391645120883
927,873,172,1,21.67040367014321
928,925,967,3,1.4630157462730349
928,973,925,11,4.882215518422521
928,928,1140,5,6.2484548670441855
928,579,928,3,10.087254514060623
928,783,967,1,12.247362390603268
928,850,1140,1,13.036256596755637
928,1067,850,2,5.87594370452583
928,1232,702,1,18.84696316793992
928,856,850,2,5.706192977163574
929,928,925,7,2.8524929798341074
929,967,1011,2,1.4629503400136323
929,973,1105,2,4.388654712140797
929,850,1067,1,5.87594370452583
929,1140,1105,2,7.683904782943718
929,702,1187,1,16.72667802016658
929,1478,783,1,18.994191672564124
930,967,925,2,1.4630157462730349
930,925,794,18,3.8399670029013246
930,1399,1187,1,6.247627185540738
930,783,834,2,7.689481736045675
930,1105,794,1,12.287533860803824
930,1011,856,1,16.764898582516587
930,1187,850,1,11.109127914371388
931,925,1011,2,2.223898532891128
931,794,1058,5,8.77829027244345
931,1011,702,1,10.884143023519666
931,1187,925,1,7.6790367656671
931,834,1232,2,14.473652063742133
931,1140,1412,2,14.879879730628884
931,856,1058,1,13.553007848447455
931,1140,850,1,13.036256596755637
932,850,973,4,6.608947508553885
932,1058,1187,2,3.335847799336888
932,794,702,6,6.125367854472763
932,1105,973,3,4.388654712140797
932,1412,1140,1,14.879879730628884
932,1140,1105,1,7.683904782943718
932,794,714,8,6.125367854472763
932,1232,850,1,11.078851145692578
933,1187,973,1,5.6404067966465385
933,973,1011,7,4.881725510082577
933,702,579,1,6.612071581984758
933,1140,1067,1,12.55411324365653
933,1011,856,2,16.764898582516587
933,850,873,1,19.05211151685567
933,702,1004,1,7.841523685223605
934,925,1011,1,2.223898532891128
934,1011,1004,6,6.654407802707156
934,702,1011,5,10.884143023519666
934,1067,464,1,15.596324992464188
934,873,973,1,13.496121499721363
934,1058,850,2,8.672138339743874
934,1105,794,1,12.287533860803824
935,1232,1187,1,2.2017655762295663
935,1058,1105,2,3.961184888937906
935,973,850,2,6.608947508553885
935,1004,834,5,4.837273690103386
935,1011,834,2,6.510367578384317
935,714,783,6,16.323166899192785
935,850,1058,1,8.672138339743874
935,1412,925,2,18.07211283325024
935,856,1067,1,6.736061142864135
935,794,1058,1,8.77829027244345
936,925,1011,2,2.223898532891128
936,579,834,1,7.256503514219511
936,1004,834,2,4.837273690103386
936,1105,928,1,6.509632645551289
936,1058,834,1,10.204580442928409
936,850,1105,4,7.255791794533394
936,1067,1232,1,8.002242999882604
936,714,1140,2,11.751952287542252
936,1187,856,2,15.226827950407046
936,856,1067,1,6.736061142864135
937,928,925,1,2.8524929798341074
937,834,873,11,3.963116935247085
937,1140,1058,2,4.404400893299181
937,1011,973,5,4.881725510082577
937,464,1067,1,15.596324992464188
937,1105,1399,1,10.237902514270164
938,973,925,5,4.882215518422521
938,1058,928,3,3.468670210314232
938,1232,973,1,6.739053043647001
938,873,1011,2,9.1842566129722
938,1105,1399,3,10.237902514270164
939,783,714,6,16.323166899192785
939,925,1058,6,5.058513634802797
939,873,794,2,7.018858162934119
939,1011,1105,2,7.92275625179966
939,928,579,1,10.087254514060623
939,1399,834,1,15.539391645120883
939,973,1105,1,4.388654712140797
939,1067,1232,2,8.002242999882604
939,1105,925,1,8.810192302561815
939,873,579,3,10.243397261423542
939,856,1011,1,16.764898582516587
939,856,928,1,13.497510700081442
940,925,1011,1,2.223898532891128
940,928,925,3,2.8524929798341074
940,873,1004,1,3.839767699909918
940,1058,1140,1,4.404400893299181
940,1232,1067,1,8.002242999882604
940,1105,1140,1,7.683904782943718
940,873,1213,2,9.674072372960078
940,794,1058,1,8.77829027244345
940,1067,464,1,15.596324992464188
940,1478,1011,1,13.494566217296024
940,200,1187,1,25.64551822575813
941,925,1011,2,2.223898532891128
941,1011,967,5,1.4629503400136323
941,1058,1011,5,3.961571514117998
941,1140,925,1,5.559746332228015
941,1232,928,1,8.28950012214804
941,1399,1004,3,12.567113648389872
941,714,834,4,9.18763012440511
941,873,1232,1,16.80536252295166
941,1187,1399,1,6.247627185540738
941,1105,714,2,10.705966675098557
941,1004,1187,1,11.361508124700526
941,714,1140,2,11.751952287542252
942,925,967,1,1.4630157462730349
942,1011,967,7,1.4629503400136323
942,1213,783,1,11.11949266445603
942,1232,1105,1,3.8392690799482057
942,928,1011,1,3.6167275925925466
942,1004,834,1,4.837273690103386
942,967,1232,3,9.421989977231084
942,579,925,3,9.096756146766438
942,794,1140,1,9.096545861200513
942,834,402,1,11.281169605088646
942,1399,1105,1,10.237902514270164
942,1213,1140,1,12.551534849108323
942,1067,714,1,12.344128539882757
943,967,925,10,1.4630157462730349
943,1058,973,1,2.41855773034487
943,1187,973,1,5.6404067966465385
943,579,928,1,10.087254514060623
943,1011,1232,1,7.964083694664586
943,1105,1187,1,4.4040530489389695
943,1232,873,1,16.80536252295166
943,1140,794,2,9.096545861200513
943,464,1004,1,23.143896175717853
943,1004,794,2,7.315405465360834
944,1187,1232,1,2.2017655762295663
944,834,925,5,5.249047199856985
944,873,1004,1,3.839767699909918
944,1232,1140,1,6.119741485129188
944,925,1067,5,12.80112469343922
944,1140,834,2,9.120303414799448
944,714,834,2,9.18763012440511
945,928,783,1,15.577087902404868
945,925,850,5,10.694040075602611
945,1140,973,1,6.509265047797015
945,714,928,1,5.640508575131163
945,973,1140,2,6.509265047797015
945,1232,873,2,16.80536252295166
945,1004,928,1,9.763940751913996
945,794,850,1,12.413971394684204
945,1105,967,1,9.182568470632535
945,200,464,1,8.783774420135625
946,925,1004,9,7.016854369636376
946,783,1187,1,19.009124176326512
946,834,1058,4,10.204580442928409
946,402,925,1,14.913154476154167
946,1067,1187,1,9.180879404297018
946,928,172,1,30.387381465680807
946,794,850,3,12.413971394684204
946,873,1140,1,10.849467604025635
946,464,834,1,19.020751367868925
946,1004,1232,1,13.548232944538976
947,925,973,1,4.882215518422521
947,1187,1232,1,2.2017655762295663
947,1140,1232,4,6.119741485129188
947,873,794,1,7.018858162934119
947,834,973,1,10.076973504527178
947,1067,973,4,7.92352939429049
947,850,1187,1,11.109127914371388
947,1058,1140,1,4.404400893299181
947,973,702,1,14.048686290771036
947,1232,1213,1,18.052391004569408
947,1004,928,5,9.763940751913996
947,1004,1140,1,7.442778444077659
947,1004,702,1,7.841523685223605
948,928,967,1,3.962344440629368
948,1187,1011,1,5.851146926487822
948,783,834,1,7.689481736045675
948,1232,967,3,9.421989977231084
948,850,834,5,15.216513464969486
948,973,1412,1,14.027846499005278
948,1058,1399,1,9.34110519027368
948,967,873,1,7.925075031537542
949,928,1011,5,3.6167275925925466
949,834,579,1,7.256503514219511
949,973,1140,5,6.509265047797015
949,702,579,2,6.612071581984758
949,1232,1412,3,8.805321213797965
949,1412,1140,1,14.879879730628884
949,967,702,1,9.424975322198348
949,850,702,1,18.37776366407494
949,1004,928,2,9.763940751913996
950,967,925,3,1.4630157462730349
950,1140,783,3,15.22789003823726
950,1058,925,2,5.058513634802797
950,1213,783,1,11.11949266445603
950,834,702,5,4.389831624444016
950,928,579,1,10.087254514060623
950,702,967,1,9.424975322198348
950,850,1058,1,8.672138339743874
950,1187,834,1,12.342244898446324
950,850,967,1,11.888191513854997
950,873,1140,1,10.849467604025635
950,794,1232,1,13.471439449058977
950,1478,783,7,18.994191672564124
951,925,702,3,9.423506251261468
951,1058,1105,1,3.961184888937906
951,1011,1140,6,3.335847799336888
951,579,794,3,5.55974633222762
951,783,714,8,16.323166899192785
951,967,1004,1,5.811450880513226
951,1140,973,6,6.509265047797015
951,702,873,1,4.548357078342699
951,1399,1478,1,7.009492875361758
952,925,783,2,12.804913262721543
952,702,783,7,5.250413373789177
952,1140,1011,5,3.335847799336888
952,928,1058,1,3.468670210314232
952,783,525,3,6.671695598673383
952,967,834,1,5.059118864445973
952,714,925,7,6.736742718055863
952,1105,850,1,7.255791794533394
953,1004,783,1,7.966246489389644
953,925,1140,7,5.559746332228015
953,525,783,1,6.671695598673383
953,1011,1105,1,7.92275625179966
953,834,1004,1,4.837273690103386
953,1140,1105,1,7.683904782943718
953,1412,925,2,18.07211283325024
953,973,873,5,13.496121499721363
953,794,402,1,11.081008814008824
953,1058,702,1,14.468812957232682
954,1140,1011,7,3.335847799336888
954,525,783,1,6.671695598673383
954,873,928,1,11.464626189279452
954,1011,794,4,5.876008831303484
954,783,525,9,6.671695598673383
954,1004,834,1,4.837273690103386
954,579,973,1,12.02013346271456
954,702,1011,1,10.884143023519666
954,1232,850,1,11.078851145692578
954,794,402,2,11.081008814008824
954,973,1399,1,11.751170313633397
955,928,794,1,5.8083597500151045
955,1105,1232,2,3.8392690799482057
955,525,783,1,6.671695598673383
955,834,850,1,15.216513464969486
955,925,402,1,14.913154476154167
955,1011,1412,7,16.64651643490022
955,850,1232,1,11.078851145692578
955,714,1105,1,10.705966675098557
955,1412,1232,1,8.805321213797965
955,172,1478,6,36.66509545332768
956,925,834,1,5.249047199856985
956,850,973,1,6.608947508553885
956,525,783,8,6.671695598673383
956,794,873,4,7.018858162934119
956,702,794,1,6.125367854472763
956,1105,973,1,4.388654712140797
956,1011,702,1,10.884143023519666
956,783,1213,2,11.11949266445603
956,1412,783,7,30.014252482424304
956,1232,834,1,14.473652063742133
956,873,402,1,12.378588757843175
956,873,579,4,10.243397261423542
956,973,1399,1,11.751170313633397
957,873,1004,3,3.839767699909918
957,1399,1140,1,6.738996195578808
957,973,834,1,10.076973504527178
957,783,702,7,5.250413373789177
957,402,579,1,6.514036981260467
957,1232,714,2,13.478191227023236
957,834,464,1,19.020751367868925
957,402,1004,1,15.567289730238285
957,834,1213,1,12.569063966979074
957,402,714,1,13.045127894056412
957,1213,1004,1,7.964083694664586
958,794,925,1,3.8399670029013246
958,1232,925,1,9.649241749541863
958,1140,928,1,6.2484548670441855
958,1004,873,2,3.839767699909918
958,783,1004,10,7.966246489389644
958,973,967,1,5.7043821114062
958,1399,1004,1,12.567113648389872
958,579,1058,1,13.4971193863272
958,702,579,3,6.612071581984758
958,834,1232,1,14.473652063742133
958,402,525,2,6.614151574587493
958,794,1105,1,12.287533860803824
958,525,973,1,20.41598808925938
958,1478,702,9,20.105147324397244
959,1213,783,1,11.11949266445603
959,525,783,1,6.671695598673383
959,925,873,1,8.629868015705554
959,1004,834,3,4.837273690103386
959,714,973,3,6.739138237494938
959,850,1187,1,11.109127914371388
959,702,794,13,6.125367854472763
959,579,873,4,10.243397261423542
959,873,1011,1,9.1842566129722
960,967,925,1,1.4630157462730349
960,873,834,6,3.963116935247085
960,1213,783,1,11.11949266445603
960,925,928,1,2.8524929798341074
960,1105,1011,1,7.92275625179966
960,525,783,1,6.671695598673383
960,973,850,2,6.608947508553885
960,1004,834,10,4.837273690103386
960,834,579,1,7.256503514219511
960,579,714,3,6.612071581984758
960,794,1187,9,11.519003477970214
960,464,928,1,14.930631823982267
961,702,783,1,5.250413373789177
961,1187,1058,9,3.335847799336888
961,928,783,1,15.577087902404868
961,834,794,17,3.0622624863494035
961,1011,794,1,5.876008831303484
961,783,1004,2,7.966246489389644
961,794,702,4,6.125367854472763
961,973,1187,2,5.6404067966465385
961,1058,714,1,8.895594131564904
961,1232,794,1,13.471439449058977
961,1187,1004,1,11.361508124700526
961,1004,928,1,9.763940751913996
962,928,925,3,2.8524929798341074
962,850,973,2,6.608947508553885
962,834,928,2,7.925847526229188
962,783,967,2,12.247362390603268
962,1004,967,1,5.811450880513226
962,1058,834,9,10.204580442928409
962,794,967,5,4.548315025166438
962,714,1011,3,8.663428210145675
962,579,402,1,6.514036981260467
962,925,856,1,16.318086894445933
963,925,1004,1,7.016854369636376
963,783,525,2,6.671695598673383
963,834,1058,9,10.204580442928409
963,714,973,1,6.739138237494938
963,1011,714,1,8.663428210145675
963,794,702,14,6.125367854472763
963,1187,928,2,6.739067249150369
963,702,525,3,6.512937082064592
963,873,850,1,19.05211151685567
964,1004,783,1,7.966246489389644
964,1058,925,3,5.058513634802797
964,925,850,1,10.694040075602611
964,525,783,1,6.671695598673383
964,1011,1004,3,6.654407802707156
964,967,1232,5,9.421989977231084
964,702,967,1,9.424975322198348
964,973,1105,3,4.388654712140797
964,1058,1004,6,10.515329624384115
964,402,714,1,13.045127894056412
964,1004,1213,1,7.964083694664586
965,925,1140,4,5.559746332228015
965,525,783,3,6.671695598673383
965,1004,834,7,4.837273690103386
965,783,1004,1,7.966246489389644
965,967,1004,2,5.811450880513226
965,850,794,1,12.413971394684204
965,702,579,8,6.612071581984758
965,714,850,1,7.4471861231509155
965,856,925,1,16.318086894445933
965,525,873,1,9.675337903778155
966,1004,783,1,7.966246489389644
966,1213,783,1,11.11949266445603
966,1105,1232,3,3.8392690799482057
966,1140,928,4,6.2484548670441855
966,834,579,7,7.256503514219511
966,783,1213,1,11.11949266445603
966,928,1004,4,9.763940751913996
966,702,873,6,4.548357078342699
966,714,925,1,6.736742718055863
966,967,1412,1,18.077677705068957
966,850,856,2,5.706192977163574
967,925,794,1,3.8399670029013246
967,873,702,7,4.548357078342699
967,928,1478,3,16.795429231201826
967,1004,834,6,4.837273690103386
967,579,973,6,12.02013346271456
967,783,1213,1,11.11949266445603
967,794,1004,1,7.315405465360834
967,1232,1213,1,18.052391004569408
967,967,714,1,8.192867163522228
968,928,925,1,2.8524929798341074
968,1004,783,1,7.966246489389644
968,834,794,6,3.0622624863494035
968,925,1004,1,7.016854369636376
968,783,579,2,11.850386463154225
968,1232,873,3,16.80536252295166
968,714,1058,1,8.895594131564904
968,1232,464,1,20.81259910432051
968,1004,1105,2,14.430329325731782
969,1213,783,1,11.11949266445603
969,1004,873,1,3.839767699909918
969,702,967,7,9.424975322198348
969,579,1058,9,13.4971193863272
969,1232,1399,1,6.507057624431
969,1412,1058,1,13.015586494460262
969,794,850,1,12.413971394684204
969,1232,856,1,14.473652063742133
969,856,1067,1,6.736061142864135
969,856,464,1,11.080793243354975
970,967,925,6,1.4630157462730349
970,1213,783,2,11.11949266445603
970,1399,1058,1,9.34110519027368
970,579,834,2,7.256503514219511
970,873,794,3,7.018858162934119
970,1105,973,2,4.388654712140797
970,1058,1140,10,4.404400893299181
970,1232,714,1,13.478191227023236
970,1067,1187,1,9.180879404297018
970,973,1004,1,11.462222395062687
970,794,1067,2,15.745772705396131
970,794,402,4,11.081008814008824
970,1478,783,1,18.994191672564124
970,200,1011,1,21.884928176481388
971,1058,1187,2,3.335847799336888
971,783,402,4,11.521692668209962
971,925,1187,1,7.6790367656671
971,714,850,1,7.4471861231509155
971,973,873,5,13.496121499721363
971,464,579,1,13.736208219113248
971,1011,172,1,29.7425499982868
971,1004,1187,1,11.361508124700526
972,1140,925,6,5.559746332228015
972,873,928,1,11.464626189279452
972,783,1140,1,15.22789003823726
972,973,967,2,5.7043821114062
972,402,794,1,11.081008814008824
972,1187,925,2,7.6790367656671
972,402,834,4,11.281169605088646
973,928,967,1,3.962344440629368
973,1140,1058,4,4.404400893299181
973,925,702,6,9.423506251261468
973,783,525,2,6.671695598673383
973,794,873,4,7.018858162934119
973,834,579,3,7.256503514219511
973,402,794,3,11.081008814008824
973,967,1187,1,7.314097191827283
973,1004,925,1,7.016854369636376
973,873,1011,5,9.1842566129722
973,1067,1187,2,9.180879404297018
973,464,1067,1,15.596324992464188
973,850,402,1,20.42053788159492
973,1187,1067,2,9.180879404297018
973,856,850,1,5.706192977163574
974,834,783,1,7.689481736045675
974,925,973,9,4.882215518422521
974,1187,1058,4,3.335847799336888
974,967,783,1,12.247362390603268
974,873,1004,1,3.839767699909918
974,1058,1187,4,3.335847799336888
974,525,783,1,6.671695598673383
974,579,928,2,10.087254514060623
974,1011,1187,5,5.851146926487822
974,794,702,1,6.125367854472763
974,850,1187,2,11.109127914371388
974,702,873,6,4.548357078342699
974,172,850,1,35.56283988223624
975,873,1478,3,15.82614542888024
975,973,850,7,6.608947508553885
975,794,579,2,5.55974633222762
975,1140,1399,1,6.738996195578808
975,850,1058,1,8.672138339743874
975,967,1105,2,9.182568470632535
975,1187,834,2,12.342244898446324
975,1067,1140,1,12.55411324365653
975,579,967,1,10.052645101539124
975,1004,1067,1,19.04407463197984
975,172,783,1,17.768672451070774
976,579,783,1,11.850386463154225
976,1187,1011,7,5.851146926487822
976,1058,783,3,17.486864213198086
976,783,834,3,7.689481736045675
976,834,1105,2,14.045233535461502
976,1105,1187,1,4.4040530489389695
976,973,1412,1,14.027846499005278
976,967,873,1,7.925075031537542
976,1067,1058,1,8.554760866502043
976,1067,1011,2,12.40745751794731
976,525,1011,1,17.39283322509588
976,1478,1187,1,12.280518083533188
977,1011,967,2,1.4629503400136323
977,834,702,3,4.389831624444016
977,873,928,6,11.464626189279452
977,1399,973,1,11.751170313633397
977,783,1140,1,15.22789003823726
977,850,1105,7,7.255791794533394
977,928,402,1,16.388066195777938
977,1187,967,2,7.314097191827283
977,1058,702,2,14.468812957232682
977,1058,873,1,13.135447383238883
977,579,873,2,10.243397261423542
977,1187,850,1,11.109127914371388
977,973,856,1,11.88819151385629
978,702,783,3,5.250413373789177
978,834,794,1,3.0622624863494035
978,967,794,4,4.548315025166438
978,1011,1105,8,7.92275625179966
978,1105,1187,3,4.4040530489389695
978,928,1399,1,12.37821780679595
978,1140,402,1,20.041488041275294
978,1140,1004,1,7.442778444077659
978,402,967,1,15.541607685822626
979,794,834,5,3.0622624863494035
979,967,794,1,4.548315025166438
979,783,1232,2,21.210313956402903
979,850,794,1,12.413971394684204
979,973,967,1,5.7043821114062
979,1105,973,11,4.388654712140797
979,928,1067,6,10.07507435147502
979,1412,1140,1,14.879879730628884
979,873,1011,1,9.1842566129722
979,1187,794,1,11.519003477970214
980,873,834,3,3.963116935247085
980,1011,928,1,3.6167275925925466
980,1399,928,1,12.37821780679595
980,1004,873,1,3.839767699909918
980,834,1004,3,4.837273690103386
980,702,794,3,6.125367854472763
980,973,1105,7,4.388654712140797
980,1187,834,3,12.342244898446324
980,1232,834,1,14.473652063742133
980,402,834,1,11.281169605088646
980,856,794,1,18.10474316960466
980,1105,850,1,7.255791794533394
981,967,1011,1,1.4629503400136323
981,834,928,7,7.925847526229188
981,783,402,5,11.521692668209962
981,873,794,1,7.018858162934119
981,1004,925,2,7.016854369636376
981,794,1140,5,9.096545861200513
981,402,579,1,6.514036981260467
981,973,1187,4,5.6404067966465385
981,1105,925,3,8.810192302561815
982,925,1011,5,2.223898532891128
982,1232,1105,1,3.8392690799482057
982,834,928,2,7.925847526229188
982,850,464,1,10.052673626423328
982,794,967,3,4.548315025166438
982,402,794,3,11.081008814008824
982,928,1004,2,9.763940751913996
982,1140,714,1,11.751952287542252
982,1067,850,4,5.87594370452583
982,1105,1140,2,7.683904782943718
982,1067,1140,1,12.55411324365653
982,1067,794,1,15.745772705396131
983,967,925,1,1.4630157462730349
983,1187,1232,4,2.2017655762295663
983,834,925,2,5.249047199856985
983,928,794,7,5.8083597500151045
983,1105,1011,6,7.92275625179966
983,1011,1004,3,6.654407802707156
983,794,702,3,6.125367854472763
983,1140,714,2,11.751952287542252
983,579,1105,1,16.385732596177622
983,1004,973,1,11.462222395062687
983,402,850,1,20.42053788159492
983,1478,783,1,18.994191672564124
984,967,1058,2,5.247679923034634
984,783,973,1,17.685208029543023
984,794,967,5,4.548315025166438
984,1004,925,4,7.016854369636376
984,1140,834,2,9.120303414799448
984,1140,1067,1,12.55411324365653
984,1011,1399,2,10.052549905308156
984,1011,873,1,9.1842566129722
985,928,925,2,2.8524929798341074
985,1140,1187,3,3.960411314814771
985,925,1058,6,5.058513634802797
985,850,1187,4,11.109127914371388
985,714,1011,2,8.663428210145675
985,794,1058,3,8.77829027244345
985,973,1213,1,18.36260104007094
985,402,973,1,18.419980035084063
985,1232,714,4,13.478191227023236
986,1187,1232,6,2.2017655762295663
986,973,928,2,2.202808837490146
986,925,1140,3,5.559746332228015
986,1399,1058,2,9.34110519027368
986,967,1232,2,9.421989977231084
986,1004,925,1,7.016854369636376
986,1011,714,6,8.663428210145675
986,702,873,3,4.548357078342699
986,1058,1140,7,4.404400893299181
986,464,714,1,10.122771228736514
986,850,856,1,5.706192977163574
986,714,1140,1,11.751952287542252
986,873,525,1,9.675337903778155
986,1213,702,1,14.16486062369625
987,925,1140,1,5.559746332228015
987,702,834,1,4.389831624444016
987,1058,1105,4,3.961184888937906
987,1140,1232,7,6.119741485129188
987,834,579,2,7.256503514219511
987,714,928,11,5.640508575131163
987,928,1067,1,10.07507435147502
987,1105,1187,1,4.4040530489389695
987,1232,1067,6,8.002242999882604
987,967,702,3,9.424975322198348
987,1187,856,1,15.226827950407046
987,1011,873,1,9.1842566129722
988,928,925,10,2.8524929798341074
988,1232,1187,1,2.2017655762295663
988,1140,925,4,5.559746332228015
988,525,783,1,6.671695598673383
988,1058,1232,2,4.83687793721146
988,834,973,1,10.076973504527178
988,873,1011,3,9.1842566129722
988,1187,714,1,12.231441930901791
988,1011,873,1,9.1842566129722
989,928,794,2,5.8083597500151045
989,702,834,3,4.389831624444016
989,973,1105,1,4.388654712140797
989,1187,928,1,6.739067249150369
989,1067,1232,3,8.002242999882604
989,579,702,2,6.612071581984758
989,1105,1187,4,4.4040530489389695
989,1232,1004,2,13.548232944538976
989,873,1011,1,9.1842566129722
989,856,794,1,18.10474316960466
990,928,925,1,2.8524929798341074
990,925,783,3,12.804913262721543
990,1232,1105,10,3.8392690799482057
990,1011,928,4,3.6167275925925466
990,1140,1105,1,7.683904782943718
990,1187,967,1,7.314097191827283
990,856,973,1,11.88819151385629
990,1067,1140,1,12.55411324365653
990,1067,1187,1,9.180879404297018
991,1140,1011,1,3.335847799336888
991,925,794,7,3.8399670029013246
991,1232,1058,1,4.83687793721146
991,783,702,1,5.250413373789177
991,834,1011,3,6.510367578384317
991,1105,928,9,6.509632645551289
991,714,973,1,6.739138237494938
991,1187,1105,4,4.4040530489389695
991,928,1232,3,8.28950012214804
991,794,1058,3,8.77829027244345
991,925,1399,2,12.268300526223484
991,925,525,2,15.90866891150228
991,702,525,1,6.512937082064592
991,1004,1140,1,7.442778444077659
991,873,1399,1,16.381643901185154
991,702,1187,1,16.72667802016658
991,1067,925,3,12.80112469343922
992,967,1011,1,1.4629503400136323
992,1232,1187,3,2.2017655762295663
992,794,925,5,3.8399670029013246
992,1105,1011,6,7.92275625179966
992,525,783,1,6.671695598673383
992,702,834,1,4.389831624444016
992,928,702,1,11.847457656626572
992,1004,873,1,3.839767699909918
992,973,967,2,5.7043821114062
992,925,200,1,19.74674473703068
993,928,973,6,2.202808837490146
993,1187,1058,1,3.335847799336888
993,925,834,8,5.249047199856985
993,794,834,2,3.0622624863494035
993,1011,928,7,3.6167275925925466
993,525,783,2,6.671695598673383
993,1399,973,2,11.751170313633397
993,1058,1105,4,3.961184888937906
993,873,794,1,7.018858162934119
993,1140,1105,1,7.683904782943718
994,973,925,6,4.882215518422521
994,928,702,6,11.847457656626572
994,783,702,4,5.250413373789177
994,1011,1105,3,7.92275625179966
994,1399,1004,1,12.567113648389872
994,1105,973,2,4.388654712140797
994,834,1478,2,16.706287412191738
994,967,1067,2,13.49334191116594
994,1187,1004,1,11.361508124700526
995,1058,973,1,2.41855773034487
995,794,925,1,3.8399670029013246
995,1011,928,1,3.6167275925925466
995,1105,1232,2,3.8392690799482057
995,928,1058,4,3.468670210314232
995,925,579,1,9.096756146766438
995,973,714,3,6.739138237494938
995,702,873,7,4.548357078342699
995,834,1140,9,9.120303414799448
995,1187,967,2,7.314097191827283
996,1058,973,4,2.41855773034487
996,925,928,6,2.8524929798341074
996,973,925,2,4.882215518422521
996,1140,1187,5,3.960411314814771
996,783,402,2,11.521692668209962
996,1105,928,5,6.509632645551289
996,967,1187,2,7.314097191827283
996,702,873,4,4.548357078342699
996,873,1213,1,9.674072372960078
996,1478,783,1,18.994191672564124
996,1004,928,1,9.763940751913996
997,1140,1011,4,3.335847799336888
997,1232,973,2,6.739053043647001
997,928,1478,1,16.795429231201826
997,1004,967,1,5.811450880513226
997,783,464,1,25.397194471986413
997,873,1232,3,16.80536252295166
997,1067,1412,2,8.946191032118977
997,714,967,1,8.192867163522228
998,1187,1011,7,5.851146926487822
998,925,1004,2,7.016854369636376
998,873,702,2,4.548357078342699
998,928,702,7,11.847457656626572
998,967,1004,1,5.811450880513226
998,973,1105,6,4.388654712140797
998,714,1187,2,12.231441930901791
998,873,973,2,13.496121499721363
998,1213,873,1,9.674072372960078
998,464,794,1,16.018534965863886
998,1478,1140,1,10.56486642729493
999,928,783,2,15.577087902404868
999,967,973,1,5.7043821114062
999,702,928,1,11.847457656626572
999,1011,1004,7,6.654407802707156
999,794,873,1,7.018858162934119
999,1004,967,2,5.811450880513226
999,873,1011,3,9.1842566129722
999,1140,794,1,9.096545861200513
999,579,1058,1,13.4971193863272
999,1105,850,1,7.255791794533394
1000,928,925,3,2.8524929798341074
1000,1004,783,1,7.966246489389644
1000,1058,1105,1,3.961184888937906
1000,1011,794,7,5.876008831303484
1000,794,579,1,5.55974633222762
1000,702,1011,8,10.884143023519666
1000,402,1140,1,20.041488041275294
1000,873,525,1,9.675337903778155
1000,402,850,1,20.42053788159492
1001,1004,783,6,7.966246489389644
1001,925,1478,3,15.538947915471203
1001,579,402,1,6.514036981260467
1001,973,1187,3,5.6404067966465385
1001,1412,973,2,14.027846499005278
1001,1187,967,2,7.314097191827283
1001,794,1004,1,7.315405465360834
1001,1232,714,2,13.478191227023236
1001,1004,1140,1,7.442778444077659
1001,525,579,1,10.527425779295132
1001,873,402,1,12.378588757843175
1002,973,928,2,2.202808837490146
1002,967,794,2,4.548315025166438
1002,1232,973,1,6.739053043647001
1002,850,925,2,10.694040075602611
1002,1105,973,2,4.388654712140797
1002,1187,1105,3,4.4040530489389695
1002,714,925,2,6.736742718055863
1002,1011,579,1,11.281034038678854
1002,1105,794,3,12.287533860803824
1002,402,834,1,11.281169605088646
1002,1105,1399,1,10.237902514270164
1002,928,856,1,13.497510700081442
1003,834,925,1,5.249047199856985
1003,967,579,2,10.052645101539124
1003,928,1140,2,6.2484548670441855
1003,973,1058,3,2.41855773034487
1003,1004,873,1,3.839767699909918
1003,783,1140,3,15.22789003823726
1003,794,702,9,6.125367854472763
1003,1011,702,7,10.884143023519666
1003,579,714,1,6.612071581984758
1004,925,1011,5,2.223898532891128
1004,1105,1011,3,7.92275625179966
1004,1140,928,3,6.2484548670441855
1004,783,1187,4,19.009124176326512
1004,794,967,2,4.548315025166438
1004,1058,850,3,8.672138339743874
1004,856,850,1,5.706192977163574
1005,928,925,2,2.8524929798341074
1005,850,1011,1,11.365584452473476
1005,1011,783,1,13.554200769268274
1005,1399,928,1,12.37821780679595
1005,579,928,1,10.087254514060623
1005,783,967,2,12.247362390603268
1005,702,794,10,6.125367854472763
1005,1140,794,3,9.096545861200513
1005,579,1004,1,12.093776951796409
1005,714,525,1,16.776431737541873
1005,402,973,1,18.419980035084063
1006,925,783,1,12.804913262721543
1006,967,1011,4,1.4629503400136323
1006,928,1011,3,3.6167275925925466
1006,579,834,1,7.256503514219511
1006,702,967,6,9.424975322198348
1006,794,702,10,6.125367854472763
1006,783,1213,1,11.11949266445603
1006,1140,1105,1,7.683904782943718
1006,873,973,1,13.496121499721363
1007,967,925,6,1.4630157462730349
1007,1011,928,8,3.6167275925925466
1007,925,850,1,10.694040075602611
1007,1004,967,1,5.811450880513226
1007,834,973,1,10.076973504527178
1007,850,714,3,7.4471861231509155
1007,1011,579,1,11.281034038678854
1007,794,714,3,6.125367854472763
1007,1187,1067,1,9.180879404297018
1007,1213,1140,1,12.551534849108323
1007,1187,850,2,11.109127914371388
1007,973,1004,1,11.462222395062687
1007,525,402,1,6.614151574587493
1008,928,925,8,2.8524929798341074
1008,1187,1011,1,5.851146926487822
1008,1011,1140,6,3.335847799336888
1008,702,402,4,7.84160901068824
1008,714,579,1,6.612071581984758
1008,714,1004,1,13.03892031990063
1009,925,973,6,4.882215518422521
1009,783,873,1,4.4064860569207775
1009,702,1011,4,10.884143023519666
1009,850,1105,3,7.255791794533394
1009,1011,1067,1,12.40745751794731
1009,714,1011,4,8.663428210145675
1009,973,464,1,14.912840443208973
1009,1140,714,2,11.751952287542252
1009,702,1213,1,14.16486062369625
1009,1105,702,1,18.21042691241635
1010,1105,1232,2,3.8392690799482057
1010,973,1232,7,6.739053043647001
1010,1004,1011,2,6.654407802707156
1010,714,973,1,6.739138237494938
1010,1011,714,1,8.663428210145675
1010,925,1067,4,12.80112469343922
1010,579,1067,1,18.79184718496452
1010,925,1412,4,18.07211283325024
1010,1067,714,1,12.344128539882757
1010,702,1004,1,7.841523685223605
1010,1140,714,4,11.751952287542252
1011,1140,925,1,5.559746332228015
1011,1232,928,1,8.28950012214804
1011,873,1478,1,15.82614542888024
1011,702,794,1,6.125367854472763
1011,402,702,5,7.84160901068824
1011,1067,1232,4,8.002242999882604
1011,579,714,1,6.612071581984758
1011,967,702,1,9.424975322198348
1012,925,1011,1,2.223898532891128
1012,702,783,2,5.250413373789177
1012,1011,783,8,13.554200769268274
1012,973,1011,1,4.881725510082577
1012,1232,967,1,9.421989977231084
1012,1105,925,1,8.810192302561815
1012,714,1058,7,8.895594131564904
1012,1067,925,1,12.80112469343922
1012,702,525,2,6.512937082064592
1012,1004,579,1,12.093776951796409
1013,1058,973,6,2.41855773034487
1013,928,1140,1,6.2484548670441855
1013,925,714,1,6.736742718055863
1013,714,794,1,6.125367854472763
1013,1232,1412,8,8.805321213797965
1013,464,1011,1,18.41923278489661
1013,794,1058,1,8.77829027244345
1013,1412,856,1,14.733832640164646
1013,1011,579,1,11.281034038678854
1014,702,783,2,5.250413373789177
1014,579,783,1,11.850386463154225
1014,967,1011,1,1.4629503400136323
1014,525,783,2,6.671695598673383
1014,1232,1058,3,4.83687793721146
1014,1058,1232,1,4.83687793721146
1014,783,402,6,11.521692668209962
1014,973,1187,1,5.6404067966465385
1014,1412,973,3,14.027846499005278
1014,1011,1478,1,13.494566217296024
1014,1067,1105,1,4.880745078525951
1014,1213,873,1,9.674072372960078
1015,925,783,1,12.804913262721543
1015,794,928,1,5.8083597500151045
1015,973,925,8,4.882215518422521
1015,1058,1232,4,4.83687793721146
1015,1011,834,3,6.510367578384317
1015,783,1058,2,17.486864213198086
1015,1140,794,1,9.096545861200513
1015,1105,834,1,14.045233535461502
1015,873,714,1,13.140369150150514
1015,1412,1067,1,8.946191032118977
1015,1412,973,3,14.027846499005278
1016,973,928,3,2.202808837490146
1016,834,794,2,3.0622624863494035
1016,1232,1058,4,4.83687793721146
1016,783,714,4,16.323166899192785
1016,1412,1011,2,16.64651643490022
1016,714,856,1,12.80743720302119
1017,928,925,1,2.8524929798341074
1017,834,925,2,5.249047199856985
1017,783,525,4,6.671695598673383
1017,1058,967,2,5.247679923034634
1017,402,925,4,14.913154476154167
1017,579,464,1,13.736208219113248
1017,714,834,1,9.18763012440511
1017,1232,1412,1,8.805321213797965
1018,928,973,3,2.202808837490146
1018,1058,973,4,2.41855773034487
1018,525,783,3,6.671695598673383
1018,1011,1232,2,7.964083694664586
1018,925,1058,10,5.058513634802797
1018,714,973,1,6.739138237494938
1018,1187,928,1,6.739067249150369
1018,1412,1011,2,16.64651643490022
1018,794,850,2,12.413971394684204
1018,714,702,1,11.41600413764035
1018,714,967,1,8.192867163522228
1018,1067,925,1,12.80112469343922
1018,856,702,1,24.012408850433967
1019,928,783,1,15.577087902404868
1019,925,1004,6,7.016854369636376
1019,525,783,1,6.671695598673383
1019,402,1232,2,24.47900353233401
1019,967,873,1,7.925075031537542
1019,464,702,1,20.168168841470333
1019,794,402,1,11.081008814008824
1019,1011,1213,1,13.548232944538976
1019,714,856,1,12.80743720302119
1020,1058,973,10,2.41855773034487
1020,967,973,2,5.7043821114062
1020,783,579,3,11.850386463154225
1020,973,1105,8,4.388654712140797
1020,834,402,1,11.281169605088646
1020,1232,1412,2,8.805321213797965
1020,856,794,1,18.10474316960466
1020,1011,402,1,16.93184038136659
1020,1478,783,2,18.994191672564124
1021,873,783,1,4.4064860569207775
1021,1105,1232,8,3.8392690799482057
1021,973,1067,10,7.92352939429049
1021,1004,873,6,3.839767699909918
1021,783,1011,2,13.554200769268274
1021,850,834,2,15.216513464969486
1021,702,973,2,14.048686290771036
1021,1478,783,1,18.994191672564124
1022,873,702,6,4.548357078342699
1022,783,834,3,7.689481736045675
1022,402,794,2,11.081008814008824
1022,1067,973,3,7.92352939429049
1022,1232,834,2,14.473652063742133
1022,1067,1412,3,8.946191032118977
1022,1067,1105,1,4.880745078525951
1022,1011,1412,2,16.64651643490022
1022,1412,925,1,18.07211283325024
1022,856,1011,1,16.764898582516587
1022,172,850,1,35.56283988223624
1023,925,834,1,5.249047199856985
1023,794,834,3,3.0622624863494035
1023,834,794,7,3.0622624863494035
1023,1232,1011,8,7.964083694664586
1023,579,834,3,7.256503514219511
1023,850,1058,1,8.672138339743874
1023,973,702,2,14.048686290771036
1023,1412,1011,3,16.64651643490022
1023,702,464,1,20.168168841470333
1023,402,834,1,11.281169605088646
1023,1067,1011,1,12.40745751794731
1023,1067,1187,1,9.180879404297018
1023,172,783,1,17.768672451070774
1023,1478,783,2,18.994191672564124
1023,1213,702,1,14.16486062369625
1023,200,783,1,23.862165274375425
1024,794,783,1,10.46245949147104
1024,1011,1140,6,3.335847799336888
1024,783,973,5,17.685208029543023
1024,834,1140,1,9.120303414799448
1024,973,1412,2,14.027846499005278
1024,1412,1232,1,8.805321213797965
1024,1058,850,1,8.672138339743874
1024,1067,1140,1,12.55411324365653
1024,1478,783,1,18.994191672564124
1025,1187,1232,1,2.2017655762295663
1025,1232,925,1,9.649241749541863
1025,834,967,7,5.059118864445973
1025,702,928,6,11.847457656626572
1025,1011,834,5,6.510367578384317
1025,794,973,5,8.005758424200978
1025,783,464,2,25.397194471986413
1025,973,714,7,6.739138237494938
1025,850,1232,1,11.078851145692578
1025,1105,1187,1,4.4040530489389695
1025,1140,1478,1,10.56486642729493
1025,1140,1213,1,12.551534849108323
1025,1412,973,1,14.027846499005278
1026,967,928,6,3.962344440629368
1026,1187,973,1,5.6404067966465385
1026,1140,1058,4,4.404400893299181
1026,794,967,1,4.548315025166438
1026,1011,850,2,11.365584452473476
1026,714,850,7,7.4471861231509155
1026,464,1011,2,18.41923278489661
1026,1232,1213,1,18.052391004569408
1026,702,873,3,4.548357078342699
1026,1412,1011,2,16.64651643490022
1026,1478,783,1,18.994191672564124
1027,967,1011,2,1.4629503400136323
1027,1213,783,1,11.11949266445603
1027,925,702,1,9.423506251261468
1027,873,794,1,7.018858162934119
1027,834,1004,5,4.837273690103386
1027,783,834,1,7.689481736045675
1027,850,794,4,12.413971394684204
1027,1011,1067,2,12.40745751794731
1027,973,464,1,14.912840443208973
1027,1140,1399,2,6.738996195578808
1027,928,1067,6,10.07507435147502
1027,464,973,1,14.912840443208973
1027,1058,1067,1,8.554760866502043
1027,1232,1478,1,13.206936132693205
1027,973,1004,1,11.462222395062687
1027,1412,1187,1,11.00708650475215
1027,1478,783,1,18.994191672564124
1027,1412,973,1,14.027846499005278
1028,834,783,1,7.689481736045675
1028,1011,1058,4,3.961571514117998
1028,1187,1232,1,2.2017655762295663
1028,1399,1058,1,9.34110519027368
1028,873,702,2,4.548357078342699
1028,783,973,1,17.685208029543023
1028,1058,967,2,5.247679923034634
1028,794,702,1,6.125367854472763
1028,1067,928,1,10.07507435147502
1028,794,714,4,6.125367854472763
1028,973,873,5,13.496121499721363
1028,850,967,1,11.888191513854997
1028,973,1399,1,11.751170313633397
1028,1058,850,1,8.672138339743874
1029,1058,925,3,5.058513634802797
1029,928,1011,7,3.6167275925925466
1029,967,794,2,4.548315025166438
1029,1004,834,5,4.837273690103386
1029,714,783,3,16.323166899192785
1029,783,1067,1,25.606032905209577
1029,850,714,4,7.4471861231509155
1029,973,1187,3,5.6404067966465385
1029,1399,1105,1,10.237902514270164
1029,1067,856,8,6.736061142864135
1029,702,1478,1,20.105147324397244
1029,1004,1213,1,7.964083694664586
1029,1213,1412,1,26.03075317051697
1029,1478,783,1,18.994191672564124
1030,834,783,3,7.689481736045675
1030,702,783,3,5.250413373789177
1030,873,783,2,4.4064860569207775
1030,783,873,5,4.4064860569207775
1030,1058,794,1,8.77829027244345
1030,714,928,1,5.640508575131163
1030,1232,850,1,11.078851145692578
1030,714,464,2,10.122771228736514
1030,1187,1399,2,6.247627185540738
1030,1011,1478,1,13.494566217296024
1030,1067,1058,1,8.554760866502043
1031,928,973,1,2.202808837490146
1031,834,925,2,5.249047199856985
1031,794,928,2,5.8083597500151045
1031,1399,1058,2,9.34110519027368
1031,967,1058,1,5.247679923034634
1031,873,1478,3,15.82614542888024
1031,925,1187,3,7.6790367656671
1031,1011,850,6,11.365584452473476
1031,850,925,1,10.694040075602611
1031,1058,794,1,8.77829027244345
1031,714,794,2,6.125367854472763
1031,464,1011,1,18.41923278489661
1031,1058,702,1,14.468812957232682
1032,1399,1058,1,9.34110519027368
1032,873,1478,2,15.82614542888024
1032,783,402,5,11.521692668209962
1032,794,579,4,5.55974633222762
1032,850,928,6,7.925847526229188
1032,1187,1140,1,3.960411314814771
1032,873,525,1,9.675337903778155
1032,850,856,1,5.706192977163574
1032,1058,1067,2,8.554760866502043
1032,856,1011,1,16.764898582516587
1032,856,973,1,11.88819151385629
1032,856,464,1,11.080793243354975
1032,1213,1011,1,13.548232944538976
1033,1011,1058,1,3.961571514117998
1033,1058,973,1,2.41855773034487
1033,925,702,3,9.423506251261468
1033,873,1478,2,15.82614542888024
1033,783,525,3,6.671695598673383
1033,1067,973,1,7.92352939429049
1033,579,714,1,6.612071581984758
1033,973,1187,1,5.6404067966465385
1033,1105,1187,1,4.4040530489389695
1033,1140,1004,1,7.442778444077659
1033,1412,928,1,16.089571776562533
1033,856,850,1,5.706192977163574
1033,856,794,4,18.10474316960466
1034,1058,925,2,5.058513634802797
1034,928,1011,9,3.6167275925925466
1034,525,783,2,6.671695598673383
1034,702,834,4,4.389831624444016
1034,1004,873,1,3.839767699909918
1034,850,1187,1,11.109127914371388
1034,1187,925,2,7.6790367656671
1034,464,579,2,13.736208219113248
1034,973,856,2,11.88819151385629
1034,579,967,2,10.052645101539124
1034,525,402,1,6.614151574587493
1034,1187,1478,1,12.280518083533188
1034,1187,850,1,11.109127914371388
1035,834,783,1,7.689481736045675
1035,1011,967,9,1.4629503400136323
1035,1187,1058,2,3.335847799336888
1035,794,928,4,5.8083597500151045
1035,925,794,2,3.8399670029013246
1035,973,1232,1,6.739053043647001
1035,579,973,1,12.02013346271456
1035,402,1011,3,16.93184038136659
1035,714,873,1,13.140369150150514
1035,1067,1011,1,12.40745751794731
1035,856,928,1,13.497510700081442
1035,464,579,1,13.736208219113248
1035,856,714,1,12.80743720302119
1035,525,834,1,10.886391578093734
1036,928,973,4,2.202808837490146
1036,1232,1187,1,2.2017655762295663
1036,402,783,2,11.521692668209962
1036,925,579,1,9.096756146766438
1036,1011,850,3,11.365584452473476
1036,850,714,1,7.4471861231509155
1036,967,1232,4,9.421989977231084
1036,579,402,2,6.514036981260467
1036,1011,873,1,9.1842566129722
1036,172,783,1,17.768672451070774
1037,973,925,1,4.882215518422521
1037,402,783,1,11.521692668209962
1037,1011,794,2,5.876008831303484
1037,928,1105,1,6.509632645551289
1037,834,1011,4,6.510367578384317
1037,967,1004,7,5.811450880513226
1037,579,973,1,12.02013346271456
1037,1232,1140,1,6.119741485129188
1037,783,1105,2,21.4299278250006
1037,794,1105,1,12.287533860803824
1037,1478,783,1,18.994191672564124
1038,925,1140,2,5.559746332228015
1038,1058,783,1,17.486864213198086
1038,873,702,2,4.548357078342699
1038,1004,873,6,3.839767699909918
1038,783,850,1,22.85304209922013
1038,1011,714,3,8.663428210145675
1038,794,702,1,6.125367854472763
1038,714,1011,2,8.663428210145675
1038,1187,925,1,7.6790367656671
1038,1105,834,1,14.045233535461502
1038,856,794,1,18.10474316960466
1039,925,967,1,1.4630157462730349
1039,873,794,1,7.018858162934119
1039,834,850,1,15.216513464969486
1039,794,967,2,4.548315025166438
1039,579,925,1,9.096756146766438
1039,783,579,4,11.850386463154225
1039,850,834,1,15.216513464969486
1039,1058,1140,1,4.404400893299181
1039,1105,1187,1,4.4040530489389695
1039,1232,873,3,16.80536252295166
1039,1140,579,1,14.579929042333728
1039,702,1140,2,13.472348608720578
1039,1105,1067,1,4.880745078525951
1039,402,172,1,15.328145780625992
1040,1105,1232,1,3.8392690799482057
1040,402,783,1,11.521692668209962
1040,783,402,2,11.521692668209962
1040,1011,1067,2,12.40745751794731
1040,579,1011,3,11.281034038678854
1040,973,1187,5,5.6404067966465385
1040,834,1232,1,14.473652063742133
1040,1140,1105,1,7.683904782943718
1040,850,702,3,18.37776366407494
1040,714,579,3,6.612071581984758
1040,850,873,1,19.05211151685567
1040,1004,702,1,7.841523685223605
1040,702,1105,1,18.21042691241635
1041,967,925,3,1.4630157462730349
1041,1011,1187,2,5.851146926487822
1041,783,967,1,12.247362390603268
1041,794,973,2,8.005758424200978
1041,925,1105,1,8.810192302561815
1041,1187,1105,2,4.4040530489389695
1041,1105,1187,1,4.4040530489389695
1041,1232,1004,1,13.548232944538976
1041,579,1187,1,16.57993448038173
1041,873,1232,4,16.80536252295166
1041,1140,525,1,19.879498068061267
1041,1187,714,1,12.231441930901791
1041,1187,873,1,14.60457664934919
1041,1140,850,1,13.036256596755637
1041,702,873,2,4.548357078342699
1041,873,1140,1,10.849467604025635
1042,925,967,3,1.4630157462730349
1042,967,1011,1,1.4629503400136323
1042,1232,1058,1,4.83687793721146
1042,1011,1105,2,7.92275625179966
1042,402,702,1,7.84160901068824
1042,579,714,3,6.612071581984758
1042,1187,1140,4,3.960411314814771
1042,1067,1011,1,12.40745751794731
1042,1140,1213,2,12.551534849108323
1042,1067,714,1,12.344128539882757
1042,873,714,4,13.140369150150514
1042,1004,973,1,11.462222395062687
1043,873,783,2,4.4064860569207775
1043,1187,1232,1,2.2017655762295663
1043,967,794,3,4.548315025166438
1043,1058,1187,1,3.335847799336888
1043,525,783,1,6.671695598673383
1043,973,1058,3,2.41855773034487
1043,714,973,3,6.739138237494938
1043,1105,925,4,8.810192302561815
1043,1140,579,1,14.579929042333728
1043,702,973,2,14.048686290771036
1044,1213,783,1,11.11949266445603
1044,925,1232,2,9.649241749541863
1044,1105,1232,2,3.8392690799482057
1044,1058,928,2,3.468670210314232
1044,1011,794,2,5.876008831303484
1044,850,1187,1,11.109127914371388
1044,714,1011,3,8.663428210145675
1044,873,925,2,8.629868015705554
1044,1187,925,1,7.6790367656671
1044,1067,1232,1,8.002242999882604
1044,1232,834,3,14.473652063742133
1044,1140,794,4,9.096545861200513
1044,702,579,1,6.612071581984758
1045,928,973,2,2.202808837490146
1045,1213,783,1,11.11949266445603
1045,973,928,5,2.202808837490146
1045,579,834,1,7.256503514219511
1045,783,172,2,17.768672451070774
1045,1232,1399,3,6.507057624431
1045,402,834,1,11.281169605088646
1045,714,1004,3,13.03892031990063
1045,1187,873,1,14.60457664934919
1046,834,783,4,7.689481736045675
1046,928,973,5,2.202808837490146
1046,1011,1058,3,3.961571514117998
1046,1399,1232,3,6.507057624431
1046,1058,928,1,3.468670210314232
1046,579,928,1,10.087254514060623
1046,794,967,9,4.548315025166438
1046,1232,967,4,9.421989977231084
1046,925,464,2,16.731616825582336
1047,834,783,1,7.689481736045675
1047,967,928,8,3.962344440629368
1047,1187,973,1,5.6404067966465385
1047,783,973,1,17.685208029543023
1047,1004,1011,3,6.654407802707156
1047,973,967,4,5.7043821114062
1047,925,856,3,16.318086894445933
1048,873,783,1,4.4064860569207775
1048,1232,928,1,8.28950012214804
1048,1058,928,3,3.468670210314232
1048,783,1011,4,13.554200769268274
1048,928,402,1,16.388066195777938
1048,579,1067,1,18.79184718496452
1049,967,1140,9,4.548230871686798
1049,973,702,4,14.048686290771036
1049,928,1399,6,12.37821780679595
1049,464,200,1,8.783774420135625
1049,856,1067,1,6.736061142864135
1050,1140,928,7,6.2484548670441855
1050,783,525,4,6.671695598673383
1050,928,1067,7,10.07507435147502
1050,1232,1399,2,6.507057624431
1050,1011,856,2,16.764898582516587
1050,464,714,1,10.122771228736514
1050,1067,967,1,13.49334191116594
1050,973,1213,1,18.36260104007094
1050,1067,850,1,5.87594370452583
1050,856,850,1,5.706192977163574
1051,1399,1058,8,9.34110519027368
1051,928,1058,6,3.468670210314232
1051,525,783,4,6.671695598673383
1051,850,464,1,10.052673626423328
1051,1011,702,5,10.884143023519666
1051,714,850,1,7.4471861231509155
1051,172,1187,1,35.58003561580136
1052,967,925,1,1.4630157462730349
1052,1058,925,3,5.058513634802797
1052,1067,928,7,10.07507435147502
1052,856,783,1,28.55412357877098
1052,402,579,1,6.514036981260467
1052,1187,1105,1,4.4040530489389695
1052,702,1478,1,20.105147324397244
1052,702,1232,3,18.84696316793992
1052,702,714,1,11.41600413764035
1052,702,525,2,6.512937082064592
1052,1140,579,2,14.579929042333728
1052,1478,1140,1,10.56486642729493
1053,850,1011,2,11.365584452473476
1053,702,794,2,6.125367854472763
1053,579,1011,1,11.281034038678854
1053,928,1067,1,10.07507435147502
1053,1105,1187,1,4.4040530489389695
1053,1058,1399,4,9.34110519027368
1053,1058,850,2,8.672138339743874
1053,1140,850,1,13.036256596755637
1053,856,714,1,12.80743720302119
1054,928,925,7,2.8524929798341074
1054,525,783,1,6.671695598673383
1054,850,714,1,7.4471861231509155
1054,714,928,1,5.640508575131163
1054,925,1105,1,8.810192302561815
1054,783,172,4,17.768672451070774
1054,1058,714,5,8.895594131564904
1054,1187,1004,1,11.361508124700526
1054,856,1067,1,6.736061142864135
1054,1213,1232,1,18.052391004569408
1055,794,1011,2,5.876008831303484
1055,714,973,3,6.739138237494938
1055,925,402,1,14.913154476154167
1055,579,702,2,6.612071581984758
1055,1067,1399,1,14.46118952528998
1055,1004,1213,1,7.964083694664586
1055,464,1412,1,24.5366867326536
1056,928,925,1,2.8524929798341074
1056,1213,783,1,11.11949266445603
1056,1399,928,4,12.37821780679595
1056,925,873,9,8.629868015705554
1056,783,1004,2,7.966246489389644
1056,850,928,2,7.925847526229188
1056,1232,794,3,13.471439449058977
1056,1011,525,2,17.39283322509588
1056,1011,1478,1,13.494566217296024
1056,1011,873,1,9.1842566129722
1056,973,1213,1,18.36260104007094
1056,1067,1187,1,9.180879404297018
1056,525,928,1,18.21580338849598
1057,1213,783,1,11.11949266445603
1057,928,794,3,5.8083597500151045
1057,783,1011,1,13.554200769268274
1057,714,973,4,6.739138237494938
1057,1011,714,1,8.663428210145675
1057,873,925,3,8.629868015705554
1057,1004,794,1,7.315405465360834
1057,1105,967,1,9.182568470632535
1057,1232,1478,1,13.206936132693205
1058,925,967,2,1.4630157462730349
1058,928,967,2,3.962344440629368
1058,1011,1058,1,3.961571514117998
1058,873,834,2,3.963116935247085
1058,525,783,2,6.671695598673383
1058,783,1004,1,7.966246489389644
1058,967,1232,1,9.421989977231084
1058,794,702,1,6.125367854472763
1058,402,579,1,6.514036981260467
1058,973,702,2,14.048686290771036
1058,794,850,2,12.413971394684204
1058,702,973,2,14.048686290771036
1058,1187,850,1,11.109127914371388
1058,1004,973,1,11.462222395062687
1059,928,967,2,3.962344440629368
1059,794,928,4,5.8083597500151045
1059,925,794,2,3.8399670029013246
1059,1399,973,1,11.751170313633397
1059,973,834,5,10.076973504527178
1059,1004,1412,1,22.322654933963523
1059,873,1011,4,9.1842566129722
1059,873,1140,1,10.849467604025635
1059,1412,1187,1,11.00708650475215
1060,967,925,3,1.4630157462730349
1060,702,783,3,5.250413373789177
1060,1140,1011,1,3.335847799336888
1060,928,794,1,5.8083597500151045
1060,973,579,1,12.02013346271456
1060,850,1067,1,5.87594370452583
1060,834,714,6,9.18763012440511
1060,1187,967,1,7.314097191827283
1060,714,1140,1,11.751952287542252
1060,1058,1004,1,10.515329624384115
1061,925,702,3,9.423506251261468
1061,1140,1232,1,6.119741485129188
1061,1011,1105,4,7.92275625179966
1061,973,967,2,5.7043821114062
1061,794,702,1,6.125367854472763
1061,850,834,2,15.216513464969486
1061,783,1213,2,11.11949266445603
1061,579,464,1,13.736208219113248
1061,967,464,2,18.19332331835528
1061,1067,1105,1,4.880745078525951
1062,967,925,4,1.4630157462730349
1062,1232,928,1,8.28950012214804
1062,783,967,1,12.247362390603268
1062,1105,928,4,6.509632645551289
1062,834,973,1,10.076973504527178
1062,714,579,2,6.612071581984758
1062,794,714,2,6.125367854472763
1062,1004,928,1,9.763940751913996
1063,925,783,1,12.804913262721543
1063,967,928,1,3.962344440629368
1063,579,783,1,11.850386463154225
1063,1213,783,1,11.11949266445603
1063,1011,928,1,3.6167275925925466
1063,702,925,2,9.423506251261468
1063,1232,973,1,6.739053043647001
1063,834,1004,2,4.837273690103386
1063,783,1004,2,7.966246489389644
1063,714,873,3,13.140369150150514
1063,928,1067,4,10.07507435147502
1063,714,1105,2,10.705966675098557
1063,1412,1011,1,16.64651643490022
1064,925,1011,5,2.223898532891128
1064,1213,783,1,11.11949266445603
1064,928,794,6,5.8083597500151045
1064,1105,1232,1,3.8392690799482057
1064,702,928,2,11.847457656626572
1064,1011,973,1,4.881725510082577
1064,1004,1011,2,6.654407802707156
1064,1067,925,2,12.80112469343922
1064,579,1004,1,12.093776951796409
1064,464,714,3,10.122771228736514
1065,1011,1187,1,5.851146926487822
1065,1105,928,2,6.509632645551289
1065,1004,1011,2,6.654407802707156
1065,714,1011,2,8.663428210145675
1065,928,1232,1,8.28950012214804
1065,973,1412,1,14.027846499005278
1065,579,856,1,19.267312298612403
1065,1067,1140,1,12.55411324365653
1066,794,579,6,5.55974633222762
1066,783,834,4,7.689481736045675
1066,1011,850,2,11.365584452473476
1066,973,702,1,14.048686290771036
1066,873,973,3,13.496121499721363
1067,925,973,2,4.882215518422521
1067,1011,925,8,2.223898532891128
1067,834,973,2,10.076973504527178
1067,973,579,1,12.02013346271456
1067,1067,1399,1,14.46118952528998
1067,928,1412,2,16.089571776562533
1067,1004,794,1,7.315405465360834
1067,1232,850,1,11.078851145692578
1067,1187,873,1,14.60457664934919
1067,714,1058,2,8.895594131564904
1068,925,783,4,12.804913262721543
1068,928,973,2,2.202808837490146
1068,794,928,1,5.8083597500151045
1068,1399,1058,1,9.34110519027368
1068,834,579,2,7.256503514219511
1068,702,794,1,6.125367854472763
1068,850,1067,2,5.87594370452583
1068,579,714,6,6.612071581984758
1068,1140,1105,1,7.683904782943718
1068,856,928,1,13.497510700081442
1068,172,783,1,17.768672451070774
1068,1478,783,1,18.994191672564124
1068,1058,850,2,8.672138339743874
1069,925,1478,3,15.538947915471203
1069,850,464,1,10.052673626423328
1069,783,579,2,11.850386463154225
1069,1067,1232,1,8.002242999882604
1069,973,1140,9,6.509265047797015
1069,1232,1213,1,18.052391004569408
1069,1412,1232,2,8.805321213797965
1069,1478,783,1,18.994191672564124
1070,928,925,2,2.8524929798341074
1070,1058,925,1,5.058513634802797
1070,1232,925,1,9.649241749541863
1070,783,873,5,4.4064860569207775
1070,794,579,1,5.55974633222762
1070,1140,973,6,6.509265047797015
1070,579,702,5,6.612071581984758
1070,714,850,6,7.4471861231509155
1070,1412,1140,1,14.879879730628884
1070,1105,714,1,10.705966675098557
1070,873,579,1,10.243397261423542
1070,925,525,1,15.90866891150228
1070,172,850,1,35.56283988223624
1070,1478,783,3,18.994191672564124
1071,925,1011,3,2.223898532891128
1071,1232,1105,2,3.8392690799482057
1071,1140,928,3,6.2484548670441855
1071,783,794,3,10.46245949147104
1071,850,1232,3,11.078851145692578
1071,873,1067,1,21.383746569034415
1071,1067,464,1,15.596324992464188
1071,702,464,2,20.168168841470333
1071,1478,783,1,18.994191672564124
1071,714,579,1,6.612071581984758
1072,1213,783,1,11.11949266445603
1072,928,1058,3,3.468670210314232
1072,525,783,1,6.671695598673383
1072,1011,973,2,4.881725510082577
1072,783,1232,1,21.210313956402903
1072,850,794,1,12.413971394684204
1072,1067,783,1,25.606032905209577
1072,973,714,6,6.739138237494938
1072,1140,1399,1,6.738996195578808
1072,579,702,2,6.612071581984758
1072,1232,1004,1,13.548232944538976
1072,464,973,3,14.912840443208973
1072,794,525,3,12.411444711524124
1072,702,873,3,4.548357078342699
1072,1105,1067,1,4.880745078525951
1072,1478,834,1,16.706287412191738
1073,834,783,1,7.689481736045675
1073,873,834,7,3.963116935247085
1073,1105,1011,1,7.92275625179966
1073,525,783,3,6.671695598673383
1073,783,834,1,7.689481736045675
1073,579,702,1,6.612071581984758
1073,1004,1478,1,12.268284911360968
1073,1232,850,2,11.078851145692578
1073,1011,873,1,9.1842566129722
1073,850,1232,5,11.078851145692578
1073,973,1213,2,18.36260104007094
1074,794,579,1,5.55974633222762
1074,702,1011,2,10.884143023519666
1074,850,834,1,15.216513464969486
1074,783,1213,6,11.11949266445603
1074,834,714,6,9.18763012440511
1074,1058,714,1,8.895594131564904
1074,925,464,1,16.731616825582336
1074,714,1058,1,8.895594131564904
1074,464,928,1,14.930631823982267
1075,1213,783,6,11.11949266445603
1075,1011,1232,1,7.964083694664586
1075,714,973,6,6.739138237494938
1075,1232,1004,3,13.548232944538976
1075,973,1412,3,14.027846499005278
1075,834,525,3,10.886391578093734
1075,1067,1399,1,14.46118952528998
1075,702,525,1,6.512937082064592
1076,1011,928,2,3.6167275925925466
1076,525,783,1,6.671695598673383
1076,1058,1232,3,4.83687793721146
1076,783,702,5,5.250413373789177
1076,1004,925,1,7.016854369636376
1076,850,925,1,10.694040075602611
1076,714,973,6,6.739138237494938
1076,973,1140,5,6.509265047797015
1076,1232,873,3,16.80536252295166
1076,1399,1478,1,7.009492875361758
1076,873,1011,1,9.1842566129722
1077,1004,783,1,7.966246489389644
1077,1213,783,1,11.11949266445603
1077,525,783,3,6.671695598673383
1077,973,850,1,6.608947508553885
1077,579,834,1,7.256503514219511
1077,783,702,2,5.250413373789177
1077,702,794,4,6.125367854472763
1077,928,1004,1,9.763940751913996
1077,1232,1399,2,6.507057624431
1077,464,834,1,19.020751367868925
1077,1478,1011,1,13.494566217296024
1078,794,834,1,3.0622624863494035
1078,928,1011,2,3.6167275925925466
1078,925,702,2,9.423506251261468
1078,1004,873,2,3.839767699909918
1078,873,794,1,7.018858162934119
1078,702,967,1,9.424975322198348
1078,973,1105,5,4.388654712140797
1078,1011,702,2,10.884143023519666
1078,834,714,1,9.18763012440511
1078,794,1399,1,15.826254339522078
1078,1412,973,1,14.027846499005278
1078,873,579,1,10.243397261423542
1078,1412,1232,1,8.805321213797965
1078,1213,1187,1,16.19122385834084
1078,172,783,1,17.768672451070774
1079,1105,1011,4,7.92275625179966
1079,1399,783,1,20.47900955025097
1079,794,1011,2,5.876008831303484
1079,1011,1187,1,5.851146926487822
1079,783,1004,4,7.966246489389644
1079,1412,1140,1,14.879879730628884
1079,834,1478,1,16.706287412191738
1079,1232,834,2,14.473652063742133
1079,973,1412,1,14.027846499005278
1079,702,973,2,14.048686290771036
1079,1140,1067,3,12.55411324365653
1079,873,1058,1,13.135447383238883
1079,850,856,1,5.706192977163574
1079,1140,1213,2,12.551534849108323
1080,873,783,2,4.4064860569207775
1080,1232,1058,1,4.83687793721146
1080,1399,925,2,12.268300526223484
1080,973,1011,2,4.881725510082577
1080,794,579,1,5.55974633222762
1080,1004,925,1,7.016854369636376
1080,702,967,1,9.424975322198348
1080,834,1187,1,12.342244898446324
1080,1187,1004,1,11.361508124700526
1080,1011,1412,2,16.64651643490022
1080,856,850,1,5.706192977163574
1081,1011,925,7,2.223898532891128
1081,1004,783,3,7.966246489389644
1081,1213,783,2,11.11949266445603
1081,1187,1232,2,2.2017655762295663
1081,834,925,2,5.249047199856985
1081,925,1105,1,8.810192302561815
1081,1067,1232,3,8.002242999882604
1081,702,402,3,7.84160901068824
1081,1399,1004,1,12.567113648389872
1082,967,973,2,5.7043821114062
1082,925,1004,6,7.016854369636376
1082,1004,873,1,3.839767699909918
1082,783,714,4,16.323166899192785
1082,579,464,1,13.736208219113248
1082,402,702,2,7.84160901068824
1082,973,1187,1,5.6404067966465385
1082,1105,1140,2,7.683904782943718
1082,714,1140,1,11.751952287542252
1082,1140,1478,1,10.56486642729493
1082,1058,850,2,8.672138339743874
1083,925,973,5,4.882215518422521
1083,1232,1011,4,7.964083694664586
1083,783,525,6,6.671695598673383
1083,1004,873,6,3.839767699909918
1083,850,1105,2,7.255791794533394
1083,1140,973,3,6.509265047797015
1083,579,464,1,13.736208219113248
1083,714,1105,1,10.705966675098557
1083,973,856,1,11.88819151385629
1083,973,1004,1,11.462222395062687
1084,525,783,1,6.671695598673383
1084,1232,1058,1,4.83687793721146
1084,1004,925,1,7.016854369636376
1084,714,1011,3,8.663428210145675
1084,973,579,1,12.02013346271456
1084,464,850,1,10.052673626423328
1084,873,1187,1,14.60457664934919
1084,850,1232,1,11.078851145692578
1085,402,783,1,11.521692668209962
1085,525,783,4,6.671695598673383
1085,873,702,4,4.548357078342699
1085,702,925,2,9.423506251261468
1085,973,1105,7,4.388654712140797
1085,1011,702,1,10.884143023519666
1085,1187,794,2,11.519003477970214
1085,579,1105,1,16.385732596177622
1085,873,1058,1,13.135447383238883
1085,1105,850,1,7.255791794533394
1085,856,850,1,5.706192977163574
1085,1412,702,3,27.455823630536333
1086,925,1011,3,2.223898532891128
1086,702,783,5,5.250413373789177
1086,1232,1187,1,2.2017655762295663
1086,1058,928,1,3.468670210314232
1086,850,714,2,7.4471861231509155
1086,1105,973,10,4.388654712140797
1086,794,1067,1,15.745772705396131
1086,1011,856,4,16.764898582516587
1086,873,973,1,13.496121499721363
1086,1004,928,1,9.763940751913996
1087,702,783,3,5.250413373789177
1087,928,1058,2,3.468670210314232
1087,783,834,8,7.689481736045675
1087,973,967,7,5.7043821114062
1087,850,1058,1,8.672138339743874
1087,464,1011,1,18.41923278489661
1087,794,1067,1,15.745772705396131
1087,525,925,1,15.90866891150228
1088,967,928,3,3.962344440629368
1088,1187,1011,1,5.851146926487822
1088,1011,783,3,13.554200769268274
1088,973,1232,4,6.739053043647001
1088,1058,928,3,3.468670210314232
1088,783,794,2,10.46245949147104
1088,834,579,2,7.256503514219511
1088,714,1011,1,8.663428210145675
1088,856,1067,1,6.736061142864135
1089,928,794,2,5.8083597500151045
1089,925,1004,1,7.016854369636376
1089,783,967,1,12.247362390603268
1089,1011,1213,1,13.548232944538976
1089,1058,1067,1,8.554760866502043
1089,714,1187,1,12.231441930901791
1089,1067,850,2,5.87594370452583
1090,1011,928,4,3.6167275925925466
1090,783,925,5,12.804913262721543
1090,834,1004,6,4.837273690103386
1090,794,967,3,4.548315025166438
1090,967,850,4,11.888191513854997
1090,1067,1232,1,8.002242999882604
1090,1232,1067,3,8.002242999882604
1090,856,579,2,19.267312298612403
1090,856,850,1,5.706192977163574
1091,928,967,6,3.962344440629368
1091,925,973,3,4.882215518422521
1091,1004,873,7,3.839767699909918
1091,850,1058,3,8.672138339743874
1091,579,702,2,6.612071581984758
1091,967,873,1,7.925075031537542
1091,1232,794,1,13.471439449058977
1091,794,714,1,6.125367854472763
1092,928,967,2,3.962344440629368
1092,1213,783,1,11.11949266445603
1092,925,1140,2,5.559746332228015
1092,967,702,8,9.424975322198348
1092,1187,579,1,16.57993448038173
1092,1067,714,1,12.344128539882757
1093,967,925,3,1.4630157462730349
1093,873,794,7,7.018858162934119
1093,1058,967,1,5.247679923034634
1093,1067,973,2,7.92352939429049
1093,973,714,3,6.739138237494938
1093,783,1213,1,11.11949266445603
1093,702,402,2,7.84160901068824
1093,850,967,4,11.888191513854997
1093,714,579,1,6.612071581984758
1094,967,925,5,1.4630157462730349
1094,1058,973,2,2.41855773034487
1094,1213,783,1,11.11949266445603
1094,973,928,2,2.202808837490146
1094,402,783,2,11.521692668209962
1094,579,834,2,7.256503514219511
1094,702,1011,2,10.884143023519666
1094,794,1140,1,9.096545861200513
1094,714,794,1,6.125367854472763
1094,873,714,1,13.140369150150514
1094,1232,1213,1,18.052391004569408
1094,1067,1011,1,12.40745751794731
1095,925,1478,2,15.538947915471203
1095,1140,967,3,4.548230871686798
1095,794,967,7,4.548315025166438
1095,973,967,2,5.7043821114062
1095,579,714,1,6.612071581984758
1095,714,850,3,7.4471861231509155
1095,834,525,2,10.886391578093734
1095,702,1187,1,16.72667802016658
1096,925,794,6,3.8399670029013246
1096,967,1140,11,4.548230871686798
1096,783,967,2,12.247362390603268
1096,714,925,2,6.736742718055863
1096,702,402,5,7.84160901068824
1096,1011,1213,1,13.548232944538976
1096,579,200,1,12.57636232869906
1097,1213,783,1,11.11949266445603
1097,928,783,2,15.577087902404868
1097,794,783,3,10.46245949147104
1097,525,783,2,6.671695598673383
1097,967,1140,2,4.548230871686798
1097,1140,967,7,4.548230871686798
1097,783,794,2,10.46245949147104
1098,1187,1232,1,2.2017655762295663
1098,925,1140,2,5.559746332228015
1098,967,973,1,5.7043821114062
1098,794,579,6,5.55974633222762
1098,1011,1399,2,10.052549905308156
1098,1140,873,2,10.849467604025635
1098,850,1412,1,14.733832640164646
1099,1399,925,1,12.268300526223484
1099,579,794,4,5.55974633222762
1099,850,464,1,10.052673626423328
1099,783,1213,7,11.11949266445603
1099,402,1011,4,16.93184038136659
1099,967,1105,4,9.182568470632535
1099,1232,1412,1,8.805321213797965
1099,1140,1067,1,12.55411324365653
1099,850,402,1,20.42053788159492
1099,402,973,1,18.419980035084063
1099,1140,1213,1,12.551534849108323
1100,967,928,3,3.962344440629368
1100,1213,783,1,11.11949266445603
1100,1399,1187,1,6.247627185540738
1100,579,402,2,6.514036981260467
1100,1140,850,2,13.036256596755637
1100,1140,794,2,9.096545861200513
1100,172,525,1,12.35164992665693
1101,928,967,1,3.962344440629368
1101,1213,783,1,11.11949266445603
1101,525,783,1,6.671695598673383
1101,973,1232,2,6.739053043647001
1101,1011,973,4,4.881725510082577
1101,873,794,2,7.018858162934119
1101,794,702,4,6.125367854472763
1101,783,1213,2,11.11949266445603
1101,402,579,1,6.514036981260467
1101,1067,1232,1,8.002242999882604
1101,1105,1140,3,7.683904782943718
1101,1187,1399,1,6.247627185540738
1101,464,1105,1,17.107687775979528
1101,850,1232,1,11.078851145692578
1102,967,925,1,1.4630157462730349
1102,1213,783,7,11.11949266445603
1102,1105,1011,1,7.92275625179966
1102,925,702,1,9.423506251261468
1102,783,973,1,17.685208029543023
1102,794,967,2,4.548315025166438
1102,973,794,2,8.005758424200978
1102,1232,967,2,9.421989977231084
1102,1412,1140,1,14.879879730628884
1102,702,873,1,4.548357078342699
1102,850,1232,1,11.078851145692578
1103,1140,1058,3,4.404400893299181
1103,925,1058,1,5.058513634802797
1103,1011,1187,1,5.851146926487822
1103,967,834,1,5.059118864445973
1103,794,967,4,4.548315025166438
1103,973,714,3,6.739138237494938
1103,1399,1105,1,10.237902514270164
1103,1412,1140,1,14.879879730628884
1103,402,525,2,6.614151574587493
1103,1105,1067,1,4.880745078525951
1103,1213,1140,1,12.551534849108323
1104,967,925,7,1.4630157462730349
1104,525,783,2,6.671695598673383
1104,579,714,1,6.612071581984758
1104,714,1140,2,11.751952287542252
1104,928,525,2,18.21580338849598
1104,702,579,4,6.612071581984758
1104,1140,1478,1,10.56486642729493
1104,1478,1187,2,12.280518083533188
1105,925,1011,1,2.223898532891128
1105,834,794,1,3.0622624863494035
1105,525,783,2,6.671695598673383
1105,714,783,1,16.323166899192785
1105,1058,834,3,10.204580442928409
1105,1067,928,1,10.07507435147502
1105,1187,702,2,16.72667802016658
1105,1140,714,3,11.751952287542252
1105,1232,794,3,13.471439449058977
1105,1105,967,1,9.182568470632535
1105,1213,973,1,18.36260104007094
1106,873,783,1,4.4064860569207775
1106,925,928,6,2.8524929798341074
1106,783,850,8,22.85304209922013
1106,714,1399,1,18.018266211078156
1106,714,856,1,12.80743720302119
1106,579,967,1,10.052645101539124
1106,702,1213,1,14.16486062369625
1106,702,1004,1,7.841523685223605
1107,967,925,2,1.4630157462730349
1107,579,783,2,11.850386463154225
1107,973,928,1,2.202808837490146
1107,1399,925,1,12.268300526223484
1107,783,525,6,6.671695598673383
1107,834,1011,3,6.510367578384317
1107,1011,714,1,8.663428210145675
1107,794,402,3,11.081008814008824
1107,1140,1067,1,12.55411324365653
1107,1004,794,1,7.315405465360834
1107,1058,1412,1,13.015586494460262
1107,579,1004,1,12.093776951796409
1107,1213,1004,1,7.964083694664586
1108,525,783,5,6.671695598673383
1108,1004,967,2,5.811450880513226
1108,714,973,2,6.739138237494938
1108,794,702,2,6.125367854472763
1108,1187,1105,1,4.4040530489389695
1108,928,1232,8,8.28950012214804
1109,967,783,1,12.247362390603268
1109,525,783,1,6.671695598673383
1109,1011,1140,3,3.335847799336888
1109,850,714,8,7.4471861231509155
1109,1412,1140,1,14.879879730628884
1109,1105,850,1,7.255791794533394
1109,702,1140,1,13.472348608720578
1109,856,928,1,13.497510700081442
1110,973,1011,2,4.881725510082577
1110,783,967,4,12.247362390603268
1110,714,783,1,16.323166899192785
1110,850,1140,1,13.036256596755637
1110,402,1011,2,16.93184038136659
1110,1232,1067,7,8.002242999882604
1110,1140,1067,1,12.55411324365653
1110,1067,714,1,12.344128539882757
1110,714,579,2,6.612071581984758
1110,925,525,3,15.90866891150228
1111,1140,925,4,5.559746332228015
1111,1011,783,1,13.554200769268274
1111,928,794,1,5.8083597500151045
1111,783,928,2,15.577087902404868
1111,714,783,4,16.323166899192785
1111,1067,973,5,7.92352939429049
1111,702,794,1,6.125367854472763
1111,967,714,4,8.192867163522228
1111,402,850,1,20.42053788159492
1111,1232,856,1,14.473652063742133
1112,925,834,3,5.249047199856985
1112,525,783,3,6.671695598673383
1112,973,1011,1,4.881725510082577
1112,579,834,2,7.256503514219511
1112,783,1187,3,19.009124176326512
1112,714,973,5,6.739138237494938
1112,794,702,1,6.125367854472763
1112,1067,928,1,10.07507435147502
1112,1011,1399,1,10.052549905308156
1112,1011,873,1,9.1842566129722
1112,1140,1478,1,10.56486642729493
1113,702,783,1,5.250413373789177
1113,1187,1232,2,2.2017655762295663
1113,925,1004,1,7.016854369636376
1113,1011,1004,2,6.654407802707156
1113,973,1399,2,11.751170313633397
1113,714,402,1,13.045127894056412
1113,794,402,1,11.081008814008824
1113,1067,1140,2,12.55411324365653
1114,1399,925,1,12.268300526223484
1114,783,525,9,6.671695598673383
1114,928,1232,2,8.28950012214804
1114,973,1412,4,14.027846499005278
1114,834,525,1,10.886391578093734
1114,967,525,1,15.935515917166311
1114,714,1067,1,12.344128539882757
1114,1004,1213,1,7.964083694664586
1114,1478,1011,1,13.494566217296024
1115,928,967,1,3.962344440629368
1115,1004,783,1,7.966246489389644
1115,1232,1187,4,2.2017655762295663
1115,525,783,6,6.671695598673383
1115,834,973,4,10.076973504527178
1115,850,834,1,15.216513464969486
1115,973,714,3,6.739138237494938
1115,1140,1399,2,6.738996195578808
1115,1011,402,1,16.93184038136659
1115,856,1187,1,15.226827950407046
1116,1187,973,2,5.6404067966465385
1116,525,783,5,6.671695598673383
1116,783,579,1,11.850386463154225
1116,402,702,2,7.84160901068824
1116,967,873,1,7.925075031537542
1116,714,1140,1,11.751952287542252
1116,873,1140,1,10.849467604025635
1116,1004,1105,1,14.430329325731782
1117,1187,1011,1,5.851146926487822
1117,1213,783,1,11.11949266445603
1117,1399,783,2,20.47900955025097
1117,973,1105,5,4.388654712140797
1117,1412,928,1,16.089571776562533
1117,702,1140,1,13.472348608720578
1117,1067,834,1,17.994484200739958
1117,172,783,1,17.768672451070774
1118,1187,1232,2,2.2017655762295663
1118,925,834,1,5.249047199856985
1118,579,794,1,5.55974633222762
1118,973,967,1,5.7043821114062
1118,402,1011,1,16.93184038136659
1118,714,925,2,6.736742718055863
1118,783,1399,2,20.47900955025097
1118,834,464,1,19.020751367868925
1118,1187,873,1,14.60457664934919
1118,1140,464,1,21.137556298109768
1118,1140,1004,1,7.442778444077659
1119,925,783,2,12.804913262721543
1119,1232,928,2,8.28950012214804
1119,1399,1140,3,6.738996195578808
1119,1140,1187,1,3.960411314814771
1119,702,967,1,9.424975322198348
1119,783,579,13,11.850386463154225
1119,873,967,1,7.925075031537542
1119,1105,973,6,4.388654712140797
1119,794,1004,1,7.315405465360834
1119,1011,579,2,11.281034038678854
1119,834,1213,1,12.569063966979074
1119,464,1232,1,20.81259910432051
1119,1412,925,3,18.07211283325024
1119,1004,973,1,11.462222395062687
1120,925,967,3,1.4630157462730349
1120,1140,1232,3,6.119741485129188
1120,783,714,1,16.323166899192785
1120,967,834,1,5.059118864445973
1120,579,973,1,12.02013346271456
1120,928,1067,1,10.07507435147502
1120,873,1213,1,9.674072372960078
1121,967,928,5,3.962344440629368
1121,1187,1011,1,5.851146926487822
1121,1232,1187,4,2.2017655762295663
1121,834,794,2,3.0622624863494035
1121,973,1011,7,4.881725510082577
1121,1399,834,1,15.539391645120883
1121,579,714,11,6.612071581984758
1121,464,714,1,10.122771228736514
1121,1213,873,1,9.674072372960078
1122,1187,1232,4,2.2017655762295663
1122,1011,973,7,4.881725510082577
1122,1004,925,1,7.016854369636376
1122,1067,1232,1,8.002242999882604
1122,928,402,2,16.388066195777938
1122,973,1140,1,6.509265047797015
1122,714,850,3,7.4471861231509155
1122,714,464,1,10.122771228736514
1122,714,967,1,8.192867163522228
1123,1213,783,1,11.11949266445603
1123,928,1011,5,3.6167275925925466
1123,1011,928,1,3.6167275925925466
1123,579,928,2,10.087254514060623
1123,783,1058,2,17.486864213198086
1123,973,1105,7,4.388654712140797
1123,1232,1004,1,13.548232944538976
1123,794,1187,1,11.519003477970214
1123,714,1232,5,13.478191227023236
1123,714,1058,1,8.895594131564904
1124,925,1011,1,2.223898532891128
1124,928,1011,3,3.6167275925925466
1124,1058,1105,2,3.961184888937906
1124,1011,973,1,4.881725510082577
1124,1105,928,1,6.509632645551289
1124,850,928,3,7.925847526229188
1124,714,1011,2,8.663428210145675
1124,1140,1399,1,6.738996195578808
1124,579,402,1,6.514036981260467
1124,834,1140,1,9.120303414799448
1124,1232,1004,3,13.548232944538976
1124,1011,1399,1,10.052549905308156
1124,1004,794,1,7.315405465360834
1124,794,1105,1,12.287533860803824
1124,1187,714,1,12.231441930901791
1124,1011,873,1,9.1842566129722
1124,1478,783,1,18.994191672564124
1125,1011,1004,7,6.654407802707156
1125,794,873,1,7.018858162934119
1125,783,967,1,12.247362390603268
1125,1232,1140,2,6.119741485129188
1125,1105,973,8,4.388654712140797
1125,402,1011,1,16.93184038136659
1125,967,1399,1,11.280728646716137
1125,873,402,1,12.378588757843175
1125,402,967,2,15.541607685822626
1126,928,973,4,2.202808837490146
1126,967,1011,3,1.4629503400136323
1126,1058,1232,1,4.83687793721146
1126,1004,873,6,3.839767699909918
1126,783,973,1,17.685208029543023
1126,714,928,1,5.640508575131163
1126,973,1140,4,6.509265047797015
1126,1140,702,1,13.472348608720578
1126,464,928,1,14.930631823982267
1127,1140,925,3,5.559746332228015
1127,873,928,2,11.464626189279452
1127,973,1067,4,7.92352939429049
1127,1011,1004,3,6.654407802707156
1127,1399,834,1,15.539391645120883
1127,1232,873,4,16.80536252295166
1127,1004,794,4,7.315405465360834
1128,702,783,1,5.250413373789177
1128,873,1004,10,3.839767699909918
1128,925,850,1,10.694040075602611
1128,1011,973,2,4.881725510082577
1128,1004,873,3,3.839767699909918
1128,1140,1399,3,6.738996195578808
1128,1399,1105,2,10.237902514270164
1128,1232,1399,1,6.507057624431
1128,1105,873,1,17.09113028720051
1128,172,783,1,17.768672451070774
1129,928,794,4,5.8083597500151045
1129,794,1011,4,5.876008831303484
1129,925,873,2,8.629868015705554
1129,783,928,1,15.577087902404868
1129,1004,834,6,4.837273690103386
1129,402,794,1,11.081008814008824
1129,973,702,6,14.048686290771036
1129,1399,1478,1,7.009492875361758
1129,873,1011,1,9.1842566129722
1129,1067,1412,2,8.946191032118977
1129,1067,856,1,6.736061142864135
1129,172,783,1,17.768672451070774
1130,702,783,5,5.250413373789177
1130,873,783,4,4.4064860569207775
1130,1011,973,1,4.881725510082577
1130,783,525,2,6.671695598673383
1130,1105,928,2,6.509632645551289
1130,1004,925,4,7.016854369636376
1130,794,702,4,6.125367854472763
1130,928,1004,1,9.763940751913996
1130,834,714,1,9.18763012440511
1131,873,834,1,3.963116935247085
1131,1399,1058,3,9.34110519027368
1131,834,1058,2,10.204580442928409
1131,973,702,3,14.048686290771036
1131,714,850,1,7.4471861231509155
1131,702,973,1,14.048686290771036
1131,850,967,1,11.888191513854997
1131,1004,1399,1,12.567113648389872
1131,525,402,1,6.614151574587493
1131,1412,1232,1,8.805321213797965
1131,856,464,1,11.080793243354975
1131,172,783,1,17.768672451070774
1132,928,925,2,2.8524929798341074
1132,702,783,1,5.250413373789177
1132,1011,925,4,2.223898532891128
1132,1399,783,1,20.47900955025097
1132,1058,1232,3,4.83687793721146
1132,834,1004,5,4.837273690103386
1132,783,850,1,22.85304209922013
1132,1067,1232,1,8.002242999882604
1132,402,1187,1,22.584653395148187
1132,794,1232,1,13.471439449058977
1132,1478,783,1,18.994191672564124
1133,967,1011,1,1.4629503400136323
1133,925,928,10,2.8524929798341074
1133,1187,973,1,5.6404067966465385
1133,1232,1058,3,4.83687793721146
1133,1058,1105,1,3.961184888937906
1133,783,973,6,17.685208029543023
1133,702,967,6,9.424975322198348
1133,850,1187,1,11.109127914371388
1133,1004,794,1,7.315405465360834
1133,525,834,1,10.886391578093734
1134,928,794,10,5.8083597500151045
1134,1058,1187,3,3.335847799336888
1134,1004,834,4,4.837273690103386
1134,967,834,4,5.059118864445973
1134,1011,714,1,8.663428210145675
1134,1187,925,1,7.6790367656671
1134,973,1140,3,6.509265047797015
1134,464,714,1,10.122771228736514
1134,1412,1067,1,8.946191032118977
1134,850,579,1,14.052136310094992
1135,794,834,9,3.0622624863494035
1135,967,579,1,10.052645101539124
1135,925,702,1,9.423506251261468
1135,783,579,6,11.850386463154225
1135,834,1187,2,12.342244898446324
1135,1105,925,1,8.810192302561815
1135,1140,1105,3,7.683904782943718
1135,1187,794,1,11.519003477970214
1135,1232,794,3,13.471439449058977
1135,1067,714,1,12.344128539882757
1136,834,1058,6,10.204580442928409
1136,579,925,6,9.096756146766438
1136,794,702,2,6.125367854472763
1136,973,1187,5,5.6404067966465385
1136,1187,834,1,12.342244898446324
1136,967,702,1,9.424975322198348
1136,1105,973,1,4.388654712140797
1136,1105,1140,1,7.683904782943718
1136,714,579,1,6.612071581984758
1136,702,579,1,6.612071581984758
1137,925,1011,7,2.223898532891128
1137,794,925,4,3.8399670029013246
1137,1187,834,5,12.342244898446324
1137,1140,1105,1,7.683904782943718
1137,1058,1399,2,9.34110519027368
1137,579,1232,1,18.33205273511288
1137,973,856,1,11.88819151385629
1138,925,1011,4,2.223898532891128
1138,702,783,3,5.250413373789177
1138,834,925,11,5.249047199856985
1138,579,794,1,5.55974633222762
1138,1187,1140,3,3.960411314814771
1138,856,1011,1,16.764898582516587
1138,1058,1478,1,14.62524653879426
1138,714,200,1,13.478531625480986
1138,714,464,1,10.122771228736514
1139,834,873,5,3.963116935247085
1139,1399,1058,1,9.34110519027368
1139,1011,973,8,4.881725510082577
1139,1058,928,4,3.468670210314232
1139,579,794,2,5.55974633222762
1139,1105,1213,1,20.23270881812332
1139,925,1399,4,12.268300526223484
1140,1140,783,1,15.22789003823726
1140,873,783,4,4.4064860569207775
1140,1105,1232,1,3.8392690799482057
1140,783,928,1,15.577087902404868
1140,925,579,7,9.096756146766438
1140,1232,1412,1,8.805321213797965
1140,794,1004,3,7.315405465360834
1140,464,402,1,18.121881809636708
1140,1140,1067,2,12.55411324365653
1140,1399,1004,1,12.567113648389872
1141,928,967,4,3.962344440629368
1141,1004,783,2,7.966246489389644
1141,973,783,1,17.685208029543023
1141,1399,1232,4,6.507057624431
1141,1011,1004,4,6.654407802707156
1141,783,1140,2,15.22789003823726
1141,1058,967,1,5.247679923034634
1141,579,714,6,6.612071581984758
1141,1232,1213,1,18.052391004569408
1142,967,1140,3,4.548230871686798
1142,1004,967,3,5.811450880513226
1142,973,967,4,5.7043821114062
1142,1213,1004,1,7.964083694664586
1142,973,525,3,20.41598808925938
1143,967,925,9,1.4630157462730349
1143,928,973,1,2.202808837490146
1143,1004,873,3,3.839767699909918
1143,1232,967,2,9.421989977231084
1143,1067,928,2,10.07507435147502
1143,402,834,1,11.281169605088646
1143,1412,1011,1,16.64651643490022
1143,579,1004,1,12.093776951796409
1143,873,200,1,22.81076777126768
1144,928,967,2,3.962344440629368
1144,967,1011,2,1.4629503400136323
1144,1011,1140,1,3.335847799336888
1144,925,1058,7,5.058513634802797
1144,1004,967,2,5.811450880513226
1144,714,973,2,6.739138237494938
1144,1232,1067,2,8.002242999882604
1144,1140,702,3,13.472348608720578
1144,1140,579,2,14.579929042333728
1144,714,873,3,13.140369150150514
1144,714,464,1,10.122771228736514
1145,1058,925,6,5.058513634802797
1145,1140,1011,1,3.335847799336888
1145,973,1232,3,6.739053043647001
1145,783,525,8,6.671695598673383
1145,873,1478,1,15.82614542888024
1145,873,1011,2,9.1842566129722
1145,1067,856,2,6.736061142864135
1145,1213,1004,1,7.964083694664586
1145,525,579,1,10.527425779295132
1145,525,834,1,10.886391578093734
1145,525,873,1,9.675337903778155
1146,967,925,4,1.4630157462730349
1146,1232,1011,1,7.964083694664586
1146,525,783,8,6.671695598673383
1146,579,834,1,7.256503514219511
1146,1004,925,1,7.016854369636376
1146,1011,714,4,8.663428210145675
1146,925,856,2,16.318086894445933
1146,834,525,1,10.886391578093734
1146,702,579,2,6.612071581984758
1146,873,1011,2,9.1842566129722
1147,925,1011,11,2.223898532891128
1147,702,783,1,5.250413373789177
1147,834,967,2,5.059118864445973
1147,873,928,2,11.464626189279452
1147,1011,1004,1,6.654407802707156
1147,579,1011,2,11.281034038678854
1147,464,714,1,10.122771228736514
1147,1058,579,1,13.4971193863272
1148,525,783,1,6.671695598673383
1148,579,794,2,5.55974633222762
1148,928,714,1,5.640508575131163
1148,783,1187,6,19.009124176326512
1148,1011,1105,13,7.92275625179966
1148,714,973,5,6.739138237494938
1148,1232,1140,2,6.119741485129188
1148,856,928,1,13.497510700081442
1148,856,850,2,5.706192977163574
1148,200,850,1,17.344866095864173
1149,967,928,2,3.962344440629368
1149,973,928,1,2.202808837490146
1149,1105,1011,1,7.92275625179966
1149,1011,973,2,4.881725510082577
1149,579,834,1,7.256503514219511
1149,783,834,3,7.689481736045675
1149,1140,794,2,9.096545861200513
1149,850,702,1,18.37776366407494
1150,702,783,1,5.250413373789177
1150,1187,1011,2,5.851146926487822
1150,834,928,3,7.925847526229188
1150,794,783,2,10.46245949147104
1150,1011,1004,1,6.654407802707156
1150,1004,873,1,3.839767699909918
1150,1105,1067,1,4.880745078525951
1150,856,1232,1,14.473652063742133
1151,928,973,8,2.202808837490146
1151,1011,967,3,1.4629503400136323
1151,873,834,1,3.963116935247085
1151,973,928,6,2.202808837490146
1151,794,928,1,5.8083597500151045
1151,1105,1232,8,3.8392690799482057
1151,783,834,2,7.689481736045675
1151,1187,925,4,7.6790367656671
1151,1232,1399,1,6.507057624431
1151,850,856,1,5.706192977163574
1151,1105,714,1,10.705966675098557
1151,714,1105,1,10.705966675098557
1152,1232,928,8,8.28950012214804
1152,834,967,4,5.059118864445973
1152,783,794,2,10.46245949147104
1152,794,579,1,5.55974633222762
1152,928,1105,6,6.509632645551289
1152,973,967,4,5.7043821114062
1152,1067,928,1,10.07507435147502
1152,1105,925,2,8.810192302561815
1152,1004,579,1,12.093776951796409
1152,856,1011,1,16.764898582516587
1153,928,925,10,2.8524929798341074
1153,925,1232,6,9.649241749541863
1153,850,1140,1,13.036256596755637
1153,1105,1058,2,3.961184888937906
1153,973,1105,4,4.388654712140797
1153,967,1105,6,9.182568470632535
1154,1140,925,1,5.559746332228015
1154,794,834,2,3.0622624863494035
1154,967,794,5,4.548315025166438
1154,1105,1058,9,3.961184888937906
1154,1399,1105,1,10.237902514270164
1154,714,1399,1,18.018266211078156
1154,1105,973,3,4.388654712140797
1155,925,783,1,12.804913262721543
1155,794,834,4,3.0622624863494035
1155,1105,1011,2,7.92275625179966
1155,1058,794,7,8.77829027244345
1155,1232,1412,3,8.805321213797965
1155,579,1213,1,19.68761230650633
1156,925,1011,10,2.223898532891128
1156,1058,1011,4,3.961571514117998
1156,1011,925,2,2.223898532891128
1156,794,925,3,3.8399670029013246
1156,834,925,5,5.249047199856985
1156,973,1140,3,6.509265047797015
1156,1232,1399,1,6.507057624431
1156,1232,714,2,13.478191227023236
1156,579,172,1,21.511348652031973
1157,925,1011,6,2.223898532891128
1157,834,928,1,7.925847526229188
1157,1399,1187,2,6.247627185540738
1157,794,873,5,7.018858162934119
1157,783,1004,1,7.966246489389644
1157,1011,714,11,8.663428210145675
1157,1105,794,1,12.287533860803824
1157,1105,1478,1,16.644260310570534
1158,1011,973,9,4.881725510082577
1158,1140,1105,3,7.683904782943718
1158,1412,973,3,14.027846499005278
1158,1213,794,1,15.264021951318778
1159,925,783,4,12.804913262721543
1159,1187,973,2,5.6404067966465385
1159,973,1232,6,6.739053043647001
1159,873,794,5,7.018858162934119
1159,794,973,1,8.005758424200978
1160,928,1058,1,3.468670210314232
1160,794,579,1,5.55974633222762
1160,714,928,11,5.640508575131163
1160,1105,925,1,8.810192302561815
1160,714,1004,1,13.03892031990063
1160,1004,928,1,9.763940751913996
1161,928,794,12,5.8083597500151045
1161,794,579,5,5.55974633222762
1161,714,1011,1,8.663428210145675
1161,973,1140,9,6.509265047797015
1161,1058,1067,1,8.554760866502043
1161,1011,579,1,11.281034038678854
1162,925,1011,1,2.223898532891128
1162,1232,1011,1,7.964083694664586
1162,794,1011,10,5.876008831303484
1162,579,834,2,7.256503514219511
1162,1011,1213,1,13.548232944538976
1162,1140,714,2,11.751952287542252
1162,1105,794,2,12.287533860803824
1162,1140,1478,1,10.56486642729493
1163,794,1011,4,5.876008831303484
1163,1232,973,5,6.739053043647001
1163,783,402,4,11.521692668209962
1163,1011,1105,1,7.92275625179966
1163,1140,702,1,13.472348608720578
1163,1140,873,2,10.849467604025635
1163,1140,1412,1,14.879879730628884
1163,1067,1187,1,9.180879404297018
1163,1140,1478,2,10.56486642729493
1163,1478,1011,1,13.494566217296024
1164,873,702,2,4.548357078342699
1164,579,834,5,7.256503514219511
1164,1011,1105,11,7.92275625179966
1164,402,794,4,11.081008814008824
1164,973,1412,5,14.027846499005278
1164,1004,1067,1,19.04407463197984
1165,834,783,7,7.689481736045675
1165,702,783,1,5.250413373789177
1165,1187,1105,1,4.4040530489389695
1165,1105,925,2,8.810192302561815
1166,925,1011,2,2.223898532891128
1166,1213,783,1,11.11949266445603
1166,794,1011,4,5.876008831303484
1166,714,1011,1,8.663428210145675
1166,702,794,2,6.125367854472763
1166,1105,925,4,8.810192302561815
1166,1011,856,4,16.764898582516587
1166,1011,1399,1,10.052549905308156
1166,714,1058,1,8.895594131564904
1166,1478,783,1,18.994191672564124
1167,925,1011,3,2.223898532891128
1167,1011,928,2,3.6167275925925466
1167,1105,1011,1,7.92275625179966
1167,783,1140,3,15.22789003823726
1167,1067,1399,1,14.46118952528998
1167,1105,973,5,4.388654712140797
1168,925,794,1,3.8399670029013246
1168,928,1058,2,3.468670210314232
1168,1140,1058,1,4.404400893299181
1168,783,714,2,16.323166899192785
1168,794,873,2,7.018858162934119
1168,1105,1187,1,4.4040530489389695
1168,1058,402,1,19.689963068329824
1168,1412,1011,1,16.64651643490022
1168,1412,928,1,16.089571776562533
1168,1412,1067,1,8.946191032118977
1168,1478,1011,1,13.494566217296024
1169,1058,1011,3,3.961571514117998
1169,1140,1011,2,3.335847799336888
1169,783,1004,5,7.966246489389644
1169,1412,1140,1,14.879879730628884
1169,1011,464,1,18.41923278489661
1169,1187,1399,1,6.247627185540738
1169,1412,973,2,14.027846499005278
1169,973,1412,1,14.027846499005278
1169,973,873,3,13.496121499721363
1169,856,973,1,11.88819151385629
1169,856,794,1,18.10474316960466
1169,856,1067,1,6.736061142864135
1170,873,783,2,4.4064860569207775
1170,1399,925,2,12.268300526223484
1170,1140,1232,1,6.119741485129188
1170,1011,1067,12,12.40745751794731
1170,714,1011,1,8.663428210145675
1170,928,1412,1,16.089571776562533
1170,464,1232,1,20.81259910432051
1170,973,1213,1,18.36260104007094
1170,1004,579,1,12.093776951796409
1170,1004,702,2,7.841523685223605
1170,1004,1058,1,10.515329624384115
1170,1004,1213,1,7.964083694664586
1170,856,794,1,18.10474316960466
1171,925,1232,1,9.649241749541863
1171,1399,973,1,11.751170313633397
1171,794,579,2,5.55974633222762
1171,1067,928,7,10.07507435147502
1171,1232,834,1,14.473652063742133
1171,1011,1478,1,13.494566217296024
1171,714,702,1,11.41600413764035
1171,702,579,1,6.612071581984758
1171,973,1213,2,18.36260104007094
1171,1478,1011,1,13.494566217296024
1172,928,783,3,15.577087902404868
1172,794,928,1,5.8083597500151045
1172,834,873,1,3.963116935247085
1172,402,783,1,11.521692668209962
1172,925,850,1,10.694040075602611
1172,1011,834,1,6.510367578384317
1172,973,1140,1,6.509265047797015
1172,1011,1213,2,13.548232944538976
1172,1067,1105,2,4.880745078525951
1172,1067,850,5,5.87594370452583
1172,702,1140,1,13.472348608720578
1172,873,973,1,13.496121499721363
1172,873,1105,2,17.09113028720051
1172,1213,1140,1,12.551534849108323
1173,928,967,5,3.962344440629368
1173,973,1067,1,7.92352939429049
1173,783,928,4,15.577087902404868
1173,702,967,1,9.424975322198348
1173,1058,794,1,8.77829027244345
1173,579,1011,2,11.281034038678854
1173,834,402,1,11.281169605088646
1173,1412,1140,2,14.879879730628884
1173,1213,1011,1,13.548232944538976
1173,1011,1399,1,10.052549905308156
1173,873,1067,1,21.383746569034415
1173,1232,464,1,20.81259910432051
1174,967,925,3,1.4630157462730349
1174,1011,1058,3,3.961571514117998
1174,794,873,1,7.018858162934119
1174,783,1011,1,13.554200769268274
1174,850,1105,4,7.255791794533394
1174,1140,834,2,9.120303414799448
1174,973,714,1,6.739138237494938
1174,1232,873,1,16.80536252295166
1174,402,1058,1,19.689963068329824
1174,579,1058,1,13.4971193863272
1174,1105,702,2,18.21042691241635
1174,1105,973,2,4.388654712140797
1174,1213,1140,1,12.551534849108323
1174,1213,794,1,15.264021951318778
1175,925,1140,1,5.559746332228015
1175,1399,1232,1,6.507057624431
1175,1140,1187,4,3.960411314814771
1175,834,579,1,7.256503514219511
1175,1105,928,2,6.509632645551289
1175,967,1004,3,5.811450880513226
1175,1058,967,2,5.247679923034634
1175,850,1140,2,13.036256596755637
1175,579,1213,1,19.68761230650633
1175,1213,973,1,18.36260104007094
1175,1213,925,1,14.603468927185563
1176,834,783,1,7.689481736045675
1176,1187,973,2,5.6404067966465385
1176,1058,928,1,3.468670210314232
1176,1011,834,1,6.510367578384317
1176,973,714,2,6.739138237494938
1176,1067,1232,1,8.002242999882604
1176,967,1213,1,13.213201406808306
1176,702,579,1,6.612071581984758
1176,1067,714,1,12.344128539882757
1177,794,783,1,10.46245949147104
1177,928,1058,7,3.468670210314232
1177,1140,1187,3,3.960411314814771
1177,702,928,1,11.847457656626572
1177,1058,1105,2,3.961184888937906
1177,1004,967,3,5.811450880513226
1177,783,1058,1,17.486864213198086
1177,579,925,1,9.096756146766438
1177,1187,1140,2,3.960411314814771
1177,464,1011,1,18.41923278489661
1177,925,464,1,16.731616825582336
1177,714,1140,1,11.751952287542252
1177,1213,1105,1,20.23270881812332
1177,1105,834,1,14.045233535461502
1177,873,1140,1,10.849467604025635
1177,873,1011,1,9.1842566129722
1177,1105,1004,1,14.430329325731782
1178,925,967,3,1.4630157462730349
1178,928,973,1,2.202808837490146
1178,1058,925,5,5.058513634802797
1178,1213,783,1,11.11949266445603
1178,1232,1105,1,3.8392690799482057
1178,967,973,1,5.7043821114062
1178,973,1011,3,4.881725510082577
1178,1187,928,2,6.739067249150369
1178,714,464,1,10.122771228736514
1178,1232,1213,1,18.052391004569408
1179,925,967,5,1.4630157462730349
1179,967,925,5,1.4630157462730349
1179,1058,1011,3,3.961571514117998
1179,973,928,1,2.202808837490146
1179,834,928,2,7.925847526229188
1179,783,702,2,5.250413373789177
1179,714,783,2,16.323166899192785
1179,1140,973,4,6.509265047797015
1179,1105,1058,4,3.961184888937906
1179,1187,1067,1,9.180879404297018
1180,1011,925,8,2.223898532891128
1180,925,1004,5,7.016854369636376
1180,973,1058,4,2.41855773034487
1180,1058,1399,3,9.34110519027368
1180,1004,1058,1,10.515329624384115
1180,579,873,1,10.243397261423542
1181,925,967,8,1.4630157462730349
1181,702,783,2,5.250413373789177
1181,928,973,5,2.202808837490146
1181,967,1011,6,1.4629503400136323
1181,1004,834,2,4.837273690103386
1181,783,834,3,7.689481736045675
1181,1058,1478,1,14.62524653879426
1181,464,967,1,18.19332331835528
1181,1067,856,1,6.736061142864135
1181,1213,1478,1,9.419000433145635
1182,967,928,6,3.962344440629368
1182,973,928,3,2.202808837490146
1182,1058,1105,4,3.961184888937906
1182,1399,1105,3,10.237902514270164
1182,464,1011,1,18.41923278489661
1182,1004,1140,3,7.442778444077659
1182,1011,1399,3,10.052549905308156
1182,1011,1213,1,13.548232944538976
1183,967,1011,1,1.4629503400136323
1183,928,1058,8,3.468670210314232
1183,973,1232,3,6.739053043647001
1183,834,579,2,7.256503514219511
1183,873,967,1,7.925075031537542
1183,1011,579,2,11.281034038678854
1184,1058,925,7,5.058513634802797
1184,1232,1187,3,2.2017655762295663
1184,1105,1011,6,7.92275625179966
1184,1140,1058,3,4.404400893299181
1184,1011,1140,2,3.335847799336888
1184,783,1213,2,11.11949266445603
1184,1399,1478,3,7.009492875361758
1184,967,1213,3,13.213201406808306
1184,1478,1140,1,10.56486642729493
1184,200,1011,1,21.884928176481388
1185,1213,783,2,11.11949266445603
1185,925,1140,2,5.559746332228015
1185,834,873,3,3.963116935247085
1185,1140,1187,3,3.960411314814771
1185,1058,1232,2,4.83687793721146
1185,928,464,1,14.930631823982267
1185,579,1140,2,14.579929042333728
1185,856,714,1,12.80743720302119
1185,1011,1478,1,13.494566217296024
1185,1105,850,1,7.255791794533394
1185,1213,834,1,12.569063966979074
1186,925,1011,5,2.223898532891128
1186,1058,1011,3,3.961571514117998
1186,1187,1232,5,2.2017655762295663
1186,1140,928,1,6.2484548670441855
1186,1011,1232,6,7.964083694664586
1186,714,973,1,6.739138237494938
1186,873,579,3,10.243397261423542
1186,579,525,1,10.527425779295132
1187,1011,967,8,1.4629503400136323
1187,579,794,4,5.55974633222762
1187,1232,1140,6,6.119741485129188
1187,1140,1399,3,6.738996195578808
1187,850,1058,1,8.672138339743874
1187,525,402,1,6.614151574587493
1187,1213,1011,2,13.548232944538976
1187,1213,1187,1,16.19122385834084
1188,834,783,1,7.689481736045675
1188,1140,1232,3,6.119741485129188
1188,973,1067,1,7.92352939429049
1188,783,1232,1,21.210313956402903
1188,794,873,1,7.018858162934119
1188,1187,1412,1,11.00708650475215
1189,967,925,8,1.4630157462730349
1189,928,973,1,2.202808837490146
1189,1058,1011,1,3.961571514117998
1189,1232,925,8,9.649241749541863
1189,783,850,1,22.85304209922013
1189,1140,973,3,6.509265047797015
1189,402,702,1,7.84160901068824
1189,1399,1105,2,10.237902514270164
1190,925,1232,12,9.649241749541863
1190,873,702,1,4.548357078342699
1190,783,1004,1,7.966246489389644
1190,464,850,1,10.052673626423328
1190,1011,402,2,16.93184038136659
1190,794,1105,3,12.287533860803824
1190,973,1478,1,16.94926120721475
1190,1187,714,1,12.231441930901791
1191,1399,1140,1,6.738996195578808
1191,850,714,2,7.4471861231509155
1191,925,1067,1,12.80112469343922
1191,1232,873,1,16.80536252295166
1191,702,1232,1,18.84696316793992
1191,1011,1478,1,13.494566217296024
1192,1232,783,3,21.210313956402903
1192,1067,973,1,7.92352939429049
1192,1105,1058,4,3.961184888937906
1192,973,402,3,18.419980035084063
1192,873,579,1,10.243397261423542
1192,925,1412,3,18.07211283325024
1192,714,579,2,6.612071581984758
1192,1140,1004,1,7.442778444077659
1192,1412,850,1,14.733832640164646
1193,850,973,1,6.608947508553885
1193,1105,1011,1,7.92275625179966
1193,579,928,1,10.087254514060623
1193,1058,834,1,10.204580442928409
1193,1067,928,1,10.07507435147502
1193,702,794,1,6.125367854472763
1193,973,702,1,14.048686290771036
1193,402,834,2,11.281169605088646
1193,1232,794,9,13.471439449058977
1193,1004,1187,1,11.361508124700526
1194,1011,925,1,2.223898532891128
1194,928,1011,1,3.6167275925925466
1194,794,579,1,5.55974633222762
1194,1232,967,3,9.421989977231084
1194,579,973,1,12.02013346271456
1194,1187,1140,1,3.960411314814771
1194,1058,702,1,14.468812957232682
1195,967,925,3,1.4630157462730349
1195,834,967,3,5.059118864445973
1195,579,928,2,10.087254514060623
1195,1011,1140,1,3.335847799336888
1195,783,873,3,4.4064860569207775
1195,402,794,2,11.081008814008824
1195,1058,714,2,8.895594131564904
1195,794,714,9,6.125367854472763
1195,714,967,1,8.192867163522228
1195,1004,850,1,17.683455373897953
1196,967,925,4,1.4630157462730349
1196,1140,925,1,5.559746332228015
1196,925,850,2,10.694040075602611
1196,973,1011,2,4.881725510082577
1196,714,1011,2,8.663428210145675
1196,1412,1140,3,14.879879730628884
1196,873,1011,1,9.1842566129722
1196,402,1004,1,15.567289730238285
1197,850,1011,1,11.365584452473476
1197,1140,1058,4,4.404400893299181
1197,928,1140,3,6.2484548670441855
1197,925,714,3,6.736742718055863
1197,1011,1067,1,12.40745751794731
1197,702,794,2,6.125367854472763
1197,714,925,9,6.736742718055863
1198,925,1011,13,2.223898532891128
1198,1058,1011,1,3.961571514117998
1198,873,1004,1,3.839767699909918
1198,794,783,4,10.46245949147104
1198,1011,1105,4,7.92275625179966
1198,850,1067,2,5.87594370452583
1198,1140,794,1,9.096545861200513
1198,873,850,1,19.05211151685567
1198,714,967,1,8.192867163522228
1198,1004,1213,1,7.964083694664586
1199,967,925,1,1.4630157462730349
1199,1058,925,1,5.058513634802797
1199,1011,1232,4,7.964083694664586
1199,1140,1399,2,6.738996195578808
1199,714,1058,1,8.895594131564904
1200,925,1011,1,2.223898532891128
1200,1213,783,1,11.11949266445603
1200,1058,1187,2,3.335847799336888
1200,1399,1140,1,6.738996195578808
1200,1011,973,2,4.881725510082577
1200,1067,1105,3,4.880745078525951
1200,1004,1187,1,11.361508124700526
1200,714,967,1,8.192867163522228
1201,794,579,1,5.55974633222762
1201,973,967,2,5.7043821114062
1201,1011,702,9,10.884143023519666
1201,1187,1213,1,16.19122385834084
1201,850,1058,1,8.672138339743874
1201,1105,834,4,14.045233535461502
1201,1187,1067,1,9.180879404297018
1202,967,925,3,1.4630157462730349
1202,1399,1011,1,10.052549905308156
1202,783,794,4,10.46245949147104
1202,1232,967,1,9.421989977231084
1202,1140,973,1,6.509265047797015
1202,925,1105,1,8.810192302561815
1202,1187,925,1,7.6790367656671
1202,579,464,1,13.736208219113248
1202,1058,1213,1,16.75664673959281
1203,1011,928,2,3.6167275925925466
1203,794,1011,4,5.876008831303484
1203,702,925,9,9.423506251261468
1203,834,1011,4,6.510367578384317
1203,783,579,1,11.850386463154225
1203,925,1213,1,14.603468927185563
1203,1105,1058,1,3.961184888937906
1203,1232,834,2,14.473652063742133
1203,1058,714,1,8.895594131564904
1203,1232,1478,1,13.206936132693205
1203,1067,850,1,5.87594370452583
1203,1105,850,2,7.255791794533394
1204,928,973,2,2.202808837490146
1204,1213,783,1,11.11949266445603
1204,834,928,1,7.925847526229188
1204,925,794,3,3.8399670029013246
1204,973,1232,1,6.739053043647001
1204,967,1058,1,5.247679923034634
1204,850,714,2,7.4471861231509155
1204,1011,1067,2,12.40745751794731
1204,714,794,1,6.125367854472763
1204,1058,464,1,17.327738037204117
1205,1058,925,1,5.058513634802797
1205,1213,783,1,11.11949266445603
1205,925,928,9,2.8524929798341074
1205,834,1058,1,10.204580442928409
1205,973,967,1,5.7043821114062
1205,1011,702,2,10.884143023519666
1205,850,856,1,5.706192977163574
1205,794,1232,1,13.471439449058977
1205,464,714,1,10.122771228736514
1205,579,967,1,10.052645101539124
1206,928,925,10,2.8524929798341074
1206,1011,967,4,1.4629503400136323
1206,1213,783,1,11.11949266445603
1206,1232,1058,1,4.83687793721146
1206,1105,928,1,6.509632645551289
1206,973,967,1,5.7043821114062
1206,714,1011,2,8.663428210145675
1206,794,1058,1,8.77829027244345
1207,928,973,1,2.202808837490146
1207,783,1140,1,15.22789003823726
1207,967,714,5,8.192867163522228
1207,856,973,1,11.88819151385629
1207,1067,1011,1,12.40745751794731
1207,794,1187,2,11.519003477970214
1207,1058,1004,1,10.515329624384115
1207,1067,1058,1,8.554760866502043
1207,1478,783,1,18.994191672564124
1208,973,783,1,17.685208029543023
1208,925,1140,11,5.559746332228015
1208,783,873,3,4.4064860569207775
1208,714,783,1,16.323166899192785
1208,1187,1140,1,3.960411314814771
1208,702,1058,2,14.468812957232682
1208,1011,579,1,11.281034038678854
1208,967,1399,1,11.280728646716137
1208,464,714,1,10.122771228736514
1208,1232,714,1,13.478191227023236
1209,1011,1058,2,3.961571514117998
1209,973,1011,1,4.881725510082577
1209,1058,1232,4,4.83687793721146
1209,1140,973,4,6.509265047797015
1209,873,1478,1,15.82614542888024
1209,967,1399,1,11.280728646716137
1210,1187,1011,1,5.851146926487822
1210,873,834,2,3.963116935247085
1210,973,1105,1,4.388654712140797
1210,714,794,5,6.125367854472763
1210,1140,794,3,9.096545861200513
1210,1399,1478,1,7.009492875361758
1210,1058,1067,1,8.554760866502043
1210,1232,850,2,11.078851145692578
1211,834,783,2,7.689481736045675
1211,1140,1011,6,3.335847799336888
1211,1011,928,2,3.6167275925925466
1211,1399,1058,1,9.34110519027368
1211,783,714,1,16.323166899192785
1211,794,579,5,5.55974633222762
1211,579,464,1,13.736208219113248
1211,973,1140,3,6.509265047797015
1211,1232,1399,2,6.507057624431
1211,714,1187,1,12.231441930901791
1211,714,1105,1,10.705966675098557
1211,1004,1399,1,12.567113648389872
1212,928,925,2,2.8524929798341074
1212,1399,1232,2,6.507057624431
1212,579,794,4,5.55974633222762
1212,783,973,1,17.685208029543023
1212,1058,1140,3,4.404400893299181
1212,794,402,2,11.081008814008824
1212,1187,1478,1,12.280518083533188
1212,1478,1140,1,10.56486642729493
1213,925,834,1,5.249047199856985
1213,850,973,1,6.608947508553885
1213,1011,928,4,3.6167275925925466
1213,794,873,1,7.018858162934119
1213,783,834,2,7.689481736045675
1213,1140,834,4,9.120303414799448
1213,1067,850,1,5.87594370452583
1213,1011,525,2,17.39283322509588
1213,1105,714,1,10.705966675098557
1213,172,783,1,17.768672451070774
1213,1478,1140,1,10.56486642729493
1214,1140,1058,4,4.404400893299181
1214,794,873,1,7.018858162934119
1214,1105,928,1,6.509632645551289
1214,783,850,1,22.85304209922013
1214,973,967,2,5.7043821114062
1214,579,402,1,6.514036981260467
1214,928,402,4,16.388066195777938
1214,714,925,1,6.736742718055863
1214,1232,1067,2,8.002242999882604
1214,834,1213,1,12.569063966979074
1214,794,714,3,6.125367854472763
1214,464,714,1,10.122771228736514
1214,172,850,1,35.56283988223624
1214,1478,783,1,18.994191672564124
1215,834,783,1,7.689481736045675
1215,783,525,1,6.671695598673383
1215,873,794,1,7.018858162934119
1215,925,402,1,14.913154476154167
1215,850,1067,4,5.87594370452583
1215,1058,1478,1,14.62524653879426
1215,1399,1105,1,10.237902514270164
1215,525,579,1,10.527425779295132
1215,525,402,1,6.614151574587493
1215,1213,702,1,14.16486062369625
1216,834,794,5,3.0622624863494035
1216,925,1004,1,7.016854369636376
1216,794,783,1,10.46245949147104
1216,525,783,1,6.671695598673383
1216,1067,973,4,7.92352939429049
1216,402,925,3,14.913154476154167
1216,1058,714,2,8.895594131564904
1216,967,702,2,9.424975322198348
1216,702,850,1,18.37776366407494
1216,928,1067,1,10.07507435147502
1216,714,1140,1,11.751952287542252
1216,1105,973,1,4.388654712140797
1216,1067,850,1,5.87594370452583
1216,873,1213,1,9.674072372960078
1216,1478,783,1,18.994191672564124
1217,794,925,5,3.8399670029013246
1217,850,783,1,22.85304209922013
1217,925,794,3,3.8399670029013246
1217,1140,967,1,4.548230871686798
1217,783,464,2,25.397194471986413
1217,714,1011,4,8.663428210145675
1217,579,714,1,6.612071581984758
1217,1058,1478,1,14.62524653879426
1217,973,1213,1,18.36260104007094
1217,973,1478,1,16.94926120721475
1217,973,856,1,11.88819151385629
1217,1067,1140,1,12.55411324365653
1218,967,1011,1,1.4629503400136323
1218,1213,783,1,11.11949266445603
1218,702,834,2,4.389831624444016
1218,783,967,2,12.247362390603268
1218,1004,967,1,5.811450880513226
1218,714,1011,1,8.663428210145675
1218,402,579,2,6.514036981260467
1218,464,973,2,14.912840443208973
1218,402,967,1,15.541607685822626
1218,402,1004,1,15.567289730238285
1219,1213,783,1,11.11949266445603
1219,925,1478,2,15.538947915471203
1219,973,1058,4,2.41855773034487
1219,783,702,2,5.250413373789177
1219,794,873,3,7.018858162934119
1219,1011,834,5,6.510367578384317
1219,967,1004,3,5.811450880513226
1219,1067,1232,1,8.002242999882604
1219,714,834,1,9.18763012440511
1219,1140,1105,1,7.683904782943718
1219,579,1187,2,16.57993448038173
1219,402,834,1,11.281169605088646
1220,873,783,1,4.4064860569207775
1220,1232,1105,1,3.8392690799482057
1220,834,794,8,3.0622624863494035
1220,1011,834,1,6.510367578384317
1220,402,928,1,16.388066195777938
1220,1058,714,4,8.895594131564904
1220,925,464,1,16.731616825582336
1220,1004,1478,1,12.268284911360968
1220,856,1187,1,15.226827950407046
1221,928,794,1,5.8083597500151045
1221,873,702,1,4.548357078342699
1221,783,525,1,6.671695598673383
1221,794,973,3,8.005758424200978
1221,1105,925,1,8.810192302561815
1221,967,714,1,8.192867163522228
1221,925,856,2,16.318086894445933
1221,1187,1399,2,6.247627185540738
1221,702,1213,1,14.16486062369625
1221,1004,794,1,7.315405465360834
1221,714,1058,3,8.895594131564904
1221,850,1213,1,24.912341119523507
1221,873,1011,1,9.1842566129722
1221,1004,928,1,9.763940751913996
1222,1004,783,1,7.966246489389644
1222,1058,834,2,10.204580442928409
1222,1187,925,1,7.6790367656671
1222,794,1004,6,7.315405465360834
1222,702,172,1,18.858887720998347
1222,714,1067,1,12.344128539882757
1223,1213,783,2,11.11949266445603
1223,525,783,1,6.671695598673383
1223,1399,1140,2,6.738996195578808
1223,714,783,1,16.323166899192785
1223,973,1187,3,5.6404067966465385
1223,834,1067,1,17.994484200739958
1223,464,1105,1,17.107687775979528
1223,856,850,2,5.706192977163574
1223,1105,1213,1,20.23270881812332
1224,928,925,1,2.8524929798341074
1224,702,783,1,5.250413373789177
1224,1004,783,6,7.966246489389644
1224,783,1187,1,19.009124176326512
1224,834,1058,2,10.204580442928409
1224,714,973,1,6.739138237494938
1224,925,1067,1,12.80112469343922
1224,794,1004,1,7.315405465360834
1224,1067,1412,1,8.946191032118977
1224,850,967,2,11.888191513854997
1224,1058,1213,1,16.75664673959281
1225,925,967,2,1.4630157462730349
1225,1011,1140,1,3.335847799336888
1225,973,850,1,6.608947508553885
1225,783,1004,6,7.966246489389644
1225,834,1058,1,10.204580442928409
1225,1067,1232,1,8.002242999882604
1225,1058,714,1,8.895594131564904
1226,967,925,4,1.4630157462730349
1226,1187,1011,4,5.851146926487822
1226,1213,783,2,11.11949266445603
1226,1140,1399,2,6.738996195578808
1226,1058,1140,2,4.404400893299181
1226,1004,1140,2,7.442778444077659
1226,1105,834,1,14.045233535461502
1226,1140,714,1,11.751952287542252
1227,925,1011,4,2.223898532891128
1227,783,925,6,12.804913262721543
1227,1004,967,5,5.811450880513226
1227,1140,834,1,9.120303414799448
1227,714,925,1,6.736742718055863
1227,1232,1067,1,8.002242999882604
1227,1011,579,2,11.281034038678854
1227,1067,967,1,13.49334191116594
1228,714,973,1,6.739138237494938
1228,1011,714,3,8.663428210145675
1228,1140,834,3,9.120303414799448
1228,834,714,1,9.18763012440511
1228,850,1058,1,8.672138339743874
1228,1412,973,1,14.027846499005278
1228,1399,1004,1,12.567113648389872
1228,1478,1399,1,7.009492875361758
1229,973,928,2,2.202808837490146
1229,925,1004,7,7.016854369636376
1229,1399,925,2,12.268300526223484
1229,1004,873,1,3.839767699909918
1229,1011,1187,3,5.851146926487822
1229,714,928,1,5.640508575131163
1229,967,873,6,7.925075031537542
1230,928,925,2,2.8524929798341074
1230,925,794,2,3.8399670029013246
1230,873,1004,4,3.839767699909918
1230,783,928,2,15.577087902404868
1230,579,925,2,9.096756146766438
1230,714,973,2,6.739138237494938
1230,1004,794,2,7.315405465360834
1230,834,525,3,10.886391578093734
1230,1058,1067,1,8.554760866502043
1230,1067,850,1,5.87594370452583
1231,1004,925,5,7.016854369636376
1231,873,967,3,7.925075031537542
1231,794,1140,1,9.096545861200513
1231,1187,1004,3,11.361508124700526
1232,525,783,2,6.671695598673383
1232,1140,1232,1,6.119741485129188
1232,834,1004,1,4.837273690103386
1232,1004,967,3,5.811450880513226
1232,925,1187,4,7.6790367656671
1232,1067,1232,1,8.002242999882604
1232,850,1232,1,11.078851145692578
1232,714,1105,1,10.705966675098557
1232,928,464,2,14.930631823982267
1232,200,1011,1,21.884928176481388
1233,967,973,3,5.7043821114062
1233,928,1140,1,6.2484548670441855
1233,794,967,1,4.548315025166438
1233,973,714,2,6.739138237494938
1233,1232,1412,1,8.805321213797965
1233,1011,873,1,9.1842566129722
1233,1105,1140,1,7.683904782943718
1233,1004,1232,2,13.548232944538976
1233,525,834,1,10.886391578093734
1234,967,783,1,12.247362390603268
1234,794,783,2,10.46245949147104
1234,1140,1058,1,4.404400893299181
1234,873,702,1,4.548357078342699
1234,1004,967,2,5.811450880513226
1234,1187,1004,2,11.361508124700526
1234,925,200,3,19.74674473703068
1234,1412,1067,1,8.946191032118977
1234,1187,1412,1,11.00708650475215
1234,1232,856,1,14.473652063742133
1234,1004,1478,1,12.268284911360968
1235,925,928,2,2.8524929798341074
1235,1140,1187,1,3.960411314814771
1235,1232,967,2,9.421989977231084
1235,834,714,1,9.18763012440511
1235,967,402,3,15.541607685822626
1235,464,714,1,10.122771228736514
1235,1187,794,1,11.519003477970214
1235,464,200,1,8.783774420135625
1235,702,464,1,20.168168841470333
1235,1067,850,1,5.87594370452583
1235,1478,967,1,14.163846735607535
1236,967,928,4,3.962344440629368
1236,928,783,2,15.577087902404868
1236,973,928,3,2.202808837490146
1236,783,973,3,17.685208029543023
1236,1058,967,1,5.247679923034634
1236,714,794,3,6.125367854472763
1236,856,1067,1,6.736061142864135
1236,464,1058,1,17.327738037204117
1236,850,1412,1,14.733832640164646
1237,1232,928,1,8.28950012214804
1237,928,1058,7,3.468670210314232
1237,1004,834,2,4.837273690103386
1237,783,850,1,22.85304209922013
1237,1058,967,1,5.247679923034634
1237,1412,1140,1,14.879879730628884
1237,794,1187,2,11.519003477970214
1237,1412,1232,1,8.805321213797965
1238,1058,973,5,2.41855773034487
1238,973,928,3,2.202808837490146
1238,834,967,2,5.059118864445973
1238,783,1187,1,19.009124176326512
1238,402,794,3,11.081008814008824
1238,1187,928,1,6.739067249150369
1238,714,794,1,6.125367854472763
1238,967,200,1,21.09451284784304
1238,794,1232,1,13.471439449058977
1238,1058,1067,1,8.554760866502043
1238,967,856,1,17.437906487356226
1239,794,925,3,3.8399670029013246
1239,1232,928,1,8.28950012214804
1239,928,1140,3,6.2484548670441855
1239,1058,1232,1,4.83687793721146
1239,783,1011,2,13.554200769268274
1239,967,1187,1,7.314097191827283
1239,973,1140,5,6.509265047797015
1239,1067,1105,1,4.880745078525951
1239,1187,1399,1,6.247627185540738
1239,1140,702,1,13.472348608720578
1240,925,1140,1,5.559746332228015
1240,1232,1105,2,3.8392690799482057
1240,794,967,2,4.548315025166438
1240,1187,1140,3,3.960411314814771
1240,967,873,2,7.925075031537542
1240,928,856,1,13.497510700081442
1240,1140,464,1,21.137556298109768
1240,1140,1067,1,12.55411324365653
1241,1399,1187,1,6.247627185540738
1241,1011,1187,2,5.851146926487822
1241,850,794,1,12.413971394684204
1241,1067,928,1,10.07507435147502
1241,928,1232,2,8.28950012214804
1241,1140,1105,3,7.683904782943718
1241,1140,1004,6,7.442778444077659
1241,1105,973,2,4.388654712140797
1241,856,1067,1,6.736061142864135
1241,464,1232,1,20.81259910432051
1242,873,783,2,4.4064860569207775
1242,794,928,1,5.8083597500151045
1242,967,973,2,5.7043821114062
1242,925,702,2,9.423506251261468
1242,973,794,1,8.005758424200978
1242,1232,967,2,9.421989977231084
1242,1187,1105,3,4.4040530489389695
1242,1067,856,1,6.736061142864135
1243,702,783,3,5.250413373789177
1243,1004,783,4,7.966246489389644
1243,1105,1011,4,7.92275625179966
1243,928,714,1,5.640508575131163
1243,1232,1067,1,8.002242999882604
1243,1140,1105,1,7.683904782943718
1243,967,856,1,17.437906487356226
1243,1067,967,1,13.49334191116594
1243,856,1187,1,15.226827950407046
1244,1187,1058,1,3.335847799336888
1244,973,1011,3,4.881725510082577
1244,783,714,1,16.323166899192785
1244,794,1004,1,7.315405465360834
1244,1004,1187,2,11.361508124700526
1245,1011,1004,7,6.654407802707156
1245,928,1399,1,12.37821780679595
1245,856,973,1,11.88819151385629
1245,1105,464,2,17.107687775979528
1245,714,464,1,10.122771228736514
1246,967,783,2,12.247362390603268
1246,783,1478,2,18.994191672564124
1246,1004,967,3,5.811450880513226
1246,1105,1187,2,4.4040530489389695
1246,1067,1412,1,8.946191032118977
1247,967,925,1,1.4630157462730349
1247,1399,1140,1,6.738996195578808
1247,783,1140,6,15.22789003823726
1247,714,928,1,5.640508575131163
1247,1058,714,1,8.895594131564904
1247,1187,702,4,16.72667802016658
1247,1004,973,1,11.462222395062687
1247,1004,794,3,7.315405465360834
1247,856,834,1,20.92270438869305
1247,200,1140,1,25.12012687572339
1248,925,1011,1,2.223898532891128
1248,1140,1232,7,6.119741485129188
1248,783,579,1,11.850386463154225
1248,973,1140,1,6.509265047797015
1248,464,579,1,13.736208219113248
1248,1004,1213,1,7.964083694664586
1249,834,783,1,7.689481736045675
1249,794,973,3,8.005758424200978
1249,1232,967,1,9.421989977231084
1249,783,579,1,11.850386463154225
1249,464,973,2,14.912840443208973
1249,1140,1105,2,7.683904782943718
1249,967,702,2,9.424975322198348
1250,928,1140,1,6.2484548670441855
1250,967,1058,1,5.247679923034634
1250,1011,973,1,4.881725510082577
1250,702,925,3,9.423506251261468
1250,973,850,2,6.608947508553885
1250,702,1140,1,13.472348608720578
1251,1232,925,3,9.649241749541863
1251,1058,1232,1,4.83687793721146
1251,1140,967,1,4.548230871686798
1251,850,928,1,7.925847526229188
1251,579,1011,3,11.281034038678854
1251,973,714,3,6.739138237494938
1251,1105,925,2,8.810192302561815
1251,1412,1011,1,16.64651643490022
1251,714,1232,1,13.478191227023236
1251,702,1004,2,7.841523685223605
1251,1213,1232,1,18.052391004569408
1252,925,1011,7,2.223898532891128
1252,967,1140,1,4.548230871686798
1252,1011,850,1,11.365584452473476
1252,714,928,1,5.640508575131163
1252,1232,1412,5,8.805321213797965
1252,973,873,1,13.496121499721363
1253,1011,783,2,13.554200769268274
1253,928,794,1,5.8083597500151045
1253,1140,1232,2,6.119741485129188
1253,850,794,1,12.413971394684204
1253,1412,834,1,23.13046174521312
1253,1004,973,1,11.462222395062687
1253,1412,1232,1,8.805321213797965
1253,1004,928,1,9.763940751913996
1254,925,783,1,12.804913262721543
1254,850,973,1,6.608947508553885
1254,1011,1105,8,7.92275625179966
1254,783,1067,1,25.606032905209577
1254,834,1058,1,10.204580442928409
1254,973,702,1,14.048686290771036
1254,1232,873,1,16.80536252295166
1254,714,873,1,13.140369150150514
1254,1412,1067,2,8.946191032118977
1254,714,1232,1,13.478191227023236
1255,928,973,2,2.202808837490146
1255,1058,1232,1,4.83687793721146
1255,794,579,2,5.55974633222762
1255,1232,834,1,14.473652063742133
1255,702,579,1,6.612071581984758
1255,873,1140,1,10.849467604025635
1256,873,783,2,4.4064860569207775
1256,973,1011,4,4.881725510082577
1256,1105,928,8,6.509632645551289
1256,1232,1399,3,6.507057624431
1256,1067,1105,3,4.880745078525951
1256,1412,1004,1,22.322654933963523
1257,928,925,7,2.8524929798341074
1257,783,1478,2,18.994191672564124
1257,1011,1187,3,5.851146926487822
1257,1105,925,1,8.810192302561815
1257,579,967,3,10.052645101539124
1257,1140,873,1,10.849467604025635
1257,1105,967,1,9.182568470632535
1258,925,834,3,5.249047199856985
1258,834,925,1,5.249047199856985
1258,1399,1232,3,6.507057624431
1258,1105,928,1,6.509632645551289
1258,1232,1004,1,13.548232944538976
1258,1004,702,1,7.841523685223605
1259,967,925,4,1.4630157462730349
1259,783,973,3,17.685208029543023
1259,928,1399,1,12.37821780679595
1259,1232,850,1,11.078851145692578
1260,702,834,1,4.389831624444016
1260,1011,973,1,4.881725510082577
1260,1232,973,2,6.739053043647001
1260,834,1011,3,6.510367578384317
1260,925,402,4,14.913154476154167
1260,1187,1140,3,3.960411314814771
1260,873,1213,1,9.674072372960078
1260,200,783,1,23.862165274375425
1261,928,967,1,3.962344440629368
1261,925,783,6,12.804913262721543
1261,783,702,1,5.250413373789177
1261,973,402,1,18.419980035084063
1261,1004,928,1,9.763940751913996
1262,834,783,1,7.689481736045675
1262,928,1058,1,3.468670210314232
1262,973,1232,5,6.739053043647001
1262,402,579,4,6.514036981260467
1262,702,402,1,7.84160901068824
1262,967,1105,1,9.182568470632535
1262,1140,1478,2,10.56486642729493
1262,1140,1067,1,12.55411324365653
1262,172,850,1,35.56283988223624
1263,1105,1232,1,3.8392690799482057
1263,783,702,6,5.250413373789177
1263,850,1187,2,11.109127914371388
1263,1232,1412,3,8.805321213797965
1263,402,1105,1,22.80605450051949
1263,1399,714,1,18.018266211078156
1263,402,525,1,6.614151574587493
1263,172,783,1,17.768672451070774
1264,1058,1105,1,3.961184888937906
1264,1011,794,3,5.876008831303484
1264,783,925,1,12.804913262721543
1264,1067,973,1,7.92352939429049
1264,1187,928,2,6.739067249150369
1264,1105,1187,1,4.4040530489389695
1264,702,873,3,4.548357078342699
1264,1213,1067,1,25.105643459964693
1264,172,783,1,17.768672451070774
1265,928,973,2,2.202808837490146
1265,925,850,1,10.694040075602611
1265,794,1011,3,5.876008831303484
1265,783,1067,1,25.606032905209577
1265,702,794,3,6.125367854472763
1265,1232,1004,2,13.548232944538976
1265,1412,1140,1,14.879879730628884
1265,1187,1213,1,16.19122385834084
1265,1412,1067,1,8.946191032118977
1265,172,783,2,17.768672451070774
1266,1004,834,2,4.837273690103386
1266,783,1058,3,17.486864213198086
1266,1011,1067,1,12.40745751794731
1266,850,1067,1,5.87594370452583
1266,1232,834,1,14.473652063742133
1266,1067,1412,1,8.946191032118977
1266,1105,973,1,4.388654712140797
1266,973,1004,2,11.462222395062687
1266,714,1105,1,10.705966675098557
1266,579,1140,1,14.579929042333728
1266,873,402,1,12.378588757843175
1266,579,1058,3,13.4971193863272
1266,1412,850,1,14.733832640164646
1266,1213,834,1,12.569063966979074
1266,525,925,1,15.90866891150228
1267,1004,783,1,7.966246489389644
1267,1058,783,2,17.486864213198086
1267,794,783,1,10.46245949147104
1267,1011,834,2,6.510367578384317
1267,973,967,2,5.7043821114062
1267,1067,1399,2,14.46118952528998
1267,1105,973,1,4.388654712140797
1267,1058,1067,2,8.554760866502043
1267,873,579,1,10.243397261423542
1267,1412,402,1,32.44706657027466
1268,1140,783,2,15.22789003823726
1268,873,834,1,3.963116935247085
1268,794,925,2,3.8399670029013246
1268,1399,1011,1,10.052549905308156
1268,783,973,3,17.685208029543023
1268,1058,702,1,14.468812957232682
1269,925,1004,3,7.016854369636376
1269,1399,1187,1,6.247627185540738
1269,1058,1105,1,3.961184888937906
1269,834,973,7,10.076973504527178
1269,850,1140,1,13.036256596755637
1269,973,579,2,12.02013346271456
1269,967,873,2,7.925075031537542
1269,402,834,1,11.281169605088646
1269,1011,464,1,18.41923278489661
1269,1067,1011,2,12.40745751794731
1269,1004,1105,1,14.430329325731782
1269,1067,1412,1,8.946191032118977
1270,1011,925,2,2.223898532891128
1270,834,967,1,5.059118864445973
1270,973,1011,9,4.881725510082577
1270,1004,925,1,7.016854369636376
1270,1105,1058,1,3.961184888937906
1270,702,402,1,7.84160901068824
1270,579,1187,3,16.57993448038173
1270,402,834,1,11.281169605088646
1271,873,783,1,4.4064860569207775
1271,1004,783,2,7.966246489389644
1271,783,1058,1,17.486864213198086
1271,1058,794,1,8.77829027244345
1271,1011,702,1,10.884143023519666
1272,873,783,1,4.4064860569207775
1272,1058,973,1,2.41855773034487
1272,1187,1232,4,2.2017655762295663
1272,1140,1187,1,3.960411314814771
1272,1011,1232,6,7.964083694664586
1272,783,834,2,7.689481736045675
1272,967,850,1,11.888191513854997
1272,925,1105,1,8.810192302561815
1272,1067,1232,1,8.002242999882604
1272,1105,925,1,8.810192302561815
1272,464,928,1,14.930631823982267
1272,1412,1232,1,8.805321213797965
1273,834,928,3,7.925847526229188
1273,702,402,1,7.84160901068824
1273,1232,873,1,16.80536252295166
1273,402,873,1,12.378588757843175
1273,1011,1213,2,13.548232944538976
1274,873,783,1,4.4064860569207775
1274,928,783,2,15.577087902404868
1274,794,928,1,5.8083597500151045
1274,1232,928,8,8.28950012214804
1274,783,973,4,17.685208029543023
1274,1105,928,1,6.509632645551289
1274,850,714,1,7.4471861231509155
1274,973,1140,1,6.509265047797015
1274,925,856,2,16.318086894445933
1274,1187,1004,1,11.361508124700526
1275,925,834,1,5.249047199856985
1275,928,1058,11,3.468670210314232
1275,1232,1058,3,4.83687793721146
1276,1140,1187,1,3.960411314814771
1276,1004,834,1,4.837273690103386
1276,834,1058,1,10.204580442928409
1276,928,1232,1,8.28950012214804
1276,873,1011,1,9.1842566129722
1276,402,967,1,15.541607685822626
1276,856,1067,1,6.736061142864135
1276,1213,834,2,12.569063966979074
1277,834,925,1,5.249047199856985
1277,973,925,4,4.882215518422521
1277,1011,794,1,5.876008831303484
1277,1058,834,2,10.204580442928409
1277,714,928,1,5.640508575131163
1277,1187,1105,1,4.4040530489389695
1277,1058,850,7,8.672138339743874
1278,1058,967,6,5.247679923034634
1278,1067,928,1,10.07507435147502
1278,850,1067,5,5.87594370452583
1278,856,850,1,5.706192977163574
1279,928,967,1,3.962344440629368
1279,925,1058,5,5.058513634802797
1279,834,1058,4,10.204580442928409
1279,794,1140,1,9.096545861200513
1279,783,856,2,28.55412357877098
1279,967,873,6,7.925075031537542
1279,850,856,3,5.706192977163574
1280,783,1011,1,13.554200769268274
1280,1232,579,1,18.33205273511288
1280,1058,714,3,8.895594131564904
1280,856,1105,1,10.85018203537092
1281,873,834,4,3.963116935247085
1281,928,783,1,15.577087902404868
1281,1140,1187,1,3.960411314814771
1281,1058,1232,6,4.83687793721146
1281,967,1232,2,9.421989977231084
1281,1105,834,1,14.045233535461502
1281,856,850,4,5.706192977163574
1281,1067,1140,1,12.55411324365653
1281,1067,850,4,5.87594370452583
1282,1140,1011,1,3.335847799336888
1282,579,834,1,7.256503514219511
1282,714,928,1,5.640508575131163
1282,1011,1478,1,13.494566217296024
1282,1232,794,1,13.471439449058977
1282,714,1058,2,8.895594131564904
1282,1105,1399,1,10.237902514270164
1282,873,973,2,13.496121499721363
1282,1478,1067,1,21.200532897879857
1283,1232,1058,3,4.83687793721146
1283,850,1140,5,13.036256596755637
1283,834,714,5,9.18763012440511
1283,1067,873,1,21.383746569034415
1283,1187,1067,1,9.180879404297018
1284,1140,1011,3,3.335847799336888
1284,794,834,1,3.0622624863494035
1284,873,702,1,4.548357078342699
1284,834,1011,1,6.510367578384317
1284,1058,834,3,10.204580442928409
1284,1232,579,3,18.33205273511288
1284,850,967,3,11.888191513854997
1285,967,925,3,1.4630157462730349
1285,1399,928,1,12.37821780679595
1285,1058,928,1,3.468670210314232
1285,1011,1232,1,7.964083694664586
1285,1140,967,2,4.548230871686798
1285,973,850,2,6.608947508553885
1285,783,973,1,17.685208029543023
1285,1232,579,1,18.33205273511288
1285,702,1067,1,21.8612627514462
1285,928,464,1,14.930631823982267
1286,928,967,1,3.962344440629368
1286,834,928,3,7.925847526229188
1286,967,794,1,4.548315025166438
1286,1232,973,1,6.739053043647001
1286,925,1058,1,5.058513634802797
1286,579,834,1,7.256503514219511
1286,1058,1140,1,4.404400893299181
1286,714,794,5,6.125367854472763
1286,1011,873,1,9.1842566129722
1286,1067,1011,2,12.40745751794731
1287,1140,925,1,5.559746332228015
1287,928,1011,2,3.6167275925925466
1287,973,925,1,4.882215518422521
1287,1011,783,4,13.554200769268274
1287,967,1140,2,4.548230871686798
1287,850,464,2,10.052673626423328
1287,579,973,3,12.02013346271456
1287,794,702,5,6.125367854472763
1287,834,1105,1,14.045233535461502
1288,928,925,2,2.8524929798341074
1288,925,834,4,5.249047199856985
1288,834,702,1,4.389831624444016
1288,973,1232,1,6.739053043647001
1288,1011,714,1,8.663428210145675
1288,794,702,1,6.125367854472763
1288,464,973,1,14.912840443208973
1288,702,873,3,4.548357078342699
1289,1105,1232,1,3.8392690799482057
1289,1140,834,2,9.120303414799448
1289,702,1004,2,7.841523685223605
1289,873,1011,1,9.1842566129722
1289,973,1004,3,11.462222395062687
1289,200,579,1,12.57636232869906
1290,925,1011,2,2.223898532891128
1290,1058,973,1,2.41855773034487
1290,702,834,2,4.389831624444016
1290,783,1187,1,19.009124176326512
1290,579,1011,1,11.281034038678854
1290,834,1140,3,9.120303414799448
1290,1011,402,1,16.93184038136659
1290,464,402,1,18.121881809636708
1290,464,1058,1,17.327738037204117
1291,1004,783,4,7.966246489389644
1291,873,834,3,3.963116935247085
1291,1232,925,2,9.649241749541863
1291,1140,928,2,6.2484548670441855
1291,1011,973,5,4.881725510082577
1291,783,525,3,6.671695598673383
1291,714,973,1,6.739138237494938
1292,973,925,7,4.882215518422521
1292,834,850,4,15.216513464969486
1292,1004,1058,1,10.515329624384115
1292,525,402,1,6.614151574587493
1292,1187,1399,1,6.247627185540738
1293,928,973,2,2.202808837490146
1293,925,702,5,9.423506251261468
1293,1058,1105,1,3.961184888937906
1293,834,1058,4,10.204580442928409
1293,1140,1478,1,10.56486642729493
1293,402,525,2,6.614151574587493
1293,525,1011,1,17.39283322509588
1293,525,1140,1,19.879498068061267
1294,525,783,1,6.671695598673383
1294,702,834,3,4.389831624444016
1294,402,928,1,16.388066195777938
1294,925,1067,1,12.80112469343922
1294,973,1140,3,6.509265047797015
1294,1105,973,1,4.388654712140797
1294,1058,850,3,8.672138339743874
1294,850,967,1,11.888191513854997
1295,702,783,2,5.250413373789177
1295,1399,1011,1,10.052549905308156
1295,783,873,4,4.4064860569207775
1295,834,1058,1,10.204580442928409
1295,925,1187,3,7.6790367656671
1295,850,1105,3,7.255791794533394
1295,1140,973,2,6.509265047797015
1295,973,1187,1,5.6404067966465385
1295,1058,714,1,8.895594131564904
1296,967,928,1,3.962344440629368
1296,1140,925,2,5.559746332228015
1296,1187,928,1,6.739067249150369
1296,1058,1140,2,4.404400893299181
1296,1105,1187,3,4.4040530489389695
1296,1011,579,1,11.281034038678854
1296,873,1011,1,9.1842566129722
1296,873,525,1,9.675337903778155
1296,1067,1058,1,8.554760866502043
1296,873,1399,1,16.381643901185154
1296,525,928,1,18.21580338849598
1297,1140,925,2,5.559746332228015
1297,850,1011,2,11.365584452473476
1297,525,783,1,6.671695598673383
1297,1011,973,2,4.881725510082577
1297,834,402,2,11.281169605088646
1297,1187,1105,4,4.4040530489389695
1297,928,1399,1,12.37821780679595
1297,714,579,1,6.612071581984758
1297,873,1213,1,9.674072372960078
1297,850,967,1,11.888191513854997
1298,1187,1011,2,5.851146926487822
1298,579,928,1,10.087254514060623
1298,1105,928,2,6.509632645551289
1298,973,967,3,5.7043821114062
1298,925,1067,1,12.80112469343922
1298,928,1004,3,9.763940751913996
1298,1213,873,1,9.674072372960078
1299,1011,1058,3,3.961571514117998
1299,967,783,1,12.247362390603268
1299,1399,1140,2,6.738996195578808
1299,925,1058,3,5.058513634802797
1299,783,1058,3,17.486864213198086
1299,579,973,1,12.02013346271456
1299,1058,967,1,5.247679923034634
1299,1105,1187,1,4.4040530489389695
1299,402,873,1,12.378588757843175
1299,1067,464,1,15.596324992464188
1300,928,967,3,3.962344440629368
1300,967,928,4,3.962344440629368
1300,1058,1232,8,4.83687793721146
1300,873,794,1,7.018858162934119
1300,973,856,1,11.88819151385629
1300,1105,967,1,9.182568470632535
1301,967,928,4,3.962344440629368
1301,1011,1058,1,3.961571514117998
1301,1140,925,1,5.559746332228015
1301,928,794,2,5.8083597500151045
1301,1004,834,1,4.837273690103386
1301,783,834,2,7.689481736045675
1301,464,850,1,10.052673626423328
1301,1004,1058,1,10.515329624384115
1301,402,714,1,13.045127894056412
1302,928,973,5,2.202808837490146
1302,1004,783,1,7.966246489389644
1302,1232,1187,8,2.2017655762295663
1302,925,834,1,5.249047199856985
1302,1058,1105,3,3.961184888937906
1302,714,850,1,7.4471861231509155
1302,873,1232,1,16.80536252295166
1302,1187,794,1,11.519003477970214
1302,834,1399,1,15.539391645120883
1302,973,1399,1,11.751170313633397
1303,928,967,1,3.962344440629368
1303,834,967,2,5.059118864445973
1303,783,794,1,10.46245949147104
1303,794,702,4,6.125367854472763
1303,1187,834,2,12.342244898446324
1303,1140,794,1,9.096545861200513
1304,1399,1058,1,9.34110519027368
1304,850,794,2,12.413971394684204
1304,1187,1140,5,3.960411314814771
1304,1105,834,2,14.045233535461502
1304,856,973,1,11.88819151385629
1304,702,579,3,6.612071581984758
1304,1187,1478,1,12.280518083533188
1304,794,714,1,6.125367854472763
1304,973,1004,1,11.462222395062687
1304,973,856,1,11.88819151385629
1305,967,783,1,12.247362390603268
1305,1140,1058,4,4.404400893299181
1305,834,1004,3,4.837273690103386
1305,794,967,1,4.548315025166438
1305,714,928,1,5.640508575131163
1305,1105,1187,1,4.4040530489389695
1305,1232,1399,1,6.507057624431
1306,1058,973,5,2.41855773034487
1306,1140,925,1,5.559746332228015
1306,1399,925,1,12.268300526223484
1306,794,873,2,7.018858162934119
1306,967,1004,2,5.811450880513226
1306,973,464,4,14.912840443208973
1306,1187,1105,1,4.4040530489389695
1306,1478,783,1,18.994191672564124
1307,1399,1011,1,10.052549905308156
1307,928,1140,1,6.2484548670441855
1307,1105,928,1,6.509632645551289
1307,1004,1011,6,6.654407802707156
1307,834,973,2,10.076973504527178
1307,783,172,1,17.768672451070774
1307,579,702,1,6.612071581984758
1307,973,1187,3,5.6404067966465385
1307,967,873,1,7.925075031537542
1307,856,1011,1,16.764898582516587
1307,702,1105,1,18.21042691241635
1307,172,783,1,17.768672451070774
1308,783,925,2,12.804913262721543
1308,1011,850,2,11.365584452473476
1308,579,464,2,13.736208219113248
1308,464,973,1,14.912840443208973
1308,925,856,2,16.318086894445933
1309,925,1004,2,7.016854369636376
1309,1011,1140,6,3.335847799336888
1309,973,1067,4,7.92352939429049
1309,1187,1105,3,4.4040530489389695
1309,464,1011,3,18.41923278489661
1309,873,1011,2,9.1842566129722
1309,702,1140,1,13.472348608720578
1309,1105,850,1,7.255791794533394
1309,1478,783,1,18.994191672564124
1310,1004,783,1,7.966246489389644
1310,783,925,1,12.804913262721543
1310,1140,1399,6,6.738996195578808
1310,873,1011,1,9.1842566129722
1310,1067,850,2,5.87594370452583
1310,172,850,1,35.56283988223624
1311,925,834,1,5.249047199856985
1311,1011,928,6,3.6167275925925466
1311,1399,1232,1,6.507057624431
1311,783,1011,1,13.554200769268274
1311,1067,973,1,7.92352939429049
1311,850,1187,3,11.109127914371388
1311,973,702,1,14.048686290771036
1311,928,1067,1,10.07507435147502
1311,1004,1140,1,7.442778444077659
1311,850,1232,1,11.078851145692578
1311,464,834,1,19.020751367868925
1311,1140,1478,2,10.56486642729493
1311,464,873,1,22.865867451145075
1311,172,783,1,17.768672451070774
1312,928,1011,6,3.6167275925925466
1312,1399,1232,5,6.507057624431
1312,834,1004,2,4.837273690103386
1312,783,464,1,25.397194471986413
1312,1067,1232,2,8.002242999882604
1312,1187,1105,3,4.4040530489389695
1312,856,1067,2,6.736061142864135
1312,1011,172,1,29.7425499982868
1312,1105,794,1,12.287533860803824
1312,850,1232,1,11.078851145692578
1312,1478,783,1,18.994191672564124
1313,1011,1004,2,6.654407802707156
1313,783,1187,1,19.009124176326512
1313,1105,783,3,21.4299278250006
1313,850,794,1,12.413971394684204
1313,702,794,1,6.125367854472763
1313,1140,1399,1,6.738996195578808
1313,464,973,1,14.912840443208973
1313,1067,1187,1,9.180879404297018
1313,1004,1232,1,13.548232944538976
1313,1478,783,1,18.994191672564124
1314,1187,1232,2,2.2017655762295663
1314,1011,1105,1,7.92275625179966
1314,783,1011,2,13.554200769268274
1314,794,1140,1,9.096545861200513
1314,1232,850,4,11.078851145692578
1314,973,402,2,18.419980035084063
1314,1232,1412,4,8.805321213797965
1315,794,925,2,3.8399670029013246
1315,402,928,1,16.388066195777938
1315,850,1067,3,5.87594370452583
1315,1011,702,5,10.884143023519666
1315,1232,1399,3,6.507057624431
1315,1004,1478,1,12.268284911360968
1315,1067,1058,1,8.554760866502043
1316,1399,1187,3,6.247627185540738
1316,1140,928,1,6.2484548670441855
1316,783,1011,2,13.554200769268274
1316,1067,1232,1,8.002242999882604
1316,1232,834,1,14.473652063742133
1316,850,1058,1,8.672138339743874
1316,1058,702,1,14.468812957232682
1316,702,1232,1,18.84696316793992
1316,1105,1478,2,16.644260310570534
1316,1004,1478,2,12.268284911360968
1316,1412,1067,1,8.946191032118977
1316,873,1140,1,10.849467604025635
1316,172,702,1,18.858887720998347
1316,1478,1140,1,10.56486642729493
1317,925,794,2,3.8399670029013246
1317,1399,928,1,12.37821780679595
1317,1187,783,1,19.009124176326512
1317,928,1004,1,9.763940751913996
1317,402,702,1,7.84160901068824
1317,702,525,5,6.512937082064592
1317,1105,834,1,14.045233535461502
1317,1140,402,1,20.041488041275294
1317,1412,1232,2,8.805321213797965
1317,1232,402,1,24.47900353233401
1317,1067,850,1,5.87594370452583
1317,172,834,1,23.237911306741093
1318,928,925,2,2.8524929798341074
1318,1011,967,2,1.4629503400136323
1318,1140,925,1,5.559746332228015
1318,834,928,2,7.925847526229188
1318,525,783,1,6.671695598673383
1318,702,925,1,9.423506251261468
1318,783,873,1,4.4064860569207775
1318,794,579,2,5.55974633222762
1318,1232,967,2,9.421989977231084
1318,402,928,1,16.388066195777938
1318,1187,1105,2,4.4040530489389695
1318,1067,1412,1,8.946191032118977
1319,925,967,3,1.4630157462730349
1319,928,967,3,3.962344440629368
1319,967,973,4,5.7043821114062
1319,525,783,2,6.671695598673383
1319,783,579,1,11.850386463154225
1319,850,1067,1,5.87594370452583
1319,834,714,1,9.18763012440511
1319,1105,925,1,8.810192302561815
1319,702,714,1,11.41600413764035
1319,1412,973,1,14.027846499005278
1319,873,1067,1,21.383746569034415
1319,525,402,1,6.614151574587493
1320,1105,1232,1,3.8392690799482057
1320,967,1232,3,9.421989977231084
1320,579,973,2,12.02013346271456
1320,402,928,1,16.388066195777938
1320,1232,1004,2,13.548232944538976
1320,1067,1399,1,14.46118952528998
1320,1004,1140,1,7.442778444077659
1320,973,873,1,13.496121499721363
1320,1058,850,1,8.672138339743874
1320,1412,1067,1,8.946191032118977
1321,1399,1232,1,6.507057624431
1321,1232,1058,4,4.83687793721146
1321,967,1058,3,5.247679923034634
1321,973,1011,5,4.881725510082577
1321,783,967,2,12.247362390603268
1321,1067,928,1,10.07507435147502
1321,714,1011,1,8.663428210145675
1321,579,402,1,6.514036981260467
1321,1140,1004,1,7.442778444077659
1321,525,850,1,24.123442823737072
1322,1004,783,2,7.966246489389644
1322,928,1140,1,6.2484548670441855
1322,1058,1232,3,4.83687793721146
1322,850,1140,1,13.036256596755637
1322,714,973,1,6.739138237494938
1322,925,464,2,16.731616825582336
1322,1011,1478,3,13.494566217296024
1322,402,525,1,6.614151574587493
1322,1067,794,1,15.745772705396131
1323,1058,1011,4,3.961571514117998
1323,873,834,1,3.963116935247085
1323,973,925,2,4.882215518422521
1323,1140,1187,2,3.960411314814771
1323,1011,973,3,4.881725510082577
1323,1232,973,3,6.739053043647001
1323,402,925,1,14.913154476154167
1323,1067,967,1,13.49334191116594
1323,525,402,1,6.614151574587493
1324,928,967,1,3.962344440629368
1324,925,973,1,4.882215518422521
1324,973,783,2,17.685208029543023
1324,794,1011,1,5.876008831303484
1324,967,1478,2,14.163846735607535
1324,783,925,2,12.804913262721543
1324,850,464,1,10.052673626423328
1324,1232,967,1,9.421989977231084
1324,1187,967,1,7.314097191827283
1325,925,1011,2,2.223898532891128
1325,1187,1232,1,2.2017655762295663
1325,967,973,2,5.7043821114062
1325,973,1058,5,2.41855773034487
1325,1011,834,4,6.510367578384317
1325,402,794,1,11.081008814008824
1325,834,402,1,11.281169605088646
1325,1004,850,1,17.683455373897953
1326,967,1140,2,4.548230871686798
1326,925,714,2,6.736742718055863
1326,1232,973,1,6.739053043647001
1326,783,1067,1,25.606032905209577
1326,1058,967,3,5.247679923034634
1326,973,1187,1,5.6404067966465385
1326,464,1011,2,18.41923278489661
1327,834,925,3,5.249047199856985
1327,1011,834,4,6.510367578384317
1327,783,1004,1,7.966246489389644
1327,1058,967,2,5.247679923034634
1327,973,1140,1,6.509265047797015
1327,464,850,1,10.052673626423328
1327,850,967,1,11.888191513854997
1328,967,928,5,3.962344440629368
1328,1011,1105,1,7.92275625179966
1328,794,967,1,4.548315025166438
1328,834,1140,1,9.120303414799448
1328,1140,794,2,9.096545861200513
1328,1004,928,1,9.763940751913996
1328,1067,856,1,6.736061142864135
1329,967,928,2,3.962344440629368
1329,928,1058,3,3.468670210314232
1329,925,1067,3,12.80112469343922
1329,834,402,3,11.281169605088646
1329,1140,1105,2,7.683904782943718
1329,850,1058,1,8.672138339743874
1329,402,973,1,18.419980035084063
1330,1187,973,1,5.6404067966465385
1330,834,967,1,5.059118864445973
1330,794,967,2,4.548315025166438
1330,1058,1140,3,4.404400893299181
1330,973,1187,2,5.6404067966465385
1330,714,850,2,7.4471861231509155
1331,967,794,2,4.548315025166438
1331,402,579,3,6.514036981260467
1331,1187,1140,1,3.960411314814771
1331,850,1058,2,8.672138339743874
1331,856,1011,1,16.764898582516587
1331,1105,1478,1,16.644260310570534
1331,1058,1067,1,8.554760866502043
1331,1067,1412,1,8.946191032118977
1332,928,783,5,15.577087902404868
1332,973,1011,1,4.881725510082577
1332,794,967,1,4.548315025166438
1332,1140,834,3,9.120303414799448
1332,1187,925,1,7.6790367656671
1332,1067,1232,2,8.002242999882604
1332,1105,925,2,8.810192302561815
1333,967,925,1,1.4630157462730349
1333,1058,925,2,5.058513634802797
1333,925,1232,1,9.649241749541863
1333,1140,928,1,6.2484548670441855
1333,579,402,3,6.514036981260467
1333,1011,1412,1,16.64651643490022
1334,925,1232,2,9.649241749541863
1334,928,1011,1,3.6167275925925466
1334,783,525,5,6.671695598673383
1334,834,1058,1,10.204580442928409
1334,1011,702,1,10.884143023519666
1334,1232,794,1,13.471439449058977
1334,1232,1412,1,8.805321213797965
1334,1067,925,1,12.80112469343922
1335,925,1011,3,2.223898532891128
1335,967,925,1,1.4630157462730349
1335,834,783,2,7.689481736045675
1335,525,783,3,6.671695598673383
1335,1011,1140,1,3.335847799336888
1335,794,1478,1,18.19275457179061
1335,525,702,1,6.512937082064592
1335,1412,1067,1,8.946191032118977
1335,1478,1011,5,13.494566217296024
1336,925,1011,2,2.223898532891128
1336,794,928,1,5.8083597500151045
1336,1011,1004,8,6.654407802707156
1336,1067,1011,1,12.40745751794731
1336,525,402,1,6.614151574587493
1336,1478,1011,13,13.494566217296024
1337,928,925,1,2.8524929798341074
1337,1004,873,8,3.839767699909918
1337,1011,1105,14,7.92275625179966
1337,783,579,2,11.850386463154225
1337,702,402,1,7.84160901068824
1337,402,1232,3,24.47900353233401
1337,1232,850,3,11.078851145692578
1337,1412,1232,1,8.805321213797965
1337,1058,1067,1,8.554760866502043
1337,1478,783,3,18.994191672564124
1338,850,973,3,6.608947508553885
1338,873,1004,5,3.839767699909918
1338,783,1004,6,7.966246489389644
1338,1140,973,1,6.509265047797015
1338,702,794,1,6.125367854472763
1338,1105,1187,13,4.4040530489389695
1338,1011,1213,1,13.548232944538976
1338,1067,1105,1,4.880745078525951
1338,1412,1067,1,8.946191032118977
1339,925,973,1,4.882215518422521
1339,1187,1011,9,5.851146926487822
1339,1004,873,2,3.839767699909918
1339,873,794,3,7.018858162934119
1339,1232,1140,2,6.119741485129188
1339,402,925,2,14.913154476154167
1339,1067,1232,1,8.002242999882604
1339,1011,1478,1,13.494566217296024
1339,1004,1140,6,7.442778444077659
1339,794,714,1,6.125367854472763
1339,1004,702,1,7.841523685223605
1339,1187,464,3,20.37695310275684
1339,1187,1412,1,11.00708650475215
1339,1105,1067,1,4.880745078525951
1340,925,967,2,1.4630157462730349
1340,1011,1058,5,3.961571514117998
1340,873,1004,2,3.839767699909918
1340,1004,1011,2,6.654407802707156
1340,973,714,4,6.739138237494938
1340,579,850,2,14.052136310094992
1340,464,714,3,10.122771228736514
1340,1140,850,5,13.036256596755637
1340,1011,200,4,21.884928176481388
1340,1140,856,1,17.938256579680917
1340,1140,1067,1,12.55411324365653
1340,1105,1412,1,9.6478124773512
1340,1412,873,1,25.608539952274597
1341,794,1011,3,5.876008831303484
1341,1067,928,1,10.07507435147502
1341,856,783,1,28.55412357877098
1341,714,928,1,5.640508575131163
1341,850,1067,5,5.87594370452583
1341,1232,834,3,14.473652063742133
1341,1058,1478,4,14.62524653879426
1341,714,464,3,10.122771228736514
1341,1004,1232,2,13.548232944538976
1341,702,579,1,6.612071581984758
1341,1058,402,1,19.689963068329824
1341,873,200,1,22.81076777126768
1342,1232,1187,2,2.2017655762295663
1342,1011,928,3,3.6167275925925466
1342,783,834,1,7.689481736045675
1342,402,925,1,14.913154476154167
1342,973,1140,1,6.509265047797015
1342,464,850,2,10.052673626423328
1342,928,172,1,30.387381465680807
1342,1067,1011,2,12.40745751794731
1342,1067,579,1,18.79184718496452
1342,1213,794,1,15.264021951318778
1342,1067,856,3,6.736061142864135
1343,928,967,3,3.962344440629368
1343,1140,783,1,15.22789003823726
1343,925,1478,1,15.538947915471203
1343,1011,794,4,5.876008831303484
1343,579,402,2,6.514036981260467
1343,834,714,4,9.18763012440511
1343,1412,1140,1,14.879879730628884
1343,850,856,2,5.706192977163574
1343,856,1011,1,16.764898582516587
1343,1187,794,2,11.519003477970214
1343,714,1232,2,13.478191227023236
1343,714,967,2,8.192867163522228
1343,856,973,1,11.88819151385629
1343,850,1412,2,14.733832640164646
1344,794,834,5,3.0622624863494035
1344,967,783,2,12.247362390603268
1344,973,1058,1,2.41855773034487
1344,783,702,1,5.250413373789177
1344,464,850,1,10.052673626423328
1344,402,834,1,11.281169605088646
1344,856,1011,1,16.764898582516587
1344,1011,1399,1,10.052549905308156
1344,856,925,1,16.318086894445933
1344,1232,1412,1,8.805321213797965
1345,1140,783,1,15.22789003823726
1345,967,1058,5,5.247679923034634
1345,1058,834,1,10.204580442928409
1345,834,1140,6,9.120303414799448
1345,1232,1067,1,8.002242999882604
1345,856,850,1,5.706192977163574
1346,834,873,1,3.963116935247085
1346,928,579,1,10.087254514060623
1346,714,1011,4,8.663428210145675
1346,1140,1399,5,6.738996195578808
1346,702,402,1,7.84160901068824
1346,402,834,1,11.281169605088646
1346,850,856,2,5.706192977163574
1346,794,1067,2,15.745772705396131
1346,1412,973,2,14.027846499005278
1347,1399,1058,4,9.34110519027368
1347,1058,1105,5,3.961184888937906
1347,783,714,2,16.323166899192785
1347,925,1213,1,14.603468927185563
1347,1067,928,1,10.07507435147502
1347,579,1011,1,11.281034038678854
1347,873,1213,1,9.674072372960078
1348,1399,1011,1,10.052549905308156
1348,1105,1232,1,3.8392690799482057
1348,1058,1232,3,4.83687793721146
1348,783,834,1,7.689481736045675
1348,1011,1067,5,12.40745751794731
1348,714,928,1,5.640508575131163
1348,1140,714,1,11.751952287542252
1348,1412,928,1,16.089571776562533
1348,1140,1213,1,12.551534849108323
1348,856,973,1,11.88819151385629
1348,1399,1067,1,14.46118952528998
1349,973,1011,2,4.881725510082577
1349,1232,1140,2,6.119741485129188
1349,402,928,1,16.388066195777938
1349,1067,1232,2,8.002242999882604
1349,714,834,1,9.18763012440511
1349,834,1478,1,16.706287412191738
1349,1105,834,4,14.045233535461502
1349,1067,1412,1,8.946191032118977
1349,856,925,1,16.318086894445933
1349,1067,1105,1,4.880745078525951
1350,1011,1058,4,3.961571514117998
1350,834,928,1,7.925847526229188
1350,1140,1058,1,4.404400893299181
1350,714,925,1,6.736742718055863
1350,1213,1011,2,13.548232944538976
1350,1067,850,1,5.87594370452583
1351,925,1011,2,2.223898532891128
1351,928,873,4,11.464626189279452
1351,1140,794,1,9.096545861200513
1351,1058,702,1,14.468812957232682
1351,1232,702,2,18.84696316793992
1351,1067,1412,2,8.946191032118977
1351,1213,925,1,14.603468927185563
1352,928,973,1,2.202808837490146
1352,1011,1058,3,3.961571514117998
1352,850,1011,1,11.365584452473476
1352,873,1004,3,3.839767699909918
1352,834,1011,5,6.510367578384317
1352,1058,1140,4,4.404400893299181
1352,973,702,1,14.048686290771036
1353,1011,783,1,13.554200769268274
1353,1232,925,2,9.649241749541863
1353,702,834,1,4.389831624444016
1353,1140,1187,1,3.960411314814771
1353,1058,794,1,8.77829027244345
1353,1105,1399,1,10.237902514270164
1353,1412,1011,1,16.64651643490022
1353,1140,873,1,10.849467604025635
1353,1067,702,1,21.8612627514462
1354,925,1140,1,5.559746332228015
1354,873,1004,1,3.839767699909918
1354,834,1004,1,4.837273690103386
1354,794,973,1,8.005758424200978
1354,973,464,1,14.912840443208973
1354,1011,464,2,18.41923278489661
1354,1140,794,2,9.096545861200513
1354,1058,850,3,8.672138339743874
1354,1004,525,1,13.497374421271203
1354,702,1140,3,13.472348608720578
1355,1140,1011,1,3.335847799336888
1355,925,1232,2,9.649241749541863
1355,1399,1232,1,6.507057624431
1355,1011,850,5,11.365584452473476
1355,1187,856,1,15.226827950407046
1355,794,714,3,6.125367854472763
1355,1004,928,2,9.763940751913996
1355,1412,794,1,21.762090774988163
1355,1478,1011,1,13.494566217296024
1355,1478,783,1,18.994191672564124
1356,1011,1058,2,3.961571514117998
1356,1232,1058,1,4.83687793721146
1356,783,1004,2,7.966246489389644
1356,1412,834,1,23.13046174521312
1356,850,856,6,5.706192977163574
1356,702,967,1,9.424975322198348
1356,1004,714,1,13.03892031990063
1356,1478,783,1,18.994191672564124
1356,200,1011,1,21.884928176481388
1357,928,967,2,3.962344440629368
1357,967,928,1,3.962344440629368
1357,1004,783,2,7.966246489389644
1357,794,1011,1,5.876008831303484
1357,973,1067,1,7.92352939429049
1357,714,1011,1,8.663428210145675
1357,783,1412,1,30.014252482424304
1357,1232,1004,2,13.548232944538976
1357,464,850,3,10.052673626423328
1357,1011,873,1,9.1842566129722
1357,1140,1004,3,7.442778444077659
1357,1058,873,1,13.135447383238883
1357,873,850,1,19.05211151685567
1358,1004,783,1,7.966246489389644
1358,967,579,1,10.052645101539124
1358,783,1004,2,7.966246489389644
1358,1067,928,1,10.07507435147502
1358,850,834,1,15.216513464969486
1358,1412,1140,1,14.879879730628884
1358,1058,1478,1,14.62524653879426
1358,856,850,7,5.706192977163574
1358,873,172,2,21.67040367014321
1358,1004,794,1,7.315405465360834
1358,714,1058,1,8.895594131564904
1358,525,1011,1,17.39283322509588
1358,172,850,1,35.56283988223624
1358,714,579,1,6.612071581984758
1359,834,873,1,3.963116935247085
1359,1011,834,2,6.510367578384317
1359,1004,967,5,5.811450880513226
1359,1058,967,2,5.247679923034634
1359,850,834,3,15.216513464969486
1359,1140,714,1,11.751952287542252
1360,928,973,2,2.202808837490146
1360,967,1478,3,14.163846735607535
1360,834,973,1,10.076973504527178
1360,783,1213,1,11.11949266445603
1360,1011,873,1,9.1842566129722
1360,714,1140,1,11.751952287542252
1360,873,579,1,10.243397261423542
1360,1004,1213,1,7.964083694664586
1360,714,1213,1,20.95875790762804
1360,172,850,1,35.56283988223624
1360,1478,783,2,18.994191672564124
1361,783,1058,2,17.486864213198086
1361,579,702,1,6.612071581984758
1361,967,702,4,9.424975322198348
1361,794,850,1,12.413971394684204
1361,579,873,2,10.243397261423542
1361,850,402,1,20.42053788159492
1361,973,1213,2,18.36260104007094
1362,1058,1011,2,3.961571514117998
1362,1213,783,1,11.11949266445603
1362,1140,1058,1,4.404400893299181
1362,873,794,1,7.018858162934119
1362,850,1105,10,7.255791794533394
1362,967,702,1,9.424975322198348
1362,702,1011,1,10.884143023519666
1362,834,1213,5,12.569063966979074
1362,402,1140,1,20.041488041275294
1362,1213,873,1,9.674072372960078
1363,1213,783,2,11.11949266445603
1363,1105,783,6,21.4299278250006
1363,1140,973,1,6.509265047797015
1363,702,967,1,9.424975322198348
1363,873,1011,1,9.1842566129722
1363,1058,714,1,8.895594131564904
1363,1011,579,2,11.281034038678854
1363,1213,873,1,9.674072372960078
1363,200,973,1,20.03769715038758
1364,1011,973,1,4.881725510082577
1364,714,928,1,5.640508575131163
1364,1105,1058,4,3.961184888937906
1364,973,579,3,12.02013346271456
1364,783,1213,1,11.11949266445603
1364,579,850,1,14.052136310094992
1364,702,1058,1,14.468812957232682
1364,873,1140,1,10.849467604025635
1364,579,172,1,21.511348652031973
1364,1213,1140,2,12.551534849108323
1364,1213,702,1,14.16486062369625
1364,1213,873,1,9.674072372960078
1365,1058,925,5,5.058513634802797
1365,1213,783,1,11.11949266445603
1365,928,1058,1,3.468670210314232
1365,873,928,1,11.464626189279452
1365,783,834,7,7.689481736045675
1365,579,1187,2,16.57993448038173
1365,794,402,1,11.081008814008824
1365,702,1004,3,7.841523685223605
1365,850,402,2,20.42053788159492
1366,928,925,1,2.8524929798341074
1366,1004,783,2,7.966246489389644
1366,925,850,3,10.694040075602611
1366,783,579,1,11.850386463154225
1366,1011,1067,1,12.40745751794731
1366,873,967,2,7.925075031537542
1366,1187,928,1,6.739067249150369
1366,402,834,1,11.281169605088646
1366,1140,1004,3,7.442778444077659
1367,928,967,1,3.962344440629368
1367,967,783,1,12.247362390603268
1367,925,794,2,3.8399670029013246
1367,579,928,1,10.087254514060623
1367,834,1004,7,4.837273690103386
1367,702,794,1,6.125367854472763
1367,850,1067,3,5.87594370452583
1367,1004,525,1,13.497374421271203
1368,834,783,1,7.689481736045675
1368,925,1004,1,7.016854369636376
1368,794,579,2,5.55974633222762
1368,1004,925,3,7.016854369636376
1368,967,873,3,7.925075031537542
1368,1187,850,1,11.109127914371388
1368,1058,873,1,13.135447383238883
1368,1213,714,1,20.95875790762804
1369,873,783,2,4.4064860569207775
1369,928,783,1,15.577087902404868
1369,973,1011,1,4.881725510082577
1369,783,702,4,5.250413373789177
1369,1004,1011,6,6.654407802707156
1369,794,967,1,4.548315025166438
1369,402,928,2,16.388066195777938
1369,1067,1399,1,14.46118952528998
1369,525,702,1,6.512937082064592
1369,1067,850,1,5.87594370452583
1369,200,783,1,23.862165274375425
1370,925,967,3,1.4630157462730349
1370,928,925,2,2.8524929798341074
1370,873,783,2,4.4064860569207775
1370,783,834,3,7.689481736045675
1370,1004,1011,2,6.654407802707156
1370,1067,973,2,7.92352939429049
1370,1011,702,1,10.884143023519666
1370,579,702,3,6.612071581984758
1370,702,850,2,18.37776366407494
1370,172,783,1,17.768672451070774
1371,967,579,1,10.052645101539124
1371,1011,1232,7,7.964083694664586
1371,834,1004,2,4.837273690103386
1371,783,1004,2,7.966246489389644
1371,702,525,6,6.512937082064592
1371,850,1232,1,11.078851145692578
1371,714,1232,1,13.478191227023236
1372,967,1011,3,1.4629503400136323
1372,525,783,5,6.671695598673383
1372,834,1004,1,4.837273690103386
1372,1011,834,1,6.510367578384317
1372,783,1011,1,13.554200769268274
1372,1004,925,3,7.016854369636376
1372,850,1140,1,13.036256596755637
1372,973,856,2,11.88819151385629
1372,1399,967,1,11.280728646716137
1373,967,925,1,1.4630157462730349
1373,702,783,1,5.250413373789177
1373,1011,925,3,2.223898532891128
1373,925,1232,4,9.649241749541863
1373,783,525,4,6.671695598673383
1373,1004,834,1,4.837273690103386
1373,850,1140,2,13.036256596755637
1373,1232,714,1,13.478191227023236
1373,525,702,1,6.512937082064592
1374,925,1011,5,2.223898532891128
1374,1011,1058,1,3.961571514117998
1374,525,783,2,6.671695598673383
1374,1232,1058,2,4.83687793721146
1374,783,525,4,6.671695598673383
1374,1004,967,1,5.811450880513226
1374,1140,1399,1,6.738996195578808
1374,1232,850,1,11.078851145692578
1375,967,925,1,1.4630157462730349
1375,1011,1058,4,3.961571514117998
1375,525,783,2,6.671695598673383
1375,702,834,1,4.389831624444016
1375,1140,1187,2,3.960411314814771
1375,834,402,1,11.281169605088646
1375,1232,1067,8,8.002242999882604
1375,850,856,1,5.706192977163574
1375,579,1478,1,23.658481146829327
1375,1058,714,2,8.895594131564904
1375,1232,794,1,13.471439449058977
1376,925,1011,1,2.223898532891128
1376,1058,973,1,2.41855773034487
1376,525,783,3,6.671695598673383
1376,783,525,2,6.671695598673383
1376,714,973,1,6.739138237494938
1376,834,1105,1,14.045233535461502
1376,1067,1399,6,14.46118952528998
1376,1399,1478,1,7.009492875361758
1376,856,794,2,18.10474316960466
1376,714,464,2,10.122771228736514
1376,1067,1011,1,12.40745751794731
1377,525,783,1,6.671695598673383
1377,973,1232,1,6.739053043647001
1377,1011,1232,1,7.964083694664586
1377,783,1004,2,7.966246489389644
1377,834,973,1,10.076973504527178
1377,1187,967,2,7.314097191827283
1377,1067,1399,1,14.46118952528998
1378,1232,783,1,21.210313956402903
1378,1399,1011,4,10.052549905308156
1378,525,783,1,6.671695598673383
1378,783,794,3,10.46245949147104
1378,794,967,3,4.548315025166438
1378,1058,1140,3,4.404400893299181
1378,973,1187,2,5.6404067966465385
1378,464,973,1,14.912840443208973
1378,1105,850,1,7.255791794533394
1378,1058,714,1,8.895594131564904
1378,856,1011,1,16.764898582516587
1378,525,834,1,10.886391578093734
1378,464,714,1,10.122771228736514
1379,967,925,5,1.4630157462730349
1379,973,928,1,2.202808837490146
1379,1140,1232,3,6.119741485129188
1379,1232,1067,1,8.002242999882604
1379,1187,967,1,7.314097191827283
1379,1011,579,2,11.281034038678854
1379,402,1105,1,22.80605450051949
1380,925,967,5,1.4630157462730349
1380,834,783,1,7.689481736045675
1380,1399,1187,3,6.247627185540738
1380,928,1058,1,3.468670210314232
1380,783,1478,1,18.994191672564124
1380,850,928,1,7.925847526229188
1380,714,794,1,6.125367854472763
1380,1004,579,2,12.093776951796409
1381,967,925,6,1.4630157462730349
1381,579,783,1,11.850386463154225
1381,1067,973,1,7.92352939429049
1381,714,1011,1,8.663428210145675
1381,783,172,2,17.768672451070774
1381,1058,1140,1,4.404400893299181
1381,1232,1399,3,6.507057624431
1381,794,714,4,6.125367854472763
1381,1187,1004,3,11.361508124700526
1381,1011,1213,5,13.548232944538976
1382,925,834,4,5.249047199856985
1382,973,925,1,4.882215518422521
1382,928,1058,1,3.468670210314232
1382,1140,967,1,4.548230871686798
1382,1011,1187,1,5.851146926487822
1382,714,1011,3,8.663428210145675
1382,1187,967,1,7.314097191827283
1382,1105,973,1,4.388654712140797
1382,579,967,1,10.052645101539124
1382,579,1004,1,12.093776951796409
1383,967,925,1,1.4630157462730349
1383,925,834,1,5.249047199856985
1383,1399,1232,3,6.507057624431
1383,973,1140,1,6.509265047797015
1383,1004,702,1,7.841523685223605
1383,1004,794,2,7.315405465360834
1383,1213,1004,1,7.964083694664586
1384,967,925,2,1.4630157462730349
1384,1213,783,3,11.11949266445603
1384,1232,1105,1,3.8392690799482057
1384,834,702,4,4.389831624444016
1384,1140,1187,1,3.960411314814771
1384,783,928,1,15.577087902404868
1384,1004,967,1,5.811450880513226
1384,579,973,1,12.02013346271456
1384,925,1105,2,8.810192302561815
1384,1058,1140,1,4.404400893299181
1384,1187,967,1,7.314097191827283
1384,1232,1412,2,8.805321213797965
1385,928,967,1,3.962344440629368
1385,967,925,1,1.4630157462730349
1385,973,928,1,2.202808837490146
1385,925,928,1,2.8524929798341074
1385,834,1011,1,6.510367578384317
1385,783,1058,1,17.486864213198086
1385,714,973,1,6.739138237494938
1385,702,873,2,4.548357078342699
1385,1011,873,3,9.1842566129722
1385,1105,1140,2,7.683904782943718
1385,1213,1187,1,16.19122385834084
1385,172,834,1,23.237911306741093
1385,1478,1140,1,10.56486642729493
1386,1140,783,2,15.22789003823726
1386,1058,1011,1,3.961571514117998
1386,1011,925,1,2.223898532891128
1386,794,834,2,3.0622624863494035
1386,973,925,1,4.882215518422521
1386,873,702,4,4.548357078342699
1386,925,1478,1,15.538947915471203
1386,834,1004,1,4.837273690103386
1386,1004,1232,1,13.548232944538976
1386,1478,967,1,14.163846735607535
1387,702,783,3,5.250413373789177
1387,967,973,3,5.7043821114062
1387,1105,1232,1,3.8392690799482057
1387,925,1187,3,7.6790367656671
1387,928,402,1,16.388066195777938
1387,783,856,1,28.55412357877098
1387,1187,1004,2,11.361508124700526
1387,1140,794,1,9.096545861200513
1387,1004,1478,1,12.268284911360968
1387,1412,973,1,14.027846499005278
1388,1232,973,2,6.739053043647001
1388,783,1058,3,17.486864213198086
1388,973,702,1,14.048686290771036
1388,702,873,4,4.548357078342699
1388,928,200,1,19.11752961089156
1388,1187,850,1,11.109127914371388
1388,834,856,1,20.92270438869305
1388,856,794,1,18.10474316960466
1388,873,1140,1,10.849467604025635
1388,1140,702,1,13.472348608720578
1388,1412,1232,1,8.805321213797965
1389,834,928,1,7.925847526229188
1389,873,1004,3,3.839767699909918
1389,973,1067,3,7.92352939429049
1389,1011,834,1,6.510367578384317
1389,1232,967,1,9.421989977231084
1389,794,702,2,6.125367854472763
1389,783,1213,4,11.11949266445603
1389,925,1399,1,12.268300526223484
1389,702,967,1,9.424975322198348
1389,1004,1058,1,10.515329624384115
1390,967,1011,2,1.4629503400136323
1390,928,1011,1,3.6167275925925466
1390,834,702,1,4.389831624444016
1390,1004,1011,1,6.654407802707156
1390,1140,834,1,9.120303414799448
1390,702,402,1,7.84160901068824
1390,1187,794,2,11.519003477970214
1390,856,850,1,5.706192977163574
1391,1213,783,3,11.11949266445603
1391,1011,973,3,4.881725510082577
1391,1058,834,3,10.204580442928409
1391,402,928,1,16.388066195777938
1391,1067,928,1,10.07507435147502
1391,973,1399,2,11.751170313633397
1391,1399,1478,1,7.009492875361758
1391,702,1004,1,7.841523685223605
