time_step,start,end,flow,distance
0,882,1102,1,7.314751476768936
0,882,566,1,16.254125732085967
0,882,1013,1,3.839767699909249
0,1276,1106,2,4.836798739645476
0,834,931,1,10.694040075602611
0,834,708,1,4.389831624444016
0,834,1229,1,12.569063966979074
0,885,931,1,3.0617002345235647
0,885,708,1,6.511469320496247
0,885,834,1,7.688685710981335
0,659,965,1,9.121352246650094
0,1102,672,1,11.119492664455636
0,1106,882,1,10.203820878312005
0,1106,1013,1,7.015517581545067
0,965,1091,1,4.388654712140797
0,1229,882,1,9.341474227178574
1,882,965,1,3.616965677313317
1,882,1229,1,9.341474227178574
1,931,849,1,4.4061387562478425
1,834,965,1,3.83986736177262
1,885,1102,1,5.875878565174106
1,885,1013,1,3.46869779664105
2,882,885,1,2.852794790784161
2,882,849,1,9.574606006915822
2,508,1068,1,14.486601263726737
2,834,708,1,4.389831624444016
2,1102,1106,1,3.80171314717607
2,1106,1102,1,3.80171314717607
2,783,855,1,27.60378823743443
2,965,885,1,6.123119155303686
3,885,1398,2,13.644566108710274
3,931,882,1,5.812636165404913
3,931,849,1,4.4061387562478425
3,834,566,1,11.619599142411865
3,1106,1013,1,7.015517581545067
3,965,1102,1,8.304116264398273
4,882,917,1,7.68788945836583
4,1276,885,1,10.705394585658723
4,931,849,1,4.4061387562478425
4,965,1091,1,4.388654712140797
5,882,931,1,5.812636165404913
5,882,965,2,3.616965677313317
5,834,917,1,3.617203703030827
5,917,1091,1,4.837115435970083
5,1229,1102,1,3.8392690799482057
6,885,882,1,2.852794790784161
7,882,1102,1,7.314751476768936
7,1276,1229,1,3.959637309104105
8,1013,783,1,15.308499342485224
8,672,885,1,5.876204136119103
8,965,1068,1,16.31300252904951
9,882,965,1,3.616965677313317
9,834,917,1,3.617203703030827
9,1013,783,1,15.308499342485224
10,1276,783,1,22.606377139254327
10,931,783,2,18.3740064075405
10,1182,783,2,15.175538880502293
10,659,783,1,5.809594285895007
10,1091,882,1,7.965381677815221
10,566,783,1,5.876334276322891
10,965,783,1,10.498093903671007
10,1068,783,1,26.525178301273773
11,882,783,1,12.561839638690564
11,931,783,1,18.3740064075405
11,1091,783,1,10.241109598832232
11,1102,1229,1,3.8392690799482057
11,566,783,1,5.876334276322891
11,1106,783,1,22.318447076891776
11,535,783,2,11.620421645142477
11,965,834,1,3.83986736177262
11,1068,882,1,14.033707701296978
11,1068,783,1,26.525178301273773
11,1229,783,2,18.841160835534616
12,834,535,1,8.012842951904279
12,882,708,1,4.837510953567602
12,917,783,1,5.8083597500151045
12,931,1106,1,5.283575443416337
12,885,783,1,15.378166398318458
12,659,931,1,14.893741670685255
12,659,783,2,5.809594285895007
12,1091,1276,1,13.129287540581574
12,1091,917,1,4.837115435970083
12,566,783,1,5.876334276322891
12,849,783,1,21.903135562742808
12,535,783,3,11.620421645142477
12,1013,834,1,8.005172893624191
12,1068,783,1,26.525178301273773
13,834,783,6,7.689481736045675
13,965,783,6,10.498093903671007
13,1276,783,2,22.606377139254327
13,965,882,2,3.616965677313317
13,882,783,1,12.561839638690564
13,1276,1229,1,3.959637309104105
13,931,885,1,3.0617002345235647
13,931,1068,1,8.304853837171269
13,359,783,2,12.499801205497114
13,1435,783,2,17.957022310236383
13,1091,885,1,10.203820878312005
13,1102,1106,1,3.80171314717607
13,1102,783,1,18.800951364959644
13,1102,1229,1,3.8392690799482057
13,849,783,1,21.903135562742808
13,535,783,1,11.620421645142477
13,1013,882,1,3.839767699909249
13,672,1276,1,15.682986279658085
13,1068,783,2,26.525178301273773
13,1229,1102,1,3.8392690799482057
13,1229,783,2,18.841160835534616
14,882,965,2,3.616965677313317
14,885,882,1,2.852794790784161
14,885,783,1,15.378166398318458
14,882,708,1,4.837510953567602
14,1276,1229,1,3.959637309104105
14,708,783,1,10.697285568723771
14,1398,783,1,19.874616662347663
14,1102,1013,1,3.616251246210677
14,849,1276,1,11.479314497557898
14,849,931,1,4.4061387562478425
14,849,783,1,21.903135562742808
14,1106,1276,1,4.836798739645476
14,783,566,1,5.876334276322891
14,1068,783,1,26.525178301273773
14,1229,1276,1,3.959637309104105
14,1229,1102,1,3.8392690799482057
15,1276,783,3,22.606377139254327
15,965,834,1,3.83986736177262
15,882,783,1,12.561839638690564
15,1229,1013,1,5.640389822593795
15,931,885,1,3.0617002345235647
15,708,783,1,10.697285568723771
15,508,783,1,25.93420023872912
15,359,931,1,19.02514721551251
15,359,783,1,12.499801205497114
15,1102,834,1,11.614659746948035
15,1102,1229,1,3.8392690799482057
15,1106,1276,1,4.836798739645476
15,1106,1102,1,3.80171314717607
15,1106,1229,1,6.605818539698737
15,1013,931,1,4.405443882921528
15,965,1182,1,5.875748248781206
16,834,783,2,7.689481736045675
16,1229,783,1,18.841160835534616
16,1276,834,1,15.929463663685272
16,885,834,1,7.688685710981335
16,931,849,2,4.4061387562478425
16,1182,1013,1,5.283249325636405
16,708,834,1,4.389831624444016
16,708,783,1,10.697285568723771
16,1435,783,1,17.957022310236383
16,1398,1102,1,9.118728510486134
16,1398,783,1,19.874616662347663
16,1106,783,1,22.318447076891776
16,1013,1182,1,5.283249325636405
16,783,1182,1,15.175538880502293
16,1229,1276,1,3.959637309104105
17,834,783,3,7.689481736045675
17,965,783,8,10.498093903671007
17,931,783,6,18.3740064075405
17,965,708,2,6.739138237495128
17,931,882,4,5.812636165404913
17,885,783,3,15.378166398318458
17,659,885,1,11.84843418422244
17,659,783,3,5.809594285895007
17,535,783,5,11.620421645142477
17,1013,783,2,15.308499342485224
17,882,834,2,4.883195120135012
17,882,783,2,12.561839638690564
17,535,885,1,10.569431103772471
17,882,965,1,3.616965677313317
17,659,834,1,5.284552964469467
17,659,1102,1,16.62723071775665
17,1091,1276,1,13.129287540581574
17,1091,783,1,10.241109598832232
17,885,882,1,2.852794790784161
17,885,965,1,6.123119155303686
17,1091,1182,1,5.24631154396119
17,1091,1013,1,7.92275625179966
17,1276,783,1,22.606377139254327
17,917,783,1,5.8083597500151045
17,855,849,1,5.706192977162224
17,1182,1435,1,8.189653224238826
17,708,834,1,4.389831624444016
17,834,882,1,4.883195120135012
17,885,1182,1,8.662721360426067
17,1106,1102,1,3.80171314717607
17,1013,965,1,4.881725510082577
17,672,1091,1,15.266297177818483
17,1068,783,1,26.525178301273773
17,1229,783,1,18.841160835534616
18,965,783,1,10.498093903671007
18,885,1106,1,7.965381677815221
18,882,931,1,5.812636165404913
18,1013,917,1,9.763940751913996
18,965,834,2,3.83986736177262
18,882,885,1,2.852794790784161
18,882,1102,1,7.314751476768936
18,1276,1091,1,13.129287540581574
18,1182,882,1,7.841474878454721
18,708,783,1,10.697285568723771
18,834,882,1,4.883195120135012
18,834,1013,1,8.005172893624191
18,885,834,1,7.688685710981335
18,1091,783,1,10.241109598832232
18,1398,1102,1,9.118728510486134
18,849,931,1,4.4061387562478425
18,783,834,2,7.689481736045675
18,783,965,2,10.498093903671007
19,965,783,1,10.498093903671007
19,931,855,1,9.765900232263595
19,1106,1182,1,9.760018472127422
19,917,965,1,4.882215518422521
19,1091,783,1,10.241109598832232
19,882,659,1,9.424155624926374
19,931,783,1,18.3740064075405
19,708,834,1,4.389831624444016
19,508,855,1,9.342303526295408
19,834,783,4,7.689481736045675
19,834,965,1,3.83986736177262
19,359,783,1,12.499801205497114
19,1102,708,1,12.01896382682808
19,1102,965,1,8.304116264398273
19,1013,885,1,3.46869779664105
19,783,885,1,15.378166398318458
19,783,965,1,10.498093903671007
19,965,917,1,4.882215518422521
20,965,783,2,10.498093903671007
20,917,834,1,3.617203703030827
20,855,783,1,27.60378823743443
20,659,783,1,5.809594285895007
20,855,1182,1,18.44721762394832
20,882,931,1,5.812636165404913
20,882,885,1,2.852794790784161
20,882,1102,1,7.314751476768936
20,882,783,1,12.561839638690564
20,834,783,3,7.689481736045675
20,834,965,2,3.83986736177262
20,1435,783,1,17.957022310236383
20,885,1182,1,8.662721360426067
20,885,849,1,6.749102957431653
20,885,1013,1,3.46869779664105
20,1102,1013,1,3.616251246210677
20,849,931,3,4.4061387562478425
20,783,855,1,27.60378823743443
20,1370,1068,1,7.841426035905807
21,931,855,1,9.765900232263595
21,931,885,2,3.0617002345235647
21,1229,1102,2,3.8392690799482057
21,672,1229,1,14.57987655243148
21,931,849,3,4.4061387562478425
21,659,783,6,5.809594285895007
21,1091,783,1,10.241109598832232
21,1398,1091,1,9.6478124773512
21,1106,783,1,22.318447076891776
21,535,708,1,4.548441137468074
21,672,508,1,8.81713559460697
21,931,882,1,5.812636165404913
21,931,834,3,10.694040075602611
21,931,1102,1,4.548251915941359
21,535,783,1,11.620421645142477
21,1013,783,1,15.308499342485224
21,672,931,1,6.73915242731767
21,1229,783,1,18.841160835534616
21,1276,1102,1,4.836798739646007
21,1276,1106,1,4.836798739645476
21,359,535,1,5.855067293961566
21,849,783,1,21.903135562742808
21,1013,882,1,3.839767699909249
21,1013,965,1,4.881725510082577
21,882,834,1,4.883195120135012
21,1276,783,1,22.606377139254327
21,1182,783,1,15.175538880502293
21,708,931,1,9.423506251261468
21,834,917,2,3.617203703030827
21,885,931,1,3.0617002345235647
21,1102,882,1,7.314751476768936
21,783,917,3,5.8083597500151045
21,783,708,1,10.697285568723771
21,783,1091,37,10.241109598832232
21,783,965,1,10.498093903671007
21,965,834,1,3.83986736177262
21,1068,882,1,14.033707701296978
22,882,672,1,7.316385892068044
22,834,708,2,4.389831624444016
22,882,885,2,2.852794790784161
22,882,965,1,3.616965677313317
22,917,834,1,3.617203703030827
22,708,783,1,10.697285568723771
22,834,783,3,7.689481736045675
22,885,931,1,3.0617002345235647
22,1091,917,1,4.837115435970083
22,917,783,1,5.8083597500151045
22,931,882,1,5.812636165404913
22,931,834,2,10.694040075602611
22,931,965,1,8.628970001760946
22,1182,855,1,18.44721762394832
22,885,834,1,7.688685710981335
22,1102,834,1,11.614659746948035
22,849,931,1,4.4061387562478425
22,535,882,1,9.342211452816104
22,783,917,20,5.8083597500151045
22,783,659,2,5.809594285895007
22,783,1106,1,22.318447076891776
22,965,783,1,10.498093903671007
22,1229,1013,1,5.640389822593795
23,885,783,1,15.378166398318458
23,659,783,1,5.809594285895007
23,882,783,1,12.561839638690564
23,882,965,1,3.616965677313317
23,931,882,1,5.812636165404913
23,931,834,1,10.694040075602611
23,834,783,5,7.689481736045675
23,885,1091,1,10.203820878312005
23,1102,931,1,4.548251915941359
23,1102,1229,1,3.8392690799482057
23,849,931,1,4.4061387562478425
23,849,885,1,6.749102957431653
23,1013,931,1,4.405443882921528
23,1013,1182,1,5.283249325636405
23,783,885,1,15.378166398318458
23,783,965,1,10.498093903671007
23,783,1229,1,18.841160835534616
23,672,783,1,17.445012141301472
23,965,882,1,3.616965677313317
24,882,659,1,9.424155624926374
24,834,849,1,14.265481524111957
24,885,931,1,3.0617002345235647
24,1229,783,2,18.841160835534616
24,882,965,1,3.616965677313317
24,931,849,2,4.4061387562478425
24,931,1068,1,8.304853837171269
24,1182,783,1,15.175538880502293
24,708,783,1,10.697285568723771
24,885,672,1,5.876204136119103
24,1102,783,1,18.800951364959644
24,849,672,1,6.511836392511076
24,1013,834,1,8.005172893624191
24,783,882,1,12.561839638690564
24,783,834,1,7.689481736045675
24,965,885,1,6.123119155303686
25,1276,1068,1,8.66943360865319
25,834,882,3,4.883195120135012
25,882,834,4,4.883195120135012
25,1276,783,5,22.606377139254327
25,1229,1182,1,3.960024365898536
25,882,885,3,2.852794790784161
25,834,931,1,10.694040075602611
25,834,965,2,3.83986736177262
25,535,783,3,11.620421645142477
25,1229,1276,1,3.959637309104105
25,882,931,1,5.812636165404913
25,931,885,1,3.0617002345235647
25,834,885,1,7.688685710981335
25,834,783,9,7.689481736045675
25,885,1102,1,5.875878565174106
25,885,783,3,15.378166398318458
25,849,931,1,4.4061387562478425
25,1013,882,1,3.839767699909249
25,1013,783,1,15.308499342485224
25,882,965,1,3.616965677313317
25,917,1091,1,4.837115435970083
25,931,708,1,9.423506251261468
25,885,931,1,3.0617002345235647
25,1091,1276,1,13.129287540581574
25,1091,783,1,10.241109598832232
25,1102,1276,1,4.836798739646007
25,1106,783,1,22.318447076891776
25,1013,885,1,3.46869779664105
25,783,708,2,10.697285568723771
25,783,834,2,7.689481736045675
25,783,1229,1,18.841160835534616
25,965,885,1,6.123119155303686
25,965,1013,1,4.881725510082577
26,834,659,2,5.284552964469467
26,1276,1229,2,3.959637309104105
26,834,917,1,3.617203703030827
26,885,882,2,2.852794790784161
26,882,783,2,12.561839638690564
26,931,1102,1,4.548251915941359
26,834,708,2,4.389831624444016
26,1102,1106,1,3.80171314717607
26,965,834,2,3.83986736177262
26,882,931,1,5.812636165404913
26,882,1370,1,18.783825554252072
26,917,783,1,5.8083597500151045
26,931,849,1,4.4061387562478425
26,1182,1013,1,5.283249325636405
26,708,885,3,6.511469320496247
26,708,659,1,5.815596432206299
26,834,535,1,8.012842951904279
26,885,931,1,3.0617002345235647
26,885,659,1,11.84843418422244
26,885,535,1,10.569431103772471
26,885,1013,1,3.46869779664105
26,885,965,1,6.123119155303686
26,659,783,2,5.809594285895007
26,1091,965,1,4.388654712140797
26,849,672,1,6.511836392511076
26,1013,1182,1,5.283249325636405
26,783,882,1,12.561839638690564
26,783,1276,1,22.606377139254327
26,783,708,1,10.697285568723771
26,965,708,1,6.739138237495128
26,1229,1276,1,3.959637309104105
27,535,783,2,11.620421645142477
27,1102,1106,1,3.80171314717607
27,1229,783,1,18.841160835534616
27,659,834,2,5.284552964469467
27,1013,1398,1,10.186376382121452
27,1013,965,1,4.881725510082577
27,965,783,2,10.498093903671007
27,882,834,2,4.883195120135012
27,882,1091,1,7.965381677815221
27,1276,1398,1,7.438993890374081
27,1276,849,1,11.479314497557898
27,917,783,1,5.8083597500151045
27,931,882,1,5.812636165404913
27,931,783,1,18.3740064075405
27,931,965,1,8.628970001760946
27,708,783,2,10.697285568723771
27,834,882,1,4.883195120135012
27,834,783,1,7.689481736045675
27,885,834,1,7.688685710981335
27,885,672,1,5.876204136119103
27,659,783,2,5.809594285895007
27,1106,1013,1,7.015517581545067
27,783,708,1,10.697285568723771
27,783,834,1,7.689481736045675
27,783,1102,1,18.800951364959644
27,783,535,1,11.620421645142477
27,783,1013,1,15.308499342485224
27,1229,1276,1,3.959637309104105
28,965,659,1,9.121352246650094
28,882,931,1,5.812636165404913
28,834,708,3,4.389831624444016
28,834,659,1,5.284552964469467
28,1102,1276,1,4.836798739646007
28,882,1102,1,7.314751476768936
28,1276,783,1,22.606377139254327
28,855,1106,1,9.423483175173253
28,708,834,1,4.389831624444016
28,708,535,1,4.548441137468074
28,708,783,1,10.697285568723771
28,834,783,2,7.689481736045675
28,885,708,1,6.511469320496247
28,1106,1276,1,4.836798739645476
28,535,783,1,11.620421645142477
28,1013,708,1,8.663428210145081
28,1013,965,1,4.881725510082577
28,783,885,1,15.378166398318458
28,783,566,1,5.876334276322891
28,783,965,1,10.498093903671007
28,1370,783,1,30.28578929187396
28,965,882,1,3.616965677313317
29,1013,783,2,15.308499342485224
29,1229,783,1,18.841160835534616
29,659,535,1,5.810827883107414
29,882,783,1,12.561839638690564
29,834,882,2,4.883195120135012
29,885,965,1,6.123119155303686
29,659,783,2,5.809594285895007
29,1106,885,1,7.965381677815221
29,535,708,1,4.548441137468074
29,965,931,1,8.628970001760946
29,965,834,3,3.83986736177262
29,882,1229,1,9.341474227178574
29,1276,1106,1,4.836798739645476
29,1276,783,1,22.606377139254327
29,931,885,1,3.0617002345235647
29,931,849,1,4.4061387562478425
29,1182,882,1,7.841474878454721
29,708,882,3,4.837510953567602
29,708,783,1,10.697285568723771
29,708,965,1,6.739138237495128
29,885,672,1,5.876204136119103
29,1091,783,1,10.241109598832232
29,1102,882,1,7.314751476768936
29,849,783,1,21.903135562742808
29,783,1276,1,22.606377139254327
29,783,659,1,5.809594285895007
29,783,566,1,5.876334276322891
29,783,965,1,10.498093903671007
29,1229,965,1,8.77672016628073
30,1229,783,1,18.841160835534616
30,882,885,2,2.852794790784161
30,882,1102,1,7.314751476768936
30,834,917,1,3.617203703030827
30,834,708,1,4.389831624444016
30,882,708,1,4.837510953567602
30,882,965,1,3.616965677313317
30,1276,1013,1,8.190822817543284
30,1276,783,1,22.606377139254327
30,708,885,1,6.511469320496247
30,834,659,1,5.284552964469467
30,885,834,1,7.688685710981335
30,885,849,1,6.749102957431653
30,1091,783,1,10.241109598832232
30,783,882,1,12.561839638690564
30,783,931,1,18.3740064075405
30,783,834,1,7.689481736045675
30,783,885,1,15.378166398318458
30,783,1091,1,10.241109598832232
30,783,965,1,10.498093903671007
30,965,783,4,10.498093903671007
31,885,882,1,2.852794790784161
31,885,708,2,6.511469320496247
31,1102,931,1,4.548251915941359
31,965,834,1,3.83986736177262
31,882,931,1,5.812636165404913
31,917,834,1,3.617203703030827
31,931,849,2,4.4061387562478425
31,834,882,1,4.883195120135012
31,834,1182,1,9.674230674179531
31,885,931,1,3.0617002345235647
31,659,566,1,7.02219411294688
31,659,783,1,5.809594285895007
31,1091,834,1,6.739095652327052
31,1398,1106,1,11.562838367297022
31,1106,1276,1,4.836798739645476
31,1106,1102,1,3.80171314717607
31,535,783,1,11.620421645142477
31,1013,783,1,15.308499342485224
31,783,834,1,7.689481736045675
31,783,672,1,17.445012141301472
31,965,1182,1,5.875748248781206
32,1182,783,1,15.175538880502293
32,1276,931,1,8.946223146223524
32,1182,834,1,9.674230674179531
32,834,931,3,10.694040075602611
32,882,708,2,4.837510953567602
32,882,535,1,9.342211452816104
32,882,965,1,3.616965677313317
32,931,849,1,4.4061387562478425
32,931,1068,1,8.304853837171269
32,708,359,1,10.088438580081291
32,834,708,1,4.389831624444016
32,659,783,1,5.809594285895007
32,1091,834,1,6.739095652327052
32,1102,708,1,12.01896382682808
32,535,834,1,8.012842951904279
32,783,917,1,5.8083597500151045
32,783,1182,1,15.175538880502293
32,783,834,2,7.689481736045675
32,783,1091,1,10.241109598832232
32,783,1398,1,19.874616662347663
32,783,566,1,5.876334276322891
32,672,783,1,17.445012141301472
33,834,783,10,7.689481736045675
33,965,882,3,3.616965677313317
33,1182,783,1,15.175538880502293
33,834,965,2,3.83986736177262
33,1013,1182,1,5.283249325636405
33,1013,1398,1,10.186376382121452
33,1370,1276,2,7.918112864657469
33,855,1068,1,5.87594370452583
33,834,1091,1,6.739095652327052
33,882,1013,1,3.839767699909249
33,885,783,1,15.378166398318458
33,1102,1276,1,4.836798739646007
33,1013,849,1,8.811582411969269
33,1229,1102,1,3.8392690799482057
33,1276,849,1,11.479314497557898
33,917,783,1,5.8083597500151045
33,931,834,1,10.694040075602611
33,931,885,1,3.0617002345235647
33,931,1102,2,4.548251915941359
33,1182,885,1,8.662721360426067
33,708,882,2,4.837510953567602
33,834,708,1,4.389831624444016
33,885,882,1,2.852794790784161
33,659,708,1,5.815596432206299
33,1091,783,1,10.241109598832232
33,849,783,1,21.903135562742808
33,1106,1013,1,7.015517581545067
33,535,882,1,9.342211452816104
33,783,1276,1,22.606377139254327
33,783,708,1,10.697285568723771
33,783,834,1,7.689481736045675
33,783,1091,1,10.241109598832232
33,783,1106,1,22.318447076891776
33,783,535,2,11.620421645142477
33,783,1013,1,15.308499342485224
33,783,965,4,10.498093903671007
33,1229,1091,1,9.180034524729397
34,1276,783,3,22.606377139254327
34,885,931,1,3.0617002345235647
34,882,885,1,2.852794790784161
34,1102,1182,1,6.120304815079837
34,1102,1229,1,3.8392690799482057
34,965,1091,1,4.388654712140797
34,965,783,2,10.498093903671007
34,882,783,1,12.561839638690564
34,882,965,1,3.616965677313317
34,917,1091,1,4.837115435970083
34,931,885,1,3.0617002345235647
34,1182,1229,1,3.960024365898536
34,708,659,1,5.815596432206299
34,834,708,2,4.389831624444016
34,834,885,1,7.688685710981335
34,834,965,1,3.83986736177262
34,1102,1013,1,3.616251246210677
34,1106,1102,1,3.80171314717607
34,1013,882,1,3.839767699909249
34,1013,1102,1,3.616251246210677
34,783,708,1,10.697285568723771
34,783,834,2,7.689481736045675
34,783,885,1,15.378166398318458
34,783,535,2,11.620421645142477
34,783,1068,1,26.525178301273773
34,965,708,1,6.739138237495128
35,1229,783,2,18.841160835534616
35,659,783,1,5.809594285895007
35,1182,885,1,8.662721360426067
35,882,965,1,3.616965677313317
35,931,708,1,9.423506251261468
35,708,882,1,4.837510953567602
35,834,882,1,4.883195120135012
35,834,783,1,7.689481736045675
35,359,783,1,12.499801205497114
35,885,882,2,2.852794790784161
35,1091,783,2,10.241109598832232
35,1013,834,1,8.005172893624191
35,783,931,1,18.3740064075405
35,783,834,1,7.689481736045675
35,783,659,1,5.809594285895007
35,783,1102,1,18.800951364959644
35,672,783,1,17.445012141301472
35,965,834,1,3.83986736177262
35,1068,1229,1,11.360488351411393
36,659,783,1,5.809594285895007
36,931,885,1,3.0617002345235647
36,834,882,1,4.883195120135012
36,882,834,1,4.883195120135012
36,882,885,3,2.852794790784161
36,882,965,1,3.616965677313317
36,1276,783,1,22.606377139254327
36,708,783,1,10.697285568723771
36,834,535,1,8.012842951904279
36,885,882,1,2.852794790784161
36,885,535,1,10.569431103772471
36,849,882,1,9.574606006915822
36,535,708,1,4.548441137468074
36,1013,783,1,15.308499342485224
36,783,931,1,18.3740064075405
36,783,834,1,7.689481736045675
36,783,659,1,5.809594285895007
36,783,672,1,17.445012141301472
36,965,1013,1,4.881725510082577
36,1229,1398,1,5.282433425576492
37,659,783,3,5.809594285895007
37,659,834,2,5.284552964469467
37,1370,783,1,30.28578929187396
37,917,535,1,11.080361971095948
37,917,965,1,4.882215518422521
37,1182,1102,1,6.120304815079837
37,1106,1229,1,6.605818539698737
37,882,834,1,4.883195120135012
37,882,885,1,2.852794790784161
37,931,708,1,9.423506251261468
37,1182,783,1,15.175538880502293
37,708,783,1,10.697285568723771
37,834,708,1,4.389831624444016
37,834,659,2,5.284552964469467
37,1091,917,1,4.837115435970083
37,849,931,1,4.4061387562478425
37,535,834,1,8.012842951904279
37,1013,1102,1,3.616251246210677
37,783,931,1,18.3740064075405
37,783,849,1,21.903135562742808
37,783,1296,1,13.644692409583532
37,783,1013,1,15.308499342485224
37,783,1068,1,26.525178301273773
37,672,882,1,7.316385892068044
37,965,1102,1,8.304116264398273
38,834,882,1,4.883195120135012
38,834,783,1,7.689481736045675
38,882,931,1,5.812636165404913
38,882,708,1,4.837510953567602
38,882,885,1,2.852794790784161
38,882,1013,1,3.839767699909249
38,882,965,1,3.616965677313317
38,931,849,2,4.4061387562478425
38,708,882,1,4.837510953567602
38,708,834,3,4.389831624444016
38,708,783,1,10.697285568723771
38,834,708,1,4.389831624444016
38,834,672,1,10.50082625207165
38,885,882,1,2.852794790784161
38,1102,931,1,4.548251915941359
38,849,931,1,4.4061387562478425
38,849,834,1,14.265481524111957
38,535,965,1,11.11949266445603
38,1013,1229,1,5.640389822593795
38,783,659,1,5.809594285895007
38,783,566,1,5.876334276322891
38,783,965,1,10.498093903671007
38,965,882,1,3.616965677313317
38,965,708,1,6.739138237495128
38,965,834,1,3.83986736177262
39,931,882,1,5.812636165404913
39,1013,1091,1,7.92275625179966
39,672,1068,1,13.168317290084476
39,882,885,1,2.852794790784161
39,931,508,1,12.961089805583503
39,931,849,1,4.4061387562478425
39,708,359,1,10.088438580081291
39,708,965,1,6.739138237495128
39,834,882,2,4.883195120135012
39,834,965,3,3.83986736177262
39,1435,783,1,17.957022310236383
39,885,708,1,6.511469320496247
39,885,1398,1,13.644566108710274
39,659,834,1,5.284552964469467
39,1102,1106,1,3.80171314717607
39,849,508,1,9.342303526294996
39,535,708,1,4.548441137468074
39,783,659,1,5.809594285895007
39,783,1229,1,18.841160835534616
39,965,783,2,10.498093903671007
39,1229,1276,1,3.959637309104105
40,1091,1182,1,5.24631154396119
40,882,708,1,4.837510953567602
40,882,834,1,4.883195120135012
40,882,1102,1,7.314751476768936
40,1276,1182,1,7.919661523440269
40,708,882,1,4.837510953567602
40,708,931,1,9.423506251261468
40,834,965,1,3.83986736177262
40,885,931,2,3.0617002345235647
40,885,1102,1,5.875878565174106
40,659,535,1,5.810827883107414
40,1102,849,1,8.191991396325179
40,1102,1106,1,3.80171314717607
40,1102,965,1,8.304116264398273
40,849,882,1,9.574606006915822
40,1296,1068,1,29.27710165417736
40,783,882,1,12.561839638690564
40,783,917,2,5.8083597500151045
40,783,359,1,12.499801205497114
40,783,566,1,5.876334276322891
40,783,849,1,21.903135562742808
40,783,1229,1,18.841160835534616
40,965,882,2,3.616965677313317
40,965,1091,1,4.388654712140797
41,1182,1276,1,7.919661523440269
41,1276,1106,2,4.836798739645476
41,1013,1106,1,7.015517581545067
41,1013,783,1,15.308499342485224
41,1370,882,1,18.783825554252072
41,1182,1091,1,5.24631154396119
41,1182,1102,1,6.120304815079837
41,834,783,2,7.689481736045675
41,931,882,1,5.812636165404913
41,1182,931,1,9.422487826577225
41,882,834,2,4.883195120135012
41,882,885,1,2.852794790784161
41,882,1013,1,3.839767699909249
41,1276,1102,1,4.836798739646007
41,855,1068,1,5.87594370452583
41,931,1102,1,4.548251915941359
41,1182,1229,1,3.960024365898536
41,708,882,1,4.837510953567602
41,834,885,1,7.688685710981335
41,885,931,1,3.0617002345235647
41,659,882,1,9.424155624926374
41,1091,1182,1,5.24631154396119
41,849,508,1,9.342303526294996
41,1106,1102,1,3.80171314717607
41,783,1276,2,22.606377139254327
41,783,917,1,5.8083597500151045
41,783,885,1,15.378166398318458
41,965,882,1,3.616965677313317
41,965,917,1,4.882215518422521
42,1276,1229,1,3.959637309104105
42,834,672,1,10.50082625207165
42,885,882,1,2.852794790784161
42,882,885,1,2.852794790784161
42,882,1106,1,10.203820878312005
42,882,1013,1,3.839767699909249
42,882,965,1,3.616965677313317
42,1276,1106,1,4.836798739645476
42,1276,1013,1,8.190822817543284
42,931,849,3,4.4061387562478425
42,931,1068,1,8.304853837171269
42,1182,1013,1,5.283249325636405
42,708,834,1,4.389831624444016
42,834,1068,1,18.901027647971706
42,1102,1276,1,4.836798739646007
42,1102,931,1,4.548251915941359
42,1102,1229,1,3.8392690799482057
42,849,1068,1,6.736061142863373
42,1013,1091,1,7.92275625179966
42,783,931,1,18.3740064075405
42,783,834,2,7.689481736045675
42,783,659,1,5.809594285895007
42,783,1091,10,10.241109598832232
42,783,566,1,5.876334276322891
42,783,1229,1,18.841160835534616
43,1013,882,2,3.839767699909249
43,882,834,1,4.883195120135012
43,1276,1102,1,4.836798739646007
43,931,885,1,3.0617002345235647
43,931,1398,1,13.495077260547856
43,1182,882,1,7.841474878454721
43,708,672,1,6.751878981086827
43,834,931,1,10.694040075602611
43,834,708,1,4.389831624444016
43,834,1091,1,6.739095652327052
43,885,931,1,3.0617002345235647
43,659,834,1,5.284552964469467
43,1102,931,1,4.548251915941359
43,1102,834,1,11.614659746948035
43,1106,1276,1,4.836798739645476
43,1106,931,1,5.283575443416337
43,535,359,1,5.855067293961566
43,1013,885,1,3.46869779664105
43,783,708,1,10.697285568723771
43,783,885,1,15.378166398318458
43,783,965,1,10.498093903671007
43,783,1229,1,18.841160835534616
43,965,882,1,3.616965677313317
43,965,659,1,9.121352246650094
44,834,659,1,5.284552964469467
44,834,917,1,3.617203703030827
44,834,1229,1,12.569063966979074
44,1102,672,1,11.119492664455636
44,882,659,1,9.424155624926374
44,882,1102,1,7.314751476768936
44,882,965,2,3.616965677313317
44,1276,885,1,10.705394585658723
44,931,882,1,5.812636165404913
44,931,885,2,3.0617002345235647
44,708,882,1,4.837510953567602
44,885,882,1,2.852794790784161
44,885,1182,1,8.662721360426067
44,783,708,1,10.697285568723771
44,783,359,1,12.499801205497114
44,783,885,1,15.378166398318458
44,783,1398,1,19.874616662347663
44,783,566,1,5.876334276322891
44,783,965,1,10.498093903671007
44,965,885,1,6.123119155303686
45,855,849,1,5.706192977162224
45,1276,1229,3,3.959637309104105
45,834,965,3,3.83986736177262
45,1435,882,1,15.539169801979478
45,1182,849,1,13.728760504847472
45,834,882,2,4.883195120135012
45,965,1091,2,4.388654712140797
45,1182,855,11,18.44721762394832
45,1182,1013,2,5.283249325636405
45,965,882,1,3.616965677313317
45,965,1182,1,5.875748248781206
45,965,834,1,3.83986736177262
45,882,834,1,4.883195120135012
45,882,885,1,2.852794790784161
45,882,659,1,9.424155624926374
45,882,1102,1,7.314751476768936
45,855,1068,1,5.87594370452583
45,931,882,1,5.812636165404913
45,708,882,1,4.837510953567602
45,708,1229,1,14.16486062369625
45,834,885,1,7.688685710981335
45,834,783,1,7.689481736045675
45,659,834,1,5.284552964469467
45,659,535,1,5.810827883107414
45,1091,965,1,4.388654712140797
45,849,834,1,14.265481524111957
45,1106,672,1,11.752082528572066
45,1013,882,1,3.839767699909249
45,783,882,1,12.561839638690564
45,783,1276,1,22.606377139254327
45,783,931,2,18.3740064075405
45,783,708,1,10.697285568723771
45,783,834,1,7.689481736045675
45,783,1013,2,15.308499342485224
46,855,849,1,5.706192977162224
46,834,965,4,3.83986736177262
46,1013,885,1,3.46869779664105
46,882,855,1,15.256284869872443
46,882,931,1,5.812636165404913
46,882,885,1,2.852794790784161
46,931,1276,1,8.946223146223524
46,931,849,1,4.4061387562478425
46,834,535,1,8.012842951904279
46,885,1013,1,3.46869779664105
46,885,965,1,6.123119155303686
46,535,965,1,11.11949266445603
46,1013,882,1,3.839767699909249
46,783,931,1,18.3740064075405
46,783,1102,1,18.800951364959644
46,783,1106,1,22.318447076891776
46,783,965,1,10.498093903671007
46,672,885,1,5.876204136119103
46,965,1091,1,4.388654712140797
46,965,1102,1,8.304116264398273
47,1106,1102,1,3.80171314717607
47,882,885,1,2.852794790784161
47,882,965,2,3.616965677313317
47,1276,1229,1,3.959637309104105
47,885,1068,1,11.364565785437158
47,849,885,1,6.749102957431653
47,1013,882,2,3.839767699909249
47,965,1091,1,4.388654712140797
48,882,1013,3,3.839767699909249
48,882,965,1,3.616965677313317
48,882,1068,1,14.033707701296978
48,931,885,1,3.0617002345235647
48,708,535,1,4.548441137468074
48,885,882,1,2.852794790784161
48,885,672,1,5.876204136119103
48,659,882,1,9.424155624926374
48,1013,882,1,3.839767699909249
48,965,1102,1,8.304116264398273
48,1229,882,1,9.341474227178574
49,834,783,1,7.689481736045675
49,834,885,1,7.688685710981335
49,834,535,1,8.012842951904279
49,1106,1068,1,4.880745078525951
49,1370,1068,1,7.841426035905807
49,882,708,1,4.837510953567602
49,882,885,2,2.852794790784161
49,882,672,1,7.316385892068044
49,931,659,1,14.893741670685255
49,1182,1013,1,5.283249325636405
49,885,931,1,3.0617002345235647
49,1102,1276,1,4.836798739646007
49,1102,1106,1,3.80171314717607
49,965,1276,1,12.284417645367478
49,1229,1106,1,6.605818539698737
50,855,849,1,5.706192977162224
50,885,931,1,3.0617002345235647
50,535,849,1,14.6134281539242
50,783,931,1,18.3740064075405
50,1229,885,1,8.89559413156451
51,1276,1229,1,3.959637309104105
51,708,834,1,4.389831624444016
51,659,834,1,5.284552964469467
51,849,783,1,21.903135562742808
51,783,1398,1,19.874616662347663
51,672,885,1,5.876204136119103
51,965,1013,1,4.881725510082577
51,965,1229,1,8.77672016628073
52,834,708,1,4.389831624444016
52,834,931,1,10.694040075602611
52,1276,849,1,11.479314497557898
53,834,359,1,12.378619633278529
53,834,659,2,5.284552964469467
53,834,1398,1,15.216349824005198
53,882,931,1,5.812636165404913
53,882,1013,2,3.839767699909249
53,882,965,3,3.616965677313317
53,834,885,2,7.688685710981335
53,882,1276,1,12.01740314095659
53,882,359,1,14.913468445035848
53,1276,1106,1,4.836798739645476
53,535,834,1,8.012842951904279
53,783,708,1,10.697285568723771
53,783,965,1,10.498093903671007
53,1229,1276,2,3.959637309104105
54,885,1102,1,5.875878565174106
55,885,672,1,5.876204136119103
56,965,885,1,6.123119155303686
57,882,1102,1,7.314751476768936
57,708,783,1,10.697285568723771
57,508,783,1,25.93420023872912
57,834,882,1,4.883195120135012
57,1106,783,1,22.318447076891776
57,1013,783,1,15.308499342485224
57,965,783,1,10.498093903671007
58,931,783,1,18.3740064075405
58,508,783,1,25.93420023872912
58,1398,1091,1,9.6478124773512
58,849,783,1,21.903135562742808
58,672,885,1,5.876204136119103
58,965,783,2,10.498093903671007
59,882,783,1,12.561839638690564
59,931,783,1,18.3740064075405
59,708,783,1,10.697285568723771
59,659,783,1,5.809594285895007
59,1398,783,1,19.874616662347663
59,849,783,1,21.903135562742808
59,535,783,2,11.620421645142477
59,1013,885,1,3.46869779664105
59,965,1013,1,4.881725510082577
59,965,783,1,10.498093903671007
59,1068,783,1,26.525178301273773
59,1229,783,1,18.841160835534616
60,1276,783,1,22.606377139254327
60,1276,1229,1,3.959637309104105
60,359,783,1,12.499801205497114
60,659,783,3,5.809594285895007
60,1398,783,2,19.874616662347663
60,566,783,1,5.876334276322891
60,849,783,2,21.903135562742808
60,1106,783,1,22.318447076891776
60,535,783,2,11.620421645142477
60,672,849,1,6.511836392511076
60,672,783,1,17.445012141301472
60,1229,882,1,9.341474227178574
61,834,783,3,7.689481736045675
61,882,783,5,12.561839638690564
61,882,965,2,3.616965677313317
61,1182,1102,1,6.120304815079837
61,708,783,3,10.697285568723771
61,882,834,1,4.883195120135012
61,834,708,1,4.389831624444016
61,659,783,2,5.809594285895007
61,965,1013,1,4.881725510082577
61,965,783,3,10.498093903671007
61,917,783,1,5.8083597500151045
61,855,783,1,27.60378823743443
61,931,783,3,18.3740064075405
61,359,783,2,12.499801205497114
61,885,882,1,2.852794790784161
61,566,783,3,5.876334276322891
61,849,783,1,21.903135562742808
61,1106,1013,1,7.015517581545067
61,1013,885,1,3.46869779664105
61,783,708,1,10.697285568723771
61,672,783,1,17.445012141301472
61,1229,834,1,12.569063966979074
61,1229,1102,1,3.8392690799482057
62,834,783,1,7.689481736045675
62,965,885,1,6.123119155303686
62,855,882,1,15.256284869872443
62,855,849,1,5.706192977162224
62,708,783,2,10.697285568723771
62,508,849,1,9.342303526294996
62,834,965,1,3.83986736177262
62,885,965,1,6.123119155303686
62,1091,783,1,10.241109598832232
62,1102,1013,1,3.616251246210677
62,1102,1229,1,3.8392690799482057
62,566,783,1,5.876334276322891
62,849,783,2,21.903135562742808
62,1013,834,1,8.005172893624191
62,783,1182,1,15.175538880502293
62,783,834,1,7.689481736045675
62,965,1013,1,4.881725510082577
63,834,783,2,7.689481736045675
63,965,882,2,3.616965677313317
63,1229,783,1,18.841160835534616
63,882,535,1,9.342211452816104
63,882,783,1,12.561839638690564
63,359,783,1,12.499801205497114
63,885,834,1,7.688685710981335
63,849,783,1,21.903135562742808
63,1013,882,1,3.839767699909249
64,535,708,1,4.548441137468074
64,882,931,1,5.812636165404913
64,882,965,2,3.616965677313317
64,1276,1106,1,4.836798739645476
64,855,1106,1,9.423483175173253
64,1182,783,1,15.175538880502293
64,834,965,1,3.83986736177262
64,1102,882,1,7.314751476768936
64,566,783,1,5.876334276322891
64,849,783,1,21.903135562742808
64,783,834,1,7.689481736045675
64,783,359,1,12.499801205497114
64,783,1435,1,17.957022310236383
64,1068,783,1,26.525178301273773
65,834,783,13,7.689481736045675
65,708,359,1,10.088438580081291
65,659,783,7,5.809594285895007
65,931,783,3,18.3740064075405
65,885,783,4,15.378166398318458
65,1398,882,1,13.343391197346763
65,1106,1276,1,4.836798739645476
65,535,783,9,11.620421645142477
65,1229,783,3,18.841160835534616
65,931,855,1,9.765900232263595
65,885,882,3,2.852794790784161
65,1106,849,1,6.739095652327052
65,965,1276,1,12.284417645367478
65,965,783,5,10.498093903671007
65,931,882,3,5.812636165404913
65,708,783,5,10.697285568723771
65,1091,783,1,10.241109598832232
65,882,834,2,4.883195120135012
65,931,834,1,10.694040075602611
65,659,708,2,5.815596432206299
65,1091,1182,1,5.24631154396119
65,1106,1182,1,9.760018472127422
65,535,834,2,8.012842951904279
65,965,834,2,3.83986736177262
65,965,1013,1,4.881725510082577
65,917,1182,1,9.422487826578177
65,834,965,1,3.83986736177262
65,359,783,1,12.499801205497114
65,1102,885,1,5.875878565174106
65,566,783,1,5.876334276322891
65,1013,1182,1,5.283249325636405
65,1068,783,1,26.525178301273773
66,834,885,1,7.688685710981335
66,882,885,1,2.852794790784161
66,1276,783,1,22.606377139254327
66,882,931,1,5.812636165404913
66,882,783,1,12.561839638690564
66,1276,1398,1,7.438993890374081
66,708,783,2,10.697285568723771
66,834,783,5,7.689481736045675
66,885,834,1,7.688685710981335
66,849,931,1,4.4061387562478425
66,1013,1182,1,5.283249325636405
66,783,708,1,10.697285568723771
66,783,885,1,15.378166398318458
66,965,783,1,10.498093903671007
67,885,535,1,10.569431103772471
67,931,849,2,4.4061387562478425
67,885,965,1,6.123119155303686
67,1398,1182,1,5.640321895106829
67,882,931,1,5.812636165404913
67,882,783,1,12.561839638690564
67,882,965,1,3.616965677313317
67,1182,931,1,9.422487826577225
67,708,885,1,6.511469320496247
67,834,917,1,3.617203703030827
67,834,783,1,7.689481736045675
67,885,783,1,15.378166398318458
67,783,1276,1,22.606377139254327
67,783,917,1,5.8083597500151045
67,783,834,1,7.689481736045675
68,917,783,1,5.8083597500151045
68,1276,1013,1,8.190822817543284
68,931,849,1,4.4061387562478425
68,931,885,1,3.0617002345235647
68,885,672,1,5.876204136119103
68,965,783,1,10.498093903671007
68,882,965,1,3.616965677313317
68,1182,783,1,15.175538880502293
68,834,965,1,3.83986736177262
68,849,885,1,6.749102957431653
68,849,659,1,17.69046303867574
68,535,931,1,13.170081658182124
68,783,1229,1,18.841160835534616
68,965,885,1,6.123119155303686
69,659,834,1,5.284552964469467
69,1091,1182,2,5.24631154396119
69,659,917,1,6.671695598673383
69,566,783,1,5.876334276322891
69,931,885,4,3.0617002345235647
69,708,783,4,10.697285568723771
69,885,849,1,6.749102957431653
69,659,783,5,5.809594285895007
69,1102,882,1,7.314751476768936
69,1102,931,2,4.548251915941359
69,1102,1106,1,3.80171314717607
69,535,783,3,11.620421645142477
69,1013,882,1,3.839767699909249
69,1013,1102,2,3.616251246210677
69,1068,855,1,5.87594370452583
69,1229,882,1,9.341474227178574
69,931,882,3,5.812636165404913
69,931,783,4,18.3740064075405
69,708,834,1,4.389831624444016
69,885,1013,1,3.46869779664105
69,659,1182,1,14.91126931871612
69,965,708,1,6.739138237495128
69,1229,1182,1,3.960024365898536
69,1229,834,1,12.569063966979074
69,1229,1102,1,3.8392690799482057
69,931,834,1,10.694040075602611
69,708,882,1,4.837510953567602
69,508,672,1,8.81713559460697
69,834,783,5,7.689481736045675
69,885,834,1,7.688685710981335
69,885,783,1,15.378166398318458
69,1102,1276,1,4.836798739646007
69,1102,1013,1,3.616251246210677
69,1013,708,1,8.663428210145081
69,965,882,3,3.616965677313317
69,1229,783,1,18.841160835534616
69,885,882,1,2.852794790784161
69,1102,834,1,11.614659746948035
69,1013,783,1,15.308499342485224
69,783,1182,2,15.175538880502293
69,783,885,1,15.378166398318458
69,783,1013,1,15.308499342485224
69,783,1229,1,18.841160835534616
69,672,783,1,17.445012141301472
70,834,882,4,4.883195120135012
70,1102,1091,1,10.454710779351652
70,882,834,2,4.883195120135012
70,882,885,4,2.852794790784161
70,882,783,2,12.561839638690564
70,882,965,1,3.616965677313317
70,1276,1102,1,4.836798739646007
70,882,708,1,4.837510953567602
70,917,783,1,5.8083597500151045
70,931,1102,1,4.548251915941359
70,1182,783,1,15.175538880502293
70,708,882,1,4.837510953567602
70,834,965,2,3.83986736177262
70,359,965,1,16.025733255011108
70,885,834,1,7.688685710981335
70,659,783,1,5.809594285895007
70,783,882,1,12.561839638690564
70,783,1182,1,15.175538880502293
70,783,834,1,7.689481736045675
70,783,659,1,5.809594285895007
70,672,849,1,6.511836392511076
71,834,882,3,4.883195120135012
71,965,882,1,3.616965677313317
71,965,783,2,10.498093903671007
71,882,834,1,4.883195120135012
71,882,535,1,9.342211452816104
71,882,783,1,12.561839638690564
71,917,783,1,5.8083597500151045
71,931,885,1,3.0617002345235647
71,708,882,1,4.837510953567602
71,834,1182,1,9.674230674179531
71,659,834,1,5.284552964469467
71,1091,783,1,10.241109598832232
71,1102,1106,1,3.80171314717607
71,1102,1229,1,3.8392690799482057
71,849,672,1,6.511836392511076
71,1106,849,1,6.739095652327052
71,1106,783,1,22.318447076891776
71,783,1276,1,22.606377139254327
71,783,834,1,7.689481736045675
71,783,359,1,12.499801205497114
72,535,885,1,10.569431103772471
72,1276,783,1,22.606377139254327
72,834,783,2,7.689481736045675
72,672,783,1,17.445012141301472
72,882,834,1,4.883195120135012
72,882,783,4,12.561839638690564
72,708,783,1,10.697285568723771
72,834,917,1,3.617203703030827
72,885,882,1,2.852794790784161
72,1102,1276,1,4.836798739646007
72,849,931,2,4.4061387562478425
72,849,783,1,21.903135562742808
72,1106,783,1,22.318447076891776
72,1013,882,1,3.839767699909249
72,1013,931,1,4.405443882921528
72,783,885,1,15.378166398318458
72,965,1229,1,8.77672016628073
73,1398,1229,1,5.282433425576492
73,659,783,1,5.809594285895007
73,672,882,1,7.316385892068044
73,1276,1182,2,7.919661523440269
73,931,849,2,4.4061387562478425
73,834,783,2,7.689481736045675
73,1091,783,1,10.241109598832232
73,917,834,1,3.617203703030827
73,931,834,1,10.694040075602611
73,1091,1182,1,5.24631154396119
73,1398,783,1,19.874616662347663
73,535,708,2,4.548441137468074
73,1370,783,1,30.28578929187396
73,1068,783,1,26.525178301273773
73,882,931,1,5.812636165404913
73,882,885,1,2.852794790784161
73,1182,965,1,5.875748248781206
73,708,1106,1,14.476051732619457
73,834,708,2,4.389831624444016
73,885,882,1,2.852794790784161
73,1102,1013,1,3.616251246210677
73,1013,1229,1,5.640389822593795
73,783,931,1,18.3740064075405
73,783,834,1,7.689481736045675
73,783,885,1,15.378166398318458
73,783,659,1,5.809594285895007
73,783,1091,1,10.241109598832232
73,965,1013,1,4.881725510082577
74,708,834,2,4.389831624444016
74,965,1182,1,5.875748248781206
74,708,659,2,5.815596432206299
74,1091,882,1,7.965381677815221
74,882,931,2,5.812636165404913
74,882,834,1,4.883195120135012
74,931,885,2,3.0617002345235647
74,931,1102,1,4.548251915941359
74,931,1013,1,4.405443882921528
74,931,1229,1,8.28950012214804
74,1182,834,1,9.674230674179531
74,1182,1229,1,3.960024365898536
74,834,917,1,3.617203703030827
74,834,708,1,4.389831624444016
74,834,965,1,3.83986736177262
74,885,882,1,2.852794790784161
74,885,1229,1,8.89559413156451
74,849,931,1,4.4061387562478425
74,783,834,1,7.689481736045675
74,783,535,1,11.620421645142477
74,1229,1276,1,3.959637309104105
74,1229,849,1,12.017793437809017
74,1229,783,1,18.841160835534616
75,535,783,1,11.620421645142477
75,882,885,1,2.852794790784161
75,1276,783,1,22.606377139254327
75,834,882,4,4.883195120135012
75,882,965,1,3.616965677313317
75,917,882,1,7.68788945836583
75,917,834,1,3.617203703030827
75,931,885,1,3.0617002345235647
75,708,535,1,4.548441137468074
75,834,965,1,3.83986736177262
75,885,882,1,2.852794790784161
75,885,931,2,3.0617002345235647
75,885,1013,1,3.46869779664105
75,659,783,2,5.809594285895007
75,1102,783,1,18.800951364959644
75,783,882,3,12.561839638690564
75,783,834,1,7.689481736045675
75,965,849,1,12.803650760757485
75,1229,1276,1,3.959637309104105
75,1229,783,1,18.841160835534616
76,834,783,1,7.689481736045675
76,535,783,1,11.620421645142477
76,882,834,2,4.883195120135012
76,882,885,2,2.852794790784161
76,965,834,1,3.83986736177262
76,882,849,1,9.574606006915822
76,965,882,1,3.616965677313317
76,882,708,2,4.837510953567602
76,882,1013,1,3.839767699909249
76,882,783,1,12.561839638690564
76,1276,1229,1,3.959637309104105
76,931,1102,1,4.548251915941359
76,931,849,1,4.4061387562478425
76,1182,931,1,9.422487826577225
76,1182,1091,1,5.24631154396119
76,834,965,1,3.83986736177262
76,885,931,2,3.0617002345235647
76,885,1229,1,8.89559413156451
76,659,834,1,5.284552964469467
76,1106,783,1,22.318447076891776
76,1013,1398,1,10.186376382121452
76,1013,965,1,4.881725510082577
76,783,882,1,12.561839638690564
76,783,1182,1,15.175538880502293
76,783,834,1,7.689481736045675
76,783,1435,1,17.957022310236383
76,783,1102,3,18.800951364959644
76,1229,783,1,18.841160835534616
77,834,783,18,7.689481736045675
77,708,783,2,10.697285568723771
77,1102,1182,1,6.120304815079837
77,535,783,1,11.620421645142477
77,1276,1106,1,4.836798739645476
77,1276,783,1,22.606377139254327
77,708,882,2,4.837510953567602
77,566,783,1,5.876334276322891
77,672,885,1,5.876204136119103
77,965,783,5,10.498093903671007
77,882,1182,1,7.841474878454721
77,834,708,3,4.389831624444016
77,834,1013,1,8.005172893624191
77,834,1370,1,23.22436838511163
77,1091,965,1,4.388654712140797
77,1102,1276,2,4.836798739646007
77,917,834,1,3.617203703030827
77,708,885,1,6.511469320496247
77,834,1091,1,6.739095652327052
77,1091,783,1,10.241109598832232
77,1398,1182,1,5.640321895106829
77,1102,1398,1,9.118728510486134
77,882,535,1,9.342211452816104
77,882,783,1,12.561839638690564
77,931,1068,1,8.304853837171269
77,1182,1091,1,5.24631154396119
77,834,1182,1,9.674230674179531
77,885,882,1,2.852794790784161
77,1013,882,1,3.839767699909249
77,783,1276,1,22.606377139254327
77,783,834,2,7.689481736045675
77,783,1013,1,15.308499342485224
77,783,965,2,10.498093903671007
78,1276,1106,1,4.836798739645476
78,834,885,1,7.688685710981335
78,1276,1398,1,7.438993890374081
78,1276,1229,1,3.959637309104105
78,535,672,1,8.311483007291683
78,1276,783,1,22.606377139254327
78,882,783,3,12.561839638690564
78,882,965,1,3.616965677313317
78,931,1013,1,4.405443882921528
78,1182,882,1,7.841474878454721
78,1182,783,1,15.175538880502293
78,834,1182,1,9.674230674179531
78,834,659,1,5.284552964469467
78,885,882,1,2.852794790784161
78,885,708,1,6.511469320496247
78,885,849,1,6.749102957431653
78,1091,783,1,10.241109598832232
78,849,508,1,9.342303526294996
78,1106,1102,1,3.80171314717607
78,1013,1182,1,5.283249325636405
78,1013,783,1,15.308499342485224
78,783,834,1,7.689481736045675
78,783,535,1,11.620421645142477
78,783,1068,1,26.525178301273773
78,783,1229,1,18.841160835534616
78,965,1102,1,8.304116264398273
78,1229,1182,1,3.960024365898536
79,535,672,1,8.311483007291683
79,882,885,1,2.852794790784161
79,882,834,1,4.883195120135012
79,855,931,1,9.765900232263595
79,931,1106,1,5.283575443416337
79,708,783,1,10.697285568723771
79,834,1182,1,9.674230674179531
79,1106,1102,1,3.80171314717607
79,783,917,1,5.8083597500151045
79,783,508,1,25.93420023872912
79,783,359,1,12.499801205497114
79,783,566,1,5.876334276322891
79,783,1106,1,22.318447076891776
79,783,535,2,11.620421645142477
79,783,965,2,10.498093903671007
79,965,885,1,6.123119155303686
79,1068,855,1,5.87594370452583
79,1229,885,1,8.89559413156451
80,917,783,1,5.8083597500151045
80,566,1013,1,19.623653425070355
80,1106,931,1,5.283575443416337
80,1276,783,1,22.606377139254327
80,931,708,1,9.423506251261468
80,931,1068,1,8.304853837171269
80,708,834,1,4.389831624444016
80,708,535,1,4.548441137468074
80,834,659,1,5.284552964469467
80,885,882,1,2.852794790784161
80,885,708,1,6.511469320496247
80,659,783,1,5.809594285895007
80,1102,931,1,4.548251915941359
80,1102,1013,1,3.616251246210677
80,849,508,1,9.342303526294996
80,849,1102,1,8.191991396325179
80,783,882,2,12.561839638690564
80,783,1182,1,15.175538880502293
80,783,508,1,25.93420023872912
80,783,834,2,7.689481736045675
80,783,359,1,12.499801205497114
80,783,672,1,17.445012141301472
80,965,783,1,10.498093903671007
80,1229,1102,1,3.8392690799482057
81,834,965,3,3.83986736177262
81,1276,783,3,22.606377139254327
81,882,834,1,4.883195120135012
81,931,849,2,4.4061387562478425
81,834,783,17,7.689481736045675
81,882,783,2,12.561839638690564
81,1276,1102,1,4.836798739646007
81,1182,1398,1,5.640321895106829
81,708,535,1,4.548441137468074
81,885,882,1,2.852794790784161
81,659,783,1,5.809594285895007
81,1091,1013,1,7.92275625179966
81,1102,1276,1,4.836798739646007
81,849,508,1,9.342303526294996
81,1013,931,1,4.405443882921528
81,1013,783,1,15.308499342485224
81,1013,965,1,4.881725510082577
81,783,882,1,12.561839638690564
81,783,1182,1,15.175538880502293
81,783,359,1,12.499801205497114
81,783,885,1,15.378166398318458
81,783,566,2,5.876334276322891
82,1276,783,1,22.606377139254327
82,885,882,1,2.852794790784161
82,849,931,1,4.4061387562478425
82,931,885,1,3.0617002345235647
82,931,783,1,18.3740064075405
82,708,535,1,4.548441137468074
82,708,783,1,10.697285568723771
82,834,1229,1,12.569063966979074
82,1102,1106,1,3.80171314717607
82,1102,1229,1,3.8392690799482057
82,535,783,1,11.620421645142477
82,783,882,1,12.561839638690564
82,783,1182,1,15.175538880502293
82,783,708,1,10.697285568723771
82,783,508,1,25.93420023872912
82,783,659,1,5.809594285895007
82,783,1068,1,26.525178301273773
82,783,1229,1,18.841160835534616
82,1229,783,1,18.841160835534616
83,1229,1276,1,3.959637309104105
83,1229,885,1,8.89559413156451
83,882,834,2,4.883195120135012
83,882,783,1,12.561839638690564
83,882,965,1,3.616965677313317
83,885,783,1,15.378166398318458
83,849,931,1,4.4061387562478425
83,1106,1229,1,6.605818539698737
83,783,659,1,5.809594285895007
83,783,1106,1,22.318447076891776
83,965,882,1,3.616965677313317
83,965,834,1,3.83986736177262
84,834,965,1,3.83986736177262
84,834,1068,1,18.901027647971706
84,885,882,1,2.852794790784161
84,1276,1068,1,8.66943360865319
84,882,708,1,4.837510953567602
84,882,885,1,2.852794790784161
84,931,849,1,4.4061387562478425
84,931,1106,1,5.283575443416337
84,1182,1091,1,5.24631154396119
84,834,535,1,8.012842951904279
84,1398,1229,1,5.282433425576492
84,1102,1013,1,3.616251246210677
84,1013,931,1,4.405443882921528
84,783,708,1,10.697285568723771
84,783,834,1,7.689481736045675
84,783,659,1,5.809594285895007
84,783,849,1,21.903135562742808
84,783,535,1,11.620421645142477
84,783,672,1,17.445012141301472
84,1370,849,1,14.16435382667801
84,965,885,1,6.123119155303686
84,1068,1276,1,8.66943360865319
84,1229,931,1,8.28950012214804
85,834,885,3,7.688685710981335
85,834,965,2,3.83986736177262
85,834,708,6,4.389831624444016
85,1276,783,2,22.606377139254327
85,834,882,2,4.883195120135012
85,834,659,2,5.284552964469467
85,834,1091,6,6.739095652327052
85,834,917,12,3.617203703030827
85,834,783,3,7.689481736045675
85,1091,965,1,4.388654712140797
85,834,931,1,10.694040075602611
85,885,1102,1,5.875878565174106
85,1091,931,1,12.243987029703826
85,849,783,1,21.903135562742808
85,882,834,2,4.883195120135012
85,885,931,2,3.0617002345235647
85,1091,834,1,6.739095652327052
85,1091,783,1,10.241109598832232
85,1276,1398,1,7.438993890374081
85,1276,1229,1,3.959637309104105
85,855,849,1,5.706192977162224
85,931,965,1,8.628970001760946
85,931,1068,1,8.304853837171269
85,1182,882,1,7.841474878454721
85,1182,1091,1,5.24631154396119
85,834,1013,1,8.005172893624191
85,885,672,1,5.876204136119103
85,566,783,1,5.876334276322891
85,849,882,1,9.574606006915822
85,849,508,1,9.342303526294996
85,849,885,1,6.749102957431653
85,1013,855,1,14.035043934320278
85,783,882,2,12.561839638690564
85,783,708,1,10.697285568723771
85,783,834,2,7.689481736045675
85,783,535,1,11.620421645142477
85,783,672,1,17.445012141301472
85,783,1229,1,18.841160835534616
85,965,882,1,3.616965677313317
85,965,1013,1,4.881725510082577
85,1229,1276,1,3.959637309104105
85,1229,1398,1,5.282433425576492
86,1276,1106,1,4.836798739645476
86,834,1229,1,12.569063966979074
86,882,965,2,3.616965677313317
86,834,855,1,19.971672663678955
86,882,1013,1,3.839767699909249
86,931,885,1,3.0617002345235647
86,708,882,1,4.837510953567602
86,834,882,1,4.883195120135012
86,834,783,2,7.689481736045675
86,885,882,1,2.852794790784161
86,659,708,1,5.815596432206299
86,1106,1229,1,6.605818539698737
86,1013,882,1,3.839767699909249
86,783,659,2,5.809594285895007
86,783,965,2,10.498093903671007
87,882,931,1,5.812636165404913
87,882,708,2,4.837510953567602
87,882,885,1,2.852794790784161
87,855,1068,1,5.87594370452583
87,931,508,1,12.961089805583503
87,708,882,2,4.837510953567602
87,885,882,1,2.852794790784161
87,885,1013,1,3.46869779664105
87,1296,1182,1,14.636346421121209
87,1106,1013,1,7.015517581545067
87,1013,1229,1,5.640389822593795
87,783,1276,1,22.606377139254327
87,783,834,1,7.689481736045675
87,783,566,1,5.876334276322891
87,783,535,2,11.620421645142477
87,783,1068,1,26.525178301273773
87,965,882,1,3.616965677313317
87,965,1182,1,5.875748248781206
87,965,1398,1,11.479089287938937
87,1229,1276,1,3.959637309104105
87,1229,783,1,18.841160835534616
88,1276,931,1,8.946223146223524
88,1276,965,1,12.284417645367478
88,1182,834,1,9.674230674179531
88,1182,885,1,8.662721360426067
88,882,708,1,4.837510953567602
88,882,834,1,4.883195120135012
88,882,659,1,9.424155624926374
88,931,849,1,4.4061387562478425
88,834,931,1,10.694040075602611
88,885,834,1,7.688685710981335
88,659,535,1,5.810827883107414
88,1091,849,1,16.610443180087024
88,1102,1276,1,4.836798739646007
88,535,783,1,11.620421645142477
88,1013,885,1,3.46869779664105
88,783,931,3,18.3740064075405
88,783,849,1,21.903135562742808
88,965,882,4,3.616965677313317
88,1229,1102,1,3.8392690799482057
89,834,672,1,10.50082625207165
89,834,965,2,3.83986736177262
89,1276,1106,1,4.836798739645476
89,1276,1229,1,3.959637309104105
89,834,659,1,5.284552964469467
89,1276,359,1,26.88045833459078
89,834,708,1,4.389831624444016
89,834,885,1,7.688685710981335
89,834,783,2,7.689481736045675
89,1276,1102,1,4.836798739646007
89,931,1229,1,8.28950012214804
89,708,1091,1,10.705966675099036
89,834,535,2,8.012842951904279
89,885,1102,1,5.875878565174106
89,659,535,2,5.810827883107414
89,1091,882,1,7.965381677815221
89,1102,1106,1,3.80171314717607
89,849,931,1,4.4061387562478425
89,1106,1102,1,3.80171314717607
89,1013,965,1,4.881725510082577
89,783,708,1,10.697285568723771
89,783,885,1,15.378166398318458
89,783,849,1,21.903135562742808
89,783,535,1,11.620421645142477
89,783,965,1,10.498093903671007
89,965,882,1,3.616965677313317
89,965,1091,1,4.388654712140797
89,1229,1102,1,3.8392690799482057
90,882,672,1,7.316385892068044
90,931,849,1,4.4061387562478425
90,931,1068,1,8.304853837171269
90,885,672,1,5.876204136119103
90,659,834,1,5.284552964469467
90,1102,1013,1,3.616251246210677
90,1102,1229,1,3.8392690799482057
90,849,855,1,5.706192977162224
90,849,672,1,6.511836392511076
90,1013,1091,1,7.92275625179966
90,783,931,1,18.3740064075405
90,783,508,1,25.93420023872912
90,783,359,1,12.499801205497114
90,672,931,1,6.73915242731767
90,965,882,2,3.616965677313317
90,965,1276,1,12.284417645367478
90,965,834,1,3.83986736177262
91,834,1229,1,12.569063966979074
91,882,1106,1,10.203820878312005
91,882,965,2,3.616965677313317
91,708,834,1,4.389831624444016
91,834,708,1,4.389831624444016
91,659,882,1,9.424155624926374
91,1398,1229,1,5.282433425576492
91,1102,672,1,11.119492664455636
91,1106,1276,1,4.836798739645476
91,1106,1102,1,3.80171314717607
91,783,708,1,10.697285568723771
91,783,1091,1,10.241109598832232
92,1106,1276,1,4.836798739645476
92,965,783,1,10.498093903671007
92,855,1068,1,5.87594370452583
92,931,882,1,5.812636165404913
92,931,1229,1,8.28950012214804
92,834,659,1,5.284552964469467
92,1435,1398,1,5.805514364498899
92,885,359,1,16.388649277200646
92,1398,1102,1,9.118728510486134
92,849,359,1,20.280567075307232
92,535,1013,1,13.123524045686974
92,783,882,1,12.561839638690564
92,783,855,1,27.60378823743443
92,783,931,1,18.3740064075405
92,783,834,1,7.689481736045675
92,783,1102,1,18.800951364959644
92,783,965,1,10.498093903671007
92,965,1102,1,8.304116264398273
93,834,1398,3,15.216349824005198
93,834,931,1,10.694040075602611
93,834,1091,1,6.739095652327052
93,834,1106,1,14.888705663916236
93,834,535,2,8.012842951904279
93,834,1013,1,8.005172893624191
93,965,882,3,3.616965677313317
93,965,931,1,8.628970001760946
93,965,1229,1,8.77672016628073
93,1182,659,1,14.91126931871612
93,834,882,1,4.883195120135012
93,1370,535,1,27.18900163167172
93,882,708,1,4.837510953567602
93,882,885,1,2.852794790784161
93,931,965,1,8.628970001760946
93,1182,1398,1,5.640321895106829
93,1182,1102,1,6.120304815079837
93,708,882,1,4.837510953567602
93,708,834,1,4.389831624444016
93,834,708,1,4.389831624444016
93,885,931,1,3.0617002345235647
93,885,1102,1,5.875878565174106
93,849,931,1,4.4061387562478425
93,849,965,1,12.803650760757485
93,1013,882,1,3.839767699909249
93,783,931,1,18.3740064075405
93,783,834,1,7.689481736045675
93,783,1229,1,18.841160835534616
94,882,885,1,2.852794790784161
94,882,535,1,9.342211452816104
94,882,965,1,3.616965677313317
94,882,1229,1,9.341474227178574
94,855,849,1,5.706192977162224
94,931,882,1,5.812636165404913
94,834,931,1,10.694040075602611
94,834,1068,1,18.901027647971706
94,885,1229,1,8.89559413156451
94,659,882,1,9.424155624926374
94,1106,1102,1,3.80171314717607
94,1013,931,1,4.405443882921528
94,783,882,2,12.561839638690564
94,783,508,1,25.93420023872912
94,783,834,2,7.689481736045675
94,783,965,3,10.498093903671007
94,965,834,1,3.83986736177262
94,965,1091,1,4.388654712140797
95,834,783,2,7.689481736045675
95,834,1229,1,12.569063966979074
95,849,508,1,9.342303526294996
95,882,708,1,4.837510953567602
95,882,834,1,4.883195120135012
95,885,708,1,6.511469320496247
95,885,849,1,6.749102957431653
95,783,834,2,7.689481736045675
96,834,965,1,3.83986736177262
96,882,1182,1,7.841474878454721
96,882,1106,1,10.203820878312005
96,882,535,1,9.342211452816104
96,855,1102,1,12.404917058701368
96,708,783,1,10.697285568723771
96,834,882,2,4.883195120135012
96,1398,783,1,19.874616662347663
96,849,931,1,4.4061387562478425
96,783,1276,1,22.606377139254327
96,783,359,1,12.499801205497114
96,783,885,1,15.378166398318458
96,965,1091,1,4.388654712140797
96,965,1013,1,4.881725510082577
97,1182,1091,1,5.24631154396119
97,1182,885,1,8.662721360426067
97,885,1229,1,8.89559413156451
97,849,931,1,4.4061387562478425
97,882,965,1,3.616965677313317
97,1276,1102,1,4.836798739646007
97,917,1091,1,4.837115435970083
97,931,1013,1,4.405443882921528
97,931,672,1,6.73915242731767
97,834,931,1,10.694040075602611
97,885,672,1,5.876204136119103
97,659,566,1,7.02219411294688
97,1106,885,1,7.965381677815221
97,783,834,1,7.689481736045675
97,965,1091,1,4.388654712140797
97,965,849,1,12.803650760757485
97,1068,885,1,11.364565785437158
98,834,708,1,4.389831624444016
98,885,882,1,2.852794790784161
98,882,965,1,3.616965677313317
98,931,849,1,4.4061387562478425
98,1182,1013,1,5.283249325636405
98,885,1435,1,16.795891123871012
99,882,1398,1,13.343391197346763
99,1102,1106,1,3.80171314717607
99,783,708,1,10.697285568723771
100,882,359,1,14.913468445035848
100,882,965,1,3.616965677313317
100,882,1229,1,9.341474227178574
100,1276,1398,1,7.438993890374081
100,931,508,1,12.961089805583503
100,965,708,1,6.739138237495128
100,965,1102,1,8.304116264398273
101,1182,1398,1,5.640321895106829
101,1182,882,1,7.841474878454721
101,882,885,1,2.852794790784161
101,834,885,1,7.688685710981335
101,834,1398,1,15.216349824005198
102,882,1013,1,3.839767699909249
102,882,1229,1,9.341474227178574
102,708,1182,1,12.26833953852524
102,1013,882,1,3.839767699909249
102,1013,1102,1,3.616251246210677
103,882,965,1,3.616965677313317
103,965,1091,1,4.388654712140797
104,882,965,1,3.616965677313317
105,834,965,2,3.83986736177262
105,834,783,1,7.689481736045675
105,882,1106,1,10.203820878312005
105,882,1013,1,3.839767699909249
105,1276,783,1,22.606377139254327
105,1102,783,1,18.800951364959644
105,965,783,1,10.498093903671007
106,1182,783,1,15.175538880502293
106,708,783,1,10.697285568723771
106,359,783,1,12.499801205497114
106,1398,783,1,19.874616662347663
106,1102,783,1,18.800951364959644
106,535,783,3,11.620421645142477
106,965,783,3,10.498093903671007
106,1229,1182,1,3.960024365898536
106,1229,783,1,18.841160835534616
107,1276,783,1,22.606377139254327
107,1182,783,1,15.175538880502293
107,708,783,1,10.697285568723771
107,885,783,1,15.378166398318458
107,1091,783,2,10.241109598832232
107,1398,783,1,19.874616662347663
107,1102,783,2,18.800951364959644
107,849,783,1,21.903135562742808
107,1013,783,1,15.308499342485224
107,783,834,1,7.689481736045675
107,1068,931,1,8.304853837171269
107,1068,783,1,26.525178301273773
108,834,783,1,7.689481736045675
108,931,783,1,18.3740064075405
108,708,783,1,10.697285568723771
108,508,783,1,25.93420023872912
108,659,783,2,5.809594285895007
108,1091,783,1,10.241109598832232
108,1102,1013,1,3.616251246210677
108,566,783,1,5.876334276322891
108,849,708,1,11.8916662824573
108,535,359,1,5.855067293961566
108,1229,1102,1,3.8392690799482057
108,1229,783,2,18.841160835534616
109,1370,783,1,30.28578929187396
109,882,885,1,2.852794790784161
109,1276,849,1,11.479314497557898
109,834,783,1,7.689481736045675
109,965,1276,1,12.284417645367478
109,965,783,10,10.498093903671007
109,882,783,2,12.561839638690564
109,917,834,1,3.617203703030827
109,917,783,1,5.8083597500151045
109,1182,783,3,15.175538880502293
109,1182,1229,1,3.960024365898536
109,885,783,2,15.378166398318458
109,659,783,2,5.809594285895007
109,965,882,1,3.616965677313317
109,931,783,3,18.3740064075405
109,708,783,2,10.697285568723771
109,508,849,1,9.342303526294996
109,359,783,2,12.499801205497114
109,1102,659,1,16.62723071775665
109,566,783,1,5.876334276322891
109,535,708,1,4.548441137468074
109,535,783,2,11.620421645142477
109,1013,1398,1,10.186376382121452
109,1013,783,1,15.308499342485224
109,672,708,1,6.751878981086827
109,1068,783,3,26.525178301273773
109,1229,783,1,18.841160835534616
110,885,783,1,15.378166398318458
110,659,783,1,5.809594285895007
110,849,931,1,4.4061387562478425
110,882,1102,1,7.314751476768936
110,1276,1106,1,4.836798739645476
110,931,783,3,18.3740064075405
110,708,783,1,10.697285568723771
110,508,849,1,9.342303526294996
110,834,783,1,7.689481736045675
110,1398,783,1,19.874616662347663
110,1102,1106,1,3.80171314717607
110,1102,1068,1,8.626274418583195
110,1106,1398,1,11.562838367297022
110,535,783,4,11.620421645142477
110,783,834,1,7.689481736045675
110,672,783,1,17.445012141301472
110,1229,1102,1,3.8392690799482057
111,931,834,1,10.694040075602611
111,834,783,1,7.689481736045675
111,708,783,1,10.697285568723771
111,1398,1276,1,7.438993890374081
111,1398,783,1,19.874616662347663
111,1398,965,3,11.479089287938937
111,1102,1182,1,6.120304815079837
111,1102,834,1,11.614659746948035
111,783,1013,1,15.308499342485224
111,1068,1102,1,8.626274418583195
111,1068,783,1,26.525178301273773
112,965,885,2,6.123119155303686
112,965,1091,1,4.388654712140797
112,1182,1398,1,5.640321895106829
112,1276,783,1,22.606377139254327
112,1013,783,1,15.308499342485224
112,834,885,1,7.688685710981335
112,834,965,1,3.83986736177262
112,849,834,1,14.265481524111957
112,672,931,1,6.73915242731767
113,882,783,4,12.561839638690564
113,885,783,2,15.378166398318458
113,659,783,4,5.809594285895007
113,855,783,1,27.60378823743443
113,1182,834,1,9.674230674179531
113,1013,965,1,4.881725510082577
113,931,885,1,3.0617002345235647
113,834,783,2,7.689481736045675
113,885,849,2,6.749102957431653
113,1013,885,2,3.46869779664105
113,882,834,4,4.883195120135012
113,931,783,2,18.3740064075405
113,659,834,1,5.284552964469467
113,1013,931,1,4.405443882921528
113,931,834,1,10.694040075602611
113,931,849,1,4.4061387562478425
113,708,834,2,4.389831624444016
113,708,783,2,10.697285568723771
113,885,882,2,2.852794790784161
113,885,1013,1,3.46869779664105
113,965,834,1,3.83986736177262
113,965,1013,1,4.881725510082577
113,1229,1182,1,3.960024365898536
113,1182,965,1,5.875748248781206
113,834,917,1,3.617203703030827
113,834,965,1,3.83986736177262
113,885,965,1,6.123119155303686
113,1091,783,1,10.241109598832232
113,1398,783,2,19.874616662347663
113,849,885,1,6.749102957431653
113,535,834,1,8.012842951904279
113,1229,1398,1,5.282433425576492
114,1182,834,1,9.674230674179531
114,834,783,4,7.689481736045675
114,882,965,2,3.616965677313317
114,849,783,1,21.903135562742808
114,917,834,1,3.617203703030827
114,931,783,2,18.3740064075405
114,359,783,1,12.499801205497114
114,885,708,1,6.511469320496247
114,1102,931,1,4.548251915941359
114,849,931,1,4.4061387562478425
114,1106,783,1,22.318447076891776
114,1013,783,1,15.308499342485224
114,783,885,1,15.378166398318458
115,931,1102,1,4.548251915941359
115,931,849,1,4.4061387562478425
115,708,965,1,6.739138237495128
115,834,708,1,4.389831624444016
115,834,783,4,7.689481736045675
115,885,882,1,2.852794790784161
115,849,885,1,6.749102957431653
115,783,931,1,18.3740064075405
115,783,834,1,7.689481736045675
115,965,882,1,3.616965677313317
116,931,885,1,3.0617002345235647
116,708,834,1,4.389831624444016
116,882,659,2,9.424155624926374
116,849,885,1,6.749102957431653
116,834,659,1,5.284552964469467
116,834,1102,1,11.614659746948035
116,834,783,3,7.689481736045675
116,885,882,1,2.852794790784161
116,885,1182,1,8.662721360426067
116,1102,1229,1,3.8392690799482057
116,783,1182,9,15.175538880502293
116,783,834,1,7.689481736045675
116,783,849,1,21.903135562742808
116,965,708,1,6.739138237495128
116,965,885,1,6.123119155303686
116,965,849,1,12.803650760757485
117,882,708,2,4.837510953567602
117,882,885,2,2.852794790784161
117,1229,1102,3,3.8392690799482057
117,882,931,4,5.812636165404913
117,1276,834,1,15.929463663685272
117,1276,849,1,11.479314497557898
117,659,359,1,7.84162119104212
117,1276,917,1,16.804080761168354
117,917,834,1,3.617203703030827
117,855,783,1,27.60378823743443
117,931,882,3,5.812636165404913
117,708,783,3,10.697285568723771
117,1102,1276,1,4.836798739646007
117,535,783,4,11.620421645142477
117,1229,1276,1,3.959637309104105
117,882,783,1,12.561839638690564
117,1276,1229,2,3.959637309104105
117,1106,1276,2,4.836798739645476
117,1229,882,1,9.341474227178574
117,1229,1182,1,3.960024365898536
117,1229,783,2,18.841160835534616
117,882,834,1,4.883195120135012
117,882,965,1,3.616965677313317
117,917,783,1,5.8083597500151045
117,931,783,2,18.3740064075405
117,834,783,2,7.689481736045675
117,1106,1370,1,8.775541653972592
117,535,708,2,4.548441137468074
117,931,834,1,10.694040075602611
117,708,882,2,4.837510953567602
117,834,659,1,5.284552964469467
117,885,882,1,2.852794790784161
117,885,931,1,3.0617002345235647
117,885,659,1,11.84843418422244
117,659,783,1,5.809594285895007
117,1091,965,1,4.388654712140797
117,849,783,1,21.903135562742808
117,1013,783,1,15.308499342485224
117,783,834,1,7.689481736045675
117,783,885,1,15.378166398318458
117,783,659,1,5.809594285895007
117,783,849,1,21.903135562742808
117,965,834,1,3.83986736177262
117,1068,855,1,5.87594370452583
118,931,885,2,3.0617002345235647
118,708,885,1,6.511469320496247
118,931,849,1,4.4061387562478425
118,965,783,2,10.498093903671007
118,882,885,1,2.852794790784161
118,882,1398,1,13.343391197346763
118,855,783,1,27.60378823743443
118,1182,1091,1,5.24631154396119
118,708,882,1,4.837510953567602
118,834,882,1,4.883195120135012
118,834,783,2,7.689481736045675
118,885,882,1,2.852794790784161
118,659,965,1,9.121352246650094
118,1398,1229,1,5.282433425576492
118,1102,885,1,5.875878565174106
118,1102,1398,1,9.118728510486134
118,1102,783,1,18.800951364959644
118,566,783,1,5.876334276322891
118,849,882,1,9.574606006915822
118,849,783,2,21.903135562742808
118,783,708,1,10.697285568723771
118,783,659,1,5.809594285895007
118,672,708,1,6.751878981086827
118,1229,834,1,12.569063966979074
119,931,885,1,3.0617002345235647
119,931,1102,1,4.548251915941359
119,708,882,1,4.837510953567602
119,708,783,1,10.697285568723771
119,834,1091,1,6.739095652327052
119,834,783,3,7.689481736045675
119,834,965,1,3.83986736177262
119,885,882,1,2.852794790784161
119,885,931,1,3.0617002345235647
119,659,882,1,9.424155624926374
119,659,834,1,5.284552964469467
119,1091,1182,1,5.24631154396119
119,849,783,1,21.903135562742808
119,783,882,3,12.561839638690564
119,783,834,2,7.689481736045675
119,783,1091,1,10.241109598832232
119,1370,783,1,30.28578929187396
119,965,1013,1,4.881725510082577
119,1229,1013,1,5.640389822593795
119,1229,783,1,18.841160835534616
120,1013,885,1,3.46869779664105
120,1091,783,1,10.241109598832232
120,1013,1091,1,7.92275625179966
120,834,708,1,4.389831624444016
120,1091,834,1,6.739095652327052
120,965,1276,1,12.284417645367478
120,931,783,1,18.3740064075405
120,1182,783,2,15.175538880502293
120,708,834,2,4.389831624444016
120,834,659,1,5.284552964469467
120,834,849,1,14.265481524111957
120,359,783,1,12.499801205497114
120,885,882,2,2.852794790784161
120,885,1013,1,3.46869779664105
120,1102,931,1,4.548251915941359
120,783,834,2,7.689481736045675
120,783,1091,1,10.241109598832232
121,1106,1276,4,4.836798739645476
121,535,834,3,8.012842951904279
121,1068,783,2,26.525178301273773
121,965,882,1,3.616965677313317
121,965,783,4,10.498093903671007
121,1091,783,3,10.241109598832232
121,1013,1182,1,5.283249325636405
121,931,882,1,5.812636165404913
121,566,783,1,5.876334276322891
121,849,783,1,21.903135562742808
121,1106,783,1,22.318447076891776
121,1013,834,1,8.005172893624191
121,1013,535,1,13.123524045686974
121,965,1091,2,4.388654712140797
121,1068,834,1,18.901027647971706
121,855,1102,1,12.404917058701368
121,708,1091,1,10.705966675099036
121,708,783,2,10.697285568723771
121,834,783,8,7.689481736045675
121,849,931,1,4.4061387562478425
121,535,708,2,4.548441137468074
121,1013,882,2,3.839767699909249
121,672,783,1,17.445012141301472
121,1068,855,1,5.87594370452583
121,882,708,1,4.837510953567602
121,882,885,1,2.852794790784161
121,1276,1091,1,13.129287540581574
121,1276,1229,1,3.959637309104105
121,931,834,1,10.694040075602611
121,1182,783,1,15.175538880502293
121,708,834,1,4.389831624444016
121,834,659,1,5.284552964469467
121,359,783,1,12.499801205497114
121,885,882,1,2.852794790784161
121,885,1276,1,10.705394585658723
121,659,834,1,5.284552964469467
121,1091,1276,1,13.129287540581574
121,1102,783,1,18.800951364959644
121,783,882,1,12.561839638690564
121,783,708,1,10.697285568723771
121,783,834,3,7.689481736045675
121,783,1091,1,10.241109598832232
121,783,1102,1,18.800951364959644
121,783,672,1,17.445012141301472
122,708,659,1,5.815596432206299
122,931,1102,1,4.548251915941359
122,834,965,1,3.83986736177262
122,885,1013,1,3.46869779664105
122,1102,1013,1,3.616251246210677
122,882,931,2,5.812636165404913
122,882,834,1,4.883195120135012
122,882,885,2,2.852794790784161
122,1276,1102,1,4.836798739646007
122,1276,783,1,22.606377139254327
122,917,1091,1,4.837115435970083
122,855,1068,1,5.87594370452583
122,1182,672,1,14.511820279616508
122,708,783,1,10.697285568723771
122,834,783,3,7.689481736045675
122,1091,783,1,10.241109598832232
122,1398,783,1,19.874616662347663
122,1102,783,1,18.800951364959644
122,535,834,1,8.012842951904279
122,783,1182,1,15.175538880502293
122,783,834,2,7.689481736045675
122,783,885,1,15.378166398318458
122,783,659,1,5.809594285895007
122,672,882,1,7.316385892068044
122,1229,783,2,18.841160835534616
123,885,931,1,3.0617002345235647
123,931,885,1,3.0617002345235647
123,931,1106,1,5.283575443416337
123,1182,834,1,9.674230674179531
123,885,882,1,2.852794790784161
123,1013,885,1,3.46869779664105
123,1276,1102,1,4.836798739646007
123,1276,1229,1,3.959637309104105
123,708,834,1,4.389831624444016
123,834,917,1,3.617203703030827
123,834,931,1,10.694040075602611
123,834,885,1,7.688685710981335
123,834,783,1,7.689481736045675
123,834,965,2,3.83986736177262
123,885,708,1,6.511469320496247
123,659,783,1,5.809594285895007
123,1091,1276,1,13.129287540581574
123,1091,783,2,10.241109598832232
123,1102,931,1,4.548251915941359
123,849,783,1,21.903135562742808
123,1013,1276,1,8.190822817543284
123,783,882,1,12.561839638690564
123,783,1276,1,22.606377139254327
123,783,708,1,10.697285568723771
123,783,508,1,25.93420023872912
123,783,834,1,7.689481736045675
123,965,783,1,10.498093903671007
124,1106,1102,1,3.80171314717607
124,931,885,1,3.0617002345235647
124,965,834,2,3.83986736177262
124,931,834,1,10.694040075602611
124,1229,783,1,18.841160835534616
124,882,931,1,5.812636165404913
124,882,834,1,4.883195120135012
124,882,885,1,2.852794790784161
124,882,1091,1,7.965381677815221
124,882,965,1,3.616965677313317
124,917,783,1,5.8083597500151045
124,931,882,1,5.812636165404913
124,708,882,1,4.837510953567602
124,708,783,1,10.697285568723771
124,834,882,1,4.883195120135012
124,834,708,1,4.389831624444016
124,834,783,2,7.689481736045675
124,885,535,1,10.569431103772471
124,659,783,1,5.809594285895007
124,1091,1182,1,5.24631154396119
124,1091,1398,1,9.6478124773512
124,1102,1182,1,6.120304815079837
124,783,834,2,7.689481736045675
124,783,1435,1,17.957022310236383
124,783,659,1,5.809594285895007
124,783,849,1,21.903135562742808
124,783,1013,1,15.308499342485224
124,783,1229,1,18.841160835534616
125,965,882,4,3.616965677313317
125,535,885,1,10.569431103772471
125,931,783,4,18.3740064075405
125,1370,1276,1,7.918112864657469
125,535,783,1,11.620421645142477
125,965,1091,2,4.388654712140797
125,1229,1102,2,3.8392690799482057
125,1182,1013,2,5.283249325636405
125,1182,783,3,15.175538880502293
125,849,931,1,4.4061387562478425
125,1013,1102,1,3.616251246210677
125,965,359,1,16.025733255011108
125,1182,834,1,9.674230674179531
125,1182,965,1,5.875748248781206
125,1091,1229,1,9.180034524729397
125,1398,1435,1,5.805514364498899
125,1106,1276,1,4.836798739645476
125,1013,1091,1,7.92275625179966
125,1013,783,1,15.308499342485224
125,965,783,3,10.498093903671007
125,882,708,1,4.837510953567602
125,882,885,1,2.852794790784161
125,882,659,1,9.424155624926374
125,1276,1229,1,3.959637309104105
125,931,1106,1,5.283575443416337
125,1182,535,1,16.787330799836653
125,1182,1229,1,3.960024365898536
125,708,535,2,4.548441137468074
125,834,1013,1,8.005172893624191
125,834,783,1,7.689481736045675
125,834,965,1,3.83986736177262
125,885,783,2,15.378166398318458
125,659,783,1,5.809594285895007
125,1091,783,1,10.241109598832232
125,1102,885,1,5.875878565174106
125,849,1068,1,6.736061142863373
125,535,659,1,5.810827883107414
125,783,1276,1,22.606377139254327
125,783,917,1,5.8083597500151045
125,783,834,1,7.689481736045675
125,783,885,1,15.378166398318458
125,783,659,1,5.809594285895007
125,1229,783,1,18.841160835534616
126,882,834,1,4.883195120135012
126,882,783,2,12.561839638690564
126,1276,1068,2,8.66943360865319
126,1091,834,1,6.739095652327052
126,1106,1102,1,3.80171314717607
126,965,1102,1,8.304116264398273
126,882,1435,1,15.539169801979478
126,1276,783,1,22.606377139254327
126,917,834,1,3.617203703030827
126,931,1276,1,8.946223146223524
126,708,783,1,10.697285568723771
126,834,885,1,7.688685710981335
126,834,783,2,7.689481736045675
126,834,965,1,3.83986736177262
126,885,1102,1,5.875878565174106
126,885,849,1,6.749102957431653
126,885,1013,1,3.46869779664105
126,885,783,2,15.378166398318458
126,659,783,1,5.809594285895007
126,1091,783,1,10.241109598832232
126,1398,1229,1,5.282433425576492
126,535,708,1,4.548441137468074
126,783,931,2,18.3740064075405
126,965,708,1,6.739138237495128
126,1229,885,1,8.89559413156451
127,1276,1229,1,3.959637309104105
127,931,885,1,3.0617002345235647
127,931,1068,1,8.304853837171269
127,708,882,1,4.837510953567602
127,708,885,1,6.511469320496247
127,834,659,2,5.284552964469467
127,834,783,1,7.689481736045675
127,834,965,2,3.83986736177262
127,885,931,1,3.0617002345235647
127,885,783,1,15.378166398318458
127,659,834,1,5.284552964469467
127,659,783,1,5.809594285895007
127,1091,783,1,10.241109598832232
127,1102,783,1,18.800951364959644
127,849,1102,1,8.191991396325179
127,1013,965,3,4.881725510082577
127,783,834,3,7.689481736045675
127,783,1013,1,15.308499342485224
127,965,931,1,8.628970001760946
127,1229,1091,1,9.180034524729397
128,965,834,4,3.83986736177262
128,965,885,1,6.123119155303686
128,834,882,2,4.883195120135012
128,885,1102,1,5.875878565174106
128,882,1102,1,7.314751476768936
128,834,783,1,7.689481736045675
128,885,965,1,6.123119155303686
128,1102,1229,1,3.8392690799482057
128,1013,885,1,3.46869779664105
128,783,882,1,12.561839638690564
128,783,1276,1,22.606377139254327
128,783,1091,1,10.241109598832232
128,783,535,1,11.620421645142477
128,783,1013,1,15.308499342485224
128,783,1229,1,18.841160835534616
129,1182,882,1,7.841474878454721
129,1106,1102,1,3.80171314717607
129,882,1182,1,7.841474878454721
129,882,885,1,2.852794790784161
129,882,659,1,9.424155624926374
129,882,965,1,3.616965677313317
129,1182,783,2,15.175538880502293
129,566,783,2,5.876334276322891
129,965,1091,2,4.388654712140797
129,882,708,2,4.837510953567602
129,1106,1276,2,4.836798739645476
129,1370,834,1,23.22436838511163
129,882,834,1,4.883195120135012
129,882,783,1,12.561839638690564
129,1276,1229,1,3.959637309104105
129,917,783,2,5.8083597500151045
129,855,849,1,5.706192977162224
129,708,834,2,4.389831624444016
129,885,834,1,7.688685710981335
129,849,931,2,4.4061387562478425
129,849,1068,1,6.736061142863373
129,1106,931,1,5.283575443416337
129,931,1229,1,8.28950012214804
129,1182,1013,1,5.283249325636405
129,834,882,1,4.883195120135012
129,834,849,1,14.265481524111957
129,834,1013,1,8.005172893624191
129,834,783,2,7.689481736045675
129,359,783,1,12.499801205497114
129,885,1102,1,5.875878565174106
129,885,783,1,15.378166398318458
129,659,834,1,5.284552964469467
129,1091,965,1,4.388654712140797
129,1102,783,1,18.800951364959644
129,1102,1229,1,3.8392690799482057
129,1013,1091,1,7.92275625179966
129,1013,1106,1,7.015517581545067
129,783,535,1,11.620421645142477
129,965,834,2,3.83986736177262
129,1229,1102,1,3.8392690799482057
130,1182,1091,1,5.24631154396119
130,849,1068,1,6.736061142863373
130,708,535,1,4.548441137468074
130,834,659,2,5.284552964469467
130,885,882,1,2.852794790784161
130,882,885,2,2.852794790784161
130,1276,1106,1,4.836798739645476
130,1276,783,1,22.606377139254327
130,931,882,2,5.812636165404913
130,931,885,1,3.0617002345235647
130,708,834,1,4.389831624444016
130,834,885,1,7.688685710981335
130,834,783,2,7.689481736045675
130,659,783,1,5.809594285895007
130,1091,783,1,10.241109598832232
130,1013,882,1,3.839767699909249
130,1013,834,1,8.005172893624191
130,783,1182,2,15.175538880502293
130,783,834,1,7.689481736045675
130,783,359,1,12.499801205497114
130,783,885,1,15.378166398318458
130,783,566,1,5.876334276322891
130,965,882,1,3.616965677313317
130,965,834,1,3.83986736177262
131,885,882,1,2.852794790784161
131,885,1102,2,5.875878565174106
131,659,783,1,5.809594285895007
131,882,931,1,5.812636165404913
131,882,834,1,4.883195120135012
131,882,783,1,12.561839638690564
131,882,965,1,3.616965677313317
131,1276,1106,1,4.836798739645476
131,1182,783,2,15.175538880502293
131,834,882,1,4.883195120135012
131,834,885,1,7.688685710981335
131,834,783,1,7.689481736045675
131,885,708,1,6.511469320496247
131,885,783,1,15.378166398318458
131,1091,1182,1,5.24631154396119
131,1102,882,1,7.314751476768936
131,1102,931,1,4.548251915941359
131,849,882,1,9.574606006915822
131,1106,1013,1,7.015517581545067
131,783,882,2,12.561839638690564
131,783,359,1,12.499801205497114
131,783,535,2,11.620421645142477
131,672,1106,1,11.752082528572066
131,1229,834,1,12.569063966979074
131,1229,1398,1,5.282433425576492
131,1229,1102,1,3.8392690799482057
131,1229,783,1,18.841160835534616
132,708,783,1,10.697285568723771
132,931,659,1,14.893741670685255
132,1182,1091,1,5.24631154396119
132,882,931,1,5.812636165404913
132,882,834,1,4.883195120135012
132,931,885,1,3.0617002345235647
132,834,882,2,4.883195120135012
132,834,783,2,7.689481736045675
132,834,672,1,10.50082625207165
132,834,965,1,3.83986736177262
132,885,965,1,6.123119155303686
132,659,535,1,5.810827883107414
132,1091,1435,1,8.895594131564904
132,1102,1276,1,4.836798739646007
132,1106,1102,1,3.80171314717607
132,1106,1229,1,6.605818539698737
132,1013,783,1,15.308499342485224
132,783,882,1,12.561839638690564
132,783,1276,1,22.606377139254327
132,783,508,1,25.93420023872912
132,783,659,1,5.809594285895007
132,783,1091,1,10.241109598832232
132,783,1229,1,18.841160835534616
132,965,535,1,11.11949266445603
133,708,783,2,10.697285568723771
133,965,783,7,10.498093903671007
133,917,834,1,3.617203703030827
133,917,783,1,5.8083597500151045
133,1182,1229,2,3.960024365898536
133,1296,885,1,21.207055286952272
133,931,508,1,12.961089805583503
133,931,849,1,4.4061387562478425
133,1182,834,2,9.674230674179531
133,708,834,2,4.389831624444016
133,885,849,1,6.749102957431653
133,849,508,1,9.342303526294996
133,965,882,1,3.616965677313317
133,931,882,1,5.812636165404913
133,931,783,1,18.3740064075405
133,1182,1013,2,5.283249325636405
133,885,882,2,2.852794790784161
133,885,659,1,11.84843418422244
133,849,672,1,6.511836392511076
133,1013,1182,2,5.283249325636405
133,1013,965,1,4.881725510082577
133,882,931,2,5.812636165404913
133,1276,1106,1,4.836798739645476
133,1276,1013,1,8.190822817543284
133,834,885,1,7.688685710981335
133,1102,834,1,11.614659746948035
133,783,834,1,7.689481736045675
133,783,535,1,11.620421645142477
133,783,965,1,10.498093903671007
133,965,834,1,3.83986736177262
134,1182,965,1,5.875748248781206
134,834,783,2,7.689481736045675
134,834,965,2,3.83986736177262
134,1013,885,1,3.46869779664105
134,882,885,2,2.852794790784161
134,882,965,1,3.616965677313317
134,882,1068,1,14.033707701296978
134,931,855,1,9.765900232263595
134,931,849,1,4.4061387562478425
134,931,672,1,6.73915242731767
134,834,659,1,5.284552964469467
134,885,1398,1,13.644566108710274
134,885,783,1,15.378166398318458
134,659,535,1,5.810827883107414
134,1102,783,1,18.800951364959644
134,566,882,1,16.254125732085967
134,849,508,1,9.342303526294996
134,1106,1276,1,4.836798739645476
134,783,882,1,12.561839638690564
134,783,359,1,12.499801205497114
134,783,965,1,10.498093903671007
135,885,931,2,3.0617002345235647
135,885,882,1,2.852794790784161
135,882,708,1,4.837510953567602
135,834,783,1,7.689481736045675
135,659,535,1,5.810827883107414
135,849,931,1,4.4061387562478425
135,849,783,1,21.903135562742808
135,1106,965,1,11.884713829537391
135,1013,882,1,3.839767699909249
135,1013,931,1,4.405443882921528
135,783,834,2,7.689481736045675
135,783,1398,1,19.874616662347663
135,783,566,1,5.876334276322891
135,783,535,1,11.620421645142477
135,1068,855,1,5.87594370452583
135,1229,1106,1,6.605818539698737
136,931,885,2,3.0617002345235647
136,931,659,1,14.893741670685255
136,882,1276,1,12.01740314095659
136,882,834,1,4.883195120135012
136,882,885,1,2.852794790784161
136,882,1102,1,7.314751476768936
136,882,535,1,9.342211452816104
136,1276,1106,1,4.836798739645476
136,855,849,1,5.706192977162224
136,855,672,1,11.369656353246375
136,931,849,1,4.4061387562478425
136,1182,882,1,7.841474878454721
136,708,672,1,6.751878981086827
136,834,535,1,8.012842951904279
136,834,965,2,3.83986736177262
136,659,535,1,5.810827883107414
136,659,783,1,5.809594285895007
136,566,783,1,5.876334276322891
136,1106,1102,1,3.80171314717607
136,783,708,1,10.697285568723771
136,783,659,2,5.809594285895007
136,783,849,1,21.903135562742808
136,672,965,1,10.884705359638655
136,965,882,1,3.616965677313317
136,965,1106,1,11.884713829537391
137,708,882,3,4.837510953567602
137,1102,882,2,7.314751476768936
137,1296,1182,1,14.636346421121209
137,849,965,1,12.803650760757485
137,849,1068,1,6.736061142863373
137,882,965,2,3.616965677313317
137,885,882,2,2.852794790784161
137,1102,1106,1,3.80171314717607
137,849,508,1,9.342303526294996
137,849,1102,1,8.191991396325179
137,849,783,1,21.903135562742808
137,882,931,1,5.812636165404913
137,1276,783,1,22.606377139254327
137,931,1102,1,4.548251915941359
137,834,1013,1,8.005172893624191
137,834,965,1,3.83986736177262
137,1435,1398,1,5.805514364498899
137,885,931,1,3.0617002345235647
137,659,834,1,5.284552964469467
137,659,672,1,12.368643675107524
137,1102,1013,1,3.616251246210677
137,849,855,1,5.706192977162224
137,783,708,1,10.697285568723771
137,783,885,1,15.378166398318458
137,783,659,1,5.809594285895007
137,783,1102,1,18.800951364959644
137,783,849,1,21.903135562742808
137,783,965,1,10.498093903671007
137,965,783,1,10.498093903671007
137,1229,1102,1,3.8392690799482057
138,931,783,1,18.3740064075405
138,882,1013,1,3.839767699909249
138,855,931,1,9.765900232263595
138,1182,1398,1,5.640321895106829
138,1013,885,1,3.46869779664105
138,1013,965,1,4.881725510082577
138,931,885,1,3.0617002345235647
138,708,965,1,6.739138237495128
138,834,672,1,10.50082625207165
138,885,672,1,5.876204136119103
138,659,1091,1,11.28096621772052
138,849,931,1,4.4061387562478425
138,1106,1102,1,3.80171314717607
138,783,1182,1,15.175538880502293
138,783,508,1,25.93420023872912
138,783,1398,1,19.874616662347663
138,783,535,1,11.620421645142477
138,1068,931,1,8.304853837171269
139,931,1068,1,8.304853837171269
139,1182,1106,1,9.760018472127422
139,882,1182,1,7.841474878454721
139,882,708,1,4.837510953567602
139,882,834,1,4.883195120135012
139,882,885,1,2.852794790784161
139,882,965,1,3.616965677313317
139,931,882,1,5.812636165404913
139,931,849,1,4.4061387562478425
139,885,855,1,12.412669367198909
139,1091,882,1,7.965381677815221
139,849,1229,1,12.017793437809017
139,1106,1276,1,4.836798739645476
139,1013,566,1,19.623653425070355
139,783,508,1,25.93420023872912
139,783,535,1,11.620421645142477
140,1229,1102,1,3.8392690799482057
140,1276,1102,1,4.836798739646007
140,882,931,1,5.812636165404913
140,882,1182,1,7.841474878454721
140,882,965,1,3.616965677313317
140,834,849,1,14.265481524111957
140,885,882,1,2.852794790784161
140,885,1013,1,3.46869779664105
140,1102,882,1,7.314751476768936
140,566,783,1,5.876334276322891
140,1106,1102,1,3.80171314717607
140,783,359,1,12.499801205497114
140,783,1229,1,18.841160835534616
140,672,849,1,6.511836392511076
140,965,882,1,3.616965677313317
140,965,834,1,3.83986736177262
140,965,1091,1,4.388654712140797
141,834,882,7,4.883195120135012
141,834,535,1,8.012842951904279
141,834,783,2,7.689481736045675
141,1370,855,1,13.377197086368376
141,1370,849,2,14.16435382667801
141,917,885,1,10.518632362833186
141,834,885,1,7.688685710981335
141,1013,931,1,4.405443882921528
141,1013,1182,1,5.283249325636405
141,1013,1091,1,7.92275625179966
141,1013,1229,2,5.640389822593795
141,1013,1435,1,13.46916483615337
141,882,659,1,9.424155624926374
141,931,708,1,9.423506251261468
141,834,1398,1,15.216349824005198
141,1013,885,1,3.46869779664105
141,1013,1102,1,3.616251246210677
141,882,931,2,5.812636165404913
141,882,566,1,16.254125732085967
141,882,1013,1,3.839767699909249
141,1276,885,1,10.705394585658723
141,855,1013,1,14.035043934320278
141,834,855,1,19.971672663678955
141,834,659,1,5.284552964469467
141,885,1013,1,3.46869779664105
141,1091,849,1,16.610443180087024
141,1091,965,1,4.388654712140797
141,849,931,1,4.4061387562478425
141,849,508,1,9.342303526294996
141,849,834,1,14.265481524111957
141,1106,1229,1,6.605818539698737
141,1013,672,1,9.341935125969725
141,783,1276,1,22.606377139254327
141,783,965,1,10.498093903671007
141,672,965,1,10.884705359638655
141,965,834,1,3.83986736177262
141,965,535,1,11.11949266445603
141,1068,965,1,16.31300252904951
141,1229,672,1,14.57987655243148
142,1013,1106,1,7.015517581545067
142,882,885,2,2.852794790784161
142,882,359,1,14.913468445035848
142,1276,1229,1,3.959637309104105
142,855,1013,2,14.035043934320278
142,965,1182,1,5.875748248781206
142,882,708,1,4.837510953567602
142,882,1102,1,7.314751476768936
142,882,672,2,7.316385892068044
142,834,708,1,4.389831624444016
142,834,849,1,14.265481524111957
142,885,882,1,2.852794790784161
142,885,931,1,3.0617002345235647
142,885,708,1,6.511469320496247
142,885,1102,1,5.875878565174106
142,659,882,1,9.424155624926374
142,849,508,1,9.342303526294996
142,849,885,1,6.749102957431653
142,535,708,1,4.548441137468074
142,1013,885,1,3.46869779664105
142,783,708,1,10.697285568723771
142,783,885,1,15.378166398318458
142,783,1102,1,18.800951364959644
142,783,535,1,11.620421645142477
142,783,672,1,17.445012141301472
142,783,965,1,10.498093903671007
142,965,1276,1,12.284417645367478
142,1229,1276,1,3.959637309104105
143,1276,1068,1,8.66943360865319
143,882,931,1,5.812636165404913
143,1106,1068,1,4.880745078525951
143,882,834,1,4.883195120135012
143,1276,1102,1,4.836798739646007
143,931,885,2,3.0617002345235647
143,885,849,1,6.749102957431653
143,659,965,1,9.121352246650094
143,1102,885,1,5.875878565174106
143,1102,1013,1,3.616251246210677
143,783,708,1,10.697285568723771
143,783,659,2,5.809594285895007
143,965,708,1,6.739138237495128
143,965,535,1,11.11949266445603
143,1229,849,1,12.017793437809017
144,834,1102,1,11.614659746948035
144,885,834,1,7.688685710981335
144,1091,659,1,11.28096621772052
144,1102,931,2,4.548251915941359
144,1013,885,1,3.46869779664105
144,783,659,1,5.809594285895007
144,783,535,1,11.620421645142477
144,783,1013,1,15.308499342485224
144,783,1229,1,18.841160835534616
144,965,882,1,3.616965677313317
145,1276,1068,1,8.66943360865319
145,834,1102,1,11.614659746948035
145,855,1013,5,14.035043934320278
145,882,1102,2,7.314751476768936
145,882,849,1,9.574606006915822
145,882,1106,1,10.203820878312005
145,882,965,2,3.616965677313317
145,1276,1106,1,4.836798739645476
145,1276,1013,1,8.190822817543284
145,1276,965,1,12.284417645367478
145,834,931,2,10.694040075602611
145,834,965,2,3.83986736177262
145,882,917,1,7.68788945836583
145,882,1182,1,7.841474878454721
145,931,1091,1,12.243987029703826
145,834,1091,1,6.739095652327052
145,885,672,1,5.876204136119103
145,659,834,1,5.284552964469467
145,659,1102,1,16.62723071775665
145,1013,931,1,4.405443882921528
145,1013,1229,1,5.640389822593795
145,783,1091,1,10.241109598832232
145,965,1013,1,4.881725510082577
145,1229,849,1,12.017793437809017
146,834,359,1,12.378619633278529
146,1182,672,1,14.511820279616508
146,885,672,1,5.876204136119103
146,1398,882,4,13.343391197346763
146,849,855,1,5.706192977162224
147,882,885,3,2.852794790784161
147,882,708,1,4.837510953567602
147,708,882,1,4.837510953567602
147,659,834,1,5.284552964469467
147,1102,1106,1,3.80171314717607
147,1102,1229,1,3.8392690799482057
147,1013,882,1,3.839767699909249
147,783,1276,1,22.606377139254327
147,1229,1102,1,3.8392690799482057
148,882,659,2,9.424155624926374
148,885,834,1,7.688685710981335
148,834,1102,1,11.614659746948035
148,885,1182,1,8.662721360426067
148,1276,1229,1,3.959637309104105
148,885,1276,1,10.705394585658723
148,659,882,1,9.424155624926374
148,1013,1182,1,5.283249325636405
148,965,855,1,18.37212697718332
149,882,1013,1,3.839767699909249
149,882,931,3,5.812636165404913
149,882,965,3,3.616965677313317
149,834,931,2,10.694040075602611
149,1398,882,6,13.343391197346763
149,882,1102,2,7.314751476768936
149,834,849,1,14.265481524111957
149,834,783,1,7.689481736045675
149,882,885,1,2.852794790784161
149,882,566,1,16.254125732085967
149,885,882,2,2.852794790784161
149,965,1091,1,4.388654712140797
150,882,659,1,9.424155624926374
150,882,965,1,3.616965677313317
150,834,917,1,3.617203703030827
150,885,672,1,5.876204136119103
151,882,834,1,4.883195120135012
151,882,965,1,3.616965677313317
151,1013,708,1,8.663428210145081
152,834,1106,1,14.888705663916236
152,882,1102,1,7.314751476768936
153,834,885,1,7.688685710981335
153,885,783,1,15.378166398318458
153,849,783,1,21.903135562742808
153,1106,783,1,22.318447076891776
153,535,783,1,11.620421645142477
154,885,882,1,2.852794790784161
154,855,783,1,27.60378823743443
154,708,783,1,10.697285568723771
154,659,783,1,5.809594285895007
154,1106,1276,1,4.836798739645476
154,1106,783,1,22.318447076891776
154,535,783,2,11.620421645142477
154,1013,783,1,15.308499342485224
154,783,882,1,12.561839638690564
154,672,783,1,17.445012141301472
154,965,783,1,10.498093903671007
154,1068,783,1,26.525178301273773
155,1276,783,1,22.606377139254327
155,917,783,1,5.8083597500151045
155,931,783,1,18.3740064075405
155,708,783,1,10.697285568723771
155,1435,783,1,17.957022310236383
155,659,783,2,5.809594285895007
155,566,783,1,5.876334276322891
155,849,783,1,21.903135562742808
155,1106,1102,1,3.80171314717607
155,535,783,1,11.620421645142477
155,672,783,1,17.445012141301472
155,965,783,4,10.498093903671007
155,1068,783,1,26.525178301273773
156,882,783,3,12.561839638690564
156,882,965,2,3.616965677313317
156,1276,783,1,22.606377139254327
156,855,783,1,27.60378823743443
156,931,783,1,18.3740064075405
156,1182,783,1,15.175538880502293
156,659,783,1,5.809594285895007
156,1091,783,2,10.241109598832232
156,1102,834,1,11.614659746948035
156,1102,783,1,18.800951364959644
156,535,783,1,11.620421645142477
156,783,708,1,10.697285568723771
156,672,783,1,17.445012141301472
156,1229,1106,1,6.605818539698737
156,1229,783,1,18.841160835534616
157,834,535,1,8.012842951904279
157,834,783,7,7.689481736045675
157,1013,1398,2,10.186376382121452
157,917,783,3,5.8083597500151045
157,708,783,2,10.697285568723771
157,1013,783,3,15.308499342485224
157,708,882,1,4.837510953567602
157,834,708,1,4.389831624444016
157,1435,783,1,17.957022310236383
157,885,882,1,2.852794790784161
157,885,1013,2,3.46869779664105
157,659,783,3,5.809594285895007
157,1091,1182,1,5.24631154396119
157,1106,1013,1,7.015517581545067
157,965,882,2,3.616965677313317
157,965,783,4,10.498093903671007
157,882,834,1,4.883195120135012
157,882,965,1,3.616965677313317
157,931,783,1,18.3740064075405
157,359,783,1,12.499801205497114
157,659,708,1,5.815596432206299
157,1398,783,1,19.874616662347663
157,566,783,1,5.876334276322891
157,849,783,1,21.903135562742808
157,1106,1102,1,3.80171314717607
157,535,885,1,10.569431103772471
157,783,708,2,10.697285568723771
157,672,783,1,17.445012141301472
157,965,1013,1,4.881725510082577
158,882,783,3,12.561839638690564
158,1398,1182,1,5.640321895106829
158,1013,965,1,4.881725510082577
158,1398,885,1,13.644566108710274
158,1013,1091,1,7.92275625179966
158,882,885,1,2.852794790784161
158,1182,1398,1,5.640321895106829
158,1182,783,1,15.175538880502293
158,708,783,2,10.697285568723771
158,834,885,1,7.688685710981335
158,1102,783,1,18.800951364959644
158,1013,783,1,15.308499342485224
158,965,1229,1,8.77672016628073
159,965,783,1,10.498093903671007
159,708,882,1,4.837510953567602
159,708,783,2,10.697285568723771
159,885,783,1,15.378166398318458
159,1091,965,1,4.388654712140797
159,1102,1229,1,3.8392690799482057
159,535,708,2,4.548441137468074
159,535,783,1,11.620421645142477
159,672,931,1,6.73915242731767
159,1229,1276,1,3.959637309104105
160,882,834,1,4.883195120135012
160,1276,1106,1,4.836798739645476
160,931,882,1,5.812636165404913
160,708,783,1,10.697285568723771
160,885,882,1,2.852794790784161
160,885,965,1,6.123119155303686
160,535,708,1,4.548441137468074
160,1013,1182,1,5.283249325636405
160,965,834,1,3.83986736177262
160,1229,931,1,8.28950012214804
161,834,783,8,7.689481736045675
161,882,783,4,12.561839638690564
161,659,783,6,5.809594285895007
161,965,783,9,10.498093903671007
161,931,783,2,18.3740064075405
161,849,834,1,14.265481524111957
161,1068,783,2,26.525178301273773
161,1276,931,1,8.946223146223524
161,917,783,2,5.8083597500151045
161,931,885,4,3.0617002345235647
161,566,783,2,5.876334276322891
161,1229,1182,1,3.960024365898536
161,882,965,1,3.616965677313317
161,1091,783,1,10.241109598832232
161,849,708,1,11.8916662824573
161,1106,1276,1,4.836798739645476
161,882,1229,1,9.341474227178574
161,1276,1102,1,4.836798739646007
161,1276,1229,1,3.959637309104105
161,1182,1229,1,3.960024365898536
161,885,1182,1,8.662721360426067
161,1091,535,1,14.734241785551282
161,849,931,1,4.4061387562478425
161,783,882,1,12.561839638690564
161,672,931,1,6.73915242731767
162,931,783,2,18.3740064075405
162,1276,783,1,22.606377139254327
162,885,783,1,15.378166398318458
162,882,783,1,12.561839638690564
162,1182,783,1,15.175538880502293
162,508,783,1,25.93420023872912
162,834,783,2,7.689481736045675
162,1102,1276,1,4.836798739646007
162,1106,885,1,7.965381677815221
162,535,783,1,11.620421645142477
162,783,566,1,5.876334276322891
163,566,783,1,5.876334276322891
163,1276,783,1,22.606377139254327
163,931,849,1,4.4061387562478425
163,1182,783,1,15.175538880502293
163,708,834,1,4.389831624444016
163,708,783,1,10.697285568723771
163,885,1013,1,3.46869779664105
163,885,965,1,6.123119155303686
163,1398,885,1,13.644566108710274
163,783,708,1,10.697285568723771
163,783,659,1,5.809594285895007
163,783,965,1,10.498093903671007
163,965,783,1,10.498093903671007
163,1229,1398,1,5.282433425576492
164,659,783,1,5.809594285895007
164,1013,882,1,3.839767699909249
164,834,783,1,7.689481736045675
164,1182,1229,1,3.960024365898536
164,708,783,1,10.697285568723771
164,885,931,1,3.0617002345235647
164,885,849,1,6.749102957431653
164,885,1106,1,7.965381677815221
164,849,1068,1,6.736061142863373
164,783,882,1,12.561839638690564
164,783,659,1,5.809594285895007
164,783,1229,1,18.841160835534616
164,965,834,1,3.83986736177262
164,965,783,1,10.498093903671007
164,1229,1102,1,3.8392690799482057
165,659,783,5,5.809594285895007
165,1068,783,1,26.525178301273773
165,917,783,5,5.8083597500151045
165,566,783,3,5.876334276322891
165,849,783,1,21.903135562742808
165,1091,783,3,10.241109598832232
165,1102,1068,1,8.626274418583195
165,1102,1229,1,3.8392690799482057
165,882,1182,1,7.841474878454721
165,882,885,3,2.852794790784161
165,882,783,1,12.561839638690564
165,834,965,1,3.83986736177262
165,672,834,1,10.50082625207165
165,1068,917,1,21.179313025647232
165,882,1398,1,13.343391197346763
165,931,885,2,3.0617002345235647
165,834,882,1,4.883195120135012
165,849,855,1,5.706192977162224
165,1106,1276,1,4.836798739645476
165,535,783,1,11.620421645142477
165,672,965,1,10.884705359638655
165,882,965,10,3.616965677313317
165,1276,1182,1,7.919661523440269
165,834,708,1,4.389831624444016
165,708,783,1,10.697285568723771
165,359,783,1,12.499801205497114
165,1102,1013,1,3.616251246210677
165,849,882,1,9.574606006915822
165,1106,1102,1,3.80171314717607
165,965,834,1,3.83986736177262
165,1229,1013,1,5.640389822593795
166,882,708,1,4.837510953567602
166,1276,1106,1,4.836798739645476
166,885,882,2,2.852794790784161
166,1013,783,1,15.308499342485224
166,882,783,1,12.561839638690564
166,917,783,1,5.8083597500151045
166,931,849,1,4.4061387562478425
166,708,882,1,4.837510953567602
166,834,965,1,3.83986736177262
166,885,931,2,3.0617002345235647
166,885,708,1,6.511469320496247
166,659,834,1,5.284552964469467
166,1398,1435,1,5.805514364498899
166,1102,1276,1,4.836798739646007
166,1013,931,1,4.405443882921528
166,783,834,1,7.689481736045675
166,783,1068,1,26.525178301273773
166,965,882,1,3.616965677313317
166,965,708,1,6.739138237495128
166,965,783,1,10.498093903671007
166,1229,1102,1,3.8392690799482057
167,931,882,2,5.812636165404913
167,1435,783,1,17.957022310236383
167,849,931,1,4.4061387562478425
167,1106,1229,1,6.605818539698737
167,882,708,1,4.837510953567602
167,882,783,1,12.561839638690564
167,1276,1068,1,8.66943360865319
167,931,1102,1,4.548251915941359
167,708,882,1,4.837510953567602
167,708,834,2,4.389831624444016
167,834,882,2,4.883195120135012
167,834,783,1,7.689481736045675
167,1102,1106,1,3.80171314717607
167,783,917,1,5.8083597500151045
167,783,359,1,12.499801205497114
167,783,1091,1,10.241109598832232
167,965,659,1,9.121352246650094
167,965,783,1,10.498093903671007
167,965,1229,1,8.77672016628073
167,1229,1398,1,5.282433425576492
168,359,783,1,12.499801205497114
168,659,783,1,5.809594285895007
168,1091,1182,1,5.24631154396119
168,882,708,1,4.837510953567602
168,882,1013,1,3.839767699909249
168,882,783,1,12.561839638690564
168,917,783,1,5.8083597500151045
168,708,783,1,10.697285568723771
168,834,783,3,7.689481736045675
168,1102,783,1,18.800951364959644
168,1106,1013,1,7.015517581545067
168,783,1276,1,22.606377139254327
168,965,834,2,3.83986736177262
168,1229,1102,1,3.8392690799482057
169,535,783,5,11.620421645142477
169,1276,1106,2,4.836798739645476
169,1106,885,1,7.965381677815221
169,1013,783,3,15.308499342485224
169,659,783,2,5.809594285895007
169,1091,783,1,10.241109598832232
169,1102,1276,1,4.836798739646007
169,849,882,2,9.574606006915822
169,885,882,3,2.852794790784161
169,672,931,1,6.73915242731767
169,672,783,1,17.445012141301472
169,917,834,1,3.617203703030827
169,834,882,2,4.883195120135012
169,1102,885,1,5.875878565174106
169,1102,1013,1,3.616251246210677
169,849,783,2,21.903135562742808
169,1106,1102,1,3.80171314717607
169,535,882,1,9.342211452816104
169,1013,1102,1,3.616251246210677
169,882,783,1,12.561839638690564
169,1276,965,1,12.284417645367478
169,855,783,1,27.60378823743443
169,931,885,1,3.0617002345235647
169,708,672,1,6.751878981086827
169,834,708,1,4.389831624444016
169,834,885,1,7.688685710981335
169,1102,1106,1,3.80171314717607
169,1013,1182,1,5.283249325636405
169,783,965,1,10.498093903671007
169,965,834,1,3.83986736177262
169,1068,931,1,8.304853837171269
170,885,931,1,3.0617002345235647
170,882,834,1,4.883195120135012
170,882,885,4,2.852794790784161
170,885,783,1,15.378166398318458
170,1102,882,1,7.314751476768936
170,965,882,2,3.616965677313317
170,882,931,1,5.812636165404913
170,882,708,2,4.837510953567602
170,1276,783,1,22.606377139254327
170,931,882,1,5.812636165404913
170,931,783,1,18.3740064075405
170,1182,783,1,15.175538880502293
170,708,965,1,6.739138237495128
170,834,882,1,4.883195120135012
170,834,965,1,3.83986736177262
170,885,882,1,2.852794790784161
170,885,535,1,10.569431103772471
170,1102,1276,1,4.836798739646007
170,1013,1102,1,3.616251246210677
170,783,931,1,18.3740064075405
170,672,849,1,6.511836392511076
171,882,885,1,2.852794790784161
171,882,1013,1,3.839767699909249
171,882,672,1,7.316385892068044
171,882,965,1,3.616965677313317
171,1276,1102,1,4.836798739646007
171,931,882,2,5.812636165404913
171,931,834,1,10.694040075602611
171,1182,783,1,15.175538880502293
171,708,885,1,6.511469320496247
171,708,659,1,5.815596432206299
171,834,882,1,4.883195120135012
171,885,931,1,3.0617002345235647
172,1013,885,1,3.46869779664105
172,535,508,1,15.269109427523375
172,882,1229,1,9.341474227178574
172,931,849,1,4.4061387562478425
172,834,965,1,3.83986736177262
172,885,931,1,3.0617002345235647
172,885,1182,1,8.662721360426067
172,659,834,1,5.284552964469467
172,1102,1013,1,3.616251246210677
172,849,965,1,12.803650760757485
172,1106,1102,1,3.80171314717607
172,783,708,1,10.697285568723771
172,783,566,1,5.876334276322891
172,783,849,1,21.903135562742808
172,783,1106,1,22.318447076891776
172,783,965,1,10.498093903671007
172,965,834,1,3.83986736177262
172,1229,1102,1,3.8392690799482057
173,1091,783,2,10.241109598832232
173,708,1013,1,8.663428210145081
173,708,783,2,10.697285568723771
173,1370,783,1,30.28578929187396
173,917,783,1,5.8083597500151045
173,834,659,1,5.284552964469467
173,359,834,1,12.378619633278529
173,659,783,4,5.809594285895007
173,566,783,1,5.876334276322891
173,1013,882,1,3.839767699909249
173,1276,783,2,22.606377139254327
173,931,882,2,5.812636165404913
173,708,535,2,4.548441137468074
173,834,708,2,4.389831624444016
173,834,783,3,7.689481736045675
173,359,882,1,14.913468445035848
173,1435,1398,1,5.805514364498899
173,1091,882,1,7.965381677815221
173,566,659,1,7.02219411294688
173,855,1068,1,5.87594370452583
173,931,834,1,10.694040075602611
173,708,834,1,4.389831624444016
173,708,659,2,5.815596432206299
173,1068,885,1,11.364565785437158
173,1068,849,1,6.736061142863373
173,882,834,1,4.883195120135012
173,1182,1229,1,3.960024365898536
173,708,359,1,10.088438580081291
173,708,965,1,6.739138237495128
173,834,882,1,4.883195120135012
173,834,1091,1,6.739095652327052
173,885,882,1,2.852794790784161
173,1398,783,1,19.874616662347663
173,1102,1276,1,4.836798739646007
173,849,931,1,4.4061387562478425
173,535,708,1,4.548441137468074
173,1013,1435,4,13.46916483615337
173,1013,1106,1,7.015517581545067
173,783,855,1,27.60378823743443
173,783,834,1,7.689481736045675
173,783,659,3,5.809594285895007
173,783,1013,1,15.308499342485224
173,783,1229,1,18.841160835534616
173,672,931,1,6.73915242731767
173,965,834,1,3.83986736177262
174,535,917,1,11.080361971095948
174,659,783,1,5.809594285895007
174,1013,1398,2,10.186376382121452
174,708,882,1,4.837510953567602
174,708,931,1,9.423506251261468
174,882,708,2,4.837510953567602
174,882,965,1,3.616965677313317
174,1435,783,1,17.957022310236383
174,535,834,1,8.012842951904279
174,1091,535,1,14.734241785551282
174,882,659,1,9.424155624926374
174,882,1013,1,3.839767699909249
174,1276,1068,1,8.66943360865319
174,931,885,1,3.0617002345235647
174,708,783,1,10.697285568723771
174,834,1013,1,8.005172893624191
174,885,931,1,3.0617002345235647
174,885,1091,1,10.203820878312005
174,659,708,1,5.815596432206299
174,1091,834,1,6.739095652327052
174,1106,931,1,5.283575443416337
174,783,1182,1,15.175538880502293
174,783,535,1,11.620421645142477
174,783,1068,1,26.525178301273773
174,965,882,1,3.616965677313317
174,965,834,1,3.83986736177262
175,1013,965,1,4.881725510082577
175,535,882,1,9.342211452816104
175,882,931,1,5.812636165404913
175,882,834,1,4.883195120135012
175,882,783,1,12.561839638690564
175,882,965,1,3.616965677313317
175,931,882,1,5.812636165404913
175,931,708,1,9.423506251261468
175,931,783,1,18.3740064075405
175,834,882,1,4.883195120135012
175,834,708,1,4.389831624444016
175,885,1102,1,5.875878565174106
175,659,1398,1,20.375450628858104
175,1091,783,1,10.241109598832232
175,1102,1276,1,4.836798739646007
175,1102,783,1,18.800951364959644
175,849,931,2,4.4061387562478425
175,535,708,1,4.548441137468074
175,1013,783,1,15.308499342485224
175,783,931,1,18.3740064075405
175,783,834,1,7.689481736045675
175,783,1091,2,10.241109598832232
175,783,965,1,10.498093903671007
175,965,1091,2,4.388654712140797
175,965,783,1,10.498093903671007
175,1229,1182,1,3.960024365898536
175,1229,1102,1,3.8392690799482057
176,1276,1013,1,8.190822817543284
176,882,931,1,5.812636165404913
176,882,783,1,12.561839638690564
176,917,783,1,5.8083597500151045
176,855,1068,1,5.87594370452583
176,931,783,1,18.3740064075405
176,708,834,1,4.389831624444016
176,708,885,1,6.511469320496247
176,708,659,1,5.815596432206299
176,708,783,1,10.697285568723771
176,834,882,1,4.883195120135012
176,659,834,1,5.284552964469467
176,783,931,1,18.3740064075405
176,783,708,2,10.697285568723771
176,783,659,1,5.809594285895007
176,783,965,2,10.498093903671007
176,965,1013,1,4.881725510082577
176,965,783,1,10.498093903671007
176,1229,885,1,8.89559413156451
177,1013,965,1,4.881725510082577
177,885,931,3,3.0617002345235647
177,535,659,1,5.810827883107414
177,672,885,1,5.876204136119103
177,917,834,1,3.617203703030827
177,885,882,1,2.852794790784161
177,885,849,1,6.749102957431653
177,849,708,1,11.8916662824573
177,535,783,1,11.620421645142477
177,1013,1182,1,5.283249325636405
177,1013,1398,1,10.186376382121452
177,882,885,1,2.852794790784161
177,882,965,1,3.616965677313317
177,931,1068,1,8.304853837171269
177,708,931,1,9.423506251261468
177,708,885,1,6.511469320496247
177,834,882,1,4.883195120135012
177,834,535,1,8.012842951904279
177,834,965,1,3.83986736177262
177,885,1013,1,3.46869779664105
177,566,1068,1,30.171847454224
177,783,917,1,5.8083597500151045
177,783,659,1,5.809594285895007
177,783,566,1,5.876334276322891
177,965,708,1,6.739138237495128
177,965,1013,1,4.881725510082577
177,965,783,1,10.498093903671007
178,882,834,1,4.883195120135012
178,882,965,1,3.616965677313317
178,931,855,1,9.765900232263595
178,931,834,2,10.694040075602611
178,931,1229,1,8.28950012214804
178,708,882,1,4.837510953567602
178,708,834,2,4.389831624444016
178,834,708,1,4.389831624444016
178,834,783,1,7.689481736045675
178,885,834,1,7.688685710981335
178,885,849,1,6.749102957431653
178,885,783,1,15.378166398318458
178,659,1276,1,21.11196617772116
178,849,931,1,4.4061387562478425
178,535,882,1,9.342211452816104
178,783,708,1,10.697285568723771
178,783,885,1,15.378166398318458
179,882,708,1,4.837510953567602
179,1276,1102,1,4.836798739646007
179,882,535,1,9.342211452816104
179,855,1068,1,5.87594370452583
179,931,882,1,5.812636165404913
179,931,849,1,4.4061387562478425
179,1182,783,1,15.175538880502293
179,708,834,1,4.389831624444016
179,708,672,1,6.751878981086827
179,834,882,1,4.883195120135012
179,834,917,1,3.617203703030827
179,834,965,1,3.83986736177262
179,885,882,1,2.852794790784161
179,885,535,1,10.569431103772471
179,1091,783,1,10.241109598832232
179,1102,1106,1,3.80171314717607
179,783,882,1,12.561839638690564
179,783,659,1,5.809594285895007
179,783,849,1,21.903135562742808
179,965,882,1,3.616965677313317
179,1068,931,1,8.304853837171269
179,1229,1013,1,5.640389822593795
180,535,659,1,5.810827883107414
180,882,834,3,4.883195120135012
180,882,931,2,5.812636165404913
180,1102,834,1,11.614659746948035
180,1182,1091,1,5.24631154396119
180,708,931,1,9.423506251261468
180,834,659,1,5.284552964469467
180,834,783,2,7.689481736045675
180,849,508,1,9.342303526294996
180,1106,1091,1,14.256423283017469
180,965,882,3,3.616965677313317
181,708,849,1,11.8916662824573
181,708,535,3,4.548441137468074
181,708,1013,1,8.663428210145081
181,1229,1276,4,3.959637309104105
181,708,882,1,4.837510953567602
181,708,885,2,6.511469320496247
181,882,708,1,4.837510953567602
181,882,885,1,2.852794790784161
181,885,931,1,3.0617002345235647
181,885,672,1,5.876204136119103
181,882,931,1,5.812636165404913
181,882,834,2,4.883195120135012
181,882,783,1,12.561839638690564
181,931,849,1,4.4061387562478425
181,708,834,2,4.389831624444016
181,834,659,1,5.284552964469467
181,834,965,1,3.83986736177262
181,1091,1182,1,5.24631154396119
181,535,965,1,11.11949266445603
181,1013,965,1,4.881725510082577
181,965,783,1,10.498093903671007
182,882,1091,1,7.965381677815221
182,885,965,1,6.123119155303686
182,535,931,1,13.170081658182124
182,535,885,1,10.569431103772471
182,917,834,1,3.617203703030827
182,931,882,1,5.812636165404913
182,708,882,1,4.837510953567602
182,834,882,1,4.883195120135012
182,834,917,1,3.617203703030827
182,834,708,1,4.389831624444016
182,834,659,1,5.284552964469467
182,659,882,1,9.424155624926374
182,659,708,1,5.815596432206299
182,659,535,1,5.810827883107414
182,1091,834,1,6.739095652327052
182,1013,882,1,3.839767699909249
182,783,834,2,7.689481736045675
182,783,359,1,12.499801205497114
182,783,885,1,15.378166398318458
182,783,535,1,11.620421645142477
182,965,1102,1,8.304116264398273
183,882,834,2,4.883195120135012
183,882,965,1,3.616965677313317
183,931,882,1,5.812636165404913
183,931,849,1,4.4061387562478425
183,931,1068,1,8.304853837171269
183,708,882,1,4.837510953567602
183,708,659,1,5.815596432206299
183,834,882,2,4.883195120135012
183,659,535,1,5.810827883107414
183,659,783,1,5.809594285895007
183,1102,1276,1,4.836798739646007
183,1106,885,1,7.965381677815221
183,783,359,1,12.499801205497114
183,965,882,1,3.616965677313317
183,965,834,2,3.83986736177262
184,882,931,1,5.812636165404913
184,882,708,1,4.837510953567602
184,882,783,1,12.561839638690564
184,931,885,1,3.0617002345235647
184,834,882,3,4.883195120135012
184,834,708,2,4.389831624444016
184,834,659,1,5.284552964469467
184,885,882,1,2.852794790784161
184,885,1182,1,8.662721360426067
184,885,1013,2,3.46869779664105
184,659,535,1,5.810827883107414
184,783,931,1,18.3740064075405
184,783,508,2,25.93420023872912
184,783,965,1,10.498093903671007
184,965,1013,1,4.881725510082577
184,1068,931,1,8.304853837171269
185,708,783,4,10.697285568723771
185,708,834,2,4.389831624444016
185,708,1091,1,10.705966675099036
185,1229,783,1,18.841160835534616
185,1102,1229,1,3.8392690799482057
185,965,1102,1,8.304116264398273
185,1229,1276,1,3.959637309104105
185,708,659,1,5.815596432206299
185,659,834,2,5.284552964469467
185,1013,834,1,8.005172893624191
185,1013,965,1,4.881725510082577
185,1013,1229,1,5.640389822593795
185,965,882,3,3.616965677313317
185,965,834,2,3.83986736177262
185,882,708,1,4.837510953567602
185,931,1102,1,4.548251915941359
185,708,931,1,9.423506251261468
185,834,659,1,5.284552964469467
185,885,834,1,7.688685710981335
185,1013,1398,1,10.186376382121452
185,783,834,1,7.689481736045675
185,672,566,1,19.160189630171605
186,882,931,1,5.812636165404913
186,882,834,1,4.883195120135012
186,882,885,2,2.852794790784161
186,882,672,1,7.316385892068044
186,882,965,1,3.616965677313317
186,931,1068,1,8.304853837171269
186,708,882,1,4.837510953567602
186,834,882,1,4.883195120135012
186,834,917,1,3.617203703030827
186,834,849,1,14.265481524111957
186,535,708,1,4.548441137468074
186,783,708,1,10.697285568723771
186,783,834,1,7.689481736045675
186,783,885,1,15.378166398318458
186,783,566,1,5.876334276322891
186,965,1102,1,8.304116264398273
187,882,834,1,4.883195120135012
187,882,885,1,2.852794790784161
187,882,535,1,9.342211452816104
187,1276,1229,1,3.959637309104105
187,708,885,1,6.511469320496247
187,708,535,1,4.548441137468074
187,708,965,1,6.739138237495128
187,834,882,1,4.883195120135012
187,834,965,1,3.83986736177262
187,659,834,1,5.284552964469467
187,1102,1276,1,4.836798739646007
187,783,359,2,12.499801205497114
187,783,1091,1,10.241109598832232
187,783,566,1,5.876334276322891
187,965,708,1,6.739138237495128
187,1229,1091,1,9.180034524729397
188,965,783,1,10.498093903671007
188,882,834,1,4.883195120135012
188,1276,1106,1,4.836798739645476
188,931,672,1,6.73915242731767
188,931,1229,1,8.28950012214804
188,708,885,1,6.511469320496247
188,849,1102,1,8.191991396325179
188,535,882,1,9.342211452816104
188,1013,931,1,4.405443882921528
188,783,359,1,12.499801205497114
188,783,659,1,5.809594285895007
188,783,965,1,10.498093903671007
188,672,931,1,6.73915242731767
188,965,849,1,12.803650760757485
189,1106,834,1,14.888705663916236
189,1106,1068,1,4.880745078525951
189,965,783,1,10.498093903671007
189,965,882,3,3.616965677313317
189,882,965,2,3.616965677313317
189,1106,1276,1,4.836798739645476
189,1106,1229,1,6.605818539698737
189,882,885,1,2.852794790784161
189,931,885,1,3.0617002345235647
189,834,882,2,4.883195120135012
189,885,882,1,2.852794790784161
189,885,931,3,3.0617002345235647
189,885,672,1,5.876204136119103
189,659,566,1,7.02219411294688
189,566,359,1,9.428696666120482
189,849,672,1,6.511836392511076
189,1106,849,1,6.739095652327052
189,783,882,1,12.561839638690564
189,783,508,1,25.93420023872912
189,783,885,1,15.378166398318458
189,783,1013,2,15.308499342485224
189,783,965,1,10.498093903671007
189,1229,931,1,8.28950012214804
189,1229,885,1,8.89559413156451
190,965,882,3,3.616965677313317
190,882,965,1,3.616965677313317
190,882,708,2,4.837510953567602
190,882,1091,1,7.965381677815221
190,882,1398,1,13.343391197346763
190,882,1013,1,3.839767699909249
190,1276,1398,1,7.438993890374081
190,931,885,1,3.0617002345235647
190,834,882,1,4.883195120135012
190,834,659,1,5.284552964469467
190,834,965,1,3.83986736177262
190,885,1182,1,8.662721360426067
190,885,1398,1,13.644566108710274
190,885,783,1,15.378166398318458
190,659,834,1,5.284552964469467
190,1102,1106,1,3.80171314717607
190,849,882,1,9.574606006915822
190,1013,931,1,4.405443882921528
190,1013,885,1,3.46869779664105
190,783,708,1,10.697285568723771
191,965,882,1,3.616965677313317
191,1106,1229,1,6.605818539698737
191,882,885,1,2.852794790784161
191,931,659,1,14.893741670685255
191,1182,1013,1,5.283249325636405
191,834,882,1,4.883195120135012
191,834,1013,1,8.005172893624191
191,834,783,1,7.689481736045675
191,885,931,1,3.0617002345235647
191,885,1013,1,3.46869779664105
191,885,672,1,5.876204136119103
191,659,834,1,5.284552964469467
191,659,566,1,7.02219411294688
191,1102,1182,1,6.120304815079837
191,1013,885,1,3.46869779664105
191,1013,965,1,4.881725510082577
191,783,1091,1,10.241109598832232
191,965,1091,1,4.388654712140797
192,882,834,1,4.883195120135012
192,882,965,2,3.616965677313317
192,931,1102,1,4.548251915941359
192,931,1068,1,8.304853837171269
192,1182,1229,1,3.960024365898536
192,708,535,1,4.548441137468074
192,834,965,1,3.83986736177262
192,885,1182,1,8.662721360426067
192,1013,1229,1,5.640389822593795
192,783,1102,1,18.800951364959644
192,783,965,1,10.498093903671007
193,834,708,1,4.389831624444016
193,834,535,1,8.012842951904279
193,882,885,1,2.852794790784161
193,882,1229,1,9.341474227178574
193,885,855,1,12.412669367198909
193,965,508,1,19.52620522684568
194,882,965,1,3.616965677313317
194,931,1106,1,5.283575443416337
194,885,1013,1,3.46869779664105
194,535,708,1,4.548441137468074
194,1013,1102,1,3.616251246210677
195,882,965,1,3.616965677313317
195,834,708,1,4.389831624444016
195,1229,1276,1,3.959637309104105
196,1102,1229,1,3.8392690799482057
197,882,834,1,4.883195120135012
197,882,1102,1,7.314751476768936
197,834,885,2,7.688685710981335
197,882,1013,1,3.839767699909249
197,885,931,1,3.0617002345235647
197,885,834,1,7.688685710981335
197,1106,1229,1,6.605818539698737
198,885,882,1,2.852794790784161
199,882,965,1,3.616965677313317
199,1229,1398,1,5.282433425576492
200,1182,1276,1,7.919661523440269
200,885,535,1,10.569431103772471
201,882,965,1,3.616965677313317
201,834,783,1,7.689481736045675
201,535,834,1,8.012842951904279
201,672,965,1,10.884705359638655
201,965,783,1,10.498093903671007
202,1276,1229,1,3.959637309104105
202,1091,783,1,10.241109598832232
202,1398,1091,1,9.6478124773512
202,1398,783,1,19.874616662347663
202,1398,1229,1,5.282433425576492
202,535,659,1,5.810827883107414
202,1013,783,1,15.308499342485224
203,1276,783,1,22.606377139254327
203,535,708,1,4.548441137468074
203,965,885,1,6.123119155303686
203,965,783,1,10.498093903671007
203,1229,1013,1,5.640389822593795
204,917,783,1,5.8083597500151045
204,708,783,1,10.697285568723771
204,834,708,1,4.389831624444016
204,834,783,1,7.689481736045675
204,885,1229,1,8.89559413156451
204,659,783,2,5.809594285895007
204,1102,1106,1,3.80171314717607
204,566,783,2,5.876334276322891
204,535,783,1,11.620421645142477
204,1013,965,1,4.881725510082577
204,1229,1013,1,5.640389822593795
205,885,672,1,5.876204136119103
205,1106,1276,2,4.836798739645476
205,885,708,3,6.511469320496247
205,659,783,2,5.809594285895007
205,965,783,4,10.498093903671007
205,882,783,1,12.561839638690564
205,931,783,1,18.3740064075405
205,1182,834,1,9.674230674179531
205,708,783,3,10.697285568723771
205,359,535,1,5.855067293961566
205,359,783,3,12.499801205497114
205,1091,783,1,10.241109598832232
205,1398,783,1,19.874616662347663
205,1102,783,1,18.800951364959644
206,834,783,1,7.689481736045675
206,535,708,1,4.548441137468074
206,1276,1102,1,4.836798739646007
206,1276,1068,1,8.66943360865319
206,708,672,1,6.751878981086827
206,566,783,1,5.876334276322891
206,1106,783,1,22.318447076891776
207,1102,1106,1,3.80171314717607
207,855,931,1,9.765900232263595
207,1182,783,1,15.175538880502293
207,708,783,1,10.697285568723771
207,1091,1013,1,7.92275625179966
207,1091,783,2,10.241109598832232
207,1398,1276,1,7.438993890374081
207,783,359,1,12.499801205497114
207,783,1106,1,22.318447076891776
207,1229,783,1,18.841160835534616
208,1276,783,1,22.606377139254327
208,931,849,1,4.4061387562478425
208,1398,965,1,11.479089287938937
208,1106,1276,2,4.836798739645476
208,1229,783,1,18.841160835534616
209,882,1182,1,7.841474878454721
209,885,882,4,2.852794790784161
209,659,783,2,5.809594285895007
209,882,359,1,14.913468445035848
209,882,885,1,2.852794790784161
209,931,783,4,18.3740064075405
209,834,783,6,7.689481736045675
209,882,708,2,4.837510953567602
209,882,834,1,4.883195120135012
209,882,783,1,12.561839638690564
209,885,834,1,7.688685710981335
209,931,672,1,6.73915242731767
209,1182,1091,1,5.24631154396119
209,1106,1013,1,7.015517581545067
209,535,359,1,5.855067293961566
209,535,783,2,11.620421645142477
209,965,783,4,10.498093903671007
209,917,783,1,5.8083597500151045
209,965,882,1,3.616965677313317
209,931,882,1,5.812636165404913
209,708,783,1,10.697285568723771
209,885,965,1,6.123119155303686
209,566,783,1,5.876334276322891
209,535,834,1,8.012842951904279
209,672,783,1,17.445012141301472
209,1068,849,1,6.736061142863373
210,834,783,1,7.689481736045675
210,885,672,1,5.876204136119103
210,1091,1182,1,5.24631154396119
210,882,783,1,12.561839638690564
210,1276,783,3,22.606377139254327
210,708,834,1,4.389831624444016
210,708,535,1,4.548441137468074
210,834,965,2,3.83986736177262
210,359,783,1,12.499801205497114
210,1435,783,1,17.957022310236383
210,849,783,1,21.903135562742808
210,783,1276,2,22.606377139254327
210,783,659,1,5.809594285895007
210,672,931,1,6.73915242731767
210,965,834,1,3.83986736177262
210,1229,783,1,18.841160835534616
211,834,783,2,7.689481736045675
211,965,1091,1,4.388654712140797
211,1276,1398,1,7.438993890374081
211,535,659,1,5.810827883107414
211,672,885,1,5.876204136119103
211,965,1013,1,4.881725510082577
211,1276,1182,1,7.919661523440269
211,931,783,1,18.3740064075405
211,659,1091,1,11.28096621772052
211,849,783,1,21.903135562742808
211,1013,783,1,15.308499342485224
211,783,708,1,10.697285568723771
211,783,659,1,5.809594285895007
211,783,1229,1,18.841160835534616
212,659,783,2,5.809594285895007
212,1091,917,1,4.837115435970083
212,885,535,1,10.569431103772471
212,708,882,1,4.837510953567602
212,1091,783,1,10.241109598832232
212,1398,1229,1,5.282433425576492
212,849,885,1,6.749102957431653
212,1013,1102,1,3.616251246210677
212,783,535,1,11.620421645142477
212,1229,1102,1,3.8392690799482057
213,834,783,1,7.689481736045675
213,885,783,3,15.378166398318458
213,885,1013,2,3.46869779664105
213,931,834,1,10.694040075602611
213,535,708,3,4.548441137468074
213,1102,885,1,5.875878565174106
213,855,849,1,5.706192977162224
213,659,783,1,5.809594285895007
213,566,783,1,5.876334276322891
213,708,783,2,10.697285568723771
213,1102,931,1,4.548251915941359
213,1068,1276,1,8.66943360865319
213,1068,849,1,6.736061142863373
213,1068,783,2,26.525178301273773
213,1229,1398,1,5.282433425576492
213,834,965,1,3.83986736177262
213,885,882,2,2.852794790784161
213,1102,783,1,18.800951364959644
213,849,1276,1,11.479314497557898
213,849,931,1,4.4061387562478425
213,535,882,1,9.342211452816104
213,965,783,2,10.498093903671007
213,931,1013,1,4.405443882921528
213,834,708,1,4.389831624444016
213,535,783,1,11.620421645142477
213,1013,1229,1,5.640389822593795
213,783,882,1,12.561839638690564
213,1229,1068,1,11.360488351411393
214,931,885,1,3.0617002345235647
214,965,783,1,10.498093903671007
214,931,882,1,5.812636165404913
214,882,834,1,4.883195120135012
214,917,834,1,3.617203703030827
214,708,834,1,4.389831624444016
214,708,535,1,4.548441137468074
214,708,783,2,10.697285568723771
214,834,708,1,4.389831624444016
214,359,659,1,7.84162119104212
214,885,834,1,7.688685710981335
214,1102,1229,1,3.8392690799482057
214,849,885,1,6.749102957431653
214,1013,885,1,3.46869779664105
214,783,882,1,12.561839638690564
214,783,834,1,7.689481736045675
214,1229,1013,1,5.640389822593795
215,885,931,2,3.0617002345235647
215,834,535,1,8.012842951904279
215,708,931,1,9.423506251261468
215,535,359,1,5.855067293961566
215,882,885,2,2.852794790784161
215,882,1398,1,13.343391197346763
215,882,1102,1,7.314751476768936
215,882,965,1,3.616965677313317
215,834,708,1,4.389831624444016
215,885,965,1,6.123119155303686
215,659,834,1,5.284552964469467
215,1102,882,1,7.314751476768936
215,849,834,1,14.265481524111957
215,1013,882,1,3.839767699909249
215,1013,885,1,3.46869779664105
215,783,359,1,12.499801205497114
215,1229,1102,1,3.8392690799482057
216,885,783,2,15.378166398318458
216,1102,1229,2,3.8392690799482057
216,965,783,1,10.498093903671007
216,882,708,1,4.837510953567602
216,931,882,1,5.812636165404913
216,931,783,1,18.3740064075405
216,708,659,1,5.815596432206299
216,834,931,1,10.694040075602611
216,885,931,1,3.0617002345235647
216,1398,1435,1,5.805514364498899
216,535,783,1,11.620421645142477
216,965,1106,1,11.884713829537391
217,659,783,4,5.809594285895007
217,566,783,1,5.876334276322891
217,885,882,2,2.852794790784161
217,1229,1276,1,3.959637309104105
217,917,834,1,3.617203703030827
217,917,783,1,5.8083597500151045
217,708,535,1,4.548441137468074
217,1091,783,1,10.241109598832232
217,1102,1182,1,6.120304815079837
217,535,708,1,4.548441137468074
217,965,783,2,10.498093903671007
217,708,834,2,4.389831624444016
217,708,783,3,10.697285568723771
217,1106,1102,1,3.80171314717607
217,965,885,2,6.123119155303686
217,931,849,1,4.4061387562478425
217,931,783,1,18.3740064075405
217,885,1013,1,3.46869779664105
217,659,834,1,5.284552964469467
217,1102,783,1,18.800951364959644
217,783,917,1,5.8083597500151045
218,1102,1106,1,3.80171314717607
218,849,882,1,9.574606006915822
218,882,885,2,2.852794790784161
218,1276,1106,1,4.836798739645476
218,931,885,1,3.0617002345235647
218,708,834,1,4.389831624444016
218,834,917,1,3.617203703030827
218,834,708,1,4.389831624444016
218,834,659,1,5.284552964469467
218,885,1182,1,8.662721360426067
218,885,1102,1,5.875878565174106
218,1398,1102,1,9.118728510486134
218,535,708,1,4.548441137468074
218,783,359,1,12.499801205497114
218,783,965,1,10.498093903671007
218,1068,849,1,6.736061142863373
219,885,882,3,2.852794790784161
219,708,1013,1,8.663428210145081
219,1102,882,1,7.314751476768936
219,708,882,1,4.837510953567602
219,659,834,1,5.284552964469467
219,965,783,1,10.498093903671007
219,882,1102,1,7.314751476768936
219,882,965,1,3.616965677313317
219,1182,1229,1,3.960024365898536
219,834,1013,1,8.005172893624191
219,834,783,2,7.689481736045675
219,1102,1013,1,3.616251246210677
219,849,885,1,6.749102957431653
219,1106,1276,1,4.836798739645476
219,783,931,1,18.3740064075405
219,1229,1182,1,3.960024365898536
220,931,849,1,4.4061387562478425
220,834,783,1,7.689481736045675
220,882,931,1,5.812636165404913
220,882,708,1,4.837510953567602
220,882,834,1,4.883195120135012
220,917,708,1,7.967110892206104
220,917,834,1,3.617203703030827
220,885,834,1,7.688685710981335
220,1102,1229,1,3.8392690799482057
220,783,1182,1,15.175538880502293
220,783,1229,1,18.841160835534616
220,965,783,1,10.498093903671007
221,659,783,4,5.809594285895007
221,885,882,1,2.852794790784161
221,535,882,1,9.342211452816104
221,535,885,2,10.569431103772471
221,672,885,1,5.876204136119103
221,855,849,1,5.706192977162224
221,708,535,2,4.548441137468074
221,931,708,1,9.423506251261468
221,931,1013,1,4.405443882921528
221,1091,783,1,10.241109598832232
221,1102,1182,1,6.120304815079837
221,566,783,1,5.876334276322891
221,931,885,2,3.0617002345235647
221,708,834,1,4.389831624444016
221,834,882,1,4.883195120135012
221,834,708,1,4.389831624444016
221,659,834,2,5.284552964469467
221,1091,965,1,4.388654712140797
221,1398,882,1,13.343391197346763
221,1398,1091,1,9.6478124773512
221,1398,1013,1,10.186376382121452
221,1102,1106,1,3.80171314717607
221,535,659,1,5.810827883107414
221,882,1229,1,9.341474227178574
221,1276,783,1,22.606377139254327
221,931,783,1,18.3740064075405
221,834,885,1,7.688685710981335
221,834,672,1,10.50082625207165
221,659,535,1,5.810827883107414
221,1091,1435,1,8.895594131564904
221,1106,1276,1,4.836798739645476
221,1013,849,1,8.811582411969269
221,783,708,1,10.697285568723771
221,783,659,2,5.809594285895007
221,783,566,1,5.876334276322891
221,783,672,1,17.445012141301472
221,965,1091,1,4.388654712140797
221,965,1013,1,4.881725510082577
222,659,965,1,9.121352246650094
222,1091,1182,1,5.24631154396119
222,659,708,1,5.815596432206299
222,882,1013,1,3.839767699909249
222,882,965,3,3.616965677313317
222,1106,1013,1,7.015517581545067
222,1276,783,1,22.606377139254327
222,708,882,1,4.837510953567602
222,708,535,1,4.548441137468074
222,708,1013,1,8.663428210145081
222,834,885,1,7.688685710981335
222,359,834,1,12.378619633278529
222,885,1102,1,5.875878565174106
222,659,882,1,9.424155624926374
222,849,885,1,6.749102957431653
222,1013,1398,1,10.186376382121452
222,783,882,1,12.561839638690564
222,783,708,1,10.697285568723771
222,783,359,1,12.499801205497114
222,783,1091,1,10.241109598832232
222,965,1229,1,8.77672016628073
223,965,834,2,3.83986736177262
223,965,882,1,3.616965677313317
223,882,885,1,2.852794790784161
223,882,1013,1,3.839767699909249
223,882,783,1,12.561839638690564
223,1182,882,1,7.841474878454721
223,708,882,2,4.837510953567602
223,708,834,2,4.389831624444016
223,834,783,1,7.689481736045675
223,1398,1106,1,11.562838367297022
223,1102,783,1,18.800951364959644
223,535,1091,1,14.734241785551282
223,1013,882,1,3.839767699909249
223,1013,885,1,3.46869779664105
223,783,882,1,12.561839638690564
223,783,1276,1,22.606377139254327
223,783,834,2,7.689481736045675
223,965,708,1,6.739138237495128
223,1229,1276,1,3.959637309104105
223,1229,931,1,8.28950012214804
224,931,885,1,3.0617002345235647
224,882,708,2,4.837510953567602
224,1182,1013,1,5.283249325636405
224,708,882,1,4.837510953567602
224,508,849,1,9.342303526294996
224,834,882,1,4.883195120135012
224,834,535,1,8.012842951904279
224,834,783,1,7.689481736045675
224,535,882,1,9.342211452816104
224,535,834,1,8.012842951904279
224,1013,1182,1,5.283249325636405
224,783,882,2,12.561839638690564
224,783,917,1,5.8083597500151045
224,783,659,1,5.809594285895007
224,783,535,1,11.620421645142477
224,783,1013,1,15.308499342485224
224,783,672,1,17.445012141301472
224,783,965,1,10.498093903671007
225,931,965,1,8.628970001760946
225,931,855,1,9.765900232263595
225,1102,1106,1,3.80171314717607
225,1296,1398,1,15.359029036692972
225,931,882,1,5.812636165404913
225,931,849,1,4.4061387562478425
225,708,931,3,9.423506251261468
225,1102,882,1,7.314751476768936
225,965,783,2,10.498093903671007
225,882,783,1,12.561839638690564
225,1276,1398,1,7.438993890374081
225,1182,882,1,7.841474878454721
225,708,834,2,4.389831624444016
225,834,882,1,4.883195120135012
225,834,708,2,4.389831624444016
225,885,834,1,7.688685710981335
225,885,672,1,5.876204136119103
225,659,566,1,7.02219411294688
225,849,855,1,5.706192977162224
225,1013,783,2,15.308499342485224
225,783,1276,2,22.606377139254327
225,783,659,1,5.809594285895007
225,783,1102,1,18.800951364959644
225,783,849,1,21.903135562742808
225,783,965,1,10.498093903671007
225,672,931,1,6.73915242731767
225,965,1091,1,4.388654712140797
225,1229,1276,1,3.959637309104105
225,1229,672,1,14.57987655243148
226,708,783,1,10.697285568723771
226,882,931,1,5.812636165404913
226,882,783,1,12.561839638690564
226,882,672,1,7.316385892068044
226,1276,1229,2,3.959637309104105
226,931,882,1,5.812636165404913
226,834,882,1,4.883195120135012
226,659,566,1,7.02219411294688
226,1091,659,1,11.28096621772052
226,1398,1013,1,10.186376382121452
226,1102,1106,1,3.80171314717607
226,849,885,1,6.749102957431653
226,1013,965,1,4.881725510082577
226,783,359,1,12.499801205497114
226,783,1091,1,10.241109598832232
226,783,849,1,21.903135562742808
226,783,535,1,11.620421645142477
226,965,834,1,3.83986736177262
226,1229,1013,1,5.640389822593795
227,1013,1276,1,8.190822817543284
227,834,882,1,4.883195120135012
227,834,783,1,7.689481736045675
227,885,882,1,2.852794790784161
227,885,834,1,7.688685710981335
227,885,659,1,11.84843418422244
227,659,834,1,5.284552964469467
227,1013,882,1,3.839767699909249
227,783,1229,1,18.841160835534616
227,965,882,1,3.616965677313317
227,965,834,1,3.83986736177262
228,882,885,1,2.852794790784161
228,882,783,1,12.561839638690564
228,882,1229,1,9.341474227178574
228,931,885,1,3.0617002345235647
228,1182,783,1,15.175538880502293
228,708,965,1,6.739138237495128
228,834,783,1,7.689481736045675
228,885,931,1,3.0617002345235647
228,659,783,1,5.809594285895007
228,1398,1276,1,7.438993890374081
228,535,882,1,9.342211452816104
228,535,659,1,5.810827883107414
228,783,1276,1,22.606377139254327
228,783,659,1,5.809594285895007
228,783,1091,1,10.241109598832232
228,783,566,1,5.876334276322891
228,783,535,1,11.620421645142477
229,708,834,1,4.389831624444016
229,708,535,1,4.548441137468074
229,1370,855,1,13.377197086368376
229,965,882,1,3.616965677313317
229,965,1013,1,4.881725510082577
229,882,885,1,2.852794790784161
229,882,783,1,12.561839638690564
229,931,882,1,5.812636165404913
229,834,882,1,4.883195120135012
229,834,708,1,4.389831624444016
229,659,783,2,5.809594285895007
229,1106,1102,2,3.80171314717607
229,1013,1398,1,10.186376382121452
229,783,535,1,11.620421645142477
229,783,1068,1,26.525178301273773
230,1013,659,1,13.022203254976295
230,882,885,1,2.852794790784161
230,931,885,1,3.0617002345235647
230,1182,965,1,5.875748248781206
230,708,965,1,6.739138237495128
230,834,783,1,7.689481736045675
230,885,882,1,2.852794790784161
230,1102,1106,1,3.80171314717607
230,849,882,1,9.574606006915822
230,1106,1102,1,3.80171314717607
230,783,708,1,10.697285568723771
230,783,535,1,11.620421645142477
231,659,849,1,17.69046303867574
231,882,708,1,4.837510953567602
231,882,1013,1,3.839767699909249
231,931,965,1,8.628970001760946
231,708,885,1,6.511469320496247
231,885,882,2,2.852794790784161
231,885,708,1,6.511469320496247
231,885,1013,1,3.46869779664105
231,849,508,1,9.342303526294996
231,1106,1276,1,4.836798739645476
231,783,1182,1,15.175538880502293
231,783,708,1,10.697285568723771
231,783,1229,1,18.841160835534616
231,965,882,3,3.616965677313317
232,708,882,2,4.837510953567602
232,708,359,1,10.088438580081291
232,882,931,1,5.812636165404913
232,882,965,1,3.616965677313317
232,931,1229,1,8.28950012214804
232,885,882,2,2.852794790784161
232,1102,1106,1,3.80171314717607
232,1102,1013,1,3.616251246210677
232,1013,965,1,4.881725510082577
232,783,566,1,5.876334276322891
232,783,965,2,10.498093903671007
232,672,1435,5,22.58157777259004
232,965,783,1,10.498093903671007
232,1229,1398,1,5.282433425576492
232,1229,1102,1,3.8392690799482057
232,1229,1068,1,11.360488351411393
233,834,931,2,10.694040075602611
233,834,885,1,7.688685710981335
233,659,834,1,5.284552964469467
233,659,885,2,11.84843418422244
233,834,882,2,4.883195120135012
233,834,708,1,4.389831624444016
233,834,659,1,5.284552964469467
233,708,834,1,4.389831624444016
233,965,882,4,3.616965677313317
233,708,659,1,5.815596432206299
233,659,882,1,9.424155624926374
233,1102,783,1,18.800951364959644
233,672,1435,7,22.58157777259004
233,882,931,1,5.812636165404913
233,882,508,1,15.909684277714634
233,931,882,1,5.812636165404913
233,1398,1229,1,5.282433425576492
233,1102,1106,1,3.80171314717607
233,1106,1102,1,3.80171314717607
233,1013,885,1,3.46869779664105
233,1013,1102,1,3.616251246210677
233,783,535,1,11.620421645142477
233,783,965,1,10.498093903671007
233,783,1229,1,18.841160835534616
233,965,885,1,6.123119155303686
233,965,1091,1,4.388654712140797
233,965,783,1,10.498093903671007
233,1229,834,1,12.569063966979074
234,885,672,1,5.876204136119103
234,659,535,1,5.810827883107414
234,882,708,1,4.837510953567602
234,882,834,2,4.883195120135012
234,882,1102,1,7.314751476768936
234,931,885,1,3.0617002345235647
234,931,1102,2,4.548251915941359
234,1182,965,1,5.875748248781206
234,708,882,1,4.837510953567602
234,834,882,1,4.883195120135012
234,834,965,1,3.83986736177262
234,885,1013,1,3.46869779664105
234,659,1229,1,17.8420518180728
234,1106,885,1,7.965381677815221
234,783,834,1,7.689481736045675
234,783,1435,1,17.957022310236383
234,783,566,2,5.876334276322891
234,783,535,1,11.620421645142477
234,783,672,1,17.445012141301472
234,1229,1276,1,3.959637309104105
235,1013,783,1,15.308499342485224
235,882,931,1,5.812636165404913
235,882,834,1,4.883195120135012
235,882,885,1,2.852794790784161
235,882,1013,2,3.839767699909249
235,882,965,1,3.616965677313317
235,917,965,1,4.882215518422521
235,708,834,1,4.389831624444016
235,834,882,1,4.883195120135012
235,834,659,1,5.284552964469467
235,885,535,1,10.569431103772471
235,1091,1229,1,9.180034524729397
235,1398,1182,1,5.640321895106829
235,849,931,1,4.4061387562478425
235,783,1106,1,22.318447076891776
235,965,882,2,3.616965677313317
236,659,359,1,7.84162119104212
236,882,834,1,4.883195120135012
236,882,1068,1,14.033707701296978
236,1276,1229,1,3.959637309104105
236,931,849,1,4.4061387562478425
236,1182,1229,1,3.960024365898536
236,1102,885,1,5.875878565174106
236,1013,1398,1,10.186376382121452
236,783,917,1,5.8083597500151045
236,783,708,1,10.697285568723771
236,783,359,1,12.499801205497114
236,783,885,1,15.378166398318458
236,783,659,2,5.809594285895007
236,783,566,1,5.876334276322891
236,965,882,1,3.616965677313317
236,965,1182,1,5.875748248781206
236,965,834,1,3.83986736177262
236,1229,834,1,12.569063966979074
237,708,1013,1,8.663428210145081
237,659,783,1,5.809594285895007
237,1370,1106,1,8.775541653972592
237,708,882,1,4.837510953567602
237,917,834,1,3.617203703030827
237,849,931,1,4.4061387562478425
237,882,931,1,5.812636165404913
237,882,1013,1,3.839767699909249
237,1276,1398,1,7.438993890374081
237,931,1276,1,8.946223146223524
237,834,659,1,5.284552964469467
237,659,834,1,5.284552964469467
237,783,535,1,11.620421645142477
237,672,708,1,6.751878981086827
237,965,1091,1,4.388654712140797
237,1229,1276,1,3.959637309104105
238,882,849,1,9.574606006915822
238,708,535,1,4.548441137468074
238,834,855,1,19.971672663678955
238,834,659,1,5.284552964469467
238,834,965,1,3.83986736177262
238,659,882,2,9.424155624926374
238,783,1091,1,10.241109598832232
238,783,566,1,5.876334276322891
238,783,535,1,11.620421645142477
239,882,885,1,2.852794790784161
239,882,965,1,3.616965677313317
239,931,1102,1,4.548251915941359
239,885,1398,1,13.644566108710274
239,885,1102,1,5.875878565174106
239,885,783,1,15.378166398318458
239,783,834,1,7.689481736045675
239,783,1091,1,10.241109598832232
239,965,1013,1,4.881725510082577
240,965,885,1,6.123119155303686
240,882,1091,1,7.965381677815221
240,882,965,1,3.616965677313317
240,834,849,1,14.265481524111957
240,885,672,1,5.876204136119103
240,885,965,1,6.123119155303686
240,885,1068,1,11.364565785437158
240,1102,885,1,5.875878565174106
240,1102,1229,1,3.8392690799482057
240,1106,1102,1,3.80171314717607
240,1013,882,1,3.839767699909249
240,783,931,1,18.3740064075405
240,783,1013,1,15.308499342485224
240,783,965,1,10.498093903671007
240,1229,965,1,8.77672016628073
241,965,882,2,3.616965677313317
241,882,1091,1,7.965381677815221
241,882,708,1,4.837510953567602
241,834,965,1,3.83986736177262
241,1013,882,1,3.839767699909249
241,1013,885,1,3.46869779664105
241,783,931,1,18.3740064075405
241,783,708,1,10.697285568723771
241,783,1013,1,15.308499342485224
241,783,965,1,10.498093903671007
241,783,1068,1,26.525178301273773
242,882,1229,1,9.341474227178574
242,931,885,1,3.0617002345235647
242,931,1229,1,8.28950012214804
242,708,834,1,4.389831624444016
242,849,885,1,6.749102957431653
242,535,708,1,4.548441137468074
242,783,535,1,11.620421645142477
243,1182,1398,1,5.640321895106829
243,834,1091,1,6.739095652327052
243,885,882,1,2.852794790784161
243,885,783,1,15.378166398318458
243,1229,1091,1,9.180034524729397
244,1276,672,1,15.682986279658085
244,1276,1229,1,3.959637309104105
244,965,1106,1,11.884713829537391
244,1068,1102,1,8.626274418583195
245,834,917,1,3.617203703030827
245,882,535,1,9.342211452816104
246,659,566,1,7.02219411294688
247,882,672,1,7.316385892068044
248,882,965,1,3.616965677313317
249,1182,931,1,9.422487826577225
249,659,834,1,5.284552964469467
249,508,783,1,25.93420023872912
250,834,783,1,7.689481736045675
250,1091,783,1,10.241109598832232
250,1091,965,1,4.388654712140797
250,672,783,1,17.445012141301472
250,965,783,1,10.498093903671007
250,1068,783,1,26.525178301273773
250,1229,783,1,18.841160835534616
251,508,783,1,25.93420023872912
251,1102,783,1,18.800951364959644
251,1068,783,1,26.525178301273773
251,1229,783,1,18.841160835534616
252,1276,1229,1,3.959637309104105
252,931,849,1,4.4061387562478425
252,885,1013,1,3.46869779664105
252,885,783,1,15.378166398318458
252,1102,1276,1,4.836798739646007
252,535,783,1,11.620421645142477
252,965,783,2,10.498093903671007
253,834,783,7,7.689481736045675
253,1182,783,1,15.175538880502293
253,508,783,2,25.93420023872912
253,659,783,1,5.809594285895007
253,882,834,1,4.883195120135012
253,882,783,1,12.561839638690564
253,834,1229,1,12.569063966979074
253,1276,1106,1,4.836798739645476
253,1398,1276,1,7.438993890374081
253,566,708,1,12.81122045365883
253,1106,783,1,22.318447076891776
253,965,783,1,10.498093903671007
253,1229,783,1,18.841160835534616
254,834,783,1,7.689481736045675
254,931,783,1,18.3740064075405
254,885,672,1,5.876204136119103
254,849,1276,1,11.479314497557898
254,1106,783,1,22.318447076891776
254,535,783,2,11.620421645142477
254,1013,882,1,3.839767699909249
255,882,917,1,7.68788945836583
255,1276,1106,1,4.836798739645476
255,917,783,1,5.8083597500151045
255,359,783,1,12.499801205497114
255,1435,783,1,17.957022310236383
255,783,885,1,15.378166398318458
255,1229,1276,1,3.959637309104105
256,1276,783,1,22.606377139254327
256,708,965,1,6.739138237495128
256,1398,1276,1,7.438993890374081
256,1398,1182,1,5.640321895106829
256,1102,1276,1,4.836798739646007
256,1102,1106,1,3.80171314717607
256,1102,783,1,18.800951364959644
256,1106,1276,1,4.836798739645476
256,1106,931,1,5.283575443416337
256,535,708,1,4.548441137468074
256,783,566,1,5.876334276322891
256,1068,708,1,17.624551847596877
256,1229,1102,2,3.8392690799482057
257,834,783,7,7.689481736045675
257,882,849,1,9.574606006915822
257,965,882,2,3.616965677313317
257,882,783,3,12.561839638690564
257,659,783,6,5.809594285895007
257,1182,783,2,15.175538880502293
257,965,783,1,10.498093903671007
257,931,1102,1,4.548251915941359
257,508,849,1,9.342303526294996
257,1276,1398,1,7.438993890374081
257,917,783,1,5.8083597500151045
257,708,783,1,10.697285568723771
257,359,535,1,5.855067293961566
257,1091,783,1,10.241109598832232
257,535,783,1,11.620421645142477
257,1013,1182,1,5.283249325636405
257,1229,1102,1,3.8392690799482057
258,882,885,1,2.852794790784161
258,1276,1102,1,4.836798739646007
258,931,885,1,3.0617002345235647
258,1182,783,1,15.175538880502293
258,708,535,1,4.548441137468074
258,885,882,1,2.852794790784161
258,849,783,1,21.903135562742808
258,535,708,1,4.548441137468074
258,672,931,1,6.73915242731767
259,931,783,1,18.3740064075405
259,708,882,1,4.837510953567602
259,708,783,1,10.697285568723771
259,885,1182,1,8.662721360426067
259,885,783,1,15.378166398318458
259,1398,1106,1,11.562838367297022
259,1102,1013,1,3.616251246210677
259,1102,1229,1,3.8392690799482057
259,1106,783,1,22.318447076891776
259,535,965,1,11.11949266445603
260,1013,783,1,15.308499342485224
260,965,917,1,4.882215518422521
260,1229,1276,1,3.959637309104105
260,1106,1276,1,4.836798739645476
260,882,708,1,4.837510953567602
260,1276,783,1,22.606377139254327
260,1182,783,1,15.175538880502293
260,1398,882,1,13.343391197346763
260,1102,1276,1,4.836798739646007
260,1102,1229,1,3.8392690799482057
260,849,931,1,4.4061387562478425
260,535,708,1,4.548441137468074
260,535,659,1,5.810827883107414
260,783,885,1,15.378166398318458
260,783,1398,22,19.874616662347663
261,508,849,1,9.342303526294996
261,1229,1182,1,3.960024365898536
261,917,834,1,3.617203703030827
261,834,783,4,7.689481736045675
261,659,783,2,5.809594285895007
261,1091,783,3,10.241109598832232
261,965,882,1,3.616965677313317
261,965,885,4,6.123119155303686
261,965,783,3,10.498093903671007
261,1182,885,1,8.662721360426067
261,1182,1229,1,3.960024365898536
261,834,659,1,5.284552964469467
261,885,1182,7,8.662721360426067
261,1106,1276,1,4.836798739645476
261,1013,965,1,4.881725510082577
261,965,834,1,3.83986736177262
261,917,535,1,11.080361971095948
261,917,783,1,5.8083597500151045
261,1398,1102,8,9.118728510486134
261,882,834,1,4.883195120135012
261,882,965,1,3.616965677313317
261,1276,1229,1,3.959637309104105
261,931,1068,1,8.304853837171269
261,659,708,1,5.815596432206299
261,659,834,1,5.284552964469467
261,566,783,1,5.876334276322891
261,783,1182,17,15.175538880502293
261,783,1435,1,17.957022310236383
261,783,659,2,5.809594285895007
261,1229,882,1,9.341474227178574
262,659,931,1,14.893741670685255
262,834,708,1,4.389831624444016
262,834,885,3,7.688685710981335
262,882,834,1,4.883195120135012
262,882,885,1,2.852794790784161
262,1276,849,1,11.479314497557898
262,1276,1106,1,4.836798739645476
262,708,535,1,4.548441137468074
262,708,672,1,6.751878981086827
262,885,708,1,6.511469320496247
262,659,783,1,5.809594285895007
262,1102,1013,1,3.616251246210677
262,783,917,1,5.8083597500151045
262,783,931,1,18.3740064075405
262,783,566,1,5.876334276322891
262,965,931,1,8.628970001760946
262,965,885,1,6.123119155303686
262,1229,1182,1,3.960024365898536
263,1106,783,1,22.318447076891776
263,1276,931,1,8.946223146223524
263,1276,1106,1,4.836798739645476
263,931,885,1,3.0617002345235647
263,931,1102,1,4.548251915941359
263,931,1106,1,5.283575443416337
263,1182,882,1,7.841474878454721
263,708,834,1,4.389831624444016
263,708,783,1,10.697285568723771
263,708,965,1,6.739138237495128
263,834,882,1,4.883195120135012
263,885,882,2,2.852794790784161
263,885,783,1,15.378166398318458
263,659,783,1,5.809594285895007
263,1398,1182,1,5.640321895106829
263,849,931,1,4.4061387562478425
263,849,965,1,12.803650760757485
263,535,566,1,11.474227573045091
263,1013,1102,1,3.616251246210677
263,783,566,1,5.876334276322891
263,783,1013,1,15.308499342485224
263,672,783,1,17.445012141301472
263,1229,783,1,18.841160835534616
264,965,708,1,6.739138237495128
264,882,783,3,12.561839638690564
264,1013,882,1,3.839767699909249
264,931,965,1,8.628970001760946
264,834,783,1,7.689481736045675
264,965,882,1,3.616965677313317
264,882,1229,1,9.341474227178574
264,917,1102,2,13.13421609310346
264,931,882,1,5.812636165404913
264,1435,783,1,17.957022310236383
264,885,882,2,2.852794790784161
264,1398,1091,1,9.6478124773512
264,1106,1102,2,3.80171314717607
264,783,1182,1,15.175538880502293
264,783,659,1,5.809594285895007
264,1068,783,1,26.525178301273773
265,834,885,15,7.688685710981335
265,1091,834,1,6.739095652327052
265,965,708,1,6.739138237495128
265,672,535,1,8.311483007291683
265,1091,783,1,10.241109598832232
265,1013,965,2,4.881725510082577
265,672,931,1,6.73915242731767
265,1229,834,1,12.569063966979074
265,1276,965,1,12.284417645367478
265,708,882,2,4.837510953567602
265,708,834,2,4.389831624444016
265,708,535,2,4.548441137468074
265,659,783,1,5.809594285895007
265,1091,1182,3,5.24631154396119
265,1091,1398,1,9.6478124773512
265,882,708,4,4.837510953567602
265,882,965,1,3.616965677313317
265,1182,1091,1,5.24631154396119
265,834,708,1,4.389831624444016
265,885,834,1,7.688685710981335
265,659,834,1,5.284552964469467
265,1106,885,1,7.965381677815221
265,1013,849,1,8.811582411969269
265,783,931,1,18.3740064075405
265,783,659,1,5.809594285895007
265,965,659,1,9.121352246650094
265,1229,882,1,9.341474227178574
266,708,885,1,6.511469320496247
266,834,1229,1,12.569063966979074
266,659,783,1,5.809594285895007
266,882,885,2,2.852794790784161
266,882,783,1,12.561839638690564
266,931,708,1,9.423506251261468
266,931,849,1,4.4061387562478425
266,965,834,1,3.83986736177262
266,965,885,1,6.123119155303686
266,965,783,2,10.498093903671007
266,855,834,1,19.971672663678955
266,708,783,1,10.697285568723771
266,834,931,1,10.694040075602611
266,834,1182,1,9.674230674179531
266,834,708,2,4.389831624444016
266,834,783,1,7.689481736045675
266,885,882,4,2.852794790784161
266,885,708,1,6.511469320496247
266,885,1013,1,3.46869779664105
266,659,708,1,5.815596432206299
266,1091,783,1,10.241109598832232
266,566,659,1,7.02219411294688
266,849,508,1,9.342303526294996
266,849,1106,1,6.739095652327052
266,783,917,1,5.8083597500151045
266,783,931,1,18.3740064075405
266,783,659,2,5.809594285895007
266,783,1102,3,18.800951364959644
267,1013,783,1,15.308499342485224
267,659,783,3,5.809594285895007
267,931,885,1,3.0617002345235647
267,1229,1013,1,5.640389822593795
267,917,783,1,5.8083597500151045
267,1106,1276,1,4.836798739645476
267,931,1068,1,8.304853837171269
267,1182,783,1,15.175538880502293
267,708,882,1,4.837510953567602
267,708,885,1,6.511469320496247
267,708,535,1,4.548441137468074
267,834,659,1,5.284552964469467
267,834,965,1,3.83986736177262
267,1091,1013,1,7.92275625179966
267,1102,931,1,4.548251915941359
267,783,931,1,18.3740064075405
267,783,708,1,10.697285568723771
267,783,885,1,15.378166398318458
267,783,659,1,5.809594285895007
268,1276,783,1,22.606377139254327
268,1068,783,1,26.525178301273773
268,882,783,1,12.561839638690564
268,931,885,1,3.0617002345235647
268,1182,1013,1,5.283249325636405
268,885,882,1,2.852794790784161
268,885,931,1,3.0617002345235647
268,885,965,1,6.123119155303686
268,1398,783,1,19.874616662347663
268,849,1068,1,6.736061142863373
268,1013,882,2,3.839767699909249
268,783,931,1,18.3740064075405
268,783,659,1,5.809594285895007
268,783,965,1,10.498093903671007
268,965,783,1,10.498093903671007
269,1106,1102,1,3.80171314717607
269,965,882,4,3.616965677313317
269,1229,659,1,17.8420518180728
269,1276,849,1,11.479314497557898
269,1276,1229,2,3.959637309104105
269,917,783,2,5.8083597500151045
269,1106,885,2,7.965381677815221
269,965,1013,2,4.881725510082577
269,834,708,2,4.389831624444016
269,834,783,5,7.689481736045675
269,1013,885,2,3.46869779664105
269,1276,1106,1,4.836798739645476
269,855,849,1,5.706192977162224
269,834,885,1,7.688685710981335
269,1091,1182,1,5.24631154396119
269,965,708,1,6.739138237495128
269,1229,1276,1,3.959637309104105
269,1229,1102,1,3.8392690799482057
269,882,783,1,12.561839638690564
269,931,885,1,3.0617002345235647
269,931,783,1,18.3740064075405
269,708,885,1,6.511469320496247
269,885,931,1,3.0617002345235647
269,659,708,1,5.815596432206299
269,659,535,1,5.810827883107414
269,1102,1229,1,3.8392690799482057
269,1106,931,2,5.283575443416337
269,535,708,1,4.548441137468074
269,1013,1182,1,5.283249325636405
269,783,566,2,5.876334276322891
269,783,965,1,10.498093903671007
269,1068,849,1,6.736061142863373
270,708,882,1,4.837510953567602
270,708,834,1,4.389831624444016
270,708,659,1,5.815596432206299
270,849,931,1,4.4061387562478425
270,849,1068,1,6.736061142863373
270,965,1091,1,4.388654712140797
270,882,885,1,2.852794790784161
270,882,535,1,9.342211452816104
270,931,849,1,4.4061387562478425
270,708,783,2,10.697285568723771
270,885,965,1,6.123119155303686
270,1398,783,1,19.874616662347663
270,1102,1182,1,6.120304815079837
270,1102,885,1,5.875878565174106
270,1106,849,1,6.739095652327052
270,1013,1182,1,5.283249325636405
270,1013,1102,1,3.616251246210677
270,783,931,2,18.3740064075405
270,783,1182,1,15.175538880502293
270,783,1091,1,10.241109598832232
270,783,1102,1,18.800951364959644
270,783,965,1,10.498093903671007
270,1229,783,1,18.841160835534616
271,1091,783,1,10.241109598832232
271,1102,1013,1,3.616251246210677
271,1102,783,1,18.800951364959644
271,882,885,1,2.852794790784161
271,882,1013,1,3.839767699909249
271,882,783,2,12.561839638690564
271,882,672,1,7.316385892068044
271,1276,1398,1,7.438993890374081
271,834,965,1,3.83986736177262
271,885,931,1,3.0617002345235647
271,885,1102,1,5.875878565174106
271,885,1013,1,3.46869779664105
271,535,834,1,8.012842951904279
271,783,917,1,5.8083597500151045
271,783,659,2,5.809594285895007
271,783,1106,1,22.318447076891776
271,783,535,1,11.620421645142477
271,965,882,1,3.616965677313317
271,965,834,1,3.83986736177262
271,1229,1102,1,3.8392690799482057
272,1106,1102,1,3.80171314717607
272,1102,1229,1,3.8392690799482057
272,672,931,1,6.73915242731767
272,917,783,1,5.8083597500151045
272,1013,965,1,4.881725510082577
272,882,783,1,12.561839638690564
272,834,708,1,4.389831624444016
272,834,1068,1,18.901027647971706
272,885,931,1,3.0617002345235647
272,885,1102,1,5.875878565174106
272,659,931,1,14.893741670685255
272,659,834,1,5.284552964469467
272,566,783,1,5.876334276322891
272,849,882,1,9.574606006915822
272,849,931,2,4.4061387562478425
272,783,855,2,27.60378823743443
272,783,708,1,10.697285568723771
272,783,834,2,7.689481736045675
272,783,359,1,12.499801205497114
272,783,659,1,5.809594285895007
272,783,1398,1,19.874616662347663
272,783,1068,1,26.525178301273773
272,965,1276,1,12.284417645367478
272,1229,1276,1,3.959637309104105
273,1106,1102,2,3.80171314717607
273,834,882,3,4.883195120135012
273,834,535,1,8.012842951904279
273,834,783,7,7.689481736045675
273,834,659,3,5.284552964469467
273,965,783,6,10.498093903671007
273,708,931,1,9.423506251261468
273,708,882,2,4.837510953567602
273,708,659,2,5.815596432206299
273,672,882,1,7.316385892068044
273,965,882,2,3.616965677313317
273,882,708,1,4.837510953567602
273,882,834,1,4.883195120135012
273,834,708,1,4.389831624444016
273,885,1106,1,7.965381677815221
273,885,965,1,6.123119155303686
273,1106,1276,1,4.836798739645476
273,1013,1182,1,5.283249325636405
273,783,855,1,27.60378823743443
273,783,1091,1,10.241109598832232
273,783,566,1,5.876334276322891
273,783,965,1,10.498093903671007
273,1229,783,1,18.841160835534616
274,1106,1102,1,3.80171314717607
274,965,783,1,10.498093903671007
274,882,708,1,4.837510953567602
274,882,659,2,9.424155624926374
274,882,783,5,12.561839638690564
274,1276,1182,1,7.919661523440269
274,931,672,1,6.73915242731767
274,931,1068,1,8.304853837171269
274,1182,885,1,8.662721360426067
274,1182,783,1,15.175538880502293
274,708,931,1,9.423506251261468
274,708,535,1,4.548441137468074
274,834,783,1,7.689481736045675
274,659,885,1,11.84843418422244
274,659,783,1,5.809594285895007
274,1398,1182,1,5.640321895106829
274,1102,1229,1,3.8392690799482057
274,783,855,1,27.60378823743443
274,783,885,1,15.378166398318458
274,783,1398,1,19.874616662347663
274,783,566,1,5.876334276322891
274,783,535,2,11.620421645142477
274,965,834,1,3.83986736177262
275,834,931,1,10.694040075602611
275,931,834,1,10.694040075602611
275,931,885,1,3.0617002345235647
275,708,882,1,4.837510953567602
275,708,834,1,4.389831624444016
275,708,965,1,6.739138237495128
275,359,659,1,7.84162119104212
275,659,834,1,5.284552964469467
275,1102,783,1,18.800951364959644
275,535,659,1,5.810827883107414
275,783,566,1,5.876334276322891
275,1229,783,1,18.841160835534616
276,965,783,1,10.498093903671007
276,834,783,1,7.689481736045675
276,882,965,1,3.616965677313317
276,834,882,1,4.883195120135012
276,834,659,1,5.284552964469467
276,885,882,1,2.852794790784161
276,885,672,1,5.876204136119103
276,659,783,1,5.809594285895007
276,1398,1106,1,11.562838367297022
276,1102,931,1,4.548251915941359
276,783,659,1,5.809594285895007
276,783,965,1,10.498093903671007
276,1068,783,1,26.525178301273773
277,965,783,2,10.498093903671007
277,882,885,3,2.852794790784161
277,849,882,1,9.574606006915822
277,1013,1102,1,3.616251246210677
277,1229,1276,2,3.959637309104105
277,1229,1182,1,3.960024365898536
277,1229,1013,1,5.640389822593795
277,882,1229,1,9.341474227178574
277,849,931,3,4.4061387562478425
277,1106,1276,1,4.836798739645476
277,882,834,2,4.883195120135012
277,917,834,1,3.617203703030827
277,917,783,1,5.8083597500151045
277,1106,1102,1,3.80171314717607
277,1013,783,1,15.308499342485224
277,1370,1182,1,15.837773174985912
277,1370,1106,1,8.775541653972592
277,965,882,4,3.616965677313317
277,1229,885,1,8.89559413156451
277,882,965,1,3.616965677313317
277,931,965,1,8.628970001760946
277,708,885,1,6.511469320496247
277,708,535,1,4.548441137468074
277,1091,965,1,4.388654712140797
277,1102,783,1,18.800951364959644
277,783,931,1,18.3740064075405
277,783,1182,1,15.175538880502293
277,783,834,1,7.689481736045675
277,783,849,1,21.903135562742808
277,783,535,2,11.620421645142477
278,834,535,1,8.012842951904279
278,849,1013,1,8.811582411969269
278,931,1013,1,4.405443882921528
278,1182,1229,1,3.960024365898536
278,834,708,1,4.389831624444016
278,834,1091,1,6.739095652327052
278,1102,1013,1,3.616251246210677
278,783,708,1,10.697285568723771
278,783,1102,1,18.800951364959644
278,783,849,1,21.903135562742808
278,783,535,1,11.620421645142477
278,965,783,1,10.498093903671007
278,1229,1276,1,3.959637309104105
279,849,783,1,21.903135562742808
279,708,834,1,4.389831624444016
279,708,931,1,9.423506251261468
279,882,849,1,9.574606006915822
279,1276,1106,1,4.836798739645476
279,931,1102,1,4.548251915941359
279,1182,1276,1,7.919661523440269
279,834,535,1,8.012842951904279
279,1091,783,1,10.241109598832232
279,1106,1102,1,3.80171314717607
279,1013,1106,1,7.015517581545067
279,1013,1229,1,5.640389822593795
279,783,1276,1,22.606377139254327
279,783,834,1,7.689481736045675
279,783,659,1,5.809594285895007
279,783,566,1,5.876334276322891
279,1068,1229,1,11.360488351411393
279,1229,931,1,8.28950012214804
280,1229,783,1,18.841160835534616
280,834,965,1,3.83986736177262
280,882,834,1,4.883195120135012
280,882,1398,1,13.343391197346763
280,882,535,1,9.342211452816104
280,882,783,1,12.561839638690564
280,931,882,1,5.812636165404913
280,931,783,1,18.3740064075405
280,931,672,1,6.73915242731767
280,885,1013,1,3.46869779664105
280,885,1229,1,8.89559413156451
280,659,834,1,5.284552964469467
280,659,783,2,5.809594285895007
280,1398,1102,1,9.118728510486134
280,1102,931,1,4.548251915941359
280,1102,1229,1,3.8392690799482057
280,849,708,1,11.8916662824573
280,535,708,1,4.548441137468074
280,783,1182,2,15.175538880502293
280,783,834,1,7.689481736045675
280,783,359,1,12.499801205497114
280,783,659,1,5.809594285895007
280,783,566,1,5.876334276322891
280,783,1229,1,18.841160835534616
280,672,885,1,5.876204136119103
280,965,882,1,3.616965677313317
280,1229,931,1,8.28950012214804
281,708,834,1,4.389831624444016
281,708,535,2,4.548441137468074
281,1091,965,2,4.388654712140797
281,708,885,1,6.511469320496247
281,1091,783,1,10.241109598832232
281,849,855,1,5.706192977162224
281,882,659,1,9.424155624926374
281,882,1106,1,10.203820878312005
281,882,965,1,3.616965677313317
281,1276,882,1,12.01740314095659
281,917,882,1,7.68788945836583
281,931,882,1,5.812636165404913
281,1182,1435,1,8.189653224238826
281,1182,1229,1,3.960024365898536
281,708,882,1,4.837510953567602
281,834,931,1,10.694040075602611
281,885,931,1,3.0617002345235647
281,1106,1182,1,9.760018472127422
281,1106,1102,1,3.80171314717607
281,535,359,1,5.855067293961566
281,783,359,1,12.499801205497114
281,783,885,1,15.378166398318458
281,783,965,1,10.498093903671007
281,965,1091,1,4.388654712140797
282,1091,965,1,4.388654712140797
282,882,885,1,2.852794790784161
282,882,965,1,3.616965677313317
282,931,849,1,4.4061387562478425
282,1182,672,1,14.511820279616508
282,708,535,1,4.548441137468074
282,834,931,1,10.694040075602611
282,885,882,2,2.852794790784161
282,659,834,1,5.284552964469467
282,1102,1182,1,6.120304815079837
282,1102,1229,1,3.8392690799482057
282,1106,1276,1,4.836798739645476
282,1013,1276,1,8.190822817543284
282,1013,1229,1,5.640389822593795
282,783,931,1,18.3740064075405
282,783,708,1,10.697285568723771
282,783,1013,1,15.308499342485224
282,783,1068,1,26.525178301273773
282,965,672,1,10.884705359638655
283,882,708,1,4.837510953567602
283,882,885,1,2.852794790784161
283,882,1102,2,7.314751476768936
283,1276,882,1,12.01740314095659
283,931,834,1,10.694040075602611
283,931,849,1,4.4061387562478425
283,931,1013,1,4.405443882921528
283,708,535,1,4.548441137468074
283,834,659,1,5.284552964469467
283,885,882,1,2.852794790784161
283,659,834,1,5.284552964469467
283,1102,882,1,7.314751476768936
283,1013,1398,1,10.186376382121452
283,783,882,1,12.561839638690564
283,783,885,1,15.378166398318458
283,783,1091,1,10.241109598832232
283,783,1102,1,18.800951364959644
283,965,882,1,3.616965677313317
283,965,708,1,6.739138237495128
283,965,834,1,3.83986736177262
283,1229,882,1,9.341474227178574
284,708,882,1,4.837510953567602
284,882,834,1,4.883195120135012
284,882,885,1,2.852794790784161
284,882,1398,1,13.343391197346763
284,882,965,1,3.616965677313317
284,1276,672,1,15.682986279658085
284,931,885,1,3.0617002345235647
284,1182,1229,1,3.960024365898536
284,834,965,2,3.83986736177262
284,885,882,1,2.852794790784161
284,885,672,1,5.876204136119103
284,659,882,1,9.424155624926374
284,1091,1229,1,9.180034524729397
284,1102,1276,1,4.836798739646007
284,783,931,1,18.3740064075405
284,783,1091,1,10.241109598832232
284,783,1102,1,18.800951364959644
284,965,1013,1,4.881725510082577
285,917,783,1,5.8083597500151045
285,1091,965,1,4.388654712140797
285,1091,1182,1,5.24631154396119
285,882,708,1,4.837510953567602
285,834,965,1,3.83986736177262
285,1398,882,2,13.343391197346763
285,1102,1106,1,3.80171314717607
285,849,1013,1,8.811582411969269
285,1106,1013,1,7.015517581545067
285,1013,882,1,3.839767699909249
285,783,931,1,18.3740064075405
285,783,1091,1,10.241109598832232
285,1229,1398,1,5.282433425576492
286,882,708,1,4.837510953567602
286,882,965,1,3.616965677313317
286,855,1068,1,5.87594370452583
286,931,672,2,6.73915242731767
286,708,834,1,4.389831624444016
286,708,535,1,4.548441137468074
286,834,931,1,10.694040075602611
286,834,708,1,4.389831624444016
286,885,882,1,2.852794790784161
286,849,508,1,9.342303526294996
286,1106,834,1,14.888705663916236
286,783,359,1,12.499801205497114
286,672,931,1,6.73915242731767
286,965,834,1,3.83986736177262
286,965,1091,1,4.388654712140797
287,708,359,1,10.088438580081291
287,882,834,1,4.883195120135012
287,882,885,1,2.852794790784161
287,882,1013,1,3.839767699909249
287,931,849,1,4.4061387562478425
287,708,659,1,5.815596432206299
287,834,882,1,4.883195120135012
287,885,882,1,2.852794790784161
287,1102,834,1,11.614659746948035
287,783,931,1,18.3740064075405
287,783,1091,1,10.241109598832232
287,783,566,1,5.876334276322891
287,965,1091,1,4.388654712140797
288,849,855,1,5.706192977162224
288,882,885,1,2.852794790784161
288,882,1013,1,3.839767699909249
288,1276,1102,1,4.836798739646007
288,834,882,2,4.883195120135012
288,834,965,1,3.83986736177262
288,885,535,1,10.569431103772471
288,783,359,1,12.499801205497114
288,783,885,1,15.378166398318458
288,783,659,1,5.809594285895007
288,1229,1091,1,9.180034524729397
289,849,855,1,5.706192977162224
289,1106,1276,1,4.836798739645476
289,882,965,1,3.616965677313317
289,834,708,1,4.389831624444016
289,834,1102,1,11.614659746948035
289,885,882,1,2.852794790784161
289,885,672,2,5.876204136119103
289,659,882,1,9.424155624926374
289,783,882,1,12.561839638690564
289,783,834,1,7.689481736045675
289,783,1091,3,10.241109598832232
289,783,849,1,21.903135562742808
290,708,885,1,6.511469320496247
290,834,965,1,3.83986736177262
290,882,885,2,2.852794790784161
290,783,882,1,12.561839638690564
290,783,1276,1,22.606377139254327
290,965,708,1,6.739138237495128
291,882,965,1,3.616965677313317
291,885,1013,1,3.46869779664105
291,885,783,1,15.378166398318458
291,1102,1106,1,3.80171314717607
291,783,885,1,15.378166398318458
291,1229,1102,1,3.8392690799482057
292,885,672,1,5.876204136119103
292,885,1229,1,8.89559413156451
292,1398,882,1,13.343391197346763
292,1013,1182,1,5.283249325636405
292,1013,1102,1,3.616251246210677
293,885,1013,1,3.46869779664105
293,1229,1276,1,3.959637309104105
296,1276,1102,1,4.836798739646007
297,659,834,1,5.284552964469467
297,1013,1102,1,3.616251246210677
297,965,783,1,10.498093903671007
297,1068,783,1,26.525178301273773
297,1229,783,1,18.841160835534616
298,882,931,1,5.812636165404913
298,882,783,1,12.561839638690564
298,834,783,1,7.689481736045675
298,659,783,1,5.809594285895007
298,1398,783,1,19.874616662347663
298,535,783,1,11.620421645142477
298,672,783,1,17.445012141301472
299,882,1182,1,7.841474878454721
299,931,783,1,18.3740064075405
299,1182,783,1,15.175538880502293
299,1182,1229,1,3.960024365898536
299,508,783,1,25.93420023872912
299,359,783,3,12.499801205497114
299,1435,783,2,17.957022310236383
299,885,783,1,15.378166398318458
299,659,783,2,5.809594285895007
299,1091,1013,1,7.92275625179966
299,1091,783,1,10.241109598832232
299,1398,783,1,19.874616662347663
299,1102,783,1,18.800951364959644
299,849,783,1,21.903135562742808
299,1106,783,1,22.318447076891776
299,535,783,2,11.620421645142477
299,965,783,2,10.498093903671007
299,1068,783,1,26.525178301273773
300,882,783,3,12.561839638690564
300,1276,783,2,22.606377139254327
300,708,359,1,10.088438580081291
300,508,783,1,25.93420023872912
300,885,783,1,15.378166398318458
300,659,783,4,5.809594285895007
300,1091,783,1,10.241109598832232
300,1398,1276,1,7.438993890374081
300,1102,885,1,5.875878565174106
300,566,783,2,5.876334276322891
300,535,783,5,11.620421645142477
300,672,849,1,6.511836392511076
300,965,783,4,10.498093903671007
300,1229,783,1,18.841160835534616
301,917,783,2,5.8083597500151045
301,834,783,3,7.689481736045675
301,849,783,1,21.903135562742808
301,1068,783,2,26.525178301273773
301,882,783,1,12.561839638690564
301,659,783,1,5.809594285895007
301,965,882,2,3.616965677313317
301,965,1013,1,4.881725510082577
301,965,783,1,10.498093903671007
301,931,834,1,10.694040075602611
301,359,783,1,12.499801205497114
301,885,882,1,2.852794790784161
301,1398,783,1,19.874616662347663
301,1102,1229,1,3.8392690799482057
301,849,1276,2,11.479314497557898
301,1106,1102,1,3.80171314717607
301,535,783,1,11.620421645142477
301,783,882,1,12.561839638690564
301,672,882,1,7.316385892068044
301,672,783,1,17.445012141301472
301,1229,1276,1,3.959637309104105
301,1229,783,2,18.841160835534616
302,834,783,1,7.689481736045675
302,1229,882,1,9.341474227178574
302,882,917,1,7.68788945836583
302,1276,1106,1,4.836798739645476
302,855,849,1,5.706192977162224
302,1398,1182,4,5.640321895106829
302,1398,1091,6,9.6478124773512
302,1102,783,1,18.800951364959644
302,1102,1068,1,8.626274418583195
302,783,359,1,12.499801205497114
303,917,783,1,5.8083597500151045
303,849,783,1,21.903135562742808
303,1106,783,1,22.318447076891776
303,1068,783,1,26.525178301273773
303,882,783,1,12.561839638690564
303,1013,885,1,3.46869779664105
303,1013,783,1,15.308499342485224
303,783,834,1,7.689481736045675
303,783,535,1,11.620421645142477
304,535,783,1,11.620421645142477
304,834,965,1,3.83986736177262
304,882,931,1,5.812636165404913
304,882,1102,1,7.314751476768936
304,882,965,1,3.616965677313317
304,1276,1182,1,7.919661523440269
304,1276,1102,1,4.836798739646007
304,1276,783,1,22.606377139254327
304,1182,535,1,16.787330799836653
304,359,783,1,12.499801205497114
304,885,1106,1,7.965381677815221
304,1091,917,1,4.837115435970083
304,1091,783,1,10.241109598832232
304,566,783,1,5.876334276322891
304,1013,783,1,15.308499342485224
304,783,1182,17,15.175538880502293
304,783,659,1,5.809594285895007
304,672,885,1,5.876204136119103
305,917,783,3,5.8083597500151045
305,834,783,9,7.689481736045675
305,849,783,1,21.903135562742808
305,1106,783,1,22.318447076891776
305,659,783,4,5.809594285895007
305,965,783,5,10.498093903671007
305,708,885,1,6.511469320496247
305,885,1276,1,10.705394585658723
305,535,783,8,11.620421645142477
305,1229,1102,3,3.8392690799482057
305,855,783,2,27.60378823743443
305,1229,783,4,18.841160835534616
305,931,882,1,5.812636165404913
305,834,882,2,4.883195120135012
305,885,783,1,15.378166398318458
305,535,834,3,8.012842951904279
305,931,834,1,10.694040075602611
305,931,783,2,18.3740064075405
305,708,882,1,4.837510953567602
305,885,708,1,6.511469320496247
305,1106,1182,2,9.760018472127422
305,965,834,2,3.83986736177262
305,882,783,1,12.561839638690564
305,885,882,1,2.852794790784161
305,1091,1182,1,5.24631154396119
305,1398,783,1,19.874616662347663
305,849,834,1,14.265481524111957
305,783,1276,12,22.606377139254327
305,783,1435,6,17.957022310236383
305,783,659,1,5.809594285895007
305,783,965,1,10.498093903671007
305,1068,855,1,5.87594370452583
306,834,783,3,7.689481736045675
306,834,659,1,5.284552964469467
306,882,834,1,4.883195120135012
306,882,931,1,5.812636165404913
306,882,885,1,2.852794790784161
306,882,1091,1,7.965381677815221
306,1276,885,1,10.705394585658723
306,1276,1398,1,7.438993890374081
306,1276,1106,1,4.836798739645476
306,855,783,1,27.60378823743443
306,1182,1102,1,6.120304815079837
306,1182,783,1,15.175538880502293
306,708,783,1,10.697285568723771
306,834,1182,1,9.674230674179531
306,885,359,1,16.388649277200646
306,659,834,1,5.284552964469467
306,1106,783,1,22.318447076891776
306,1013,885,1,3.46869779664105
306,783,708,1,10.697285568723771
306,783,834,6,7.689481736045675
306,783,1398,2,19.874616662347663
306,783,965,1,10.498093903671007
306,672,708,1,6.751878981086827
307,1398,1276,1,7.438993890374081
307,1398,1091,1,9.6478124773512
307,882,965,1,3.616965677313317
307,931,849,1,4.4061387562478425
307,708,882,1,4.837510953567602
307,708,834,1,4.389831624444016
307,834,882,1,4.883195120135012
307,834,1182,1,9.674230674179531
307,834,708,1,4.389831624444016
307,834,783,2,7.689481736045675
307,834,965,2,3.83986736177262
307,359,783,1,12.499801205497114
307,885,834,1,7.688685710981335
307,885,965,1,6.123119155303686
307,659,783,2,5.809594285895007
307,1102,849,1,8.191991396325179
307,1102,783,1,18.800951364959644
307,1102,1068,1,8.626274418583195
307,1102,1229,1,3.8392690799482057
307,965,659,1,9.121352246650094
308,849,783,1,21.903135562742808
308,1229,917,1,13.03447967117419
308,849,855,1,5.706192977162224
308,1068,834,1,18.901027647971706
308,882,885,1,2.852794790784161
308,882,783,1,12.561839638690564
308,708,834,1,4.389831624444016
308,834,783,4,7.689481736045675
308,834,965,1,3.83986736177262
308,885,834,1,7.688685710981335
308,659,931,1,14.893741670685255
308,1102,783,1,18.800951364959644
308,783,882,1,12.561839638690564
308,783,917,1,5.8083597500151045
308,783,834,1,7.689481736045675
308,965,834,1,3.83986736177262
308,965,783,1,10.498093903671007
309,917,783,1,5.8083597500151045
309,1068,783,2,26.525178301273773
309,931,882,2,5.812636165404913
309,931,855,1,9.765900232263595
309,849,931,1,4.4061387562478425
309,1068,849,1,6.736061142863373
309,1229,783,3,18.841160835534616
309,882,834,2,4.883195120135012
309,917,834,1,3.617203703030827
309,659,783,1,5.809594285895007
309,1229,882,1,9.341474227178574
309,1229,965,1,8.77672016628073
309,882,783,2,12.561839638690564
309,931,783,1,18.3740064075405
309,708,931,1,9.423506251261468
309,834,659,1,5.284552964469467
309,834,1370,2,23.22436838511163
309,885,882,2,2.852794790784161
309,885,931,1,3.0617002345235647
309,885,1102,2,5.875878565174106
309,849,672,1,6.511836392511076
309,1013,783,2,15.308499342485224
309,1276,1102,1,4.836798739646007
309,917,1182,1,9.422487826578177
309,1182,783,1,15.175538880502293
309,708,659,1,5.815596432206299
309,834,882,1,4.883195120135012
309,834,917,1,3.617203703030827
309,834,885,1,7.688685710981335
309,834,965,1,3.83986736177262
309,1435,783,1,17.957022310236383
309,659,708,1,5.815596432206299
309,1091,783,1,10.241109598832232
309,1398,1229,1,5.282433425576492
309,1102,1276,1,4.836798739646007
309,1106,783,1,22.318447076891776
309,783,834,1,7.689481736045675
309,783,659,1,5.809594285895007
309,783,1091,1,10.241109598832232
309,965,882,1,3.616965677313317
309,965,834,1,3.83986736177262
310,659,834,1,5.284552964469467
310,882,708,1,4.837510953567602
310,882,885,3,2.852794790784161
310,1276,783,1,22.606377139254327
310,1091,783,1,10.241109598832232
310,1102,783,1,18.800951364959644
310,849,783,1,21.903135562742808
310,672,882,1,7.316385892068044
310,882,834,1,4.883195120135012
310,882,783,1,12.561839638690564
310,855,931,1,9.765900232263595
310,1182,917,1,9.422487826578177
310,1182,783,1,15.175538880502293
310,708,885,1,6.511469320496247
310,834,917,1,3.617203703030827
310,834,708,1,4.389831624444016
310,834,783,2,7.689481736045675
310,834,965,1,3.83986736177262
310,885,783,1,15.378166398318458
310,1102,1106,1,3.80171314717607
310,783,834,1,7.689481736045675
310,783,885,1,15.378166398318458
310,965,708,1,6.739138237495128
310,965,783,1,10.498093903671007
310,1229,783,1,18.841160835534616
311,885,1091,1,10.203820878312005
311,708,659,2,5.815596432206299
311,885,882,4,2.852794790784161
311,882,708,1,4.837510953567602
311,882,965,1,3.616965677313317
311,931,834,1,10.694040075602611
311,931,885,1,3.0617002345235647
311,1182,783,1,15.175538880502293
311,708,885,1,6.511469320496247
311,834,708,1,4.389831624444016
311,834,965,2,3.83986736177262
311,1102,783,1,18.800951364959644
311,783,931,1,18.3740064075405
311,783,659,1,5.809594285895007
311,783,1102,2,18.800951364959644
311,783,535,1,11.620421645142477
311,965,783,1,10.498093903671007
312,708,783,1,10.697285568723771
312,535,783,1,11.620421645142477
312,708,834,1,4.389831624444016
312,882,834,2,4.883195120135012
312,834,659,1,5.284552964469467
312,965,882,1,3.616965677313317
312,965,1091,1,4.388654712140797
312,882,931,1,5.812636165404913
312,882,849,1,9.574606006915822
312,855,783,1,27.60378823743443
312,359,783,1,12.499801205497114
312,885,931,2,3.0617002345235647
312,1091,965,1,4.388654712140797
312,1106,1276,1,4.836798739645476
312,783,708,1,10.697285568723771
312,783,1398,1,19.874616662347663
312,783,1102,1,18.800951364959644
312,783,566,1,5.876334276322891
312,965,834,1,3.83986736177262
313,1013,885,2,3.46869779664105
313,708,783,2,10.697285568723771
313,1276,783,1,22.606377139254327
313,535,783,3,11.620421645142477
313,508,783,1,25.93420023872912
313,885,834,1,7.688685710981335
313,1091,834,1,6.739095652327052
313,1398,965,1,11.479089287938937
313,834,882,2,4.883195120135012
313,834,783,7,7.689481736045675
313,1013,1102,2,3.616251246210677
313,1013,783,2,15.308499342485224
313,1013,965,2,4.881725510082577
313,1068,1102,1,8.626274418583195
313,882,965,1,3.616965677313317
313,1276,1229,1,3.959637309104105
313,834,965,1,3.83986736177262
313,535,834,2,8.012842951904279
313,965,783,1,10.498093903671007
313,965,1229,1,8.77672016628073
313,1068,783,1,26.525178301273773
313,1229,931,1,8.28950012214804
313,1229,1068,1,11.360488351411393
313,882,931,1,5.812636165404913
313,708,834,1,4.389831624444016
313,834,931,1,10.694040075602611
313,834,885,1,7.688685710981335
313,885,1106,1,7.965381677815221
313,885,783,1,15.378166398318458
313,659,965,1,9.121352246650094
313,1091,783,2,10.241109598832232
313,1398,783,1,19.874616662347663
313,1102,1229,1,3.8392690799482057
313,783,1276,1,22.606377139254327
313,783,834,1,7.689481736045675
313,783,659,1,5.809594285895007
313,965,834,1,3.83986736177262
314,885,834,2,7.688685710981335
314,965,882,1,3.616965677313317
314,1229,1276,1,3.959637309104105
314,1229,1102,1,3.8392690799482057
314,882,834,1,4.883195120135012
314,882,965,1,3.616965677313317
314,1276,783,1,22.606377139254327
314,917,834,1,3.617203703030827
314,931,882,1,5.812636165404913
314,931,849,1,4.4061387562478425
314,931,783,2,18.3740064075405
314,834,708,1,4.389831624444016
314,834,659,1,5.284552964469467
314,834,1102,1,11.614659746948035
314,834,783,2,7.689481736045675
314,885,1013,1,3.46869779664105
314,659,834,1,5.284552964469467
314,566,783,1,5.876334276322891
314,1106,1276,1,4.836798739645476
314,783,359,1,12.499801205497114
314,783,1091,1,10.241109598832232
314,783,965,1,10.498093903671007
315,1091,1182,1,5.24631154396119
315,708,659,1,5.815596432206299
315,882,708,1,4.837510953567602
315,882,783,1,12.561839638690564
315,931,885,1,3.0617002345235647
315,931,1102,1,4.548251915941359
315,1182,1229,1,3.960024365898536
315,834,708,2,4.389831624444016
315,834,1106,1,14.888705663916236
315,834,783,3,7.689481736045675
315,849,885,1,6.749102957431653
315,1013,1229,1,5.640389822593795
315,783,882,1,12.561839638690564
315,783,659,1,5.809594285895007
315,783,1091,1,10.241109598832232
315,783,566,1,5.876334276322891
315,783,535,1,11.620421645142477
315,783,965,1,10.498093903671007
315,1229,965,1,8.77672016628073
316,882,708,1,4.837510953567602
316,1091,783,1,10.241109598832232
316,535,885,1,10.569431103772471
316,1182,1091,1,5.24631154396119
316,708,834,1,4.389831624444016
316,885,931,1,3.0617002345235647
316,885,834,1,7.688685710981335
316,1106,1229,1,6.605818539698737
316,1229,1102,1,3.8392690799482057
316,1276,1398,1,7.438993890374081
316,931,1229,1,8.28950012214804
316,708,885,1,6.511469320496247
316,708,1091,1,10.705966675099036
316,834,708,2,4.389831624444016
316,783,708,1,10.697285568723771
316,783,834,1,7.689481736045675
316,783,359,2,12.499801205497114
316,783,885,1,15.378166398318458
316,965,1013,1,4.881725510082577
316,1229,885,1,8.89559413156451
317,535,834,2,8.012842951904279
317,1106,965,1,11.884713829537391
317,885,882,7,2.852794790784161
317,1091,783,1,10.241109598832232
317,1106,783,1,22.318447076891776
317,1013,783,1,15.308499342485224
317,672,882,1,7.316385892068044
317,882,885,4,2.852794790784161
317,885,783,3,15.378166398318458
317,672,783,1,17.445012141301472
317,917,965,1,4.882215518422521
317,708,1091,7,10.705966675099036
317,708,783,2,10.697285568723771
317,834,783,2,7.689481736045675
317,535,783,1,11.620421645142477
317,1229,783,2,18.841160835534616
317,882,834,2,4.883195120135012
317,1276,1398,1,7.438993890374081
317,834,885,2,7.688685710981335
317,885,931,1,3.0617002345235647
317,659,783,1,5.809594285895007
317,1091,1013,1,7.92275625179966
317,1102,1276,1,4.836798739646007
317,1102,1013,1,3.616251246210677
317,1013,1182,1,5.283249325636405
317,783,855,1,27.60378823743443
317,783,931,1,18.3740064075405
317,783,1182,1,15.175538880502293
317,783,708,1,10.697285568723771
317,783,566,1,5.876334276322891
317,783,965,1,10.498093903671007
317,783,1068,1,26.525178301273773
317,965,783,1,10.498093903671007
318,882,931,4,5.812636165404913
318,882,708,1,4.837510953567602
318,882,783,2,12.561839638690564
318,834,708,3,4.389831624444016
318,965,882,1,3.616965677313317
318,965,1182,1,5.875748248781206
318,882,1102,1,7.314751476768936
318,1276,1106,1,4.836798739645476
318,855,1106,1,9.423483175173253
318,931,885,1,3.0617002345235647
318,931,672,1,6.73915242731767
318,931,1068,1,8.304853837171269
318,1182,1398,1,5.640321895106829
318,708,783,1,10.697285568723771
318,834,882,1,4.883195120135012
318,359,783,1,12.499801205497114
318,885,708,1,6.511469320496247
318,885,1013,1,3.46869779664105
318,885,1229,1,8.89559413156451
318,849,783,1,21.903135562742808
318,1013,783,1,15.308499342485224
318,1013,1229,1,5.640389822593795
318,783,1182,1,15.175538880502293
318,783,708,1,10.697285568723771
318,783,359,1,12.499801205497114
318,783,566,1,5.876334276322891
318,783,849,1,21.903135562742808
318,1229,1068,1,11.360488351411393
319,882,834,1,4.883195120135012
319,882,885,1,2.852794790784161
319,1106,1276,1,4.836798739645476
319,1229,1102,2,3.8392690799482057
319,931,885,1,3.0617002345235647
319,931,1102,1,4.548251915941359
319,931,783,1,18.3740064075405
319,1182,885,1,8.662721360426067
319,708,882,1,4.837510953567602
319,708,535,1,4.548441137468074
319,359,783,1,12.499801205497114
319,885,931,1,3.0617002345235647
319,885,783,1,15.378166398318458
319,1091,882,1,7.965381677815221
319,1091,783,1,10.241109598832232
319,1398,1229,1,5.282433425576492
319,1102,1013,1,3.616251246210677
319,849,882,1,9.574606006915822
319,1106,1102,1,3.80171314717607
319,1013,783,1,15.308499342485224
319,783,931,1,18.3740064075405
319,783,834,1,7.689481736045675
319,672,849,1,6.511836392511076
319,1370,855,1,13.377197086368376
319,965,834,1,3.83986736177262
320,834,1013,1,8.005172893624191
320,882,535,1,9.342211452816104
320,535,708,1,4.548441137468074
320,1013,885,1,3.46869779664105
320,882,783,1,12.561839638690564
320,834,659,1,5.284552964469467
320,1102,834,1,11.614659746948035
320,882,1229,1,9.341474227178574
320,1276,1102,1,4.836798739646007
320,931,783,1,18.3740064075405
320,931,1068,1,8.304853837171269
320,1182,1091,1,5.24631154396119
320,708,783,2,10.697285568723771
320,708,965,1,6.739138237495128
320,834,708,1,4.389831624444016
320,885,882,1,2.852794790784161
320,885,783,1,15.378166398318458
320,1091,882,1,7.965381677815221
320,1091,834,1,6.739095652327052
320,1102,1106,1,3.80171314717607
320,783,931,1,18.3740064075405
320,783,708,3,10.697285568723771
320,783,834,2,7.689481736045675
320,783,359,1,12.499801205497114
320,783,885,1,15.378166398318458
320,783,1106,1,22.318447076891776
320,783,672,1,17.445012141301472
320,783,1068,2,26.525178301273773
320,1068,783,1,26.525178301273773
321,1276,783,3,22.606377139254327
321,917,834,2,3.617203703030827
321,659,783,4,5.809594285895007
321,882,834,5,4.883195120135012
321,882,535,2,9.342211452816104
321,917,965,1,4.882215518422521
321,508,783,1,25.93420023872912
321,659,882,1,9.424155624926374
321,535,708,1,4.548441137468074
321,672,885,1,5.876204136119103
321,1106,834,1,14.888705663916236
321,965,708,1,6.739138237495128
321,917,1182,1,9.422487826578177
321,834,783,2,7.689481736045675
321,1296,783,1,13.644692409583532
321,1106,1276,1,4.836798739645476
321,882,965,1,3.616965677313317
321,931,783,2,18.3740064075405
321,1182,1102,1,6.120304815079837
321,708,783,1,10.697285568723771
321,885,931,2,3.0617002345235647
321,885,783,1,15.378166398318458
321,1091,834,1,6.739095652327052
321,566,834,1,11.619599142411865
321,1106,1102,1,3.80171314717607
321,1013,849,1,8.811582411969269
321,1013,783,1,15.308499342485224
321,783,931,1,18.3740064075405
321,783,1182,1,15.175538880502293
321,783,708,1,10.697285568723771
321,783,659,1,5.809594285895007
321,672,783,1,17.445012141301472
321,965,834,1,3.83986736177262
322,931,885,2,3.0617002345235647
322,1182,1398,1,5.640321895106829
322,885,882,1,2.852794790784161
322,965,834,1,3.83986736177262
322,882,1398,1,13.343391197346763
322,1276,1182,1,7.919661523440269
322,931,783,1,18.3740064075405
322,1182,1229,1,3.960024365898536
322,708,535,1,4.548441137468074
322,834,882,2,4.883195120135012
322,834,885,1,7.688685710981335
322,834,783,1,7.689481736045675
322,659,834,1,5.284552964469467
322,849,1068,1,6.736061142863373
322,783,659,1,5.809594285895007
322,783,1091,1,10.241109598832232
322,783,566,1,5.876334276322891
322,783,535,1,11.620421645142477
322,783,672,1,17.445012141301472
322,965,783,1,10.498093903671007
323,672,885,1,5.876204136119103
323,882,885,1,2.852794790784161
323,882,708,1,4.837510953567602
323,882,965,1,3.616965677313317
323,885,931,2,3.0617002345235647
323,885,708,1,6.511469320496247
323,1182,1229,1,3.960024365898536
323,834,882,1,4.883195120135012
323,834,659,1,5.284552964469467
323,834,535,1,8.012842951904279
323,834,965,1,3.83986736177262
323,1091,917,1,4.837115435970083
323,535,882,1,9.342211452816104
323,783,834,1,7.689481736045675
323,783,659,1,5.809594285895007
323,783,1091,1,10.241109598832232
324,965,834,1,3.83986736177262
324,931,882,1,5.812636165404913
324,882,1091,1,7.965381677815221
324,882,1102,1,7.314751476768936
324,931,1068,1,8.304853837171269
324,885,849,1,6.749102957431653
324,708,659,1,5.815596432206299
324,834,783,1,7.689481736045675
324,834,965,1,3.83986736177262
324,885,1229,1,8.89559413156451
324,659,885,1,11.84843418422244
324,1091,1229,1,9.180034524729397
324,1102,1013,1,3.616251246210677
324,783,708,2,10.697285568723771
324,783,834,1,7.689481736045675
324,783,849,1,21.903135562742808
324,783,672,1,17.445012141301472
324,783,965,1,10.498093903671007
324,965,783,1,10.498093903671007
325,1013,834,1,8.005172893624191
325,885,834,1,7.688685710981335
325,885,1013,2,3.46869779664105
325,1370,1068,2,7.841426035905807
325,1276,1106,1,4.836798739645476
325,885,965,2,6.123119155303686
325,1013,882,1,3.839767699909249
325,672,1106,1,11.752082528572066
325,1276,783,3,22.606377139254327
325,882,783,2,12.561839638690564
325,882,931,1,5.812636165404913
325,882,834,1,4.883195120135012
325,1182,1398,1,5.640321895106829
325,834,882,1,4.883195120135012
325,885,882,1,2.852794790784161
325,849,931,1,4.4061387562478425
325,849,783,1,21.903135562742808
325,1106,1102,1,3.80171314717607
325,1013,1102,1,3.616251246210677
325,783,359,1,12.499801205497114
325,783,965,1,10.498093903671007
325,672,882,1,7.316385892068044
325,965,882,1,3.616965677313317
325,965,1106,1,11.884713829537391
326,882,1229,1,9.341474227178574
326,882,1102,1,7.314751476768936
326,882,965,1,3.616965677313317
326,931,783,1,18.3740064075405
326,882,834,1,4.883195120135012
326,882,783,1,12.561839638690564
326,931,885,1,3.0617002345235647
326,659,882,1,9.424155624926374
326,1398,672,2,19.49150074262076
326,566,783,1,5.876334276322891
326,1106,1013,1,7.015517581545067
326,535,834,1,8.012842951904279
326,783,931,1,18.3740064075405
326,783,659,2,5.809594285895007
326,783,1091,1,10.241109598832232
326,783,965,2,10.498093903671007
326,965,885,1,6.123119155303686
327,885,783,1,15.378166398318458
327,931,1068,1,8.304853837171269
327,885,882,1,2.852794790784161
327,882,965,1,3.616965677313317
327,855,1068,1,5.87594370452583
327,708,882,1,4.837510953567602
327,834,1182,1,9.674230674179531
327,834,659,1,5.284552964469467
327,834,965,1,3.83986736177262
327,1091,917,1,4.837115435970083
327,1091,535,1,14.734241785551282
327,1102,931,1,4.548251915941359
327,849,855,1,5.706192977162224
327,783,882,1,12.561839638690564
327,783,708,2,10.697285568723771
327,783,359,2,12.499801205497114
327,783,1106,2,22.318447076891776
327,783,965,1,10.498093903671007
327,965,834,1,3.83986736177262
327,965,885,2,6.123119155303686
327,1229,965,1,8.77672016628073
328,882,834,1,4.883195120135012
328,1182,1229,1,3.960024365898536
328,885,931,1,3.0617002345235647
328,882,1102,1,7.314751476768936
328,882,1229,1,9.341474227178574
328,931,1229,1,8.28950012214804
328,708,834,1,4.389831624444016
328,708,659,1,5.815596432206299
328,708,672,1,6.751878981086827
328,834,965,1,3.83986736177262
328,659,535,1,5.810827883107414
328,659,783,1,5.809594285895007
328,535,885,1,10.569431103772471
328,783,834,1,7.689481736045675
328,783,1091,1,10.241109598832232
328,783,1398,1,19.874616662347663
328,965,882,2,3.616965677313317
328,965,1091,1,4.388654712140797
328,965,783,1,10.498093903671007
328,1229,1102,1,3.8392690799482057
329,1182,834,1,9.674230674179531
329,1276,1229,1,3.959637309104105
329,1276,1102,1,4.836798739646007
329,1276,1435,1,13.12435356350428
329,1276,1398,1,7.438993890374081
329,1398,672,5,19.49150074262076
329,1398,1229,1,5.282433425576492
329,882,965,2,3.616965677313317
329,1296,535,1,23.524303755138025
329,882,708,1,4.837510953567602
329,917,783,1,5.8083597500151045
329,708,535,1,4.548441137468074
329,834,965,1,3.83986736177262
329,566,882,1,16.254125732085967
329,849,508,1,9.342303526294996
329,535,882,1,9.342211452816104
329,1013,965,1,4.881725510082577
329,783,1276,1,22.606377139254327
329,783,1182,1,15.175538880502293
329,783,965,1,10.498093903671007
329,672,1182,1,14.511820279616508
329,965,834,1,3.83986736177262
329,965,885,1,6.123119155303686
330,882,834,1,4.883195120135012
330,965,834,1,3.83986736177262
330,882,885,1,2.852794790784161
330,931,1102,1,4.548251915941359
330,1182,965,1,5.875748248781206
330,834,882,1,4.883195120135012
330,834,855,1,19.971672663678955
330,834,885,1,7.688685710981335
330,834,1091,1,6.739095652327052
330,885,882,2,2.852794790784161
330,659,566,1,7.02219411294688
330,1091,917,1,4.837115435970083
330,1102,1398,1,9.118728510486134
330,783,885,1,15.378166398318458
330,783,659,1,5.809594285895007
330,783,566,1,5.876334276322891
330,783,965,1,10.498093903671007
330,965,882,2,3.616965677313317
331,882,1102,2,7.314751476768936
331,882,917,1,7.68788945836583
331,882,834,2,4.883195120135012
331,1182,1435,1,8.189653224238826
331,708,885,1,6.511469320496247
331,834,849,1,14.265481524111957
331,834,965,1,3.83986736177262
331,885,834,1,7.688685710981335
331,659,882,2,9.424155624926374
331,659,834,1,5.284552964469467
331,659,783,1,5.809594285895007
331,1102,1106,1,3.80171314717607
331,1106,1398,1,11.562838367297022
331,535,882,1,9.342211452816104
331,783,855,1,27.60378823743443
331,783,931,3,18.3740064075405
331,783,659,1,5.809594285895007
331,783,849,1,21.903135562742808
331,783,535,2,11.620421645142477
331,965,834,1,3.83986736177262
331,965,783,1,10.498093903671007
331,1229,1106,1,6.605818539698737
332,849,672,1,6.511836392511076
332,931,849,2,4.4061387562478425
332,849,855,1,5.706192977162224
332,882,708,1,4.837510953567602
332,882,965,2,3.616965677313317
332,931,1229,1,8.28950012214804
332,834,882,2,4.883195120135012
332,834,659,1,5.284552964469467
332,834,1229,2,12.569063966979074
332,885,672,1,5.876204136119103
332,783,1276,1,22.606377139254327
332,783,708,1,10.697285568723771
332,783,885,1,15.378166398318458
332,783,1106,1,22.318447076891776
332,783,965,2,10.498093903671007
332,783,1068,1,26.525178301273773
332,965,1013,1,4.881725510082577
332,1229,1182,1,3.960024365898536
333,1013,1398,1,10.186376382121452
333,1370,849,1,14.16435382667801
333,1013,1106,1,7.015517581545067
333,1013,783,1,15.308499342485224
333,882,1229,1,9.341474227178574
333,1013,882,1,3.839767699909249
333,882,834,2,4.883195120135012
333,882,535,1,9.342211452816104
333,1182,672,1,14.511820279616508
333,708,882,1,4.837510953567602
333,1276,1106,1,4.836798739645476
333,708,1013,1,8.663428210145081
333,708,672,1,6.751878981086827
333,834,931,1,10.694040075602611
333,885,1102,2,5.875878565174106
333,659,834,1,5.284552964469467
333,1102,1229,1,3.8392690799482057
333,849,508,1,9.342303526294996
333,1106,1068,1,4.880745078525951
333,535,885,1,10.569431103772471
333,1013,885,1,3.46869779664105
333,783,855,1,27.60378823743443
333,783,931,1,18.3740064075405
333,783,1398,1,19.874616662347663
333,783,1013,1,15.308499342485224
333,965,882,1,3.616965677313317
333,965,834,1,3.83986736177262
333,1229,965,1,8.77672016628073
334,931,1106,2,5.283575443416337
334,1013,1102,2,3.616251246210677
334,882,931,1,5.812636165404913
334,882,885,1,2.852794790784161
334,882,849,1,9.574606006915822
334,882,1106,1,10.203820878312005
334,1276,1106,1,4.836798739645476
334,1182,1398,1,5.640321895106829
334,834,535,1,8.012842951904279
334,885,931,1,3.0617002345235647
334,885,1102,1,5.875878565174106
334,659,566,1,7.02219411294688
334,783,834,1,7.689481736045675
334,783,885,1,15.378166398318458
334,672,885,1,5.876204136119103
334,965,931,1,8.628970001760946
335,931,885,1,3.0617002345235647
335,885,882,1,2.852794790784161
335,659,535,1,5.810827883107414
335,1102,1276,1,4.836798739646007
335,849,931,1,4.4061387562478425
335,849,672,1,6.511836392511076
335,783,708,1,10.697285568723771
335,783,834,1,7.689481736045675
335,783,535,1,11.620421645142477
335,672,535,1,8.311483007291683
336,882,965,1,3.616965677313317
336,855,849,1,5.706192977162224
336,931,965,1,8.628970001760946
336,834,1276,1,15.929463663685272
336,834,659,1,5.284552964469467
336,885,849,2,6.749102957431653
336,885,1013,1,3.46869779664105
336,1398,1435,1,5.805514364498899
336,783,882,1,12.561839638690564
336,783,1276,1,22.606377139254327
336,783,1182,1,15.175538880502293
337,882,1102,1,7.314751476768936
337,1182,1013,1,5.283249325636405
337,882,885,1,2.852794790784161
337,1276,1102,1,4.836798739646007
337,708,359,1,10.088438580081291
337,834,708,1,4.389831624444016
337,1013,885,1,3.46869779664105
337,783,965,1,10.498093903671007
338,885,882,1,2.852794790784161
338,1276,1229,1,3.959637309104105
338,931,885,1,3.0617002345235647
338,834,1091,1,6.739095652327052
338,1106,1102,1,3.80171314717607
338,965,882,1,3.616965677313317
338,1229,1276,1,3.959637309104105
339,882,1106,1,10.203820878312005
339,882,1229,1,9.341474227178574
339,1276,1102,1,4.836798739646007
339,708,359,1,10.088438580081291
339,834,885,1,7.688685710981335
339,834,965,1,3.83986736177262
339,885,1229,1,8.89559413156451
339,1013,965,1,4.881725510082577
339,965,1182,1,5.875748248781206
339,965,1102,1,8.304116264398273
340,1276,1229,1,3.959637309104105
340,834,965,1,3.83986736177262
340,885,931,1,3.0617002345235647
340,885,849,1,6.749102957431653
341,882,1013,2,3.839767699909249
341,882,965,2,3.616965677313317
342,1013,885,1,3.46869779664105
343,885,1102,1,5.875878565174106
344,1102,1229,1,3.8392690799482057
344,965,359,1,16.025733255011108
345,882,931,1,5.812636165404913
345,882,885,1,2.852794790784161
345,708,535,1,4.548441137468074
345,1276,885,1,10.705394585658723
345,1276,1229,1,3.959637309104105
345,882,965,1,3.616965677313317
346,885,931,1,3.0617002345235647
346,359,783,1,12.499801205497114
346,1091,783,2,10.241109598832232
346,566,783,1,5.876334276322891
346,535,783,1,11.620421645142477
346,1068,783,1,26.525178301273773
346,1229,931,1,8.28950012214804
347,1182,783,1,15.175538880502293
347,834,783,1,7.689481736045675
347,885,1091,1,10.203820878312005
347,659,783,1,5.809594285895007
347,1091,783,1,10.241109598832232
347,1398,1091,1,9.6478124773512
347,535,783,2,11.620421645142477
347,1013,783,1,15.308499342485224
347,965,783,2,10.498093903671007
347,1229,783,1,18.841160835534616
348,917,783,1,5.8083597500151045
348,931,783,2,18.3740064075405
348,1182,783,1,15.175538880502293
348,508,783,1,25.93420023872912
348,1435,783,1,17.957022310236383
348,1091,882,1,7.965381677815221
348,1091,783,2,10.241109598832232
348,849,783,1,21.903135562742808
348,1106,783,1,22.318447076891776
348,535,783,1,11.620421645142477
348,1068,783,1,26.525178301273773
348,1229,885,1,8.89559413156451
348,1229,783,1,18.841160835534616
349,1276,783,3,22.606377139254327
349,882,931,1,5.812636165404913
349,708,834,1,4.389831624444016
349,882,885,3,2.852794790784161
349,708,783,3,10.697285568723771
349,965,931,1,8.628970001760946
349,834,783,2,7.689481736045675
349,885,783,3,15.378166398318458
349,659,783,4,5.809594285895007
349,1013,849,1,8.811582411969269
349,882,783,1,12.561839638690564
349,1276,834,1,15.929463663685272
349,1276,1102,1,4.836798739646007
349,917,783,1,5.8083597500151045
349,855,1106,1,9.423483175173253
349,855,783,1,27.60378823743443
349,931,783,1,18.3740064075405
349,508,783,1,25.93420023872912
349,1102,1013,1,3.616251246210677
349,1102,783,1,18.800951364959644
349,849,1106,1,6.739095652327052
349,849,783,2,21.903135562742808
349,1106,1276,1,4.836798739645476
349,535,783,2,11.620421645142477
349,965,882,1,3.616965677313317
349,1068,783,3,26.525178301273773
349,1229,965,1,8.77672016628073
350,965,783,1,10.498093903671007
350,834,783,1,7.689481736045675
350,882,965,1,3.616965677313317
350,931,783,2,18.3740064075405
350,1276,882,1,12.01740314095659
350,834,965,1,3.83986736177262
350,885,965,1,6.123119155303686
350,566,783,1,5.876334276322891
350,849,783,2,21.903135562742808
350,1106,783,1,22.318447076891776
350,1106,1229,1,6.605818539698737
350,535,834,1,8.012842951904279
350,1013,1182,1,5.283249325636405
350,783,882,5,12.561839638690564
350,672,849,1,6.511836392511076
350,1068,849,1,6.736061142863373
351,965,783,1,10.498093903671007
351,882,965,1,3.616965677313317
351,1182,708,1,12.26833953852524
351,882,783,5,12.561839638690564
351,849,783,1,21.903135562742808
351,834,659,1,5.284552964469467
351,885,931,1,3.0617002345235647
351,1398,783,1,19.874616662347663
351,849,1276,1,11.479314497557898
351,783,882,3,12.561839638690564
351,672,834,1,10.50082625207165
351,965,882,1,3.616965677313317
351,965,1013,1,4.881725510082577
351,1068,783,1,26.525178301273773
351,1229,1182,1,3.960024365898536
352,1276,783,1,22.606377139254327
352,834,783,1,7.689481736045675
352,659,783,1,5.809594285895007
352,1182,783,1,15.175538880502293
352,882,783,4,12.561839638690564
352,1013,1106,1,7.015517581545067
352,931,849,1,4.4061387562478425
352,708,834,1,4.389831624444016
352,885,1106,1,7.965381677815221
352,1398,783,1,19.874616662347663
352,1102,1013,1,3.616251246210677
352,566,783,1,5.876334276322891
352,1106,1276,1,4.836798739645476
352,783,834,2,7.689481736045675
352,965,885,1,6.123119155303686
353,1276,783,4,22.606377139254327
353,708,783,3,10.697285568723771
353,965,783,5,10.498093903671007
353,834,783,4,7.689481736045675
353,659,783,4,5.809594285895007
353,1182,783,2,15.175538880502293
353,508,783,2,25.93420023872912
353,1091,783,4,10.241109598832232
353,1229,783,3,18.841160835534616
353,535,783,1,11.620421645142477
353,1013,885,2,3.46869779664105
353,1229,1102,1,3.8392690799482057
353,1276,917,1,16.804080761168354
353,931,834,3,10.694040075602611
353,1229,1276,2,3.959637309104105
353,1276,1102,2,4.836798739646007
353,931,783,4,18.3740064075405
353,885,882,2,2.852794790784161
353,849,855,1,5.706192977162224
353,849,783,2,21.903135562742808
353,535,834,1,8.012842951904279
353,965,1229,1,8.77672016628073
353,882,1091,1,7.965381677815221
353,1276,882,1,12.01740314095659
353,931,885,1,3.0617002345235647
353,708,882,1,4.837510953567602
353,834,1013,1,8.005172893624191
353,1435,1276,1,13.12435356350428
353,1091,535,1,14.734241785551282
353,1398,1435,1,5.805514364498899
353,1013,965,1,4.881725510082577
353,783,882,1,12.561839638690564
353,783,1276,1,22.606377139254327
353,783,965,1,10.498093903671007
353,1068,783,1,26.525178301273773
354,965,882,1,3.616965677313317
354,882,931,1,5.812636165404913
354,882,1182,1,7.841474878454721
354,882,834,2,4.883195120135012
354,885,965,1,6.123119155303686
354,1102,931,1,4.548251915941359
354,1102,834,1,11.614659746948035
354,965,834,1,3.83986736177262
354,882,1068,1,14.033707701296978
354,1276,783,1,22.606377139254327
354,1276,1229,1,3.959637309104105
354,834,882,1,4.883195120135012
354,834,1182,1,9.674230674179531
354,885,783,1,15.378166398318458
354,1091,783,1,10.241109598832232
354,566,834,1,11.619599142411865
354,1106,1102,2,3.80171314717607
354,1106,1229,1,6.605818539698737
354,535,1229,1,18.68368505463088
354,1013,1182,1,5.283249325636405
354,783,359,1,12.499801205497114
354,783,1013,1,15.308499342485224
354,1229,783,1,18.841160835534616
355,1182,783,2,15.175538880502293
355,931,1102,1,4.548251915941359
355,1013,783,1,15.308499342485224
355,931,885,1,3.0617002345235647
355,1182,1229,1,3.960024365898536
355,882,708,1,4.837510953567602
355,882,834,1,4.883195120135012
355,1276,783,1,22.606377139254327
355,1276,1229,1,3.959637309104105
355,834,535,1,8.012842951904279
355,834,783,3,7.689481736045675
355,359,783,2,12.499801205497114
355,1435,834,1,15.596269779590257
355,885,535,1,10.569431103772471
355,1102,882,1,7.314751476768936
355,566,659,1,7.02219411294688
355,783,834,2,7.689481736045675
355,672,783,1,17.445012141301472
355,965,882,1,3.616965677313317
356,659,783,1,5.809594285895007
356,535,834,2,8.012842951904279
356,708,885,1,6.511469320496247
356,1068,783,1,26.525178301273773
356,882,885,1,2.852794790784161
356,882,1091,1,7.965381677815221
356,917,965,1,4.882215518422521
356,834,917,1,3.617203703030827
356,885,931,1,3.0617002345235647
356,1102,885,1,5.875878565174106
356,1102,1229,1,3.8392690799482057
356,783,834,1,7.689481736045675
356,783,885,1,15.378166398318458
357,708,783,4,10.697285568723771
357,659,783,2,5.809594285895007
357,882,783,5,12.561839638690564
357,931,882,5,5.812636165404913
357,1091,834,2,6.739095652327052
357,1398,783,1,19.874616662347663
357,931,783,2,18.3740064075405
357,1398,882,1,13.343391197346763
357,849,855,2,5.706192977162224
357,965,783,4,10.498093903671007
357,659,834,2,5.284552964469467
357,849,885,1,6.749102957431653
357,849,1068,1,6.736061142863373
357,1013,1182,2,5.283249325636405
357,965,834,3,3.83986736177262
357,1276,1229,2,3.959637309104105
357,1182,1276,2,7.919661523440269
357,1435,783,1,17.957022310236383
357,885,834,2,7.688685710981335
357,1398,1091,1,9.6478124773512
357,535,783,1,11.620421645142477
357,1013,885,2,3.46869779664105
357,965,882,2,3.616965677313317
357,882,885,1,2.852794790784161
357,1276,1106,2,4.836798739645476
357,855,849,1,5.706192977162224
357,931,834,1,10.694040075602611
357,834,708,2,4.389831624444016
357,834,659,1,5.284552964469467
357,834,783,1,7.689481736045675
357,885,882,1,2.852794790784161
357,885,672,1,5.876204136119103
357,1091,1182,1,5.24631154396119
357,1091,885,1,10.203820878312005
357,1102,783,1,18.800951364959644
357,566,659,1,7.02219411294688
357,535,708,1,4.548441137468074
357,783,882,1,12.561839638690564
357,783,708,1,10.697285568723771
357,783,834,2,7.689481736045675
357,783,885,1,15.378166398318458
357,783,659,1,5.809594285895007
357,783,1013,1,15.308499342485224
357,1229,1398,1,5.282433425576492
358,1182,783,2,15.175538880502293
358,882,834,2,4.883195120135012
358,1276,1102,2,4.836798739646007
358,1091,708,1,10.705966675099036
358,882,965,1,3.616965677313317
358,834,882,1,4.883195120135012
358,855,535,2,19.680889460132743
358,1182,1091,1,5.24631154396119
358,708,965,1,6.739138237495128
358,834,659,1,5.284552964469467
358,834,783,1,7.689481736045675
358,885,882,1,2.852794790784161
358,885,708,2,6.511469320496247
358,885,834,1,7.688685710981335
358,659,834,1,5.284552964469467
358,1398,783,1,19.874616662347663
358,783,708,1,10.697285568723771
358,783,834,1,7.689481736045675
358,672,885,1,5.876204136119103
358,1068,783,1,26.525178301273773
359,535,783,1,11.620421645142477
359,1102,1229,1,3.8392690799482057
359,882,1102,2,7.314751476768936
359,917,783,1,5.8083597500151045
359,708,783,1,10.697285568723771
359,834,885,1,7.688685710981335
359,834,783,2,7.689481736045675
359,834,965,1,3.83986736177262
359,1091,1013,1,7.92275625179966
359,1102,931,1,4.548251915941359
359,1106,1276,1,4.836798739645476
359,1106,931,1,5.283575443416337
359,535,359,1,5.855067293961566
359,1013,1102,1,3.616251246210677
359,783,1276,2,22.606377139254327
359,783,1182,1,15.175538880502293
359,783,834,1,7.689481736045675
359,783,1013,1,15.308499342485224
359,783,1229,1,18.841160835534616
359,965,1106,1,11.884713829537391
359,965,783,1,10.498093903671007
359,1229,1276,1,3.959637309104105
360,1276,783,3,22.606377139254327
360,1102,1229,1,3.8392690799482057
360,1276,1229,1,3.959637309104105
360,1013,659,1,13.022203254976295
360,882,708,1,4.837510953567602
360,931,882,1,5.812636165404913
360,931,659,1,14.893741670685255
360,1182,783,1,15.175538880502293
360,834,931,1,10.694040075602611
360,834,659,1,5.284552964469467
360,834,965,1,3.83986736177262
360,359,708,1,10.088438580081291
360,885,931,2,3.0617002345235647
360,885,783,1,15.378166398318458
360,659,783,1,5.809594285895007
360,1013,885,1,3.46869779664105
360,783,882,1,12.561839638690564
360,783,917,1,5.8083597500151045
360,783,708,1,10.697285568723771
360,783,834,1,7.689481736045675
360,783,535,1,11.620421645142477
360,965,1398,1,11.479089287938937
361,931,849,2,4.4061387562478425
361,535,783,3,11.620421645142477
361,965,1091,1,4.388654712140797
361,1091,965,1,4.388654712140797
361,1182,1398,1,5.640321895106829
361,672,965,1,10.884705359638655
361,965,1182,2,5.875748248781206
361,965,1013,1,4.881725510082577
361,359,783,1,12.499801205497114
361,1091,931,1,12.243987029703826
361,1091,783,1,10.241109598832232
361,1370,783,1,30.28578929187396
361,1182,1013,2,5.283249325636405
361,1091,834,1,6.739095652327052
361,965,882,1,3.616965677313317
361,965,834,1,3.83986736177262
361,1068,849,1,6.736061142863373
361,1068,783,1,26.525178301273773
361,882,708,1,4.837510953567602
361,882,834,1,4.883195120135012
361,882,783,1,12.561839638690564
361,917,965,1,4.882215518422521
361,931,1276,1,8.946223146223524
361,931,359,1,19.02514721551251
361,931,783,1,18.3740064075405
361,834,708,1,4.389831624444016
361,834,783,1,7.689481736045675
361,885,834,1,7.688685710981335
361,885,1013,1,3.46869779664105
361,1102,783,1,18.800951364959644
361,566,783,1,5.876334276322891
361,849,882,1,9.574606006915822
361,1013,849,1,8.811582411969269
361,783,1182,1,15.175538880502293
361,783,659,2,5.809594285895007
361,1229,1106,1,6.605818539698737
362,1182,849,1,13.728760504847472
362,1013,965,1,4.881725510082577
362,1182,834,1,9.674230674179531
362,834,659,1,5.284552964469467
362,1013,1106,1,7.015517581545067
362,882,834,2,4.883195120135012
362,1276,965,1,12.284417645367478
362,1182,783,1,15.175538880502293
362,708,834,1,4.389831624444016
362,708,783,1,10.697285568723771
362,834,708,1,4.389831624444016
362,834,783,2,7.689481736045675
362,1091,783,1,10.241109598832232
362,1106,1013,1,7.015517581545067
362,1013,1182,1,5.283249325636405
362,783,882,1,12.561839638690564
362,783,1276,2,22.606377139254327
362,783,359,1,12.499801205497114
362,783,965,1,10.498093903671007
362,783,1068,1,26.525178301273773
362,965,882,1,3.616965677313317
362,965,708,1,6.739138237495128
362,965,885,1,6.123119155303686
362,965,1102,1,8.304116264398273
363,882,931,1,5.812636165404913
363,1276,783,1,22.606377139254327
363,834,965,1,3.83986736177262
363,1102,1229,1,3.8392690799482057
363,882,1013,1,3.839767699909249
363,1276,1106,1,4.836798739645476
363,1182,1229,1,3.960024365898536
363,708,834,1,4.389831624444016
363,834,882,1,4.883195120135012
363,834,1091,1,6.739095652327052
363,834,783,1,7.689481736045675
363,885,783,1,15.378166398318458
363,659,834,1,5.284552964469467
363,1013,882,1,3.839767699909249
363,783,1182,1,15.175538880502293
363,783,566,1,5.876334276322891
363,783,965,1,10.498093903671007
363,783,1068,2,26.525178301273773
363,965,834,1,3.83986736177262
363,965,1106,1,11.884713829537391
364,566,834,1,11.619599142411865
364,882,885,1,2.852794790784161
364,1182,1276,1,7.919661523440269
364,1091,783,1,10.241109598832232
364,882,931,1,5.812636165404913
364,708,659,1,5.815596432206299
364,708,535,1,4.548441137468074
364,708,965,1,6.739138237495128
364,834,783,3,7.689481736045675
364,659,708,1,5.815596432206299
364,1013,834,1,8.005172893624191
364,783,834,2,7.689481736045675
364,783,359,1,12.499801205497114
364,783,885,1,15.378166398318458
364,783,1229,1,18.841160835534616
364,965,885,2,6.123119155303686
364,965,783,1,10.498093903671007
364,1068,783,1,26.525178301273773
365,885,1102,1,5.875878565174106
365,535,708,2,4.548441137468074
365,535,359,1,5.855067293961566
365,1276,1102,3,4.836798739646007
365,885,882,3,2.852794790784161
365,885,931,2,3.0617002345235647
365,1102,1013,1,3.616251246210677
365,535,783,2,11.620421645142477
365,1276,1229,1,3.959637309104105
365,882,834,3,4.883195120135012
365,834,882,3,4.883195120135012
365,834,783,5,7.689481736045675
365,1435,783,1,17.957022310236383
365,885,1182,1,8.662721360426067
365,885,1229,1,8.89559413156451
365,535,882,2,9.342211452816104
365,882,1398,1,13.343391197346763
365,931,834,1,10.694040075602611
365,708,885,1,6.511469320496247
365,359,535,1,5.855067293961566
365,885,1013,1,3.46869779664105
365,1091,965,1,4.388654712140797
365,1102,783,1,18.800951364959644
365,1013,965,1,4.881725510082577
365,783,917,1,5.8083597500151045
365,783,834,3,7.689481736045675
365,783,659,1,5.809594285895007
365,965,783,1,10.498093903671007
365,1068,783,1,26.525178301273773
365,1229,783,1,18.841160835534616
366,1102,931,1,4.548251915941359
366,882,885,5,2.852794790784161
366,834,885,1,7.688685710981335
366,1102,1106,1,3.80171314717607
366,1013,783,1,15.308499342485224
366,882,834,2,4.883195120135012
366,882,535,1,9.342211452816104
366,917,783,1,5.8083597500151045
366,931,1106,1,5.283575443416337
366,1182,1229,1,3.960024365898536
366,708,931,1,9.423506251261468
366,708,834,1,4.389831624444016
366,834,917,1,3.617203703030827
366,834,783,1,7.689481736045675
366,885,783,1,15.378166398318458
366,659,834,1,5.284552964469467
366,659,535,1,5.810827883107414
366,849,931,1,4.4061387562478425
366,535,783,1,11.620421645142477
366,783,882,1,12.561839638690564
366,783,708,1,10.697285568723771
366,783,834,3,7.689481736045675
366,783,885,1,15.378166398318458
366,783,1091,1,10.241109598832232
366,783,965,1,10.498093903671007
366,783,1229,1,18.841160835534616
366,965,882,1,3.616965677313317
366,965,1091,1,4.388654712140797
367,1091,783,2,10.241109598832232
367,882,783,1,12.561839638690564
367,882,965,1,3.616965677313317
367,1276,1102,1,4.836798739646007
367,917,783,1,5.8083597500151045
367,931,885,1,3.0617002345235647
367,931,1102,1,4.548251915941359
367,931,849,1,4.4061387562478425
367,931,783,1,18.3740064075405
367,708,834,1,4.389831624444016
367,708,885,1,6.511469320496247
367,834,882,1,4.883195120135012
367,834,659,1,5.284552964469467
367,834,783,3,7.689481736045675
367,834,965,1,3.83986736177262
367,359,783,1,12.499801205497114
367,1102,783,1,18.800951364959644
367,1106,1276,1,4.836798739645476
367,535,783,1,11.620421645142477
367,1013,1102,1,3.616251246210677
367,783,882,1,12.561839638690564
367,783,834,2,7.689481736045675
367,783,1102,1,18.800951364959644
367,783,965,2,10.498093903671007
367,965,1229,1,8.77672016628073
368,965,783,2,10.498093903671007
368,882,931,1,5.812636165404913
368,882,834,1,4.883195120135012
368,849,672,1,6.511836392511076
368,1276,1229,1,3.959637309104105
368,931,882,1,5.812636165404913
368,834,882,1,4.883195120135012
368,834,659,1,5.284552964469467
368,834,1102,1,11.614659746948035
368,834,783,2,7.689481736045675
368,885,1102,1,5.875878565174106
368,535,849,1,14.6134281539242
368,783,1013,1,15.308499342485224
368,965,834,2,3.83986736177262
368,1229,882,1,9.341474227178574
368,1229,849,1,12.017793437809017
369,1013,783,1,15.308499342485224
369,672,965,1,10.884705359638655
369,965,882,1,3.616965677313317
369,882,965,1,3.616965677313317
369,917,783,1,5.8083597500151045
369,855,708,1,17.44323648533522
369,1091,783,1,10.241109598832232
369,965,1370,5,19.81745132026361
369,708,882,1,4.837510953567602
369,834,1106,1,14.888705663916236
369,885,834,1,7.688685710981335
369,885,535,1,10.569431103772471
369,885,783,1,15.378166398318458
369,659,882,1,9.424155624926374
369,1398,885,1,13.644566108710274
369,783,882,1,12.561839638690564
369,783,708,1,10.697285568723771
369,783,659,1,5.809594285895007
369,783,566,1,5.876334276322891
369,783,849,1,21.903135562742808
369,783,535,1,11.620421645142477
369,783,1229,1,18.841160835534616
370,708,783,1,10.697285568723771
370,882,834,2,4.883195120135012
370,882,885,1,2.852794790784161
370,882,535,1,9.342211452816104
370,931,783,1,18.3740064075405
370,708,885,1,6.511469320496247
370,834,882,2,4.883195120135012
370,834,659,2,5.284552964469467
370,885,834,1,7.688685710981335
370,659,965,1,9.121352246650094
370,849,783,1,21.903135562742808
370,1013,882,1,3.839767699909249
370,783,917,1,5.8083597500151045
370,783,708,1,10.697285568723771
370,783,566,1,5.876334276322891
370,672,535,1,8.311483007291683
370,965,1091,2,4.388654712140797
370,1229,882,1,9.341474227178574
370,1229,783,1,18.841160835534616
371,917,783,1,5.8083597500151045
371,834,882,2,4.883195120135012
371,834,783,1,7.689481736045675
371,885,882,1,2.852794790784161
371,885,1091,1,10.203820878312005
371,1091,783,2,10.241109598832232
371,882,885,2,2.852794790784161
371,882,965,1,3.616965677313317
371,708,882,1,4.837510953567602
371,1102,882,1,7.314751476768936
371,1102,885,1,5.875878565174106
371,849,931,1,4.4061387562478425
371,849,1229,1,12.017793437809017
371,783,882,2,12.561839638690564
371,783,1276,1,22.606377139254327
371,783,708,1,10.697285568723771
371,783,834,1,7.689481736045675
371,783,672,1,17.445012141301472
371,783,1068,1,26.525178301273773
371,965,931,1,8.628970001760946
371,1229,1398,1,5.282433425576492
371,1229,783,1,18.841160835534616
372,885,708,1,6.511469320496247
372,931,849,1,4.4061387562478425
372,708,885,1,6.511469320496247
372,834,708,1,4.389831624444016
372,885,931,1,3.0617002345235647
372,882,1276,1,12.01740314095659
372,882,783,3,12.561839638690564
372,882,965,2,3.616965677313317
372,882,1229,1,9.341474227178574
372,1276,931,1,8.946223146223524
372,931,834,1,10.694040075602611
372,885,1106,1,7.965381677815221
372,1102,1229,1,3.8392690799482057
372,1106,783,1,22.318447076891776
372,783,882,1,12.561839638690564
372,783,834,2,7.689481736045675
372,783,659,1,5.809594285895007
372,672,882,1,7.316385892068044
372,965,783,1,10.498093903671007
372,1229,1102,1,3.8392690799482057
373,917,783,1,5.8083597500151045
373,1276,783,2,22.606377139254327
373,1182,1229,2,3.960024365898536
373,708,834,2,4.389831624444016
373,1296,783,1,13.644692409583532
373,965,834,1,3.83986736177262
373,1276,965,1,12.284417645367478
373,931,885,2,3.0617002345235647
373,1182,1398,1,5.640321895106829
373,1182,783,1,15.175538880502293
373,834,783,3,7.689481736045675
373,708,783,3,10.697285568723771
373,834,708,1,4.389831624444016
373,834,659,2,5.284552964469467
373,834,849,1,14.265481524111957
373,1013,1182,1,5.283249325636405
373,1013,885,1,3.46869779664105
373,965,855,1,18.37212697718332
373,1182,1102,1,6.120304815079837
373,708,1102,1,12.01896382682808
373,834,882,1,4.883195120135012
373,834,535,1,8.012842951904279
373,882,834,1,4.883195120135012
373,882,885,2,2.852794790784161
373,931,783,1,18.3740064075405
373,885,1102,1,5.875878565174106
373,659,834,1,5.284552964469467
373,1091,1013,1,7.92275625179966
373,849,1068,1,6.736061142863373
373,535,834,1,8.012842951904279
373,783,882,1,12.561839638690564
373,783,659,1,5.809594285895007
373,783,535,1,11.620421645142477
373,1229,1276,1,3.959637309104105
374,885,882,2,2.852794790784161
374,885,834,1,7.688685710981335
374,882,834,1,4.883195120135012
374,882,659,1,9.424155624926374
374,931,708,1,9.423506251261468
374,1182,1229,1,3.960024365898536
374,708,659,1,5.815596432206299
374,708,1229,1,14.16486062369625
374,834,917,1,3.617203703030827
374,834,1102,1,11.614659746948035
374,834,965,1,3.83986736177262
374,834,1229,1,12.569063966979074
374,359,783,1,12.499801205497114
374,885,931,1,3.0617002345235647
374,849,931,1,4.4061387562478425
374,535,917,1,11.080361971095948
374,783,834,1,7.689481736045675
374,783,965,2,10.498093903671007
374,965,882,2,3.616965677313317
374,965,1013,1,4.881725510082577
375,882,885,1,2.852794790784161
375,931,882,1,5.812636165404913
375,1276,849,1,11.479314497557898
375,917,783,2,5.8083597500151045
375,931,885,1,3.0617002345235647
375,834,882,1,4.883195120135012
375,834,885,1,7.688685710981335
375,834,659,1,5.284552964469467
375,834,1229,1,12.569063966979074
375,1102,1276,1,4.836798739646007
375,783,834,1,7.689481736045675
375,783,659,3,5.809594285895007
375,965,931,2,8.628970001760946
375,965,1398,1,11.479089287938937
375,1229,783,1,18.841160835534616
376,882,834,1,4.883195120135012
376,882,885,1,2.852794790784161
376,882,659,1,9.424155624926374
376,882,535,1,9.342211452816104
376,882,783,1,12.561839638690564
376,855,1068,1,5.87594370452583
376,931,849,1,4.4061387562478425
376,931,1068,1,8.304853837171269
376,708,359,1,10.088438580081291
376,834,708,2,4.389831624444016
376,834,965,1,3.83986736177262
376,885,1013,2,3.46869779664105
376,659,535,1,5.810827883107414
376,1102,931,1,4.548251915941359
376,1106,965,1,11.884713829537391
376,783,931,2,18.3740064075405
376,783,708,1,10.697285568723771
376,783,885,1,15.378166398318458
376,783,659,1,5.809594285895007
376,783,1091,2,10.241109598832232
376,783,566,1,5.876334276322891
376,783,965,1,10.498093903671007
376,1370,849,1,14.16435382667801
376,1229,965,1,8.77672016628073
377,1182,1276,1,7.919661523440269
377,1296,535,1,23.524303755138025
377,1182,1013,1,5.283249325636405
377,882,965,1,3.616965677313317
377,1182,882,1,7.841474878454721
377,834,882,4,4.883195120135012
377,834,659,1,5.284552964469467
377,1091,1229,1,9.180034524729397
377,672,931,1,6.73915242731767
377,965,882,2,3.616965677313317
377,965,834,2,3.83986736177262
377,882,783,1,12.561839638690564
377,1276,1229,1,3.959637309104105
377,931,1102,1,4.548251915941359
377,885,882,1,2.852794790784161
377,659,965,1,9.121352246650094
377,1102,1229,1,3.8392690799482057
377,849,931,2,4.4061387562478425
377,849,672,1,6.511836392511076
377,1106,1276,1,4.836798739645476
377,1013,882,1,3.839767699909249
377,783,508,1,25.93420023872912
377,783,566,1,5.876334276322891
377,783,535,1,11.620421645142477
377,783,1013,1,15.308499342485224
378,882,672,1,7.316385892068044
378,834,1398,1,15.216349824005198
378,834,849,1,14.265481524111957
378,882,834,4,4.883195120135012
378,931,882,1,5.812636165404913
378,931,885,1,3.0617002345235647
378,931,849,1,4.4061387562478425
378,708,917,1,7.967110892206104
378,708,834,1,4.389831624444016
378,885,834,1,7.688685710981335
378,659,783,1,5.809594285895007
378,1013,931,1,4.405443882921528
378,1013,1182,1,5.283249325636405
378,783,708,1,10.697285568723771
378,783,1229,1,18.841160835534616
378,965,1091,1,4.388654712140797
378,965,1229,1,8.77672016628073
378,1229,849,1,12.017793437809017
379,834,931,2,10.694040075602611
379,834,566,1,11.619599142411865
379,834,535,1,8.012842951904279
379,834,783,1,7.689481736045675
379,834,672,1,10.50082625207165
379,1182,1091,1,5.24631154396119
379,849,882,1,9.574606006915822
379,882,931,1,5.812636165404913
379,882,885,1,2.852794790784161
379,882,659,1,9.424155624926374
379,882,672,1,7.316385892068044
379,1276,1229,1,3.959637309104105
379,931,885,1,3.0617002345235647
379,708,882,1,4.837510953567602
379,708,535,1,4.548441137468074
379,659,965,1,9.121352246650094
379,1102,965,1,8.304116264398273
379,783,882,1,12.561839638690564
379,783,566,1,5.876334276322891
379,783,849,1,21.903135562742808
379,783,535,2,11.620421645142477
379,783,965,1,10.498093903671007
379,783,1229,1,18.841160835534616
379,965,882,1,3.616965677313317
379,965,834,1,3.83986736177262
379,965,1435,1,12.559207082683258
379,965,783,1,10.498093903671007
379,1068,849,1,6.736061142863373
379,1229,885,1,8.89559413156451
379,1229,783,1,18.841160835534616
380,965,1013,1,4.881725510082577
380,882,834,2,4.883195120135012
380,882,1013,1,3.839767699909249
380,1276,1229,1,3.959637309104105
380,931,882,2,5.812636165404913
380,708,535,1,4.548441137468074
380,834,708,1,4.389831624444016
380,885,931,1,3.0617002345235647
380,885,1013,1,3.46869779664105
380,885,783,1,15.378166398318458
380,885,965,1,6.123119155303686
380,849,1102,1,8.191991396325179
380,535,708,1,4.548441137468074
380,1013,882,1,3.839767699909249
380,1013,1106,1,7.015517581545067
380,783,359,1,12.499801205497114
380,783,659,1,5.809594285895007
380,783,535,1,11.620421645142477
380,783,965,1,10.498093903671007
380,965,1091,1,4.388654712140797
380,1229,783,1,18.841160835534616
381,834,965,3,3.83986736177262
381,1182,965,1,5.875748248781206
381,834,882,5,4.883195120135012
381,834,659,2,5.284552964469467
381,1102,1229,2,3.8392690799482057
381,1106,1102,1,3.80171314717607
381,708,1102,1,12.01896382682808
381,834,931,1,10.694040075602611
381,1102,708,1,12.01896382682808
381,1102,849,1,8.191991396325179
381,1106,1229,1,6.605818539698737
381,882,885,1,2.852794790784161
381,882,1398,1,13.343391197346763
381,931,1229,1,8.28950012214804
381,708,1068,1,17.624551847596877
381,885,965,1,6.123119155303686
381,659,708,1,5.815596432206299
381,1102,885,1,5.875878565174106
381,849,1102,1,8.191991396325179
381,1106,882,1,10.203820878312005
381,1013,882,2,3.839767699909249
381,1013,885,1,3.46869779664105
381,783,882,1,12.561839638690564
381,783,1091,1,10.241109598832232
381,783,672,1,17.445012141301472
381,965,882,1,3.616965677313317
381,965,1435,1,12.559207082683258
382,882,834,1,4.883195120135012
382,882,885,1,2.852794790784161
382,1276,1091,1,13.129287540581574
382,931,659,1,14.893741670685255
382,931,1229,1,8.28950012214804
382,783,659,2,5.809594285895007
382,783,1091,1,10.241109598832232
382,783,1102,1,18.800951364959644
382,783,1106,1,22.318447076891776
382,965,1013,1,4.881725510082577
382,1229,1182,1,3.960024365898536
383,1182,965,1,5.875748248781206
383,834,1068,1,18.901027647971706
383,1106,1013,1,7.015517581545067
383,882,931,1,5.812636165404913
383,882,885,2,2.852794790784161
383,359,535,1,5.855067293961566
383,885,882,1,2.852794790784161
383,885,1182,1,8.662721360426067
383,659,849,1,17.69046303867574
383,783,708,1,10.697285568723771
383,783,834,2,7.689481736045675
383,783,965,1,10.498093903671007
383,965,882,2,3.616965677313317
383,965,849,1,12.803650760757485
383,1229,1398,1,5.282433425576492
384,834,708,1,4.389831624444016
384,834,1013,1,8.005172893624191
384,882,672,1,7.316385892068044
384,931,849,1,4.4061387562478425
384,885,1182,1,8.662721360426067
384,885,672,3,5.876204136119103
384,659,882,1,9.424155624926374
384,1091,1102,1,10.454710779351652
384,783,882,1,12.561839638690564
384,783,855,1,27.60378823743443
384,1229,1102,1,3.8392690799482057
385,1276,1102,1,4.836798739646007
385,1276,1068,1,8.66943360865319
385,834,882,1,4.883195120135012
385,834,931,1,10.694040075602611
385,834,659,1,5.284552964469467
385,885,849,1,6.749102957431653
385,885,1013,1,3.46869779664105
385,882,885,2,2.852794790784161
385,1182,1091,1,5.24631154396119
385,708,834,1,4.389831624444016
385,1013,1182,1,5.283249325636405
385,783,965,1,10.498093903671007
385,965,1013,1,4.881725510082577
385,1068,931,1,8.304853837171269
386,885,882,1,2.852794790784161
386,882,708,1,4.837510953567602
386,882,834,1,4.883195120135012
386,882,965,1,3.616965677313317
386,882,1229,1,9.341474227178574
386,708,535,1,4.548441137468074
386,834,535,1,8.012842951904279
386,885,1013,1,3.46869779664105
386,659,708,1,5.815596432206299
386,1013,931,1,4.405443882921528
386,1013,885,1,3.46869779664105
386,783,1091,1,10.241109598832232
386,965,882,1,3.616965677313317
387,1013,965,1,4.881725510082577
387,965,917,1,4.882215518422521
387,1229,1398,1,5.282433425576492
388,1102,1106,1,3.80171314717607
388,1102,965,1,8.304116264398273
388,965,1013,1,4.881725510082577
389,1106,1276,1,4.836798739645476
389,965,1091,1,4.388654712140797
389,882,885,1,2.852794790784161
389,882,1106,1,10.203820878312005
389,965,1013,1,4.881725510082577
393,1182,783,1,15.175538880502293
393,1102,783,1,18.800951364959644
393,535,783,1,11.620421645142477
393,1013,708,1,8.663428210145081
394,508,783,1,25.93420023872912
394,834,783,1,7.689481736045675
394,566,783,1,5.876334276322891
394,1229,783,2,18.841160835534616
395,1276,783,1,22.606377139254327
395,931,783,1,18.3740064075405
395,708,783,2,10.697285568723771
395,1091,783,1,10.241109598832232
395,1398,783,1,19.874616662347663
395,535,783,3,11.620421645142477
395,1013,783,1,15.308499342485224
395,672,882,1,7.316385892068044
396,882,1013,1,3.839767699909249
396,1182,783,1,15.175538880502293
396,708,783,3,10.697285568723771
396,1435,882,1,15.539169801979478
396,885,783,1,15.378166398318458
396,659,783,4,5.809594285895007
396,1091,783,2,10.241109598832232
396,566,783,3,5.876334276322891
396,535,359,1,5.855067293961566
396,535,783,2,11.620421645142477
396,672,783,1,17.445012141301472
396,1068,783,2,26.525178301273773
397,1276,849,1,11.479314497557898
397,965,783,8,10.498093903671007
397,1276,1229,1,3.959637309104105
397,1182,783,1,15.175538880502293
397,834,783,4,7.689481736045675
397,1229,783,2,18.841160835534616
397,882,783,1,12.561839638690564
397,931,783,1,18.3740064075405
397,708,1276,1,16.79773773026525
397,885,783,1,15.378166398318458
397,1091,535,1,14.734241785551282
397,1102,783,1,18.800951364959644
397,849,783,1,21.903135562742808
397,535,783,1,11.620421645142477
397,1013,885,1,3.46869779664105
397,672,783,1,17.445012141301472
397,1068,783,1,26.525178301273773
398,1276,783,1,22.606377139254327
398,882,1276,1,12.01740314095659
398,931,783,1,18.3740064075405
398,931,672,1,6.73915242731767
398,885,965,1,6.123119155303686
398,849,882,1,9.574606006915822
398,1106,1276,1,4.836798739645476
398,535,783,2,11.620421645142477
398,1013,783,1,15.308499342485224
398,1229,1276,1,3.959637309104105
399,1276,1106,2,4.836798739645476
399,1276,783,1,22.606377139254327
399,965,882,1,3.616965677313317
399,882,834,1,4.883195120135012
399,917,783,1,5.8083597500151045
399,849,783,1,21.903135562742808
399,535,708,1,4.548441137468074
399,535,783,2,11.620421645142477
399,672,783,1,17.445012141301472
400,882,783,1,12.561839638690564
400,834,965,1,3.83986736177262
400,1106,783,1,22.318447076891776
400,855,885,1,12.412669367198909
400,359,708,1,10.088438580081291
400,1106,882,1,10.203820878312005
401,965,783,4,10.498093903671007
401,834,783,7,7.689481736045675
401,508,783,2,25.93420023872912
401,659,783,3,5.809594285895007
401,882,783,3,12.561839638690564
401,931,882,2,5.812636165404913
401,1182,783,3,15.175538880502293
401,508,849,1,9.342303526294996
401,885,849,1,6.749102957431653
401,1091,783,4,10.241109598832232
401,1102,885,1,5.875878565174106
401,1013,882,1,3.839767699909249
401,1013,1182,1,5.283249325636405
401,1229,1276,2,3.959637309104105
401,1229,834,1,12.569063966979074
401,1229,783,4,18.841160835534616
401,931,834,2,10.694040075602611
401,931,885,2,3.0617002345235647
401,834,885,1,7.688685710981335
401,885,1182,2,8.662721360426067
401,885,783,1,15.378166398318458
401,535,885,1,10.569431103772471
401,931,855,1,9.765900232263595
401,931,708,1,9.423506251261468
401,931,849,1,4.4061387562478425
401,1182,1091,1,5.24631154396119
401,1182,1013,1,5.283249325636405
401,885,931,1,3.0617002345235647
401,885,708,1,6.511469320496247
401,1091,1182,1,5.24631154396119
401,1106,1276,1,4.836798739645476
401,1013,1229,1,5.640389822593795
401,1229,917,1,13.03447967117419
401,882,834,1,4.883195120135012
401,834,535,1,8.012842951904279
401,885,965,1,6.123119155303686
401,1398,834,1,15.216349824005198
401,1102,1182,1,6.120304815079837
401,849,834,1,14.265481524111957
401,672,783,1,17.445012141301472
401,965,882,1,3.616965677313317
401,1068,1370,1,7.841426035905807
401,1068,1229,1,11.360488351411393
402,834,708,1,4.389831624444016
402,882,1276,1,12.01740314095659
402,1276,882,1,12.01740314095659
402,1276,1182,1,7.919661523440269
402,1276,1102,1,4.836798739646007
402,1013,783,1,15.308499342485224
402,882,508,1,15.909684277714634
402,882,834,2,4.883195120135012
402,917,783,1,5.8083597500151045
402,931,855,1,9.765900232263595
402,1182,885,1,8.662721360426067
402,1182,1091,1,5.24631154396119
402,708,783,1,10.697285568723771
402,834,882,2,4.883195120135012
402,834,783,3,7.689481736045675
402,885,882,1,2.852794790784161
402,1091,1182,1,5.24631154396119
402,566,783,1,5.876334276322891
402,849,708,3,11.8916662824573
402,535,1106,1,18.41773778392903
402,783,917,1,5.8083597500151045
402,783,834,1,7.689481736045675
402,783,849,1,21.903135562742808
402,965,708,1,6.739138237495128
402,1229,783,1,18.841160835534616
403,1102,1276,1,4.836798739646007
403,1276,783,1,22.606377139254327
403,508,855,1,9.342303526295408
403,834,1370,1,23.22436838511163
403,849,882,1,9.574606006915822
403,1106,1276,1,4.836798739645476
403,882,931,1,5.812636165404913
403,882,659,1,9.424155624926374
403,882,783,1,12.561839638690564
403,1182,1013,1,5.283249325636405
403,708,783,2,10.697285568723771
403,834,882,1,4.883195120135012
403,834,1182,1,9.674230674179531
403,783,708,1,10.697285568723771
403,783,834,1,7.689481736045675
403,783,1068,1,26.525178301273773
404,1068,783,1,26.525178301273773
404,1276,783,1,22.606377139254327
404,931,965,1,8.628970001760946
404,659,783,1,5.809594285895007
404,834,1102,1,11.614659746948035
404,882,885,1,2.852794790784161
404,882,783,1,12.561839638690564
404,1276,1068,1,8.66943360865319
404,917,965,1,4.882215518422521
404,885,882,2,2.852794790784161
404,1091,783,1,10.241109598832232
404,1013,965,1,4.881725510082577
404,783,882,1,12.561839638690564
404,783,1276,1,22.606377139254327
404,783,708,1,10.697285568723771
404,1229,1182,1,3.960024365898536
405,508,783,1,25.93420023872912
405,1068,783,2,26.525178301273773
405,1102,1276,1,4.836798739646007
405,1276,783,5,22.606377139254327
405,849,834,2,14.265481524111957
405,535,834,1,8.012842951904279
405,1013,783,1,15.308499342485224
405,672,783,3,17.445012141301472
405,965,882,2,3.616965677313317
405,965,1276,1,12.284417645367478
405,965,1182,1,5.875748248781206
405,931,885,2,3.0617002345235647
405,931,783,3,18.3740064075405
405,965,834,1,3.83986736177262
405,931,882,1,5.812636165404913
405,508,849,1,9.342303526294996
405,834,783,7,7.689481736045675
405,566,783,2,5.876334276322891
405,535,783,3,11.620421645142477
405,1013,849,1,8.811582411969269
405,965,783,4,10.498093903671007
405,849,855,1,5.706192977162224
405,849,1013,1,8.811582411969269
405,965,1013,1,4.881725510082577
405,1229,783,2,18.841160835534616
405,882,1276,1,12.01740314095659
405,882,834,2,4.883195120135012
405,882,783,1,12.561839638690564
405,1276,855,1,14.029505033457104
405,1182,1229,1,3.960024365898536
405,708,659,1,5.815596432206299
405,885,834,1,7.688685710981335
405,1102,783,1,18.800951364959644
405,783,1276,1,22.606377139254327
405,783,834,2,7.689481736045675
405,783,535,1,11.620421645142477
405,783,672,1,17.445012141301472
405,965,931,1,8.628970001760946
406,834,783,6,7.689481736045675
406,882,1102,2,7.314751476768936
406,1276,1229,1,3.959637309104105
406,659,783,1,5.809594285895007
406,882,783,1,12.561839638690564
406,1276,1102,1,4.836798739646007
406,931,882,1,5.812636165404913
406,1182,1106,1,9.760018472127422
406,708,849,1,11.8916662824573
406,834,882,1,4.883195120135012
406,834,535,1,8.012842951904279
406,834,965,1,3.83986736177262
406,1435,783,1,17.957022310236383
406,885,882,2,2.852794790784161
406,885,931,1,3.0617002345235647
406,849,885,1,6.749102957431653
406,783,882,1,12.561839638690564
406,783,917,1,5.8083597500151045
406,783,1013,1,15.308499342485224
406,672,849,1,6.511836392511076
407,1102,1276,1,4.836798739646007
407,931,885,1,3.0617002345235647
407,1106,1229,1,6.605818539698737
407,882,834,1,4.883195120135012
407,882,1091,1,7.965381677815221
407,1182,882,1,7.841474878454721
407,885,882,1,2.852794790784161
407,1102,1013,1,3.616251246210677
407,535,1091,1,14.734241785551282
407,783,882,1,12.561839638690564
407,783,834,3,7.689481736045675
407,783,965,2,10.498093903671007
407,965,882,1,3.616965677313317
407,965,834,1,3.83986736177262
407,1229,783,2,18.841160835534616
408,1091,1182,1,5.24631154396119
408,834,659,1,5.284552964469467
408,834,783,3,7.689481736045675
408,834,965,1,3.83986736177262
408,1091,783,1,10.241109598832232
408,1068,783,1,26.525178301273773
408,882,931,1,5.812636165404913
408,882,708,1,4.837510953567602
408,882,1013,1,3.839767699909249
408,882,783,1,12.561839638690564
408,882,965,1,3.616965677313317
408,1276,882,1,12.01740314095659
408,1276,783,1,22.606377139254327
408,885,1106,1,7.965381677815221
408,849,931,1,4.4061387562478425
408,535,783,1,11.620421645142477
408,1013,882,2,3.839767699909249
408,783,882,1,12.561839638690564
408,783,931,1,18.3740064075405
408,783,566,1,5.876334276322891
408,965,882,2,3.616965677313317
408,1229,783,1,18.841160835534616
409,659,783,5,5.809594285895007
409,1091,1182,2,5.24631154396119
409,1106,834,1,14.888705663916236
409,931,849,2,4.4061387562478425
409,885,783,2,15.378166398318458
409,1398,1182,1,5.640321895106829
409,1106,783,1,22.318447076891776
409,1182,783,1,15.175538880502293
409,708,834,4,4.389831624444016
409,834,882,6,4.883195120135012
409,834,1182,1,9.674230674179531
409,834,708,3,4.389831624444016
409,834,965,1,3.83986736177262
409,885,965,2,6.123119155303686
409,672,885,1,5.876204136119103
409,1229,1102,1,3.8392690799482057
409,659,708,1,5.815596432206299
409,1068,855,1,5.87594370452583
409,882,1276,1,12.01740314095659
409,882,834,1,4.883195120135012
409,882,885,3,2.852794790784161
409,882,783,2,12.561839638690564
409,1276,783,1,22.606377139254327
409,917,783,1,5.8083597500151045
409,931,708,1,9.423506251261468
409,931,885,1,3.0617002345235647
409,931,783,1,18.3740064075405
409,1182,1229,1,3.960024365898536
409,708,783,1,10.697285568723771
409,885,882,1,2.852794790784161
409,1398,965,1,11.479089287938937
409,1102,849,1,8.191991396325179
409,849,1370,1,14.16435382667801
409,1106,855,1,9.423483175173253
409,1013,931,1,4.405443882921528
409,1013,885,1,3.46869779664105
409,783,917,1,5.8083597500151045
409,783,708,1,10.697285568723771
409,783,834,1,7.689481736045675
409,783,1091,1,10.241109598832232
409,1370,783,1,30.28578929187396
409,965,882,1,3.616965677313317
409,1229,1276,1,3.959637309104105
410,885,708,1,6.511469320496247
410,882,931,3,5.812636165404913
410,882,708,3,4.837510953567602
410,708,659,1,5.815596432206299
410,708,965,1,6.739138237495128
410,885,834,1,7.688685710981335
410,882,834,1,4.883195120135012
410,882,885,1,2.852794790784161
410,1276,1106,1,4.836798739645476
410,1276,1229,1,3.959637309104105
410,931,1013,1,4.405443882921528
410,1182,1013,1,5.283249325636405
410,834,882,1,4.883195120135012
410,834,885,1,7.688685710981335
410,834,1013,1,8.005172893624191
410,834,783,2,7.689481736045675
410,834,965,1,3.83986736177262
410,885,882,1,2.852794790784161
410,885,931,1,3.0617002345235647
410,885,1102,1,5.875878565174106
410,885,535,1,10.569431103772471
410,1102,1013,1,3.616251246210677
410,849,931,1,4.4061387562478425
410,1229,783,1,18.841160835534616
411,659,1013,1,13.022203254976295
411,1102,783,1,18.800951364959644
411,931,885,1,3.0617002345235647
411,931,783,1,18.3740064075405
411,1106,882,1,10.203820878312005
411,1013,882,2,3.839767699909249
411,1013,965,2,4.881725510082577
411,882,834,1,4.883195120135012
411,882,965,1,3.616965677313317
411,855,783,1,27.60378823743443
411,1182,783,1,15.175538880502293
411,708,882,1,4.837510953567602
411,708,535,1,4.548441137468074
411,708,783,2,10.697285568723771
411,834,882,1,4.883195120135012
411,834,783,1,7.689481736045675
411,834,1229,1,12.569063966979074
411,885,1013,1,3.46869779664105
411,783,931,1,18.3740064075405
411,783,1182,2,15.175538880502293
411,783,834,2,7.689481736045675
411,783,1013,1,15.308499342485224
411,965,1013,1,4.881725510082577
411,1229,783,1,18.841160835534616
412,1229,1102,1,3.8392690799482057
412,882,783,2,12.561839638690564
412,1013,1182,1,5.283249325636405
412,882,885,3,2.852794790784161
412,834,783,2,7.689481736045675
412,1013,931,1,4.405443882921528
412,931,1276,1,8.946223146223524
412,931,535,1,13.170081658182124
412,931,783,1,18.3740064075405
412,708,882,1,4.837510953567602
412,834,708,1,4.389831624444016
412,885,849,1,6.749102957431653
412,885,1013,1,3.46869779664105
412,1091,1276,1,13.129287540581574
412,1013,882,1,3.839767699909249
412,1013,965,1,4.881725510082577
412,783,834,1,7.689481736045675
412,783,885,1,15.378166398318458
412,965,834,2,3.83986736177262
412,965,1013,1,4.881725510082577
413,1276,931,1,8.946223146223524
413,1276,783,2,22.606377139254327
413,659,834,4,5.284552964469467
413,1102,1106,1,3.80171314717607
413,834,783,7,7.689481736045675
413,1435,1091,7,8.895594131564904
413,885,882,2,2.852794790784161
413,1106,1013,1,7.015517581545067
413,885,783,2,15.378166398318458
413,882,834,2,4.883195120135012
413,834,882,3,4.883195120135012
413,882,885,1,2.852794790784161
413,855,1068,1,5.87594370452583
413,931,1229,2,8.28950012214804
413,708,849,1,11.8916662824573
413,708,783,1,10.697285568723771
413,885,1106,1,7.965381677815221
413,1398,1013,1,10.186376382121452
413,1102,1276,1,4.836798739646007
413,849,672,1,6.511836392511076
413,1013,885,1,3.46869779664105
413,783,834,3,7.689481736045675
413,783,659,2,5.809594285895007
413,783,1091,1,10.241109598832232
413,783,566,1,5.876334276322891
413,1370,849,1,14.16435382667801
413,965,834,1,3.83986736177262
414,1106,1102,1,3.80171314717607
414,882,708,1,4.837510953567602
414,882,885,3,2.852794790784161
414,659,783,2,5.809594285895007
414,1106,1276,1,4.836798739645476
414,1013,659,1,13.022203254976295
414,1068,1370,1,7.841426035905807
414,1229,1276,1,3.959637309104105
414,1435,783,1,17.957022310236383
414,1013,783,1,15.308499342485224
414,882,1013,1,3.839767699909249
414,1276,1091,1,13.129287540581574
414,1276,783,2,22.606377139254327
414,1182,783,1,15.175538880502293
414,834,1182,1,9.674230674179531
414,834,708,1,4.389831624444016
414,834,783,2,7.689481736045675
414,359,535,1,5.855067293961566
414,1091,965,1,4.388654712140797
414,849,1102,1,8.191991396325179
414,535,882,1,9.342211452816104
414,535,672,1,8.311483007291683
414,1013,931,1,4.405443882921528
414,783,882,1,12.561839638690564
414,783,834,1,7.689481736045675
414,1229,783,1,18.841160835534616
415,1013,1102,1,3.616251246210677
415,882,783,1,12.561839638690564
415,708,783,1,10.697285568723771
415,1102,1106,1,3.80171314717607
415,1106,965,1,11.884713829537391
415,882,931,1,5.812636165404913
415,1276,882,1,12.01740314095659
415,1276,1229,1,3.959637309104105
415,931,1102,1,4.548251915941359
415,1182,917,1,9.422487826578177
415,1182,1229,1,3.960024365898536
415,708,885,1,6.511469320496247
415,834,882,1,4.883195120135012
415,834,659,1,5.284552964469467
415,834,783,3,7.689481736045675
415,834,672,1,10.50082625207165
415,659,882,1,9.424155624926374
415,1091,1276,1,13.129287540581574
415,1091,783,1,10.241109598832232
415,1091,965,1,4.388654712140797
415,1102,1229,1,3.8392690799482057
415,535,708,1,4.548441137468074
415,783,834,2,7.689481736045675
415,783,1091,1,10.241109598832232
415,783,672,1,17.445012141301472
415,783,965,1,10.498093903671007
415,965,783,1,10.498093903671007
416,659,834,1,5.284552964469467
416,882,885,3,2.852794790784161
416,931,885,1,3.0617002345235647
416,931,1102,1,4.548251915941359
416,708,659,1,5.815596432206299
416,834,882,2,4.883195120135012
416,834,783,1,7.689481736045675
416,885,931,1,3.0617002345235647
416,885,1106,1,7.965381677815221
416,885,1013,1,3.46869779664105
416,885,965,1,6.123119155303686
416,1102,1091,1,10.454710779351652
416,849,783,1,21.903135562742808
416,783,1091,1,10.241109598832232
416,783,849,1,21.903135562742808
416,783,672,1,17.445012141301472
416,783,965,1,10.498093903671007
416,965,882,1,3.616965677313317
416,965,1182,1,5.875748248781206
416,965,1091,1,4.388654712140797
416,1229,1102,2,3.8392690799482057
416,1229,783,1,18.841160835534616
417,1398,885,1,13.644566108710274
417,708,882,2,4.837510953567602
417,1068,1276,1,8.66943360865319
417,1068,849,1,6.736061142863373
417,1229,1276,2,3.959637309104105
417,882,834,4,4.883195120135012
417,535,783,4,11.620421645142477
417,882,965,2,3.616965677313317
417,882,1106,1,10.203820878312005
417,882,783,1,12.561839638690564
417,1182,882,1,7.841474878454721
417,708,965,1,6.739138237495128
417,834,1229,3,12.569063966979074
417,535,708,1,4.548441137468074
417,1013,783,2,15.308499342485224
417,965,783,1,10.498093903671007
417,1068,783,1,26.525178301273773
417,965,1013,1,4.881725510082577
417,882,885,1,2.852794790784161
417,882,659,1,9.424155624926374
417,931,659,1,14.893741670685255
417,931,849,1,4.4061387562478425
417,1182,783,1,15.175538880502293
417,834,783,3,7.689481736045675
417,885,882,1,2.852794790784161
417,885,931,2,3.0617002345235647
417,1102,1276,1,4.836798739646007
417,783,882,1,12.561839638690564
417,783,885,1,15.378166398318458
417,783,659,1,5.809594285895007
417,783,1091,1,10.241109598832232
417,783,566,1,5.876334276322891
417,783,535,1,11.620421645142477
417,783,672,1,17.445012141301472
417,783,965,1,10.498093903671007
417,672,708,1,6.751878981086827
417,1370,849,1,14.16435382667801
417,965,834,1,3.83986736177262
418,1229,1276,1,3.959637309104105
418,931,783,1,18.3740064075405
418,834,885,2,7.688685710981335
418,535,359,1,5.855067293961566
418,931,855,1,9.765900232263595
418,834,965,3,3.83986736177262
418,1229,1102,1,3.8392690799482057
418,882,834,1,4.883195120135012
418,882,849,1,9.574606006915822
418,885,882,1,2.852794790784161
418,885,1398,1,13.644566108710274
418,885,849,1,6.749102957431653
418,885,1013,1,3.46869779664105
418,849,508,1,9.342303526294996
418,1106,1276,1,4.836798739645476
418,1013,1102,1,3.616251246210677
418,783,834,2,7.689481736045675
418,783,535,1,11.620421645142477
418,672,1013,1,9.341935125969725
418,965,882,1,3.616965677313317
418,965,535,1,11.11949266445603
418,1229,1106,1,6.605818539698737
419,834,882,1,4.883195120135012
419,834,708,1,4.389831624444016
419,882,708,1,4.837510953567602
419,882,965,1,3.616965677313317
419,834,917,1,3.617203703030827
419,885,1013,1,3.46869779664105
419,849,931,1,4.4061387562478425
419,1013,965,2,4.881725510082577
419,783,708,1,10.697285568723771
419,965,882,1,3.616965677313317
419,1229,1276,1,3.959637309104105
420,931,882,1,5.812636165404913
420,882,708,1,4.837510953567602
420,882,885,1,2.852794790784161
420,917,1091,1,4.837115435970083
420,708,834,1,4.389831624444016
420,708,1106,1,14.476051732619457
420,708,535,1,4.548441137468074
420,885,882,1,2.852794790784161
420,885,931,1,3.0617002345235647
420,1091,931,1,12.243987029703826
420,1091,1182,1,5.24631154396119
420,1091,783,1,10.241109598832232
420,1102,1182,1,6.120304815079837
420,535,783,1,11.620421645142477
420,1013,1229,1,5.640389822593795
420,783,882,1,12.561839638690564
420,783,708,1,10.697285568723771
420,783,834,1,7.689481736045675
420,783,535,1,11.620421645142477
420,783,965,1,10.498093903671007
421,834,1229,2,12.569063966979074
421,834,882,3,4.883195120135012
421,834,659,4,5.284552964469467
421,1013,931,2,4.405443882921528
421,931,672,1,6.73915242731767
421,1182,1013,1,5.283249325636405
421,1182,783,2,15.175538880502293
421,1013,1182,1,5.283249325636405
421,1068,783,1,26.525178301273773
421,931,1013,1,4.405443882921528
421,1182,834,1,9.674230674179531
421,1182,1091,1,5.24631154396119
421,1182,1102,1,6.120304815079837
421,834,783,6,7.689481736045675
421,1229,1276,1,3.959637309104105
421,931,885,2,3.0617002345235647
421,1013,882,1,3.839767699909249
421,1013,1102,1,3.616251246210677
421,1013,783,1,15.308499342485224
421,931,882,1,5.812636165404913
421,885,882,1,2.852794790784161
421,659,359,1,7.84162119104212
421,1398,1276,1,7.438993890374081
421,1102,1106,1,3.80171314717607
421,849,882,1,9.574606006915822
421,783,708,1,10.697285568723771
421,783,359,2,12.499801205497114
421,783,849,1,21.903135562742808
421,1229,1106,1,6.605818539698737
422,1102,1229,1,3.8392690799482057
422,849,508,1,9.342303526294996
422,1013,965,1,4.881725510082577
422,882,931,1,5.812636165404913
422,882,708,1,4.837510953567602
422,882,834,1,4.883195120135012
422,882,885,1,2.852794790784161
422,1276,1398,1,7.438993890374081
422,855,1068,1,5.87594370452583
422,931,882,1,5.812636165404913
422,931,885,1,3.0617002345235647
422,1182,885,1,8.662721360426067
422,708,882,1,4.837510953567602
422,708,965,1,6.739138237495128
422,834,535,1,8.012842951904279
422,885,882,1,2.852794790784161
422,885,931,1,3.0617002345235647
422,1106,885,1,7.965381677815221
422,1106,1102,2,3.80171314717607
422,783,917,1,5.8083597500151045
422,783,834,3,7.689481736045675
422,783,359,1,12.499801205497114
422,783,885,1,15.378166398318458
422,672,849,1,6.511836392511076
422,965,882,2,3.616965677313317
422,1229,1102,1,3.8392690799482057
423,931,1106,1,5.283575443416337
423,849,1102,1,8.191991396325179
423,1068,508,1,14.486601263726737
423,882,885,1,2.852794790784161
423,882,783,1,12.561839638690564
423,931,882,1,5.812636165404913
423,1182,1013,1,5.283249325636405
423,708,359,1,10.088438580081291
423,834,882,1,4.883195120135012
423,834,783,1,7.689481736045675
423,834,965,1,3.83986736177262
423,834,1229,1,12.569063966979074
423,885,931,1,3.0617002345235647
423,659,566,1,7.02219411294688
423,659,783,2,5.809594285895007
423,1013,965,1,4.881725510082577
423,783,882,1,12.561839638690564
423,783,931,1,18.3740064075405
423,783,1182,1,15.175538880502293
423,783,834,2,7.689481736045675
423,783,885,1,15.378166398318458
423,783,566,1,5.876334276322891
423,783,535,1,11.620421645142477
423,965,882,1,3.616965677313317
423,965,1013,1,4.881725510082577
423,1229,1276,1,3.959637309104105
424,834,359,1,12.378619633278529
424,965,882,1,3.616965677313317
424,965,834,1,3.83986736177262
424,882,834,1,4.883195120135012
424,882,885,2,2.852794790784161
424,882,965,1,3.616965677313317
424,931,783,1,18.3740064075405
424,931,1068,1,8.304853837171269
424,834,535,1,8.012842951904279
424,885,882,1,2.852794790784161
424,885,834,1,7.688685710981335
424,1398,1229,1,5.282433425576492
424,535,708,1,4.548441137468074
424,1013,882,1,3.839767699909249
424,783,882,1,12.561839638690564
424,783,931,1,18.3740064075405
424,783,1091,1,10.241109598832232
424,783,1102,1,18.800951364959644
425,834,1091,2,6.739095652327052
425,834,708,5,4.389831624444016
425,931,849,3,4.4061387562478425
425,834,1435,11,15.596269779590257
425,834,659,2,5.284552964469467
425,849,1068,1,6.736061142863373
425,965,834,2,3.83986736177262
425,931,882,1,5.812636165404913
425,849,508,1,9.342303526294996
425,849,834,1,14.265481524111957
425,882,834,1,4.883195120135012
425,882,1102,1,7.314751476768936
425,882,849,1,9.574606006915822
425,882,965,1,3.616965677313317
425,1182,1102,1,6.120304815079837
425,708,1102,1,12.01896382682808
425,708,535,1,4.548441137468074
425,834,882,3,4.883195120135012
425,659,708,1,5.815596432206299
425,1091,1102,1,10.454710779351652
425,535,834,1,8.012842951904279
425,1013,965,1,4.881725510082577
425,783,708,1,10.697285568723771
425,783,885,2,15.378166398318458
425,965,882,1,3.616965677313317
426,834,1068,1,18.901027647971706
426,708,882,1,4.837510953567602
426,834,535,2,8.012842951904279
426,834,965,1,3.83986736177262
426,849,708,1,11.8916662824573
426,965,931,1,8.628970001760946
426,882,659,1,9.424155624926374
426,882,965,1,3.616965677313317
426,931,849,1,4.4061387562478425
426,708,535,1,4.548441137468074
426,834,882,1,4.883195120135012
426,885,1068,1,11.364565785437158
426,659,834,1,5.284552964469467
426,1102,1229,1,3.8392690799482057
426,1106,1276,1,4.836798739645476
426,535,708,1,4.548441137468074
426,783,508,1,25.93420023872912
426,783,359,1,12.499801205497114
426,783,1091,1,10.241109598832232
426,783,566,1,5.876334276322891
426,783,1106,1,22.318447076891776
426,783,1013,1,15.308499342485224
426,965,882,1,3.616965677313317
426,1229,1102,1,3.8392690799482057
427,882,834,1,4.883195120135012
427,882,885,2,2.852794790784161
427,882,1102,1,7.314751476768936
427,882,849,1,9.574606006915822
427,882,965,2,3.616965677313317
427,1276,1106,1,4.836798739645476
427,931,1013,1,4.405443882921528
427,834,917,1,3.617203703030827
427,1102,1106,1,3.80171314717607
427,1102,1229,1,3.8392690799482057
427,1013,1398,1,10.186376382121452
427,783,882,1,12.561839638690564
427,783,917,1,5.8083597500151045
427,783,834,1,7.689481736045675
427,783,359,1,12.499801205497114
427,783,659,1,5.809594285895007
427,783,535,1,11.620421645142477
427,783,965,1,10.498093903671007
427,965,1091,1,4.388654712140797
427,965,1102,1,8.304116264398273
428,1013,1091,1,7.92275625179966
428,882,708,1,4.837510953567602
428,708,882,1,4.837510953567602
428,834,849,1,14.265481524111957
428,834,1229,1,12.569063966979074
428,885,882,1,2.852794790784161
428,885,508,1,13.808114395759947
428,1398,965,1,11.479089287938937
428,1102,931,1,4.548251915941359
428,1102,1013,1,3.616251246210677
428,1102,1229,1,3.8392690799482057
428,849,931,1,4.4061387562478425
428,849,672,1,6.511836392511076
428,535,1229,2,18.68368505463088
428,783,1182,1,15.175538880502293
428,783,1102,1,18.800951364959644
428,783,1106,1,22.318447076891776
428,783,535,2,11.620421645142477
428,965,882,2,3.616965677313317
428,1229,834,1,12.569063966979074
429,1370,855,1,13.377197086368376
429,931,885,1,3.0617002345235647
429,1182,1229,1,3.960024365898536
429,834,882,4,4.883195120135012
429,834,965,5,3.83986736177262
429,855,885,1,12.412669367198909
429,931,855,1,9.765900232263595
429,931,849,1,4.4061387562478425
429,965,1091,1,4.388654712140797
429,965,849,1,12.803650760757485
429,965,783,1,10.498093903671007
429,965,359,1,16.025733255011108
429,882,834,1,4.883195120135012
429,882,885,1,2.852794790784161
429,882,1102,1,7.314751476768936
429,931,834,1,10.694040075602611
429,931,672,1,6.73915242731767
429,708,882,1,4.837510953567602
429,885,672,1,5.876204136119103
429,1102,882,1,7.314751476768936
429,783,931,1,18.3740064075405
429,783,359,2,12.499801205497114
429,783,535,2,11.620421645142477
429,783,965,1,10.498093903671007
429,783,1068,1,26.525178301273773
429,1229,1106,1,6.605818539698737
430,855,849,1,5.706192977162224
430,834,849,1,14.265481524111957
430,885,1013,1,3.46869779664105
430,882,931,1,5.812636165404913
430,882,508,1,15.909684277714634
430,882,1013,1,3.839767699909249
430,1276,1229,1,3.959637309104105
430,931,882,1,5.812636165404913
430,1182,882,1,7.841474878454721
430,885,965,1,6.123119155303686
430,1102,882,1,7.314751476768936
430,1102,708,1,12.01896382682808
430,1106,1276,1,4.836798739645476
430,1013,882,1,3.839767699909249
430,783,882,1,12.561839638690564
430,783,931,1,18.3740064075405
430,783,834,1,7.689481736045675
430,783,885,2,15.378166398318458
430,783,659,1,5.809594285895007
430,783,1398,1,19.874616662347663
430,783,566,1,5.876334276322891
430,783,1229,2,18.841160835534616
430,965,1182,1,5.875748248781206
430,965,885,1,6.123119155303686
430,1068,855,2,5.87594370452583
431,834,1068,1,18.901027647971706
431,882,931,1,5.812636165404913
431,882,708,1,4.837510953567602
431,882,885,1,2.852794790784161
431,882,965,1,3.616965677313317
431,708,535,1,4.548441137468074
431,834,965,1,3.83986736177262
431,1398,965,1,11.479089287938937
431,1102,1106,1,3.80171314717607
431,1013,849,1,8.811582411969269
431,783,1182,1,15.175538880502293
431,783,708,1,10.697285568723771
431,783,834,1,7.689481736045675
431,783,1013,1,15.308499342485224
431,783,965,1,10.498093903671007
431,965,1091,1,4.388654712140797
431,1229,1106,1,6.605818539698737
432,834,931,1,10.694040075602611
432,882,931,2,5.812636165404913
432,882,708,1,4.837510953567602
432,882,885,1,2.852794790784161
432,882,672,1,7.316385892068044
432,931,882,1,5.812636165404913
432,931,834,1,10.694040075602611
432,885,882,2,2.852794790784161
432,885,1013,1,3.46869779664105
432,885,672,1,5.876204136119103
432,783,535,1,11.620421645142477
432,965,1106,1,11.884713829537391
433,834,931,2,10.694040075602611
433,834,882,3,4.883195120135012
433,834,708,2,4.389831624444016
433,882,965,2,3.616965677313317
433,882,1182,1,7.841474878454721
433,882,885,1,2.852794790784161
433,1276,1102,1,4.836798739646007
433,708,931,1,9.423506251261468
433,885,1398,1,13.644566108710274
433,672,535,1,8.311483007291683
434,882,708,1,4.837510953567602
434,882,885,1,2.852794790784161
434,882,1013,2,3.839767699909249
434,931,659,1,14.893741670685255
434,1182,1398,1,5.640321895106829
434,708,359,1,10.088438580081291
434,885,1013,1,3.46869779664105
434,1091,917,1,4.837115435970083
434,1013,882,1,3.839767699909249
434,965,1091,1,4.388654712140797
435,882,965,1,3.616965677313317
435,931,1102,1,4.548251915941359
435,885,931,1,3.0617002345235647
435,885,535,1,10.569431103772471
435,659,834,1,5.284552964469467
435,1102,1229,1,3.8392690799482057
435,849,855,1,5.706192977162224
436,834,659,1,5.284552964469467
436,659,834,1,5.284552964469467
436,1102,1091,1,10.454710779351652
437,834,1229,1,12.569063966979074
437,834,708,1,4.389831624444016
437,882,672,1,7.316385892068044
437,882,965,1,3.616965677313317
441,882,849,1,9.574606006915822
441,882,931,2,5.812636165404913
441,882,965,2,3.616965677313317
441,1013,1102,1,3.616251246210677
442,1182,783,1,15.175538880502293
442,1091,783,1,10.241109598832232
442,1398,1102,1,9.118728510486134
442,1398,783,1,19.874616662347663
442,535,783,1,11.620421645142477
442,965,783,2,10.498093903671007
443,708,783,1,10.697285568723771
443,508,783,1,25.93420023872912
443,834,783,1,7.689481736045675
443,659,783,2,5.809594285895007
443,1102,1398,1,9.118728510486134
443,566,783,1,5.876334276322891
443,849,783,1,21.903135562742808
443,535,783,1,11.620421645142477
443,783,659,1,5.809594285895007
443,672,783,2,17.445012141301472
444,1398,783,1,19.874616662347663
444,1276,1106,1,4.836798739645476
444,1276,1229,1,3.959637309104105
444,917,783,1,5.8083597500151045
444,931,783,3,18.3740064075405
444,1182,783,1,15.175538880502293
444,708,783,4,10.697285568723771
444,508,783,1,25.93420023872912
444,359,783,1,12.499801205497114
444,1435,783,1,17.957022310236383
444,659,783,2,5.809594285895007
444,1091,783,1,10.241109598832232
444,1102,1013,1,3.616251246210677
444,1102,783,1,18.800951364959644
444,535,882,1,9.342211452816104
444,965,1013,1,4.881725510082577
444,1068,783,1,26.525178301273773
444,1068,672,1,13.168317290084476
444,1229,1013,1,5.640389822593795
444,1229,783,2,18.841160835534616
445,882,1013,1,3.839767699909249
445,882,783,2,12.561839638690564
445,1398,783,1,19.874616662347663
445,834,783,1,7.689481736045675
445,659,783,1,5.809594285895007
445,1013,1276,1,8.190822817543284
445,965,783,2,10.498093903671007
445,1276,1106,2,4.836798739645476
445,931,849,1,4.4061387562478425
445,1182,917,1,9.422487826578177
445,359,783,1,12.499801205497114
445,885,882,1,2.852794790784161
445,849,931,1,4.4061387562478425
445,1013,882,1,3.839767699909249
445,783,931,1,18.3740064075405
445,1229,783,2,18.841160835534616
446,1276,783,1,22.606377139254327
446,931,1106,1,5.283575443416337
446,882,535,1,9.342211452816104
446,917,783,1,5.8083597500151045
446,931,849,1,4.4061387562478425
446,508,849,1,9.342303526294996
446,359,783,1,12.499801205497114
446,1091,783,1,10.241109598832232
446,566,783,1,5.876334276322891
446,849,783,2,21.903135562742808
446,1106,1276,1,4.836798739645476
446,1106,783,1,22.318447076891776
446,535,783,1,11.620421645142477
446,1013,783,1,15.308499342485224
446,1068,783,1,26.525178301273773
447,882,834,1,4.883195120135012
447,1276,834,1,15.929463663685272
447,359,783,1,12.499801205497114
447,849,885,1,6.749102957431653
447,1106,783,2,22.318447076891776
447,535,783,1,11.620421645142477
447,1013,783,1,15.308499342485224
448,834,783,1,7.689481736045675
448,885,849,1,6.749102957431653
448,834,882,1,4.883195120135012
448,882,965,1,3.616965677313317
448,1435,1276,1,13.12435356350428
448,849,1106,1,6.739095652327052
448,849,783,2,21.903135562742808
448,535,834,1,8.012842951904279
448,535,783,1,11.620421645142477
448,1013,885,1,3.46869779664105
448,783,882,1,12.561839638690564
449,1398,783,1,19.874616662347663
449,1276,783,6,22.606377139254327
449,1182,783,4,15.175538880502293
449,834,783,8,7.689481736045675
449,659,783,3,5.809594285895007
449,965,783,8,10.498093903671007
449,1276,1182,5,7.919661523440269
449,931,783,3,18.3740064075405
449,1091,783,1,10.241109598832232
449,1102,1276,1,4.836798739646007
449,1229,783,2,18.841160835534616
449,931,882,2,5.812636165404913
449,931,672,1,6.73915242731767
449,708,783,1,10.697285568723771
449,1102,1229,1,3.8392690799482057
449,965,834,1,3.83986736177262
449,917,882,1,7.68788945836583
449,931,885,1,3.0617002345235647
449,1068,783,1,26.525178301273773
449,1229,1182,1,3.960024365898536
449,882,931,1,5.812636165404913
449,882,708,1,4.837510953567602
449,882,834,1,4.883195120135012
449,855,783,1,27.60378823743443
449,708,882,1,4.837510953567602
449,834,965,1,3.83986736177262
449,359,783,1,12.499801205497114
449,885,917,1,10.518632362833186
449,849,931,1,4.4061387562478425
449,849,1106,1,6.739095652327052
449,1106,1229,1,6.605818539698737
449,535,783,1,11.620421645142477
449,783,917,1,5.8083597500151045
449,783,885,1,15.378166398318458
449,672,783,1,17.445012141301472
450,834,783,1,7.689481736045675
450,931,834,1,10.694040075602611
450,708,1276,1,16.79773773026525
450,882,783,2,12.561839638690564
450,1276,1398,1,7.438993890374081
450,885,931,1,3.0617002345235647
450,1229,1276,1,3.959637309104105
450,1229,1091,1,9.180034524729397
450,882,885,1,2.852794790784161
450,882,1102,1,7.314751476768936
450,931,783,1,18.3740064075405
450,834,1370,1,23.22436838511163
450,1435,965,1,12.559207082683258
450,885,783,1,15.378166398318458
450,783,834,3,7.689481736045675
450,783,659,1,5.809594285895007
450,672,535,1,8.311483007291683
450,965,885,1,6.123119155303686
450,965,783,1,10.498093903671007
451,834,783,2,7.689481736045675
451,885,882,1,2.852794790784161
451,1091,1182,1,5.24631154396119
451,965,882,1,3.616965677313317
451,1276,1102,1,4.836798739646007
451,1276,1068,1,8.66943360865319
451,917,1182,1,9.422487826578177
451,917,783,1,5.8083597500151045
451,931,1182,1,9.422487826577225
451,1182,834,1,9.674230674179531
451,834,882,1,4.883195120135012
451,834,1182,1,9.674230674179531
451,885,783,1,15.378166398318458
451,659,834,1,5.284552964469467
451,1106,1276,1,4.836798739645476
451,535,834,1,8.012842951904279
451,783,917,1,5.8083597500151045
451,783,834,1,7.689481736045675
452,834,783,2,7.689481736045675
452,882,783,1,12.561839638690564
452,1068,783,1,26.525178301273773
452,882,834,1,4.883195120135012
452,882,885,1,2.852794790784161
452,1276,1106,1,4.836798739645476
452,1182,566,1,20.48358851335075
452,834,882,1,4.883195120135012
452,834,659,1,5.284552964469467
452,1398,885,1,13.644566108710274
452,1102,1106,1,3.80171314717607
452,783,1182,1,15.175538880502293
452,783,708,1,10.697285568723771
452,783,659,2,5.809594285895007
453,834,783,7,7.689481736045675
453,659,783,3,5.809594285895007
453,882,783,3,12.561839638690564
453,1276,1229,3,3.959637309104105
453,885,882,5,2.852794790784161
453,1091,1182,1,5.24631154396119
453,672,834,1,10.50082625207165
453,1229,834,1,12.569063966979074
453,931,882,1,5.812636165404913
453,849,855,1,5.706192977162224
453,849,885,1,6.749102957431653
453,1013,783,4,15.308499342485224
453,1229,1182,1,3.960024365898536
453,931,885,1,3.0617002345235647
453,931,1068,1,8.304853837171269
453,1229,1102,1,3.8392690799482057
453,931,834,1,10.694040075602611
453,931,783,1,18.3740064075405
453,885,783,1,15.378166398318458
453,849,834,1,14.265481524111957
453,965,882,1,3.616965677313317
453,965,783,4,10.498093903671007
453,882,834,1,4.883195120135012
453,708,1182,4,12.26833953852524
453,885,931,1,3.0617002345235647
453,1106,1102,1,3.80171314717607
453,1106,1229,1,6.605818539698737
453,535,882,1,9.342211452816104
453,1013,882,1,3.839767699909249
453,783,834,2,7.689481736045675
454,834,783,3,7.689481736045675
454,882,1182,1,7.841474878454721
454,882,359,1,14.913468445035848
454,1229,783,1,18.841160835534616
454,882,931,1,5.812636165404913
454,917,783,1,5.8083597500151045
454,855,849,1,5.706192977162224
454,931,834,1,10.694040075602611
454,1182,1276,1,7.919661523440269
454,1182,834,1,9.674230674179531
454,1182,1013,1,5.283249325636405
454,508,783,1,25.93420023872912
454,885,882,1,2.852794790784161
454,659,965,1,9.121352246650094
454,1106,1276,1,4.836798739645476
454,783,659,1,5.809594285895007
454,1229,1276,1,3.959637309104105
455,931,783,1,18.3740064075405
455,882,834,2,4.883195120135012
455,882,885,3,2.852794790784161
455,882,965,1,3.616965677313317
455,1276,783,2,22.606377139254327
455,1182,783,1,15.175538880502293
455,1182,1229,1,3.960024365898536
455,834,882,1,4.883195120135012
455,885,882,1,2.852794790784161
455,659,783,2,5.809594285895007
455,1102,882,1,7.314751476768936
455,566,783,1,5.876334276322891
455,1013,1102,1,3.616251246210677
455,783,882,26,12.561839638690564
455,783,834,1,7.689481736045675
455,965,882,1,3.616965677313317
456,882,708,1,4.837510953567602
456,882,834,1,4.883195120135012
456,882,783,1,12.561839638690564
456,1276,783,1,22.606377139254327
456,834,882,1,4.883195120135012
456,834,1182,1,9.674230674179531
456,834,708,1,4.389831624444016
456,834,783,1,7.689481736045675
456,834,1370,1,23.22436838511163
456,885,882,1,2.852794790784161
456,885,931,1,3.0617002345235647
456,659,885,1,11.84843418422244
456,783,359,1,12.499801205497114
456,783,566,1,5.876334276322891
456,783,535,1,11.620421645142477
456,783,1013,1,15.308499342485224
456,783,965,3,10.498093903671007
456,783,1229,1,18.841160835534616
456,965,1013,1,4.881725510082577
456,1229,1102,1,3.8392690799482057
457,1013,931,2,4.405443882921528
457,1013,1182,1,5.283249325636405
457,1013,1229,2,5.640389822593795
457,708,882,2,4.837510953567602
457,965,834,3,3.83986736177262
457,708,834,4,4.389831624444016
457,1091,1276,1,13.129287540581574
457,931,885,6,3.0617002345235647
457,1091,783,3,10.241109598832232
457,1398,1435,1,5.805514364498899
457,1398,1091,1,9.6478124773512
457,535,783,2,11.620421645142477
457,1013,882,2,3.839767699909249
457,965,783,5,10.498093903671007
457,931,849,1,4.4061387562478425
457,708,965,1,6.739138237495128
457,672,882,1,7.316385892068044
457,931,708,1,9.423506251261468
457,708,783,2,10.697285568723771
457,659,783,3,5.809594285895007
457,535,659,1,5.810827883107414
457,1013,885,2,3.46869779664105
457,1013,1102,1,3.616251246210677
457,965,882,1,3.616965677313317
457,882,834,1,4.883195120135012
457,882,535,1,9.342211452816104
457,882,1013,1,3.839767699909249
457,1276,1106,1,4.836798739645476
457,931,834,2,10.694040075602611
457,1182,783,2,15.175538880502293
457,834,783,2,7.689481736045675
457,885,882,1,2.852794790784161
457,659,359,1,7.84162119104212
457,1106,885,1,7.965381677815221
457,783,882,1,12.561839638690564
457,783,508,1,25.93420023872912
457,783,834,1,7.689481736045675
457,783,659,2,5.809594285895007
457,672,885,1,5.876204136119103
457,1370,783,1,30.28578929187396
457,1229,1276,1,3.959637309104105
458,931,783,2,18.3740064075405
458,1276,783,1,22.606377139254327
458,659,708,1,5.815596432206299
458,659,834,2,5.284552964469467
458,1091,1182,1,5.24631154396119
458,1106,965,1,11.884713829537391
458,965,885,1,6.123119155303686
458,882,885,1,2.852794790784161
458,1276,882,1,12.01740314095659
458,1182,783,1,15.175538880502293
458,834,783,4,7.689481736045675
458,882,1182,1,7.841474878454721
458,882,1102,1,7.314751476768936
458,708,834,1,4.389831624444016
458,834,882,3,4.883195120135012
458,834,659,1,5.284552964469467
458,834,965,1,3.83986736177262
458,834,1229,1,12.569063966979074
458,885,882,2,2.852794790784161
458,885,931,1,3.0617002345235647
458,885,783,1,15.378166398318458
458,1102,1276,1,4.836798739646007
458,1102,1106,1,3.80171314717607
458,849,931,1,4.4061387562478425
458,1013,708,1,8.663428210145081
458,1013,1229,1,5.640389822593795
458,783,882,1,12.561839638690564
458,783,834,1,7.689481736045675
458,783,659,1,5.809594285895007
458,783,1091,1,10.241109598832232
458,783,849,1,21.903135562742808
458,783,535,1,11.620421645142477
458,783,965,2,10.498093903671007
458,783,1229,1,18.841160835534616
458,1370,783,1,30.28578929187396
458,1229,783,3,18.841160835534616
459,931,1229,1,8.28950012214804
459,1182,783,1,15.175538880502293
459,931,672,1,6.73915242731767
459,659,783,2,5.809594285895007
459,965,882,1,3.616965677313317
459,965,783,2,10.498093903671007
459,882,708,1,4.837510953567602
459,1276,783,1,22.606377139254327
459,708,882,1,4.837510953567602
459,708,783,1,10.697285568723771
459,834,882,1,4.883195120135012
459,834,1182,1,9.674230674179531
459,834,783,2,7.689481736045675
459,834,965,1,3.83986736177262
459,885,931,1,3.0617002345235647
459,885,1229,1,8.89559413156451
459,1091,834,1,6.739095652327052
459,1102,1106,1,3.80171314717607
459,849,931,1,4.4061387562478425
459,849,535,1,14.6134281539242
459,783,882,1,12.561839638690564
459,783,1182,1,15.175538880502293
459,783,708,1,10.697285568723771
459,783,359,1,12.499801205497114
459,783,885,1,15.378166398318458
459,783,1013,1,15.308499342485224
459,965,708,1,6.739138237495128
459,1068,855,1,5.87594370452583
460,672,1013,1,9.341935125969725
460,855,535,1,19.680889460132743
460,834,708,1,4.389831624444016
460,1013,965,1,4.881725510082577
460,882,834,2,4.883195120135012
460,882,885,1,2.852794790784161
460,882,1229,1,9.341474227178574
460,931,885,2,3.0617002345235647
460,1182,1102,1,6.120304815079837
460,1182,1013,1,5.283249325636405
460,708,535,1,4.548441137468074
460,708,783,2,10.697285568723771
460,885,931,1,3.0617002345235647
460,885,834,1,7.688685710981335
460,885,783,1,15.378166398318458
460,1102,1106,1,3.80171314717607
460,1106,1276,1,4.836798739645476
460,535,708,1,4.548441137468074
460,535,359,1,5.855067293961566
460,783,917,1,5.8083597500151045
460,783,1182,1,15.175538880502293
460,783,1091,1,10.241109598832232
460,783,1013,1,15.308499342485224
460,965,834,1,3.83986736177262
460,1229,1398,1,5.282433425576492
460,1229,1013,1,5.640389822593795
460,1229,783,2,18.841160835534616
461,672,708,1,6.751878981086827
461,1276,882,2,12.01740314095659
461,917,783,4,5.8083597500151045
461,917,1182,1,9.422487826578177
461,917,834,1,3.617203703030827
461,672,783,1,17.445012141301472
461,855,783,3,27.60378823743443
461,849,783,1,21.903135562742808
461,1013,1182,1,5.283249325636405
461,708,882,2,4.837510953567602
461,834,1106,1,14.888705663916236
461,834,783,7,7.689481736045675
461,834,965,3,3.83986736177262
461,659,834,2,5.284552964469467
461,1091,783,1,10.241109598832232
461,1091,965,1,4.388654712140797
461,1398,1276,1,7.438993890374081
461,672,882,1,7.316385892068044
461,965,708,1,6.739138237495128
461,965,783,1,10.498093903671007
461,882,1276,1,12.01740314095659
461,1276,1106,1,4.836798739645476
461,931,882,1,5.812636165404913
461,708,834,1,4.389831624444016
461,1102,1106,1,3.80171314717607
461,1106,783,1,22.318447076891776
461,535,931,1,13.170081658182124
461,535,834,1,8.012842951904279
461,535,783,1,11.620421645142477
461,1013,1276,1,8.190822817543284
461,1013,834,1,8.005172893624191
461,1013,1106,1,7.015517581545067
461,783,917,12,5.8083597500151045
461,783,1182,1,15.175538880502293
461,783,834,1,7.689481736045675
461,783,659,1,5.809594285895007
461,783,1398,1,19.874616662347663
461,783,965,2,10.498093903671007
461,783,1229,1,18.841160835534616
461,965,1106,1,11.884713829537391
461,1229,1276,1,3.959637309104105
461,1229,1091,1,9.180034524729397
462,882,885,2,2.852794790784161
462,1276,1182,1,7.919661523440269
462,834,659,2,5.284552964469467
462,882,834,1,4.883195120135012
462,882,965,1,3.616965677313317
462,1276,1106,1,4.836798739645476
462,1276,783,1,22.606377139254327
462,917,834,1,3.617203703030827
462,931,885,1,3.0617002345235647
462,708,834,1,4.389831624444016
462,708,783,1,10.697285568723771
462,834,882,2,4.883195120135012
462,834,783,3,7.689481736045675
462,885,882,1,2.852794790784161
462,885,783,1,15.378166398318458
462,885,965,1,6.123119155303686
462,659,708,1,5.815596432206299
462,1091,1182,1,5.24631154396119
462,1091,783,1,10.241109598832232
462,1106,1276,1,4.836798739645476
462,1013,834,1,8.005172893624191
462,783,708,2,10.697285568723771
462,783,834,1,7.689481736045675
462,783,659,2,5.809594285895007
462,965,882,1,3.616965677313317
462,1229,1068,1,11.360488351411393
463,834,708,1,4.389831624444016
463,659,783,2,5.809594285895007
463,834,965,3,3.83986736177262
463,1068,783,1,26.525178301273773
463,882,965,2,3.616965677313317
463,1276,1102,1,4.836798739646007
463,917,965,1,4.882215518422521
463,1182,1013,1,5.283249325636405
463,834,931,1,10.694040075602611
463,659,708,2,5.815596432206299
463,1106,1102,1,3.80171314717607
463,783,882,2,12.561839638690564
463,783,917,1,5.8083597500151045
463,783,834,1,7.689481736045675
463,783,659,1,5.809594285895007
463,783,849,1,21.903135562742808
463,783,535,1,11.620421645142477
463,783,965,1,10.498093903671007
463,965,1091,1,4.388654712140797
464,834,535,1,8.012842951904279
464,1091,885,1,10.203820878312005
464,1102,931,1,4.548251915941359
464,1102,1182,1,6.120304815079837
464,882,1276,1,12.01740314095659
464,882,931,1,5.812636165404913
464,882,708,1,4.837510953567602
464,882,885,1,2.852794790784161
464,882,965,1,3.616965677313317
464,1276,834,1,15.929463663685272
464,931,882,1,5.812636165404913
464,1182,783,1,15.175538880502293
464,708,882,1,4.837510953567602
464,708,931,1,9.423506251261468
464,359,659,1,7.84162119104212
464,885,882,2,2.852794790784161
464,659,783,1,5.809594285895007
464,849,1102,1,8.191991396325179
464,1106,1102,1,3.80171314717607
464,1106,1068,1,4.880745078525951
464,783,931,1,18.3740064075405
464,783,834,1,7.689481736045675
464,783,659,1,5.809594285895007
464,783,1091,2,10.241109598832232
464,783,566,1,5.876334276322891
464,783,965,1,10.498093903671007
464,965,834,1,3.83986736177262
464,965,783,1,10.498093903671007
465,849,783,1,21.903135562742808
465,1068,834,1,18.901027647971706
465,834,885,3,7.688685710981335
465,834,1229,1,12.569063966979074
465,849,931,3,4.4061387562478425
465,1370,783,4,30.28578929187396
465,855,783,1,27.60378823743443
465,834,659,1,5.284552964469467
465,834,783,5,7.689481736045675
465,1091,965,1,4.388654712140797
465,1091,783,2,10.241109598832232
465,1102,1106,2,3.80171314717607
465,672,849,2,6.511836392511076
465,1068,855,1,5.87594370452583
465,1068,783,1,26.525178301273773
465,1229,783,2,18.841160835534616
465,882,885,2,2.852794790784161
465,882,659,1,9.424155624926374
465,882,783,1,12.561839638690564
465,882,965,1,3.616965677313317
465,1276,1102,1,4.836798739646007
465,917,834,1,3.617203703030827
465,931,1102,1,4.548251915941359
465,931,1013,1,4.405443882921528
465,1182,1013,1,5.283249325636405
465,1182,1229,1,3.960024365898536
465,708,882,1,4.837510953567602
465,508,708,1,15.31833200998228
465,834,1102,1,11.614659746948035
465,885,849,1,6.749102957431653
465,885,535,1,10.569431103772471
465,885,672,1,5.876204136119103
465,659,834,1,5.284552964469467
465,1013,1276,1,8.190822817543284
465,965,882,2,3.616965677313317
465,965,783,1,10.498093903671007
465,1229,1398,1,5.282433425576492
466,1229,1276,2,3.959637309104105
466,882,834,1,4.883195120135012
466,885,1013,1,3.46869779664105
466,849,965,1,12.803650760757485
466,1013,659,1,13.022203254976295
466,882,885,1,2.852794790784161
466,882,849,1,9.574606006915822
466,931,882,1,5.812636165404913
466,931,708,1,9.423506251261468
466,931,834,1,10.694040075602611
466,708,834,1,4.389831624444016
466,834,783,1,7.689481736045675
466,885,965,1,6.123119155303686
466,659,834,1,5.284552964469467
466,659,783,1,5.809594285895007
466,1102,1229,1,3.8392690799482057
466,849,508,1,9.342303526294996
466,1106,1398,1,11.562838367297022
466,1013,885,1,3.46869779664105
466,783,882,1,12.561839638690564
466,783,708,1,10.697285568723771
466,783,659,2,5.809594285895007
466,783,535,1,11.620421645142477
466,965,834,2,3.83986736177262
467,1229,1276,1,3.959637309104105
467,882,834,1,4.883195120135012
467,1013,1068,1,11.461019980924313
467,882,885,1,2.852794790784161
467,1276,1106,1,4.836798739645476
467,708,783,1,10.697285568723771
467,708,672,1,6.751878981086827
467,708,965,1,6.739138237495128
467,834,659,1,5.284552964469467
467,834,783,1,7.689481736045675
467,834,965,1,3.83986736177262
467,885,882,1,2.852794790784161
467,885,672,1,5.876204136119103
467,885,965,1,6.123119155303686
467,659,834,2,5.284552964469467
467,1102,1106,1,3.80171314717607
467,849,508,1,9.342303526294996
467,1106,882,1,10.203820878312005
467,1106,965,1,11.884713829537391
467,783,535,1,11.620421645142477
467,965,931,1,8.628970001760946
467,965,1106,1,11.884713829537391
467,1068,885,1,11.364565785437158
468,882,834,1,4.883195120135012
468,882,849,1,9.574606006915822
468,1276,882,1,12.01740314095659
468,931,882,2,5.812636165404913
468,834,882,2,4.883195120135012
468,834,931,1,10.694040075602611
468,834,1182,1,9.674230674179531
468,834,659,2,5.284552964469467
468,834,783,1,7.689481736045675
468,1091,965,1,4.388654712140797
468,1398,1229,1,5.282433425576492
468,1102,931,1,4.548251915941359
468,1102,783,1,18.800951364959644
468,849,535,1,14.6134281539242
468,1106,1102,1,3.80171314717607
468,783,882,1,12.561839638690564
468,783,931,1,18.3740064075405
468,672,882,1,7.316385892068044
469,1370,931,1,14.0283994658549
469,1370,834,1,23.22436838511163
469,882,834,1,4.883195120135012
469,882,783,2,12.561839638690564
469,1182,1091,1,5.24631154396119
469,708,882,2,4.837510953567602
469,849,882,1,9.574606006915822
469,849,508,1,9.342303526294996
469,1229,1276,1,3.959637309104105
469,882,1276,1,12.01740314095659
469,882,1102,1,7.314751476768936
469,1276,1229,1,3.959637309104105
469,917,1182,1,9.422487826578177
469,931,834,1,10.694040075602611
469,931,885,1,3.0617002345235647
469,931,849,1,4.4061387562478425
469,1182,882,1,7.841474878454721
469,1182,1398,1,5.640321895106829
469,834,1091,1,6.739095652327052
469,834,1106,1,14.888705663916236
469,885,708,1,6.511469320496247
469,659,783,1,5.809594285895007
469,1106,1102,1,3.80171314717607
469,1013,783,1,15.308499342485224
469,783,834,1,7.689481736045675
469,783,535,1,11.620421645142477
469,965,882,1,3.616965677313317
469,965,1013,1,4.881725510082577
469,965,783,1,10.498093903671007
469,1229,783,1,18.841160835534616
470,708,783,1,10.697285568723771
470,1013,931,1,4.405443882921528
470,834,931,1,10.694040075602611
470,834,849,1,14.265481524111957
470,882,931,1,5.812636165404913
470,882,834,3,4.883195120135012
470,882,885,1,2.852794790784161
470,882,1102,1,7.314751476768936
470,882,965,1,3.616965677313317
470,1276,1068,1,8.66943360865319
470,931,882,1,5.812636165404913
470,931,783,1,18.3740064075405
470,1182,783,1,15.175538880502293
470,834,708,1,4.389831624444016
470,834,659,1,5.284552964469467
470,1435,783,1,17.957022310236383
470,885,659,1,11.84843418422244
470,849,855,1,5.706192977162224
470,849,931,1,4.4061387562478425
470,783,834,1,7.689481736045675
470,783,659,1,5.809594285895007
470,783,566,1,5.876334276322891
470,1068,855,1,5.87594370452583
470,1229,1106,1,6.605818539698737
471,834,882,2,4.883195120135012
471,931,882,3,5.812636165404913
471,834,1102,1,11.614659746948035
471,834,783,1,7.689481736045675
471,885,708,1,6.511469320496247
471,965,882,1,3.616965677313317
471,882,708,1,4.837510953567602
471,882,834,2,4.883195120135012
471,882,885,1,2.852794790784161
471,708,783,1,10.697285568723771
471,659,1091,1,11.28096621772052
471,1091,1013,1,7.92275625179966
471,1102,882,1,7.314751476768936
471,1102,1229,1,3.8392690799482057
471,849,508,1,9.342303526294996
471,783,359,1,12.499801205497114
471,783,1106,1,22.318447076891776
471,783,1229,1,18.841160835534616
472,708,834,1,4.389831624444016
472,834,359,1,12.378619633278529
472,834,885,1,7.688685710981335
472,882,1398,1,13.343391197346763
472,882,1229,1,9.341474227178574
472,1229,1276,1,3.959637309104105
472,882,1102,1,7.314751476768936
472,882,672,1,7.316385892068044
472,882,965,1,3.616965677313317
472,708,535,1,4.548441137468074
472,885,1013,1,3.46869779664105
472,659,882,1,9.424155624926374
472,1398,1276,1,7.438993890374081
472,1102,849,1,8.191991396325179
472,1102,1106,1,3.80171314717607
472,1013,882,1,3.839767699909249
472,783,708,1,10.697285568723771
472,783,359,1,12.499801205497114
472,783,659,1,5.809594285895007
472,783,566,1,5.876334276322891
472,783,1106,1,22.318447076891776
472,783,535,1,11.620421645142477
472,1229,1102,1,3.8392690799482057
473,708,965,1,6.739138237495128
473,885,882,4,2.852794790784161
473,708,882,3,4.837510953567602
473,708,834,1,4.389831624444016
473,965,1013,1,4.881725510082577
473,1229,1182,2,3.960024365898536
473,834,882,2,4.883195120135012
473,834,659,2,5.284552964469467
473,834,965,2,3.83986736177262
473,885,783,2,15.378166398318458
473,849,931,1,4.4061387562478425
473,849,508,1,9.342303526294996
473,1013,965,1,4.881725510082577
473,965,882,2,3.616965677313317
473,965,1106,1,11.884713829537391
473,882,1102,1,7.314751476768936
473,882,672,2,7.316385892068044
473,1276,1182,1,7.919661523440269
473,1276,1106,2,4.836798739645476
473,931,882,1,5.812636165404913
473,1182,1013,1,5.283249325636405
473,659,535,1,5.810827883107414
473,849,885,1,6.749102957431653
473,1106,1229,1,6.605818539698737
473,783,1182,1,15.175538880502293
473,783,708,1,10.697285568723771
473,783,834,1,7.689481736045675
473,783,1102,1,18.800951364959644
473,783,1106,1,22.318447076891776
473,783,965,1,10.498093903671007
473,672,882,1,7.316385892068044
473,1229,1398,1,5.282433425576492
474,1182,931,1,9.422487826577225
474,965,882,4,3.616965677313317
474,882,885,1,2.852794790784161
474,834,359,1,12.378619633278529
474,834,885,2,7.688685710981335
474,882,931,2,5.812636165404913
474,917,1276,1,16.804080761168354
474,931,855,1,9.765900232263595
474,708,535,1,4.548441137468074
474,885,535,1,10.569431103772471
474,1102,1229,1,3.8392690799482057
474,566,783,1,5.876334276322891
474,1106,1229,1,6.605818539698737
474,1013,1276,1,8.190822817543284
474,783,1091,1,10.241109598832232
474,783,535,3,11.620421645142477
474,783,672,1,17.445012141301472
474,783,965,1,10.498093903671007
474,965,885,1,6.123119155303686
475,1276,917,1,16.804080761168354
475,931,849,2,4.4061387562478425
475,931,1182,1,9.422487826577225
475,885,882,1,2.852794790784161
475,882,834,1,4.883195120135012
475,882,965,1,3.616965677313317
475,1276,1229,1,3.959637309104105
475,885,783,1,15.378166398318458
475,1013,1182,1,5.283249325636405
475,1013,834,1,8.005172893624191
475,783,1106,1,22.318447076891776
475,783,1013,1,15.308499342485224
475,965,659,1,9.121352246650094
476,917,1276,1,16.804080761168354
476,849,931,1,4.4061387562478425
476,965,885,1,6.123119155303686
476,882,885,2,2.852794790784161
476,882,965,1,3.616965677313317
476,1182,882,1,7.841474878454721
476,834,882,2,4.883195120135012
476,885,882,1,2.852794790784161
476,885,1068,1,11.364565785437158
476,659,834,1,5.284552964469467
476,1102,535,1,16.335498592300418
476,1102,1229,1,3.8392690799482057
476,849,1276,1,11.479314497557898
476,783,882,1,12.561839638690564
476,783,359,2,12.499801205497114
476,783,885,1,15.378166398318458
476,783,659,1,5.809594285895007
476,783,566,2,5.876334276322891
477,834,917,1,3.617203703030827
477,834,931,1,10.694040075602611
477,708,659,2,5.815596432206299
477,834,708,3,4.389831624444016
477,834,783,1,7.689481736045675
477,834,1068,1,18.901027647971706
477,931,1068,1,8.304853837171269
477,834,1398,1,15.216349824005198
477,965,783,1,10.498093903671007
477,1276,1068,2,8.66943360865319
477,931,855,2,9.765900232263595
477,931,885,2,3.0617002345235647
477,834,1276,1,15.929463663685272
477,834,508,1,19.29831547550127
477,834,659,1,5.284552964469467
477,834,672,1,10.50082625207165
477,834,1229,2,12.569063966979074
477,965,834,1,3.83986736177262
477,708,882,2,4.837510953567602
477,882,855,1,15.256284869872443
477,882,885,2,2.852794790784161
477,882,1106,2,10.203820878312005
477,882,965,1,3.616965677313317
477,1276,882,1,12.01740314095659
477,931,882,1,5.812636165404913
477,1182,882,1,7.841474878454721
477,885,882,1,2.852794790784161
477,885,931,1,3.0617002345235647
477,659,834,1,5.284552964469467
477,1013,882,1,3.839767699909249
477,783,1276,1,22.606377139254327
477,783,885,1,15.378166398318458
477,783,659,1,5.809594285895007
477,783,535,2,11.620421645142477
477,783,1013,1,15.308499342485224
477,783,965,2,10.498093903671007
477,965,882,1,3.616965677313317
478,708,1013,1,8.663428210145081
478,882,834,1,4.883195120135012
478,708,1276,1,16.79773773026525
478,882,1102,1,7.314751476768936
478,931,708,1,9.423506251261468
478,708,849,1,11.8916662824573
478,885,882,1,2.852794790784161
478,885,849,1,6.749102957431653
478,659,834,1,5.284552964469467
478,1013,1102,1,3.616251246210677
478,783,931,1,18.3740064075405
478,783,708,1,10.697285568723771
478,783,359,2,12.499801205497114
478,783,659,1,5.809594285895007
478,783,1091,1,10.241109598832232
478,783,1102,1,18.800951364959644
478,783,535,1,11.620421645142477
478,965,882,2,3.616965677313317
478,965,1276,1,12.284417645367478
479,849,885,1,6.749102957431653
479,1013,834,1,8.005172893624191
479,882,885,1,2.852794790784161
479,931,1102,1,4.548251915941359
479,931,849,1,4.4061387562478425
479,834,659,1,5.284552964469467
479,834,783,1,7.689481736045675
479,885,882,1,2.852794790784161
479,659,965,1,9.121352246650094
479,1398,1013,1,10.186376382121452
479,1102,708,1,12.01896382682808
479,783,917,1,5.8083597500151045
479,783,931,1,18.3740064075405
479,783,708,1,10.697285568723771
479,783,535,1,11.620421645142477
479,1068,672,1,13.168317290084476
479,1229,1276,1,3.959637309104105
479,1229,1091,1,9.180034524729397
480,882,931,1,5.812636165404913
480,1276,1435,1,13.12435356350428
480,1276,1106,2,4.836798739645476
480,1276,1068,1,8.66943360865319
480,1182,1106,1,9.760018472127422
480,708,535,1,4.548441137468074
480,834,1106,1,14.888705663916236
480,659,708,1,5.815596432206299
480,659,849,1,17.69046303867574
480,849,855,1,5.706192977162224
480,1106,1102,1,3.80171314717607
480,783,359,1,12.499801205497114
480,783,1102,1,18.800951364959644
480,783,566,1,5.876334276322891
480,965,535,1,11.11949266445603
481,965,882,3,3.616965677313317
481,965,1091,1,4.388654712140797
481,882,1276,1,12.01740314095659
481,882,708,2,4.837510953567602
481,882,965,1,3.616965677313317
481,1276,1398,1,7.438993890374081
481,931,508,1,12.961089805583503
481,931,834,1,10.694040075602611
481,834,659,1,5.284552964469467
481,885,882,1,2.852794790784161
481,885,965,1,6.123119155303686
481,535,882,1,9.342211452816104
481,1013,965,1,4.881725510082577
481,783,917,1,5.8083597500151045
481,783,834,1,7.689481736045675
481,783,965,1,10.498093903671007
482,882,931,1,5.812636165404913
482,882,885,2,2.852794790784161
482,882,1013,2,3.839767699909249
482,1276,1013,1,8.190822817543284
482,834,917,1,3.617203703030827
482,659,849,1,17.69046303867574
482,1102,1013,1,3.616251246210677
482,849,672,1,6.511836392511076
482,1106,1276,1,4.836798739645476
482,965,708,1,6.739138237495128
482,965,834,1,3.83986736177262
482,965,1091,1,4.388654712140797
482,965,849,1,12.803650760757485
482,1229,1106,1,6.605818539698737
483,1276,1398,1,7.438993890374081
483,931,1102,1,4.548251915941359
483,708,885,1,6.511469320496247
483,885,882,1,2.852794790784161
483,1091,1182,1,5.24631154396119
483,1398,1106,1,11.562838367297022
483,1106,1068,1,4.880745078525951
483,1013,965,1,4.881725510082577
484,965,1229,1,8.77672016628073
484,882,1068,1,14.033707701296978
485,882,834,1,4.883195120135012
485,882,965,3,3.616965677313317
485,882,1229,1,9.341474227178574
485,931,885,2,3.0617002345235647
485,931,672,1,6.73915242731767
485,882,885,1,2.852794790784161
485,882,849,1,9.574606006915822
485,882,1013,1,3.839767699909249
485,708,885,1,6.511469320496247
485,885,1013,1,3.46869779664105
485,1013,885,1,3.46869779664105
485,965,1091,1,4.388654712140797
486,965,1229,1,8.77672016628073
486,885,882,1,2.852794790784161
487,882,885,1,2.852794790784161
487,965,885,1,6.123119155303686
488,1106,783,2,22.318447076891776
488,783,1091,1,10.241109598832232
489,882,535,2,9.342211452816104
489,882,1091,1,7.965381677815221
489,931,659,1,14.893741670685255
489,931,1276,1,8.946223146223524
489,882,885,1,2.852794790784161
489,1106,783,1,22.318447076891776
489,672,885,1,5.876204136119103
490,1182,783,1,15.175538880502293
490,708,783,2,10.697285568723771
490,834,783,1,7.689481736045675
490,885,783,1,15.378166398318458
490,1398,783,1,19.874616662347663
490,849,783,1,21.903135562742808
491,917,783,1,5.8083597500151045
491,708,783,2,10.697285568723771
491,659,783,2,5.809594285895007
491,1102,783,1,18.800951364959644
491,566,783,1,5.876334276322891
491,535,783,1,11.620421645142477
491,1013,672,1,9.341935125969725
491,965,783,1,10.498093903671007
491,1068,783,1,26.525178301273773
491,1229,1276,1,3.959637309104105
491,1229,783,1,18.841160835534616
492,1276,783,1,22.606377139254327
492,1276,1229,1,3.959637309104105
492,834,783,1,7.689481736045675
492,359,783,1,12.499801205497114
492,885,882,1,2.852794790784161
492,885,783,1,15.378166398318458
492,659,783,2,5.809594285895007
492,1091,783,1,10.241109598832232
492,566,783,1,5.876334276322891
492,535,783,2,11.620421645142477
492,1068,849,1,6.736061142863373
493,882,659,1,9.424155624926374
493,882,783,4,12.561839638690564
493,882,885,1,2.852794790784161
493,882,1229,1,9.341474227178574
493,931,882,1,5.812636165404913
493,1182,1276,1,7.919661523440269
493,965,783,1,10.498093903671007
493,882,965,1,3.616965677313317
493,1182,783,2,15.175538880502293
493,1013,783,1,15.308499342485224
493,965,1013,1,4.881725510082577
493,1276,1106,1,4.836798739645476
493,834,783,1,7.689481736045675
493,1398,1229,1,5.282433425576492
493,1106,1276,1,4.836798739645476
493,535,783,4,11.620421645142477
493,783,566,1,5.876334276322891
493,965,885,1,6.123119155303686
493,1229,1276,1,3.959637309104105
493,1229,783,1,18.841160835534616
494,1013,783,1,15.308499342485224
494,659,783,1,5.809594285895007
494,1276,783,1,22.606377139254327
494,855,1068,1,5.87594370452583
494,1398,1091,1,9.6478124773512
494,1398,783,1,19.874616662347663
494,849,783,1,21.903135562742808
494,1106,885,2,7.965381677815221
494,535,708,1,4.548441137468074
494,535,783,2,11.620421645142477
494,783,1276,2,22.606377139254327
494,783,1435,8,17.957022310236383
494,783,659,1,5.809594285895007
494,672,783,1,17.445012141301472
494,965,708,1,6.739138237495128
494,1068,672,1,13.168317290084476
494,1229,1102,1,3.8392690799482057
495,708,783,1,10.697285568723771
495,882,783,1,12.561839638690564
495,1276,783,1,22.606377139254327
495,917,783,1,5.8083597500151045
495,708,834,1,4.389831624444016
495,508,849,1,9.342303526294996
495,885,783,2,15.378166398318458
495,659,783,1,5.809594285895007
495,1091,783,2,10.241109598832232
495,849,783,1,21.903135562742808
495,535,783,1,11.620421645142477
495,783,1276,13,22.606377139254327
495,1068,783,1,26.525178301273773
495,1229,783,1,18.841160835534616
496,849,783,1,21.903135562742808
496,508,849,1,9.342303526294996
496,834,965,1,3.83986736177262
496,885,708,1,6.511469320496247
496,1102,1276,1,4.836798739646007
496,566,783,1,5.876334276322891
496,535,882,1,9.342211452816104
496,535,1013,1,13.123524045686974
496,783,917,1,5.8083597500151045
496,783,834,1,7.689481736045675
496,1068,1102,1,8.626274418583195
496,1068,849,1,6.736061142863373
496,1068,783,2,26.525178301273773
497,965,783,7,10.498093903671007
497,1182,783,2,15.175538880502293
497,708,783,3,10.697285568723771
497,834,783,11,7.689481736045675
497,708,535,2,4.548441137468074
497,834,1102,1,11.614659746948035
497,965,882,1,3.616965677313317
497,882,783,2,12.561839638690564
497,931,783,6,18.3740064075405
497,834,708,2,4.389831624444016
497,834,885,1,7.688685710981335
497,1106,931,1,5.283575443416337
497,1106,1102,1,3.80171314717607
497,1013,783,1,15.308499342485224
497,965,834,3,3.83986736177262
497,1229,834,1,12.569063966979074
497,882,1013,1,3.839767699909249
497,931,885,1,3.0617002345235647
497,659,783,1,5.809594285895007
497,1106,965,1,11.884713829537391
497,1013,882,1,3.839767699909249
497,1013,1091,1,7.92275625179966
497,965,708,1,6.739138237495128
497,882,708,1,4.837510953567602
497,1276,1182,1,7.919661523440269
497,1276,783,1,22.606377139254327
497,885,508,1,13.808114395759947
497,1102,1276,1,4.836798739646007
497,849,834,1,14.265481524111957
497,783,885,1,15.378166398318458
498,834,882,1,4.883195120135012
498,882,834,2,4.883195120135012
498,708,834,1,4.389831624444016
498,708,659,1,5.815596432206299
498,535,783,1,11.620421645142477
498,1276,1102,1,4.836798739646007
498,1182,1276,1,7.919661523440269
498,708,783,2,10.697285568723771
498,834,783,2,7.689481736045675
498,885,882,1,2.852794790784161
498,885,708,1,6.511469320496247
498,885,1102,1,5.875878565174106
498,1091,783,1,10.241109598832232
498,1102,1013,1,3.616251246210677
498,566,834,1,11.619599142411865
498,849,1102,1,8.191991396325179
498,535,659,1,5.810827883107414
498,783,659,1,5.809594285895007
498,965,882,2,3.616965677313317
499,882,834,2,4.883195120135012
499,659,834,2,5.284552964469467
499,1276,882,1,12.01740314095659
499,708,834,1,4.389831624444016
499,834,882,1,4.883195120135012
499,834,931,1,10.694040075602611
499,834,1013,1,8.005172893624191
499,834,783,1,7.689481736045675
499,659,783,1,5.809594285895007
499,1091,965,1,4.388654712140797
499,1102,882,2,7.314751476768936
499,1102,931,1,4.548251915941359
499,1102,1229,1,3.8392690799482057
499,566,783,1,5.876334276322891
499,566,672,1,19.160189630171605
499,783,566,1,5.876334276322891
499,672,885,1,5.876204136119103
499,1068,783,1,26.525178301273773
500,672,535,1,8.311483007291683
500,882,783,1,12.561839638690564
500,931,849,2,4.4061387562478425
500,931,783,1,18.3740064075405
500,834,708,1,4.389831624444016
500,834,849,1,14.265481524111957
500,834,535,1,8.012842951904279
500,834,783,1,7.689481736045675
500,834,965,1,3.83986736177262
500,885,1102,1,5.875878565174106
500,1102,1106,1,3.80171314717607
500,1013,1106,1,7.015517581545067
500,783,1013,1,15.308499342485224
500,965,1091,1,4.388654712140797
500,1229,1182,1,3.960024365898536
501,1398,834,1,15.216349824005198
501,535,783,1,11.620421645142477
501,1182,1276,2,7.919661523440269
501,1398,931,1,13.495077260547856
501,1106,885,1,7.965381677815221
501,965,783,5,10.498093903671007
501,1229,783,2,18.841160835534616
501,1276,1106,1,4.836798739645476
501,1182,783,1,15.175538880502293
501,885,783,3,15.378166398318458
501,1091,783,4,10.241109598832232
501,849,931,2,4.4061387562478425
501,849,535,1,14.6134281539242
501,1068,783,1,26.525178301273773
501,1229,1102,1,3.8392690799482057
501,1276,783,2,22.606377139254327
501,931,882,2,5.812636165404913
501,708,885,1,6.511469320496247
501,1398,882,3,13.343391197346763
501,1102,1276,1,4.836798739646007
501,672,931,2,6.73915242731767
501,965,882,2,3.616965677313317
501,882,783,1,12.561839638690564
501,917,783,1,5.8083597500151045
501,708,783,2,10.697285568723771
501,359,708,1,10.088438580081291
501,885,535,1,10.569431103772471
501,659,783,1,5.809594285895007
501,566,783,1,5.876334276322891
501,535,359,1,5.855067293961566
501,783,882,1,12.561839638690564
501,783,1276,1,22.606377139254327
501,783,708,1,10.697285568723771
501,783,359,1,12.499801205497114
501,783,659,2,5.809594285895007
501,783,566,1,5.876334276322891
502,1276,708,1,16.79773773026525
502,708,535,1,4.548441137468074
502,659,931,1,14.893741670685255
502,931,885,1,3.0617002345235647
502,882,885,3,2.852794790784161
502,931,834,1,10.694040075602611
502,882,708,1,4.837510953567602
502,882,965,1,3.616965677313317
502,1276,1398,1,7.438993890374081
502,1276,783,1,22.606377139254327
502,931,1013,1,4.405443882921528
502,931,965,1,8.628970001760946
502,708,1102,1,12.01896382682808
502,508,849,1,9.342303526294996
502,834,882,1,4.883195120135012
502,885,783,1,15.378166398318458
502,885,672,1,5.876204136119103
502,659,783,1,5.809594285895007
502,1102,1106,2,3.80171314717607
502,849,783,1,21.903135562742808
502,1106,1102,1,3.80171314717607
502,1013,849,1,8.811582411969269
502,783,834,2,7.689481736045675
502,783,359,1,12.499801205497114
503,885,882,3,2.852794790784161
503,885,834,1,7.688685710981335
503,672,931,1,6.73915242731767
503,965,885,1,6.123119155303686
503,882,708,1,4.837510953567602
503,882,885,1,2.852794790784161
503,882,783,1,12.561839638690564
503,1276,882,1,12.01740314095659
503,931,783,1,18.3740064075405
503,708,1091,1,10.705966675099036
503,834,882,1,4.883195120135012
503,834,931,1,10.694040075602611
503,834,708,1,4.389831624444016
503,834,783,1,7.689481736045675
503,1102,1229,1,3.8392690799482057
503,1106,931,1,5.283575443416337
503,535,834,1,8.012842951904279
503,535,783,1,11.620421645142477
503,783,931,1,18.3740064075405
503,783,834,1,7.689481736045675
503,783,566,1,5.876334276322891
503,783,965,2,10.498093903671007
503,965,659,1,9.121352246650094
504,965,783,2,10.498093903671007
504,1229,931,1,8.28950012214804
504,885,1276,1,10.705394585658723
504,885,849,1,6.749102957431653
504,882,708,1,4.837510953567602
504,882,834,1,4.883195120135012
504,882,535,1,9.342211452816104
504,882,783,1,12.561839638690564
504,855,849,1,5.706192977162224
504,1182,1398,1,5.640321895106829
504,834,708,2,4.389831624444016
504,834,885,1,7.688685710981335
504,359,1370,1,33.04215675871258
504,659,708,1,5.815596432206299
504,1102,1013,1,3.616251246210677
504,849,931,1,4.4061387562478425
504,1106,1102,2,3.80171314717607
504,535,783,2,11.620421645142477
504,1013,1229,1,5.640389822593795
505,965,783,1,10.498093903671007
505,672,849,2,6.511836392511076
505,965,1013,1,4.881725510082577
505,1068,1106,1,4.880745078525951
505,834,1229,1,12.569063966979074
505,885,931,2,3.0617002345235647
505,965,834,5,3.83986736177262
505,1229,1102,3,3.8392690799482057
505,1276,1398,1,7.438993890374081
505,917,834,1,3.617203703030827
505,834,783,3,7.689481736045675
505,535,917,1,11.080361971095948
505,672,783,1,17.445012141301472
505,965,1182,1,5.875748248781206
505,882,885,1,2.852794790784161
505,1276,1229,1,3.959637309104105
505,931,1102,1,4.548251915941359
505,708,659,1,5.815596432206299
505,834,965,1,3.83986736177262
505,885,1182,1,8.662721360426067
505,1091,783,1,10.241109598832232
505,1102,834,1,11.614659746948035
505,849,931,2,4.4061387562478425
505,849,885,1,6.749102957431653
505,535,783,1,11.620421645142477
505,1013,1102,1,3.616251246210677
505,1013,783,1,15.308499342485224
505,783,855,1,27.60378823743443
505,783,566,1,5.876334276322891
505,1229,708,1,14.16486062369625
506,885,931,1,3.0617002345235647
506,834,783,4,7.689481736045675
506,1182,1229,1,3.960024365898536
506,1229,965,1,8.77672016628073
506,917,783,1,5.8083597500151045
506,931,849,1,4.4061387562478425
506,885,882,1,2.852794790784161
506,849,931,1,4.4061387562478425
506,849,885,1,6.749102957431653
506,1106,1276,1,4.836798739645476
506,1106,885,1,7.965381677815221
506,783,708,1,10.697285568723771
506,783,834,1,7.689481736045675
506,783,359,2,12.499801205497114
506,783,1102,1,18.800951364959644
506,1370,1102,1,11.609712853230407
506,965,1102,1,8.304116264398273
506,1229,1276,1,3.959637309104105
507,882,708,1,4.837510953567602
507,1276,1106,1,4.836798739645476
507,885,882,2,2.852794790784161
507,849,931,1,4.4061387562478425
507,965,1182,1,5.875748248781206
507,1276,917,1,16.804080761168354
507,855,849,1,5.706192977162224
507,708,882,1,4.837510953567602
507,708,931,1,9.423506251261468
507,708,834,2,4.389831624444016
507,708,783,1,10.697285568723771
507,708,1229,1,14.16486062369625
507,834,882,1,4.883195120135012
507,834,659,1,5.284552964469467
507,834,783,2,7.689481736045675
507,659,708,1,5.815596432206299
507,566,783,1,5.876334276322891
507,1013,882,1,3.839767699909249
507,783,882,2,12.561839638690564
507,783,931,1,18.3740064075405
507,1229,783,1,18.841160835534616
508,882,885,3,2.852794790784161
508,882,783,2,12.561839638690564
508,1106,1102,1,3.80171314717607
508,882,931,1,5.812636165404913
508,882,834,1,4.883195120135012
508,917,834,1,3.617203703030827
508,931,849,1,4.4061387562478425
508,931,1068,1,8.304853837171269
508,708,834,1,4.389831624444016
508,708,359,1,10.088438580081291
508,834,882,1,4.883195120135012
508,834,885,1,7.688685710981335
508,1102,1106,2,3.80171314717607
508,1102,783,1,18.800951364959644
508,1102,1229,1,3.8392690799482057
508,566,783,1,5.876334276322891
508,849,834,1,14.265481524111957
508,783,834,1,7.689481736045675
508,783,359,1,12.499801205497114
508,783,965,2,10.498093903671007
509,965,708,1,6.739138237495128
509,965,882,3,3.616965677313317
509,1091,708,9,10.705966675099036
509,1068,672,1,13.168317290084476
509,882,708,1,4.837510953567602
509,1276,783,2,22.606377139254327
509,849,931,2,4.4061387562478425
509,535,659,1,5.810827883107414
509,1370,1102,23,11.609712853230407
509,965,1091,1,4.388654712140797
509,1106,1102,1,3.80171314717607
509,535,965,1,11.11949266445603
509,1370,931,7,14.0283994658549
509,708,535,2,4.548441137468074
509,708,783,1,10.697285568723771
509,508,783,1,25.93420023872912
509,834,708,3,4.389831624444016
509,834,783,2,7.689481736045675
509,885,882,6,2.852794790784161
509,885,931,3,3.0617002345235647
509,885,783,1,15.378166398318458
509,535,882,1,9.342211452816104
509,535,885,1,10.569431103772471
509,1229,783,1,18.841160835534616
509,882,885,1,2.852794790784161
509,931,849,1,4.4061387562478425
509,1182,783,1,15.175538880502293
509,834,882,1,4.883195120135012
509,1102,1276,1,4.836798739646007
509,1102,834,1,11.614659746948035
509,849,882,1,9.574606006915822
509,849,1068,1,6.736061142863373
509,535,672,1,8.311483007291683
509,1013,1398,1,10.186376382121452
509,1013,783,1,15.308499342485224
509,783,917,1,5.8083597500151045
509,783,834,2,7.689481736045675
509,783,659,1,5.809594285895007
509,783,566,1,5.876334276322891
509,965,834,1,3.83986736177262
509,1068,1102,1,8.626274418583195
510,535,708,1,4.548441137468074
510,965,783,1,10.498093903671007
510,708,783,1,10.697285568723771
510,885,708,2,6.511469320496247
510,849,855,1,5.706192977162224
510,882,783,1,12.561839638690564
510,708,882,1,4.837510953567602
510,708,359,1,10.088438580081291
510,708,1102,1,12.01896382682808
510,917,783,1,5.8083597500151045
510,1370,931,1,14.0283994658549
510,882,834,1,4.883195120135012
510,882,965,1,3.616965677313317
510,1276,783,1,22.606377139254327
510,931,885,1,3.0617002345235647
510,931,1013,1,4.405443882921528
510,834,708,1,4.389831624444016
510,834,535,1,8.012842951904279
510,834,783,1,7.689481736045675
510,834,965,1,3.83986736177262
510,359,834,1,12.378619633278529
510,1102,1106,1,3.80171314717607
510,1102,1068,1,8.626274418583195
510,1106,1102,1,3.80171314717607
510,535,359,1,5.855067293961566
510,783,882,1,12.561839638690564
510,783,708,1,10.697285568723771
510,783,659,3,5.809594285895007
510,783,965,1,10.498093903671007
510,1229,1013,1,5.640389822593795
510,1229,783,1,18.841160835534616
511,965,885,1,6.123119155303686
511,965,1013,1,4.881725510082577
511,885,1013,1,3.46869779664105
511,1013,965,1,4.881725510082577
511,965,882,1,3.616965677313317
511,882,535,1,9.342211452816104
511,882,965,2,3.616965677313317
511,931,882,1,5.812636165404913
511,931,849,1,4.4061387562478425
511,931,783,1,18.3740064075405
511,708,885,1,6.511469320496247
511,708,659,1,5.815596432206299
511,708,783,1,10.697285568723771
511,708,965,1,6.739138237495128
511,834,965,1,3.83986736177262
511,659,783,3,5.809594285895007
511,1398,1182,1,5.640321895106829
511,1398,965,1,11.479089287938937
511,1106,1276,1,4.836798739645476
511,535,834,1,8.012842951904279
511,1013,882,1,3.839767699909249
511,783,834,1,7.689481736045675
511,783,659,1,5.809594285895007
511,783,566,1,5.876334276322891
511,783,1229,1,18.841160835534616
512,1276,1102,1,4.836798739646007
512,885,931,1,3.0617002345235647
512,1013,834,1,8.005172893624191
512,1013,783,1,15.308499342485224
512,965,1091,2,4.388654712140797
512,1229,1276,1,3.959637309104105
512,965,834,1,3.83986736177262
512,882,931,1,5.812636165404913
512,882,1091,1,7.965381677815221
512,882,783,1,12.561839638690564
512,882,965,2,3.616965677313317
512,931,855,1,9.765900232263595
512,931,965,1,8.628970001760946
512,834,659,1,5.284552964469467
512,834,783,2,7.689481736045675
512,885,708,1,6.511469320496247
512,1091,783,1,10.241109598832232
512,1102,1229,1,3.8392690799482057
512,849,508,1,9.342303526294996
512,535,659,1,5.810827883107414
512,783,931,2,18.3740064075405
512,783,834,2,7.689481736045675
512,783,359,1,12.499801205497114
512,783,566,1,5.876334276322891
512,672,882,1,7.316385892068044
512,672,931,1,6.73915242731767
512,965,882,1,3.616965677313317
513,535,708,2,4.548441137468074
513,1013,885,1,3.46869779664105
513,849,931,2,4.4061387562478425
513,1229,1276,2,3.959637309104105
513,1276,783,1,22.606377139254327
513,535,783,1,11.620421645142477
513,885,834,1,7.688685710981335
513,1398,1435,1,5.805514364498899
513,849,1013,1,8.811582411969269
513,1370,849,1,14.16435382667801
513,882,931,1,5.812636165404913
513,882,708,1,4.837510953567602
513,882,783,1,12.561839638690564
513,931,849,1,4.4061387562478425
513,931,783,1,18.3740064075405
513,931,965,1,8.628970001760946
513,708,882,3,4.837510953567602
513,708,834,1,4.389831624444016
513,834,965,1,3.83986736177262
513,885,931,1,3.0617002345235647
513,885,783,1,15.378166398318458
513,659,882,1,9.424155624926374
513,659,834,1,5.284552964469467
513,659,783,1,5.809594285895007
513,1091,849,1,16.610443180087024
513,1091,783,1,10.241109598832232
513,1102,708,1,12.01896382682808
513,1102,885,1,5.875878565174106
513,1102,1106,1,3.80171314717607
513,1013,882,1,3.839767699909249
513,783,834,1,7.689481736045675
513,783,359,1,12.499801205497114
513,965,882,1,3.616965677313317
513,965,834,1,3.83986736177262
514,885,882,1,2.852794790784161
514,849,1102,1,8.191991396325179
514,672,783,1,17.445012141301472
514,882,708,1,4.837510953567602
514,882,1229,1,9.341474227178574
514,1276,1102,2,4.836798739646007
514,1276,1106,1,4.836798739645476
514,931,834,1,10.694040075602611
514,1182,1229,1,3.960024365898536
514,834,783,2,7.689481736045675
514,359,708,1,10.088438580081291
514,885,965,1,6.123119155303686
514,659,708,1,5.815596432206299
514,659,535,1,5.810827883107414
514,1091,783,1,10.241109598832232
514,566,783,1,5.876334276322891
514,849,855,1,5.706192977162224
514,783,931,1,18.3740064075405
514,783,1091,1,10.241109598832232
514,783,965,2,10.498093903671007
514,965,917,1,4.882215518422521
514,965,1182,1,5.875748248781206
514,1229,1102,1,3.8392690799482057
515,882,834,2,4.883195120135012
515,882,965,1,3.616965677313317
515,931,882,1,5.812636165404913
515,931,1102,1,4.548251915941359
515,1182,783,1,15.175538880502293
515,834,882,2,4.883195120135012
515,834,708,1,4.389831624444016
515,1435,783,1,17.957022310236383
515,659,834,1,5.284552964469467
515,1102,1013,1,3.616251246210677
515,1102,1068,1,8.626274418583195
515,1102,1229,1,3.8392690799482057
515,535,882,1,9.342211452816104
515,783,931,1,18.3740064075405
515,783,535,2,11.620421645142477
516,882,1102,1,7.314751476768936
516,882,1013,1,3.839767699909249
516,931,882,2,5.812636165404913
516,708,834,2,4.389831624444016
516,834,659,2,5.284552964469467
516,834,783,1,7.689481736045675
516,1091,1106,1,14.256423283017469
516,1102,1276,1,4.836798739646007
516,1013,882,1,3.839767699909249
516,1013,1106,1,7.015517581545067
516,783,882,1,12.561839638690564
516,783,1276,1,22.606377139254327
516,783,931,1,18.3740064075405
516,965,882,1,3.616965677313317
516,1068,1276,1,8.66943360865319
516,1229,882,2,9.341474227178574
517,1013,885,1,3.46869779664105
517,885,882,5,2.852794790784161
517,885,708,36,6.511469320496247
517,885,834,2,7.688685710981335
517,1398,1276,1,7.438993890374081
517,1398,1435,1,5.805514364498899
517,1013,965,3,4.881725510082577
517,1276,1106,1,4.836798739645476
517,1398,1229,1,5.282433425576492
517,1013,1398,1,10.186376382121452
517,672,1102,1,11.119492664455636
517,1013,783,1,15.308499342485224
517,1276,1182,1,7.919661523440269
517,885,931,1,3.0617002345235647
517,885,849,1,6.749102957431653
517,882,931,1,5.812636165404913
517,882,885,1,2.852794790784161
517,882,1398,1,13.343391197346763
517,882,965,1,3.616965677313317
517,1276,882,1,12.01740314095659
517,1276,1102,1,4.836798739646007
517,931,885,1,3.0617002345235647
517,931,1106,1,5.283575443416337
517,708,882,1,4.837510953567602
517,834,882,1,4.883195120135012
517,834,708,1,4.389831624444016
517,659,834,1,5.284552964469467
517,1102,1106,1,3.80171314717607
517,1106,1276,1,4.836798739645476
517,783,834,1,7.689481736045675
517,783,849,1,21.903135562742808
517,783,535,1,11.620421645142477
517,965,1091,1,4.388654712140797
517,1229,1102,1,3.8392690799482057
518,885,783,1,15.378166398318458
518,708,834,3,4.389831624444016
518,708,783,1,10.697285568723771
518,1398,1182,1,5.640321895106829
518,965,1102,1,8.304116264398273
518,1398,1229,1,5.282433425576492
518,882,931,1,5.812636165404913
518,882,885,1,2.852794790784161
518,931,708,1,9.423506251261468
518,1182,1398,1,5.640321895106829
518,834,882,1,4.883195120135012
518,885,931,1,3.0617002345235647
518,885,672,1,5.876204136119103
518,659,882,1,9.424155624926374
518,659,508,1,20.473309512060556
518,1102,1106,1,3.80171314717607
518,849,508,1,9.342303526294996
518,783,1102,1,18.800951364959644
518,965,917,1,4.882215518422521
518,965,1013,1,4.881725510082577
518,965,783,1,10.498093903671007
518,1229,1013,1,5.640389822593795
519,1229,1102,1,3.8392690799482057
519,885,882,1,2.852794790784161
519,672,885,1,5.876204136119103
519,882,708,1,4.837510953567602
519,1276,834,1,15.929463663685272
519,1276,1102,1,4.836798739646007
519,855,783,1,27.60378823743443
519,931,849,1,4.4061387562478425
519,1182,885,1,8.662721360426067
519,708,882,1,4.837510953567602
519,834,708,1,4.389831624444016
519,834,783,1,7.689481736045675
519,834,965,1,3.83986736177262
519,1102,1106,1,3.80171314717607
519,783,931,1,18.3740064075405
520,885,882,2,2.852794790784161
520,965,1102,1,8.304116264398273
520,882,885,2,2.852794790784161
520,1276,1013,1,8.190822817543284
520,931,1102,1,4.548251915941359
520,708,885,1,6.511469320496247
520,834,535,1,8.012842951904279
520,834,965,1,3.83986736177262
520,1398,1276,1,7.438993890374081
520,1398,1229,1,5.282433425576492
520,535,783,1,11.620421645142477
520,1013,931,1,4.405443882921528
520,783,1182,1,15.175538880502293
520,783,849,1,21.903135562742808
520,783,672,1,17.445012141301472
520,783,1068,1,26.525178301273773
520,1068,855,1,5.87594370452583
521,1182,783,1,15.175538880502293
521,1229,1276,5,3.959637309104105
521,1182,1229,2,3.960024365898536
521,659,708,1,5.815596432206299
521,965,1102,1,8.304116264398273
521,1276,1435,1,13.12435356350428
521,1276,1106,1,4.836798739645476
521,659,783,1,5.809594285895007
521,965,882,3,3.616965677313317
521,882,834,2,4.883195120135012
521,882,885,2,2.852794790784161
521,882,1013,1,3.839767699909249
521,882,965,1,3.616965677313317
521,1276,931,1,8.946223146223524
521,931,885,1,3.0617002345235647
521,834,708,1,4.389831624444016
521,885,882,1,2.852794790784161
521,1091,1182,1,5.24631154396119
521,535,882,1,9.342211452816104
521,1013,882,2,3.839767699909249
521,783,917,1,5.8083597500151045
521,965,708,1,6.739138237495128
522,1229,1276,2,3.959637309104105
522,1276,931,4,8.946223146223524
522,834,783,1,7.689481736045675
522,1229,659,1,17.8420518180728
522,882,849,1,9.574606006915822
522,882,1106,1,10.203820878312005
522,882,965,1,3.616965677313317
522,882,1229,1,9.341474227178574
522,1276,965,1,12.284417645367478
522,931,1102,1,4.548251915941359
522,931,965,2,8.628970001760946
522,708,882,1,4.837510953567602
522,708,659,1,5.815596432206299
522,834,535,1,8.012842951904279
522,885,882,1,2.852794790784161
522,1102,882,1,7.314751476768936
522,1102,931,1,4.548251915941359
522,1102,1013,1,3.616251246210677
522,1102,965,1,8.304116264398273
522,1106,1276,1,4.836798739645476
522,1106,659,1,19.6208363343578
522,783,708,1,10.697285568723771
522,783,849,1,21.903135562742808
522,783,965,1,10.498093903671007
522,965,1102,1,8.304116264398273
523,965,882,4,3.616965677313317
523,659,834,2,5.284552964469467
523,931,834,2,10.694040075602611
523,931,885,1,3.0617002345235647
523,882,965,1,3.616965677313317
523,1276,1229,3,3.959637309104105
523,931,1106,1,5.283575443416337
523,708,834,1,4.389831624444016
523,708,535,1,4.548441137468074
523,708,1013,1,8.663428210145081
523,885,1102,1,5.875878565174106
523,885,672,1,5.876204136119103
523,1102,882,1,7.314751476768936
523,1102,1276,1,4.836798739646007
523,849,931,1,4.4061387562478425
523,783,885,1,15.378166398318458
523,783,659,1,5.809594285895007
523,783,535,1,11.620421645142477
523,783,672,1,17.445012141301472
523,965,708,1,6.739138237495128
524,1276,931,1,8.946223146223524
524,834,931,1,10.694040075602611
524,834,965,4,3.83986736177262
524,659,882,1,9.424155624926374
524,965,885,1,6.123119155303686
524,965,1435,1,12.559207082683258
524,882,834,1,4.883195120135012
524,882,659,1,9.424155624926374
524,931,849,1,4.4061387562478425
524,1182,885,1,8.662721360426067
524,1182,1398,1,5.640321895106829
524,708,849,1,11.8916662824573
524,885,965,1,6.123119155303686
524,849,508,1,9.342303526294996
524,1013,882,2,3.839767699909249
524,783,882,1,12.561839638690564
524,783,359,1,12.499801205497114
524,783,1102,1,18.800951364959644
524,783,1229,1,18.841160835534616
524,672,1013,1,9.341935125969725
525,1276,931,3,8.946223146223524
525,1398,1276,1,7.438993890374081
525,834,882,2,4.883195120135012
525,834,1091,1,6.739095652327052
525,1398,1229,1,5.282433425576492
525,834,917,1,3.617203703030827
525,834,535,1,8.012842951904279
525,965,1013,2,4.881725510082577
525,659,849,1,17.69046303867574
525,834,659,1,5.284552964469467
525,659,1229,1,17.8420518180728
525,882,885,1,2.852794790784161
525,882,1398,1,13.343391197346763
525,882,1102,2,7.314751476768936
525,931,882,1,5.812636165404913
525,931,1102,1,4.548251915941359
525,931,849,1,4.4061387562478425
525,708,882,1,4.837510953567602
525,885,882,3,2.852794790784161
525,1102,882,1,7.314751476768936
525,1106,1229,1,6.605818539698737
525,535,885,1,10.569431103772471
525,1013,708,1,8.663428210145081
525,783,1435,1,17.957022310236383
525,783,885,1,15.378166398318458
525,965,882,3,3.616965677313317
525,965,1091,1,4.388654712140797
526,882,834,1,4.883195120135012
526,882,672,1,7.316385892068044
526,882,1229,1,9.341474227178574
526,917,1091,1,4.837115435970083
526,834,672,1,10.50082625207165
526,885,708,1,6.511469320496247
526,659,882,1,9.424155624926374
526,849,855,1,5.706192977162224
526,535,1229,1,18.68368505463088
526,1013,882,1,3.839767699909249
526,1013,1182,1,5.283249325636405
526,783,882,1,12.561839638690564
526,783,931,1,18.3740064075405
526,783,1091,1,10.241109598832232
526,783,566,1,5.876334276322891
526,783,672,1,17.445012141301472
526,965,834,1,3.83986736177262
527,882,917,1,7.68788945836583
527,882,931,1,5.812636165404913
527,882,1013,1,3.839767699909249
527,882,965,1,3.616965677313317
527,931,885,1,3.0617002345235647
527,931,849,1,4.4061387562478425
527,931,965,1,8.628970001760946
527,931,1068,1,8.304853837171269
527,834,659,1,5.284552964469467
527,834,783,1,7.689481736045675
527,885,882,1,2.852794790784161
527,885,965,1,6.123119155303686
527,659,882,1,9.424155624926374
527,535,1013,1,13.123524045686974
527,1013,1102,1,3.616251246210677
527,783,1229,1,18.841160835534616
528,965,885,1,6.123119155303686
528,965,1091,2,4.388654712140797
528,882,931,1,5.812636165404913
528,882,834,2,4.883195120135012
528,882,885,1,2.852794790784161
528,882,1013,1,3.839767699909249
528,1276,1102,1,4.836798739646007
528,931,965,1,8.628970001760946
528,708,885,1,6.511469320496247
528,708,535,1,4.548441137468074
528,885,882,2,2.852794790784161
528,849,882,1,9.574606006915822
528,1106,1276,1,4.836798739645476
529,834,882,2,4.883195120135012
529,834,885,1,7.688685710981335
529,834,1398,1,15.216349824005198
529,834,535,3,8.012842951904279
529,965,882,5,3.616965677313317
529,882,708,1,4.837510953567602
529,882,834,1,4.883195120135012
529,882,885,3,2.852794790784161
529,882,965,1,3.616965677313317
529,931,849,1,4.4061387562478425
529,1182,1013,1,5.283249325636405
529,708,965,1,6.739138237495128
529,834,931,1,10.694040075602611
529,834,965,1,3.83986736177262
529,359,535,1,5.855067293961566
529,885,882,1,2.852794790784161
529,1106,1102,1,3.80171314717607
530,882,931,1,5.812636165404913
530,882,708,1,4.837510953567602
530,882,834,1,4.883195120135012
530,882,885,1,2.852794790784161
530,931,855,1,9.765900232263595
530,834,535,1,8.012842951904279
530,885,882,1,2.852794790784161
530,885,1091,1,10.203820878312005
530,659,849,1,17.69046303867574
530,1102,1182,1,6.120304815079837
530,965,1091,1,4.388654712140797
531,834,708,1,4.389831624444016
531,882,885,1,2.852794790784161
531,882,1398,1,13.343391197346763
531,882,965,1,3.616965677313317
531,885,882,1,2.852794790784161
531,1102,834,1,11.614659746948035
531,1102,1106,1,3.80171314717607
531,1106,834,1,14.888705663916236
531,1013,834,1,8.005172893624191
531,965,1182,1,5.875748248781206
531,965,1091,1,4.388654712140797
532,834,931,1,10.694040075602611
532,965,1102,1,8.304116264398273
532,882,1276,1,12.01740314095659
532,882,931,2,5.812636165404913
532,882,834,1,4.883195120135012
532,882,885,1,2.852794790784161
532,882,1102,1,7.314751476768936
532,931,849,1,4.4061387562478425
532,1182,1398,1,5.640321895106829
532,885,1106,1,7.965381677815221
532,1102,1276,1,4.836798739646007
533,1276,1102,1,4.836798739646007
533,931,1013,1,4.405443882921528
533,834,965,1,3.83986736177262
534,834,783,1,7.689481736045675
534,1229,885,1,8.89559413156451
535,708,965,1,6.739138237495128
535,1435,1398,1,5.805514364498899
535,1013,1398,1,10.186376382121452
536,931,885,1,3.0617002345235647
536,965,882,1,3.616965677313317
537,882,855,1,15.256284869872443
537,882,1102,1,7.314751476768936
537,882,965,4,3.616965677313317
537,882,885,4,2.852794790784161
537,882,834,1,4.883195120135012
537,882,1013,2,3.839767699909249
537,834,965,1,3.83986736177262
537,783,1182,1,15.175538880502293
538,834,783,1,7.689481736045675
538,1276,783,2,22.606377139254327
538,708,783,1,10.697285568723771
538,566,783,1,5.876334276322891
539,708,783,1,10.697285568723771
539,1106,965,1,11.884713829537391
539,965,783,2,10.498093903671007
539,1068,783,1,26.525178301273773
540,931,783,1,18.3740064075405
540,708,783,1,10.697285568723771
540,659,783,1,5.809594285895007
540,1091,783,2,10.241109598832232
540,1106,783,1,22.318447076891776
540,535,783,2,11.620421645142477
540,1013,1182,1,5.283249325636405
540,672,849,1,6.511836392511076
540,965,783,1,10.498093903671007
540,1068,783,1,26.525178301273773
540,1229,1106,1,6.605818539698737
540,1229,783,1,18.841160835534616
541,882,885,1,2.852794790784161
541,1276,783,5,22.606377139254327
541,882,783,3,12.561839638690564
541,834,783,1,7.689481736045675
541,708,834,1,4.389831624444016
541,708,783,1,10.697285568723771
541,359,783,1,12.499801205497114
541,885,1182,1,8.662721360426067
541,885,1013,1,3.46869779664105
541,659,783,1,5.809594285895007
541,1102,783,1,18.800951364959644
541,1106,783,1,22.318447076891776
541,1229,783,1,18.841160835534616
542,708,783,1,10.697285568723771
542,885,783,1,15.378166398318458
542,1102,1106,1,3.80171314717607
542,566,783,1,5.876334276322891
542,1106,783,1,22.318447076891776
542,965,783,1,10.498093903671007
543,708,783,1,10.697285568723771
543,834,783,1,7.689481736045675
543,359,783,1,12.499801205497114
543,1091,783,1,10.241109598832232
543,535,882,1,9.342211452816104
543,965,783,2,10.498093903671007
544,882,535,1,9.342211452816104
544,1182,783,1,15.175538880502293
544,708,834,1,4.389831624444016
544,1091,783,1,10.241109598832232
544,1102,849,1,8.191991396325179
544,1102,1106,1,3.80171314717607
544,566,783,1,5.876334276322891
544,535,783,2,11.620421645142477
544,1013,882,1,3.839767699909249
544,783,708,1,10.697285568723771
544,672,783,1,17.445012141301472
545,882,885,1,2.852794790784161
545,1276,1106,1,4.836798739645476
545,1276,1102,3,4.836798739646007
545,659,882,1,9.424155624926374
545,931,783,4,18.3740064075405
545,659,965,1,9.121352246650094
545,1229,783,4,18.841160835534616
545,882,708,1,4.837510953567602
545,882,965,2,3.616965677313317
545,885,783,3,15.378166398318458
545,1229,1102,7,3.8392690799482057
545,1229,965,1,8.77672016628073
545,965,882,1,3.616965677313317
545,1068,849,1,6.736061142863373
545,882,917,1,7.68788945836583
545,931,1102,1,4.548251915941359
545,834,783,3,7.689481736045675
545,885,1102,1,5.875878565174106
545,659,783,1,5.809594285895007
545,965,931,1,8.628970001760946
545,965,783,2,10.498093903671007
545,1229,882,1,9.341474227178574
545,882,783,1,12.561839638690564
545,917,965,1,4.882215518422521
545,855,1068,1,5.87594370452583
545,508,535,1,15.269109427523375
545,834,917,1,3.617203703030827
545,1398,1102,1,9.118728510486134
545,1102,1229,1,3.8392690799482057
545,1106,1102,1,3.80171314717607
545,535,783,1,11.620421645142477
545,1013,535,1,13.123524045686974
546,965,1102,1,8.304116264398273
546,1229,1182,1,3.960024365898536
546,882,885,1,2.852794790784161
546,882,783,1,12.561839638690564
546,855,882,1,15.256284869872443
546,931,783,1,18.3740064075405
546,1182,1102,1,6.120304815079837
546,708,885,1,6.511469320496247
546,708,783,1,10.697285568723771
546,885,834,1,7.688685710981335
546,1091,783,1,10.241109598832232
546,1102,1106,1,3.80171314717607
546,566,885,1,18.80919011993647
546,849,885,1,6.749102957431653
546,1106,1276,1,4.836798739645476
546,1106,931,1,5.283575443416337
546,535,659,1,5.810827883107414
546,535,783,1,11.620421645142477
546,783,882,1,12.561839638690564
546,783,965,1,10.498093903671007
546,965,885,1,6.123119155303686
546,965,783,1,10.498093903671007
547,1276,783,1,22.606377139254327
547,1182,1091,1,5.24631154396119
547,834,783,1,7.689481736045675
547,885,783,2,15.378166398318458
547,885,672,1,5.876204136119103
547,1106,783,1,22.318447076891776
547,931,1102,1,4.548251915941359
547,708,965,1,6.739138237495128
547,885,931,1,3.0617002345235647
547,885,965,1,6.123119155303686
547,659,931,1,14.893741670685255
547,1102,931,1,4.548251915941359
547,535,708,1,4.548441137468074
547,535,783,1,11.620421645142477
547,783,834,1,7.689481736045675
547,1068,783,1,26.525178301273773
548,931,885,2,3.0617002345235647
548,882,885,1,2.852794790784161
548,882,783,2,12.561839638690564
548,917,882,1,7.68788945836583
548,931,882,1,5.812636165404913
548,834,783,1,7.689481736045675
548,849,931,1,4.4061387562478425
548,783,931,1,18.3740064075405
548,783,965,1,10.498093903671007
548,965,708,1,6.739138237495128
549,834,659,2,5.284552964469467
549,1398,1102,8,9.118728510486134
549,1013,1276,1,8.190822817543284
549,1013,931,1,4.405443882921528
549,1013,885,2,3.46869779664105
549,834,965,1,3.83986736177262
549,659,783,5,5.809594285895007
549,1398,1106,1,11.562838367297022
549,1276,1229,1,3.959637309104105
549,931,849,3,4.4061387562478425
549,834,708,3,4.389831624444016
549,1398,1068,12,16.00213801732287
549,1229,1398,1,5.282433425576492
549,1229,1102,2,3.8392690799482057
549,1276,1102,1,4.836798739646007
549,1106,1102,1,3.80171314717607
549,1013,783,2,15.308499342485224
549,882,708,1,4.837510953567602
549,882,834,1,4.883195120135012
549,1276,783,1,22.606377139254327
549,917,659,1,6.671695598673383
549,931,882,1,5.812636165404913
549,708,783,1,10.697285568723771
549,885,834,1,7.688685710981335
549,659,885,1,11.84843418422244
549,783,882,1,12.561839638690564
549,783,931,1,18.3740064075405
549,783,1182,1,15.175538880502293
549,783,1091,1,10.241109598832232
549,783,849,1,21.903135562742808
549,783,672,1,17.445012141301472
549,672,882,1,7.316385892068044
549,965,885,1,6.123119155303686
549,965,783,1,10.498093903671007
549,1229,1182,1,3.960024365898536
550,659,783,2,5.809594285895007
550,1229,1102,1,3.8392690799482057
550,834,882,1,4.883195120135012
550,834,849,1,14.265481524111957
550,882,885,1,2.852794790784161
550,1276,783,1,22.606377139254327
550,931,885,1,3.0617002345235647
550,931,783,1,18.3740064075405
550,1182,783,1,15.175538880502293
550,708,783,1,10.697285568723771
550,885,931,1,3.0617002345235647
550,885,783,1,15.378166398318458
550,659,965,1,9.121352246650094
550,1398,965,1,11.479089287938937
550,1102,1106,1,3.80171314717607
550,1102,1229,1,3.8392690799482057
550,849,931,1,4.4061387562478425
550,1106,931,1,5.283575443416337
550,783,931,1,18.3740064075405
550,783,834,1,7.689481736045675
550,783,1091,2,10.241109598832232
550,783,566,1,5.876334276322891
550,965,885,1,6.123119155303686
551,1229,1102,1,3.8392690799482057
551,965,834,1,3.83986736177262
551,931,783,1,18.3740064075405
551,834,783,1,7.689481736045675
551,566,783,1,5.876334276322891
551,1106,1013,1,7.015517581545067
551,882,535,1,9.342211452816104
551,931,882,2,5.812636165404913
551,1182,783,1,15.175538880502293
551,708,834,1,4.389831624444016
551,708,885,1,6.511469320496247
551,708,1091,1,10.705966675099036
551,708,783,1,10.697285568723771
551,885,931,1,3.0617002345235647
551,885,834,2,7.688685710981335
551,1102,1276,1,4.836798739646007
551,1102,659,1,16.62723071775665
551,849,931,1,4.4061387562478425
551,849,508,1,9.342303526294996
551,535,849,1,14.6134281539242
551,783,882,1,12.561839638690564
551,783,834,1,7.689481736045675
551,783,566,1,5.876334276322891
551,965,931,1,8.628970001760946
552,834,783,4,7.689481736045675
552,659,535,1,5.810827883107414
552,535,882,1,9.342211452816104
552,882,1013,1,3.839767699909249
552,882,965,1,3.616965677313317
552,1276,783,1,22.606377139254327
552,855,783,1,27.60378823743443
552,931,849,1,4.4061387562478425
552,931,783,1,18.3740064075405
552,885,965,1,6.123119155303686
552,1091,783,1,10.241109598832232
552,1102,885,1,5.875878565174106
552,1102,783,1,18.800951364959644
552,849,931,1,4.4061387562478425
552,1013,1106,1,7.015517581545067
552,783,1106,1,22.318447076891776
552,783,965,1,10.498093903671007
552,783,1229,1,18.841160835534616
553,965,834,3,3.83986736177262
553,917,783,1,5.8083597500151045
553,965,783,3,10.498093903671007
553,1229,783,5,18.841160835534616
553,1276,1106,2,4.836798739645476
553,708,882,1,4.837510953567602
553,659,708,2,5.815596432206299
553,659,834,3,5.284552964469467
553,1013,1102,1,3.616251246210677
553,1013,965,1,4.881725510082577
553,1013,1229,1,5.640389822593795
553,708,783,2,10.697285568723771
553,1106,1102,1,3.80171314717607
553,965,885,1,6.123119155303686
553,965,1013,3,4.881725510082577
553,1229,1276,1,3.959637309104105
553,1229,1102,1,3.8392690799482057
553,1229,1013,1,5.640389822593795
553,1276,783,1,22.606377139254327
553,931,885,1,3.0617002345235647
553,931,672,1,6.73915242731767
553,1182,965,1,5.875748248781206
553,508,783,1,25.93420023872912
553,885,882,1,2.852794790784161
553,1091,965,1,4.388654712140797
553,1102,783,1,18.800951364959644
553,535,965,1,11.11949266445603
553,783,882,1,12.561839638690564
553,783,1276,2,22.606377139254327
553,783,708,1,10.697285568723771
553,783,834,1,7.689481736045675
553,783,659,2,5.809594285895007
553,672,931,1,6.73915242731767
553,1229,965,1,8.77672016628073
554,1276,1182,1,7.919661523440269
554,659,708,1,5.815596432206299
554,931,783,1,18.3740064075405
554,708,535,2,4.548441137468074
554,659,783,1,5.809594285895007
554,1102,1106,2,3.80171314717607
554,882,708,1,4.837510953567602
554,882,885,1,2.852794790784161
554,882,1229,1,9.341474227178574
554,1276,1229,1,3.959637309104105
554,708,834,1,4.389831624444016
554,834,708,2,4.389831624444016
554,834,659,1,5.284552964469467
554,834,783,3,7.689481736045675
554,359,783,1,12.499801205497114
554,885,1013,1,3.46869779664105
554,885,965,1,6.123119155303686
554,1106,931,1,5.283575443416337
554,1106,849,1,6.739095652327052
554,1106,1013,1,7.015517581545067
554,1106,965,1,11.884713829537391
554,1013,1102,1,3.616251246210677
554,783,882,1,12.561839638690564
554,783,1276,1,22.606377139254327
554,783,834,2,7.689481736045675
554,783,1398,1,19.874616662347663
554,783,849,1,21.903135562742808
554,672,1068,1,13.168317290084476
554,965,882,1,3.616965677313317
554,1229,783,1,18.841160835534616
555,708,882,2,4.837510953567602
555,1182,931,1,9.422487826577225
555,931,1276,1,8.946223146223524
555,535,708,2,4.548441137468074
555,882,931,1,5.812636165404913
555,882,535,1,9.342211452816104
555,1276,783,2,22.606377139254327
555,708,783,1,10.697285568723771
555,834,882,2,4.883195120135012
555,834,708,1,4.389831624444016
555,834,783,2,7.689481736045675
555,885,882,2,2.852794790784161
555,659,1229,1,17.8420518180728
555,1102,783,1,18.800951364959644
555,849,931,1,4.4061387562478425
555,1013,931,1,4.405443882921528
555,1013,885,1,3.46869779664105
555,1013,783,1,15.308499342485224
555,783,917,2,5.8083597500151045
555,783,535,1,11.620421645142477
555,1229,708,1,14.16486062369625
555,1229,659,1,17.8420518180728
556,931,849,3,4.4061387562478425
556,535,783,2,11.620421645142477
556,917,783,2,5.8083597500151045
556,885,849,1,6.749102957431653
556,882,708,1,4.837510953567602
556,882,885,1,2.852794790784161
556,882,1068,1,14.033707701296978
556,1276,1229,1,3.959637309104105
556,931,882,1,5.812636165404913
556,708,885,1,6.511469320496247
556,708,783,1,10.697285568723771
556,1435,783,1,17.957022310236383
556,659,965,1,9.121352246650094
556,1102,931,1,4.548251915941359
556,1013,931,1,4.405443882921528
556,783,931,1,18.3740064075405
556,783,834,2,7.689481736045675
556,783,659,1,5.809594285895007
556,965,882,1,3.616965677313317
556,965,659,1,9.121352246650094
556,965,1102,1,8.304116264398273
556,1229,783,1,18.841160835534616
557,1182,1091,2,5.24631154396119
557,672,708,1,6.751878981086827
557,672,965,1,10.884705359638655
557,1091,783,1,10.241109598832232
557,1229,1013,1,5.640389822593795
557,1182,1229,6,3.960024365898536
557,359,783,1,12.499801205497114
557,885,931,1,3.0617002345235647
557,885,1013,2,3.46869779664105
557,659,783,5,5.809594285895007
557,1091,834,1,6.739095652327052
557,1276,1229,1,3.959637309104105
557,931,783,1,18.3740064075405
557,1182,885,1,8.662721360426067
557,834,783,3,7.689481736045675
557,885,882,2,2.852794790784161
557,1102,1106,2,3.80171314717607
557,882,931,1,5.812636165404913
557,882,783,1,12.561839638690564
557,882,965,1,3.616965677313317
557,708,834,1,4.389831624444016
557,708,783,1,10.697285568723771
557,508,783,1,25.93420023872912
557,834,1091,3,6.739095652327052
557,885,783,1,15.378166398318458
557,659,1102,1,16.62723071775665
557,1398,1229,1,5.282433425576492
557,849,931,1,4.4061387562478425
557,849,885,1,6.749102957431653
557,1106,1102,1,3.80171314717607
557,535,885,1,10.569431103772471
557,1013,1102,1,3.616251246210677
557,783,882,1,12.561839638690564
557,783,1276,1,22.606377139254327
557,783,931,1,18.3740064075405
557,783,834,1,7.689481736045675
557,783,659,1,5.809594285895007
557,965,834,1,3.83986736177262
557,1229,783,2,18.841160835534616
558,1091,783,1,10.241109598832232
558,1229,1013,1,5.640389822593795
558,834,708,1,4.389831624444016
558,1276,783,1,22.606377139254327
558,1106,1102,1,3.80171314717607
558,1013,882,2,3.839767699909249
558,1013,834,1,8.005172893624191
558,882,931,1,5.812636165404913
558,882,535,1,9.342211452816104
558,882,1013,1,3.839767699909249
558,931,783,1,18.3740064075405
558,834,882,3,4.883195120135012
558,885,1276,1,10.705394585658723
558,885,783,1,15.378166398318458
558,659,783,1,5.809594285895007
558,783,882,3,12.561839638690564
558,783,1182,1,15.175538880502293
558,783,708,1,10.697285568723771
558,783,834,2,7.689481736045675
558,783,659,3,5.809594285895007
558,783,965,1,10.498093903671007
558,965,882,2,3.616965677313317
558,965,1091,1,4.388654712140797
558,1229,931,1,8.28950012214804
558,1229,1091,1,9.180034524729397
559,535,672,1,8.311483007291683
559,1182,783,1,15.175538880502293
559,834,965,2,3.83986736177262
559,1013,1068,1,11.461019980924313
559,834,672,1,10.50082625207165
559,1276,1102,1,4.836798739646007
559,931,882,1,5.812636165404913
559,931,849,1,4.4061387562478425
559,708,834,2,4.389831624444016
559,708,783,1,10.697285568723771
559,885,1106,1,7.965381677815221
559,659,783,1,5.809594285895007
559,1091,783,3,10.241109598832232
559,1102,834,1,11.614659746948035
559,1102,1229,1,3.8392690799482057
559,849,1102,1,8.191991396325179
559,849,672,1,6.511836392511076
559,1106,849,1,6.739095652327052
559,1013,885,1,3.46869779664105
559,783,931,1,18.3740064075405
559,783,834,1,7.689481736045675
559,783,535,2,11.620421645142477
559,783,965,1,10.498093903671007
559,965,1091,1,4.388654712140797
559,1229,783,1,18.841160835534616
560,834,659,2,5.284552964469467
560,535,783,1,11.620421645142477
560,672,931,1,6.73915242731767
560,965,783,1,10.498093903671007
560,885,965,1,6.123119155303686
560,882,885,1,2.852794790784161
560,882,783,1,12.561839638690564
560,882,965,1,3.616965677313317
560,931,849,2,4.4061387562478425
560,834,882,1,4.883195120135012
560,834,708,1,4.389831624444016
560,659,783,1,5.809594285895007
560,1091,783,1,10.241109598832232
560,535,708,1,4.548441137468074
560,783,708,1,10.697285568723771
560,783,659,1,5.809594285895007
560,783,965,1,10.498093903671007
560,965,882,1,3.616965677313317
560,1229,1102,2,3.8392690799482057
560,1229,1013,1,5.640389822593795
561,1182,783,2,15.175538880502293
561,834,1013,1,8.005172893624191
561,917,783,1,5.8083597500151045
561,1276,1229,1,3.959637309104105
561,708,882,2,4.837510953567602
561,834,783,5,7.689481736045675
561,885,1182,1,8.662721360426067
561,1276,1102,1,4.836798739646007
561,917,882,1,7.68788945836583
561,708,783,1,10.697285568723771
561,885,882,1,2.852794790784161
561,885,834,1,7.688685710981335
561,1398,783,1,19.874616662347663
561,1013,1182,1,5.283249325636405
561,1013,1091,1,7.92275625179966
561,882,885,1,2.852794790784161
561,882,783,2,12.561839638690564
561,931,1102,1,4.548251915941359
561,931,535,1,13.170081658182124
561,708,885,1,6.511469320496247
561,708,965,1,6.739138237495128
561,885,931,1,3.0617002345235647
561,659,535,1,5.810827883107414
561,1091,1398,1,9.6478124773512
561,1102,1106,1,3.80171314717607
561,1102,1229,1,3.8392690799482057
561,849,1102,1,8.191991396325179
561,1106,1068,1,4.880745078525951
561,535,672,1,8.311483007291683
561,783,1276,1,22.606377139254327
561,783,834,1,7.689481736045675
561,783,1013,1,15.308499342485224
561,783,672,1,17.445012141301472
561,783,965,1,10.498093903671007
561,783,1068,1,26.525178301273773
561,965,931,1,8.628970001760946
561,965,885,1,6.123119155303686
562,535,783,1,11.620421645142477
562,882,783,2,12.561839638690564
562,834,882,2,4.883195120135012
562,1091,783,1,10.241109598832232
562,882,885,1,2.852794790784161
562,882,1102,1,7.314751476768936
562,1276,1106,1,4.836798739645476
562,931,849,1,4.4061387562478425
562,931,672,1,6.73915242731767
562,1182,783,1,15.175538880502293
562,885,931,2,3.0617002345235647
562,885,834,1,7.688685710981335
562,659,1013,1,13.022203254976295
562,1102,783,1,18.800951364959644
562,1102,1229,1,3.8392690799482057
562,1106,783,1,22.318447076891776
562,535,849,1,14.6134281539242
562,783,882,1,12.561839638690564
562,965,882,1,3.616965677313317
562,1068,855,1,5.87594370452583
562,1068,849,1,6.736061142863373
563,885,882,1,2.852794790784161
563,882,834,1,4.883195120135012
563,882,1013,1,3.839767699909249
563,882,783,1,12.561839638690564
563,1182,1102,1,6.120304815079837
563,834,882,1,4.883195120135012
563,659,885,1,11.84843418422244
563,1102,849,1,8.191991396325179
563,1102,1106,1,3.80171314717607
563,1102,1013,1,3.616251246210677
563,566,783,1,5.876334276322891
563,1106,1276,1,4.836798739645476
563,1013,1229,1,5.640389822593795
563,783,917,1,5.8083597500151045
563,783,708,1,10.697285568723771
563,783,834,1,7.689481736045675
563,965,882,1,3.616965677313317
563,1229,834,1,12.569063966979074
564,834,659,2,5.284552964469467
564,1276,1106,1,4.836798739645476
564,917,834,1,3.617203703030827
564,708,1091,1,10.705966675099036
564,834,708,1,4.389831624444016
564,885,931,1,3.0617002345235647
564,882,885,2,2.852794790784161
564,882,965,1,3.616965677313317
564,931,882,1,5.812636165404913
564,931,1102,1,4.548251915941359
564,659,783,1,5.809594285895007
564,1102,1013,1,3.616251246210677
564,1013,885,1,3.46869779664105
564,1013,965,1,4.881725510082577
564,783,885,1,15.378166398318458
564,783,659,2,5.809594285895007
564,783,849,1,21.903135562742808
564,783,965,1,10.498093903671007
564,783,1229,1,18.841160835534616
564,672,708,1,6.751878981086827
564,965,834,1,3.83986736177262
564,965,783,1,10.498093903671007
564,1068,1276,1,8.66943360865319
564,1229,1102,1,3.8392690799482057
565,535,783,1,11.620421645142477
565,834,885,1,7.688685710981335
565,885,882,7,2.852794790784161
565,708,965,5,6.739138237495128
565,834,965,3,3.83986736177262
565,1091,783,3,10.241109598832232
565,708,885,1,6.511469320496247
565,1182,882,1,7.841474878454721
565,1182,885,1,8.662721360426067
565,708,659,1,5.815596432206299
565,708,783,1,10.697285568723771
565,834,708,2,4.389831624444016
565,885,931,1,3.0617002345235647
565,1102,882,2,7.314751476768936
565,535,708,1,4.548441137468074
565,917,783,1,5.8083597500151045
565,834,1091,1,6.739095652327052
565,1102,1106,1,3.80171314717607
565,1102,1068,1,8.626274418583195
565,566,783,1,5.876334276322891
565,535,659,1,5.810827883107414
565,882,885,1,2.852794790784161
565,882,783,1,12.561839638690564
565,1276,783,1,22.606377139254327
565,708,882,1,4.837510953567602
565,708,834,1,4.389831624444016
565,885,783,2,15.378166398318458
565,659,783,1,5.809594285895007
565,1102,1276,1,4.836798739646007
565,849,508,1,9.342303526294996
565,849,672,1,6.511836392511076
565,1106,1102,1,3.80171314717607
565,783,882,1,12.561839638690564
565,783,931,1,18.3740064075405
565,965,882,1,3.616965677313317
565,965,783,1,10.498093903671007
565,1229,885,1,8.89559413156451
566,882,931,1,5.812636165404913
566,882,885,1,2.852794790784161
566,882,783,1,12.561839638690564
566,1276,1106,1,4.836798739645476
566,931,882,1,5.812636165404913
566,708,882,1,4.837510953567602
566,834,659,1,5.284552964469467
566,885,882,2,2.852794790784161
566,885,931,1,3.0617002345235647
566,659,783,1,5.809594285895007
566,659,965,1,9.121352246650094
566,1091,1398,1,9.6478124773512
566,1398,1276,1,7.438993890374081
566,1102,1106,1,3.80171314717607
566,1013,882,1,3.839767699909249
566,1013,931,1,4.405443882921528
566,783,882,1,12.561839638690564
566,783,359,1,12.499801205497114
566,783,965,1,10.498093903671007
567,882,931,1,5.812636165404913
567,882,708,1,4.837510953567602
567,882,885,1,2.852794790784161
567,882,1013,1,3.839767699909249
567,1276,1106,1,4.836798739645476
567,931,659,1,14.893741670685255
567,931,849,3,4.4061387562478425
567,708,882,1,4.837510953567602
567,834,885,1,7.688685710981335
567,834,659,1,5.284552964469467
567,885,965,1,6.123119155303686
567,659,535,1,5.810827883107414
567,659,783,1,5.809594285895007
567,1091,783,1,10.241109598832232
567,783,931,1,18.3740064075405
567,783,708,2,10.697285568723771
567,783,659,1,5.809594285895007
567,783,849,1,21.903135562742808
567,783,1106,1,22.318447076891776
567,783,535,1,11.620421645142477
567,965,834,1,3.83986736177262
567,965,1091,1,4.388654712140797
567,965,783,1,10.498093903671007
567,1229,1398,1,5.282433425576492
568,535,834,1,8.012842951904279
568,849,1068,1,6.736061142863373
568,849,783,1,21.903135562742808
568,882,834,1,4.883195120135012
568,708,535,1,4.548441137468074
568,508,783,1,25.93420023872912
568,834,783,1,7.689481736045675
568,885,882,1,2.852794790784161
568,885,1229,1,8.89559413156451
568,659,535,1,5.810827883107414
568,1091,965,1,4.388654712140797
568,535,882,1,9.342211452816104
568,1013,885,1,3.46869779664105
568,783,708,1,10.697285568723771
568,783,885,1,15.378166398318458
568,783,965,1,10.498093903671007
568,965,882,2,3.616965677313317
568,965,708,1,6.739138237495128
569,1182,882,1,7.841474878454721
569,834,882,1,4.883195120135012
569,834,931,1,10.694040075602611
569,834,659,1,5.284552964469467
569,566,783,1,5.876334276322891
569,882,931,1,5.812636165404913
569,882,708,1,4.837510953567602
569,882,834,1,4.883195120135012
569,1276,1013,1,8.190822817543284
569,855,885,1,12.412669367198909
569,931,885,1,3.0617002345235647
569,931,849,1,4.4061387562478425
569,708,882,1,4.837510953567602
569,359,783,1,12.499801205497114
569,885,931,1,3.0617002345235647
569,885,1013,1,3.46869779664105
569,659,783,1,5.809594285895007
569,849,1106,1,6.739095652327052
569,1106,882,1,10.203820878312005
569,1106,1068,1,4.880745078525951
569,1013,885,1,3.46869779664105
569,783,708,1,10.697285568723771
569,783,834,2,7.689481736045675
569,783,659,1,5.809594285895007
569,783,965,2,10.498093903671007
569,965,1102,1,8.304116264398273
569,1229,1013,1,5.640389822593795
570,1013,1091,1,7.92275625179966
570,882,931,1,5.812636165404913
570,882,834,1,4.883195120135012
570,882,885,1,2.852794790784161
570,708,885,1,6.511469320496247
570,834,659,1,5.284552964469467
570,834,1106,1,14.888705663916236
570,885,1068,1,11.364565785437158
570,659,834,1,5.284552964469467
570,659,535,1,5.810827883107414
570,849,855,1,5.706192977162224
570,1106,885,1,7.965381677815221
570,535,1229,1,18.68368505463088
570,783,855,1,27.60378823743443
570,783,931,1,18.3740064075405
570,783,659,1,5.809594285895007
570,783,672,1,17.445012141301472
570,672,885,1,5.876204136119103
570,965,834,1,3.83986736177262
570,965,1091,1,4.388654712140797
571,1229,1102,1,3.8392690799482057
571,882,931,1,5.812636165404913
571,882,834,3,4.883195120135012
571,882,885,1,2.852794790784161
571,931,359,1,19.02514721551251
571,931,535,1,13.170081658182124
571,931,1013,1,4.405443882921528
571,931,783,1,18.3740064075405
571,931,1229,1,8.28950012214804
571,834,965,1,3.83986736177262
571,885,882,1,2.852794790784161
571,659,917,1,6.671695598673383
571,1398,1276,1,7.438993890374081
571,849,1182,1,13.728760504847472
571,1106,1102,1,3.80171314717607
571,535,834,1,8.012842951904279
571,1013,885,1,3.46869779664105
571,783,882,2,12.561839638690564
571,783,834,1,7.689481736045675
571,783,359,1,12.499801205497114
571,783,965,1,10.498093903671007
571,965,1182,1,5.875748248781206
571,1068,1106,1,4.880745078525951
572,1182,882,1,7.841474878454721
572,1276,1106,1,4.836798739645476
572,882,834,2,4.883195120135012
572,882,1013,1,3.839767699909249
572,882,965,2,3.616965677313317
572,931,882,1,5.812636165404913
572,931,849,1,4.4061387562478425
572,708,834,1,4.389831624444016
572,834,931,1,10.694040075602611
572,834,1091,1,6.739095652327052
572,834,965,1,3.83986736177262
572,885,882,1,2.852794790784161
572,885,672,1,5.876204136119103
572,1013,834,1,8.005172893624191
572,1013,965,1,4.881725510082577
572,783,931,1,18.3740064075405
572,783,508,1,25.93420023872912
572,783,566,1,5.876334276322891
572,783,672,1,17.445012141301472
572,783,965,1,10.498093903671007
572,672,849,1,6.511836392511076
572,965,1091,1,4.388654712140797
573,1276,1102,1,4.836798739646007
573,1398,1013,1,10.186376382121452
573,882,708,1,4.837510953567602
573,882,965,1,3.616965677313317
573,931,849,1,4.4061387562478425
573,834,931,1,10.694040075602611
573,834,885,1,7.688685710981335
573,885,882,1,2.852794790784161
573,1102,882,1,7.314751476768936
573,1102,965,1,8.304116264398273
573,1102,1229,1,3.8392690799482057
573,566,783,1,5.876334276322891
573,535,834,1,8.012842951904279
573,535,885,1,10.569431103772471
573,1013,1229,1,5.640389822593795
573,783,659,3,5.809594285895007
573,783,965,1,10.498093903671007
573,783,1229,2,18.841160835534616
573,965,882,1,3.616965677313317
573,965,834,1,3.83986736177262
573,965,1102,1,8.304116264398273
573,1068,931,1,8.304853837171269
573,1229,535,1,18.68368505463088
574,1013,1182,1,5.283249325636405
574,882,931,1,5.812636165404913
574,882,885,1,2.852794790784161
574,882,1102,1,7.314751476768936
574,882,1013,1,3.839767699909249
574,1182,882,1,7.841474878454721
574,708,882,1,4.837510953567602
574,834,535,1,8.012842951904279
574,885,931,1,3.0617002345235647
574,1091,1182,1,5.24631154396119
574,849,834,2,14.265481524111957
574,849,783,1,21.903135562742808
574,1106,1398,1,11.562838367297022
574,783,931,1,18.3740064075405
574,783,1182,1,15.175538880502293
574,783,834,1,7.689481736045675
575,931,849,1,4.4061387562478425
575,885,882,1,2.852794790784161
575,659,783,1,5.809594285895007
575,1102,1013,1,3.616251246210677
575,1013,1102,1,3.616251246210677
575,783,834,1,7.689481736045675
575,783,885,1,15.378166398318458
575,1229,1276,1,3.959637309104105
576,849,834,1,14.265481524111957
576,708,882,1,4.837510953567602
576,885,882,1,2.852794790784161
576,885,1013,1,3.46869779664105
576,885,672,1,5.876204136119103
576,659,849,1,17.69046303867574
576,1398,783,1,19.874616662347663
576,783,882,2,12.561839638690564
576,783,834,1,7.689481736045675
576,783,1435,1,17.957022310236383
576,783,849,1,21.903135562742808
576,783,1106,1,22.318447076891776
576,783,965,2,10.498093903671007
576,965,882,2,3.616965677313317
576,965,672,1,10.884705359638655
576,1068,855,1,5.87594370452583
576,1229,834,1,12.569063966979074
576,1229,1102,1,3.8392690799482057
577,849,834,2,14.265481524111957
577,931,672,1,6.73915242731767
577,834,882,1,4.883195120135012
577,834,1276,1,15.929463663685272
577,834,566,1,11.619599142411865
577,659,834,1,5.284552964469467
577,1106,885,1,7.965381677815221
577,1106,1102,1,3.80171314717607
577,1106,849,1,6.739095652327052
577,965,931,1,8.628970001760946
577,1229,917,1,13.03447967117419
578,1276,1102,1,4.836798739646007
578,931,659,1,14.893741670685255
578,931,672,1,6.73915242731767
578,834,1229,1,12.569063966979074
578,885,659,1,11.84843418422244
578,885,672,1,5.876204136119103
578,659,708,1,5.815596432206299
578,1102,1106,1,3.80171314717607
578,1102,965,1,8.304116264398273
578,1106,834,1,14.888705663916236
578,783,885,1,15.378166398318458
578,1068,855,1,5.87594370452583
579,1229,359,1,24.18755081700558
579,882,965,1,3.616965677313317
579,1182,1398,1,5.640321895106829
580,882,885,1,2.852794790784161
580,882,659,1,9.424155624926374
580,882,1102,1,7.314751476768936
580,882,1013,1,3.839767699909249
580,931,882,1,5.812636165404913
580,1013,1068,1,11.461019980924313
581,1229,1013,1,5.640389822593795
581,882,885,2,2.852794790784161
581,882,965,1,3.616965677313317
581,885,882,1,2.852794790784161
581,885,931,2,3.0617002345235647
582,882,965,1,3.616965677313317
582,1102,1229,1,3.8392690799482057
583,834,885,1,7.688685710981335
584,882,783,1,12.561839638690564
584,672,783,1,17.445012141301472
585,855,849,1,5.706192977162224
585,1182,965,1,5.875748248781206
585,885,783,1,15.378166398318458
585,885,672,1,5.876204136119103
586,882,783,1,12.561839638690564
586,708,783,1,10.697285568723771
586,834,783,2,7.689481736045675
586,1091,708,1,10.705966675099036
586,1102,1276,1,4.836798739646007
586,965,783,1,10.498093903671007
587,882,834,1,4.883195120135012
587,882,783,2,12.561839638690564
587,708,783,4,10.697285568723771
587,834,783,3,7.689481736045675
587,659,783,1,5.809594285895007
587,1091,783,1,10.241109598832232
587,1398,783,1,19.874616662347663
587,566,783,1,5.876334276322891
587,849,783,1,21.903135562742808
587,535,783,2,11.620421645142477
587,1229,783,1,18.841160835534616
588,882,931,1,5.812636165404913
588,882,783,2,12.561839638690564
588,882,965,1,3.616965677313317
588,1276,783,1,22.606377139254327
588,1276,1229,1,3.959637309104105
588,917,783,2,5.8083597500151045
588,1182,783,1,15.175538880502293
588,834,783,2,7.689481736045675
588,359,783,1,12.499801205497114
588,1435,783,1,17.957022310236383
588,659,783,3,5.809594285895007
588,1091,783,1,10.241109598832232
588,1102,1013,1,3.616251246210677
588,1106,1229,1,6.605818539698737
588,672,783,1,17.445012141301472
588,965,708,1,6.739138237495128
589,708,783,9,10.697285568723771
589,535,359,1,5.855067293961566
589,1370,783,1,30.28578929187396
589,566,783,1,5.876334276322891
589,1106,882,1,10.203820878312005
589,535,882,1,9.342211452816104
589,535,783,5,11.620421645142477
589,1229,1102,2,3.8392690799482057
589,1229,783,2,18.841160835534616
589,882,783,1,12.561839638690564
589,1276,1106,1,4.836798739645476
589,931,783,1,18.3740064075405
589,508,783,1,25.93420023872912
589,834,1276,1,15.929463663685272
589,359,783,1,12.499801205497114
589,885,783,3,15.378166398318458
589,659,783,1,5.809594285895007
589,1102,1013,1,3.616251246210677
589,849,855,1,5.706192977162224
589,849,885,1,6.749102957431653
589,965,535,1,11.11949266445603
589,965,783,3,10.498093903671007
590,535,783,1,11.620421645142477
590,1276,1106,1,4.836798739645476
590,359,783,1,12.499801205497114
590,1102,783,1,18.800951364959644
590,882,1102,1,7.314751476768936
590,855,834,1,19.971672663678955
590,931,885,1,3.0617002345235647
590,885,834,1,7.688685710981335
590,1102,885,1,5.875878565174106
590,1106,783,1,22.318447076891776
590,1013,1276,1,8.190822817543284
590,1013,783,1,15.308499342485224
590,783,882,1,12.561839638690564
590,965,882,2,3.616965677313317
590,965,885,1,6.123119155303686
590,965,783,2,10.498093903671007
590,1068,834,1,18.901027647971706
590,1229,834,1,12.569063966979074
591,1276,783,1,22.606377139254327
591,834,885,2,7.688685710981335
591,834,783,1,7.689481736045675
591,885,783,1,15.378166398318458
591,1102,1276,1,4.836798739646007
591,834,965,1,3.83986736177262
591,885,882,1,2.852794790784161
591,882,1276,1,12.01740314095659
591,882,834,1,4.883195120135012
591,882,535,1,9.342211452816104
591,885,931,1,3.0617002345235647
591,1013,1182,1,5.283249325636405
591,783,834,1,7.689481736045675
591,783,965,2,10.498093903671007
591,965,783,1,10.498093903671007
592,1276,783,2,22.606377139254327
592,1182,1229,1,3.960024365898536
592,834,783,1,7.689481736045675
592,885,783,2,15.378166398318458
592,931,783,1,18.3740064075405
592,882,931,1,5.812636165404913
592,882,783,1,12.561839638690564
592,834,708,1,4.389831624444016
592,1106,834,1,14.888705663916236
592,535,834,1,8.012842951904279
592,965,882,1,3.616965677313317
593,535,783,4,11.620421645142477
593,834,783,10,7.689481736045675
593,1435,783,1,17.957022310236383
593,659,783,3,5.809594285895007
593,1102,1276,1,4.836798739646007
593,1435,834,1,15.596269779590257
593,1091,1182,2,5.24631154396119
593,1398,783,1,19.874616662347663
593,1229,1276,1,3.959637309104105
593,1182,834,1,9.674230674179531
593,1182,783,3,15.175538880502293
593,1091,659,1,11.28096621772052
593,1091,783,2,10.241109598832232
593,882,783,1,12.561839638690564
593,1182,1091,1,5.24631154396119
593,359,783,1,12.499801205497114
593,1398,1276,1,7.438993890374081
593,1398,1182,1,5.640321895106829
593,1102,1182,1,6.120304815079837
593,566,659,1,7.02219411294688
593,1106,1276,1,4.836798739645476
593,917,1091,1,4.837115435970083
593,931,882,1,5.812636165404913
593,931,965,1,8.628970001760946
593,708,783,1,10.697285568723771
593,834,882,1,4.883195120135012
593,834,1091,2,6.739095652327052
593,834,965,1,3.83986736177262
593,849,783,1,21.903135562742808
593,783,834,1,7.689481736045675
593,672,535,1,8.311483007291683
593,1229,882,1,9.341474227178574
593,1229,1182,1,3.960024365898536
593,1229,834,1,12.569063966979074
593,1229,1068,1,11.360488351411393
594,659,783,1,5.809594285895007
594,1276,1182,1,7.919661523440269
594,1276,783,1,22.606377139254327
594,882,931,2,5.812636165404913
594,882,834,1,4.883195120135012
594,1182,783,1,15.175538880502293
594,834,1276,1,15.929463663685272
594,834,1182,1,9.674230674179531
594,834,708,1,4.389831624444016
594,834,965,1,3.83986736177262
594,1091,917,1,4.837115435970083
594,535,783,1,11.620421645142477
594,783,931,1,18.3740064075405
594,783,834,1,7.689481736045675
594,783,965,1,10.498093903671007
594,965,1276,1,12.284417645367478
594,965,834,2,3.83986736177262
595,931,885,2,3.0617002345235647
595,917,965,1,4.882215518422521
595,931,783,1,18.3740064075405
595,708,882,1,4.837510953567602
595,882,1182,1,7.841474878454721
595,1276,1229,1,3.959637309104105
595,834,917,1,3.617203703030827
595,834,1182,2,9.674230674179531
595,834,659,1,5.284552964469467
595,659,882,1,9.424155624926374
595,783,1276,2,22.606377139254327
595,783,1182,1,15.175538880502293
595,783,708,1,10.697285568723771
595,783,834,2,7.689481736045675
595,783,965,1,10.498093903671007
595,965,834,1,3.83986736177262
595,965,783,1,10.498093903671007
595,1068,834,1,18.901027647971706
596,834,783,3,7.689481736045675
596,917,783,1,5.8083597500151045
596,885,834,1,7.688685710981335
596,882,1229,1,9.341474227178574
596,1229,1102,1,3.8392690799482057
596,882,885,1,2.852794790784161
596,1276,855,1,14.029505033457104
596,1276,783,1,22.606377139254327
596,708,535,1,4.548441137468074
596,834,1106,1,14.888705663916236
596,885,1013,1,3.46869779664105
596,659,834,1,5.284552964469467
596,783,708,1,10.697285568723771
596,783,834,1,7.689481736045675
596,783,885,1,15.378166398318458
597,834,783,7,7.689481736045675
597,1229,1276,5,3.959637309104105
597,849,882,1,9.574606006915822
597,708,834,3,4.389831624444016
597,885,882,5,2.852794790784161
597,885,783,1,15.378166398318458
597,1106,783,1,22.318447076891776
597,672,1276,1,15.682986279658085
597,931,882,4,5.812636165404913
597,1398,708,1,17.892467590192613
597,1398,783,1,19.874616662347663
597,1398,1229,1,5.282433425576492
597,1102,931,1,4.548251915941359
597,566,834,1,11.619599142411865
597,566,783,1,5.876334276322891
597,535,708,1,4.548441137468074
597,1013,1102,1,3.616251246210677
597,882,783,5,12.561839638690564
597,359,783,1,12.499801205497114
597,659,783,3,5.809594285895007
597,1102,882,1,7.314751476768936
597,1102,783,3,18.800951364959644
597,1106,1276,1,4.836798739645476
597,1013,1182,2,5.283249325636405
597,1370,783,1,30.28578929187396
597,1229,783,2,18.841160835534616
597,882,885,1,2.852794790784161
597,566,659,1,7.02219411294688
597,535,783,1,11.620421645142477
597,1276,1398,1,7.438993890374081
597,917,834,1,3.617203703030827
597,931,849,1,4.4061387562478425
597,834,882,3,4.883195120135012
597,885,834,1,7.688685710981335
597,1091,659,1,11.28096621772052
597,1102,885,1,5.875878565174106
597,849,508,1,9.342303526294996
597,535,834,1,8.012842951904279
597,1013,834,1,8.005172893624191
597,783,834,3,7.689481736045675
597,783,659,1,5.809594285895007
597,783,535,1,11.620421645142477
597,965,783,1,10.498093903671007
597,1068,849,1,6.736061142863373
598,834,783,5,7.689481736045675
598,849,1106,1,6.739095652327052
598,882,931,1,5.812636165404913
598,882,885,1,2.852794790784161
598,885,931,1,3.0617002345235647
598,834,708,3,4.389831624444016
598,882,834,2,4.883195120135012
598,882,965,1,3.616965677313317
598,931,885,1,3.0617002345235647
598,1182,783,1,15.175538880502293
598,708,882,1,4.837510953567602
598,708,834,1,4.389831624444016
598,834,882,1,4.883195120135012
598,834,965,1,3.83986736177262
598,849,885,1,6.749102957431653
598,535,834,1,8.012842951904279
598,783,659,1,5.809594285895007
598,783,566,1,5.876334276322891
598,783,965,1,10.498093903671007
598,1229,1106,1,6.605818539698737
599,931,855,1,9.765900232263595
599,931,783,1,18.3740064075405
599,882,885,2,2.852794790784161
599,882,783,2,12.561839638690564
599,1276,1102,1,4.836798739646007
599,1182,783,1,15.175538880502293
599,1182,965,1,5.875748248781206
599,708,535,1,4.548441137468074
599,708,783,1,10.697285568723771
599,834,1182,1,9.674230674179531
599,834,659,2,5.284552964469467
599,885,931,1,3.0617002345235647
599,659,783,1,5.809594285895007
599,1102,1106,1,3.80171314717607
599,1106,931,1,5.283575443416337
599,1106,849,1,6.739095652327052
599,783,882,1,12.561839638690564
599,783,917,1,5.8083597500151045
599,783,931,1,18.3740064075405
599,783,834,2,7.689481736045675
599,783,659,1,5.809594285895007
599,783,965,1,10.498093903671007
599,965,1013,1,4.881725510082577
599,965,783,1,10.498093903671007
600,917,783,1,5.8083597500151045
600,931,783,3,18.3740064075405
600,535,882,1,9.342211452816104
600,1013,931,1,4.405443882921528
600,849,834,1,14.265481524111957
600,882,708,1,4.837510953567602
600,882,359,1,14.913468445035848
600,882,885,1,2.852794790784161
600,882,783,1,12.561839638690564
600,1276,1398,1,7.438993890374081
600,1276,1013,1,8.190822817543284
600,1182,783,1,15.175538880502293
600,708,834,1,4.389831624444016
600,834,882,2,4.883195120135012
600,834,917,1,3.617203703030827
600,834,931,1,10.694040075602611
600,885,882,2,2.852794790784161
600,885,1013,1,3.46869779664105
600,885,783,1,15.378166398318458
600,783,885,1,15.378166398318458
600,783,1013,1,15.308499342485224
600,965,882,1,3.616965677313317
600,965,917,1,4.882215518422521
600,965,834,1,3.83986736177262
601,917,783,3,5.8083597500151045
601,1068,931,1,8.304853837171269
601,1013,882,1,3.839767699909249
601,1068,783,1,26.525178301273773
601,1091,783,1,10.241109598832232
601,1435,783,1,17.957022310236383
601,1013,783,2,15.308499342485224
601,672,931,1,6.73915242731767
601,1370,783,2,30.28578929187396
601,1068,1276,1,8.66943360865319
601,1068,1106,1,4.880745078525951
601,1229,1013,2,5.640389822593795
601,1182,885,2,8.662721360426067
601,834,783,5,7.689481736045675
601,834,965,3,3.83986736177262
601,535,783,1,11.620421645142477
601,965,783,1,10.498093903671007
601,1229,882,1,9.341474227178574
601,1229,1276,2,3.959637309104105
601,1229,783,1,18.841160835534616
601,882,885,2,2.852794790784161
601,931,708,1,9.423506251261468
601,708,834,1,4.389831624444016
601,708,965,1,6.739138237495128
601,885,1102,1,5.875878565174106
601,659,834,1,5.284552964469467
601,1102,783,1,18.800951364959644
601,1013,885,1,3.46869779664105
601,783,882,2,12.561839638690564
601,672,1068,1,13.168317290084476
602,1102,1106,1,3.80171314717607
602,965,834,4,3.83986736177262
602,882,931,1,5.812636165404913
602,882,834,1,4.883195120135012
602,882,885,1,2.852794790784161
602,882,783,1,12.561839638690564
602,882,965,1,3.616965677313317
602,1276,783,2,22.606377139254327
602,917,1091,1,4.837115435970083
602,931,849,2,4.4061387562478425
602,931,783,1,18.3740064075405
602,708,882,1,4.837510953567602
602,834,882,1,4.883195120135012
602,834,783,1,7.689481736045675
602,885,882,1,2.852794790784161
602,885,834,1,7.688685710981335
602,885,849,1,6.749102957431653
602,885,783,1,15.378166398318458
602,566,783,1,5.876334276322891
602,1013,882,1,3.839767699909249
602,1013,965,1,4.881725510082577
602,783,834,2,7.689481736045675
602,1068,783,1,26.525178301273773
603,834,885,3,7.688685710981335
603,834,965,3,3.83986736177262
603,834,659,1,5.284552964469467
603,1091,965,1,4.388654712140797
603,849,1068,1,6.736061142863373
603,834,708,1,4.389831624444016
603,849,885,1,6.749102957431653
603,882,1276,1,12.01740314095659
603,882,708,1,4.837510953567602
603,882,965,1,3.616965677313317
603,1276,783,1,22.606377139254327
603,1276,1229,1,3.959637309104105
603,855,849,1,5.706192977162224
603,931,855,1,9.765900232263595
603,885,834,2,7.688685710981335
603,849,783,1,21.903135562742808
603,1013,885,1,3.46869779664105
603,783,882,2,12.561839638690564
603,783,834,1,7.689481736045675
603,783,1091,1,10.241109598832232
603,783,1102,1,18.800951364959644
603,783,965,1,10.498093903671007
603,965,882,1,3.616965677313317
603,965,708,1,6.739138237495128
604,965,783,2,10.498093903671007
604,708,535,1,4.548441137468074
604,834,1106,1,14.888705663916236
604,708,783,2,10.697285568723771
604,834,849,1,14.265481524111957
604,659,931,1,14.893741670685255
604,1068,931,1,8.304853837171269
604,1229,1013,1,5.640389822593795
604,882,834,4,4.883195120135012
604,882,885,2,2.852794790784161
604,882,1013,1,3.839767699909249
604,1276,783,1,22.606377139254327
604,834,965,1,3.83986736177262
604,885,882,1,2.852794790784161
604,885,1013,1,3.46869779664105
604,885,783,1,15.378166398318458
604,1102,1229,1,3.8392690799482057
604,1013,1182,1,5.283249325636405
604,783,882,2,12.561839638690564
604,783,917,1,5.8083597500151045
604,783,931,1,18.3740064075405
604,783,834,1,7.689481736045675
604,783,885,1,15.378166398318458
604,783,1106,1,22.318447076891776
605,1182,834,2,9.674230674179531
605,931,882,2,5.812636165404913
605,1182,1229,2,3.960024365898536
605,535,708,2,4.548441137468074
605,1370,965,28,19.81745132026361
605,1276,1106,1,4.836798739645476
605,917,965,1,4.882215518422521
605,931,849,1,4.4061387562478425
605,708,834,1,4.389831624444016
605,834,783,8,7.689481736045675
605,659,882,1,9.424155624926374
605,1102,931,1,4.548251915941359
605,1370,834,5,23.22436838511163
605,834,1182,1,9.674230674179531
605,1102,659,1,16.62723071775665
605,672,885,2,5.876204136119103
605,882,885,2,2.852794790784161
605,882,783,1,12.561839638690564
605,1276,1102,1,4.836798739646007
605,917,783,1,5.8083597500151045
605,931,1106,1,5.283575443416337
605,931,783,2,18.3740064075405
605,834,882,2,4.883195120135012
605,834,708,1,4.389831624444016
605,885,849,1,6.749102957431653
605,885,783,1,15.378166398318458
605,1106,849,1,6.739095652327052
605,783,882,1,12.561839638690564
605,783,834,1,7.689481736045675
605,783,885,1,15.378166398318458
605,783,1102,2,18.800951364959644
605,783,849,1,21.903135562742808
605,783,965,1,10.498093903671007
605,965,834,1,3.83986736177262
606,1370,882,1,18.783825554252072
606,931,885,1,3.0617002345235647
606,1182,1102,1,6.120304815079837
606,834,917,1,3.617203703030827
606,834,659,1,5.284552964469467
606,659,965,1,9.121352246650094
606,1102,1276,1,4.836798739646007
606,882,708,1,4.837510953567602
606,882,834,2,4.883195120135012
606,882,965,1,3.616965677313317
606,882,1229,1,9.341474227178574
606,708,783,1,10.697285568723771
606,834,882,1,4.883195120135012
606,834,783,2,7.689481736045675
606,885,882,1,2.852794790784161
606,1106,1276,2,4.836798739645476
606,1013,885,1,3.46869779664105
606,1013,1102,2,3.616251246210677
606,783,1276,2,22.606377139254327
606,783,672,1,17.445012141301472
606,783,965,1,10.498093903671007
606,965,882,1,3.616965677313317
606,1229,1276,1,3.959637309104105
607,1276,1106,1,4.836798739645476
607,1276,783,1,22.606377139254327
607,672,931,1,6.73915242731767
607,1370,882,2,18.783825554252072
607,1276,1229,2,3.959637309104105
607,708,783,2,10.697285568723771
607,834,708,1,4.389831624444016
607,834,783,1,7.689481736045675
607,834,965,1,3.83986736177262
607,659,882,1,9.424155624926374
607,1398,1276,1,7.438993890374081
607,1106,834,1,14.888705663916236
607,783,1276,1,22.606377139254327
607,783,708,1,10.697285568723771
607,783,834,2,7.689481736045675
607,783,885,1,15.378166398318458
607,783,1013,1,15.308499342485224
607,965,882,2,3.616965677313317
607,1229,1102,1,3.8392690799482057
608,1370,834,1,23.22436838511163
608,917,783,1,5.8083597500151045
608,855,849,1,5.706192977162224
608,931,849,1,4.4061387562478425
608,834,783,1,7.689481736045675
608,849,931,1,4.4061387562478425
608,1013,1398,1,10.186376382121452
608,783,882,1,12.561839638690564
608,783,708,1,10.697285568723771
608,783,834,2,7.689481736045675
608,783,566,1,5.876334276322891
608,783,965,1,10.498093903671007
609,672,849,1,6.511836392511076
609,1370,783,5,30.28578929187396
609,1182,783,2,15.175538880502293
609,659,834,2,5.284552964469467
609,1068,783,1,26.525178301273773
609,1068,1229,1,11.360488351411393
609,931,1102,2,4.548251915941359
609,931,783,2,18.3740064075405
609,659,783,2,5.809594285895007
609,882,931,1,5.812636165404913
609,882,708,1,4.837510953567602
609,1276,1182,1,7.919661523440269
609,931,535,1,13.170081658182124
609,708,885,1,6.511469320496247
609,708,783,1,10.697285568723771
609,708,1068,1,17.624551847596877
609,834,882,1,4.883195120135012
609,834,783,2,7.689481736045675
609,834,965,1,3.83986736177262
609,885,931,1,3.0617002345235647
609,885,672,1,5.876204136119103
609,849,931,1,4.4061387562478425
609,1106,1276,1,4.836798739645476
609,1013,965,1,4.881725510082577
609,783,882,1,12.561839638690564
609,783,1276,1,22.606377139254327
609,783,834,1,7.689481736045675
609,783,849,1,21.903135562742808
609,783,1106,1,22.318447076891776
609,783,965,1,10.498093903671007
609,783,1229,1,18.841160835534616
609,965,834,1,3.83986736177262
609,965,885,1,6.123119155303686
609,965,1013,1,4.881725510082577
609,1229,965,1,8.77672016628073
610,1276,1229,2,3.959637309104105
610,931,849,1,4.4061387562478425
610,1182,1229,1,3.960024365898536
610,535,783,1,11.620421645142477
610,882,708,1,4.837510953567602
610,931,885,1,3.0617002345235647
610,931,1102,1,4.548251915941359
610,834,708,1,4.389831624444016
610,834,1013,1,8.005172893624191
610,834,783,1,7.689481736045675
610,885,1102,2,5.875878565174106
610,885,849,1,6.749102957431653
610,1091,783,1,10.241109598832232
610,1102,882,1,7.314751476768936
610,1013,1398,1,10.186376382121452
610,783,882,1,12.561839638690564
610,783,834,1,7.689481736045675
610,783,885,1,15.378166398318458
610,783,535,1,11.620421645142477
610,783,1229,2,18.841160835534616
610,965,882,1,3.616965677313317
610,965,783,1,10.498093903671007
610,1229,783,1,18.841160835534616
611,1013,783,1,15.308499342485224
611,535,834,1,8.012842951904279
611,834,783,1,7.689481736045675
611,882,885,1,2.852794790784161
611,882,965,1,3.616965677313317
611,708,1091,1,10.705966675099036
611,708,783,1,10.697285568723771
611,708,965,1,6.739138237495128
611,834,917,1,3.617203703030827
611,834,965,1,3.83986736177262
611,885,849,2,6.749102957431653
611,1102,783,1,18.800951364959644
611,849,783,1,21.903135562742808
611,1106,834,1,14.888705663916236
611,783,882,2,12.561839638690564
611,783,1276,1,22.606377139254327
611,783,1182,1,15.175538880502293
611,783,834,1,7.689481736045675
611,783,566,1,5.876334276322891
611,783,535,1,11.620421645142477
611,783,1229,1,18.841160835534616
611,672,849,1,6.511836392511076
611,965,882,1,3.616965677313317
611,965,1276,1,12.284417645367478
611,965,834,2,3.83986736177262
611,1229,1013,1,5.640389822593795
612,535,834,1,8.012842951904279
612,1276,1068,1,8.66943360865319
612,1276,965,1,12.284417645367478
612,834,659,2,5.284552964469467
612,882,931,1,5.812636165404913
612,882,708,1,4.837510953567602
612,882,1013,1,3.839767699909249
612,882,965,1,3.616965677313317
612,1182,1398,1,5.640321895106829
612,708,535,1,4.548441137468074
612,834,708,1,4.389831624444016
612,834,783,1,7.689481736045675
612,834,965,1,3.83986736177262
612,885,931,1,3.0617002345235647
612,566,359,1,9.428696666120482
612,1013,1102,1,3.616251246210677
612,783,659,1,5.809594285895007
613,659,708,1,5.815596432206299
613,1276,855,1,14.029505033457104
613,1182,783,1,15.175538880502293
613,885,882,1,2.852794790784161
613,659,965,1,9.121352246650094
613,1013,931,1,4.405443882921528
613,1276,1106,1,4.836798739645476
613,931,885,1,3.0617002345235647
613,931,672,1,6.73915242731767
613,1182,965,1,5.875748248781206
613,931,849,2,4.4061387562478425
613,708,834,3,4.389831624444016
613,535,708,1,4.548441137468074
613,882,834,1,4.883195120135012
613,882,1013,1,3.839767699909249
613,708,535,1,4.548441137468074
613,834,882,1,4.883195120135012
613,885,1106,1,7.965381677815221
613,659,1091,1,11.28096621772052
613,1091,1276,1,13.129287540581574
613,1102,1091,1,10.454710779351652
613,849,508,1,9.342303526294996
613,535,834,1,8.012842951904279
613,783,659,1,5.809594285895007
613,783,1229,1,18.841160835534616
613,1229,1276,1,3.959637309104105
614,834,659,3,5.284552964469467
614,834,535,2,8.012842951904279
614,882,885,2,2.852794790784161
614,931,508,1,12.961089805583503
614,708,882,1,4.837510953567602
614,885,708,1,6.511469320496247
614,1091,965,1,4.388654712140797
614,783,1276,1,22.606377139254327
614,783,834,2,7.689481736045675
614,783,359,1,12.499801205497114
614,783,566,1,5.876334276322891
614,783,535,1,11.620421645142477
614,783,965,1,10.498093903671007
614,965,659,1,9.121352246650094
614,1229,885,2,8.89559413156451
614,1229,783,1,18.841160835534616
615,885,882,2,2.852794790784161
615,885,1013,2,3.46869779664105
615,834,965,1,3.83986736177262
615,1296,1182,1,14.636346421121209
615,882,834,1,4.883195120135012
615,882,885,1,2.852794790784161
615,1276,885,1,10.705394585658723
615,708,931,1,9.423506251261468
615,834,1091,1,6.739095652327052
615,1102,834,1,11.614659746948035
615,849,1106,1,6.739095652327052
615,849,1229,1,12.017793437809017
615,1106,965,1,11.884713829537391
615,1013,882,1,3.839767699909249
615,1013,1182,1,5.283249325636405
615,783,882,1,12.561839638690564
615,783,931,1,18.3740064075405
615,783,708,1,10.697285568723771
615,783,834,1,7.689481736045675
615,783,1435,1,17.957022310236383
615,783,566,1,5.876334276322891
615,1370,1068,1,7.841426035905807
615,965,882,2,3.616965677313317
615,965,1102,1,8.304116264398273
616,885,882,1,2.852794790784161
616,834,708,1,4.389831624444016
616,834,1229,2,12.569063966979074
616,885,931,1,3.0617002345235647
616,882,834,1,4.883195120135012
616,882,359,1,14.913468445035848
616,882,885,1,2.852794790784161
616,1276,1229,1,3.959637309104105
616,855,1068,1,5.87594370452583
616,931,882,1,5.812636165404913
616,931,849,1,4.4061387562478425
616,708,931,1,9.423506251261468
616,708,535,1,4.548441137468074
616,849,508,1,9.342303526294996
616,849,1106,1,6.739095652327052
616,535,708,1,4.548441137468074
616,1013,1182,2,5.283249325636405
616,783,855,1,27.60378823743443
616,783,359,2,12.499801205497114
616,783,1435,1,17.957022310236383
616,783,849,1,21.903135562742808
616,783,535,1,11.620421645142477
616,783,672,1,17.445012141301472
616,783,965,2,10.498093903671007
616,783,1068,1,26.525178301273773
616,783,1229,1,18.841160835534616
616,965,882,1,3.616965677313317
616,965,931,1,8.628970001760946
616,965,834,1,3.83986736177262
616,965,885,1,6.123119155303686
616,965,659,1,9.121352246650094
616,965,1013,1,4.881725510082577
616,1229,1106,1,6.605818539698737
617,885,882,1,2.852794790784161
617,834,882,1,4.883195120135012
617,834,783,2,7.689481736045675
617,1229,885,23,8.89559413156451
617,834,885,2,7.688685710981335
617,834,917,1,3.617203703030827
617,834,931,1,10.694040075602611
617,834,1091,2,6.739095652327052
617,1013,965,1,4.881725510082577
617,1229,882,1,9.341474227178574
617,882,708,1,4.837510953567602
617,882,834,3,4.883195120135012
617,882,965,2,3.616965677313317
617,1276,1229,1,3.959637309104105
617,1182,1013,1,5.283249325636405
617,708,535,1,4.548441137468074
617,885,708,1,6.511469320496247
617,659,834,1,5.284552964469467
617,849,931,1,4.4061387562478425
617,535,708,1,4.548441137468074
617,1013,1102,1,3.616251246210677
617,783,834,1,7.689481736045675
617,783,1068,1,26.525178301273773
618,834,965,1,3.83986736177262
618,855,1068,1,5.87594370452583
618,931,708,2,9.423506251261468
618,931,834,1,10.694040075602611
618,1182,1091,1,5.24631154396119
618,708,882,1,4.837510953567602
618,708,535,1,4.548441137468074
618,834,783,1,7.689481736045675
618,885,1013,1,3.46869779664105
618,849,1068,1,6.736061142863373
618,1013,882,1,3.839767699909249
618,783,834,1,7.689481736045675
618,783,885,1,15.378166398318458
618,783,566,1,5.876334276322891
618,783,965,1,10.498093903671007
618,672,885,1,5.876204136119103
618,965,882,3,3.616965677313317
618,965,1091,1,4.388654712140797
618,965,1013,1,4.881725510082577
618,1229,885,1,8.89559413156451
619,882,931,2,5.812636165404913
619,882,834,1,4.883195120135012
619,931,885,1,3.0617002345235647
619,931,672,1,6.73915242731767
619,931,1068,1,8.304853837171269
619,1182,965,1,5.875748248781206
619,708,672,1,6.751878981086827
619,834,882,1,4.883195120135012
619,834,931,1,10.694040075602611
619,834,566,1,11.619599142411865
619,834,535,1,8.012842951904279
619,885,672,1,5.876204136119103
619,849,1013,1,8.811582411969269
619,849,672,1,6.511836392511076
619,1106,931,1,5.283575443416337
619,1106,1013,1,7.015517581545067
619,783,882,2,12.561839638690564
619,783,931,1,18.3740064075405
619,783,834,2,7.689481736045675
619,783,885,1,15.378166398318458
619,783,566,2,5.876334276322891
619,783,1013,1,15.308499342485224
619,965,882,2,3.616965677313317
619,965,931,1,8.628970001760946
620,882,834,1,4.883195120135012
620,882,1102,1,7.314751476768936
620,931,1182,1,9.422487826577225
620,834,917,1,3.617203703030827
620,834,708,1,4.389831624444016
620,834,1102,1,11.614659746948035
620,834,535,1,8.012842951904279
620,885,849,1,6.749102957431653
620,885,1068,1,11.364565785437158
620,659,1091,1,11.28096621772052
620,1398,885,1,13.644566108710274
620,1013,882,1,3.839767699909249
620,1013,885,1,3.46869779664105
620,1013,1091,1,7.92275625179966
620,1013,1106,1,7.015517581545067
620,783,882,1,12.561839638690564
620,783,359,1,12.499801205497114
620,783,885,1,15.378166398318458
620,783,659,1,5.809594285895007
620,965,882,1,3.616965677313317
620,965,834,1,3.83986736177262
620,1229,1102,1,3.8392690799482057
620,1229,965,1,8.77672016628073
621,1370,855,2,13.377197086368376
621,1276,1102,1,4.836798739646007
621,1276,1229,1,3.959637309104105
621,1370,1068,1,7.841426035905807
621,1182,1229,2,3.960024365898536
621,834,1229,1,12.569063966979074
621,882,885,1,2.852794790784161
621,882,965,1,3.616965677313317
621,931,885,1,3.0617002345235647
621,931,1013,1,4.405443882921528
621,708,965,1,6.739138237495128
621,834,882,1,4.883195120135012
621,834,535,1,8.012842951904279
621,885,882,1,2.852794790784161
621,1091,965,1,4.388654712140797
621,1102,1229,1,3.8392690799482057
621,1106,672,1,11.752082528572066
621,535,359,1,5.855067293961566
621,783,882,1,12.561839638690564
621,783,708,1,10.697285568723771
621,783,1013,1,15.308499342485224
621,965,882,2,3.616965677313317
621,965,1102,1,8.304116264398273
622,855,1068,1,5.87594370452583
622,882,931,1,5.812636165404913
622,882,708,1,4.837510953567602
622,882,885,2,2.852794790784161
622,882,1091,1,7.965381677815221
622,882,1398,1,13.343391197346763
622,882,1106,1,10.203820878312005
622,882,965,1,3.616965677313317
622,931,659,1,14.893741670685255
622,1182,1013,1,5.283249325636405
622,885,1091,1,10.203820878312005
622,885,1102,1,5.875878565174106
622,885,535,1,10.569431103772471
622,885,1013,1,3.46869779664105
622,885,672,1,5.876204136119103
622,885,965,1,6.123119155303686
622,659,885,1,11.84843418422244
622,1102,1276,1,4.836798739646007
622,1102,535,1,16.335498592300418
622,1102,1013,1,3.616251246210677
622,1106,834,1,14.888705663916236
622,535,708,2,4.548441137468074
622,535,885,1,10.569431103772471
622,1013,885,1,3.46869779664105
622,783,882,1,12.561839638690564
622,783,931,1,18.3740064075405
622,783,708,1,10.697285568723771
622,783,1106,1,22.318447076891776
622,783,1013,1,15.308499342485224
623,882,834,1,4.883195120135012
623,834,659,1,5.284552964469467
623,885,882,1,2.852794790784161
623,1013,882,1,3.839767699909249
623,1013,965,1,4.881725510082577
623,965,882,1,3.616965677313317
624,834,931,1,10.694040075602611
624,885,659,1,11.84843418422244
624,885,849,1,6.749102957431653
624,849,931,1,4.4061387562478425
625,834,965,2,3.83986736177262
625,834,708,1,4.389831624444016
625,834,885,1,7.688685710981335
625,834,1091,1,6.739095652327052
625,834,535,1,8.012842951904279
625,783,885,1,15.378166398318458
625,1182,834,1,9.674230674179531
625,882,834,1,4.883195120135012
625,885,882,1,2.852794790784161
625,1102,1106,1,3.80171314717607
625,965,834,1,3.83986736177262
625,965,885,1,6.123119155303686
625,965,1091,1,4.388654712140797
625,965,1296,1,15.22364008438872
625,965,1013,1,4.881725510082577
625,1229,1013,1,5.640389822593795
626,834,882,1,4.883195120135012
626,834,659,1,5.284552964469467
626,882,885,1,2.852794790784161
626,834,965,1,3.83986736177262
626,885,1013,1,3.46869779664105
627,882,885,1,2.852794790784161
627,882,965,1,3.616965677313317
627,1276,1229,1,3.959637309104105
627,885,1102,1,5.875878565174106
627,1106,882,1,10.203820878312005
627,965,1091,1,4.388654712140797
628,882,708,1,4.837510953567602
628,882,885,3,2.852794790784161
628,882,1013,2,3.839767699909249
628,1091,965,1,4.388654712140797
629,834,965,1,3.83986736177262
629,882,885,1,2.852794790784161
629,882,965,1,3.616965677313317
629,965,882,1,3.616965677313317
630,885,672,1,5.876204136119103
631,882,1102,1,7.314751476768936
631,885,1013,1,3.46869779664105
632,1106,783,1,22.318447076891776
632,1229,1102,1,3.8392690799482057
633,1276,1229,1,3.959637309104105
633,849,1068,1,6.736061142863373
634,882,783,1,12.561839638690564
634,885,783,1,15.378166398318458
634,1398,783,1,19.874616662347663
634,1229,1276,1,3.959637309104105
635,1276,783,1,22.606377139254327
635,708,783,2,10.697285568723771
635,885,783,1,15.378166398318458
635,1102,783,1,18.800951364959644
635,1106,783,1,22.318447076891776
635,1013,1102,1,3.616251246210677
635,1013,783,1,15.308499342485224
635,965,783,1,10.498093903671007
635,1229,783,1,18.841160835534616
636,931,849,1,4.4061387562478425
636,931,783,1,18.3740064075405
636,508,849,1,9.342303526294996
636,359,783,1,12.499801205497114
636,885,1013,1,3.46869779664105
636,1091,783,1,10.241109598832232
636,566,783,2,5.876334276322891
636,849,783,1,21.903135562742808
636,535,783,2,11.620421645142477
636,1013,783,2,15.308499342485224
636,672,783,1,17.445012141301472
636,965,783,3,10.498093903671007
636,1068,783,1,26.525178301273773
636,1229,1276,1,3.959637309104105
636,1229,1398,1,5.282433425576492
637,834,783,5,7.689481736045675
637,1276,783,3,22.606377139254327
637,1182,965,1,5.875748248781206
637,882,885,1,2.852794790784161
637,1182,783,1,15.175538880502293
637,1398,783,2,19.874616662347663
637,1276,1106,1,4.836798739645476
637,834,1276,3,15.929463663685272
637,834,1091,5,6.739095652327052
637,1398,885,1,13.644566108710274
637,1229,783,1,18.841160835534616
637,917,783,1,5.8083597500151045
637,1182,882,1,7.841474878454721
637,708,783,1,10.697285568723771
637,508,885,1,13.808114395759947
637,508,783,1,25.93420023872912
637,659,783,3,5.809594285895007
637,1091,783,1,10.241109598832232
637,1102,783,1,18.800951364959644
637,849,882,1,9.574606006915822
637,849,783,1,21.903135562742808
637,535,783,1,11.620421645142477
637,1013,783,1,15.308499342485224
637,672,783,1,17.445012141301472
637,965,783,1,10.498093903671007
638,882,885,1,2.852794790784161
638,882,708,1,4.837510953567602
638,855,931,1,9.765900232263595
638,508,783,1,25.93420023872912
638,885,834,2,7.688685710981335
638,1106,965,1,11.884713829537391
638,535,783,1,11.620421645142477
638,783,882,1,12.561839638690564
638,965,783,1,10.498093903671007
639,834,783,1,7.689481736045675
639,708,783,1,10.697285568723771
639,882,783,1,12.561839638690564
639,1276,1182,1,7.919661523440269
639,1276,1106,1,4.836798739645476
639,931,834,1,10.694040075602611
639,931,783,3,18.3740064075405
639,931,965,1,8.628970001760946
639,834,882,1,4.883195120135012
639,359,783,1,12.499801205497114
639,885,535,1,10.569431103772471
639,1398,1229,1,5.282433425576492
639,566,359,1,9.428696666120482
639,566,783,2,5.876334276322891
639,965,783,1,10.498093903671007
640,834,783,1,7.689481736045675
640,1182,783,1,15.175538880502293
640,1106,1229,1,6.605818539698737
640,882,885,1,2.852794790784161
640,1276,1102,1,4.836798739646007
640,885,882,1,2.852794790784161
640,885,783,1,15.378166398318458
640,1091,1182,1,5.24631154396119
640,1091,783,1,10.241109598832232
640,566,783,2,5.876334276322891
640,849,708,1,11.8916662824573
640,1013,931,1,4.405443882921528
640,965,1276,1,12.284417645367478
640,1229,1106,1,6.605818539698737
641,834,783,5,7.689481736045675
641,1182,783,2,15.175538880502293
641,834,1182,3,9.674230674179531
641,965,882,3,3.616965677313317
641,1229,783,8,18.841160835534616
641,1106,1276,4,4.836798739645476
641,1106,783,1,22.318447076891776
641,1229,1102,3,3.8392690799482057
641,855,882,2,15.256284869872443
641,855,931,1,9.765900232263595
641,855,849,1,5.706192977162224
641,855,783,1,27.60378823743443
641,708,783,3,10.697285568723771
641,1102,783,1,18.800951364959644
641,1102,1229,1,3.8392690799482057
641,917,783,3,5.8083597500151045
641,508,783,1,25.93420023872912
641,882,834,1,4.883195120135012
641,1276,1102,1,4.836798739646007
641,931,834,1,10.694040075602611
641,659,783,1,5.809594285895007
641,1398,834,1,15.216349824005198
641,1398,1435,1,5.805514364498899
641,849,931,1,4.4061387562478425
641,882,708,2,4.837510953567602
641,1276,1229,1,3.959637309104105
641,931,882,1,5.812636165404913
641,1182,885,1,8.662721360426067
641,834,885,1,7.688685710981335
641,834,965,1,3.83986736177262
641,885,1102,1,5.875878565174106
641,885,783,1,15.378166398318458
641,1091,783,1,10.241109598832232
641,1102,1106,1,3.80171314717607
641,849,1068,1,6.736061142863373
641,535,783,1,11.620421645142477
641,1013,1182,1,5.283249325636405
641,783,885,1,15.378166398318458
641,672,849,1,6.511836392511076
642,882,834,1,4.883195120135012
642,849,931,1,4.4061387562478425
642,1276,783,1,22.606377139254327
642,931,783,2,18.3740064075405
642,965,834,1,3.83986736177262
642,882,1102,1,7.314751476768936
642,882,783,1,12.561839638690564
642,1182,783,1,15.175538880502293
642,834,1182,2,9.674230674179531
642,834,965,1,3.83986736177262
642,885,882,1,2.852794790784161
642,885,1013,1,3.46869779664105
642,1102,834,1,11.614659746948035
642,783,931,1,18.3740064075405
642,783,834,2,7.689481736045675
642,1068,855,1,5.87594370452583
642,1229,882,1,9.341474227178574
642,1229,783,1,18.841160835534616
643,834,783,4,7.689481736045675
643,882,885,2,2.852794790784161
643,882,1013,1,3.839767699909249
643,882,965,2,3.616965677313317
643,1182,783,1,15.175538880502293
643,708,783,1,10.697285568723771
643,834,931,1,10.694040075602611
643,885,882,1,2.852794790784161
643,1102,931,1,4.548251915941359
643,849,1106,1,6.739095652327052
643,1106,1276,1,4.836798739645476
643,1013,783,1,15.308499342485224
643,783,659,1,5.809594285895007
643,783,1013,1,15.308499342485224
643,965,882,1,3.616965677313317
643,1068,834,1,18.901027647971706
644,965,783,1,10.498093903671007
644,965,931,1,8.628970001760946
644,882,885,2,2.852794790784161
644,1276,1013,1,8.190822817543284
644,931,1102,1,4.548251915941359
644,931,783,3,18.3740064075405
644,1182,783,1,15.175538880502293
644,1182,1229,1,3.960024365898536
644,708,882,1,4.837510953567602
644,834,882,1,4.883195120135012
644,885,882,1,2.852794790784161
644,659,882,1,9.424155624926374
644,1102,885,1,5.875878565174106
644,1102,1106,1,3.80171314717607
644,1013,882,1,3.839767699909249
644,783,965,1,10.498093903671007
644,783,1229,1,18.841160835534616
645,834,783,7,7.689481736045675
645,1229,1276,3,3.959637309104105
645,1229,834,1,12.569063966979074
645,917,783,1,5.8083597500151045
645,1091,783,4,10.241109598832232
645,965,783,3,10.498093903671007
645,659,783,2,5.809594285895007
645,1091,1102,1,10.454710779351652
645,535,882,2,9.342211452816104
645,659,834,1,5.284552964469467
645,1398,1182,6,5.640321895106829
645,535,708,1,4.548441137468074
645,1068,783,3,26.525178301273773
645,1398,917,1,14.401452675022565
645,1398,834,18,15.216349824005198
645,1398,1091,7,9.6478124773512
645,1398,783,1,19.874616662347663
645,535,783,1,11.620421645142477
645,672,1276,1,15.682986279658085
645,1229,1182,1,3.960024365898536
645,882,885,1,2.852794790784161
645,882,783,1,12.561839638690564
645,931,834,1,10.694040075602611
645,1182,1229,1,3.960024365898536
645,834,882,1,4.883195120135012
645,834,659,1,5.284552964469467
645,885,708,1,6.511469320496247
645,885,834,1,7.688685710981335
645,1106,1229,1,6.605818539698737
645,1013,882,1,3.839767699909249
645,783,834,2,7.689481736045675
645,783,659,1,5.809594285895007
645,672,885,1,5.876204136119103
645,965,882,1,3.616965677313317
645,965,834,1,3.83986736177262
646,834,783,4,7.689481736045675
646,882,535,1,9.342211452816104
646,882,965,1,3.616965677313317
646,1276,783,1,22.606377139254327
646,917,834,1,3.617203703030827
646,1182,1013,1,5.283249325636405
646,1182,783,1,15.175538880502293
646,708,834,1,4.389831624444016
646,834,882,1,4.883195120135012
646,834,659,1,5.284552964469467
646,834,1106,1,14.888705663916236
646,834,965,1,3.83986736177262
646,359,659,1,7.84162119104212
646,885,931,1,3.0617002345235647
646,885,1013,1,3.46869779664105
646,885,965,1,6.123119155303686
646,1091,1182,1,5.24631154396119
646,1091,783,1,10.241109598832232
646,1102,1106,1,3.80171314717607
646,1013,1182,1,5.283249325636405
646,783,931,1,18.3740064075405
646,1229,1276,1,3.959637309104105
646,1229,783,1,18.841160835534616
647,965,783,2,10.498093903671007
647,931,783,2,18.3740064075405
647,965,1013,1,4.881725510082577
647,882,783,3,12.561839638690564
647,1276,1102,1,4.836798739646007
647,708,882,1,4.837510953567602
647,708,834,1,4.389831624444016
647,834,1013,1,8.005172893624191
647,885,783,1,15.378166398318458
647,1091,783,1,10.241109598832232
647,1106,882,1,10.203820878312005
647,1013,885,1,3.46869779664105
647,783,708,1,10.697285568723771
647,783,1013,1,15.308499342485224
647,783,965,1,10.498093903671007
647,1229,783,1,18.841160835534616
648,965,783,1,10.498093903671007
648,885,931,1,3.0617002345235647
648,882,931,2,5.812636165404913
648,882,885,1,2.852794790784161
648,882,783,3,12.561839638690564
648,1276,1106,1,4.836798739645476
648,1276,783,1,22.606377139254327
648,708,885,1,6.511469320496247
648,834,882,1,4.883195120135012
648,834,917,1,3.617203703030827
648,659,783,1,5.809594285895007
648,1106,1229,1,6.605818539698737
648,535,834,1,8.012842951904279
648,1013,1276,1,8.190822817543284
648,1013,783,2,15.308499342485224
648,783,965,1,10.498093903671007
648,1229,1106,1,6.605818539698737
649,917,783,1,5.8083597500151045
649,672,882,2,7.316385892068044
649,508,783,1,25.93420023872912
649,917,931,1,13.311633056624624
649,931,965,1,8.628970001760946
649,359,882,1,14.913468445035848
649,1398,1229,1,5.282433425576492
649,965,882,3,3.616965677313317
649,965,834,3,3.83986736177262
649,885,882,2,2.852794790784161
649,885,708,1,6.511469320496247
649,885,1398,1,13.644566108710274
649,931,885,2,3.0617002345235647
649,931,783,2,18.3740064075405
649,708,885,1,6.511469320496247
649,885,834,2,7.688685710981335
649,566,783,1,5.876334276322891
649,672,931,1,6.73915242731767
649,1068,931,1,8.304853837171269
649,1068,1370,1,7.841426035905807
649,882,965,1,3.616965677313317
649,1276,965,2,12.284417645367478
649,855,849,1,5.706192977162224
649,1182,885,1,8.662721360426067
649,834,882,1,4.883195120135012
649,834,965,1,3.83986736177262
649,659,783,1,5.809594285895007
649,1091,1182,2,5.24631154396119
649,1106,1276,1,4.836798739645476
649,1013,783,1,15.308499342485224
649,783,834,1,7.689481736045675
650,882,834,2,4.883195120135012
650,882,1013,1,3.839767699909249
650,1276,965,1,12.284417645367478
650,834,885,1,7.688685710981335
650,834,783,3,7.689481736045675
650,882,708,1,4.837510953567602
650,882,849,1,9.574606006915822
650,882,783,1,12.561839638690564
650,917,708,1,7.967110892206104
650,931,783,1,18.3740064075405
650,1182,783,1,15.175538880502293
650,708,535,1,4.548441137468074
650,834,882,1,4.883195120135012
650,834,965,1,3.83986736177262
650,885,882,2,2.852794790784161
650,885,708,1,6.511469320496247
650,885,535,1,10.569431103772471
650,885,783,1,15.378166398318458
650,849,931,1,4.4061387562478425
650,783,1276,1,22.606377139254327
650,783,917,1,5.8083597500151045
650,783,834,1,7.689481736045675
650,783,1102,1,18.800951364959644
650,783,1013,1,15.308499342485224
650,1370,834,1,23.22436838511163
651,708,882,1,4.837510953567602
651,708,659,1,5.815596432206299
651,535,708,1,4.548441137468074
651,535,783,1,11.620421645142477
651,1276,783,1,22.606377139254327
651,882,931,1,5.812636165404913
651,882,834,1,4.883195120135012
651,882,885,2,2.852794790784161
651,882,1013,1,3.839767699909249
651,917,783,1,5.8083597500151045
651,931,783,1,18.3740064075405
651,1182,885,1,8.662721360426067
651,1182,1091,1,5.24631154396119
651,708,834,1,4.389831624444016
651,834,882,1,4.883195120135012
651,834,1102,1,11.614659746948035
651,834,783,2,7.689481736045675
651,885,931,1,3.0617002345235647
651,1091,965,2,4.388654712140797
651,1398,834,1,15.216349824005198
651,1102,1229,1,3.8392690799482057
651,849,783,1,21.903135562742808
651,1106,783,1,22.318447076891776
651,1013,882,1,3.839767699909249
651,1013,783,1,15.308499342485224
651,783,931,1,18.3740064075405
651,783,1068,1,26.525178301273773
651,965,882,1,3.616965677313317
651,965,931,1,8.628970001760946
652,1013,1102,1,3.616251246210677
652,708,885,1,6.511469320496247
652,1068,783,1,26.525178301273773
652,882,931,1,5.812636165404913
652,882,885,2,2.852794790784161
652,931,1102,1,4.548251915941359
652,931,783,1,18.3740064075405
652,834,783,2,7.689481736045675
652,834,965,1,3.83986736177262
652,885,882,1,2.852794790784161
652,885,783,1,15.378166398318458
652,1091,1182,1,5.24631154396119
652,1102,965,1,8.304116264398273
652,783,1182,1,15.175538880502293
652,783,834,2,7.689481736045675
652,783,885,1,15.378166398318458
652,965,708,1,6.739138237495128
652,965,1013,1,4.881725510082577
652,1229,783,2,18.841160835534616
653,708,783,5,10.697285568723771
653,1013,931,1,4.405443882921528
653,1013,849,1,8.811582411969269
653,1370,783,1,30.28578929187396
653,834,1276,1,15.929463663685272
653,834,708,3,4.389831624444016
653,1013,1435,1,13.46916483615337
653,1013,885,1,3.46869779664105
653,849,885,1,6.749102957431653
653,1013,965,2,4.881725510082577
653,917,783,1,5.8083597500151045
653,1182,783,1,15.175538880502293
653,1091,783,1,10.241109598832232
653,535,708,1,4.548441137468074
653,1013,1182,1,5.283249325636405
653,1370,1013,7,15.22257692845342
653,882,783,2,12.561839638690564
653,1276,885,1,10.705394585658723
653,1276,783,1,22.606377139254327
653,931,855,1,9.765900232263595
653,708,882,1,4.837510953567602
653,834,783,5,7.689481736045675
653,885,783,1,15.378166398318458
653,659,882,1,9.424155624926374
653,1102,1276,1,4.836798739646007
653,1102,855,1,12.404917058701368
653,1102,834,1,11.614659746948035
653,1106,931,1,5.283575443416337
653,783,359,1,12.499801205497114
653,783,535,1,11.620421645142477
653,783,965,2,10.498093903671007
653,672,535,1,8.311483007291683
653,965,882,3,3.616965677313317
654,834,659,1,5.284552964469467
654,1276,1102,1,4.836798739646007
654,882,931,1,5.812636165404913
654,882,708,1,4.837510953567602
654,882,783,1,12.561839638690564
654,882,1229,1,9.341474227178574
654,1276,1398,1,7.438993890374081
654,931,885,2,3.0617002345235647
654,931,1068,1,8.304853837171269
654,708,535,1,4.548441137468074
654,885,672,1,5.876204136119103
654,885,965,1,6.123119155303686
654,783,834,1,7.689481736045675
654,783,885,1,15.378166398318458
655,672,931,1,6.73915242731767
655,1068,1276,1,8.66943360865319
655,931,783,1,18.3740064075405
655,659,783,1,5.809594285895007
655,882,783,1,12.561839638690564
655,855,783,1,27.60378823743443
655,1182,834,1,9.674230674179531
655,1182,783,2,15.175538880502293
655,834,1013,1,8.005172893624191
655,1435,1398,1,5.805514364498899
655,885,965,1,6.123119155303686
655,1102,1276,1,4.836798739646007
655,535,783,1,11.620421645142477
655,1013,1102,1,3.616251246210677
655,1013,965,1,4.881725510082577
655,783,882,1,12.561839638690564
655,783,1182,1,15.175538880502293
655,783,708,1,10.697285568723771
655,783,885,1,15.378166398318458
655,965,882,1,3.616965677313317
656,834,659,1,5.284552964469467
656,1276,1091,1,13.129287540581574
656,1276,783,1,22.606377139254327
656,882,965,2,3.616965677313317
656,931,885,1,3.0617002345235647
656,1102,1013,1,3.616251246210677
656,1182,783,1,15.175538880502293
656,708,882,1,4.837510953567602
656,708,783,2,10.697285568723771
656,885,931,1,3.0617002345235647
656,535,783,1,11.620421645142477
656,783,855,1,27.60378823743443
656,783,931,3,18.3740064075405
656,783,885,1,15.378166398318458
656,783,659,1,5.809594285895007
657,917,783,1,5.8083597500151045
657,834,882,5,4.883195120135012
657,1276,1229,2,3.959637309104105
657,834,965,2,3.83986736177262
657,1068,783,1,26.525178301273773
657,1276,1182,1,7.919661523440269
657,931,1182,1,9.422487826577225
657,834,885,2,7.688685710981335
657,1091,834,1,6.739095652327052
657,1102,1068,1,8.626274418583195
657,1106,1102,2,3.80171314717607
657,931,882,1,5.812636165404913
657,834,535,1,8.012842951904279
657,834,783,5,7.689481736045675
657,1370,1102,4,11.609712853230407
657,1370,1106,19,8.775541653972592
657,1370,1068,1,7.841426035905807
657,882,783,1,12.561839638690564
657,931,1106,1,5.283575443416337
657,931,783,1,18.3740064075405
657,659,783,3,5.809594285895007
657,1106,931,1,5.283575443416337
657,882,885,2,2.852794790784161
657,1276,1102,1,4.836798739646007
657,1276,1013,1,8.190822817543284
657,931,508,1,12.961089805583503
657,931,885,1,3.0617002345235647
657,931,849,2,4.4061387562478425
657,708,882,1,4.837510953567602
657,885,882,3,2.852794790784161
657,1091,1398,1,9.6478124773512
657,1013,882,1,3.839767699909249
657,783,359,2,12.499801205497114
657,783,659,1,5.809594285895007
657,783,566,1,5.876334276322891
657,783,672,1,17.445012141301472
657,672,885,1,5.876204136119103
657,965,882,1,3.616965677313317
657,965,1276,1,12.284417645367478
657,965,783,1,10.498093903671007
657,1229,1102,1,3.8392690799482057
658,882,783,2,12.561839638690564
658,1182,965,1,5.875748248781206
658,566,783,1,5.876334276322891
658,882,931,1,5.812636165404913
658,882,834,1,4.883195120135012
658,1276,882,1,12.01740314095659
658,931,1102,1,4.548251915941359
658,1182,783,1,15.175538880502293
658,834,882,1,4.883195120135012
658,885,882,1,2.852794790784161
658,1013,708,1,8.663428210145081
658,1013,1102,1,3.616251246210677
658,783,885,1,15.378166398318458
658,672,849,1,6.511836392511076
659,931,849,1,4.4061387562478425
659,708,783,1,10.697285568723771
659,882,931,1,5.812636165404913
659,882,885,1,2.852794790784161
659,882,1013,1,3.839767699909249
659,834,885,1,7.688685710981335
659,885,882,2,2.852794790784161
659,885,849,2,6.749102957431653
659,885,783,1,15.378166398318458
659,659,783,1,5.809594285895007
659,849,672,1,6.511836392511076
659,535,1091,1,14.734241785551282
659,783,1435,1,17.957022310236383
659,783,659,2,5.809594285895007
659,783,535,2,11.620421645142477
659,783,965,1,10.498093903671007
659,965,882,2,3.616965677313317
659,1068,783,1,26.525178301273773
660,672,965,1,10.884705359638655
660,882,965,1,3.616965677313317
660,931,885,1,3.0617002345235647
660,359,834,1,12.378619633278529
660,885,882,1,2.852794790784161
660,885,931,1,3.0617002345235647
660,1091,1182,1,5.24631154396119
660,1102,1229,1,3.8392690799482057
660,535,882,1,9.342211452816104
660,783,359,1,12.499801205497114
660,783,659,1,5.809594285895007
660,783,1106,1,22.318447076891776
660,783,965,1,10.498093903671007
660,965,783,1,10.498093903671007
660,965,1229,1,8.77672016628073
661,1276,965,1,12.284417645367478
661,1276,849,2,11.479314497557898
661,834,1229,2,12.569063966979074
661,1091,882,1,7.965381677815221
661,566,783,1,5.876334276322891
661,1276,1091,1,13.129287540581574
661,1276,783,1,22.606377139254327
661,917,783,2,5.8083597500151045
661,708,834,2,4.389831624444016
661,708,535,3,4.548441137468074
661,708,783,1,10.697285568723771
661,834,849,1,14.265481524111957
661,834,965,2,3.83986736177262
661,1182,783,1,15.175538880502293
661,834,885,1,7.688685710981335
661,834,659,2,5.284552964469467
661,834,535,2,8.012842951904279
661,965,783,1,10.498093903671007
661,882,535,1,9.342211452816104
661,1276,1102,1,4.836798739646007
661,931,1276,1,8.946223146223524
661,1182,834,1,9.674230674179531
661,359,783,1,12.499801205497114
661,885,882,1,2.852794790784161
661,885,931,1,3.0617002345235647
661,659,965,1,9.121352246650094
661,1102,1182,1,6.120304815079837
661,1013,882,1,3.839767699909249
661,783,708,1,10.697285568723771
662,834,708,2,4.389831624444016
662,834,783,1,7.689481736045675
662,1276,1182,1,7.919661523440269
662,931,1102,1,4.548251915941359
662,708,1106,1,14.476051732619457
662,885,965,1,6.123119155303686
662,659,535,1,5.810827883107414
662,659,965,1,9.121352246650094
662,783,882,1,12.561839638690564
662,783,834,1,7.689481736045675
662,783,1106,1,22.318447076891776
662,783,965,2,10.498093903671007
662,965,834,1,3.83986736177262
662,1229,1276,1,3.959637309104105
662,1229,1013,1,5.640389822593795
663,1276,1398,1,7.438993890374081
663,882,931,1,5.812636165404913
663,882,834,2,4.883195120135012
663,882,965,1,3.616965677313317
663,882,1229,2,9.341474227178574
663,708,965,1,6.739138237495128
663,834,965,2,3.83986736177262
663,1091,1182,1,5.24631154396119
663,1102,882,1,7.314751476768936
663,849,508,1,9.342303526294996
663,849,834,1,14.265481524111957
663,849,1102,1,8.191991396325179
663,849,1106,1,6.739095652327052
663,1013,882,1,3.839767699909249
663,783,931,1,18.3740064075405
663,783,659,1,5.809594285895007
663,783,1102,1,18.800951364959644
663,783,1068,1,26.525178301273773
664,931,849,2,4.4061387562478425
664,882,1102,2,7.314751476768936
664,834,882,2,4.883195120135012
664,855,1229,1,15.901554341364076
664,834,708,1,4.389831624444016
664,659,783,1,5.809594285895007
664,1102,882,1,7.314751476768936
664,1102,1013,1,3.616251246210677
664,1102,1229,2,3.8392690799482057
664,1106,1102,1,3.80171314717607
664,535,672,1,8.311483007291683
664,783,1276,1,22.606377139254327
664,783,708,1,10.697285568723771
664,783,965,2,10.498093903671007
664,783,1068,1,26.525178301273773
664,965,882,3,3.616965677313317
664,965,834,1,3.83986736177262
664,1229,1276,1,3.959637309104105
664,1229,783,1,18.841160835534616
665,1276,1398,1,7.438993890374081
665,931,882,1,5.812636165404913
665,931,834,1,10.694040075602611
665,931,885,2,3.0617002345235647
665,885,834,1,7.688685710981335
665,1013,783,1,15.308499342485224
665,882,659,1,9.424155624926374
665,882,1106,1,10.203820878312005
665,834,885,2,7.688685710981335
665,885,931,2,3.0617002345235647
665,672,965,1,10.884705359638655
665,1370,1182,1,15.837773174985912
665,882,834,2,4.883195120135012
665,882,885,2,2.852794790784161
665,882,1398,2,13.343391197346763
665,885,535,1,10.569431103772471
665,566,783,1,5.876334276322891
665,672,931,1,6.73915242731767
665,1370,1068,1,7.841426035905807
665,882,1013,1,3.839767699909249
665,1276,1102,1,4.836798739646007
665,855,1068,1,5.87594370452583
665,931,1068,1,8.304853837171269
665,708,882,1,4.837510953567602
665,708,917,1,7.967110892206104
665,708,1091,1,10.705966675099036
665,834,1276,1,15.929463663685272
665,834,917,1,3.617203703030827
665,834,783,2,7.689481736045675
665,885,1013,1,3.46869779664105
665,659,708,1,5.815596432206299
665,1398,1435,1,5.805514364498899
665,1106,1102,1,3.80171314717607
665,535,359,1,5.855067293961566
665,783,931,2,18.3740064075405
665,783,834,1,7.689481736045675
665,783,885,1,15.378166398318458
665,783,1091,1,10.241109598832232
665,783,566,1,5.876334276322891
665,1229,1398,1,5.282433425576492
666,931,1229,1,8.28950012214804
666,885,882,2,2.852794790784161
666,931,849,1,4.4061387562478425
666,931,1013,1,4.405443882921528
666,834,535,3,8.012842951904279
666,882,834,2,4.883195120135012
666,882,885,1,2.852794790784161
666,882,672,1,7.316385892068044
666,931,882,1,5.812636165404913
666,1182,1091,1,5.24631154396119
666,1182,1398,1,5.640321895106829
666,708,882,1,4.837510953567602
666,834,708,1,4.389831624444016
666,834,965,1,3.83986736177262
666,885,1102,1,5.875878565174106
666,885,965,1,6.123119155303686
666,659,882,1,9.424155624926374
666,1102,885,1,5.875878565174106
666,1102,783,1,18.800951364959644
666,849,508,1,9.342303526294996
666,1013,965,1,4.881725510082577
666,783,1276,1,22.606377139254327
666,965,882,1,3.616965677313317
666,965,1091,1,4.388654712140797
666,1229,1276,1,3.959637309104105
666,1229,1182,1,3.960024365898536
667,708,834,1,4.389831624444016
667,882,708,1,4.837510953567602
667,882,834,1,4.883195120135012
667,882,885,2,2.852794790784161
667,882,659,1,9.424155624926374
667,1276,1229,1,3.959637309104105
667,834,783,1,7.689481736045675
667,834,1229,1,12.569063966979074
667,1091,1229,1,9.180034524729397
667,1398,1229,1,5.282433425576492
667,1013,1229,1,5.640389822593795
667,783,566,1,5.876334276322891
667,783,535,2,11.620421645142477
667,783,1013,1,15.308499342485224
667,783,1068,1,26.525178301273773
667,965,882,2,3.616965677313317
667,965,885,1,6.123119155303686
667,965,1013,1,4.881725510082577
667,1229,882,1,9.341474227178574
667,1229,1013,1,5.640389822593795
668,882,834,1,4.883195120135012
668,882,1013,1,3.839767699909249
668,882,965,1,3.616965677313317
668,1276,885,1,10.705394585658723
668,1276,1398,1,7.438993890374081
668,1276,1102,1,4.836798739646007
668,931,1102,1,4.548251915941359
668,708,882,1,4.837510953567602
668,834,1102,1,11.614659746948035
668,834,965,1,3.83986736177262
668,885,849,1,6.749102957431653
668,885,1013,1,3.46869779664105
668,535,359,1,5.855067293961566
668,1013,882,1,3.839767699909249
668,1013,1102,1,3.616251246210677
668,783,708,1,10.697285568723771
668,783,834,1,7.689481736045675
668,783,659,1,5.809594285895007
668,783,1091,1,10.241109598832232
668,783,1102,1,18.800951364959644
668,783,965,1,10.498093903671007
668,783,1068,1,26.525178301273773
668,965,885,1,6.123119155303686
669,834,659,5,5.284552964469467
669,834,882,5,4.883195120135012
669,1370,849,1,14.16435382667801
669,855,849,1,5.706192977162224
669,708,535,2,4.548441137468074
669,708,659,1,5.815596432206299
669,834,931,2,10.694040075602611
669,965,882,1,3.616965677313317
669,965,708,1,6.739138237495128
669,965,834,1,3.83986736177262
669,882,1013,1,3.839767699909249
669,882,672,2,7.316385892068044
669,931,885,1,3.0617002345235647
669,708,834,1,4.389831624444016
669,359,535,1,5.855067293961566
669,1102,965,1,8.304116264398273
669,849,885,1,6.749102957431653
669,849,1068,1,6.736061142863373
669,783,1276,1,22.606377139254327
669,783,834,1,7.689481736045675
669,783,885,1,15.378166398318458
669,783,535,1,11.620421645142477
669,783,1013,1,15.308499342485224
669,965,359,1,16.025733255011108
670,931,1068,1,8.304853837171269
670,882,834,1,4.883195120135012
670,882,885,1,2.852794790784161
670,1276,1102,1,4.836798739646007
670,834,885,1,7.688685710981335
670,834,1091,1,6.739095652327052
670,834,783,1,7.689481736045675
670,882,708,1,4.837510953567602
670,882,1068,1,14.033707701296978
670,882,1229,1,9.341474227178574
670,659,834,2,5.284552964469467
670,1091,965,1,4.388654712140797
670,1102,1229,1,3.8392690799482057
670,849,1013,1,8.811582411969269
670,535,1182,1,16.787330799836653
670,1013,1068,1,11.461019980924313
670,783,1276,1,22.606377139254327
670,783,1102,1,18.800951364959644
670,965,1091,2,4.388654712140797
670,1068,1013,1,11.461019980924313
671,1276,885,1,10.705394585658723
671,834,965,2,3.83986736177262
671,882,672,1,7.316385892068044
671,917,834,1,3.617203703030827
671,931,965,1,8.628970001760946
671,834,708,1,4.389831624444016
671,849,1276,1,11.479314497557898
671,1106,1276,1,4.836798739645476
671,783,834,1,7.689481736045675
671,783,885,1,15.378166398318458
672,1276,1229,1,3.959637309104105
672,1276,965,1,12.284417645367478
672,708,535,1,4.548441137468074
672,834,882,1,4.883195120135012
672,834,1229,1,12.569063966979074
672,885,1102,1,5.875878565174106
672,1102,1229,1,3.8392690799482057
672,1106,855,2,9.423483175173253
672,1013,885,1,3.46869779664105
672,1013,965,1,4.881725510082577
672,783,708,1,10.697285568723771
672,965,1091,1,4.388654712140797
673,931,849,1,4.4061387562478425
673,834,535,1,8.012842951904279
673,931,1068,1,8.304853837171269
673,882,965,2,3.616965677313317
673,882,931,1,5.812636165404913
673,882,708,2,4.837510953567602
673,882,1398,1,13.343391197346763
673,882,1229,1,9.341474227178574
673,931,882,1,5.812636165404913
673,931,965,1,8.628970001760946
673,834,882,1,4.883195120135012
673,834,965,1,3.83986736177262
673,849,834,1,14.265481524111957
673,849,965,2,12.803650760757485
673,708,885,1,6.511469320496247
673,1091,965,1,4.388654712140797
674,882,359,1,14.913468445035848
674,882,535,1,9.342211452816104
674,834,882,2,4.883195120135012
674,885,1102,1,5.875878565174106
674,1398,885,1,13.644566108710274
674,535,708,1,4.548441137468074
674,1013,1182,1,5.283249325636405
674,965,672,1,10.884705359638655
674,1229,1102,1,3.8392690799482057
675,882,965,1,3.616965677313317
675,931,882,1,5.812636165404913
675,885,882,2,2.852794790784161
675,885,931,1,3.0617002345235647
675,1102,1229,1,3.8392690799482057
675,965,885,1,6.123119155303686
676,882,885,3,2.852794790784161
676,885,882,1,2.852794790784161
676,882,965,1,3.616965677313317
676,931,1068,1,8.304853837171269
676,1182,1398,1,5.640321895106829
676,566,672,1,19.160189630171605
676,849,885,1,6.749102957431653
677,882,885,1,2.852794790784161
677,834,965,1,3.83986736177262
677,834,1102,1,11.614659746948035
677,834,931,1,10.694040075602611
677,834,1229,1,12.569063966979074
677,917,834,1,3.617203703030827
677,885,965,1,6.123119155303686
677,659,708,1,5.815596432206299
677,1102,965,1,8.304116264398273
677,965,1276,1,12.284417645367478
677,965,1091,1,4.388654712140797
679,965,535,1,11.11949266445603
681,1182,1398,2,5.640321895106829
681,1229,1398,12,5.282433425576492
682,1276,965,1,12.284417645367478
682,708,783,1,10.697285568723771
682,834,783,1,7.689481736045675
682,359,783,1,12.499801205497114
682,1398,783,1,19.874616662347663
682,535,783,1,11.620421645142477
682,1013,885,1,3.46869779664105
682,1068,783,1,26.525178301273773
683,882,783,1,12.561839638690564
683,931,783,1,18.3740064075405
683,708,783,1,10.697285568723771
683,359,783,1,12.499801205497114
683,885,783,1,15.378166398318458
683,659,783,3,5.809594285895007
683,1091,783,1,10.241109598832232
683,1398,917,1,14.401452675022565
683,1398,783,1,19.874616662347663
683,1102,783,2,18.800951364959644
683,1106,783,1,22.318447076891776
683,535,783,2,11.620421645142477
683,965,783,3,10.498093903671007
684,708,783,3,10.697285568723771
684,359,783,1,12.499801205497114
684,1435,783,1,17.957022310236383
684,659,783,1,5.809594285895007
684,1091,783,1,10.241109598832232
684,1398,882,1,13.343391197346763
684,1102,783,1,18.800951364959644
684,1106,1276,1,4.836798739645476
684,1106,834,1,14.888705663916236
684,535,708,1,4.548441137468074
684,535,783,3,11.620421645142477
684,965,882,1,3.616965677313317
684,965,783,2,10.498093903671007
685,1182,1398,11,5.640321895106829
685,849,855,1,5.706192977162224
685,1229,1398,8,5.282433425576492
685,834,783,10,7.689481736045675
685,1229,783,4,18.841160835534616
685,1276,1398,11,7.438993890374081
685,1182,965,1,5.875748248781206
685,849,783,3,21.903135562742808
685,1013,783,1,15.308499342485224
685,882,783,5,12.561839638690564
685,708,783,2,10.697285568723771
685,882,917,1,7.68788945836583
685,917,783,1,5.8083597500151045
685,1182,1276,1,7.919661523440269
685,508,849,1,9.342303526294996
685,359,783,1,12.499801205497114
685,659,783,1,5.809594285895007
685,1398,1276,1,7.438993890374081
685,566,783,1,5.876334276322891
685,535,783,1,11.620421645142477
685,672,849,1,6.511836392511076
685,965,783,1,10.498093903671007
685,1068,783,2,26.525178301273773
686,965,885,1,6.123119155303686
686,1398,1229,1,5.282433425576492
686,849,885,1,6.749102957431653
686,1276,783,1,22.606377139254327
686,885,783,1,15.378166398318458
686,1398,783,1,19.874616662347663
686,1106,965,1,11.884713829537391
686,783,1435,30,17.957022310236383
686,783,1013,1,15.308499342485224
687,1229,1102,1,3.8392690799482057
687,885,834,1,7.688685710981335
687,1013,1091,1,7.92275625179966
687,965,1182,1,5.875748248781206
687,1276,1182,1,7.919661523440269
687,1276,783,1,22.606377139254327
687,917,783,1,5.8083597500151045
687,855,783,1,27.60378823743443
687,885,783,1,15.378166398318458
687,849,834,1,14.265481524111957
688,1182,783,1,15.175538880502293
688,1182,1398,1,5.640321895106829
688,834,965,1,3.83986736177262
688,855,783,1,27.60378823743443
688,834,882,1,4.883195120135012
688,1091,1106,1,14.256423283017469
688,1091,783,1,10.241109598832232
688,783,708,1,10.697285568723771
688,783,834,1,7.689481736045675
689,834,783,10,7.689481736045675
689,1182,783,2,15.175538880502293
689,1229,1276,3,3.959637309104105
689,882,783,7,12.561839638690564
689,708,783,5,10.697285568723771
689,931,783,5,18.3740064075405
689,659,783,7,5.809594285895007
689,672,783,3,17.445012141301472
689,931,834,1,10.694040075602611
689,885,931,3,3.0617002345235647
689,885,535,1,10.569431103772471
689,535,359,1,5.855067293961566
689,535,783,8,11.620421645142477
689,965,783,3,10.498093903671007
689,882,885,3,2.852794790784161
689,931,882,4,5.812636165404913
689,931,965,1,8.628970001760946
689,359,783,1,12.499801205497114
689,885,965,1,6.123119155303686
689,885,1229,3,8.89559413156451
689,849,931,2,4.4061387562478425
689,849,885,1,6.749102957431653
689,1106,1229,1,6.605818539698737
689,535,834,1,8.012842951904279
689,1013,834,1,8.005172893624191
689,882,834,2,4.883195120135012
689,1276,1102,2,4.836798739646007
689,1276,783,3,22.606377139254327
689,917,783,1,5.8083597500151045
689,708,834,1,4.389831624444016
689,708,849,1,11.8916662824573
689,885,882,2,2.852794790784161
689,659,834,1,5.284552964469467
689,849,1106,1,6.739095652327052
689,849,783,1,21.903135562742808
689,1013,965,1,4.881725510082577
689,1370,1276,1,7.918112864657469
689,1229,1182,1,3.960024365898536
689,834,882,1,4.883195120135012
689,1398,1276,1,7.438993890374081
689,1398,1182,1,5.640321895106829
689,1102,783,1,18.800951364959644
689,783,882,1,12.561839638690564
689,783,659,1,5.809594285895007
689,965,834,1,3.83986736177262
690,834,783,3,7.689481736045675
690,882,965,1,3.616965677313317
690,931,885,2,3.0617002345235647
690,535,672,1,8.311483007291683
690,965,783,3,10.498093903671007
690,1229,834,1,12.569063966979074
690,931,1102,2,4.548251915941359
690,882,1182,1,7.841474878454721
690,1276,1013,1,8.190822817543284
690,885,1013,2,3.46869779664105
690,1229,1102,1,3.8392690799482057
690,1276,1106,1,4.836798739645476
690,1276,783,1,22.606377139254327
690,1276,1068,1,8.66943360865319
690,931,882,1,5.812636165404913
690,1182,783,2,15.175538880502293
690,508,855,1,9.342303526295408
690,834,882,1,4.883195120135012
690,834,965,1,3.83986736177262
690,659,834,1,5.284552964469467
690,1106,1276,1,4.836798739645476
690,783,834,1,7.689481736045675
690,1068,885,1,11.364565785437158
690,1229,783,1,18.841160835534616
691,672,1276,1,15.682986279658085
691,855,1276,1,14.029505033457104
691,1013,1182,2,5.283249325636405
691,1068,783,1,26.525178301273773
691,882,834,1,4.883195120135012
691,882,885,1,2.852794790784161
691,1276,783,1,22.606377139254327
691,834,659,1,5.284552964469467
691,834,783,1,7.689481736045675
691,834,965,1,3.83986736177262
691,885,783,1,15.378166398318458
691,885,1068,1,11.364565785437158
691,1102,965,1,8.304116264398273
691,849,931,1,4.4061387562478425
691,783,834,1,7.689481736045675
691,783,849,1,21.903135562742808
691,965,783,1,10.498093903671007
691,1229,783,1,18.841160835534616
692,931,1102,1,4.548251915941359
692,659,931,1,14.893741670685255
692,849,885,1,6.749102957431653
692,882,1276,1,12.01740314095659
692,882,885,3,2.852794790784161
692,882,535,1,9.342211452816104
692,1276,1106,1,4.836798739645476
692,1276,783,1,22.606377139254327
692,834,659,1,5.284552964469467
692,834,783,3,7.689481736045675
692,885,882,1,2.852794790784161
692,1102,931,1,4.548251915941359
692,1102,885,2,5.875878565174106
692,1013,1229,1,5.640389822593795
692,783,834,2,7.689481736045675
692,783,885,1,15.378166398318458
692,783,1013,1,15.308499342485224
692,965,1182,1,5.875748248781206
692,965,834,1,3.83986736177262
692,965,1102,1,8.304116264398273
693,931,849,1,4.4061387562478425
693,855,1068,2,5.87594370452583
693,535,708,3,4.548441137468074
693,931,1276,2,8.946223146223524
693,566,783,1,5.876334276322891
693,1091,1182,1,5.24631154396119
693,1091,885,1,10.203820878312005
693,1091,783,1,10.241109598832232
693,1398,1182,1,5.640321895106829
693,1398,1102,2,9.118728510486134
693,535,834,1,8.012842951904279
693,535,1013,1,13.123524045686974
693,535,783,4,11.620421645142477
693,1370,1068,1,7.841426035905807
693,1229,1013,1,5.640389822593795
693,855,783,1,27.60378823743443
693,708,882,1,4.837510953567602
693,708,834,1,4.389831624444016
693,708,885,1,6.511469320496247
693,708,783,1,10.697285568723771
693,659,834,2,5.284552964469467
693,566,659,1,7.02219411294688
693,849,931,1,4.4061387562478425
693,1229,1102,1,3.8392690799482057
693,1229,783,1,18.841160835534616
693,882,834,1,4.883195120135012
693,882,783,1,12.561839638690564
693,1276,931,1,8.946223146223524
693,931,1013,1,4.405443882921528
693,834,783,4,7.689481736045675
693,1102,882,1,7.314751476768936
693,1106,1102,1,3.80171314717607
693,1013,1229,1,5.640389822593795
693,783,882,1,12.561839638690564
693,783,1276,1,22.606377139254327
693,783,834,1,7.689481736045675
693,783,566,1,5.876334276322891
694,849,931,1,4.4061387562478425
694,882,783,2,12.561839638690564
694,1013,849,1,8.811582411969269
694,882,708,1,4.837510953567602
694,1276,931,1,8.946223146223524
694,931,783,1,18.3740064075405
694,708,783,1,10.697285568723771
694,834,882,4,4.883195120135012
694,834,708,1,4.389831624444016
694,834,783,1,7.689481736045675
694,885,882,1,2.852794790784161
694,885,783,1,15.378166398318458
694,659,359,1,7.84162119104212
694,1102,1013,1,3.616251246210677
694,1102,1229,1,3.8392690799482057
694,783,834,2,7.689481736045675
694,1068,708,1,17.624551847596877
694,1229,783,1,18.841160835534616
695,882,834,4,4.883195120135012
695,882,708,1,4.837510953567602
695,1276,1106,1,4.836798739645476
695,1276,1013,1,8.190822817543284
695,931,783,1,18.3740064075405
695,708,882,1,4.837510953567602
695,708,834,3,4.389831624444016
695,708,885,1,6.511469320496247
695,834,783,2,7.689481736045675
695,885,882,1,2.852794790784161
695,885,834,1,7.688685710981335
695,849,885,1,6.749102957431653
695,1013,931,1,4.405443882921528
695,1013,965,1,4.881725510082577
695,783,834,1,7.689481736045675
696,834,882,1,4.883195120135012
696,882,885,2,2.852794790784161
696,1276,882,1,12.01740314095659
696,931,783,1,18.3740064075405
696,1182,783,2,15.175538880502293
696,708,1091,1,10.705966675099036
696,834,931,1,10.694040075602611
696,885,882,4,2.852794790784161
696,659,783,1,5.809594285895007
696,1102,1276,1,4.836798739646007
696,1013,1276,1,8.190822817543284
696,783,1276,1,22.606377139254327
696,783,708,1,10.697285568723771
696,783,1370,2,30.28578929187396
696,965,1013,1,4.881725510082577
696,1229,1102,1,3.8392690799482057
696,1229,783,1,18.841160835534616
697,917,965,1,4.882215518422521
697,965,708,1,6.739138237495128
697,965,1398,1,11.479089287938937
697,965,783,2,10.498093903671007
697,917,783,1,5.8083597500151045
697,535,708,1,4.548441137468074
697,535,659,1,5.810827883107414
697,1370,783,2,30.28578929187396
697,965,834,6,3.83986736177262
697,965,885,2,6.123119155303686
697,882,965,2,3.616965677313317
697,1091,783,1,10.241109598832232
697,535,783,1,11.620421645142477
697,882,931,1,5.812636165404913
697,882,708,1,4.837510953567602
697,849,885,1,6.749102957431653
697,849,783,1,21.903135562742808
697,882,834,2,4.883195120135012
697,882,885,2,2.852794790784161
697,1276,1106,1,4.836798739645476
697,1276,783,1,22.606377139254327
697,1276,1229,1,3.959637309104105
697,708,359,1,10.088438580081291
697,834,1013,1,8.005172893624191
697,885,931,1,3.0617002345235647
697,885,783,2,15.378166398318458
697,1091,1182,1,5.24631154396119
697,1102,1106,1,3.80171314717607
697,1013,783,1,15.308499342485224
697,783,1276,2,22.606377139254327
697,783,1182,8,15.175538880502293
697,783,708,2,10.697285568723771
697,783,834,1,7.689481736045675
697,783,659,1,5.809594285895007
697,783,849,1,21.903135562742808
697,783,535,1,11.620421645142477
698,965,882,1,3.616965677313317
698,965,1276,1,12.284417645367478
698,834,965,1,3.83986736177262
698,659,783,2,5.809594285895007
698,1229,1182,1,3.960024365898536
698,882,885,1,2.852794790784161
698,1276,931,1,8.946223146223524
698,931,885,1,3.0617002345235647
698,931,1102,1,4.548251915941359
698,1182,885,1,8.662721360426067
698,708,834,1,4.389831624444016
698,708,783,1,10.697285568723771
698,834,708,2,4.389831624444016
698,834,1091,1,6.739095652327052
698,885,1013,1,3.46869779664105
698,885,672,1,5.876204136119103
698,1102,1276,1,4.836798739646007
698,849,672,1,6.511836392511076
698,1106,849,1,6.739095652327052
698,1013,931,1,4.405443882921528
698,783,834,1,7.689481736045675
698,783,659,1,5.809594285895007
698,783,1068,1,26.525178301273773
698,965,834,1,3.83986736177262
698,1068,855,1,5.87594370452583
699,1102,1276,1,4.836798739646007
699,882,885,1,2.852794790784161
699,931,882,2,5.812636165404913
699,931,885,1,3.0617002345235647
699,931,1102,1,4.548251915941359
699,1182,1013,1,5.283249325636405
699,708,882,1,4.837510953567602
699,834,882,1,4.883195120135012
699,834,783,2,7.689481736045675
699,885,882,1,2.852794790784161
699,659,783,1,5.809594285895007
699,1091,783,1,10.241109598832232
699,535,783,1,11.620421645142477
699,1013,783,1,15.308499342485224
699,1013,1229,1,5.640389822593795
699,783,882,1,12.561839638690564
699,783,1276,1,22.606377139254327
699,783,834,1,7.689481736045675
699,783,659,1,5.809594285895007
699,783,1013,1,15.308499342485224
699,783,965,1,10.498093903671007
699,783,1229,1,18.841160835534616
699,1370,783,1,30.28578929187396
699,965,783,1,10.498093903671007
699,1068,1106,1,4.880745078525951
700,1229,965,1,8.77672016628073
700,659,834,1,5.284552964469467
700,1102,1276,1,4.836798739646007
700,882,783,1,12.561839638690564
700,1013,783,2,15.308499342485224
700,882,708,1,4.837510953567602
700,882,834,1,4.883195120135012
700,1182,783,2,15.175538880502293
700,708,659,1,5.815596432206299
700,708,783,2,10.697285568723771
700,834,783,2,7.689481736045675
700,834,965,4,3.83986736177262
700,359,783,1,12.499801205497114
700,885,882,1,2.852794790784161
700,885,783,2,15.378166398318458
700,849,882,1,9.574606006915822
700,1106,965,1,11.884713829537391
700,783,708,1,10.697285568723771
700,783,834,1,7.689481736045675
700,783,885,1,15.378166398318458
700,783,659,1,5.809594285895007
700,783,965,1,10.498093903671007
700,965,882,1,3.616965677313317
701,965,1091,2,4.388654712140797
701,1102,1276,1,4.836798739646007
701,965,708,1,6.739138237495128
701,1013,783,1,15.308499342485224
701,965,885,1,6.123119155303686
701,1068,855,1,5.87594370452583
701,917,783,1,5.8083597500151045
701,931,1106,1,5.283575443416337
701,931,1068,1,8.304853837171269
701,659,882,1,9.424155624926374
701,1102,885,2,5.875878565174106
701,1102,1013,1,3.616251246210677
701,882,931,1,5.812636165404913
701,882,834,1,4.883195120135012
701,882,885,2,2.852794790784161
701,1276,1102,1,4.836798739646007
701,1182,885,4,8.662721360426067
701,1182,783,1,15.175538880502293
701,708,783,1,10.697285568723771
701,834,882,1,4.883195120135012
701,834,659,1,5.284552964469467
701,834,783,2,7.689481736045675
701,885,1013,2,3.46869779664105
701,659,834,2,5.284552964469467
701,566,783,1,5.876334276322891
701,783,882,1,12.561839638690564
701,783,659,1,5.809594285895007
701,783,566,1,5.876334276322891
701,783,1370,1,30.28578929187396
701,1370,783,1,30.28578929187396
701,965,1182,1,5.875748248781206
701,965,834,1,3.83986736177262
701,965,1013,1,4.881725510082577
701,965,783,1,10.498093903671007
701,1229,849,1,12.017793437809017
702,834,885,1,7.688685710981335
702,882,708,2,4.837510953567602
702,1182,834,1,9.674230674179531
702,834,965,1,3.83986736177262
702,885,882,3,2.852794790784161
702,659,359,1,7.84162119104212
702,1091,1276,1,13.129287540581574
702,1091,965,1,4.388654712140797
702,882,885,1,2.852794790784161
702,931,1102,1,4.548251915941359
702,708,882,1,4.837510953567602
702,834,659,1,5.284552964469467
702,885,783,1,15.378166398318458
702,885,965,1,6.123119155303686
702,849,508,1,9.342303526294996
702,1106,1102,1,3.80171314717607
702,1106,783,1,22.318447076891776
702,783,917,1,5.8083597500151045
702,783,931,2,18.3740064075405
702,783,834,1,7.689481736045675
702,783,535,1,11.620421645142477
702,1370,931,1,14.0283994658549
702,965,834,1,3.83986736177262
703,882,708,2,4.837510953567602
703,931,659,1,14.893741670685255
703,834,882,1,4.883195120135012
703,882,931,1,5.812636165404913
703,882,783,1,12.561839638690564
703,1276,1106,1,4.836798739645476
703,1276,783,2,22.606377139254327
703,917,834,1,3.617203703030827
703,708,783,1,10.697285568723771
703,708,965,1,6.739138237495128
703,834,708,1,4.389831624444016
703,834,965,1,3.83986736177262
703,359,885,1,16.388649277200646
703,885,1106,1,7.965381677815221
703,885,672,1,5.876204136119103
703,1102,1106,1,3.80171314717607
703,535,1013,1,13.123524045686974
703,1013,885,1,3.46869779664105
703,1013,1229,1,5.640389822593795
703,783,882,1,12.561839638690564
703,783,1276,1,22.606377139254327
703,783,708,1,10.697285568723771
703,783,834,1,7.689481736045675
703,783,1091,1,10.241109598832232
703,783,566,1,5.876334276322891
703,783,535,1,11.620421645142477
703,783,965,2,10.498093903671007
703,965,885,1,6.123119155303686
703,1068,885,1,11.364565785437158
704,834,535,1,8.012842951904279
704,834,672,1,10.50082625207165
704,1091,1013,1,7.92275625179966
704,1106,1102,2,3.80171314717607
704,535,708,1,4.548441137468074
704,882,783,1,12.561839638690564
704,882,965,1,3.616965677313317
704,1276,1068,1,8.66943360865319
704,708,834,1,4.389831624444016
704,708,783,1,10.697285568723771
704,834,965,1,3.83986736177262
704,885,882,1,2.852794790784161
704,885,931,1,3.0617002345235647
704,885,849,1,6.749102957431653
704,659,783,2,5.809594285895007
704,1106,849,1,6.739095652327052
704,783,1276,1,22.606377139254327
704,783,834,2,7.689481736045675
704,783,1091,1,10.241109598832232
704,783,1068,1,26.525178301273773
704,783,1229,1,18.841160835534616
704,965,882,3,3.616965677313317
704,1229,783,1,18.841160835534616
705,917,783,1,5.8083597500151045
705,1091,783,3,10.241109598832232
705,849,931,1,4.4061387562478425
705,849,1068,1,6.736061142863373
705,535,834,1,8.012842951904279
705,834,882,1,4.883195120135012
705,834,783,8,7.689481736045675
705,1229,708,7,14.16486062369625
705,834,1229,1,12.569063966979074
705,882,834,2,4.883195120135012
705,917,1182,1,9.422487826578177
705,1182,1013,1,5.283249325636405
705,849,508,1,9.342303526294996
705,535,359,1,5.855067293961566
705,1229,1276,1,3.959637309104105
705,882,783,1,12.561839638690564
705,882,965,1,3.616965677313317
705,834,1102,1,11.614659746948035
705,834,1013,1,8.005172893624191
705,885,783,1,15.378166398318458
705,659,783,1,5.809594285895007
705,535,965,1,11.11949266445603
705,1013,783,1,15.308499342485224
705,783,931,1,18.3740064075405
705,783,834,3,7.689481736045675
705,783,359,1,12.499801205497114
705,783,1398,1,19.874616662347663
705,965,834,1,3.83986736177262
705,1229,1102,1,3.8392690799482057
706,834,885,1,7.688685710981335
706,834,965,2,3.83986736177262
706,882,535,1,9.342211452816104
706,1276,1102,1,4.836798739646007
706,931,783,1,18.3740064075405
706,1182,834,1,9.674230674179531
706,708,882,1,4.837510953567602
706,708,535,1,4.548441137468074
706,834,783,1,7.689481736045675
706,1435,917,1,13.478049171931383
706,783,917,1,5.8083597500151045
706,783,855,1,27.60378823743443
706,783,708,1,10.697285568723771
706,783,834,1,7.689481736045675
706,783,659,1,5.809594285895007
706,783,849,1,21.903135562742808
706,783,672,1,17.445012141301472
706,783,965,1,10.498093903671007
706,965,882,1,3.616965677313317
706,965,535,1,11.11949266445603
706,965,783,1,10.498093903671007
706,1229,783,1,18.841160835534616
707,885,931,1,3.0617002345235647
707,659,783,1,5.809594285895007
707,882,834,1,4.883195120135012
707,917,965,1,4.882215518422521
707,931,882,1,5.812636165404913
707,931,885,1,3.0617002345235647
707,834,882,2,4.883195120135012
707,834,708,1,4.389831624444016
707,1013,1182,1,5.283249325636405
707,783,834,2,7.689481736045675
707,783,659,1,5.809594285895007
707,783,535,1,11.620421645142477
707,783,965,1,10.498093903671007
708,1182,1013,1,5.283249325636405
708,882,708,1,4.837510953567602
708,882,1102,1,7.314751476768936
708,917,834,1,3.617203703030827
708,931,885,1,3.0617002345235647
708,931,1106,1,5.283575443416337
708,834,882,1,4.883195120135012
708,834,535,1,8.012842951904279
708,834,1229,1,12.569063966979074
708,885,1106,1,7.965381677815221
708,659,708,1,5.815596432206299
708,1091,965,1,4.388654712140797
708,849,508,1,9.342303526294996
708,535,1102,1,16.335498592300418
708,783,882,2,12.561839638690564
708,783,885,1,15.378166398318458
708,965,834,1,3.83986736177262
708,965,1013,1,4.881725510082577
708,965,783,1,10.498093903671007
709,1182,783,1,15.175538880502293
709,885,849,1,6.749102957431653
709,1106,1276,1,4.836798739645476
709,1182,882,1,7.841474878454721
709,885,1276,1,10.705394585658723
709,885,1435,1,16.795891123871012
709,885,1102,1,5.875878565174106
709,885,783,1,15.378166398318458
709,1106,1102,2,3.80171314717607
709,1229,1102,1,3.8392690799482057
709,1182,1229,1,3.960024365898536
709,885,882,2,2.852794790784161
709,885,834,11,7.688685710981335
709,1106,1068,1,4.880745078525951
709,1229,1276,1,3.959637309104105
709,1182,1091,2,5.24631154396119
709,1106,885,1,7.965381677815221
709,882,931,1,5.812636165404913
709,882,708,1,4.837510953567602
709,882,659,1,9.424155624926374
709,882,535,1,9.342211452816104
709,1276,1106,1,4.836798739645476
709,931,885,1,3.0617002345235647
709,708,535,1,4.548441137468074
709,708,1013,1,8.663428210145081
709,834,783,2,7.689481736045675
709,1013,882,1,3.839767699909249
709,783,882,1,12.561839638690564
709,783,659,1,5.809594285895007
709,783,1091,1,10.241109598832232
709,965,882,1,3.616965677313317
709,965,834,1,3.83986736177262
710,931,1013,1,4.405443882921528
710,882,885,1,2.852794790784161
710,1091,1229,1,9.180034524729397
710,882,834,2,4.883195120135012
710,1276,783,1,22.606377139254327
710,834,882,2,4.883195120135012
710,834,783,1,7.689481736045675
710,885,882,2,2.852794790784161
710,885,931,1,3.0617002345235647
710,1102,834,1,11.614659746948035
710,1106,1276,1,4.836798739645476
710,1106,885,1,7.965381677815221
710,783,882,1,12.561839638690564
710,783,708,1,10.697285568723771
710,783,834,3,7.689481736045675
710,783,1091,1,10.241109598832232
710,783,535,1,11.620421645142477
710,1229,1102,1,3.8392690799482057
711,885,1182,1,8.662721360426067
711,882,885,1,2.852794790784161
711,882,566,1,16.254125732085967
711,882,535,1,9.342211452816104
711,882,965,1,3.616965677313317
711,931,849,1,4.4061387562478425
711,834,885,1,7.688685710981335
711,834,965,1,3.83986736177262
711,885,672,1,5.876204136119103
711,1106,1276,1,4.836798739645476
711,1013,1182,1,5.283249325636405
711,1013,885,1,3.46869779664105
711,783,882,2,12.561839638690564
711,783,931,1,18.3740064075405
711,783,566,1,5.876334276322891
711,783,1106,1,22.318447076891776
711,672,535,1,8.311483007291683
711,1229,1102,1,3.8392690799482057
712,965,1013,1,4.881725510082577
712,885,1013,1,3.46869779664105
712,965,1102,1,8.304116264398273
712,882,885,2,2.852794790784161
712,882,783,1,12.561839638690564
712,882,965,2,3.616965677313317
712,882,1068,1,14.033707701296978
712,855,1068,1,5.87594370452583
712,931,783,1,18.3740064075405
712,834,708,2,4.389831624444016
712,834,965,1,3.83986736177262
712,885,882,1,2.852794790784161
712,885,1229,1,8.89559413156451
712,535,885,1,10.569431103772471
712,535,672,1,8.311483007291683
712,1013,885,1,3.46869779664105
712,1013,1102,1,3.616251246210677
712,783,882,2,12.561839638690564
712,783,1276,1,22.606377139254327
712,783,1091,1,10.241109598832232
712,783,1102,1,18.800951364959644
712,672,849,1,6.511836392511076
713,931,882,2,5.812636165404913
713,885,1013,2,3.46869779664105
713,965,882,4,3.616965677313317
713,882,708,1,4.837510953567602
713,882,834,2,4.883195120135012
713,882,672,1,7.316385892068044
713,882,1013,2,3.839767699909249
713,1276,1106,1,4.836798739645476
713,1182,965,1,5.875748248781206
713,834,1276,1,15.929463663685272
713,834,708,1,4.389831624444016
713,834,566,1,11.619599142411865
713,834,783,2,7.689481736045675
713,834,965,2,3.83986736177262
713,885,882,1,2.852794790784161
713,659,965,1,9.121352246650094
713,849,931,1,4.4061387562478425
713,1106,1102,1,3.80171314717607
713,535,359,1,5.855067293961566
713,1013,965,2,4.881725510082577
713,783,1276,1,22.606377139254327
713,783,931,1,18.3740064075405
713,783,1182,1,15.175538880502293
713,783,708,1,10.697285568723771
713,783,834,1,7.689481736045675
713,783,535,2,11.620421645142477
713,965,535,1,11.11949266445603
713,965,1068,1,16.31300252904951
713,1229,1102,1,3.8392690799482057
714,882,965,3,3.616965677313317
714,834,882,1,4.883195120135012
714,1013,931,2,4.405443882921528
714,882,931,1,5.812636165404913
714,882,708,1,4.837510953567602
714,1276,1091,1,13.129287540581574
714,931,659,1,14.893741670685255
714,931,1106,1,5.283575443416337
714,1182,1435,1,8.189653224238826
714,708,882,1,4.837510953567602
714,885,882,1,2.852794790784161
714,885,931,1,3.0617002345235647
714,659,834,1,5.284552964469467
714,1102,1276,1,4.836798739646007
714,1102,917,1,13.13421609310346
714,1102,1106,1,3.80171314717607
714,849,508,1,9.342303526294996
714,1106,1276,1,4.836798739645476
714,1013,1091,1,7.92275625179966
714,783,882,1,12.561839638690564
714,783,1276,1,22.606377139254327
714,783,834,1,7.689481736045675
714,783,659,1,5.809594285895007
714,783,1102,1,18.800951364959644
714,783,566,1,5.876334276322891
714,783,849,1,21.903135562742808
714,783,965,1,10.498093903671007
714,783,1068,1,26.525178301273773
714,672,849,1,6.511836392511076
714,965,882,1,3.616965677313317
714,965,834,1,3.83986736177262
714,965,1091,1,4.388654712140797
714,965,1013,2,4.881725510082577
714,1229,1276,1,3.959637309104105
715,882,931,2,5.812636165404913
715,882,834,1,4.883195120135012
715,882,659,1,9.424155624926374
715,882,1229,1,9.341474227178574
715,931,1102,1,4.548251915941359
715,1182,708,1,12.26833953852524
715,834,965,1,3.83986736177262
715,834,1229,1,12.569063966979074
715,885,1013,1,3.46869779664105
715,849,1068,1,6.736061142863373
715,1106,931,1,5.283575443416337
715,783,882,2,12.561839638690564
715,783,1435,1,17.957022310236383
715,783,1091,1,10.241109598832232
715,783,1102,1,18.800951364959644
715,783,535,1,11.620421645142477
715,783,1229,2,18.841160835534616
715,965,834,3,3.83986736177262
715,965,885,1,6.123119155303686
716,1229,1102,2,3.8392690799482057
716,885,1182,1,8.662721360426067
716,882,885,1,2.852794790784161
716,882,1102,1,7.314751476768936
716,882,1068,1,14.033707701296978
716,1276,1229,1,3.959637309104105
716,708,1229,1,14.16486062369625
716,834,1276,1,15.929463663685272
716,834,931,2,10.694040075602611
716,834,1229,1,12.569063966979074
716,659,535,1,5.810827883107414
716,1091,783,1,10.241109598832232
716,1102,931,1,4.548251915941359
716,849,1068,1,6.736061142863373
716,1106,1229,1,6.605818539698737
716,535,708,1,4.548441137468074
716,783,882,2,12.561839638690564
716,783,917,1,5.8083597500151045
716,783,855,1,27.60378823743443
716,783,885,1,15.378166398318458
716,965,1276,1,12.284417645367478
717,1182,708,1,12.26833953852524
717,885,508,2,13.808114395759947
717,885,965,2,6.123119155303686
717,882,885,1,2.852794790784161
717,882,1229,1,9.341474227178574
717,1276,882,1,12.01740314095659
717,1276,1102,1,4.836798739646007
717,855,1068,1,5.87594370452583
717,708,965,1,6.739138237495128
717,834,882,1,4.883195120135012
717,834,672,1,10.50082625207165
717,885,783,1,15.378166398318458
717,1398,931,1,13.495077260547856
717,1013,1106,1,7.015517581545067
717,783,1102,1,18.800951364959644
717,783,1229,1,18.841160835534616
717,1068,1102,1,8.626274418583195
718,882,708,1,4.837510953567602
718,882,885,2,2.852794790784161
718,1276,1091,1,13.129287540581574
718,1276,783,3,22.606377139254327
718,931,885,2,3.0617002345235647
718,931,1102,1,4.548251915941359
718,931,965,1,8.628970001760946
718,1182,1398,1,5.640321895106829
718,708,885,1,6.511469320496247
718,708,535,1,4.548441137468074
718,885,1013,1,3.46869779664105
718,659,834,1,5.284552964469467
718,1013,885,1,3.46869779664105
718,1013,1106,1,7.015517581545067
718,783,1182,1,15.175538880502293
718,783,834,2,7.689481736045675
718,783,1091,1,10.241109598832232
718,783,965,1,10.498093903671007
718,783,1068,1,26.525178301273773
718,965,885,1,6.123119155303686
719,885,931,1,3.0617002345235647
719,1276,1091,4,13.129287540581574
719,931,708,1,9.423506251261468
719,834,708,2,4.389831624444016
719,885,882,1,2.852794790784161
719,885,1276,1,10.705394585658723
719,885,834,1,7.688685710981335
719,885,1102,1,5.875878565174106
719,885,672,1,5.876204136119103
719,1013,1182,1,5.283249325636405
719,783,834,1,7.689481736045675
719,783,1091,1,10.241109598832232
719,965,882,1,3.616965677313317
720,882,965,1,3.616965677313317
720,882,708,1,4.837510953567602
720,1276,1398,1,7.438993890374081
720,931,1102,1,4.548251915941359
720,708,834,1,4.389831624444016
720,708,535,2,4.548441137468074
720,834,882,1,4.883195120135012
720,834,931,2,10.694040075602611
720,834,659,1,5.284552964469467
720,885,882,1,2.852794790784161
720,1013,965,1,4.881725510082577
720,783,1102,1,18.800951364959644
720,965,1182,1,5.875748248781206
720,965,1091,1,4.388654712140797
721,855,1106,1,9.423483175173253
721,882,1398,1,13.343391197346763
721,882,1102,2,7.314751476768936
721,882,834,1,4.883195120135012
721,1276,1398,6,7.438993890374081
721,882,931,1,5.812636165404913
721,882,885,2,2.852794790784161
721,834,965,1,3.83986736177262
721,1013,855,1,14.035043934320278
721,1013,885,1,3.46869779664105
721,1013,672,1,9.341935125969725
721,882,965,1,3.616965677313317
721,1182,1276,1,7.919661523440269
721,1182,1398,1,5.640321895106829
721,885,1102,1,5.875878565174106
721,659,834,1,5.284552964469467
721,783,708,1,10.697285568723771
721,1229,1276,1,3.959637309104105
722,885,882,1,2.852794790784161
722,1276,931,2,8.946223146223524
722,708,885,1,6.511469320496247
722,708,965,1,6.739138237495128
722,834,659,1,5.284552964469467
722,834,1091,1,6.739095652327052
722,834,965,1,3.83986736177262
722,1091,917,1,4.837115435970083
722,535,708,1,4.548441137468074
723,882,1229,1,9.341474227178574
724,1229,1276,1,3.959637309104105
724,659,566,1,7.02219411294688
724,1102,1106,1,3.80171314717607
724,1106,1229,1,6.605818539698737
724,1068,931,1,8.304853837171269
725,1013,1398,1,10.186376382121452
725,882,834,2,4.883195120135012
725,882,885,3,2.852794790784161
725,1276,931,2,8.946223146223524
725,1276,1182,1,7.919661523440269
725,1276,885,8,10.705394585658723
725,1013,965,1,4.881725510082577
725,1276,882,2,12.01740314095659
725,834,965,2,3.83986736177262
725,882,1106,1,10.203820878312005
725,834,882,1,4.883195120135012
725,834,535,1,8.012842951904279
725,885,1068,1,11.364565785437158
725,965,885,1,6.123119155303686
726,882,708,2,4.837510953567602
726,834,1091,1,6.739095652327052
726,882,783,1,12.561839638690564
726,885,965,1,6.123119155303686
728,659,965,1,9.121352246650094
728,1398,1276,1,7.438993890374081
729,1013,965,1,4.881725510082577
729,882,708,1,4.837510953567602
729,882,885,1,2.852794790784161
729,882,965,1,3.616965677313317
729,1229,783,1,18.841160835534616
730,1276,783,1,22.606377139254327
730,1182,917,1,9.422487826578177
730,359,783,1,12.499801205497114
730,1398,783,2,19.874616662347663
730,1102,783,1,18.800951364959644
731,1276,783,1,22.606377139254327
731,917,783,1,5.8083597500151045
731,931,783,1,18.3740064075405
731,708,783,1,10.697285568723771
731,834,783,1,7.689481736045675
731,1398,783,3,19.874616662347663
731,1106,783,2,22.318447076891776
731,535,708,1,4.548441137468074
731,535,783,3,11.620421645142477
731,672,783,1,17.445012141301472
731,965,783,3,10.498093903671007
732,917,783,1,5.8083597500151045
732,1182,783,1,15.175538880502293
732,1435,917,1,13.478049171931383
732,1435,783,1,17.957022310236383
732,885,783,1,15.378166398318458
732,1091,783,1,10.241109598832232
732,1398,783,1,19.874616662347663
732,1102,783,1,18.800951364959644
732,1106,783,1,22.318447076891776
732,535,783,1,11.620421645142477
732,965,1013,2,4.881725510082577
732,965,783,2,10.498093903671007
732,1068,783,2,26.525178301273773
733,882,535,1,9.342211452816104
733,882,359,1,14.913468445035848
733,1229,783,5,18.841160835534616
733,1276,783,1,22.606377139254327
733,834,783,2,7.689481736045675
733,659,783,7,5.809594285895007
733,1229,885,1,8.89559413156451
733,882,885,1,2.852794790784161
733,882,783,1,12.561839638690564
733,931,849,1,4.4061387562478425
733,931,783,1,18.3740064075405
733,708,783,1,10.697285568723771
733,834,849,1,14.265481524111957
733,1435,783,1,17.957022310236383
733,885,1013,1,3.46869779664105
733,1091,783,1,10.241109598832232
733,1398,783,1,19.874616662347663
733,1102,783,1,18.800951364959644
733,566,783,1,5.876334276322891
733,849,931,1,4.4061387562478425
733,535,783,2,11.620421645142477
733,672,885,1,5.876204136119103
733,1068,849,1,6.736061142863373
733,1068,783,1,26.525178301273773
733,1229,1102,1,3.8392690799482057
734,849,783,3,21.903135562742808
734,931,783,1,18.3740064075405
734,508,849,1,9.342303526294996
734,885,834,1,7.688685710981335
734,885,1013,1,3.46869779664105
734,1091,783,1,10.241109598832232
734,1102,1276,1,4.836798739646007
734,566,783,1,5.876334276322891
734,1013,783,2,15.308499342485224
735,1276,1106,1,4.836798739645476
735,917,834,1,3.617203703030827
735,931,783,3,18.3740064075405
735,834,965,1,3.83986736177262
735,885,849,1,6.749102957431653
735,1091,1182,1,5.24631154396119
735,1091,783,1,10.241109598832232
735,566,783,1,5.876334276322891
735,849,834,1,14.265481524111957
735,535,885,1,10.569431103772471
735,535,783,2,11.620421645142477
735,1013,885,1,3.46869779664105
735,1013,783,1,15.308499342485224
735,783,1013,3,15.308499342485224
736,834,783,1,7.689481736045675
736,834,885,1,7.688685710981335
736,1106,783,1,22.318447076891776
736,855,965,1,18.37212697718332
736,1182,1276,1,7.919661523440269
736,1091,1013,1,7.92275625179966
736,1091,965,1,4.388654712140797
736,535,834,1,8.012842951904279
736,535,783,1,11.620421645142477
736,965,917,1,4.882215518422521
737,1229,783,7,18.841160835534616
737,834,783,5,7.689481736045675
737,659,783,4,5.809594285895007
737,1435,783,1,17.957022310236383
737,1398,783,2,19.874616662347663
737,965,783,7,10.498093903671007
737,882,783,5,12.561839638690564
737,1276,1102,1,4.836798739646007
737,1276,783,2,22.606377139254327
737,708,834,9,4.389831624444016
737,659,834,3,5.284552964469467
737,965,1013,1,4.881725510082577
737,882,1276,1,12.01740314095659
737,931,849,1,4.4061387562478425
737,708,783,2,10.697285568723771
737,659,1276,1,21.11196617772116
737,965,882,1,3.616965677313317
737,1229,882,1,9.341474227178574
737,1229,1398,1,5.282433425576492
737,1398,1276,2,7.438993890374081
737,1102,834,1,11.614659746948035
737,1102,783,1,18.800951364959644
737,1229,1276,1,3.959637309104105
737,1229,1182,1,3.960024365898536
737,917,783,1,5.8083597500151045
737,931,1068,1,8.304853837171269
737,1182,834,1,9.674230674179531
737,1182,1435,1,8.189653224238826
737,1182,1013,1,5.283249325636405
737,885,834,1,7.688685710981335
737,885,1102,1,5.875878565174106
737,566,783,1,5.876334276322891
737,1013,1182,2,5.283249325636405
737,783,659,1,5.809594285895007
737,783,566,2,5.876334276322891
737,965,708,1,6.739138237495128
738,1182,783,3,15.175538880502293
738,882,885,1,2.852794790784161
738,708,882,1,4.837510953567602
738,834,882,2,4.883195120135012
738,882,965,1,3.616965677313317
738,1276,931,1,8.946223146223524
738,1276,1102,1,4.836798739646007
738,1276,672,1,15.682986279658085
738,834,917,1,3.617203703030827
738,834,783,3,7.689481736045675
738,1091,885,1,10.203820878312005
738,1398,783,1,19.874616662347663
738,1102,931,1,4.548251915941359
738,1102,783,1,18.800951364959644
738,566,783,1,5.876334276322891
738,849,783,1,21.903135562742808
738,1013,1276,1,8.190822817543284
738,783,882,1,12.561839638690564
738,783,1182,1,15.175538880502293
738,783,359,1,12.499801205497114
738,1068,1276,1,8.66943360865319
738,1068,931,1,8.304853837171269
739,1182,1229,1,3.960024365898536
739,882,931,1,5.812636165404913
739,882,783,3,12.561839638690564
739,931,885,1,3.0617002345235647
739,917,535,1,11.080361971095948
739,931,849,2,4.4061387562478425
739,834,708,1,4.389831624444016
739,834,359,1,12.378619633278529
739,834,659,1,5.284552964469467
739,834,783,4,7.689481736045675
739,834,965,2,3.83986736177262
739,885,965,2,6.123119155303686
739,1102,1276,1,4.836798739646007
739,849,855,1,5.706192977162224
739,1013,783,1,15.308499342485224
739,783,882,2,12.561839638690564
739,783,1276,1,22.606377139254327
739,783,834,2,7.689481736045675
739,783,965,1,10.498093903671007
739,965,882,1,3.616965677313317
740,882,834,1,4.883195120135012
740,855,783,1,27.60378823743443
740,535,783,1,11.620421645142477
740,885,672,1,5.876204136119103
740,1229,1276,1,3.959637309104105
740,882,1276,1,12.01740314095659
740,882,783,1,12.561839638690564
740,1276,1229,2,3.959637309104105
740,931,1102,1,4.548251915941359
740,708,882,1,4.837510953567602
740,834,885,1,7.688685710981335
740,834,783,1,7.689481736045675
740,359,834,1,12.378619633278529
740,566,885,1,18.80919011993647
740,566,783,2,5.876334276322891
740,849,834,1,14.265481524111957
740,849,885,1,6.749102957431653
740,783,917,1,5.8083597500151045
740,783,708,1,10.697285568723771
740,783,834,2,7.689481736045675
740,672,834,1,10.50082625207165
740,672,885,1,5.876204136119103
740,965,882,1,3.616965677313317
740,965,783,1,10.498093903671007
741,708,1296,1,20.480841757785345
741,931,855,1,9.765900232263595
741,882,834,2,4.883195120135012
741,882,849,1,9.574606006915822
741,855,783,1,27.60378823743443
741,931,1182,1,9.422487826577225
741,931,783,1,18.3740064075405
741,535,783,2,11.620421645142477
741,885,882,4,2.852794790784161
741,885,931,1,3.0617002345235647
741,1106,1102,1,3.80171314717607
741,882,885,4,2.852794790784161
741,882,535,1,9.342211452816104
741,931,882,2,5.812636165404913
741,931,1013,1,4.405443882921528
741,834,359,27,12.378619633278529
741,1106,783,3,22.318447076891776
741,1013,1182,1,5.283249325636405
741,1013,1398,1,10.186376382121452
741,1068,855,1,5.87594370452583
741,1068,1182,1,14.6407627195109
741,1229,1102,1,3.8392690799482057
741,917,834,1,3.617203703030827
741,917,783,3,5.8083597500151045
741,931,834,1,10.694040075602611
741,1182,965,1,5.875748248781206
741,834,783,3,7.689481736045675
741,885,834,1,7.688685710981335
741,885,1102,1,5.875878565174106
741,1091,1182,1,5.24631154396119
741,1102,882,1,7.314751476768936
741,1013,783,1,15.308499342485224
741,1068,931,1,8.304853837171269
741,1068,783,1,26.525178301273773
741,882,965,1,3.616965677313317
741,708,882,1,4.837510953567602
741,708,965,1,6.739138237495128
741,508,783,1,25.93420023872912
741,834,1182,1,9.674230674179531
741,359,834,1,12.378619633278529
741,885,783,1,15.378166398318458
741,659,783,1,5.809594285895007
741,1102,1276,1,4.836798739646007
741,783,882,1,12.561839638690564
741,783,834,1,7.689481736045675
741,783,1013,1,15.308499342485224
741,783,965,1,10.498093903671007
741,965,783,1,10.498093903671007
741,1229,783,1,18.841160835534616
741,1229,1068,1,11.360488351411393
742,855,783,1,27.60378823743443
742,1102,885,1,5.875878565174106
742,1013,1276,2,8.190822817543284
742,1276,1013,1,8.190822817543284
742,1182,1091,1,5.24631154396119
742,834,882,1,4.883195120135012
742,834,783,3,7.689481736045675
742,885,217,1,27.5193398995714
742,885,931,2,3.0617002345235647
742,885,834,1,7.688685710981335
742,885,965,1,6.123119155303686
742,1102,1229,1,3.8392690799482057
742,535,659,1,5.810827883107414
742,783,834,1,7.689481736045675
742,672,783,1,17.445012141301472
742,965,882,2,3.616965677313317
742,965,708,2,6.739138237495128
742,1068,783,1,26.525178301273773
743,708,783,1,10.697285568723771
743,965,1229,1,8.77672016628073
743,882,783,1,12.561839638690564
743,882,965,1,3.616965677313317
743,931,882,2,5.812636165404913
743,931,849,1,4.4061387562478425
743,1182,783,1,15.175538880502293
743,708,885,1,6.511469320496247
743,834,882,1,4.883195120135012
743,834,783,1,7.689481736045675
743,885,931,1,3.0617002345235647
743,885,1013,1,3.46869779664105
743,659,708,1,5.815596432206299
743,1091,965,1,4.388654712140797
743,849,834,1,14.265481524111957
743,1013,1102,1,3.616251246210677
743,783,708,1,10.697285568723771
743,783,834,3,7.689481736045675
743,783,1013,1,15.308499342485224
743,783,1068,1,26.525178301273773
743,1229,1068,1,11.360488351411393
744,708,882,1,4.837510953567602
744,965,834,1,3.83986736177262
744,1013,834,1,8.005172893624191
744,965,885,1,6.123119155303686
744,1068,1276,1,8.66943360865319
744,882,1182,1,7.841474878454721
744,882,834,2,4.883195120135012
744,882,535,1,9.342211452816104
744,882,783,3,12.561839638690564
744,1276,659,1,21.11196617772116
744,931,834,1,10.694040075602611
744,931,849,1,4.4061387562478425
744,1182,1068,1,14.6407627195109
744,708,783,1,10.697285568723771
744,834,885,1,7.688685710981335
744,834,1106,2,14.888705663916236
744,834,783,5,7.689481736045675
744,834,965,1,3.83986736177262
744,1435,783,1,17.957022310236383
744,885,931,1,3.0617002345235647
744,1102,1276,1,4.836798739646007
744,783,882,1,12.561839638690564
744,783,917,1,5.8083597500151045
744,783,834,1,7.689481736045675
744,783,965,1,10.498093903671007
744,1068,885,1,11.364565785437158
744,1229,1013,1,5.640389822593795
745,917,965,2,4.882215518422521
745,659,783,3,5.809594285895007
745,965,783,3,10.498093903671007
745,917,1091,1,4.837115435970083
745,566,783,1,5.876334276322891
745,885,965,1,6.123119155303686
745,1106,882,1,10.203820878312005
745,535,708,1,4.548441137468074
745,1370,1182,2,15.837773174985912
745,1229,783,1,18.841160835534616
745,931,783,1,18.3740064075405
745,885,882,2,2.852794790784161
745,885,834,1,7.688685710981335
745,535,783,1,11.620421645142477
745,1068,783,2,26.525178301273773
745,1229,885,1,8.89559413156451
745,882,931,1,5.812636165404913
745,931,885,1,3.0617002345235647
745,708,882,2,4.837510953567602
745,834,783,1,7.689481736045675
745,885,931,1,3.0617002345235647
745,885,1013,1,3.46869779664105
745,1091,882,1,7.965381677815221
745,849,931,1,4.4061387562478425
745,1106,783,1,22.318447076891776
745,783,834,1,7.689481736045675
745,965,708,1,6.739138237495128
745,965,834,1,3.83986736177262
746,1091,965,1,4.388654712140797
746,965,882,1,3.616965677313317
746,965,885,2,6.123119155303686
746,1068,783,1,26.525178301273773
746,882,834,2,4.883195120135012
746,931,885,1,3.0617002345235647
746,708,783,2,10.697285568723771
746,834,882,2,4.883195120135012
746,834,783,3,7.689481736045675
746,834,965,1,3.83986736177262
746,885,882,1,2.852794790784161
746,885,931,1,3.0617002345235647
746,885,965,1,6.123119155303686
746,659,834,1,5.284552964469467
746,1102,1229,1,3.8392690799482057
746,849,882,1,9.574606006915822
746,535,708,1,4.548441137468074
746,1013,885,1,3.46869779664105
746,783,885,1,15.378166398318458
746,783,1068,1,26.525178301273773
746,783,1229,1,18.841160835534616
747,1229,783,1,18.841160835534616
747,708,965,1,6.739138237495128
747,885,1013,3,3.46869779664105
747,965,834,1,3.83986736177262
747,965,783,2,10.498093903671007
747,882,834,2,4.883195120135012
747,882,885,2,2.852794790784161
747,882,783,1,12.561839638690564
747,931,783,1,18.3740064075405
747,834,708,1,4.389831624444016
747,834,1013,1,8.005172893624191
747,834,783,3,7.689481736045675
747,885,931,2,3.0617002345235647
747,1013,1106,1,7.015517581545067
747,783,882,1,12.561839638690564
747,783,708,1,10.697285568723771
747,783,965,1,10.498093903671007
747,1229,1276,1,3.959637309104105
748,708,834,1,4.389831624444016
748,965,882,1,3.616965677313317
748,965,1013,1,4.881725510082577
748,882,708,1,4.837510953567602
748,882,1013,1,3.839767699909249
748,882,783,1,12.561839638690564
748,882,965,1,3.616965677313317
748,1276,708,1,16.79773773026525
748,931,885,1,3.0617002345235647
748,1182,1102,1,6.120304815079837
748,708,783,1,10.697285568723771
748,834,882,1,4.883195120135012
748,834,885,1,7.688685710981335
748,834,783,2,7.689481736045675
748,359,535,1,5.855067293961566
748,885,708,1,6.511469320496247
748,885,834,1,7.688685710981335
748,1013,965,1,4.881725510082577
748,783,882,1,12.561839638690564
748,783,931,2,18.3740064075405
748,783,1182,1,15.175538880502293
748,783,834,2,7.689481736045675
748,783,359,1,12.499801205497114
748,783,659,2,5.809594285895007
748,783,849,1,21.903135562742808
749,1091,783,2,10.241109598832232
749,708,834,1,4.389831624444016
749,1229,783,2,18.841160835534616
749,672,882,1,7.316385892068044
749,885,1102,1,5.875878565174106
749,659,783,2,5.809594285895007
749,1102,783,1,18.800951364959644
749,659,708,1,5.815596432206299
749,659,834,3,5.284552964469467
749,1102,1013,1,3.616251246210677
749,535,359,1,5.855067293961566
749,535,783,1,11.620421645142477
749,885,1013,1,3.46869779664105
749,1102,885,1,5.875878565174106
749,849,1106,1,6.739095652327052
749,965,834,1,3.83986736177262
749,965,1091,1,4.388654712140797
749,965,783,1,10.498093903671007
749,1229,1276,1,3.959637309104105
749,1229,1013,1,5.640389822593795
749,882,885,1,2.852794790784161
749,882,783,1,12.561839638690564
749,1276,783,1,22.606377139254327
749,917,783,1,5.8083597500151045
749,1182,882,1,7.841474878454721
749,708,917,1,7.967110892206104
749,834,882,1,4.883195120135012
749,834,917,1,3.617203703030827
749,834,1013,1,8.005172893624191
749,834,965,1,3.83986736177262
749,885,783,2,15.378166398318458
749,849,885,1,6.749102957431653
749,1013,1102,1,3.616251246210677
749,783,834,2,7.689481736045675
749,783,535,1,11.620421645142477
749,783,965,2,10.498093903671007
750,917,834,1,3.617203703030827
750,882,834,2,4.883195120135012
750,882,885,1,2.852794790784161
750,882,849,1,9.574606006915822
750,882,783,1,12.561839638690564
750,1276,1229,1,3.959637309104105
750,931,885,3,3.0617002345235647
750,708,566,1,12.81122045365883
750,834,1182,1,9.674230674179531
750,834,708,1,4.389831624444016
750,834,783,3,7.689481736045675
750,834,965,1,3.83986736177262
750,885,931,1,3.0617002345235647
750,885,708,1,6.511469320496247
750,885,965,1,6.123119155303686
750,659,834,1,5.284552964469467
750,1106,882,1,10.203820878312005
750,535,659,1,5.810827883107414
750,1013,1182,1,5.283249325636405
750,783,917,1,5.8083597500151045
750,783,359,1,12.499801205497114
750,783,535,1,11.620421645142477
750,965,834,1,3.83986736177262
750,965,885,1,6.123119155303686
750,965,783,1,10.498093903671007
751,931,783,1,18.3740064075405
751,882,783,1,12.561839638690564
751,708,882,1,4.837510953567602
751,834,882,1,4.883195120135012
751,834,708,1,4.389831624444016
751,834,783,1,7.689481736045675
751,834,965,1,3.83986736177262
751,885,931,1,3.0617002345235647
751,885,834,1,7.688685710981335
751,659,834,1,5.284552964469467
751,1102,1182,1,6.120304815079837
751,1106,783,1,22.318447076891776
751,783,931,2,18.3740064075405
751,783,359,1,12.499801205497114
751,783,659,1,5.809594285895007
751,783,535,1,11.620421645142477
751,965,882,1,3.616965677313317
751,1229,965,1,8.77672016628073
752,931,783,1,18.3740064075405
752,882,708,1,4.837510953567602
752,882,1102,1,7.314751476768936
752,882,783,1,12.561839638690564
752,931,885,1,3.0617002345235647
752,931,1102,1,4.548251915941359
752,1182,1091,1,5.24631154396119
752,708,855,1,17.44323648533522
752,708,931,1,9.423506251261468
752,708,834,1,4.389831624444016
752,834,917,1,3.617203703030827
752,834,931,1,10.694040075602611
752,834,783,2,7.689481736045675
752,885,882,1,2.852794790784161
752,885,783,2,15.378166398318458
752,1091,1013,1,7.92275625179966
752,1102,849,1,8.191991396325179
752,535,359,1,5.855067293961566
752,1013,1102,1,3.616251246210677
752,1013,783,1,15.308499342485224
752,783,882,1,12.561839638690564
752,783,1182,1,15.175538880502293
752,783,708,1,10.697285568723771
752,783,834,1,7.689481736045675
752,783,566,1,5.876334276322891
752,783,849,1,21.903135562742808
752,783,535,1,11.620421645142477
752,1068,1091,1,19.042063967077485
753,882,965,1,3.616965677313317
753,1276,783,3,22.606377139254327
753,1276,1068,1,8.66943360865319
753,1370,783,1,30.28578929187396
753,1229,1276,1,3.959637309104105
753,882,1276,1,12.01740314095659
753,882,834,1,4.883195120135012
753,1106,1102,2,3.80171314717607
753,1370,849,3,14.16435382667801
753,882,931,1,5.812636165404913
753,885,965,1,6.123119155303686
753,882,708,1,4.837510953567602
753,882,885,1,2.852794790784161
753,917,834,1,3.617203703030827
753,917,783,1,5.8083597500151045
753,931,855,1,9.765900232263595
753,931,885,1,3.0617002345235647
753,1182,783,1,15.175538880502293
753,1182,1068,1,14.6407627195109
753,708,834,1,4.389831624444016
753,708,783,1,10.697285568723771
753,834,931,1,10.694040075602611
753,834,708,1,4.389831624444016
753,834,885,1,7.688685710981335
753,834,659,1,5.284552964469467
753,885,849,1,6.749102957431653
753,1091,1182,1,5.24631154396119
753,1102,882,1,7.314751476768936
753,849,931,1,4.4061387562478425
753,1013,1091,2,7.92275625179966
753,783,882,1,12.561839638690564
753,783,885,1,15.378166398318458
753,783,535,1,11.620421645142477
753,965,1013,1,4.881725510082577
754,1013,882,1,3.839767699909249
754,882,708,1,4.837510953567602
754,882,834,1,4.883195120135012
754,1276,1229,1,3.959637309104105
754,931,885,1,3.0617002345235647
754,931,849,1,4.4061387562478425
754,931,1068,1,8.304853837171269
754,1182,1013,1,5.283249325636405
754,708,535,3,4.548441137468074
754,834,783,3,7.689481736045675
754,885,931,1,3.0617002345235647
754,1091,1182,1,5.24631154396119
754,1091,1229,1,9.180034524729397
754,1102,1106,2,3.80171314717607
754,566,1435,1,23.827961541897
754,566,783,1,5.876334276322891
754,849,783,1,21.903135562742808
754,535,708,1,4.548441137468074
754,783,882,1,12.561839638690564
754,783,917,1,5.8083597500151045
754,783,708,2,10.697285568723771
754,783,834,3,7.689481736045675
754,783,885,1,15.378166398318458
754,783,535,2,11.620421645142477
755,834,965,2,3.83986736177262
755,882,965,2,3.616965677313317
755,834,708,2,4.389831624444016
755,1229,1398,1,5.282433425576492
755,1229,783,1,18.841160835534616
755,931,359,1,19.02514721551251
755,1182,783,1,15.175538880502293
755,659,834,1,5.284552964469467
755,1398,1229,1,5.282433425576492
755,1102,1106,1,3.80171314717607
755,849,931,1,4.4061387562478425
755,1106,1102,1,3.80171314717607
755,1013,849,1,8.811582411969269
755,783,931,1,18.3740064075405
755,783,1182,1,15.175538880502293
755,783,834,1,7.689481736045675
755,783,359,2,12.499801205497114
755,783,659,2,5.809594285895007
755,783,1091,1,10.241109598832232
755,965,535,1,11.11949266445603
756,931,783,1,18.3740064075405
756,1182,1229,1,3.960024365898536
756,931,849,1,4.4061387562478425
756,1276,1182,1,7.919661523440269
756,708,882,1,4.837510953567602
756,708,783,1,10.697285568723771
756,834,849,1,14.265481524111957
756,834,1229,1,12.569063966979074
756,783,659,1,5.809594285895007
756,783,965,1,10.498093903671007
756,1229,783,1,18.841160835534616
757,834,965,2,3.83986736177262
757,834,882,3,4.883195120135012
757,834,931,8,10.694040075602611
757,882,783,2,12.561839638690564
757,882,834,2,4.883195120135012
757,882,885,1,2.852794790784161
757,672,535,1,8.311483007291683
757,1276,1102,1,4.836798739646007
757,1276,1229,1,3.959637309104105
757,931,882,1,5.812636165404913
757,1182,1091,1,5.24631154396119
757,882,931,1,5.812636165404913
757,882,1013,1,3.839767699909249
757,708,834,1,4.389831624444016
757,834,659,1,5.284552964469467
757,834,672,1,10.50082625207165
757,885,1013,1,3.46869779664105
757,1091,783,1,10.241109598832232
757,1102,917,1,13.13421609310346
757,783,882,1,12.561839638690564
757,783,931,1,18.3740064075405
757,965,834,2,3.83986736177262
757,1229,1102,1,3.8392690799482057
758,931,834,1,10.694040075602611
758,882,535,1,9.342211452816104
758,882,965,2,3.616965677313317
758,834,708,2,4.389831624444016
758,834,783,3,7.689481736045675
758,1013,882,1,3.839767699909249
758,931,783,1,18.3740064075405
758,882,708,1,4.837510953567602
758,882,849,1,9.574606006915822
758,931,882,1,5.812636165404913
758,931,849,1,4.4061387562478425
758,1182,1102,1,6.120304815079837
758,885,834,1,7.688685710981335
758,659,535,1,5.810827883107414
758,1102,885,1,5.875878565174106
758,1296,1068,1,29.27710165417736
758,535,885,1,10.569431103772471
758,783,931,1,18.3740064075405
758,783,834,2,7.689481736045675
758,783,849,2,21.903135562742808
758,672,885,1,5.876204136119103
758,965,882,1,3.616965677313317
758,965,1091,1,4.388654712140797
758,1068,855,1,5.87594370452583
759,834,708,1,4.389831624444016
759,708,965,2,6.739138237495128
759,885,882,2,2.852794790784161
759,834,931,1,10.694040075602611
759,882,1182,1,7.841474878454721
759,708,1182,1,12.26833953852524
759,834,535,2,8.012842951904279
759,1091,783,1,10.241109598832232
759,1102,931,1,4.548251915941359
759,1106,783,1,22.318447076891776
759,535,882,1,9.342211452816104
759,783,217,1,15.9168375789092
759,783,882,1,12.561839638690564
759,783,359,2,12.499801205497114
759,783,1102,1,18.800951364959644
759,783,1229,1,18.841160835534616
759,965,882,1,3.616965677313317
759,1229,1398,1,5.282433425576492
760,1182,1091,1,5.24631154396119
760,708,849,1,11.8916662824573
760,885,1398,1,13.644566108710274
760,882,931,1,5.812636165404913
760,882,708,1,4.837510953567602
760,882,834,1,4.883195120135012
760,882,885,3,2.852794790784161
760,931,885,1,3.0617002345235647
760,931,849,1,4.4061387562478425
760,931,672,1,6.73915242731767
760,1102,931,1,4.548251915941359
760,783,1276,1,22.606377139254327
760,783,1182,1,15.175538880502293
760,783,508,1,25.93420023872912
760,783,834,1,7.689481736045675
760,783,566,1,5.876334276322891
760,783,965,1,10.498093903671007
760,783,1229,1,18.841160835534616
760,965,834,2,3.83986736177262
760,965,659,1,9.121352246650094
761,834,1102,2,11.614659746948035
761,1276,783,1,22.606377139254327
761,708,882,2,4.837510953567602
761,708,783,1,10.697285568723771
761,834,882,5,4.883195120135012
761,834,659,2,5.284552964469467
761,1276,1013,1,8.190822817543284
761,708,834,1,4.389831624444016
761,834,359,1,12.378619633278529
761,834,849,1,14.265481524111957
761,885,931,1,3.0617002345235647
761,566,783,1,5.876334276322891
761,672,882,1,7.316385892068044
761,708,535,1,4.548441137468074
761,834,1091,1,6.739095652327052
761,885,882,2,2.852794790784161
761,885,1102,1,5.875878565174106
761,885,566,1,18.80919011993647
761,1106,1102,1,3.80171314717607
761,965,1091,1,4.388654712140797
761,882,1276,1,12.01740314095659
761,1276,1229,1,3.959637309104105
761,708,965,1,6.739138237495128
761,834,917,1,3.617203703030827
761,885,1013,1,3.46869779664105
761,885,672,1,5.876204136119103
761,1102,1276,1,4.836798739646007
761,849,508,1,9.342303526294996
761,783,849,1,21.903135562742808
761,783,965,2,10.498093903671007
761,1370,1068,1,7.841426035905807
762,882,931,1,5.812636165404913
762,882,535,1,9.342211452816104
762,882,965,1,3.616965677313317
762,1276,1102,1,4.836798739646007
762,1102,849,1,8.191991396325179
762,882,834,1,4.883195120135012
762,882,566,1,16.254125732085967
762,855,849,1,5.706192977162224
762,931,834,1,10.694040075602611
762,1182,1068,1,14.6407627195109
762,834,882,1,4.883195120135012
762,834,659,1,5.284552964469467
762,885,882,1,2.852794790784161
762,885,672,1,5.876204136119103
762,659,834,1,5.284552964469467
762,1398,1276,1,7.438993890374081
762,1102,834,1,11.614659746948035
762,849,931,1,4.4061387562478425
762,849,885,1,6.749102957431653
762,849,1102,1,8.191991396325179
762,849,1106,1,6.739095652327052
762,783,1182,1,15.175538880502293
762,783,1091,1,10.241109598832232
762,783,535,1,11.620421645142477
762,783,1013,1,15.308499342485224
762,965,882,1,3.616965677313317
762,1068,1102,1,8.626274418583195
763,882,849,1,9.574606006915822
763,917,965,1,4.882215518422521
763,931,849,1,4.4061387562478425
763,1182,1013,1,5.283249325636405
763,834,708,4,4.389831624444016
763,834,1102,1,11.614659746948035
763,834,965,1,3.83986736177262
763,849,1013,1,8.811582411969269
763,1106,1229,1,6.605818539698737
763,535,965,1,11.11949266445603
763,783,359,1,12.499801205497114
763,783,1229,2,18.841160835534616
763,672,931,1,6.73915242731767
763,965,1091,1,4.388654712140797
764,708,1091,1,10.705966675099036
764,882,708,1,4.837510953567602
764,882,965,1,3.616965677313317
764,1276,1398,1,7.438993890374081
764,1276,1106,1,4.836798739645476
764,931,882,1,5.812636165404913
764,931,359,1,19.02514721551251
764,931,885,1,3.0617002345235647
764,931,1068,1,8.304853837171269
764,708,1229,1,14.16486062369625
764,885,535,1,10.569431103772471
764,659,1013,1,13.022203254976295
764,1102,1229,1,3.8392690799482057
764,849,508,1,9.342303526294996
764,849,1102,1,8.191991396325179
764,1013,1398,1,10.186376382121452
764,783,834,1,7.689481736045675
764,783,359,1,12.499801205497114
764,783,659,1,5.809594285895007
764,783,1091,1,10.241109598832232
764,783,1398,1,19.874616662347663
764,783,849,1,21.903135562742808
764,783,672,1,17.445012141301472
764,965,882,1,3.616965677313317
764,965,1182,1,5.875748248781206
765,1106,1102,2,3.80171314717607
765,1370,1102,1,11.609712853230407
765,834,882,4,4.883195120135012
765,834,931,1,10.694040075602611
765,834,708,2,4.389831624444016
765,834,885,1,7.688685710981335
765,834,659,2,5.284552964469467
765,834,566,7,11.619599142411865
765,834,1182,1,9.674230674179531
765,885,882,2,2.852794790784161
765,1106,885,1,7.965381677815221
765,882,885,1,2.852794790784161
765,917,566,1,11.111659067746016
765,931,834,1,10.694040075602611
765,1182,965,1,5.875748248781206
765,708,1091,1,10.705966675099036
765,834,535,1,8.012842951904279
765,659,882,1,9.424155624926374
765,659,783,1,5.809594285895007
765,1102,708,1,12.01896382682808
765,849,1106,1,6.739095652327052
765,849,1068,1,6.736061142863373
765,1106,1276,1,4.836798739645476
765,535,708,1,4.548441137468074
765,783,1276,1,22.606377139254327
765,783,708,1,10.697285568723771
765,783,1102,1,18.800951364959644
765,965,708,1,6.739138237495128
765,965,1091,1,4.388654712140797
765,1229,882,1,9.341474227178574
766,659,708,1,5.815596432206299
766,882,1106,1,10.203820878312005
766,882,965,1,3.616965677313317
766,882,1229,1,9.341474227178574
766,1182,931,1,9.422487826577225
766,708,1106,1,14.476051732619457
766,708,535,1,4.548441137468074
766,834,1013,1,8.005172893624191
766,359,708,1,10.088438580081291
766,885,882,1,2.852794790784161
766,885,672,1,5.876204136119103
766,1102,1013,2,3.616251246210677
766,849,882,1,9.574606006915822
766,849,1102,1,8.191991396325179
766,849,783,1,21.903135562742808
766,1106,1013,1,7.015517581545067
766,783,1013,1,15.308499342485224
766,783,965,2,10.498093903671007
766,965,1106,1,11.884713829537391
767,965,1091,2,4.388654712140797
767,882,885,1,2.852794790784161
767,882,1102,1,7.314751476768936
767,1276,1091,1,13.129287540581574
767,855,849,1,5.706192977162224
767,1182,1102,1,6.120304815079837
767,885,882,1,2.852794790784161
767,1106,1102,1,3.80171314717607
767,783,708,1,10.697285568723771
767,783,885,1,15.378166398318458
767,783,535,1,11.620421645142477
767,965,1102,1,8.304116264398273
768,882,931,1,5.812636165404913
768,882,885,1,2.852794790784161
768,882,672,1,7.316385892068044
768,882,965,1,3.616965677313317
768,882,1229,1,9.341474227178574
768,1435,882,1,15.539169801979478
768,885,882,2,2.852794790784161
768,1398,965,1,11.479089287938937
768,1102,1229,1,3.8392690799482057
769,834,965,3,3.83986736177262
769,834,783,1,7.689481736045675
769,1370,882,1,18.783825554252072
769,965,882,5,3.616965677313317
769,834,882,7,4.883195120135012
769,917,834,1,3.617203703030827
769,834,359,1,12.378619633278529
769,834,708,1,4.389831624444016
769,1435,882,3,15.539169801979478
769,965,1091,1,4.388654712140797
769,882,917,1,7.68788945836583
769,882,885,1,2.852794790784161
769,882,1102,1,7.314751476768936
769,882,1013,1,3.839767699909249
769,931,882,1,5.812636165404913
769,931,885,1,3.0617002345235647
769,931,1068,1,8.304853837171269
769,885,965,1,6.123119155303686
769,965,1182,1,5.875748248781206
770,882,672,1,7.316385892068044
770,882,965,3,3.616965677313317
770,965,1013,1,4.881725510082577
770,882,1182,1,7.841474878454721
770,882,834,1,4.883195120135012
770,882,1398,1,13.343391197346763
770,708,1068,1,17.624551847596877
770,834,965,1,3.83986736177262
770,885,882,1,2.852794790784161
770,885,1013,1,3.46869779664105
770,1013,882,1,3.839767699909249
770,1013,885,1,3.46869779664105
770,965,1091,1,4.388654712140797
771,834,931,1,10.694040075602611
771,882,1013,1,3.839767699909249
771,885,1229,1,8.89559413156451
771,1091,1106,1,14.256423283017469
771,965,1102,1,8.304116264398273
772,882,931,1,5.812636165404913
772,882,885,1,2.852794790784161
772,882,659,1,9.424155624926374
772,882,965,1,3.616965677313317
772,931,834,1,10.694040075602611
772,708,659,1,5.815596432206299
772,1398,1102,1,9.118728510486134
772,535,882,1,9.342211452816104
772,535,885,1,10.569431103772471
772,965,882,1,3.616965677313317
772,965,1106,1,11.884713829537391
773,834,855,1,19.971672663678955
773,834,708,2,4.389831624444016
773,885,931,1,3.0617002345235647
773,834,882,2,4.883195120135012
773,885,1068,1,11.364565785437158
773,882,885,1,2.852794790784161
773,882,1013,1,3.839767699909249
773,834,672,1,10.50082625207165
773,885,1013,1,3.46869779664105
774,882,965,1,3.616965677313317
775,1102,1106,1,3.80171314717607
776,1276,1398,1,7.438993890374081
776,931,783,1,18.3740064075405
777,1276,1398,4,7.438993890374081
777,1435,965,1,12.559207082683258
777,882,783,2,12.561839638690564
777,1102,1106,1,3.80171314717607
777,535,1276,1,21.16000916395143
778,882,783,1,12.561839638690564
778,1276,783,1,22.606377139254327
778,931,783,1,18.3740064075405
778,1182,1106,1,9.760018472127422
778,1091,783,1,10.241109598832232
778,1398,783,1,19.874616662347663
778,1102,783,1,18.800951364959644
778,566,783,1,5.876334276322891
778,1013,783,2,15.308499342485224
778,672,783,1,17.445012141301472
778,965,783,1,10.498093903671007
779,708,783,1,10.697285568723771
779,659,783,1,5.809594285895007
779,1102,1013,2,3.616251246210677
779,1102,783,1,18.800951364959644
779,1102,1229,1,3.8392690799482057
779,1106,783,1,22.318447076891776
779,535,708,1,4.548441137468074
779,535,783,2,11.620421645142477
779,1013,783,1,15.308499342485224
779,965,783,3,10.498093903671007
779,1229,783,2,18.841160835534616
780,708,783,1,10.697285568723771
780,359,783,2,12.499801205497114
780,659,783,2,5.809594285895007
780,1091,1276,1,13.129287540581574
780,566,783,1,5.876334276322891
780,1106,783,1,22.318447076891776
780,535,783,1,11.620421645142477
780,1013,885,1,3.46869779664105
780,672,783,1,17.445012141301472
780,1068,783,1,26.525178301273773
780,1229,1398,1,5.282433425576492
780,1229,783,1,18.841160835534616
781,882,783,2,12.561839638690564
781,1276,783,2,22.606377139254327
781,1182,783,3,15.175538880502293
781,834,885,2,7.688685710981335
781,659,783,2,5.809594285895007
781,965,708,1,6.739138237495128
781,965,885,1,6.123119155303686
781,965,1013,1,4.881725510082577
781,965,783,2,10.498093903671007
781,855,783,1,27.60378823743443
781,931,882,1,5.812636165404913
781,708,783,1,10.697285568723771
781,834,882,1,4.883195120135012
781,1102,885,2,5.875878565174106
781,1102,783,1,18.800951364959644
781,849,535,1,14.6134281539242
781,535,931,1,13.170081658182124
781,672,708,1,6.751878981086827
781,672,885,1,5.876204136119103
781,672,783,1,17.445012141301472
781,1229,1102,1,3.8392690799482057
782,535,783,1,11.620421645142477
782,708,783,2,10.697285568723771
782,882,917,1,7.68788945836583
782,931,882,1,5.812636165404913
782,508,783,1,25.93420023872912
782,359,783,1,12.499801205497114
782,885,708,1,6.511469320496247
782,1102,1276,1,4.836798739646007
782,1102,783,1,18.800951364959644
782,849,931,1,4.4061387562478425
782,1106,1013,1,7.015517581545067
782,1013,885,1,3.46869779664105
783,1276,1106,1,4.836798739645476
783,708,783,1,10.697285568723771
783,882,1276,1,12.01740314095659
783,882,783,1,12.561839638690564
783,931,1013,1,4.405443882921528
783,885,659,1,11.84843418422244
783,1398,1276,2,7.438993890374081
783,1398,1435,1,5.805514364498899
783,1398,783,1,19.874616662347663
783,566,783,2,5.876334276322891
783,849,834,1,14.265481524111957
783,849,783,1,21.903135562742808
783,1013,1182,1,5.283249325636405
783,1068,783,2,26.525178301273773
784,1182,783,1,15.175538880502293
784,834,965,1,3.83986736177262
784,1276,1102,1,4.836798739646007
784,917,1182,1,9.422487826578177
784,359,783,1,12.499801205497114
784,885,882,1,2.852794790784161
784,885,783,2,15.378166398318458
784,659,834,1,5.284552964469467
784,1106,1068,1,4.880745078525951
784,783,885,1,15.378166398318458
785,834,783,10,7.689481736045675
785,931,783,3,18.3740064075405
785,659,783,6,5.809594285895007
785,535,783,3,11.620421645142477
785,965,783,5,10.498093903671007
785,931,834,2,10.694040075602611
785,708,783,2,10.697285568723771
785,1229,1102,1,3.8392690799482057
785,1182,783,2,15.175538880502293
785,1091,783,1,10.241109598832232
785,965,882,1,3.616965677313317
785,1229,783,2,18.841160835534616
785,1102,834,1,11.614659746948035
785,849,931,2,4.4061387562478425
785,1229,1276,1,3.959637309104105
785,882,783,1,12.561839638690564
785,931,882,2,5.812636165404913
785,931,855,1,9.765900232263595
785,1091,1182,2,5.24631154396119
785,849,1182,1,13.728760504847472
785,535,834,1,8.012842951904279
785,882,708,1,4.837510953567602
785,1276,1229,1,3.959637309104105
785,917,783,1,5.8083597500151045
785,834,917,1,3.617203703030827
785,834,708,1,4.389831624444016
785,834,885,1,7.688685710981335
785,834,965,1,3.83986736177262
785,659,834,1,5.284552964469467
785,566,885,1,18.80919011993647
785,1013,882,1,3.839767699909249
785,783,882,1,12.561839638690564
785,783,834,1,7.689481736045675
785,672,931,1,6.73915242731767
785,965,1182,1,5.875748248781206
786,834,783,3,7.689481736045675
786,931,849,1,4.4061387562478425
786,882,931,1,5.812636165404913
786,882,885,1,2.852794790784161
786,1276,1102,1,4.836798739646007
786,882,834,1,4.883195120135012
786,882,783,1,12.561839638690564
786,917,783,1,5.8083597500151045
786,855,783,2,27.60378823743443
786,931,882,1,5.812636165404913
786,1182,783,3,15.175538880502293
786,708,783,1,10.697285568723771
786,508,783,1,25.93420023872912
786,834,1182,1,9.674230674179531
786,834,708,1,4.389831624444016
786,834,965,1,3.83986736177262
786,885,508,1,13.808114395759947
786,1102,931,1,4.548251915941359
786,1106,783,1,22.318447076891776
786,783,1276,1,22.606377139254327
786,783,1182,1,15.175538880502293
786,965,834,1,3.83986736177262
786,1068,783,1,26.525178301273773
786,1229,965,1,8.77672016628073
787,834,783,2,7.689481736045675
787,849,834,1,14.265481524111957
787,1276,783,1,22.606377139254327
787,965,882,1,3.616965677313317
787,965,783,1,10.498093903671007
787,882,885,1,2.852794790784161
787,882,783,1,12.561839638690564
787,931,882,1,5.812636165404913
787,931,783,1,18.3740064075405
787,1182,1276,1,7.919661523440269
787,1182,1091,1,5.24631154396119
787,1182,783,1,15.175538880502293
787,1182,965,1,5.875748248781206
787,708,783,1,10.697285568723771
787,885,834,1,7.688685710981335
787,885,1102,1,5.875878565174106
787,1102,1276,1,4.836798739646007
787,783,834,1,7.689481736045675
787,783,965,1,10.498093903671007
788,834,783,2,7.689481736045675
788,1276,783,2,22.606377139254327
788,1091,1182,1,5.24631154396119
788,965,885,1,6.123119155303686
788,965,535,1,11.11949266445603
788,931,1068,1,8.304853837171269
788,834,965,1,3.83986736177262
788,359,783,1,12.499801205497114
788,885,931,1,3.0617002345235647
788,885,834,1,7.688685710981335
788,1398,1182,1,5.640321895106829
788,783,882,1,12.561839638690564
788,783,931,1,18.3740064075405
788,783,708,1,10.697285568723771
788,1068,783,1,26.525178301273773
789,834,783,8,7.689481736045675
789,659,783,4,5.809594285895007
789,1091,783,2,10.241109598832232
789,1229,834,1,12.569063966979074
789,1276,783,1,22.606377139254327
789,855,849,1,5.706192977162224
789,659,931,1,14.893741670685255
789,1091,1182,3,5.24631154396119
789,535,708,1,4.548441137468074
789,1013,1182,1,5.283249325636405
789,1370,1182,4,15.837773174985912
789,1106,1013,1,7.015517581545067
789,965,1276,1,12.284417645367478
789,1229,882,2,9.341474227178574
789,1229,783,2,18.841160835534616
789,931,834,2,10.694040075602611
789,931,1102,1,4.548251915941359
789,931,783,1,18.3740064075405
789,1182,783,1,15.175538880502293
789,849,1102,1,8.191991396325179
789,1106,1102,1,3.80171314717607
789,535,834,1,8.012842951904279
789,535,783,1,11.620421645142477
789,1013,882,2,3.839767699909249
789,1013,885,1,3.46869779664105
789,1013,783,3,15.308499342485224
789,1370,882,2,18.783825554252072
789,965,834,1,3.83986736177262
789,965,783,2,10.498093903671007
789,1068,783,1,26.525178301273773
789,1229,1013,1,5.640389822593795
789,882,931,1,5.812636165404913
789,882,885,1,2.852794790784161
789,1276,1102,1,4.836798739646007
789,708,834,1,4.389831624444016
789,708,783,1,10.697285568723771
789,885,882,1,2.852794790784161
789,885,783,1,15.378166398318458
789,1091,1276,1,13.129287540581574
789,566,783,1,5.876334276322891
789,783,882,1,12.561839638690564
789,783,834,2,7.689481736045675
789,783,659,2,5.809594285895007
789,783,1091,1,10.241109598832232
789,783,1106,1,22.318447076891776
789,1068,885,1,11.364565785437158
790,834,783,3,7.689481736045675
790,1276,783,1,22.606377139254327
790,882,834,1,4.883195120135012
790,882,783,1,12.561839638690564
790,882,965,1,3.616965677313317
790,708,783,1,10.697285568723771
790,885,834,1,7.688685710981335
790,849,931,1,4.4061387562478425
790,1106,1276,1,4.836798739645476
790,882,708,2,4.837510953567602
790,834,885,1,7.688685710981335
790,834,659,1,5.284552964469467
790,834,1013,1,8.005172893624191
790,834,965,1,3.83986736177262
790,885,1276,1,10.705394585658723
790,885,1091,1,10.203820878312005
790,659,783,2,5.809594285895007
790,1091,882,1,7.965381677815221
790,535,708,1,4.548441137468074
790,1013,1091,1,7.92275625179966
790,1013,783,1,15.308499342485224
790,783,1276,1,22.606377139254327
790,783,917,1,5.8083597500151045
790,783,834,1,7.689481736045675
790,783,1091,1,10.241109598832232
790,783,1370,16,30.28578929187396
790,783,1068,1,26.525178301273773
790,965,834,1,3.83986736177262
791,1091,965,1,4.388654712140797
791,708,783,2,10.697285568723771
791,1370,834,1,23.22436838511163
791,1013,885,1,3.46869779664105
791,882,708,1,4.837510953567602
791,882,834,1,4.883195120135012
791,882,965,1,3.616965677313317
791,1276,1102,1,4.836798739646007
791,1276,1106,1,4.836798739645476
791,1276,783,1,22.606377139254327
791,917,834,1,3.617203703030827
791,931,849,1,4.4061387562478425
791,931,783,1,18.3740064075405
791,708,931,1,9.423506251261468
791,834,931,1,10.694040075602611
791,834,708,2,4.389831624444016
791,834,1102,1,11.614659746948035
791,834,1013,1,8.005172893624191
791,885,1013,1,3.46869779664105
791,659,783,1,5.809594285895007
791,1091,783,1,10.241109598832232
791,1102,885,1,5.875878565174106
791,1102,1229,1,3.8392690799482057
791,783,882,1,12.561839638690564
791,783,1276,1,22.606377139254327
791,783,1182,1,15.175538880502293
791,783,834,2,7.689481736045675
791,783,1013,1,15.308499342485224
791,1370,855,1,13.377197086368376
791,965,882,1,3.616965677313317
791,965,1013,1,4.881725510082577
792,1013,931,2,4.405443882921528
792,834,708,1,4.389831624444016
792,834,659,2,5.284552964469467
792,834,783,2,7.689481736045675
792,885,834,1,7.688685710981335
792,1013,882,2,3.839767699909249
792,1229,783,1,18.841160835534616
792,882,834,2,4.883195120135012
792,882,1102,1,7.314751476768936
792,855,1398,1,20.980478449683208
792,931,885,1,3.0617002345235647
792,708,535,1,4.548441137468074
792,508,783,1,25.93420023872912
792,885,783,1,15.378166398318458
792,1091,783,1,10.241109598832232
792,1106,931,1,5.283575443416337
792,783,1276,1,22.606377139254327
792,783,708,1,10.697285568723771
792,783,834,1,7.689481736045675
792,783,359,1,12.499801205497114
792,783,1091,1,10.241109598832232
792,965,1182,1,5.875748248781206
792,965,885,1,6.123119155303686
792,1068,931,1,8.304853837171269
793,1013,931,2,4.405443882921528
793,659,834,3,5.284552964469467
793,1106,1276,1,4.836798739645476
793,1229,1106,1,6.605818539698737
793,672,931,1,6.73915242731767
793,1229,1276,3,3.959637309104105
793,917,834,1,3.617203703030827
793,834,882,8,4.883195120135012
793,885,882,1,2.852794790784161
793,885,931,3,3.0617002345235647
793,1398,783,1,19.874616662347663
793,965,834,2,3.83986736177262
793,1229,1013,1,5.640389822593795
793,1229,783,1,18.841160835534616
793,882,708,1,4.837510953567602
793,1091,931,1,12.243987029703826
793,1106,885,1,7.965381677815221
793,535,834,1,8.012842951904279
793,535,965,1,11.11949266445603
793,965,882,3,3.616965677313317
793,1229,882,1,9.341474227178574
793,1229,1102,2,3.8392690799482057
793,882,1102,1,7.314751476768936
793,1276,882,1,12.01740314095659
793,1276,1106,1,4.836798739645476
793,931,882,1,5.812636165404913
793,931,885,1,3.0617002345235647
793,1182,1013,2,5.283249325636405
793,708,834,1,4.389831624444016
793,708,783,1,10.697285568723771
793,834,917,1,3.617203703030827
793,834,535,1,8.012842951904279
793,885,834,1,7.688685710981335
793,659,783,1,5.809594285895007
793,1091,885,1,10.203820878312005
793,1102,931,1,4.548251915941359
793,535,708,1,4.548441137468074
793,783,834,1,7.689481736045675
794,1276,783,1,22.606377139254327
794,834,931,1,10.694040075602611
794,834,783,7,7.689481736045675
794,834,1229,1,12.569063966979074
794,1013,885,3,3.46869779664105
794,882,931,1,5.812636165404913
794,882,834,1,4.883195120135012
794,882,849,1,9.574606006915822
794,882,783,3,12.561839638690564
794,1276,1102,1,4.836798739646007
794,931,882,1,5.812636165404913
794,931,834,2,10.694040075602611
794,931,849,1,4.4061387562478425
794,834,882,1,4.883195120135012
794,885,882,1,2.852794790784161
794,885,1013,1,3.46869779664105
794,849,931,1,4.4061387562478425
794,1106,783,1,22.318447076891776
794,783,708,1,10.697285568723771
794,783,834,1,7.689481736045675
794,783,659,1,5.809594285895007
794,965,708,1,6.739138237495128
795,535,783,1,11.620421645142477
795,834,965,1,3.83986736177262
795,1013,1182,1,5.283249325636405
795,882,708,1,4.837510953567602
795,1276,1106,1,4.836798739645476
795,1276,783,1,22.606377139254327
795,931,885,1,3.0617002345235647
795,931,1106,1,5.283575443416337
795,834,882,1,4.883195120135012
795,834,783,2,7.689481736045675
795,359,783,1,12.499801205497114
795,885,1106,1,7.965381677815221
795,659,783,1,5.809594285895007
795,1106,1102,1,3.80171314717607
795,783,1091,1,10.241109598832232
795,783,965,1,10.498093903671007
795,1229,1276,1,3.959637309104105
796,965,834,2,3.83986736177262
796,1276,783,1,22.606377139254327
796,882,834,1,4.883195120135012
796,882,783,1,12.561839638690564
796,882,1068,1,14.033707701296978
796,931,1102,1,4.548251915941359
796,931,1068,1,8.304853837171269
796,1182,1102,1,6.120304815079837
796,708,931,1,9.423506251261468
796,885,882,1,2.852794790784161
796,885,931,1,3.0617002345235647
796,885,508,1,13.808114395759947
796,1091,965,1,4.388654712140797
796,1102,1229,1,3.8392690799482057
796,1106,1102,1,3.80171314717607
796,783,882,1,12.561839638690564
796,783,834,1,7.689481736045675
796,783,1435,1,17.957022310236383
796,783,659,1,5.809594285895007
796,783,1091,1,10.241109598832232
796,783,965,1,10.498093903671007
797,1091,1182,1,5.24631154396119
797,1182,1013,1,5.283249325636405
797,1182,783,1,15.175538880502293
797,1182,1068,1,14.6407627195109
797,1013,1182,2,5.283249325636405
797,672,783,1,17.445012141301472
797,965,882,3,3.616965677313317
797,1229,1102,1,3.8392690799482057
797,965,708,1,6.739138237495128
797,965,1013,1,4.881725510082577
797,965,783,2,10.498093903671007
797,1276,1106,1,4.836798739645476
797,855,783,1,27.60378823743443
797,834,882,3,4.883195120135012
797,834,708,1,4.389831624444016
797,834,783,4,7.689481736045675
797,834,965,1,3.83986736177262
797,659,834,1,5.284552964469467
797,659,783,1,5.809594285895007
797,1013,882,2,3.839767699909249
797,1013,965,1,4.881725510082577
797,965,885,1,6.123119155303686
797,1068,783,1,26.525178301273773
797,1229,965,1,8.77672016628073
797,882,708,1,4.837510953567602
797,882,783,2,12.561839638690564
797,917,783,1,5.8083597500151045
797,931,1102,1,4.548251915941359
797,931,672,1,6.73915242731767
797,1182,708,1,12.26833953852524
797,885,882,1,2.852794790784161
797,1102,783,1,18.800951364959644
797,849,931,1,4.4061387562478425
797,1106,783,1,22.318447076891776
797,535,882,1,9.342211452816104
797,535,708,1,4.548441137468074
797,783,931,1,18.3740064075405
797,783,834,2,7.689481736045675
797,783,1435,1,17.957022310236383
797,783,659,1,5.809594285895007
797,783,672,1,17.445012141301472
797,965,1182,1,5.875748248781206
797,1229,1276,1,3.959637309104105
798,1182,783,3,15.175538880502293
798,882,885,1,2.852794790784161
798,882,965,1,3.616965677313317
798,834,659,1,5.284552964469467
798,882,834,2,4.883195120135012
798,882,1013,1,3.839767699909249
798,882,783,2,12.561839638690564
798,1276,965,1,12.284417645367478
798,931,834,1,10.694040075602611
798,931,783,1,18.3740064075405
798,931,1068,1,8.304853837171269
798,1182,1013,1,5.283249325636405
798,834,882,1,4.883195120135012
798,834,708,1,4.389831624444016
798,885,708,1,6.511469320496247
798,659,783,1,5.809594285895007
798,783,882,1,12.561839638690564
798,783,931,1,18.3740064075405
798,783,535,1,11.620421645142477
798,783,1068,1,26.525178301273773
798,672,708,1,6.751878981086827
798,1370,783,1,30.28578929187396
798,965,1013,1,4.881725510082577
799,834,783,2,7.689481736045675
799,882,931,1,5.812636165404913
799,882,708,1,4.837510953567602
799,882,783,1,12.561839638690564
799,931,882,1,5.812636165404913
799,708,882,1,4.837510953567602
799,708,783,1,10.697285568723771
799,834,965,1,3.83986736177262
799,885,931,1,3.0617002345235647
799,1091,783,1,10.241109598832232
799,1102,1229,1,3.8392690799482057
799,1106,849,1,6.739095652327052
799,535,708,1,4.548441137468074
799,1013,1229,1,5.640389822593795
799,783,882,2,12.561839638690564
799,783,855,1,27.60378823743443
799,783,1182,1,15.175538880502293
799,783,1013,2,15.308499342485224
799,783,965,2,10.498093903671007
799,965,882,1,3.616965677313317
799,965,834,1,3.83986736177262
799,965,1013,1,4.881725510082577
799,965,783,1,10.498093903671007
800,1182,783,1,15.175538880502293
800,1229,1182,1,3.960024365898536
800,1229,885,1,8.89559413156451
800,855,849,1,5.706192977162224
800,931,708,1,9.423506251261468
800,849,855,1,5.706192977162224
800,882,885,1,2.852794790784161
800,882,783,2,12.561839638690564
800,882,965,1,3.616965677313317
800,931,882,1,5.812636165404913
800,708,965,1,6.739138237495128
800,834,708,1,4.389831624444016
800,659,783,2,5.809594285895007
800,1013,882,1,3.839767699909249
800,1013,1276,1,8.190822817543284
800,1013,834,1,8.005172893624191
800,783,882,2,12.561839638690564
800,783,834,1,7.689481736045675
800,783,359,1,12.499801205497114
800,783,849,1,21.903135562742808
800,783,535,2,11.620421645142477
800,783,1068,1,26.525178301273773
800,672,931,1,6.73915242731767
800,965,834,1,3.83986736177262
800,965,783,1,10.498093903671007
801,535,783,2,11.620421645142477
801,1182,783,2,15.175538880502293
801,855,882,1,15.256284869872443
801,885,882,2,2.852794790784161
801,1276,783,3,22.606377139254327
801,917,885,1,10.518632362833186
801,834,783,7,7.689481736045675
801,849,931,4,4.4061387562478425
801,535,1013,1,13.123524045686974
801,1229,931,1,8.28950012214804
801,1229,783,1,18.841160835534616
801,1276,1229,1,3.959637309104105
801,917,965,1,4.882215518422521
801,931,885,1,3.0617002345235647
801,931,783,2,18.3740064075405
801,1276,1398,2,7.438993890374081
801,1276,1102,1,4.836798739646007
801,1276,1106,2,4.836798739645476
801,855,783,1,27.60378823743443
801,931,1068,2,8.304853837171269
801,834,882,2,4.883195120135012
801,834,965,1,3.83986736177262
801,885,931,1,3.0617002345235647
801,885,834,1,7.688685710981335
801,885,672,1,5.876204136119103
801,535,708,1,4.548441137468074
801,535,659,1,5.810827883107414
801,882,708,1,4.837510953567602
801,882,834,2,4.883195120135012
801,882,885,1,2.852794790784161
801,882,965,1,3.616965677313317
801,917,783,1,5.8083597500151045
801,885,1013,1,3.46869779664105
801,885,783,1,15.378166398318458
801,1102,1276,1,4.836798739646007
801,849,1068,1,6.736061142863373
801,1013,965,1,4.881725510082577
801,783,708,1,10.697285568723771
801,783,834,2,7.689481736045675
801,783,359,1,12.499801205497114
801,965,659,1,9.121352246650094
801,1068,931,1,8.304853837171269
802,931,885,1,3.0617002345235647
802,834,885,1,7.688685710981335
802,834,1091,1,6.739095652327052
802,1013,1182,1,5.283249325636405
802,882,1013,1,3.839767699909249
802,1276,1091,1,13.129287540581574
802,931,849,1,4.4061387562478425
802,708,882,1,4.837510953567602
802,708,885,1,6.511469320496247
802,834,708,1,4.389831624444016
802,834,783,2,7.689481736045675
802,1102,783,1,18.800951364959644
802,566,882,1,16.254125732085967
802,1013,1229,1,5.640389822593795
802,783,834,2,7.689481736045675
802,783,659,1,5.809594285895007
802,783,566,1,5.876334276322891
802,783,1013,1,15.308499342485224
802,783,965,1,10.498093903671007
803,1091,1182,2,5.24631154396119
803,834,659,1,5.284552964469467
803,1013,885,2,3.46869779664105
803,882,834,2,4.883195120135012
803,882,1435,1,15.539169801979478
803,882,535,1,9.342211452816104
803,882,965,1,3.616965677313317
803,882,1229,1,9.341474227178574
803,931,885,1,3.0617002345235647
803,931,849,1,4.4061387562478425
803,1182,1091,1,5.24631154396119
803,1182,1102,1,6.120304815079837
803,708,882,2,4.837510953567602
803,708,834,1,4.389831624444016
803,708,535,1,4.548441137468074
803,834,885,1,7.688685710981335
803,659,359,1,7.84162119104212
803,566,783,1,5.876334276322891
803,849,1106,1,6.739095652327052
803,783,855,1,27.60378823743443
803,783,1182,1,15.175538880502293
803,783,708,2,10.697285568723771
803,783,834,2,7.689481736045675
803,783,1091,1,10.241109598832232
803,783,672,1,17.445012141301472
803,783,1068,1,26.525178301273773
803,965,882,2,3.616965677313317
803,1068,855,1,5.87594370452583
803,1068,783,1,26.525178301273773
804,1102,882,1,7.314751476768936
804,882,885,2,2.852794790784161
804,882,931,1,5.812636165404913
804,882,1102,1,7.314751476768936
804,931,885,2,3.0617002345235647
804,708,535,1,4.548441137468074
804,708,1013,1,8.663428210145081
804,708,783,1,10.697285568723771
804,834,1013,2,8.005172893624191
804,834,783,1,7.689481736045675
804,1091,1182,1,5.24631154396119
804,1091,783,1,10.241109598832232
804,849,1398,1,17.29967050146656
804,783,882,1,12.561839638690564
804,783,931,1,18.3740064075405
804,783,708,1,10.697285568723771
804,783,508,1,25.93420023872912
804,783,834,1,7.689481736045675
804,783,659,1,5.809594285895007
804,783,1296,1,13.644692409583532
804,783,535,2,11.620421645142477
804,672,931,1,6.73915242731767
804,965,882,3,3.616965677313317
805,917,1182,1,9.422487826578177
805,1102,1106,1,3.80171314717607
805,1102,1013,1,3.616251246210677
805,849,508,1,9.342303526294996
805,1276,1229,1,3.959637309104105
805,708,834,1,4.389831624444016
805,1102,885,1,5.875878565174106
805,849,783,1,21.903135562742808
805,1013,783,1,15.308499342485224
805,882,659,1,9.424155624926374
805,931,834,1,10.694040075602611
805,1182,1091,1,5.24631154396119
805,1182,1106,1,9.760018472127422
805,834,359,1,12.378619633278529
805,834,965,1,3.83986736177262
805,885,849,1,6.749102957431653
805,566,885,1,18.80919011993647
805,1013,882,1,3.839767699909249
805,1013,931,1,4.405443882921528
805,783,834,1,7.689481736045675
805,783,1091,1,10.241109598832232
805,672,931,1,6.73915242731767
805,965,834,1,3.83986736177262
805,965,783,1,10.498093903671007
805,965,1229,1,8.77672016628073
805,1229,1182,1,3.960024365898536
806,834,882,2,4.883195120135012
806,882,931,2,5.812636165404913
806,882,849,1,9.574606006915822
806,882,535,1,9.342211452816104
806,882,783,1,12.561839638690564
806,1182,1091,1,5.24631154396119
806,1182,672,1,14.511820279616508
806,708,834,1,4.389831624444016
806,834,1091,1,6.739095652327052
806,834,783,1,7.689481736045675
806,885,882,3,2.852794790784161
806,885,931,1,3.0617002345235647
806,1102,1013,1,3.616251246210677
806,1106,1102,1,3.80171314717607
806,535,659,1,5.810827883107414
806,1013,931,1,4.405443882921528
806,783,659,1,5.809594285895007
806,783,1106,2,22.318447076891776
806,965,882,1,3.616965677313317
806,1068,849,2,6.736061142863373
806,1229,1398,1,5.282433425576492
806,1229,1106,1,6.605818539698737
807,882,1091,2,7.965381677815221
807,672,931,1,6.73915242731767
807,882,931,1,5.812636165404913
807,882,1182,1,7.841474878454721
807,882,783,1,12.561839638690564
807,882,965,1,3.616965677313317
807,855,535,1,19.680889460132743
807,1182,1013,1,5.283249325636405
807,834,708,1,4.389831624444016
807,885,535,1,10.569431103772471
807,659,359,1,7.84162119104212
807,1102,1229,1,3.8392690799482057
807,1106,1276,1,4.836798739645476
807,1106,1102,1,3.80171314717607
807,1013,1229,1,5.640389822593795
807,783,965,2,10.498093903671007
808,1276,1013,1,8.190822817543284
808,708,882,1,4.837510953567602
808,1182,1102,1,6.120304815079837
808,508,1106,1,16.025446935620938
808,885,882,2,2.852794790784161
808,659,834,1,5.284552964469467
808,659,783,1,5.809594285895007
808,1398,1435,1,5.805514364498899
808,849,931,1,4.4061387562478425
808,849,885,1,6.749102957431653
808,1013,1106,1,7.015517581545067
808,1013,965,1,4.881725510082577
808,783,1276,1,22.606377139254327
808,783,885,1,15.378166398318458
808,965,882,3,3.616965677313317
808,1068,834,1,18.901027647971706
808,1229,1276,1,3.959637309104105
809,882,885,4,2.852794790784161
809,882,1091,9,7.965381677815221
809,1276,1182,1,7.919661523440269
809,834,672,1,10.50082625207165
809,1276,1398,1,7.438993890374081
809,834,659,3,5.284552964469467
809,834,965,2,3.83986736177262
809,965,834,2,3.83986736177262
809,965,1435,1,12.559207082683258
809,882,834,2,4.883195120135012
809,882,1102,1,7.314751476768936
809,1276,1229,1,3.959637309104105
809,708,535,2,4.548441137468074
809,1013,882,1,3.839767699909249
809,882,1182,1,7.841474878454721
809,1276,1106,1,4.836798739645476
809,855,1068,1,5.87594370452583
809,931,849,2,4.4061387562478425
809,708,672,1,6.751878981086827
809,834,849,1,14.265481524111957
809,885,882,1,2.852794790784161
809,885,965,1,6.123119155303686
809,885,1229,1,8.89559413156451
809,659,783,1,5.809594285895007
809,1091,1229,1,9.180034524729397
809,535,359,1,5.855067293961566
809,535,885,1,10.569431103772471
809,1013,1068,1,11.461019980924313
809,783,1398,1,19.874616662347663
809,783,535,1,11.620421645142477
809,783,672,1,17.445012141301472
809,783,1068,1,26.525178301273773
809,1229,885,1,8.89559413156451
810,834,917,1,3.617203703030827
810,834,1276,1,15.929463663685272
810,885,1013,1,3.46869779664105
810,885,1068,1,11.364565785437158
810,672,882,1,7.316385892068044
810,965,882,2,3.616965677313317
810,965,659,1,9.121352246650094
810,882,708,1,4.837510953567602
810,882,834,2,4.883195120135012
810,882,535,1,9.342211452816104
810,882,1229,3,9.341474227178574
810,1276,1229,1,3.959637309104105
810,834,1091,1,6.739095652327052
810,834,783,1,7.689481736045675
810,885,882,1,2.852794790784161
810,885,672,1,5.876204136119103
810,659,917,1,6.671695598673383
810,1091,882,1,7.965381677815221
810,1091,1182,2,5.24631154396119
810,849,931,1,4.4061387562478425
810,849,508,1,9.342303526294996
810,849,1068,1,6.736061142863373
810,783,1182,1,15.175538880502293
810,783,508,1,25.93420023872912
810,783,834,1,7.689481736045675
810,783,849,1,21.903135562742808
810,1229,1106,1,6.605818539698737
811,882,1276,1,12.01740314095659
811,882,849,1,9.574606006915822
811,1276,1102,1,4.836798739646007
811,834,882,1,4.883195120135012
811,834,1068,1,18.901027647971706
811,1013,885,1,3.46869779664105
811,882,834,1,4.883195120135012
811,882,885,1,2.852794790784161
811,882,783,1,12.561839638690564
811,931,535,1,13.170081658182124
811,1182,834,1,9.674230674179531
811,1182,1013,1,5.283249325636405
811,1182,1229,1,3.960024365898536
811,708,882,1,4.837510953567602
811,834,783,1,7.689481736045675
811,885,882,1,2.852794790784161
811,885,1229,1,8.89559413156451
811,659,882,1,9.424155624926374
811,659,566,1,7.02219411294688
811,1102,1106,1,3.80171314717607
811,849,931,1,4.4061387562478425
811,1106,1013,1,7.015517581545067
811,783,708,1,10.697285568723771
811,783,834,1,7.689481736045675
811,783,659,1,5.809594285895007
811,783,1398,1,19.874616662347663
811,783,965,1,10.498093903671007
811,783,1068,1,26.525178301273773
811,1229,1102,2,3.8392690799482057
812,931,885,1,3.0617002345235647
812,1013,931,1,4.405443882921528
812,882,359,1,14.913468445035848
812,882,885,3,2.852794790784161
812,1276,1013,1,8.190822817543284
812,708,1013,1,8.663428210145081
812,834,882,1,4.883195120135012
812,834,849,1,14.265481524111957
812,885,1182,1,8.662721360426067
812,885,783,1,15.378166398318458
812,1102,931,1,4.548251915941359
812,1102,1106,1,3.80171314717607
812,849,508,2,9.342303526294996
812,1013,1182,1,5.283249325636405
812,783,917,1,5.8083597500151045
812,783,834,1,7.689481736045675
812,783,885,1,15.378166398318458
812,783,1229,1,18.841160835534616
812,672,885,1,5.876204136119103
812,965,834,1,3.83986736177262
812,1229,1013,1,5.640389822593795
813,855,849,2,5.706192977162224
813,708,535,1,4.548441137468074
813,931,882,2,5.812636165404913
813,931,1068,1,8.304853837171269
813,965,882,3,3.616965677313317
813,931,885,2,3.0617002345235647
813,931,849,1,4.4061387562478425
813,931,672,2,6.73915242731767
813,882,834,1,4.883195120135012
813,931,1106,1,5.283575443416337
813,885,931,1,3.0617002345235647
813,849,855,1,5.706192977162224
813,849,931,1,4.4061387562478425
813,1013,882,2,3.839767699909249
813,1013,1091,1,7.92275625179966
813,882,931,1,5.812636165404913
813,882,1182,1,7.841474878454721
813,882,885,1,2.852794790784161
813,882,1102,1,7.314751476768936
813,931,1398,1,13.495077260547856
813,708,783,1,10.697285568723771
813,834,882,2,4.883195120135012
813,834,708,1,4.389831624444016
813,885,1013,1,3.46869779664105
813,885,783,1,15.378166398318458
813,885,965,1,6.123119155303686
813,1091,882,1,7.965381677815221
813,1398,1276,1,7.438993890374081
813,1102,882,1,7.314751476768936
813,849,1276,1,11.479314497557898
813,1106,1091,1,14.256423283017469
813,783,1398,1,19.874616662347663
813,783,965,1,10.498093903671007
813,1229,1102,1,3.8392690799482057
814,882,965,5,3.616965677313317
814,855,672,1,11.369656353246375
814,849,672,1,6.511836392511076
814,882,834,1,4.883195120135012
814,882,1102,1,7.314751476768936
814,882,783,1,12.561839638690564
814,882,1068,1,14.033707701296978
814,931,882,1,5.812636165404913
814,931,708,1,9.423506251261468
814,931,1102,1,4.548251915941359
814,1182,1229,1,3.960024365898536
814,708,1229,1,14.16486062369625
814,834,1276,1,15.929463663685272
814,885,1182,1,8.662721360426067
814,885,965,1,6.123119155303686
814,535,882,1,9.342211452816104
814,783,1182,1,15.175538880502293
814,783,834,1,7.689481736045675
814,783,535,2,11.620421645142477
814,783,965,1,10.498093903671007
814,965,1398,1,11.479089287938937
814,965,1102,1,8.304116264398273
815,965,882,4,3.616965677313317
815,834,917,1,3.617203703030827
815,708,535,1,4.548441137468074
815,965,885,1,6.123119155303686
815,882,708,1,4.837510953567602
815,882,885,1,2.852794790784161
815,882,535,1,9.342211452816104
815,882,965,1,3.616965677313317
815,1182,1229,1,3.960024365898536
815,834,965,1,3.83986736177262
815,885,882,1,2.852794790784161
815,885,1102,1,5.875878565174106
815,885,1013,1,3.46869779664105
815,1013,1435,1,13.46916483615337
815,1013,672,1,9.341935125969725
815,1013,965,1,4.881725510082577
815,783,917,1,5.8083597500151045
815,783,708,1,10.697285568723771
815,783,535,1,11.620421645142477
815,965,834,2,3.83986736177262
815,1229,1276,2,3.959637309104105
815,1229,659,1,17.8420518180728
816,708,931,1,9.423506251261468
816,882,834,3,4.883195120135012
816,834,708,1,4.389831624444016
816,965,1091,1,4.388654712140797
816,1229,1106,1,6.605818539698737
816,882,931,2,5.812636165404913
816,1276,1106,1,4.836798739645476
816,708,535,1,4.548441137468074
816,834,931,1,10.694040075602611
816,885,1106,1,7.965381677815221
816,659,882,1,9.424155624926374
816,659,849,1,17.69046303867574
816,659,783,1,5.809594285895007
816,1102,1276,1,4.836798739646007
816,1102,965,1,8.304116264398273
816,1013,885,1,3.46869779664105
816,965,1229,1,8.77672016628073
817,708,834,3,4.389831624444016
817,708,885,1,6.511469320496247
817,708,1013,1,8.663428210145081
817,882,834,1,4.883195120135012
817,855,1068,1,5.87594370452583
817,931,708,1,9.423506251261468
817,931,885,1,3.0617002345235647
817,931,1102,1,4.548251915941359
817,931,849,1,4.4061387562478425
817,834,708,3,4.389831624444016
817,1229,1013,1,5.640389822593795
817,882,885,1,2.852794790784161
817,882,849,2,9.574606006915822
817,1276,882,1,12.01740314095659
817,931,1106,1,5.283575443416337
817,885,965,1,6.123119155303686
817,1106,1102,1,3.80171314717607
817,1106,1013,1,7.015517581545067
817,965,1013,1,4.881725510082577
817,965,672,1,10.884705359638655
818,882,849,1,9.574606006915822
818,1276,1229,1,3.959637309104105
818,931,885,1,3.0617002345235647
818,931,849,1,4.4061387562478425
818,834,885,2,7.688685710981335
818,885,882,1,2.852794790784161
818,885,1276,1,10.705394585658723
818,885,931,1,3.0617002345235647
818,1398,1435,1,5.805514364498899
818,1106,1102,1,3.80171314717607
818,1013,1182,1,5.283249325636405
819,882,1013,1,3.839767699909249
819,931,882,1,5.812636165404913
819,931,672,1,6.73915242731767
819,1102,1106,1,3.80171314717607
819,535,1068,1,20.964033103094035
819,1013,885,1,3.46869779664105
819,965,783,1,10.498093903671007
820,882,834,1,4.883195120135012
820,1276,1091,1,13.129287540581574
820,849,931,1,4.4061387562478425
820,1106,1276,1,4.836798739645476
820,672,885,1,5.876204136119103
821,882,1013,1,3.839767699909249
821,659,882,1,9.424155624926374
821,882,885,2,2.852794790784161
821,965,882,2,3.616965677313317
821,965,1091,1,4.388654712140797
821,1398,1106,3,11.562838367297022
822,882,1013,1,3.839767699909249
822,882,885,2,2.852794790784161
822,1182,965,1,5.875748248781206
822,1398,1106,4,11.562838367297022
823,965,1229,1,8.77672016628073
823,885,359,1,16.388649277200646
823,885,672,1,5.876204136119103
824,1013,965,1,4.881725510082577
825,882,1102,1,7.314751476768936
825,882,1106,1,10.203820878312005
825,882,965,1,3.616965677313317
825,1398,1106,16,11.562838367297022
825,882,1276,1,12.01740314095659
825,882,1182,1,7.841474878454721
825,882,834,1,4.883195120135012
825,965,1091,1,4.388654712140797
825,931,783,1,18.3740064075405
825,849,1106,1,6.739095652327052
825,535,834,1,8.012842951904279
826,1276,849,2,11.479314497557898
826,834,783,1,7.689481736045675
826,885,783,1,15.378166398318458
826,965,783,1,10.498093903671007
827,708,783,1,10.697285568723771
827,834,783,1,7.689481736045675
827,359,783,1,12.499801205497114
827,1091,783,2,10.241109598832232
827,1102,783,1,18.800951364959644
827,566,783,1,5.876334276322891
827,1106,1102,1,3.80171314717607
827,965,783,1,10.498093903671007
827,1229,1091,1,9.180034524729397
828,708,783,1,10.697285568723771
828,834,708,1,4.389831624444016
828,1091,783,1,10.241109598832232
828,535,659,1,5.810827883107414
828,672,849,1,6.511836392511076
828,1068,783,2,26.525178301273773
829,882,885,3,2.852794790784161
829,931,783,2,18.3740064075405
829,659,783,2,5.809594285895007
829,882,1013,1,3.839767699909249
829,1276,783,1,22.606377139254327
829,1276,1229,3,3.959637309104105
829,965,783,1,10.498093903671007
829,834,783,3,7.689481736045675
829,1182,783,1,15.175538880502293
829,708,783,1,10.697285568723771
829,1091,783,1,10.241109598832232
829,566,783,1,5.876334276322891
829,1106,1102,1,3.80171314717607
829,1106,783,1,22.318447076891776
829,535,783,1,11.620421645142477
829,672,783,1,17.445012141301472
830,1229,783,2,18.841160835534616
830,708,783,1,10.697285568723771
830,508,783,1,25.93420023872912
830,1102,1106,1,3.80171314717607
830,849,783,1,21.903135562742808
830,1106,1229,1,6.605818539698737
830,535,783,1,11.620421645142477
830,783,659,1,5.809594285895007
830,783,1102,1,18.800951364959644
830,1229,1276,1,3.959637309104105
831,1276,1013,1,8.190822817543284
831,917,834,1,3.617203703030827
831,359,783,1,12.499801205497114
831,1106,783,1,22.318447076891776
831,1013,783,1,15.308499342485224
831,1229,965,1,8.77672016628073
832,834,783,1,7.689481736045675
832,885,882,2,2.852794790784161
832,659,783,2,5.809594285895007
832,849,882,1,9.574606006915822
832,849,783,1,21.903135562742808
832,1106,1102,1,3.80171314717607
832,535,708,1,4.548441137468074
832,783,834,1,7.689481736045675
832,965,931,1,8.628970001760946
833,1276,783,2,22.606377139254327
833,834,783,9,7.689481736045675
833,882,708,1,4.837510953567602
833,1276,1102,3,4.836798739646007
833,931,783,1,18.3740064075405
833,708,885,1,6.511469320496247
833,1091,783,2,10.241109598832232
833,1398,783,3,19.874616662347663
833,965,882,1,3.616965677313317
833,965,783,2,10.498093903671007
833,965,1229,1,8.77672016628073
833,882,783,1,12.561839638690564
833,1276,834,1,15.929463663685272
833,708,535,1,4.548441137468074
833,1229,1102,2,3.8392690799482057
833,1182,1091,1,5.24631154396119
833,1182,783,3,15.175538880502293
833,708,882,1,4.837510953567602
833,708,834,2,4.389831624444016
833,659,783,1,5.809594285895007
833,1229,1182,1,3.960024365898536
833,882,834,1,4.883195120135012
833,917,783,1,5.8083597500151045
833,931,882,1,5.812636165404913
833,931,855,1,9.765900232263595
833,931,885,1,3.0617002345235647
833,1182,1276,1,7.919661523440269
833,708,783,1,10.697285568723771
833,834,708,1,4.389831624444016
833,834,965,1,3.83986736177262
833,885,783,1,15.378166398318458
833,1102,783,1,18.800951364959644
833,1102,965,1,8.304116264398273
833,849,783,1,21.903135562742808
833,535,708,1,4.548441137468074
833,1013,672,1,9.341935125969725
833,783,1276,10,22.606377139254327
833,783,659,2,5.809594285895007
833,965,834,1,3.83986736177262
833,1068,1106,1,4.880745078525951
834,834,783,4,7.689481736045675
834,1182,882,1,7.841474878454721
834,965,783,1,10.498093903671007
834,659,783,2,5.809594285895007
834,1276,1229,1,3.959637309104105
834,885,931,1,3.0617002345235647
834,885,1102,1,5.875878565174106
834,882,931,1,5.812636165404913
834,882,965,1,3.616965677313317
834,708,535,1,4.548441137468074
834,508,849,1,9.342303526294996
834,1102,931,1,4.548251915941359
834,1102,885,1,5.875878565174106
834,1102,783,1,18.800951364959644
834,965,1229,1,8.77672016628073
834,1229,1013,1,5.640389822593795
835,965,783,1,10.498093903671007
835,885,849,1,6.749102957431653
835,1229,1091,1,9.180034524729397
835,882,885,1,2.852794790784161
835,1276,882,1,12.01740314095659
835,1276,783,1,22.606377139254327
835,931,917,1,13.311633056624624
835,931,783,2,18.3740064075405
835,708,783,2,10.697285568723771
835,834,783,1,7.689481736045675
835,359,783,1,12.499801205497114
835,849,672,1,6.511836392511076
835,1106,1276,1,4.836798739645476
835,1106,1102,1,3.80171314717607
835,535,885,1,10.569431103772471
835,1013,885,1,3.46869779664105
835,1370,783,1,30.28578929187396
835,1229,783,1,18.841160835534616
836,917,708,1,7.967110892206104
836,885,834,2,7.688685710981335
836,849,931,1,4.4061387562478425
836,882,885,1,2.852794790784161
836,885,931,1,3.0617002345235647
836,1091,783,1,10.241109598832232
836,535,783,1,11.620421645142477
836,783,1091,1,10.241109598832232
836,783,1102,1,18.800951364959644
836,783,1013,1,15.308499342485224
836,783,965,2,10.498093903671007
836,1068,783,1,26.525178301273773
837,1182,882,1,7.841474878454721
837,1398,1276,1,7.438993890374081
837,965,783,4,10.498093903671007
837,931,1229,2,8.28950012214804
837,931,834,1,10.694040075602611
837,659,783,2,5.809594285895007
837,849,783,1,21.903135562742808
837,1013,931,1,4.405443882921528
837,1013,783,3,15.308499342485224
837,917,834,1,3.617203703030827
837,917,783,1,5.8083597500151045
837,931,885,1,3.0617002345235647
837,931,1102,1,4.548251915941359
837,931,849,2,4.4061387562478425
837,1013,834,1,8.005172893624191
837,931,1068,1,8.304853837171269
837,1182,783,1,15.175538880502293
837,708,783,2,10.697285568723771
837,1398,1102,1,9.118728510486134
837,931,783,1,18.3740064075405
837,1182,1398,1,5.640321895106829
837,1182,1102,1,6.120304815079837
837,834,885,1,7.688685710981335
837,834,783,3,7.689481736045675
837,834,965,2,3.83986736177262
837,834,1229,1,12.569063966979074
837,885,535,1,10.569431103772471
837,659,834,1,5.284552964469467
837,1106,849,1,6.739095652327052
837,1106,672,1,11.752082528572066
837,965,834,2,3.83986736177262
837,1229,965,1,8.77672016628073
837,882,885,1,2.852794790784161
837,1276,1102,1,4.836798739646007
837,931,882,1,5.812636165404913
837,359,1102,1,22.082567640661683
837,885,931,3,3.0617002345235647
837,1102,1091,1,10.454710779351652
837,849,1068,1,6.736061142863373
837,783,885,1,15.378166398318458
837,672,885,1,5.876204136119103
838,849,783,1,21.903135562742808
838,885,783,2,15.378166398318458
838,1229,965,1,8.77672016628073
838,882,708,1,4.837510953567602
838,834,882,1,4.883195120135012
838,672,508,1,8.81713559460697
838,882,885,1,2.852794790784161
838,1276,1102,1,4.836798739646007
838,931,1182,1,9.422487826577225
838,931,1013,1,4.405443882921528
838,931,1068,1,8.304853837171269
838,708,834,1,4.389831624444016
838,834,708,1,4.389831624444016
838,834,885,1,7.688685710981335
838,834,783,2,7.689481736045675
838,885,882,1,2.852794790784161
838,885,708,1,6.511469320496247
838,885,672,1,5.876204136119103
838,1398,1091,1,9.6478124773512
838,1102,882,1,7.314751476768936
838,535,783,1,11.620421645142477
838,783,708,1,10.697285568723771
838,783,834,1,7.689481736045675
838,783,659,1,5.809594285895007
838,965,882,1,3.616965677313317
838,965,783,1,10.498093903671007
838,1229,1276,1,3.959637309104105
839,882,708,1,4.837510953567602
839,1182,1102,1,6.120304815079837
839,659,834,1,5.284552964469467
839,708,882,1,4.837510953567602
839,708,1091,2,10.705966675099036
839,708,783,1,10.697285568723771
839,834,783,2,7.689481736045675
839,834,965,1,3.83986736177262
839,885,931,1,3.0617002345235647
839,885,1435,1,16.795891123871012
839,1013,783,2,15.308499342485224
839,783,1276,1,22.606377139254327
839,783,566,1,5.876334276322891
839,965,882,2,3.616965677313317
840,882,931,1,5.812636165404913
840,882,535,1,9.342211452816104
840,882,965,1,3.616965677313317
840,1276,1182,1,7.919661523440269
840,1276,1013,1,8.190822817543284
840,931,849,1,4.4061387562478425
840,708,783,1,10.697285568723771
840,834,659,1,5.284552964469467
840,1102,1276,1,4.836798739646007
840,783,1276,2,22.606377139254327
840,783,834,1,7.689481736045675
840,783,1435,1,17.957022310236383
840,672,931,1,6.73915242731767
840,965,931,1,8.628970001760946
840,1068,855,1,5.87594370452583
840,1068,885,1,11.364565785437158
840,1229,783,1,18.841160835534616
841,659,783,6,5.809594285895007
841,535,882,1,9.342211452816104
841,535,359,1,5.855067293961566
841,535,783,3,11.620421645142477
841,1182,882,1,7.841474878454721
841,834,708,1,4.389831624444016
841,885,659,1,11.84843418422244
841,1398,783,1,19.874616662347663
841,1106,1276,1,4.836798739645476
841,535,1102,1,16.335498592300418
841,1013,931,1,4.405443882921528
841,965,834,2,3.83986736177262
841,882,885,1,2.852794790784161
841,931,882,1,5.812636165404913
841,931,885,1,3.0617002345235647
841,708,1106,1,14.476051732619457
841,708,535,1,4.548441137468074
841,834,783,3,7.689481736045675
841,1435,783,1,17.957022310236383
841,885,834,1,7.688685710981335
841,659,1229,1,17.8420518180728
841,1091,708,1,10.705966675099036
841,566,783,1,5.876334276322891
841,1013,783,1,15.308499342485224
841,965,783,1,10.498093903671007
841,1068,882,1,14.033707701296978
842,708,882,2,4.837510953567602
842,834,708,1,4.389831624444016
842,834,885,1,7.688685710981335
842,834,965,1,3.83986736177262
842,1229,783,1,18.841160835534616
842,882,834,1,4.883195120135012
842,882,783,1,12.561839638690564
842,882,965,1,3.616965677313317
842,1276,885,1,10.705394585658723
842,931,885,1,3.0617002345235647
842,931,783,1,18.3740064075405
842,359,834,1,12.378619633278529
842,885,882,1,2.852794790784161
842,885,1013,1,3.46869779664105
842,659,708,1,5.815596432206299
842,1102,1106,1,3.80171314717607
842,849,855,1,5.706192977162224
842,849,708,1,11.8916662824573
842,849,885,1,6.749102957431653
842,1106,1398,1,11.562838367297022
842,783,1182,1,15.175538880502293
842,783,834,1,7.689481736045675
842,783,1398,1,19.874616662347663
842,783,1102,1,18.800951364959644
843,708,1091,1,10.705966675099036
843,1106,1276,1,4.836798739645476
843,834,783,1,7.689481736045675
843,885,882,1,2.852794790784161
843,1398,535,2,22.421138353140684
843,965,882,2,3.616965677313317
843,882,834,2,4.883195120135012
843,882,783,1,12.561839638690564
843,855,783,1,27.60378823743443
843,855,1068,2,5.87594370452583
843,708,882,1,4.837510953567602
843,708,834,1,4.389831624444016
843,508,849,1,9.342303526294996
843,834,882,1,4.883195120135012
843,834,917,1,3.617203703030827
843,885,834,1,7.688685710981335
843,885,783,1,15.378166398318458
843,1102,1106,1,3.80171314717607
843,1102,1229,1,3.8392690799482057
843,535,965,1,11.11949266445603
843,1013,885,1,3.46869779664105
843,783,1276,1,22.606377139254327
843,783,931,1,18.3740064075405
843,783,566,1,5.876334276322891
843,1068,783,1,26.525178301273773
844,917,783,1,5.8083597500151045
844,1091,1182,1,5.24631154396119
844,834,783,3,7.689481736045675
844,566,783,1,5.876334276322891
844,849,885,1,6.749102957431653
844,1229,1102,1,3.8392690799482057
844,882,931,1,5.812636165404913
844,882,708,1,4.837510953567602
844,882,834,1,4.883195120135012
844,882,885,1,2.852794790784161
844,882,783,1,12.561839638690564
844,882,965,1,3.616965677313317
844,1276,1106,1,4.836798739645476
844,931,1102,1,4.548251915941359
844,1182,783,2,15.175538880502293
844,834,708,1,4.389831624444016
844,885,1013,2,3.46869779664105
844,1102,931,1,4.548251915941359
844,535,834,1,8.012842951904279
844,783,965,1,10.498093903671007
844,965,882,1,3.616965677313317
845,659,783,5,5.809594285895007
845,1013,1091,1,7.92275625179966
845,672,882,1,7.316385892068044
845,672,931,3,6.73915242731767
845,1229,783,4,18.841160835534616
845,834,783,3,7.689481736045675
845,1091,783,2,10.241109598832232
845,1398,535,2,22.421138353140684
845,1013,1102,1,3.616251246210677
845,359,783,1,12.499801205497114
845,659,708,1,5.815596432206299
845,1398,783,15,19.874616662347663
845,849,1068,1,6.736061142863373
845,672,885,2,5.876204136119103
845,672,783,1,17.445012141301472
845,1229,1182,1,3.960024365898536
845,1229,885,1,8.89559413156451
845,1182,783,1,15.175538880502293
845,708,535,1,4.548441137468074
845,708,783,1,10.697285568723771
845,849,931,1,4.4061387562478425
845,1013,885,2,3.46869779664105
845,1013,965,1,4.881725510082577
845,931,882,1,5.812636165404913
845,931,834,1,10.694040075602611
845,931,849,1,4.4061387562478425
845,708,834,1,4.389831624444016
845,834,659,2,5.284552964469467
845,885,882,2,2.852794790784161
845,659,882,1,9.424155624926374
845,1102,882,1,7.314751476768936
845,1102,783,1,18.800951364959644
845,1106,1102,1,3.80171314717607
845,535,783,1,11.620421645142477
845,783,882,1,12.561839638690564
845,783,359,1,12.499801205497114
845,783,659,1,5.809594285895007
845,783,1068,1,26.525178301273773
845,965,882,1,3.616965677313317
845,965,834,1,3.83986736177262
846,659,783,2,5.809594285895007
846,931,1068,1,8.304853837171269
846,834,882,2,4.883195120135012
846,885,931,1,3.0617002345235647
846,882,708,2,4.837510953567602
846,882,965,1,3.616965677313317
846,1182,783,1,15.175538880502293
846,708,882,1,4.837510953567602
846,708,783,1,10.697285568723771
846,834,965,1,3.83986736177262
846,885,882,1,2.852794790784161
846,1091,783,1,10.241109598832232
846,849,1102,1,8.191991396325179
846,535,708,1,4.548441137468074
846,1013,1398,1,10.186376382121452
846,783,359,1,12.499801205497114
846,783,965,1,10.498093903671007
846,965,882,1,3.616965677313317
846,1068,783,1,26.525178301273773
847,1398,834,1,15.216349824005198
847,965,882,1,3.616965677313317
847,1398,783,2,19.874616662347663
847,882,708,1,4.837510953567602
847,882,834,1,4.883195120135012
847,882,885,1,2.852794790784161
847,1276,783,1,22.606377139254327
847,1435,783,1,17.957022310236383
847,885,931,1,3.0617002345235647
847,885,965,1,6.123119155303686
847,659,783,1,5.809594285895007
847,1102,1182,1,6.120304815079837
847,1102,1229,1,3.8392690799482057
847,1013,885,1,3.46869779664105
847,783,882,1,12.561839638690564
847,783,659,2,5.809594285895007
847,783,1091,1,10.241109598832232
847,783,566,1,5.876334276322891
847,783,965,1,10.498093903671007
847,1068,783,1,26.525178301273773
848,1229,1102,1,3.8392690799482057
848,834,882,1,4.883195120135012
848,1398,783,1,19.874616662347663
848,882,931,1,5.812636165404913
848,882,783,1,12.561839638690564
848,931,885,1,3.0617002345235647
848,931,783,1,18.3740064075405
848,708,783,1,10.697285568723771
848,708,965,1,6.739138237495128
848,834,931,1,10.694040075602611
848,359,882,1,14.913468445035848
848,885,931,2,3.0617002345235647
848,885,659,1,11.84843418422244
848,659,882,1,9.424155624926374
848,659,783,1,5.809594285895007
848,1091,834,1,6.739095652327052
848,1102,965,1,8.304116264398273
848,1106,1102,1,3.80171314717607
848,783,882,1,12.561839638690564
848,783,855,1,27.60378823743443
848,783,1182,9,15.175538880502293
848,783,708,2,10.697285568723771
848,783,834,1,7.689481736045675
848,783,1013,1,15.308499342485224
848,783,1229,1,18.841160835534616
848,965,1091,1,4.388654712140797
848,965,1013,1,4.881725510082577
849,834,783,13,7.689481736045675
849,849,931,2,4.4061387562478425
849,672,535,1,8.311483007291683
849,834,708,3,4.389831624444016
849,855,1068,1,5.87594370452583
849,849,783,1,21.903135562742808
849,1229,783,1,18.841160835534616
849,1276,1106,1,4.836798739645476
849,1276,783,2,22.606377139254327
849,1102,1229,2,3.8392690799482057
849,1013,1106,2,7.015517581545067
849,1013,783,2,15.308499342485224
849,708,882,1,4.837510953567602
849,708,659,1,5.815596432206299
849,834,882,3,4.883195120135012
849,659,566,1,7.02219411294688
849,1091,783,1,10.241109598832232
849,535,882,1,9.342211452816104
849,783,882,1,12.561839638690564
849,783,1182,1,15.175538880502293
849,783,708,1,10.697285568723771
849,783,834,1,7.689481736045675
849,783,566,1,5.876334276322891
849,1229,1276,1,3.959637309104105
850,1229,783,2,18.841160835534616
850,659,708,1,5.815596432206299
850,882,931,1,5.812636165404913
850,882,885,1,2.852794790784161
850,882,783,1,12.561839638690564
850,931,783,1,18.3740064075405
850,1182,1398,1,5.640321895106829
850,708,882,1,4.837510953567602
850,834,783,1,7.689481736045675
850,885,708,1,6.511469320496247
850,1102,535,1,16.335498592300418
850,1106,1102,1,3.80171314717607
850,783,1182,1,15.175538880502293
850,783,1091,1,10.241109598832232
850,783,1106,1,22.318447076891776
850,965,885,2,6.123119155303686
850,965,783,1,10.498093903671007
850,1068,855,1,5.87594370452583
851,535,882,1,9.342211452816104
851,535,1182,1,16.787330799836653
851,882,834,1,4.883195120135012
851,882,535,1,9.342211452816104
851,931,849,1,4.4061387562478425
851,708,882,1,4.837510953567602
851,708,659,1,5.815596432206299
851,708,783,1,10.697285568723771
851,708,965,1,6.739138237495128
851,508,931,1,12.961089805583503
851,885,931,1,3.0617002345235647
851,1091,965,1,4.388654712140797
851,1102,931,1,4.548251915941359
851,1106,882,1,10.203820878312005
851,783,1182,1,15.175538880502293
851,783,834,1,7.689481736045675
851,783,535,1,11.620421645142477
851,783,965,1,10.498093903671007
852,834,659,1,5.284552964469467
852,849,1106,1,6.739095652327052
852,882,931,2,5.812636165404913
852,882,834,1,4.883195120135012
852,882,885,1,2.852794790784161
852,882,783,1,12.561839638690564
852,882,672,1,7.316385892068044
852,882,965,1,3.616965677313317
852,931,882,1,5.812636165404913
852,708,834,1,4.389831624444016
852,708,783,1,10.697285568723771
852,834,931,1,10.694040075602611
852,659,535,1,5.810827883107414
852,1106,1102,1,3.80171314717607
852,783,508,1,25.93420023872912
852,783,834,1,7.689481736045675
852,783,659,1,5.809594285895007
852,965,882,2,3.616965677313317
852,965,535,1,11.11949266445603
852,1068,1276,1,8.66943360865319
853,834,1013,2,8.005172893624191
853,1229,783,2,18.841160835534616
853,834,882,2,4.883195120135012
853,834,849,1,14.265481524111957
853,1102,1091,1,10.454710779351652
853,1013,834,1,8.005172893624191
853,917,882,1,7.68788945836583
853,834,885,2,7.688685710981335
853,659,783,1,5.809594285895007
853,849,1068,3,6.736061142863373
853,672,708,1,6.751878981086827
853,672,783,1,17.445012141301472
853,1229,1102,1,3.8392690799482057
853,508,783,1,25.93420023872912
853,1091,965,1,4.388654712140797
853,1102,1398,1,9.118728510486134
853,1102,849,1,8.191991396325179
853,1013,882,1,3.839767699909249
853,882,931,1,5.812636165404913
853,882,834,1,4.883195120135012
853,882,1102,1,7.314751476768936
853,882,1068,1,14.033707701296978
853,917,783,1,5.8083597500151045
853,931,783,1,18.3740064075405
853,1182,885,1,8.662721360426067
853,885,882,1,2.852794790784161
853,885,783,1,15.378166398318458
853,783,917,1,5.8083597500151045
853,783,931,1,18.3740064075405
853,783,359,2,12.499801205497114
853,783,659,1,5.809594285895007
853,965,1013,1,4.881725510082577
854,917,965,1,4.882215518422521
854,849,855,1,5.706192977162224
854,882,931,1,5.812636165404913
854,882,885,1,2.852794790784161
854,931,1102,1,4.548251915941359
854,931,1013,1,4.405443882921528
854,708,834,1,4.389831624444016
854,834,882,1,4.883195120135012
854,834,708,1,4.389831624444016
854,834,965,1,3.83986736177262
854,885,882,2,2.852794790784161
854,885,834,1,7.688685710981335
854,659,783,2,5.809594285895007
854,1091,1182,1,5.24631154396119
854,1102,1106,1,3.80171314717607
854,783,834,1,7.689481736045675
854,783,659,1,5.809594285895007
854,783,1091,1,10.241109598832232
854,783,1068,1,26.525178301273773
854,965,834,1,3.83986736177262
855,965,783,1,10.498093903671007
855,882,834,1,4.883195120135012
855,882,535,1,9.342211452816104
855,931,885,1,3.0617002345235647
855,708,834,1,4.389831624444016
855,834,783,1,7.689481736045675
855,885,1229,1,8.89559413156451
855,659,708,1,5.815596432206299
855,659,783,1,5.809594285895007
855,1091,783,1,10.241109598832232
855,1102,1106,1,3.80171314717607
855,1102,965,1,8.304116264398273
855,1106,882,1,10.203820878312005
855,1106,1276,1,4.836798739645476
855,1106,1013,1,7.015517581545067
855,783,359,1,12.499801205497114
855,783,1102,1,18.800951364959644
855,783,566,1,5.876334276322891
855,783,965,1,10.498093903671007
855,672,882,1,7.316385892068044
855,965,1398,1,11.479089287938937
856,708,931,1,9.423506251261468
856,965,882,2,3.616965677313317
856,1229,1398,1,5.282433425576492
856,882,1276,1,12.01740314095659
856,882,931,1,5.812636165404913
856,882,1013,1,3.839767699909249
856,882,1068,1,14.033707701296978
856,834,965,2,3.83986736177262
856,885,931,1,3.0617002345235647
856,1398,917,2,14.401452675022565
856,1102,885,1,5.875878565174106
856,1102,1013,1,3.616251246210677
856,849,882,1,9.574606006915822
856,535,882,1,9.342211452816104
856,1013,885,1,3.46869779664105
856,783,931,1,18.3740064075405
856,783,708,1,10.697285568723771
856,783,1398,1,19.874616662347663
856,783,1102,1,18.800951364959644
856,783,1106,1,22.318447076891776
856,783,535,1,11.620421645142477
856,783,672,1,17.445012141301472
856,783,965,1,10.498093903671007
857,965,882,8,3.616965677313317
857,1229,849,1,12.017793437809017
857,1091,1182,1,5.24631154396119
857,708,535,1,4.548441137468074
857,885,882,1,2.852794790784161
857,708,882,3,4.837510953567602
857,708,885,1,6.511469320496247
857,708,1013,1,8.663428210145081
857,885,1106,1,7.965381677815221
857,885,1013,1,3.46869779664105
857,1102,1182,1,6.120304815079837
857,1102,1229,1,3.8392690799482057
857,849,931,1,4.4061387562478425
857,882,931,1,5.812636165404913
857,882,1102,1,7.314751476768936
857,882,783,1,12.561839638690564
857,931,882,1,5.812636165404913
857,1182,1091,1,5.24631154396119
857,1182,965,1,5.875748248781206
857,834,882,1,4.883195120135012
857,659,885,1,11.84843418422244
857,659,783,1,5.809594285895007
857,1102,1276,1,4.836798739646007
857,1106,1102,1,3.80171314717607
857,535,708,1,4.548441137468074
857,783,1276,1,22.606377139254327
857,783,855,1,27.60378823743443
857,783,931,2,18.3740064075405
857,783,834,1,7.689481736045675
857,783,965,1,10.498093903671007
857,965,834,1,3.83986736177262
858,849,931,1,4.4061387562478425
858,834,659,1,5.284552964469467
858,882,885,1,2.852794790784161
858,882,965,1,3.616965677313317
858,1276,882,2,12.01740314095659
858,1276,849,1,11.479314497557898
858,1276,1068,1,8.66943360865319
858,931,849,2,4.4061387562478425
858,931,672,1,6.73915242731767
858,931,1068,1,8.304853837171269
858,931,1229,1,8.28950012214804
858,1182,1091,1,5.24631154396119
858,708,965,1,6.739138237495128
858,834,708,1,4.389831624444016
858,885,882,1,2.852794790784161
858,885,1182,1,8.662721360426067
858,885,1013,1,3.46869779664105
858,1091,1229,1,9.180034524729397
858,1398,882,3,13.343391197346763
858,1102,1229,1,3.8392690799482057
858,535,708,1,4.548441137468074
858,783,1276,2,22.606377139254327
858,783,708,1,10.697285568723771
858,783,834,3,7.689481736045675
858,783,659,1,5.809594285895007
858,783,849,1,21.903135562742808
859,659,1229,2,17.8420518180728
859,849,931,2,4.4061387562478425
859,1276,882,2,12.01740314095659
859,1091,1182,1,5.24631154396119
859,882,931,1,5.812636165404913
859,882,1102,1,7.314751476768936
859,931,882,1,5.812636165404913
859,931,359,1,19.02514721551251
859,834,882,1,4.883195120135012
859,834,931,1,10.694040075602611
859,834,708,1,4.389831624444016
859,885,834,1,7.688685710981335
859,885,965,1,6.123119155303686
859,1102,1229,1,3.8392690799482057
859,849,535,1,14.6134281539242
859,1013,849,1,8.811582411969269
859,1013,965,1,4.881725510082577
859,783,849,1,21.903135562742808
859,783,965,1,10.498093903671007
859,783,1229,1,18.841160835534616
859,965,882,1,3.616965677313317
859,965,834,1,3.83986736177262
859,965,1091,1,4.388654712140797
859,1229,882,1,9.341474227178574
860,834,849,1,14.265481524111957
860,882,931,1,5.812636165404913
860,882,834,1,4.883195120135012
860,882,1102,1,7.314751476768936
860,882,849,1,9.574606006915822
860,931,834,1,10.694040075602611
860,1182,882,1,7.841474878454721
860,708,834,1,4.389831624444016
860,708,359,1,10.088438580081291
860,834,1276,1,15.929463663685272
860,1102,1229,1,3.8392690799482057
860,535,882,1,9.342211452816104
860,1013,931,1,4.405443882921528
860,1013,783,1,15.308499342485224
860,783,1276,1,22.606377139254327
860,783,659,1,5.809594285895007
860,672,885,1,5.876204136119103
860,965,882,1,3.616965677313317
860,965,1182,1,5.875748248781206
860,965,834,1,3.83986736177262
860,965,1398,1,11.479089287938937
860,1229,882,1,9.341474227178574
861,659,834,1,5.284552964469467
861,1398,882,15,13.343391197346763
861,834,659,2,5.284552964469467
861,1276,1102,1,4.836798739646007
861,885,882,1,2.852794790784161
861,885,1013,1,3.46869779664105
861,1398,1229,1,5.282433425576492
861,1102,1106,1,3.80171314717607
861,882,885,1,2.852794790784161
861,1276,1091,1,13.129287540581574
861,1276,1229,1,3.959637309104105
861,931,1102,1,4.548251915941359
861,931,849,1,4.4061387562478425
861,834,885,1,7.688685710981335
861,834,783,1,7.689481736045675
861,885,672,1,5.876204136119103
861,659,783,1,5.809594285895007
861,1091,1229,1,9.180034524729397
861,1102,1229,1,3.8392690799482057
861,1013,882,1,3.839767699909249
861,783,834,1,7.689481736045675
861,1229,882,1,9.341474227178574
861,1229,1276,1,3.959637309104105
862,882,885,1,2.852794790784161
862,882,1398,1,13.343391197346763
862,834,882,1,4.883195120135012
862,834,931,2,10.694040075602611
862,834,965,1,3.83986736177262
862,885,672,1,5.876204136119103
862,1091,965,1,4.388654712140797
862,1102,1106,1,3.80171314717607
862,1013,882,1,3.839767699909249
862,783,882,1,12.561839638690564
862,783,1276,1,22.606377139254327
862,783,965,2,10.498093903671007
863,965,882,1,3.616965677313317
863,965,1091,2,4.388654712140797
863,965,1182,1,5.875748248781206
863,882,931,1,5.812636165404913
863,882,1182,1,7.841474878454721
863,882,834,2,4.883195120135012
863,882,1106,1,10.203820878312005
863,885,882,1,2.852794790784161
863,885,931,1,3.0617002345235647
863,1102,1229,1,3.8392690799482057
863,783,834,2,7.689481736045675
863,783,359,1,12.499801205497114
863,783,1435,1,17.957022310236383
863,783,885,1,15.378166398318458
863,783,1091,1,10.241109598832232
864,882,885,2,2.852794790784161
864,931,885,1,3.0617002345235647
864,783,931,1,18.3740064075405
864,783,535,1,11.620421645142477
864,783,672,1,17.445012141301472
864,1229,931,1,8.28950012214804
865,1013,1229,2,5.640389822593795
865,965,834,1,3.83986736177262
865,1013,1398,1,10.186376382121452
865,965,882,1,3.616965677313317
865,965,885,1,6.123119155303686
865,965,1091,2,4.388654712140797
865,882,834,1,4.883195120135012
865,882,885,1,2.852794790784161
865,1276,1229,1,3.959637309104105
865,834,1013,1,8.005172893624191
865,885,931,1,3.0617002345235647
865,849,931,1,4.4061387562478425
865,783,965,1,10.498093903671007
865,1068,1102,1,8.626274418583195
865,1229,1106,1,6.605818539698737
866,1013,965,1,4.881725510082577
866,882,708,1,4.837510953567602
866,882,535,1,9.342211452816104
867,834,1102,1,11.614659746948035
867,1091,1276,1,13.129287540581574
867,849,508,1,9.342303526294996
867,535,885,1,10.569431103772471
867,965,882,1,3.616965677313317
867,1229,882,1,9.341474227178574
868,834,566,1,11.619599142411865
869,885,1102,1,5.875878565174106
871,672,783,1,17.445012141301472
872,1229,885,1,8.89559413156451
873,1013,1102,1,3.616251246210677
873,965,1091,1,4.388654712140797
874,1182,783,1,15.175538880502293
874,834,783,2,7.689481736045675
874,1435,783,1,17.957022310236383
874,885,783,1,15.378166398318458
874,849,783,2,21.903135562742808
874,1068,783,1,26.525178301273773
875,882,885,1,2.852794790784161
875,882,783,3,12.561839638690564
875,882,965,1,3.616965677313317
875,931,885,1,3.0617002345235647
875,1182,783,1,15.175538880502293
875,708,783,1,10.697285568723771
875,508,849,1,9.342303526294996
875,834,783,1,7.689481736045675
875,885,783,1,15.378166398318458
875,659,783,1,5.809594285895007
875,1091,1182,1,5.24631154396119
875,1091,849,1,16.610443180087024
875,1091,1106,2,14.256423283017469
875,1091,783,1,10.241109598832232
875,1398,1182,1,5.640321895106829
875,1398,783,1,19.874616662347663
875,1102,965,1,8.304116264398273
875,566,783,1,5.876334276322891
875,535,783,2,11.620421645142477
875,672,783,1,17.445012141301472
875,1068,783,1,26.525178301273773
875,1229,783,2,18.841160835534616
876,965,783,1,10.498093903671007
876,882,885,1,2.852794790784161
876,882,1102,1,7.314751476768936
876,882,783,3,12.561839638690564
876,1276,783,1,22.606377139254327
876,1276,1229,1,3.959637309104105
876,917,783,1,5.8083597500151045
876,931,783,1,18.3740064075405
876,1182,882,1,7.841474878454721
876,659,783,1,5.809594285895007
876,1102,783,1,18.800951364959644
876,566,783,1,5.876334276322891
876,849,783,2,21.903135562742808
876,1106,783,1,22.318447076891776
876,672,783,1,17.445012141301472
876,965,849,1,12.803650760757485
876,1068,783,1,26.525178301273773
876,1229,783,2,18.841160835534616
877,965,1013,1,4.881725510082577
877,834,783,2,7.689481736045675
877,1091,1106,3,14.256423283017469
877,1013,783,1,15.308499342485224
877,1091,783,2,10.241109598832232
877,535,882,1,9.342211452816104
877,535,783,1,11.620421645142477
877,1229,1276,1,3.959637309104105
877,882,783,1,12.561839638690564
877,931,783,1,18.3740064075405
877,1182,783,1,15.175538880502293
877,708,783,1,10.697285568723771
877,359,783,1,12.499801205497114
877,885,882,1,2.852794790784161
877,1398,1276,1,7.438993890374081
877,1102,1276,1,4.836798739646007
877,849,783,1,21.903135562742808
877,1013,1276,1,8.190822817543284
877,1013,885,1,3.46869779664105
877,965,783,2,10.498093903671007
877,1229,882,1,9.341474227178574
877,1229,1102,1,3.8392690799482057
878,1276,1106,1,4.836798739645476
878,1276,783,2,22.606377139254327
878,882,834,1,4.883195120135012
878,882,885,1,2.852794790784161
878,359,783,1,12.499801205497114
878,1102,783,1,18.800951364959644
878,566,783,1,5.876334276322891
878,849,783,1,21.903135562742808
878,1106,965,1,11.884713829537391
878,1013,885,1,3.46869779664105
878,672,783,1,17.445012141301472
878,1068,849,1,6.736061142863373
879,834,882,1,4.883195120135012
879,965,834,1,3.83986736177262
879,882,1102,1,7.314751476768936
879,882,783,1,12.561839638690564
879,1276,882,1,12.01740314095659
879,931,834,1,10.694040075602611
879,931,1102,1,4.548251915941359
879,931,783,1,18.3740064075405
879,1102,783,1,18.800951364959644
879,566,783,1,5.876334276322891
879,849,783,1,21.903135562742808
879,1106,1068,1,4.880745078525951
880,834,783,2,7.689481736045675
880,882,931,1,5.812636165404913
880,882,965,1,3.616965677313317
880,931,882,1,5.812636165404913
880,931,834,1,10.694040075602611
880,931,885,1,3.0617002345235647
880,931,783,1,18.3740064075405
880,885,1102,1,5.875878565174106
880,885,783,1,15.378166398318458
880,1102,885,1,5.875878565174106
880,1102,1106,1,3.80171314717607
880,566,783,1,5.876334276322891
880,849,783,1,21.903135562742808
880,783,834,1,7.689481736045675
881,965,882,2,3.616965677313317
881,834,783,10,7.689481736045675
881,1013,783,4,15.308499342485224
881,1091,783,3,10.241109598832232
881,535,783,4,11.620421645142477
881,1229,783,5,18.841160835534616
881,917,783,3,5.8083597500151045
881,708,783,1,10.697285568723771
881,659,783,5,5.809594285895007
881,535,672,1,8.311483007291683
881,965,783,3,10.498093903671007
881,1229,1276,2,3.959637309104105
881,1276,1370,1,7.918112864657469
881,917,834,1,3.617203703030827
881,659,834,1,5.284552964469467
881,1398,1276,2,7.438993890374081
881,535,1276,1,21.16000916395143
881,1013,1182,1,5.283249325636405
881,1013,885,1,3.46869779664105
881,1182,1276,1,7.919661523440269
881,708,882,1,4.837510953567602
881,708,885,1,6.511469320496247
881,1102,783,1,18.800951364959644
881,566,783,1,5.876334276322891
881,535,359,1,5.855067293961566
881,1013,1102,1,3.616251246210677
881,965,1182,1,5.875748248781206
881,965,834,1,3.83986736177262
881,1229,1182,1,3.960024365898536
881,1229,1106,1,6.605818539698737
881,882,783,1,12.561839638690564
881,931,882,1,5.812636165404913
881,931,965,1,8.628970001760946
881,1182,1091,1,5.24631154396119
881,508,849,1,9.342303526294996
881,834,882,1,4.883195120135012
881,885,931,1,3.0617002345235647
881,885,965,1,6.123119155303686
881,849,855,1,5.706192977162224
881,1106,1276,1,4.836798739645476
881,783,834,1,7.689481736045675
881,783,659,1,5.809594285895007
882,1182,882,2,7.841474878454721
882,882,931,1,5.812636165404913
882,882,834,4,4.883195120135012
882,1276,1182,1,7.919661523440269
882,1091,1182,1,5.24631154396119
882,849,917,1,17.26063231038019
882,672,1229,1,14.57987655243148
882,1276,783,1,22.606377139254327
882,931,1182,1,9.422487826577225
882,1182,783,1,15.175538880502293
882,834,1013,1,8.005172893624191
882,834,783,1,7.689481736045675
882,834,965,1,3.83986736177262
882,885,882,1,2.852794790784161
882,885,849,1,6.749102957431653
882,659,708,1,5.815596432206299
882,783,882,1,12.561839638690564
882,783,834,1,7.689481736045675
882,783,659,1,5.809594285895007
882,783,535,1,11.620421645142477
883,659,834,1,5.284552964469467
883,849,931,1,4.4061387562478425
883,1229,965,1,8.77672016628073
883,917,1229,1,13.03447967117419
883,931,849,1,4.4061387562478425
883,535,783,1,11.620421645142477
883,882,1013,1,3.839767699909249
883,882,783,1,12.561839638690564
883,1276,783,2,22.606377139254327
883,1276,1229,1,3.959637309104105
883,708,1229,1,14.16486062369625
883,834,1182,1,9.674230674179531
883,885,882,1,2.852794790784161
883,1102,783,1,18.800951364959644
883,1102,1229,1,3.8392690799482057
883,1106,834,1,14.888705663916236
883,1106,783,1,22.318447076891776
883,783,1276,1,22.606377139254327
883,783,855,1,27.60378823743443
883,783,1182,1,15.175538880502293
883,783,359,1,12.499801205497114
883,783,659,1,5.809594285895007
883,783,1013,1,15.308499342485224
884,659,834,1,5.284552964469467
884,931,882,1,5.812636165404913
884,1229,783,3,18.841160835534616
884,882,1276,1,12.01740314095659
884,1276,882,1,12.01740314095659
884,1276,1106,1,4.836798739645476
884,1276,783,1,22.606377139254327
884,834,931,1,10.694040075602611
884,834,659,1,5.284552964469467
884,834,783,1,7.689481736045675
884,849,783,1,21.903135562742808
884,1013,965,1,4.881725510082577
884,783,708,1,10.697285568723771
884,783,834,1,7.689481736045675
885,849,931,1,4.4061387562478425
885,1435,1276,1,13.12435356350428
885,1091,882,1,7.965381677815221
885,917,882,4,7.68788945836583
885,917,783,2,5.8083597500151045
885,931,882,1,5.812636165404913
885,931,1102,2,4.548251915941359
885,931,783,2,18.3740064075405
885,1435,783,2,17.957022310236383
885,566,783,2,5.876334276322891
885,535,783,2,11.620421645142477
885,931,885,1,3.0617002345235647
885,931,1068,1,8.304853837171269
885,708,834,1,4.389831624444016
885,1091,783,1,10.241109598832232
885,917,965,1,4.882215518422521
885,708,783,2,10.697285568723771
885,1102,931,1,4.548251915941359
885,672,849,1,6.511836392511076
885,1276,783,1,22.606377139254327
885,834,783,2,7.689481736045675
885,885,783,2,15.378166398318458
885,659,783,1,5.809594285895007
885,1398,1435,1,5.805514364498899
885,1106,931,1,5.283575443416337
885,1013,885,1,3.46869779664105
885,783,931,1,18.3740064075405
885,783,1182,1,15.175538880502293
885,783,359,1,12.499801205497114
885,783,659,1,5.809594285895007
885,783,1013,1,15.308499342485224
885,965,783,2,10.498093903671007
886,885,834,1,7.688685710981335
886,1013,885,1,3.46869779664105
886,965,834,1,3.83986736177262
886,882,931,1,5.812636165404913
886,1276,1229,1,3.959637309104105
886,1182,1091,1,5.24631154396119
886,834,566,1,11.619599142411865
886,834,965,1,3.83986736177262
886,885,1102,1,5.875878565174106
886,783,882,1,12.561839638690564
886,783,1276,1,22.606377139254327
886,783,1106,1,22.318447076891776
886,1229,931,1,8.28950012214804
887,1276,1182,1,7.919661523440269
887,834,882,1,4.883195120135012
887,834,708,1,4.389831624444016
887,1091,1398,1,9.6478124773512
887,566,783,1,5.876334276322891
887,882,783,3,12.561839638690564
887,882,965,1,3.616965677313317
887,855,849,1,5.706192977162224
887,931,1102,1,4.548251915941359
887,708,834,1,4.389831624444016
887,885,1229,1,8.89559413156451
887,659,708,1,5.815596432206299
887,1102,1229,1,3.8392690799482057
887,849,783,1,21.903135562742808
887,1106,931,1,5.283575443416337
887,783,659,1,5.809594285895007
887,783,965,1,10.498093903671007
887,965,783,1,10.498093903671007
887,1068,783,2,26.525178301273773
887,1229,1106,1,6.605818539698737
888,1398,1229,1,5.282433425576492
888,1106,783,1,22.318447076891776
888,1229,1276,1,3.959637309104105
888,708,882,2,4.837510953567602
888,965,834,1,3.83986736177262
888,882,931,1,5.812636165404913
888,882,783,4,12.561839638690564
888,1182,1091,1,5.24631154396119
888,1182,783,1,15.175538880502293
888,834,1276,1,15.929463663685272
888,783,834,1,7.689481736045675
888,783,1102,1,18.800951364959644
888,783,965,1,10.498093903671007
888,965,882,1,3.616965677313317
889,1398,783,2,19.874616662347663
889,885,931,3,3.0617002345235647
889,1276,1106,2,4.836798739645476
889,917,708,1,7.967110892206104
889,917,834,2,3.617203703030827
889,834,783,13,7.689481736045675
889,885,783,2,15.378166398318458
889,1106,1013,1,7.015517581545067
889,535,659,1,5.810827883107414
889,672,965,1,10.884705359638655
889,535,708,1,4.548441137468074
889,672,882,1,7.316385892068044
889,672,1013,1,9.341935125969725
889,1276,783,1,22.606377139254327
889,855,783,1,27.60378823743443
889,834,659,1,5.284552964469467
889,885,834,1,7.688685710981335
889,1091,783,1,10.241109598832232
889,566,783,2,5.876334276322891
889,1106,1182,1,9.760018472127422
889,535,882,1,9.342211452816104
889,535,359,2,5.855067293961566
889,965,783,1,10.498093903671007
889,882,1068,1,14.033707701296978
889,931,885,1,3.0617002345235647
889,931,1102,1,4.548251915941359
889,708,882,1,4.837510953567602
889,1091,885,1,10.203820878312005
889,1013,882,1,3.839767699909249
889,783,855,1,27.60378823743443
889,783,708,1,10.697285568723771
889,783,834,4,7.689481736045675
889,965,708,1,6.739138237495128
889,1229,1276,1,3.959637309104105
889,1229,783,1,18.841160835534616
890,855,783,1,27.60378823743443
890,708,834,1,4.389831624444016
890,834,882,2,4.883195120135012
890,834,965,2,3.83986736177262
890,1182,1229,1,3.960024365898536
890,1068,1229,1,11.360488351411393
890,882,885,2,2.852794790784161
890,931,885,1,3.0617002345235647
890,708,882,1,4.837510953567602
890,708,1013,1,8.663428210145081
890,708,783,1,10.697285568723771
890,834,783,3,7.689481736045675
890,885,834,1,7.688685710981335
890,849,535,1,14.6134281539242
890,1106,1276,1,4.836798739645476
890,1106,1229,1,6.605818539698737
890,1013,1182,2,5.283249325636405
890,783,882,1,12.561839638690564
890,783,917,1,5.8083597500151045
890,783,566,1,5.876334276322891
890,965,931,1,8.628970001760946
891,535,783,1,11.620421645142477
891,1013,885,1,3.46869779664105
891,1182,882,1,7.841474878454721
891,1182,965,1,5.875748248781206
891,965,834,1,3.83986736177262
891,882,708,1,4.837510953567602
891,882,834,1,4.883195120135012
891,882,885,1,2.852794790784161
891,1276,1229,1,3.959637309104105
891,931,885,1,3.0617002345235647
891,931,783,1,18.3740064075405
891,834,965,2,3.83986736177262
891,885,855,1,12.412669367198909
891,885,931,1,3.0617002345235647
891,885,783,1,15.378166398318458
891,659,965,1,9.121352246650094
891,1102,1068,1,8.626274418583195
891,783,882,1,12.561839638690564
891,783,834,1,7.689481736045675
891,783,1068,1,26.525178301273773
891,965,783,1,10.498093903671007
891,1229,783,1,18.841160835534616
892,834,1182,2,9.674230674179531
892,834,708,1,4.389831624444016
892,965,834,2,3.83986736177262
892,882,708,1,4.837510953567602
892,882,885,2,2.852794790784161
892,882,783,2,12.561839638690564
892,882,1229,1,9.341474227178574
892,1276,882,1,12.01740314095659
892,931,882,1,5.812636165404913
892,931,834,1,10.694040075602611
892,708,834,1,4.389831624444016
892,1435,1398,1,5.805514364498899
892,885,882,1,2.852794790784161
892,783,931,1,18.3740064075405
892,783,708,1,10.697285568723771
892,783,834,1,7.689481736045675
892,783,1091,1,10.241109598832232
892,783,1068,1,26.525178301273773
892,783,1229,1,18.841160835534616
893,535,783,1,11.620421645142477
893,1013,885,1,3.46869779664105
893,1091,965,3,4.388654712140797
893,1398,1182,1,5.640321895106829
893,708,882,1,4.837510953567602
893,708,885,1,6.511469320496247
893,708,783,2,10.697285568723771
893,834,882,4,4.883195120135012
893,834,931,1,10.694040075602611
893,931,1370,1,14.0283994658549
893,1182,1013,1,5.283249325636405
893,1182,783,2,15.175538880502293
893,834,783,5,7.689481736045675
893,834,965,2,3.83986736177262
893,1091,931,1,12.243987029703826
893,849,931,1,4.4061387562478425
893,535,965,1,11.11949266445603
893,1013,783,2,15.308499342485224
893,672,783,1,17.445012141301472
893,882,834,2,4.883195120135012
893,882,885,1,2.852794790784161
893,882,783,1,12.561839638690564
893,917,783,1,5.8083597500151045
893,931,882,1,5.812636165404913
893,1182,882,1,7.841474878454721
893,1182,965,1,5.875748248781206
893,885,882,1,2.852794790784161
893,885,931,1,3.0617002345235647
893,885,783,1,15.378166398318458
893,1102,931,1,4.548251915941359
893,783,931,1,18.3740064075405
893,783,834,1,7.689481736045675
893,783,659,1,5.809594285895007
893,783,1102,1,18.800951364959644
893,783,849,1,21.903135562742808
893,783,1106,1,22.318447076891776
893,783,1013,1,15.308499342485224
893,1229,1102,1,3.8392690799482057
893,1229,1013,1,5.640389822593795
894,834,917,1,3.617203703030827
894,834,659,1,5.284552964469467
894,1013,535,1,13.123524045686974
894,882,1091,1,7.965381677815221
894,882,965,1,3.616965677313317
894,834,1182,1,9.674230674179531
894,1102,783,2,18.800951364959644
894,1106,708,1,14.476051732619457
894,882,783,4,12.561839638690564
894,1276,1102,1,4.836798739646007
894,931,882,1,5.812636165404913
894,931,885,1,3.0617002345235647
894,931,783,1,18.3740064075405
894,1182,834,1,9.674230674179531
894,359,834,1,12.378619633278529
894,885,849,1,6.749102957431653
894,885,1229,1,8.89559413156451
894,659,783,1,5.809594285895007
894,1013,931,1,4.405443882921528
894,1013,849,1,8.811582411969269
894,783,834,1,7.689481736045675
894,783,885,1,15.378166398318458
894,783,965,1,10.498093903671007
894,965,882,1,3.616965677313317
894,965,783,1,10.498093903671007
894,1229,1013,1,5.640389822593795
895,834,1106,2,14.888705663916236
895,834,783,1,7.689481736045675
895,1091,1229,1,9.180034524729397
895,1229,1102,1,3.8392690799482057
895,882,1276,1,12.01740314095659
895,882,783,1,12.561839638690564
895,917,783,1,5.8083597500151045
895,931,882,1,5.812636165404913
895,931,885,1,3.0617002345235647
895,931,1102,1,4.548251915941359
895,1182,1398,1,5.640321895106829
895,708,882,1,4.837510953567602
895,708,834,1,4.389831624444016
895,708,783,1,10.697285568723771
895,885,535,1,10.569431103772471
895,1398,1106,1,11.562838367297022
895,1102,1229,1,3.8392690799482057
895,849,931,1,4.4061387562478425
895,783,931,2,18.3740064075405
895,783,834,3,7.689481736045675
895,783,659,1,5.809594285895007
895,783,849,1,21.903135562742808
895,965,783,1,10.498093903671007
896,1229,1102,1,3.8392690799482057
896,1276,1398,1,7.438993890374081
896,1102,1276,1,4.836798739646007
896,882,708,1,4.837510953567602
896,882,783,3,12.561839638690564
896,931,882,1,5.812636165404913
896,708,834,1,4.389831624444016
896,834,917,1,3.617203703030827
896,834,708,1,4.389831624444016
896,834,783,2,7.689481736045675
896,885,931,1,3.0617002345235647
896,885,1106,1,7.965381677815221
896,885,783,1,15.378166398318458
896,783,1276,1,22.606377139254327
896,783,659,1,5.809594285895007
896,783,1091,1,10.241109598832232
896,783,1013,1,15.308499342485224
896,783,965,2,10.498093903671007
896,1370,783,1,30.28578929187396
896,965,834,1,3.83986736177262
896,965,1013,1,4.881725510082577
896,1229,783,1,18.841160835534616
897,1276,1182,1,7.919661523440269
897,1276,783,3,22.606377139254327
897,1276,1229,2,3.959637309104105
897,917,885,1,10.518632362833186
897,834,882,6,4.883195120135012
897,834,965,1,3.83986736177262
897,882,931,1,5.812636165404913
897,882,885,2,2.852794790784161
897,917,834,1,3.617203703030827
897,882,1229,1,9.341474227178574
897,917,783,1,5.8083597500151045
897,855,849,1,5.706192977162224
897,931,783,1,18.3740064075405
897,931,1068,1,8.304853837171269
897,708,849,1,11.8916662824573
897,708,783,1,10.697285568723771
897,659,708,1,5.815596432206299
897,1091,535,1,14.734241785551282
897,1013,882,1,3.839767699909249
897,1013,931,1,4.405443882921528
897,1013,885,1,3.46869779664105
897,783,917,4,5.8083597500151045
897,783,834,2,7.689481736045675
897,965,882,1,3.616965677313317
898,882,834,2,4.883195120135012
898,931,882,1,5.812636165404913
898,1182,1091,1,5.24631154396119
898,834,917,1,3.617203703030827
898,834,783,2,7.689481736045675
898,885,882,1,2.852794790784161
898,885,1013,2,3.46869779664105
898,1229,1276,1,3.959637309104105
898,1229,1102,1,3.8392690799482057
898,882,783,1,12.561839638690564
898,882,965,1,3.616965677313317
898,1276,783,1,22.606377139254327
898,931,849,1,4.4061387562478425
898,708,1013,1,8.663428210145081
898,885,1435,1,16.795891123871012
898,1102,931,1,4.548251915941359
898,566,783,1,5.876334276322891
898,783,882,1,12.561839638690564
898,783,834,1,7.689481736045675
898,783,659,1,5.809594285895007
898,783,672,1,17.445012141301472
898,783,1229,2,18.841160835534616
898,965,834,2,3.83986736177262
899,1013,1229,1,5.640389822593795
899,931,885,1,3.0617002345235647
899,834,882,4,4.883195120135012
899,1013,885,2,3.46869779664105
899,882,708,1,4.837510953567602
899,882,834,1,4.883195120135012
899,1276,1229,1,3.959637309104105
899,834,708,1,4.389831624444016
899,1091,1182,1,5.24631154396119
899,849,855,1,5.706192977162224
899,783,855,1,27.60378823743443
899,783,834,1,7.689481736045675
899,783,359,1,12.499801205497114
899,783,659,3,5.809594285895007
899,783,849,2,21.903135562742808
900,708,535,1,4.548441137468074
900,855,849,1,5.706192977162224
900,1182,834,1,9.674230674179531
900,708,834,1,4.389831624444016
900,885,882,1,2.852794790784161
900,882,931,1,5.812636165404913
900,882,1013,1,3.839767699909249
900,1276,1106,1,4.836798739645476
900,834,882,2,4.883195120135012
900,359,535,1,5.855067293961566
900,885,1013,1,3.46869779664105
900,885,672,1,5.876204136119103
900,659,783,1,5.809594285895007
900,1106,1276,1,4.836798739645476
900,783,359,1,12.499801205497114
900,783,885,1,15.378166398318458
900,965,885,1,6.123119155303686
900,965,1013,1,4.881725510082577
901,1013,882,1,3.839767699909249
901,708,659,1,5.815596432206299
901,834,708,1,4.389831624444016
901,834,659,4,5.284552964469467
901,834,783,2,7.689481736045675
901,834,965,1,3.83986736177262
901,1276,1229,1,3.959637309104105
901,931,882,1,5.812636165404913
901,931,1106,1,5.283575443416337
901,508,783,1,25.93420023872912
901,834,1229,1,12.569063966979074
901,1013,708,1,8.663428210145081
901,1013,965,1,4.881725510082577
901,965,882,2,3.616965677313317
901,965,834,1,3.83986736177262
901,882,965,1,3.616965677313317
901,1276,783,1,22.606377139254327
901,931,885,1,3.0617002345235647
901,834,1102,1,11.614659746948035
901,1091,917,1,4.837115435970083
901,849,855,1,5.706192977162224
901,783,931,1,18.3740064075405
901,783,834,2,7.689481736045675
901,783,885,1,15.378166398318458
901,783,566,1,5.876334276322891
901,783,672,1,17.445012141301472
901,783,1068,1,26.525178301273773
902,965,834,1,3.83986736177262
902,965,783,1,10.498093903671007
902,882,708,1,4.837510953567602
902,882,885,1,2.852794790784161
902,917,965,1,4.882215518422521
902,931,849,1,4.4061387562478425
902,834,882,1,4.883195120135012
902,834,931,1,10.694040075602611
902,849,708,1,11.8916662824573
902,535,882,1,9.342211452816104
902,535,708,1,4.548441137468074
902,1013,708,1,8.663428210145081
902,1013,885,1,3.46869779664105
902,783,882,1,12.561839638690564
902,783,1276,1,22.606377139254327
902,783,1182,1,15.175538880502293
902,783,1013,1,15.308499342485224
902,783,1229,1,18.841160835534616
902,672,849,1,6.511836392511076
902,965,882,1,3.616965677313317
903,1182,783,1,15.175538880502293
903,931,672,1,6.73915242731767
903,882,931,1,5.812636165404913
903,882,1013,1,3.839767699909249
903,882,965,2,3.616965677313317
903,855,508,1,9.342303526295408
903,708,783,1,10.697285568723771
903,834,885,1,7.688685710981335
903,834,1068,1,18.901027647971706
903,885,882,1,2.852794790784161
903,885,708,2,6.511469320496247
903,885,849,1,6.749102957431653
903,659,783,1,5.809594285895007
903,1296,1182,1,14.636346421121209
903,535,708,1,4.548441137468074
903,783,885,1,15.378166398318458
903,783,1091,1,10.241109598832232
903,783,535,1,11.620421645142477
903,783,1013,1,15.308499342485224
903,783,965,1,10.498093903671007
903,783,1229,1,18.841160835534616
903,965,783,1,10.498093903671007
904,1182,1398,1,5.640321895106829
904,965,1182,1,5.875748248781206
904,931,508,1,12.961089805583503
904,1091,1013,1,7.92275625179966
904,965,882,2,3.616965677313317
904,882,659,1,9.424155624926374
904,882,849,1,9.574606006915822
904,855,535,1,19.680889460132743
904,708,882,1,4.837510953567602
904,708,783,1,10.697285568723771
904,885,917,1,10.518632362833186
904,885,1013,1,3.46869779664105
904,659,882,1,9.424155624926374
904,1102,1229,1,3.8392690799482057
904,849,672,1,6.511836392511076
904,849,1068,1,6.736061142863373
904,783,882,1,12.561839638690564
904,783,834,1,7.689481736045675
904,783,885,1,15.378166398318458
904,783,1106,1,22.318447076891776
904,783,535,1,11.620421645142477
904,1229,672,1,14.57987655243148
905,1091,965,1,4.388654712140797
905,1182,1398,1,5.640321895106829
905,931,885,3,3.0617002345235647
905,965,1106,1,11.884713829537391
905,965,834,2,3.83986736177262
905,834,708,10,4.389831624444016
905,834,885,1,7.688685710981335
905,882,708,1,4.837510953567602
905,882,834,1,4.883195120135012
905,882,885,1,2.852794790784161
905,882,1102,1,7.314751476768936
905,917,834,1,3.617203703030827
905,931,1068,1,8.304853837171269
905,708,1091,1,10.705966675099036
905,885,882,1,2.852794790784161
905,849,931,1,4.4061387562478425
905,849,508,1,9.342303526294996
905,535,965,1,11.11949266445603
905,1013,1106,1,7.015517581545067
905,783,834,1,7.689481736045675
905,783,1435,1,17.957022310236383
905,783,1398,1,19.874616662347663
905,672,931,1,6.73915242731767
905,1370,708,1,23.22363821092988
906,931,885,1,3.0617002345235647
906,834,965,2,3.83986736177262
906,834,1229,1,12.569063966979074
906,882,834,2,4.883195120135012
906,882,885,1,2.852794790784161
906,1276,1102,1,4.836798739646007
906,931,882,1,5.812636165404913
906,1182,1068,1,14.6407627195109
906,708,885,1,6.511469320496247
906,834,659,2,5.284552964469467
906,885,882,1,2.852794790784161
906,659,882,1,9.424155624926374
906,659,834,1,5.284552964469467
906,659,1106,1,19.6208363343578
906,659,965,1,9.121352246650094
906,849,1013,1,8.811582411969269
906,1106,1276,1,4.836798739645476
906,1013,885,1,3.46869779664105
906,1013,1106,1,7.015517581545067
906,783,1276,1,22.606377139254327
906,783,1435,1,17.957022310236383
906,783,535,1,11.620421645142477
906,783,965,1,10.498093903671007
906,965,849,1,12.803650760757485
906,965,1068,1,16.31300252904951
906,1229,1276,1,3.959637309104105
907,965,1091,2,4.388654712140797
907,834,1091,1,6.739095652327052
907,965,882,1,3.616965677313317
907,882,708,2,4.837510953567602
907,1276,1229,1,3.959637309104105
907,834,535,2,8.012842951904279
907,849,855,1,5.706192977162224
907,965,834,1,3.83986736177262
907,882,885,1,2.852794790784161
907,1276,1102,1,4.836798739646007
907,708,535,1,4.548441137468074
907,885,834,1,7.688685710981335
907,885,849,1,6.749102957431653
907,885,1106,1,7.965381677815221
907,885,1068,1,11.364565785437158
907,659,882,1,9.424155624926374
907,1102,1106,1,3.80171314717607
907,1106,1068,1,4.880745078525951
907,1013,1276,1,8.190822817543284
907,783,882,1,12.561839638690564
907,783,1276,1,22.606377139254327
907,783,931,2,18.3740064075405
907,783,508,1,25.93420023872912
907,783,965,1,10.498093903671007
907,1229,1276,1,3.959637309104105
907,1229,1182,1,3.960024365898536
908,855,849,1,5.706192977162224
908,931,672,2,6.73915242731767
908,849,885,1,6.749102957431653
908,882,931,2,5.812636165404913
908,882,885,1,2.852794790784161
908,834,885,1,7.688685710981335
908,834,965,1,3.83986736177262
908,885,931,1,3.0617002345235647
908,659,535,1,5.810827883107414
908,1106,1102,1,3.80171314717607
908,783,882,1,12.561839638690564
908,783,931,1,18.3740064075405
908,783,885,1,15.378166398318458
908,783,566,1,5.876334276322891
908,783,1106,1,22.318447076891776
908,783,672,1,17.445012141301472
908,965,1229,1,8.77672016628073
909,931,885,1,3.0617002345235647
909,834,882,4,4.883195120135012
909,855,849,1,5.706192977162224
909,834,1276,2,15.929463663685272
909,882,1102,1,7.314751476768936
909,882,849,2,9.574606006915822
909,931,849,4,4.4061387562478425
909,834,708,2,4.389831624444016
909,849,1106,1,6.739095652327052
909,1013,885,2,3.46869779664105
909,882,834,7,4.883195120135012
909,849,1229,1,12.017793437809017
909,931,882,1,5.812636165404913
909,834,849,1,14.265481524111957
909,849,508,2,9.342303526294996
909,1013,965,1,4.881725510082577
909,965,882,1,3.616965677313317
909,708,965,1,6.739138237495128
909,834,885,1,7.688685710981335
909,885,882,1,2.852794790784161
909,885,1013,1,3.46869779664105
909,885,965,1,6.123119155303686
909,1102,931,1,4.548251915941359
909,1102,1106,1,3.80171314717607
909,783,1276,1,22.606377139254327
909,783,885,1,15.378166398318458
909,783,1398,1,19.874616662347663
909,783,849,1,21.903135562742808
909,783,965,1,10.498093903671007
910,882,1013,2,3.839767699909249
910,882,965,1,3.616965677313317
910,834,917,1,3.617203703030827
910,834,931,2,10.694040075602611
910,882,708,1,4.837510953567602
910,882,1106,1,10.203820878312005
910,882,834,1,4.883195120135012
910,882,1102,1,7.314751476768936
910,1276,1106,2,4.836798739645476
910,931,882,1,5.812636165404913
910,1182,885,1,8.662721360426067
910,708,849,1,11.8916662824573
910,834,882,1,4.883195120135012
910,834,1276,1,15.929463663685272
910,834,1102,1,11.614659746948035
910,834,1106,1,14.888705663916236
910,885,882,1,2.852794790784161
910,885,1276,1,10.705394585658723
910,885,708,1,6.511469320496247
910,885,1013,1,3.46869779664105
910,885,672,1,5.876204136119103
910,1398,1013,1,10.186376382121452
910,1013,882,1,3.839767699909249
910,783,882,1,12.561839638690564
910,783,855,1,27.60378823743443
910,783,885,1,15.378166398318458
910,783,659,2,5.809594285895007
910,783,1102,1,18.800951364959644
910,783,965,1,10.498093903671007
910,965,672,1,10.884705359638655
911,882,917,1,7.68788945836583
911,882,535,1,9.342211452816104
911,882,708,2,4.837510953567602
911,882,885,1,2.852794790784161
911,855,708,1,17.44323648533522
911,931,882,1,5.812636165404913
911,834,659,1,5.284552964469467
911,1102,931,1,4.548251915941359
911,849,931,1,4.4061387562478425
911,849,508,1,9.342303526294996
911,783,882,1,12.561839638690564
911,783,917,1,5.8083597500151045
911,783,708,1,10.697285568723771
911,783,834,1,7.689481736045675
911,965,917,1,4.882215518422521
912,882,834,1,4.883195120135012
912,882,917,1,7.68788945836583
912,834,1229,1,12.569063966979074
912,885,882,2,2.852794790784161
912,885,1013,1,3.46869779664105
912,1106,1102,1,3.80171314717607
912,1106,1013,1,7.015517581545067
912,1013,882,1,3.839767699909249
912,965,882,1,3.616965677313317
913,855,1068,1,5.87594370452583
913,834,965,2,3.83986736177262
913,1370,849,1,14.16435382667801
913,834,708,1,4.389831624444016
913,834,885,1,7.688685710981335
913,882,931,1,5.812636165404913
913,882,885,1,2.852794790784161
913,882,1102,2,7.314751476768936
913,708,672,2,6.751878981086827
913,834,882,1,4.883195120135012
913,885,1229,1,8.89559413156451
913,1106,1102,1,3.80171314717607
913,1013,885,1,3.46869779664105
913,1013,1091,1,7.92275625179966
913,1013,849,1,8.811582411969269
913,965,1091,1,4.388654712140797
913,1229,965,1,8.77672016628073
914,885,834,1,7.688685710981335
914,882,834,1,4.883195120135012
914,882,885,1,2.852794790784161
914,882,1102,1,7.314751476768936
914,885,672,2,5.876204136119103
914,672,359,1,13.82150748825628
914,965,672,1,10.884705359638655
915,834,882,1,4.883195120135012
915,931,1068,1,8.304853837171269
915,1091,882,1,7.965381677815221
915,849,931,1,4.4061387562478425
915,1106,1102,1,3.80171314717607
915,1013,885,1,3.46869779664105
915,965,1091,1,4.388654712140797
916,708,359,1,10.088438580081291
917,1182,708,1,12.26833953852524
917,882,359,1,14.913468445035848
917,708,535,1,4.548441137468074
917,965,1013,1,4.881725510082577
918,885,1013,1,3.46869779664105
918,1102,1398,1,9.118728510486134
919,882,1102,1,7.314751476768936
921,965,882,1,3.616965677313317
921,1276,783,1,22.606377139254327
921,834,566,1,11.619599142411865
922,931,783,1,18.3740064075405
922,659,783,1,5.809594285895007
922,1091,783,1,10.241109598832232
922,1398,783,1,19.874616662347663
922,1102,783,1,18.800951364959644
922,566,783,1,5.876334276322891
922,849,783,1,21.903135562742808
922,1106,1276,1,4.836798739645476
922,535,783,1,11.620421645142477
922,783,659,1,5.809594285895007
922,672,783,1,17.445012141301472
922,1068,783,1,26.525178301273773
923,882,783,1,12.561839638690564
923,882,965,1,3.616965677313317
923,917,783,2,5.8083597500151045
923,931,783,3,18.3740064075405
923,508,783,1,25.93420023872912
923,885,783,1,15.378166398318458
923,659,783,1,5.809594285895007
923,1102,783,1,18.800951364959644
923,535,783,2,11.620421645142477
923,1068,783,1,26.525178301273773
923,1229,783,2,18.841160835534616
924,965,834,1,3.83986736177262
924,931,783,1,18.3740064075405
924,708,359,1,10.088438580081291
924,708,885,1,6.511469320496247
924,708,783,3,10.697285568723771
924,359,783,1,12.499801205497114
924,659,783,1,5.809594285895007
924,1091,783,2,10.241109598832232
924,1398,783,1,19.874616662347663
924,1398,1229,1,5.282433425576492
924,1102,783,1,18.800951364959644
924,849,783,1,21.903135562742808
924,535,783,5,11.620421645142477
925,1182,783,2,15.175538880502293
925,834,783,3,7.689481736045675
925,965,834,1,3.83986736177262
925,885,1013,1,3.46869779664105
925,1182,882,1,7.841474878454721
925,834,965,1,3.83986736177262
925,885,1106,1,7.965381677815221
925,965,882,1,3.616965677313317
925,965,783,1,10.498093903671007
925,882,783,1,12.561839638690564
925,931,1106,1,5.283575443416337
925,508,849,1,9.342303526294996
925,508,783,1,25.93420023872912
925,659,834,1,5.284552964469467
925,566,783,2,5.876334276322891
925,849,783,2,21.903135562742808
925,535,783,1,11.620421645142477
925,1013,885,1,3.46869779664105
925,783,882,1,12.561839638690564
925,783,849,1,21.903135562742808
925,672,885,1,5.876204136119103
925,965,885,1,6.123119155303686
925,965,1102,1,8.304116264398273
925,1068,783,2,26.525178301273773
925,1229,1276,1,3.959637309104105
925,1229,1091,1,9.180034524729397
926,834,783,2,7.689481736045675
926,882,965,1,3.616965677313317
926,965,783,1,10.498093903671007
926,1091,783,1,10.241109598832232
926,1276,783,4,22.606377139254327
926,1435,783,1,17.957022310236383
926,1398,783,1,19.874616662347663
926,1013,885,1,3.46869779664105
926,783,1182,1,15.175538880502293
926,783,834,1,7.689481736045675
926,783,1091,1,10.241109598832232
926,672,885,1,5.876204136119103
926,1068,783,1,26.525178301273773
927,1182,783,1,15.175538880502293
927,882,834,1,4.883195120135012
927,882,535,1,9.342211452816104
927,834,885,1,7.688685710981335
927,885,849,1,6.749102957431653
927,1091,1229,1,9.180034524729397
927,1106,1276,1,4.836798739645476
927,1106,783,1,22.318447076891776
927,965,834,1,3.83986736177262
928,834,783,2,7.689481736045675
928,1229,1102,1,3.8392690799482057
928,535,708,1,4.548441137468074
928,1276,1182,1,7.919661523440269
928,1276,1102,1,4.836798739646007
928,1276,1013,1,8.190822817543284
928,1276,1229,2,3.959637309104105
928,885,1013,1,3.46869779664105
928,885,783,1,15.378166398318458
928,1102,783,1,18.800951364959644
928,672,783,1,17.445012141301472
929,834,783,3,7.689481736045675
929,965,783,10,10.498093903671007
929,917,783,4,5.8083597500151045
929,855,1013,1,14.035043934320278
929,855,783,2,27.60378823743443
929,931,783,2,18.3740064075405
929,708,783,4,10.697285568723771
929,659,783,4,5.809594285895007
929,1091,783,2,10.241109598832232
929,535,783,3,11.620421645142477
929,1229,783,3,18.841160835534616
929,931,1276,1,8.946223146223524
929,1182,849,1,13.728760504847472
929,1398,1276,2,7.438993890374081
929,566,783,1,5.876334276322891
929,1013,783,1,15.308499342485224
929,1229,1182,1,3.960024365898536
929,931,885,3,3.0617002345235647
929,1182,917,4,9.422487826578177
929,708,849,1,11.8916662824573
929,659,834,1,5.284552964469467
929,1398,783,1,19.874616662347663
929,882,885,1,2.852794790784161
929,882,1013,1,3.839767699909249
929,931,965,1,8.628970001760946
929,834,882,1,4.883195120135012
929,834,965,2,3.83986736177262
929,359,783,1,12.499801205497114
929,885,783,1,15.378166398318458
929,1398,931,1,13.495077260547856
929,849,708,1,11.8916662824573
929,1106,834,1,14.888705663916236
929,1013,1229,1,5.640389822593795
929,783,708,1,10.697285568723771
929,965,885,1,6.123119155303686
930,834,783,2,7.689481736045675
930,931,1013,1,4.405443882921528
930,965,1182,1,5.875748248781206
930,965,834,2,3.83986736177262
930,1276,1182,1,7.919661523440269
930,885,882,1,2.852794790784161
930,885,931,1,3.0617002345235647
930,849,834,1,14.265481524111957
930,882,885,1,2.852794790784161
930,1276,1229,1,3.959637309104105
930,917,834,2,3.617203703030827
930,1182,783,2,15.175538880502293
930,708,882,1,4.837510953567602
930,708,1229,1,14.16486062369625
930,885,1106,1,7.965381677815221
930,1102,917,3,13.13421609310346
930,849,931,1,4.4061387562478425
930,1013,1106,1,7.015517581545067
930,783,834,1,7.689481736045675
930,783,659,1,5.809594285895007
930,783,965,1,10.498093903671007
930,1068,783,1,26.525178301273773
930,1229,783,1,18.841160835534616
931,834,783,4,7.689481736045675
931,882,1102,1,7.314751476768936
931,1182,1091,1,5.24631154396119
931,659,931,1,14.893741670685255
931,965,783,1,10.498093903671007
931,882,1013,1,3.839767699909249
931,917,882,1,7.68788945836583
931,931,855,1,9.765900232263595
931,931,849,1,4.4061387562478425
931,1182,783,1,15.175538880502293
931,834,882,1,4.883195120135012
931,834,708,1,4.389831624444016
931,885,931,1,3.0617002345235647
931,885,708,1,6.511469320496247
931,1013,783,1,15.308499342485224
931,783,1276,1,22.606377139254327
931,783,708,1,10.697285568723771
931,783,834,2,7.689481736045675
931,672,1013,1,9.341935125969725
931,1229,1102,2,3.8392690799482057
932,834,783,1,7.689481736045675
932,882,965,1,3.616965677313317
932,1091,1182,1,5.24631154396119
932,708,783,3,10.697285568723771
932,1102,917,1,13.13421609310346
932,882,708,1,4.837510953567602
932,1276,1091,1,13.129287540581574
932,1276,783,1,22.606377139254327
932,931,849,1,4.4061387562478425
932,931,783,1,18.3740064075405
932,834,882,1,4.883195120135012
932,885,1106,1,7.965381677815221
932,1106,1102,1,3.80171314717607
932,1013,1091,1,7.92275625179966
932,783,882,2,12.561839638690564
932,783,965,3,10.498093903671007
932,1229,1102,1,3.8392690799482057
932,1229,783,1,18.841160835534616
933,834,783,5,7.689481736045675
933,1398,885,1,13.644566108710274
933,882,783,3,12.561839638690564
933,931,882,3,5.812636165404913
933,1398,834,1,15.216349824005198
933,1398,1229,1,5.282433425576492
933,1398,708,17,17.892467590192613
933,566,783,2,5.876334276322891
933,535,834,2,8.012842951904279
933,965,783,2,10.498093903671007
933,1068,783,2,26.525178301273773
933,1182,783,1,15.175538880502293
933,535,783,2,11.620421645142477
933,1182,965,2,5.875748248781206
933,708,882,4,4.837510953567602
933,885,931,2,3.0617002345235647
933,1398,1091,1,9.6478124773512
933,882,885,1,2.852794790784161
933,882,535,1,9.342211452816104
933,917,783,1,5.8083597500151045
933,1182,1013,1,5.283249325636405
933,708,783,1,10.697285568723771
933,508,783,1,25.93420023872912
933,834,882,2,4.883195120135012
933,834,1091,1,6.739095652327052
933,834,965,1,3.83986736177262
933,1106,885,1,7.965381677815221
933,1013,882,1,3.839767699909249
933,783,882,1,12.561839638690564
933,783,1276,1,22.606377139254327
933,783,1182,1,15.175538880502293
933,783,834,2,7.689481736045675
933,783,965,17,10.498093903671007
933,1370,1276,1,7.918112864657469
933,965,834,2,3.83986736177262
934,834,783,6,7.689481736045675
934,1182,1091,1,5.24631154396119
934,708,834,1,4.389831624444016
934,885,882,1,2.852794790784161
934,1276,1102,1,4.836798739646007
934,708,1091,1,10.705966675099036
934,885,965,1,6.123119155303686
934,1013,834,1,8.005172893624191
934,1229,708,1,14.16486062369625
934,882,834,2,4.883195120135012
934,882,965,3,3.616965677313317
934,708,1229,1,14.16486062369625
934,834,708,1,4.389831624444016
934,885,834,1,7.688685710981335
934,783,882,1,12.561839638690564
934,783,834,1,7.689481736045675
934,783,885,1,15.378166398318458
934,783,659,1,5.809594285895007
934,783,1013,1,15.308499342485224
934,783,965,1,10.498093903671007
934,965,834,1,3.83986736177262
934,965,885,1,6.123119155303686
935,885,882,2,2.852794790784161
935,1013,834,1,8.005172893624191
935,834,882,2,4.883195120135012
935,834,965,1,3.83986736177262
935,659,834,1,5.284552964469467
935,882,834,2,4.883195120135012
935,882,783,1,12.561839638690564
935,882,965,2,3.616965677313317
935,708,834,2,4.389831624444016
935,708,783,1,10.697285568723771
935,834,1106,1,14.888705663916236
935,834,535,1,8.012842951904279
935,834,783,2,7.689481736045675
935,1091,1182,2,5.24631154396119
935,535,783,1,11.620421645142477
935,783,535,1,11.620421645142477
935,783,965,1,10.498093903671007
935,965,882,1,3.616965677313317
935,1229,783,1,18.841160835534616
936,1182,1013,1,5.283249325636405
936,882,834,2,4.883195120135012
936,882,783,1,12.561839638690564
936,882,965,1,3.616965677313317
936,931,855,1,9.765900232263595
936,1182,783,1,15.175538880502293
936,834,882,1,4.883195120135012
936,834,783,2,7.689481736045675
936,1106,834,1,14.888705663916236
936,535,882,1,9.342211452816104
936,783,882,1,12.561839638690564
936,783,708,1,10.697285568723771
936,783,1102,1,18.800951364959644
936,783,965,1,10.498093903671007
936,965,882,1,3.616965677313317
936,965,834,1,3.83986736177262
937,1370,1068,1,7.841426035905807
937,659,783,3,5.809594285895007
937,1398,1182,1,5.640321895106829
937,672,783,2,17.445012141301472
937,566,659,1,7.02219411294688
937,672,885,1,5.876204136119103
937,1068,783,1,26.525178301273773
937,359,783,1,12.499801205497114
937,885,834,1,7.688685710981335
937,1398,885,1,13.644566108710274
937,1013,783,3,15.308499342485224
937,882,659,1,9.424155624926374
937,882,965,1,3.616965677313317
937,1276,1229,1,3.959637309104105
937,931,708,1,9.423506251261468
937,708,783,1,10.697285568723771
937,834,882,1,4.883195120135012
937,834,783,4,7.689481736045675
937,885,708,1,6.511469320496247
937,783,708,1,10.697285568723771
937,783,1091,16,10.241109598832232
937,965,882,1,3.616965677313317
937,965,931,1,8.628970001760946
937,965,834,1,3.83986736177262
937,965,1013,1,4.881725510082577
937,965,783,1,10.498093903671007
938,1182,917,1,9.422487826578177
938,834,965,2,3.83986736177262
938,885,965,1,6.123119155303686
938,659,834,2,5.284552964469467
938,508,783,1,25.93420023872912
938,882,885,1,2.852794790784161
938,917,783,1,5.8083597500151045
938,931,885,1,3.0617002345235647
938,708,834,1,4.389831624444016
938,708,783,1,10.697285568723771
938,885,834,1,7.688685710981335
938,1102,672,1,11.119492664455636
938,1106,1276,1,4.836798739645476
938,1013,1182,1,5.283249325636405
938,783,834,2,7.689481736045675
938,783,659,1,5.809594285895007
938,783,1102,1,18.800951364959644
938,783,566,1,5.876334276322891
938,783,1106,1,22.318447076891776
938,783,965,1,10.498093903671007
938,965,834,2,3.83986736177262
938,965,1013,1,4.881725510082577
938,965,783,1,10.498093903671007
938,1229,1276,1,3.959637309104105
939,885,882,2,2.852794790784161
939,659,834,1,5.284552964469467
939,1276,965,1,12.284417645367478
939,834,659,4,5.284552964469467
939,834,783,3,7.689481736045675
939,882,834,1,4.883195120135012
939,882,965,3,3.616965677313317
939,1276,1229,1,3.959637309104105
939,1182,931,1,9.422487826577225
939,708,783,1,10.697285568723771
939,834,708,1,4.389831624444016
939,1091,1182,1,5.24631154396119
939,1091,965,1,4.388654712140797
939,1102,1276,1,4.836798739646007
939,1102,965,1,8.304116264398273
939,849,672,1,6.511836392511076
939,1106,783,1,22.318447076891776
939,535,783,1,11.620421645142477
939,1013,882,1,3.839767699909249
939,783,1276,2,22.606377139254327
939,783,834,1,7.689481736045675
939,783,359,1,12.499801205497114
939,783,965,3,10.498093903671007
939,672,783,1,17.445012141301472
939,965,834,1,3.83986736177262
939,965,659,1,9.121352246650094
939,965,783,3,10.498093903671007
940,1276,783,2,22.606377139254327
940,834,1102,1,11.614659746948035
940,659,834,2,5.284552964469467
940,882,885,1,2.852794790784161
940,1182,1102,1,6.120304815079837
940,834,965,2,3.83986736177262
940,882,1276,1,12.01740314095659
940,882,834,1,4.883195120135012
940,931,783,1,18.3740064075405
940,834,931,1,10.694040075602611
940,783,1182,1,15.175538880502293
940,783,708,1,10.697285568723771
940,783,535,1,11.620421645142477
940,672,783,1,17.445012141301472
940,965,783,1,10.498093903671007
940,1229,965,1,8.77672016628073
941,885,882,4,2.852794790784161
941,1013,965,3,4.881725510082577
941,1013,1276,2,8.190822817543284
941,1013,834,2,8.005172893624191
941,672,882,1,7.316385892068044
941,931,885,4,3.0617002345235647
941,834,849,1,14.265481524111957
941,885,931,6,3.0617002345235647
941,1229,882,1,9.341474227178574
941,1229,931,1,8.28950012214804
941,931,882,1,5.812636165404913
941,931,1276,1,8.946223146223524
941,1182,1013,1,5.283249325636405
941,1102,885,1,5.875878565174106
941,535,783,1,11.620421645142477
941,1229,1276,2,3.959637309104105
941,834,885,1,7.688685710981335
941,1102,931,1,4.548251915941359
941,1102,1229,1,3.8392690799482057
941,535,834,1,8.012842951904279
941,1229,1102,1,3.8392690799482057
941,708,882,1,4.837510953567602
941,708,834,2,4.389831624444016
941,834,783,3,7.689481736045675
941,834,965,1,3.83986736177262
941,1091,783,2,10.241109598832232
941,783,1182,1,15.175538880502293
941,783,659,1,5.809594285895007
941,783,1091,1,10.241109598832232
941,783,1370,1,30.28578929187396
941,965,1276,1,12.284417645367478
941,965,783,1,10.498093903671007
942,885,882,5,2.852794790784161
942,834,882,3,4.883195120135012
942,1013,783,1,15.308499342485224
942,882,931,2,5.812636165404913
942,882,783,2,12.561839638690564
942,931,1068,1,8.304853837171269
942,834,659,2,5.284552964469467
942,885,1013,1,3.46869779664105
942,882,834,1,4.883195120135012
942,882,885,1,2.852794790784161
942,882,965,1,3.616965677313317
942,1276,1229,1,3.959637309104105
942,931,882,2,5.812636165404913
942,1182,1013,2,5.283249325636405
942,708,834,1,4.389831624444016
942,849,855,1,5.706192977162224
942,783,855,1,27.60378823743443
942,783,1182,1,15.175538880502293
942,783,834,2,7.689481736045675
942,783,885,1,15.378166398318458
942,783,849,1,21.903135562742808
942,783,535,1,11.620421645142477
942,783,965,2,10.498093903671007
942,965,834,1,3.83986736177262
942,965,783,1,10.498093903671007
942,1068,931,1,8.304853837171269
942,1229,965,1,8.77672016628073
943,1013,1182,1,5.283249325636405
943,1182,834,1,9.674230674179531
943,834,1091,1,6.739095652327052
943,885,708,1,6.511469320496247
943,535,783,2,11.620421645142477
943,882,708,1,4.837510953567602
943,882,834,2,4.883195120135012
943,882,965,1,3.616965677313317
943,1276,1182,1,7.919661523440269
943,1276,783,1,22.606377139254327
943,931,1102,1,4.548251915941359
943,931,965,1,8.628970001760946
943,708,1106,1,14.476051732619457
943,834,783,4,7.689481736045675
943,885,965,1,6.123119155303686
943,1102,882,1,7.314751476768936
943,849,931,1,4.4061387562478425
943,1013,965,1,4.881725510082577
943,783,834,1,7.689481736045675
943,783,1091,2,10.241109598832232
943,783,965,1,10.498093903671007
943,965,882,1,3.616965677313317
943,1229,885,1,8.89559413156451
944,834,1182,1,9.674230674179531
944,1182,783,1,15.175538880502293
944,834,885,1,7.688685710981335
944,1106,1276,1,4.836798739645476
944,885,931,1,3.0617002345235647
944,882,931,1,5.812636165404913
944,882,708,1,4.837510953567602
944,882,834,2,4.883195120135012
944,882,783,1,12.561839638690564
944,1276,1102,1,4.836798739646007
944,917,783,1,5.8083597500151045
944,931,885,1,3.0617002345235647
944,1182,1091,1,5.24631154396119
944,834,882,2,4.883195120135012
944,659,834,1,5.284552964469467
944,1091,917,1,4.837115435970083
944,1013,1229,1,5.640389822593795
944,783,1276,1,22.606377139254327
944,783,708,1,10.697285568723771
944,783,834,1,7.689481736045675
944,783,359,1,12.499801205497114
944,783,1013,1,15.308499342485224
944,783,965,1,10.498093903671007
944,783,1229,1,18.841160835534616
944,965,834,1,3.83986736177262
945,1229,783,1,18.841160835534616
945,1229,1068,1,11.360488351411393
945,1182,783,1,15.175538880502293
945,834,708,3,4.389831624444016
945,1106,1276,1,4.836798739645476
945,535,783,1,11.620421645142477
945,1229,882,1,9.341474227178574
945,1229,1276,1,3.959637309104105
945,885,931,1,3.0617002345235647
945,885,783,2,15.378166398318458
945,1229,931,1,8.28950012214804
945,834,783,3,7.689481736045675
945,834,965,1,3.83986736177262
945,885,882,3,2.852794790784161
945,849,783,1,21.903135562742808
945,1013,783,1,15.308499342485224
945,1229,885,1,8.89559413156451
945,931,885,1,3.0617002345235647
945,1182,965,1,5.875748248781206
945,834,882,1,4.883195120135012
945,834,535,1,8.012842951904279
945,885,708,1,6.511469320496247
945,1102,1013,1,3.616251246210677
945,1102,783,1,18.800951364959644
945,783,885,1,15.378166398318458
945,1229,1102,1,3.8392690799482057
946,885,849,1,6.749102957431653
946,885,1229,1,8.89559413156451
946,882,931,1,5.812636165404913
946,882,834,1,4.883195120135012
946,882,885,1,2.852794790784161
946,1276,1102,1,4.836798739646007
946,1276,1229,1,3.959637309104105
946,931,834,1,10.694040075602611
946,834,659,1,5.284552964469467
946,834,783,1,7.689481736045675
946,885,965,1,6.123119155303686
946,659,708,1,5.815596432206299
946,1102,1229,1,3.8392690799482057
946,535,965,1,11.11949266445603
946,1013,882,1,3.839767699909249
946,783,659,1,5.809594285895007
946,783,566,1,5.876334276322891
946,965,1102,1,8.304116264398273
947,849,659,1,17.69046303867574
947,882,834,1,4.883195120135012
947,882,1102,1,7.314751476768936
947,882,783,1,12.561839638690564
947,1276,708,1,16.79773773026525
947,1276,1106,1,4.836798739645476
947,917,834,1,3.617203703030827
947,931,882,1,5.812636165404913
947,931,1229,1,8.28950012214804
947,834,672,2,10.50082625207165
947,885,1102,1,5.875878565174106
947,1091,965,1,4.388654712140797
947,1102,882,1,7.314751476768936
947,1102,1229,1,3.8392690799482057
947,1370,834,1,23.22436838511163
947,965,882,1,3.616965677313317
947,965,885,1,6.123119155303686
947,1229,1276,1,3.959637309104105
947,1229,1182,1,3.960024365898536
948,1102,1013,2,3.616251246210677
948,1106,1229,1,6.605818539698737
948,1182,834,1,9.674230674179531
948,834,672,1,10.50082625207165
948,882,885,1,2.852794790784161
948,882,1106,1,10.203820878312005
948,708,834,1,4.389831624444016
948,834,359,1,12.378619633278529
948,834,659,1,5.284552964469467
948,885,1102,1,5.875878565174106
948,659,783,1,5.809594285895007
948,1091,834,1,6.739095652327052
948,1013,965,1,4.881725510082577
948,783,1276,1,22.606377139254327
948,783,834,3,7.689481736045675
948,1068,783,1,26.525178301273773
948,1229,1276,1,3.959637309104105
948,1229,783,1,18.841160835534616
949,1182,1091,2,5.24631154396119
949,1398,1182,1,5.640321895106829
949,1182,965,1,5.875748248781206
949,834,882,5,4.883195120135012
949,885,882,2,2.852794790784161
949,1102,1276,1,4.836798739646007
949,1106,1102,2,3.80171314717607
949,834,672,4,10.50082625207165
949,535,783,2,11.620421645142477
949,917,885,1,10.518632362833186
949,834,708,1,4.389831624444016
949,834,783,1,7.689481736045675
949,834,1229,1,12.569063966979074
949,1398,1229,1,5.282433425576492
949,1013,882,1,3.839767699909249
949,882,708,1,4.837510953567602
949,931,1013,1,4.405443882921528
949,708,1068,1,17.624551847596877
949,834,659,1,5.284552964469467
949,834,965,1,3.83986736177262
949,659,783,1,5.809594285895007
949,849,508,1,9.342303526294996
949,1106,849,1,6.739095652327052
949,535,834,1,8.012842951904279
949,783,834,1,7.689481736045675
949,783,659,1,5.809594285895007
949,783,1102,1,18.800951364959644
949,783,535,1,11.620421645142477
949,783,1068,1,26.525178301273773
949,965,882,1,3.616965677313317
949,1229,1013,1,5.640389822593795
950,1182,965,1,5.875748248781206
950,535,708,1,4.548441137468074
950,882,931,1,5.812636165404913
950,882,885,4,2.852794790784161
950,882,965,2,3.616965677313317
950,882,783,1,12.561839638690564
950,855,1068,1,5.87594370452583
950,708,834,2,4.389831624444016
950,834,917,1,3.617203703030827
950,834,566,1,11.619599142411865
950,834,1013,1,8.005172893624191
950,834,965,1,3.83986736177262
950,885,1102,1,5.875878565174106
950,885,783,1,15.378166398318458
950,659,834,1,5.284552964469467
950,1102,1229,1,3.8392690799482057
950,849,1068,1,6.736061142863373
950,1013,965,1,4.881725510082577
950,783,882,1,12.561839638690564
950,783,708,1,10.697285568723771
950,783,834,1,7.689481736045675
950,783,659,1,5.809594285895007
950,783,566,1,5.876334276322891
950,783,535,1,11.620421645142477
950,783,965,1,10.498093903671007
950,965,882,2,3.616965677313317
950,965,1276,1,12.284417645367478
950,1229,931,1,8.28950012214804
950,1229,1182,1,3.960024365898536
951,931,1102,1,4.548251915941359
951,931,882,1,5.812636165404913
951,708,217,1,21.051841349679087
951,708,659,1,5.815596432206299
951,885,1013,1,3.46869779664105
951,882,885,1,2.852794790784161
951,882,1091,1,7.965381677815221
951,1276,1106,1,4.836798739645476
951,855,1068,1,5.87594370452583
951,834,708,1,4.389831624444016
951,834,965,2,3.83986736177262
951,885,882,2,2.852794790784161
951,885,931,1,3.0617002345235647
951,1091,783,1,10.241109598832232
951,1091,965,1,4.388654712140797
951,1013,885,1,3.46869779664105
951,783,882,1,12.561839638690564
951,783,708,1,10.697285568723771
951,783,834,1,7.689481736045675
951,783,849,1,21.903135562742808
951,965,882,2,3.616965677313317
951,965,885,1,6.123119155303686
952,849,1102,1,8.191991396325179
952,931,849,1,4.4061387562478425
952,708,882,1,4.837510953567602
952,882,708,1,4.837510953567602
952,882,834,1,4.883195120135012
952,882,1102,1,7.314751476768936
952,882,783,1,12.561839638690564
952,882,965,1,3.616965677313317
952,1276,1102,2,4.836798739646007
952,1182,885,1,8.662721360426067
952,708,535,1,4.548441137468074
952,834,931,1,10.694040075602611
952,834,885,1,7.688685710981335
952,834,1229,1,12.569063966979074
952,885,1182,1,8.662721360426067
952,885,508,1,13.808114395759947
952,885,1013,1,3.46869779664105
952,659,882,1,9.424155624926374
952,659,783,1,5.809594285895007
952,1102,1013,1,3.616251246210677
952,1106,1102,1,3.80171314717607
952,1013,931,1,4.405443882921528
952,1013,1398,1,10.186376382121452
952,783,882,1,12.561839638690564
952,783,508,1,25.93420023872912
952,783,359,2,12.499801205497114
952,783,566,1,5.876334276322891
952,783,672,1,17.445012141301472
952,783,965,1,10.498093903671007
952,965,882,2,3.616965677313317
952,965,834,2,3.83986736177262
953,931,849,4,4.4061387562478425
953,849,931,2,4.4061387562478425
953,1106,965,1,11.884713829537391
953,1106,834,1,14.888705663916236
953,855,849,1,5.706192977162224
953,855,1013,4,14.035043934320278
953,708,535,1,4.548441137468074
953,834,849,1,14.265481524111957
953,834,965,2,3.83986736177262
953,885,849,1,6.749102957431653
953,885,1068,1,11.364565785437158
953,1370,1068,1,7.841426035905807
953,882,708,1,4.837510953567602
953,882,885,3,2.852794790784161
953,917,535,1,11.080361971095948
953,1182,1398,1,5.640321895106829
953,708,1102,1,12.01896382682808
953,834,1182,1,9.674230674179531
953,834,708,1,4.389831624444016
953,885,882,1,2.852794790784161
953,659,882,2,9.424155624926374
953,659,849,1,17.69046303867574
953,1091,535,1,14.734241785551282
953,535,834,1,8.012842951904279
953,783,931,2,18.3740064075405
953,783,708,1,10.697285568723771
953,783,359,1,12.499801205497114
953,783,965,1,10.498093903671007
953,965,931,1,8.628970001760946
953,965,834,1,3.83986736177262
953,965,783,1,10.498093903671007
953,1229,882,1,9.341474227178574
953,1229,965,1,8.77672016628073
954,834,659,1,5.284552964469467
954,834,566,2,11.619599142411865
954,882,885,2,2.852794790784161
954,882,1013,1,3.839767699909249
954,882,965,1,3.616965677313317
954,931,1013,1,4.405443882921528
954,708,882,1,4.837510953567602
954,885,882,1,2.852794790784161
954,885,965,1,6.123119155303686
954,783,1276,2,22.606377139254327
954,783,659,1,5.809594285895007
954,783,1106,1,22.318447076891776
954,965,882,2,3.616965677313317
955,1106,931,1,5.283575443416337
955,882,708,2,4.837510953567602
955,882,885,1,2.852794790784161
955,882,965,2,3.616965677313317
955,931,882,1,5.812636165404913
955,931,885,1,3.0617002345235647
955,931,1106,1,5.283575443416337
955,931,965,1,8.628970001760946
955,708,359,1,10.088438580081291
955,708,965,1,6.739138237495128
955,885,1013,1,3.46869779664105
955,885,965,1,6.123119155303686
955,659,1229,1,17.8420518180728
955,849,931,2,4.4061387562478425
955,783,359,1,12.499801205497114
955,783,659,1,5.809594285895007
955,783,566,1,5.876334276322891
955,783,1106,1,22.318447076891776
955,783,535,1,11.620421645142477
955,783,965,1,10.498093903671007
955,965,882,1,3.616965677313317
956,882,708,1,4.837510953567602
956,882,885,1,2.852794790784161
956,1276,1102,2,4.836798739646007
956,931,1102,1,4.548251915941359
956,708,359,1,10.088438580081291
956,885,882,1,2.852794790784161
956,1091,1182,1,5.24631154396119
956,1013,882,1,3.839767699909249
956,1013,708,1,8.663428210145081
956,783,855,1,27.60378823743443
956,783,1182,1,15.175538880502293
956,783,885,1,15.378166398318458
956,783,1013,1,15.308499342485224
956,783,965,1,10.498093903671007
956,1229,672,1,14.57987655243148
957,834,708,2,4.389831624444016
957,834,535,1,8.012842951904279
957,855,849,1,5.706192977162224
957,855,1068,1,5.87594370452583
957,882,834,1,4.883195120135012
957,882,885,1,2.852794790784161
957,882,1091,1,7.965381677815221
957,1276,1106,1,4.836798739645476
957,931,849,1,4.4061387562478425
957,834,885,1,7.688685710981335
957,834,965,1,3.83986736177262
957,885,965,1,6.123119155303686
957,659,834,1,5.284552964469467
957,1091,849,1,16.610443180087024
957,1102,849,1,8.191991396325179
957,849,834,1,14.265481524111957
957,1013,1106,1,7.015517581545067
957,965,882,3,3.616965677313317
957,965,834,1,3.83986736177262
957,1068,882,1,14.033707701296978
957,1068,1276,1,8.66943360865319
958,834,1102,1,11.614659746948035
958,834,1229,1,12.569063966979074
958,834,882,1,4.883195120135012
958,882,1182,1,7.841474878454721
958,882,1091,1,7.965381677815221
958,882,1106,1,10.203820878312005
958,882,1013,1,3.839767699909249
958,1276,1435,1,13.12435356350428
958,855,834,1,19.971672663678955
958,931,885,1,3.0617002345235647
958,931,672,1,6.73915242731767
958,931,1068,1,8.304853837171269
958,708,882,1,4.837510953567602
958,834,783,1,7.689481736045675
958,885,1276,1,10.705394585658723
958,885,965,1,6.123119155303686
958,849,535,1,14.6134281539242
958,849,783,1,21.903135562742808
958,1106,1276,1,4.836798739645476
958,1013,882,1,3.839767699909249
958,783,882,1,12.561839638690564
958,783,885,1,15.378166398318458
958,783,566,1,5.876334276322891
958,783,849,1,21.903135562742808
958,783,1013,1,15.308499342485224
958,783,1068,1,26.525178301273773
958,965,1091,1,4.388654712140797
959,1276,1106,1,4.836798739645476
959,882,931,1,5.812636165404913
959,882,965,2,3.616965677313317
959,834,1013,1,8.005172893624191
959,885,882,1,2.852794790784161
959,1102,1229,1,3.8392690799482057
959,783,708,3,10.697285568723771
959,783,834,1,7.689481736045675
959,783,885,1,15.378166398318458
959,965,1013,1,4.881725510082577
959,1229,1398,1,5.282433425576492
960,1229,1276,1,3.959637309104105
960,882,885,1,2.852794790784161
960,882,849,1,9.574606006915822
960,1276,1106,1,4.836798739645476
960,931,566,1,21.867049161341345
960,834,1091,1,6.739095652327052
960,885,882,2,2.852794790784161
960,885,834,1,7.688685710981335
960,659,882,1,9.424155624926374
960,1398,1435,1,5.805514364498899
960,1102,882,1,7.314751476768936
960,1102,1229,1,3.8392690799482057
960,849,855,1,5.706192977162224
960,672,965,1,10.884705359638655
960,965,708,1,6.739138237495128
960,965,1091,2,4.388654712140797
960,965,1013,1,4.881725510082577
960,965,1229,1,8.77672016628073
961,834,882,6,4.883195120135012
961,1229,1276,3,3.959637309104105
961,855,834,1,19.971672663678955
961,931,1182,1,9.422487826577225
961,931,849,1,4.4061387562478425
961,834,1276,1,15.929463663685272
961,834,672,1,10.50082625207165
961,882,965,3,3.616965677313317
961,783,931,1,18.3740064075405
961,783,965,1,10.498093903671007
961,965,1013,1,4.881725510082577
962,1276,1106,1,4.836798739645476
962,931,885,1,3.0617002345235647
962,708,882,1,4.837510953567602
962,834,672,1,10.50082625207165
962,885,965,1,6.123119155303686
962,1013,849,1,8.811582411969269
962,672,885,1,5.876204136119103
962,965,708,1,6.739138237495128
962,965,1091,1,4.388654712140797
963,885,849,1,6.749102957431653
963,885,672,1,5.876204136119103
963,1102,1229,1,3.8392690799482057
964,882,834,1,4.883195120135012
964,882,885,1,2.852794790784161
964,882,849,1,9.574606006915822
964,882,965,1,3.616965677313317
964,834,882,1,4.883195120135012
964,1106,1013,1,7.015517581545067
964,965,882,1,3.616965677313317
965,931,1102,1,4.548251915941359
965,882,708,1,4.837510953567602
965,882,885,1,2.852794790784161
965,882,659,1,9.424155624926374
965,834,508,1,19.29831547550127
965,1102,1106,1,3.80171314717607
966,882,659,1,9.424155624926374
966,882,1102,1,7.314751476768936
966,885,672,1,5.876204136119103
966,1013,882,1,3.839767699909249
966,965,1013,1,4.881725510082577
967,882,834,1,4.883195120135012
968,1013,965,1,4.881725510082577
969,885,882,1,2.852794790784161
969,1102,1013,1,3.616251246210677
969,1013,708,1,8.663428210145081
969,1229,783,1,18.841160835534616
970,834,783,1,7.689481736045675
970,359,783,1,12.499801205497114
970,885,783,1,15.378166398318458
970,1091,783,1,10.241109598832232
970,849,783,1,21.903135562742808
970,1106,783,1,22.318447076891776
970,672,783,1,17.445012141301472
970,1068,783,1,26.525178301273773
970,1229,783,1,18.841160835534616
971,882,783,2,12.561839638690564
971,1276,783,1,22.606377139254327
971,1091,783,2,10.241109598832232
971,1398,783,1,19.874616662347663
971,566,783,1,5.876334276322891
971,849,783,1,21.903135562742808
971,535,783,1,11.620421645142477
971,965,783,3,10.498093903671007
971,1068,783,2,26.525178301273773
971,1229,783,1,18.841160835534616
972,882,783,1,12.561839638690564
972,1276,783,1,22.606377139254327
972,1182,882,1,7.841474878454721
972,359,783,1,12.499801205497114
972,659,783,3,5.809594285895007
972,1091,783,2,10.241109598832232
972,1102,783,3,18.800951364959644
972,1106,783,1,22.318447076891776
972,535,359,1,5.855067293961566
972,1013,783,1,15.308499342485224
972,672,783,2,17.445012141301472
972,1068,783,1,26.525178301273773
973,931,783,1,18.3740064075405
973,834,783,3,7.689481736045675
973,885,783,2,15.378166398318458
973,965,783,4,10.498093903671007
973,917,783,1,5.8083597500151045
973,834,965,1,3.83986736177262
973,965,1091,1,4.388654712140797
973,1276,1106,1,4.836798739645476
973,708,849,1,11.8916662824573
973,359,783,1,12.499801205497114
973,885,849,1,6.749102957431653
973,1091,783,1,10.241109598832232
973,1398,1276,1,7.438993890374081
973,1102,1013,1,3.616251246210677
973,566,783,1,5.876334276322891
973,1013,882,1,3.839767699909249
973,1013,783,1,15.308499342485224
973,1229,882,1,9.341474227178574
973,1229,1102,1,3.8392690799482057
974,882,1102,1,7.314751476768936
974,1182,783,1,15.175538880502293
974,508,783,2,25.93420023872912
974,359,783,1,12.499801205497114
974,1091,783,1,10.241109598832232
974,1102,885,1,5.875878565174106
974,566,783,2,5.876334276322891
974,1106,783,1,22.318447076891776
974,1013,834,2,8.005172893624191
974,672,783,1,17.445012141301472
974,965,1013,1,4.881725510082577
975,834,783,1,7.689481736045675
975,1102,783,1,18.800951364959644
975,834,659,1,5.284552964469467
975,882,783,2,12.561839638690564
975,1182,783,2,15.175538880502293
975,508,849,1,9.342303526294996
975,885,965,1,6.123119155303686
975,1106,783,1,22.318447076891776
975,535,783,1,11.620421645142477
975,1013,1182,1,5.283249325636405
976,659,783,1,5.809594285895007
976,965,885,1,6.123119155303686
976,1276,1182,1,7.919661523440269
976,855,1068,1,5.87594370452583
976,1182,783,1,15.175538880502293
976,849,1068,1,6.736061142863373
976,783,1182,1,15.175538880502293
976,783,834,1,7.689481736045675
976,783,1229,1,18.841160835534616
977,834,783,9,7.689481736045675
977,885,783,3,15.378166398318458
977,965,783,11,10.498093903671007
977,1229,885,1,8.89559413156451
977,1102,783,3,18.800951364959644
977,1229,783,5,18.841160835534616
977,931,1013,2,4.405443882921528
977,708,783,4,10.697285568723771
977,659,783,4,5.809594285895007
977,1398,783,2,19.874616662347663
977,931,882,2,5.812636165404913
977,931,783,2,18.3740064075405
977,885,882,2,2.852794790784161
977,885,931,2,3.0617002345235647
977,885,1102,2,5.875878565174106
977,1296,783,1,13.644692409583532
977,1068,783,1,26.525178301273773
977,1229,1276,3,3.959637309104105
977,917,783,1,5.8083597500151045
977,708,834,2,4.389831624444016
977,885,1013,1,3.46869779664105
977,1091,783,1,10.241109598832232
977,882,1091,1,7.965381677815221
977,1182,1013,1,5.283249325636405
977,834,708,1,4.389831624444016
977,834,885,1,7.688685710981335
977,1013,885,1,3.46869779664105
977,1013,783,1,15.308499342485224
977,965,882,1,3.616965677313317
977,1229,834,1,12.569063966979074
977,882,965,1,3.616965677313317
977,1276,917,1,16.804080761168354
977,1182,783,1,15.175538880502293
977,834,965,1,3.83986736177262
977,1091,917,1,4.837115435970083
977,1102,882,1,7.314751476768936
977,1102,1182,1,6.120304815079837
977,566,783,2,5.876334276322891
977,849,931,1,4.4061387562478425
977,1106,1102,1,3.80171314717607
977,783,834,3,7.689481736045675
977,1068,1370,1,7.841426035905807
978,834,783,4,7.689481736045675
978,882,783,1,12.561839638690564
978,1276,783,3,22.606377139254327
978,1102,1276,3,4.836798739646007
978,882,834,2,4.883195120135012
978,708,882,1,4.837510953567602
978,885,965,1,6.123119155303686
978,882,885,1,2.852794790784161
978,917,834,1,3.617203703030827
978,931,882,1,5.812636165404913
978,931,708,1,9.423506251261468
978,931,849,1,4.4061387562478425
978,508,931,1,12.961089805583503
978,834,882,1,4.883195120135012
978,885,1013,1,3.46869779664105
978,885,783,1,15.378166398318458
978,1091,783,1,10.241109598832232
978,566,783,1,5.876334276322891
978,535,783,1,11.620421645142477
978,1013,1276,1,8.190822817543284
978,1013,885,1,3.46869779664105
978,965,834,2,3.83986736177262
979,708,783,1,10.697285568723771
979,1276,708,1,16.79773773026525
979,885,931,1,3.0617002345235647
979,849,885,1,6.749102957431653
979,882,708,1,4.837510953567602
979,882,885,1,2.852794790784161
979,882,1102,1,7.314751476768936
979,882,783,2,12.561839638690564
979,1276,783,1,22.606377139254327
979,931,849,1,4.4061387562478425
979,1182,1276,1,7.919661523440269
979,1182,1102,1,6.120304815079837
979,834,1182,1,9.674230674179531
979,834,783,1,7.689481736045675
979,885,834,1,7.688685710981335
979,1013,783,1,15.308499342485224
979,1013,965,2,4.881725510082577
979,783,931,1,18.3740064075405
979,783,1182,1,15.175538880502293
979,783,708,1,10.697285568723771
979,783,659,1,5.809594285895007
979,965,1276,1,12.284417645367478
979,1068,783,1,26.525178301273773
980,931,885,2,3.0617002345235647
980,849,885,1,6.749102957431653
980,1102,783,2,18.800951364959644
980,965,783,1,10.498093903671007
980,1276,885,1,10.705394585658723
980,1276,783,2,22.606377139254327
980,1182,1013,1,5.283249325636405
980,1182,783,1,15.175538880502293
980,708,834,1,4.389831624444016
980,708,659,1,5.815596432206299
980,708,783,1,10.697285568723771
980,834,783,1,7.689481736045675
980,834,965,1,3.83986736177262
980,359,783,1,12.499801205497114
980,885,882,1,2.852794790784161
980,885,834,1,7.688685710981335
980,659,359,1,7.84162119104212
980,783,834,1,7.689481736045675
980,783,885,1,15.378166398318458
980,965,1398,1,11.479089287938937
981,931,885,3,3.0617002345235647
981,965,1091,2,4.388654712140797
981,1091,1182,3,5.24631154396119
981,849,917,1,17.26063231038019
981,1106,1276,2,4.836798739645476
981,1229,1091,1,9.180034524729397
981,1229,1013,1,5.640389822593795
981,659,783,1,5.809594285895007
981,849,855,2,5.706192977162224
981,882,931,1,5.812636165404913
981,931,783,4,18.3740064075405
981,1398,1182,1,5.640321895106829
981,1398,885,1,13.644566108710274
981,1398,1102,9,9.118728510486134
981,1102,965,1,8.304116264398273
981,1102,1229,1,3.8392690799482057
981,849,1013,1,8.811582411969269
981,1106,783,2,22.318447076891776
981,535,783,2,11.620421645142477
981,1013,931,1,4.405443882921528
981,965,834,6,3.83986736177262
981,965,783,2,10.498093903671007
981,1229,783,3,18.841160835534616
981,1229,965,1,8.77672016628073
981,882,1229,1,9.341474227178574
981,931,849,1,4.4061387562478425
981,885,882,1,2.852794790784161
981,1091,783,1,10.241109598832232
981,882,1106,1,10.203820878312005
981,882,783,1,12.561839638690564
981,882,965,1,3.616965677313317
981,1276,1106,1,4.836798739645476
981,931,1013,1,4.405443882921528
981,834,885,1,7.688685710981335
981,834,783,3,7.689481736045675
981,359,659,1,7.84162119104212
981,885,931,1,3.0617002345235647
981,1398,1229,1,5.282433425576492
981,783,834,1,7.689481736045675
981,672,885,1,5.876204136119103
982,931,882,2,5.812636165404913
982,882,1102,1,7.314751476768936
982,965,708,1,6.739138237495128
982,1276,885,1,10.705394585658723
982,834,882,3,4.883195120135012
982,834,535,1,8.012842951904279
982,1102,783,1,18.800951364959644
982,965,885,1,6.123119155303686
982,1276,1398,1,7.438993890374081
982,917,965,1,4.882215518422521
982,931,1102,1,4.548251915941359
982,1182,783,2,15.175538880502293
982,834,783,1,7.689481736045675
982,1435,783,1,17.957022310236383
982,885,1102,1,5.875878565174106
982,885,672,1,5.876204136119103
982,1102,931,1,4.548251915941359
982,783,882,1,12.561839638690564
982,783,1276,2,22.606377139254327
982,783,834,1,7.689481736045675
982,783,1435,1,17.957022310236383
982,965,882,1,3.616965677313317
982,1229,783,1,18.841160835534616
983,931,882,1,5.812636165404913
983,882,834,4,4.883195120135012
983,535,965,1,11.11949266445603
983,672,885,1,5.876204136119103
983,882,1229,1,9.341474227178574
983,708,882,1,4.837510953567602
983,1398,1182,1,5.640321895106829
983,882,783,2,12.561839638690564
983,1276,1182,1,7.919661523440269
983,1276,1102,1,4.836798739646007
983,917,885,1,10.518632362833186
983,834,783,2,7.689481736045675
983,834,965,1,3.83986736177262
983,885,882,1,2.852794790784161
983,885,672,1,5.876204136119103
983,885,965,1,6.123119155303686
983,849,1276,1,11.479314497557898
983,1013,882,1,3.839767699909249
983,1013,1182,1,5.283249325636405
983,1013,783,1,15.308499342485224
983,783,882,1,12.561839638690564
983,783,1182,1,15.175538880502293
983,965,882,1,3.616965677313317
983,1229,1276,1,3.959637309104105
983,1229,1013,1,5.640389822593795
984,882,885,2,2.852794790784161
984,882,965,2,3.616965677313317
984,1229,783,1,18.841160835534616
984,882,783,2,12.561839638690564
984,1276,783,1,22.606377139254327
984,1182,931,1,9.422487826577225
984,834,659,1,5.284552964469467
984,834,783,1,7.689481736045675
984,885,882,2,2.852794790784161
984,885,931,1,3.0617002345235647
984,885,834,1,7.688685710981335
984,885,783,1,15.378166398318458
984,783,834,1,7.689481736045675
984,672,885,1,5.876204136119103
984,965,882,1,3.616965677313317
984,965,834,1,3.83986736177262
984,965,1091,1,4.388654712140797
985,708,783,2,10.697285568723771
985,1398,1229,1,5.282433425576492
985,535,783,1,11.620421645142477
985,965,917,1,4.882215518422521
985,965,783,4,10.498093903671007
985,917,783,2,5.8083597500151045
985,708,834,3,4.389831624444016
985,359,659,1,7.84162119104212
985,1398,1091,2,9.6478124773512
985,849,885,1,6.749102957431653
985,882,708,1,4.837510953567602
985,882,834,3,4.883195120135012
985,917,965,1,4.882215518422521
985,359,882,1,14.913468445035848
985,882,1013,1,3.839767699909249
985,1276,783,1,22.606377139254327
985,931,885,1,3.0617002345235647
985,931,783,1,18.3740064075405
985,1182,1229,1,3.960024365898536
985,834,708,1,4.389831624444016
985,834,783,1,7.689481736045675
985,885,1013,1,3.46869779664105
985,535,708,1,4.548441137468074
985,1013,1102,1,3.616251246210677
985,783,917,1,5.8083597500151045
985,783,834,2,7.689481736045675
985,783,1435,7,17.957022310236383
985,783,965,1,10.498093903671007
985,965,882,1,3.616965677313317
985,965,834,1,3.83986736177262
986,708,672,1,6.751878981086827
986,965,885,1,6.123119155303686
986,965,1013,1,4.881725510082577
986,1229,1398,1,5.282433425576492
986,882,931,1,5.812636165404913
986,882,885,1,2.852794790784161
986,882,783,1,12.561839638690564
986,708,882,1,4.837510953567602
986,708,566,1,12.81122045365883
986,834,882,1,4.883195120135012
986,834,885,1,7.688685710981335
986,834,783,2,7.689481736045675
986,834,965,1,3.83986736177262
986,885,931,1,3.0617002345235647
986,1102,1276,1,4.836798739646007
986,1102,834,2,11.614659746948035
986,1106,849,1,6.739095652327052
986,1013,885,1,3.46869779664105
986,1013,1229,1,5.640389822593795
986,783,855,1,27.60378823743443
986,783,931,1,18.3740064075405
986,783,708,1,10.697285568723771
986,783,1435,1,17.957022310236383
986,783,965,1,10.498093903671007
987,882,965,2,3.616965677313317
987,931,965,1,8.628970001760946
987,672,783,1,17.445012141301472
987,965,882,1,3.616965677313317
987,965,834,1,3.83986736177262
987,1276,1013,1,8.190822817543284
987,855,783,1,27.60378823743443
987,708,882,1,4.837510953567602
987,834,659,1,5.284552964469467
987,834,783,4,7.689481736045675
987,834,965,1,3.83986736177262
987,885,882,1,2.852794790784161
987,885,1013,1,3.46869779664105
987,1091,783,1,10.241109598832232
987,849,834,1,14.265481524111957
987,1106,1102,1,3.80171314717607
987,783,1276,1,22.606377139254327
987,783,1106,1,22.318447076891776
988,1276,1229,1,3.959637309104105
988,882,834,1,4.883195120135012
988,882,1276,1,12.01740314095659
988,1106,1102,1,3.80171314717607
988,965,783,2,10.498093903671007
988,882,965,1,3.616965677313317
988,931,885,1,3.0617002345235647
988,834,1276,1,15.929463663685272
988,834,659,1,5.284552964469467
988,834,783,2,7.689481736045675
988,885,882,2,2.852794790784161
988,885,931,2,3.0617002345235647
988,885,783,1,15.378166398318458
988,659,783,2,5.809594285895007
988,1102,965,1,8.304116264398273
988,1013,783,1,15.308499342485224
988,783,834,2,7.689481736045675
988,783,659,1,5.809594285895007
988,783,965,1,10.498093903671007
988,1370,783,1,30.28578929187396
988,965,882,1,3.616965677313317
988,965,672,1,10.884705359638655
989,535,783,4,11.620421645142477
989,849,885,1,6.749102957431653
989,1182,1276,1,7.919661523440269
989,508,783,1,25.93420023872912
989,672,931,4,6.73915242731767
989,882,834,4,4.883195120135012
989,1276,1102,2,4.836798739646007
989,1276,1106,2,4.836798739645476
989,882,931,3,5.812636165404913
989,882,885,3,2.852794790784161
989,1276,965,2,12.284417645367478
989,708,882,2,4.837510953567602
989,849,931,1,4.4061387562478425
989,672,1013,1,9.341935125969725
989,965,885,1,6.123119155303686
989,1068,783,1,26.525178301273773
989,882,708,1,4.837510953567602
989,1276,1013,1,8.190822817543284
989,1182,834,4,9.674230674179531
989,1182,783,1,15.175538880502293
989,1106,783,1,22.318447076891776
989,1276,882,1,12.01740314095659
989,1276,1229,1,3.959637309104105
989,917,783,1,5.8083597500151045
989,931,535,1,13.170081658182124
989,834,931,1,10.694040075602611
989,834,1102,1,11.614659746948035
989,834,1106,1,14.888705663916236
989,885,1013,1,3.46869779664105
989,1091,1013,1,7.92275625179966
989,1398,1229,1,5.282433425576492
989,1102,783,1,18.800951364959644
989,1102,1229,1,3.8392690799482057
989,566,783,1,5.876334276322891
989,783,834,1,7.689481736045675
989,783,659,1,5.809594285895007
989,965,708,1,6.739138237495128
990,535,882,1,9.342211452816104
990,834,917,2,3.617203703030827
990,834,1013,2,8.005172893624191
990,834,783,5,7.689481736045675
990,1102,931,1,4.548251915941359
990,1102,1106,1,3.80171314717607
990,1102,965,1,8.304116264398273
990,882,659,1,9.424155624926374
990,1276,783,1,22.606377139254327
990,708,783,2,10.697285568723771
990,885,855,1,12.412669367198909
990,885,965,1,6.123119155303686
990,659,783,1,5.809594285895007
990,1106,1276,1,4.836798739645476
990,1013,708,1,8.663428210145081
990,783,882,1,12.561839638690564
990,783,1182,1,15.175538880502293
990,783,834,1,7.689481736045675
990,783,659,1,5.809594285895007
990,783,1102,1,18.800951364959644
990,783,965,1,10.498093903671007
990,965,834,1,3.83986736177262
991,1102,1276,1,4.836798739646007
991,1182,783,1,15.175538880502293
991,708,882,1,4.837510953567602
991,882,885,2,2.852794790784161
991,1276,1106,1,4.836798739645476
991,917,783,1,5.8083597500151045
991,855,1068,1,5.87594370452583
991,931,783,1,18.3740064075405
991,834,708,1,4.389831624444016
991,834,885,1,7.688685710981335
991,659,783,1,5.809594285895007
991,1013,885,1,3.46869779664105
991,783,1182,1,15.175538880502293
991,783,834,1,7.689481736045675
991,783,566,1,5.876334276322891
991,783,1229,1,18.841160835534616
991,965,882,1,3.616965677313317
991,1229,1276,1,3.959637309104105
991,1229,1102,1,3.8392690799482057
992,1068,783,1,26.525178301273773
992,708,1013,1,8.663428210145081
992,1102,1013,1,3.616251246210677
992,1276,783,1,22.606377139254327
992,1182,783,1,15.175538880502293
992,1276,1229,1,3.959637309104105
992,882,834,1,4.883195120135012
992,882,783,1,12.561839638690564
992,931,849,1,4.4061387562478425
992,834,708,1,4.389831624444016
992,885,931,1,3.0617002345235647
992,885,834,1,7.688685710981335
992,1013,1102,1,3.616251246210677
992,1013,1229,1,5.640389822593795
992,783,882,1,12.561839638690564
992,783,1182,1,15.175538880502293
992,783,1398,1,19.874616662347663
992,783,535,1,11.620421645142477
992,783,1013,1,15.308499342485224
992,965,783,1,10.498093903671007
992,1229,885,1,8.89559413156451
992,1229,1013,1,5.640389822593795
993,1102,1013,2,3.616251246210677
993,1182,783,3,15.175538880502293
993,359,834,1,12.378619633278529
993,1091,965,1,4.388654712140797
993,849,855,2,5.706192977162224
993,1276,1102,2,4.836798739646007
993,708,834,2,4.389831624444016
993,708,783,1,10.697285568723771
993,834,882,3,4.883195120135012
993,834,783,2,7.689481736045675
993,535,783,1,11.620421645142477
993,834,931,1,10.694040075602611
993,834,659,1,5.284552964469467
993,849,1106,1,6.739095652327052
993,849,672,1,6.511836392511076
993,882,885,1,2.852794790784161
993,882,783,1,12.561839638690564
993,931,834,1,10.694040075602611
993,885,1013,1,3.46869779664105
993,1102,931,1,4.548251915941359
993,849,508,1,9.342303526294996
993,535,708,1,4.548441137468074
993,1013,965,1,4.881725510082577
993,783,1276,1,22.606377139254327
993,783,855,1,27.60378823743443
993,783,931,2,18.3740064075405
993,783,1182,1,15.175538880502293
993,783,359,1,12.499801205497114
993,783,849,1,21.903135562742808
993,783,1229,2,18.841160835534616
993,965,535,1,11.11949266445603
994,1276,783,1,22.606377139254327
994,359,783,1,12.499801205497114
994,1102,1229,2,3.8392690799482057
994,672,885,1,5.876204136119103
994,965,855,1,18.37212697718332
994,882,708,1,4.837510953567602
994,882,834,1,4.883195120135012
994,931,882,1,5.812636165404913
994,1182,1229,1,3.960024365898536
994,708,834,1,4.389831624444016
994,885,508,1,13.808114395759947
994,885,783,1,15.378166398318458
994,885,672,1,5.876204136119103
994,1398,1229,1,5.282433425576492
994,849,508,1,9.342303526294996
994,1106,1276,1,4.836798739645476
994,1013,965,1,4.881725510082577
994,783,708,1,10.697285568723771
994,783,834,2,7.689481736045675
994,783,965,1,10.498093903671007
994,783,1068,1,26.525178301273773
994,965,882,1,3.616965677313317
995,965,1013,1,4.881725510082577
995,882,885,1,2.852794790784161
995,882,1102,1,7.314751476768936
995,882,783,1,12.561839638690564
995,917,783,1,5.8083597500151045
995,931,882,1,5.812636165404913
995,931,834,1,10.694040075602611
995,931,783,1,18.3740064075405
995,1182,1106,1,9.760018472127422
995,708,783,2,10.697285568723771
995,834,965,1,3.83986736177262
995,834,1229,1,12.569063966979074
995,885,882,1,2.852794790784161
995,885,834,1,7.688685710981335
995,659,834,1,5.284552964469467
995,1106,1013,1,7.015517581545067
995,783,708,1,10.697285568723771
995,783,834,1,7.689481736045675
995,783,659,1,5.809594285895007
995,783,566,2,5.876334276322891
996,1102,882,1,7.314751476768936
996,882,783,1,12.561839638690564
996,1276,1229,1,3.959637309104105
996,708,834,1,4.389831624444016
996,708,783,1,10.697285568723771
996,834,566,1,11.619599142411865
996,834,849,1,14.265481524111957
996,1106,1276,1,4.836798739645476
996,1013,882,1,3.839767699909249
996,1013,885,1,3.46869779664105
996,1013,783,1,15.308499342485224
996,783,882,1,12.561839638690564
996,783,659,1,5.809594285895007
996,965,882,1,3.616965677313317
996,965,535,1,11.11949266445603
997,1091,965,1,4.388654712140797
997,1370,931,1,14.0283994658549
997,1091,834,2,6.739095652327052
997,917,783,1,5.8083597500151045
997,708,882,4,4.837510953567602
997,708,931,1,9.423506251261468
997,1091,1229,1,9.180034524729397
997,965,834,1,3.83986736177262
997,882,708,1,4.837510953567602
997,931,672,1,6.73915242731767
997,834,885,1,7.688685710981335
997,834,659,1,5.284552964469467
997,885,849,1,6.749102957431653
997,885,783,1,15.378166398318458
997,849,508,1,9.342303526294996
997,1013,885,1,3.46869779664105
997,783,1106,1,22.318447076891776
997,783,535,1,11.620421645142477
997,783,965,1,10.498093903671007
997,965,1106,1,11.884713829537391
997,1068,783,1,26.525178301273773
998,965,834,1,3.83986736177262
998,834,882,2,4.883195120135012
998,834,359,1,12.378619633278529
998,882,834,2,4.883195120135012
998,1276,535,1,21.16000916395143
998,931,882,1,5.812636165404913
998,931,849,2,4.4061387562478425
998,931,1013,1,4.405443882921528
998,708,783,1,10.697285568723771
998,885,882,1,2.852794790784161
998,885,1013,1,3.46869779664105
998,659,834,1,5.284552964469467
998,849,1068,1,6.736061142863373
998,1013,783,1,15.308499342485224
998,783,834,2,7.689481736045675
998,783,535,1,11.620421645142477
998,783,672,1,17.445012141301472
998,783,1229,1,18.841160835534616
998,965,783,1,10.498093903671007
998,1229,1276,1,3.959637309104105
999,834,708,2,4.389831624444016
999,834,535,1,8.012842951904279
999,1068,1106,1,4.880745078525951
999,882,672,1,7.316385892068044
999,1276,1229,1,3.959637309104105
999,931,885,1,3.0617002345235647
999,931,1102,1,4.548251915941359
999,834,882,1,4.883195120135012
999,834,783,1,7.689481736045675
999,834,965,1,3.83986736177262
999,659,783,1,5.809594285895007
999,849,1276,1,11.479314497557898
999,849,834,1,14.265481524111957
999,783,882,1,12.561839638690564
999,783,1182,1,15.175538880502293
999,783,834,2,7.689481736045675
999,783,659,2,5.809594285895007
999,783,965,1,10.498093903671007
1000,1182,1091,1,5.24631154396119
1000,1276,1435,1,13.12435356350428
1000,965,834,1,3.83986736177262
1000,882,885,3,2.852794790784161
1000,882,659,1,9.424155624926374
1000,882,849,2,9.574606006915822
1000,882,1013,1,3.839767699909249
1000,882,783,1,12.561839638690564
1000,855,1068,1,5.87594370452583
1000,708,882,1,4.837510953567602
1000,708,783,1,10.697285568723771
1000,834,882,3,4.883195120135012
1000,885,1013,1,3.46869779664105
1000,1102,882,1,7.314751476768936
1000,1106,1276,2,4.836798739645476
1000,783,931,1,18.3740064075405
1000,783,834,1,7.689481736045675
1000,965,1091,1,4.388654712140797
1000,1229,1276,1,3.959637309104105
1001,708,855,1,17.44323648533522
1001,708,885,2,6.511469320496247
1001,708,535,2,4.548441137468074
1001,708,834,2,4.389831624444016
1001,885,882,11,2.852794790784161
1001,1091,783,1,10.241109598832232
1001,965,882,4,3.616965677313317
1001,885,965,8,6.123119155303686
1001,965,834,1,3.83986736177262
1001,931,849,1,4.4061387562478425
1001,1102,1182,1,6.120304815079837
1001,882,931,1,5.812636165404913
1001,882,885,1,2.852794790784161
1001,882,1102,1,7.314751476768936
1001,882,1106,1,10.203820878312005
1001,882,672,1,7.316385892068044
1001,1276,931,1,8.946223146223524
1001,1276,1102,1,4.836798739646007
1001,1276,1106,1,4.836798739645476
1001,931,882,1,5.812636165404913
1001,1182,1091,1,5.24631154396119
1001,834,882,2,4.883195120135012
1001,834,1102,1,11.614659746948035
1001,834,783,2,7.689481736045675
1001,885,1229,1,8.89559413156451
1001,659,535,1,5.810827883107414
1001,659,783,1,5.809594285895007
1001,566,535,1,11.474227573045091
1001,849,508,1,9.342303526294996
1001,1106,1276,1,4.836798739645476
1001,535,885,1,10.569431103772471
1001,1013,885,1,3.46869779664105
1001,783,882,1,12.561839638690564
1001,783,508,1,25.93420023872912
1001,783,965,1,10.498093903671007
1001,783,1068,1,26.525178301273773
1001,783,1229,1,18.841160835534616
1001,672,931,1,6.73915242731767
1001,1229,965,1,8.77672016628073
1002,1182,1398,1,5.640321895106829
1002,834,931,1,10.694040075602611
1002,965,783,1,10.498093903671007
1002,834,659,1,5.284552964469467
1002,1276,1106,1,4.836798739645476
1002,535,849,1,14.6134281539242
1002,1229,1106,1,6.605818539698737
1002,708,1091,1,10.705966675099036
1002,882,708,1,4.837510953567602
1002,882,834,1,4.883195120135012
1002,882,885,2,2.852794790784161
1002,882,672,1,7.316385892068044
1002,834,1102,1,11.614659746948035
1002,885,672,1,5.876204136119103
1002,1091,1182,1,5.24631154396119
1002,849,1068,2,6.736061142863373
1002,1106,1276,1,4.836798739645476
1002,783,885,1,15.378166398318458
1002,672,885,1,5.876204136119103
1002,965,917,1,4.882215518422521
1002,1229,1276,1,3.959637309104105
1003,1276,1106,1,4.836798739645476
1003,672,708,1,6.751878981086827
1003,917,783,1,5.8083597500151045
1003,708,849,1,11.8916662824573
1003,659,882,1,9.424155624926374
1003,882,931,1,5.812636165404913
1003,882,834,1,4.883195120135012
1003,882,1102,1,7.314751476768936
1003,882,1013,1,3.839767699909249
1003,931,834,1,10.694040075602611
1003,931,1229,1,8.28950012214804
1003,834,708,1,4.389831624444016
1003,885,672,1,5.876204136119103
1003,1091,965,1,4.388654712140797
1003,1106,1276,1,4.836798739645476
1003,535,708,1,4.548441137468074
1003,1013,965,1,4.881725510082577
1003,783,931,1,18.3740064075405
1003,783,1182,1,15.175538880502293
1003,783,359,1,12.499801205497114
1003,783,535,2,11.620421645142477
1003,672,885,1,5.876204136119103
1003,965,834,1,3.83986736177262
1003,965,659,1,9.121352246650094
1003,1068,855,1,5.87594370452583
1004,834,359,1,12.378619633278529
1004,708,882,3,4.837510953567602
1004,834,917,2,3.617203703030827
1004,882,1276,1,12.01740314095659
1004,882,885,1,2.852794790784161
1004,882,849,1,9.574606006915822
1004,882,1068,1,14.033707701296978
1004,931,849,1,4.4061387562478425
1004,931,672,1,6.73915242731767
1004,1182,1398,1,5.640321895106829
1004,885,1102,1,5.875878565174106
1004,885,672,1,5.876204136119103
1004,659,882,1,9.424155624926374
1004,849,508,1,9.342303526294996
1004,1013,708,1,8.663428210145081
1004,783,1091,1,10.241109598832232
1004,783,1229,1,18.841160835534616
1004,965,1276,1,12.284417645367478
1004,965,1102,1,8.304116264398273
1004,965,849,1,12.803650760757485
1004,1068,931,1,8.304853837171269
1004,1229,834,1,12.569063966979074
1005,834,359,1,12.378619633278529
1005,834,535,2,8.012842951904279
1005,1370,1068,1,7.841426035905807
1005,834,1276,2,15.929463663685272
1005,834,708,1,4.389831624444016
1005,834,659,1,5.284552964469467
1005,1229,1091,4,9.180034524729397
1005,1276,1229,1,3.959637309104105
1005,931,1106,1,5.283575443416337
1005,931,1013,1,4.405443882921528
1005,931,1068,1,8.304853837171269
1005,708,1276,1,16.79773773026525
1005,834,1102,1,11.614659746948035
1005,1435,359,1,27.814989739370795
1005,885,834,2,7.688685710981335
1005,1102,1276,1,4.836798739646007
1005,1102,1398,1,9.118728510486134
1005,1013,1102,1,3.616251246210677
1005,783,508,1,25.93420023872912
1005,783,1013,1,15.308499342485224
1005,965,1013,1,4.881725510082577
1005,1229,1276,1,3.959637309104105
1006,882,1102,1,7.314751476768936
1006,1182,359,1,21.88429929599112
1006,708,834,1,4.389831624444016
1006,834,708,1,4.389831624444016
1006,834,965,1,3.83986736177262
1006,885,882,1,2.852794790784161
1006,1398,1276,1,7.438993890374081
1006,1102,1106,1,3.80171314717607
1006,849,508,1,9.342303526294996
1006,1013,855,1,14.035043934320278
1006,1013,1102,1,3.616251246210677
1006,1013,1106,1,7.015517581545067
1006,783,882,1,12.561839638690564
1006,783,834,2,7.689481736045675
1006,1229,882,1,9.341474227178574
1007,834,882,2,4.883195120135012
1007,708,882,1,4.837510953567602
1007,882,931,1,5.812636165404913
1007,882,885,1,2.852794790784161
1007,882,1013,1,3.839767699909249
1007,1276,1106,1,4.836798739645476
1007,834,708,1,4.389831624444016
1007,885,1013,1,3.46869779664105
1007,1102,1013,1,3.616251246210677
1007,783,1091,1,10.241109598832232
1007,783,965,1,10.498093903671007
1007,965,834,1,3.83986736177262
1008,834,882,1,4.883195120135012
1008,931,672,1,6.73915242731767
1008,708,535,1,4.548441137468074
1008,882,708,1,4.837510953567602
1008,882,834,1,4.883195120135012
1008,882,1013,1,3.839767699909249
1008,885,672,1,5.876204136119103
1008,885,1229,1,8.89559413156451
1008,1102,885,1,5.875878565174106
1008,1106,1102,1,3.80171314717607
1008,1013,882,2,3.839767699909249
1008,783,708,1,10.697285568723771
1008,783,834,1,7.689481736045675
1008,783,885,1,15.378166398318458
1008,672,659,1,12.368643675107524
1008,965,885,1,6.123119155303686
1009,1229,1091,5,9.180034524729397
1009,834,882,1,4.883195120135012
1009,965,931,1,8.628970001760946
1009,965,849,2,12.803650760757485
1009,931,535,1,13.170081658182124
1009,965,1091,1,4.388654712140797
1009,931,1068,1,8.304853837171269
1009,965,882,2,3.616965677313317
1009,1229,1013,1,5.640389822593795
1009,882,917,1,7.68788945836583
1009,882,885,4,2.852794790784161
1009,931,882,1,5.812636165404913
1009,834,708,1,4.389831624444016
1009,834,1102,1,11.614659746948035
1009,1435,1091,1,8.895594131564904
1010,882,965,2,3.616965677313317
1010,882,885,1,2.852794790784161
1010,882,849,1,9.574606006915822
1010,931,849,1,4.4061387562478425
1010,1091,849,1,16.610443180087024
1010,1102,1106,1,3.80171314717607
1011,965,834,1,3.83986736177262
1011,965,508,1,19.52620522684568
1011,885,1068,1,11.364565785437158
1011,535,885,1,10.569431103772471
1011,1013,508,1,16.9567744814039
1011,1013,885,1,3.46869779664105
1012,834,708,1,4.389831624444016
1012,1276,1398,1,7.438993890374081
1012,1229,783,1,18.841160835534616
1013,931,834,1,10.694040075602611
1013,834,659,1,5.284552964469467
1013,1435,1091,1,8.895594131564904
1013,834,931,2,10.694040075602611
1013,882,708,1,4.837510953567602
1013,882,885,2,2.852794790784161
1013,965,882,1,3.616965677313317
1013,882,965,1,3.616965677313317
1013,882,1106,1,10.203820878312005
1013,708,885,1,6.511469320496247
1013,834,535,1,8.012842951904279
1014,931,1276,1,8.946223146223524
1014,882,965,1,3.616965677313317
1014,834,965,1,3.83986736177262
1015,1013,1398,1,10.186376382121452
1016,1276,783,1,22.606377139254327
1017,834,882,1,4.883195120135012
1017,882,834,2,4.883195120135012
1017,882,1102,1,7.314751476768936
1017,1013,1398,3,10.186376382121452
1017,1229,1276,1,3.959637309104105
1018,882,965,1,3.616965677313317
1018,508,783,1,25.93420023872912
1018,834,885,1,7.688685710981335
1018,359,783,1,12.499801205497114
1018,1106,783,1,22.318447076891776
1019,917,783,1,5.8083597500151045
1019,708,783,1,10.697285568723771
1019,834,783,1,7.689481736045675
1019,359,783,1,12.499801205497114
1019,1398,783,1,19.874616662347663
1019,1102,783,1,18.800951364959644
1019,1106,783,1,22.318447076891776
1019,535,783,1,11.620421645142477
1019,965,783,2,10.498093903671007
1019,1068,783,1,26.525178301273773
1020,1276,783,1,22.606377139254327
1020,855,783,1,27.60378823743443
1020,931,783,1,18.3740064075405
1020,708,783,1,10.697285568723771
1020,359,783,2,12.499801205497114
1020,885,783,2,15.378166398318458
1020,659,783,2,5.809594285895007
1020,1091,783,1,10.241109598832232
1020,1398,783,2,19.874616662347663
1020,1102,783,1,18.800951364959644
1020,849,783,2,21.903135562742808
1020,535,885,1,10.569431103772471
1020,535,783,2,11.620421645142477
1020,672,783,2,17.445012141301472
1020,965,917,1,4.882215518422521
1020,1068,783,1,26.525178301273773
1021,1013,783,2,15.308499342485224
1021,1229,1091,1,9.180034524729397
1021,1229,1398,68,5.282433425576492
1021,1229,783,1,18.841160835534616
1021,882,834,1,4.883195120135012
1021,882,359,1,14.913468445035848
1021,917,1435,1,13.478049171931383
1021,1102,783,1,18.800951364959644
1021,965,708,1,6.739138237495128
1021,965,783,2,10.498093903671007
1021,1276,783,1,22.606377139254327
1021,855,783,1,27.60378823743443
1021,931,1013,1,4.405443882921528
1021,834,708,1,4.389831624444016
1021,834,965,1,3.83986736177262
1021,359,783,1,12.499801205497114
1021,885,1398,1,13.644566108710274
1021,659,834,1,5.284552964469467
1021,1091,783,1,10.241109598832232
1021,1398,1276,1,7.438993890374081
1021,566,1276,1,27.46088410222395
1021,849,931,1,4.4061387562478425
1021,535,783,1,11.620421645142477
1021,783,917,1,5.8083597500151045
1021,672,783,1,17.445012141301472
1021,965,882,1,3.616965677313317
1022,882,783,1,12.561839638690564
1022,708,834,1,4.389831624444016
1022,708,783,1,10.697285568723771
1022,1435,885,1,16.795891123871012
1022,1091,783,1,10.241109598832232
1022,1398,783,1,19.874616662347663
1022,917,1182,1,9.422487826578177
1022,931,849,1,4.4061387562478425
1022,834,917,1,3.617203703030827
1022,834,849,1,14.265481524111957
1022,1398,1276,1,7.438993890374081
1022,566,783,1,5.876334276322891
1022,1106,783,1,22.318447076891776
1022,965,834,1,3.83986736177262
1022,1068,783,1,26.525178301273773
1023,834,783,2,7.689481736045675
1023,849,882,1,9.574606006915822
1023,1182,783,1,15.175538880502293
1023,885,931,1,3.0617002345235647
1023,1276,885,1,10.705394585658723
1023,1276,1106,1,4.836798739645476
1023,917,783,2,5.8083597500151045
1023,508,535,1,15.269109427523375
1023,566,783,1,5.876334276322891
1023,849,885,1,6.749102957431653
1023,1013,834,1,8.005172893624191
1024,885,882,1,2.852794790784161
1024,882,931,1,5.812636165404913
1024,885,834,1,7.688685710981335
1024,1106,783,1,22.318447076891776
1024,535,359,1,5.855067293961566
1024,1276,931,1,8.946223146223524
1024,931,917,1,13.311633056624624
1024,508,849,1,9.342303526294996
1024,834,882,1,4.883195120135012
1024,783,931,1,18.3740064075405
1024,783,708,1,10.697285568723771
1025,931,783,4,18.3740064075405
1025,834,783,18,7.689481736045675
1025,659,783,8,5.809594285895007
1025,965,783,6,10.498093903671007
1025,882,783,2,12.561839638690564
1025,1182,1276,1,7.919661523440269
1025,708,783,5,10.697285568723771
1025,885,783,4,15.378166398318458
1025,1102,1229,1,3.8392690799482057
1025,1229,1102,3,3.8392690799482057
1025,855,849,1,5.706192977162224
1025,885,882,2,2.852794790784161
1025,1102,834,1,11.614659746948035
1025,849,783,2,21.903135562742808
1025,672,783,1,17.445012141301472
1025,1229,1276,2,3.959637309104105
1025,1229,783,6,18.841160835534616
1025,917,834,1,3.617203703030827
1025,659,834,2,5.284552964469467
1025,1091,1182,2,5.24631154396119
1025,1102,1276,1,4.836798739646007
1025,1102,783,1,18.800951364959644
1025,535,783,2,11.620421645142477
1025,965,1276,1,12.284417645367478
1025,1276,931,10,8.946223146223524
1025,855,885,1,12.412669367198909
1025,931,1229,1,8.28950012214804
1025,708,882,1,4.837510953567602
1025,834,965,3,3.83986736177262
1025,566,783,1,5.876334276322891
1025,849,834,1,14.265481524111957
1025,1229,1182,1,3.960024365898536
1025,882,708,1,4.837510953567602
1025,882,885,2,2.852794790784161
1025,882,1102,1,7.314751476768936
1025,1276,1182,1,7.919661523440269
1025,1276,783,1,22.606377139254327
1025,1182,1229,1,3.960024365898536
1025,535,849,1,14.6134281539242
1025,783,1182,1,15.175538880502293
1025,783,834,1,7.689481736045675
1025,783,965,1,10.498093903671007
1025,965,1182,1,5.875748248781206
1026,834,783,4,7.689481736045675
1026,882,783,2,12.561839638690564
1026,965,1091,1,4.388654712140797
1026,885,1102,1,5.875878565174106
1026,1276,931,2,8.946223146223524
1026,1182,783,1,15.175538880502293
1026,849,834,1,14.265481524111957
1026,1182,1091,1,5.24631154396119
1026,1182,1102,1,6.120304815079837
1026,1182,1013,1,5.283249325636405
1026,882,834,1,4.883195120135012
1026,1276,1370,1,7.918112864657469
1026,917,882,1,7.68788945836583
1026,931,882,1,5.812636165404913
1026,931,834,1,10.694040075602611
1026,931,783,2,18.3740064075405
1026,708,783,2,10.697285568723771
1026,1102,1182,1,6.120304815079837
1026,1102,849,1,8.191991396325179
1026,1102,965,1,8.304116264398273
1026,849,931,1,4.4061387562478425
1026,783,834,1,7.689481736045675
1026,965,783,3,10.498093903671007
1026,1229,1102,1,3.8392690799482057
1026,1229,783,2,18.841160835534616
1027,1091,1182,1,5.24631154396119
1027,1091,783,1,10.241109598832232
1027,882,1276,1,12.01740314095659
1027,882,931,1,5.812636165404913
1027,1276,965,1,12.284417645367478
1027,1276,1229,1,3.959637309104105
1027,931,882,2,5.812636165404913
1027,931,834,1,10.694040075602611
1027,931,885,1,3.0617002345235647
1027,1182,931,1,9.422487826577225
1027,834,1182,1,9.674230674179531
1027,834,783,5,7.689481736045675
1027,1398,885,1,13.644566108710274
1027,1102,882,1,7.314751476768936
1027,849,855,1,5.706192977162224
1027,1013,917,1,9.763940751913996
1027,783,931,1,18.3740064075405
1028,882,783,1,12.561839638690564
1028,882,885,2,2.852794790784161
1028,1276,1068,1,8.66943360865319
1028,917,885,1,10.518632362833186
1028,931,849,1,4.4061387562478425
1028,931,783,2,18.3740064075405
1028,1182,1398,2,5.640321895106829
1028,834,659,1,5.284552964469467
1028,885,882,1,2.852794790784161
1028,885,834,1,7.688685710981335
1028,885,783,1,15.378166398318458
1028,783,882,1,12.561839638690564
1028,783,1182,3,15.175538880502293
1028,783,1091,1,10.241109598832232
1028,965,834,1,3.83986736177262
1028,965,783,1,10.498093903671007
1028,1229,1068,1,11.360488351411393
1029,882,783,2,12.561839638690564
1029,535,783,3,11.620421645142477
1029,566,783,1,5.876334276322891
1029,1106,783,3,22.318447076891776
1029,659,965,1,9.121352246650094
1029,1091,783,2,10.241109598832232
1029,1013,882,2,3.839767699909249
1029,1013,1182,2,5.283249325636405
1029,1068,1370,1,7.841426035905807
1029,1229,1013,1,5.640389822593795
1029,882,834,2,4.883195120135012
1029,659,783,3,5.809594285895007
1029,566,834,1,11.619599142411865
1029,849,508,1,9.342303526294996
1029,1229,834,1,12.569063966979074
1029,1276,783,2,22.606377139254327
1029,708,882,1,4.837510953567602
1029,834,783,8,7.689481736045675
1029,1106,1276,1,4.836798739645476
1029,672,783,2,17.445012141301472
1029,1229,1102,2,3.8392690799482057
1029,1229,783,3,18.841160835534616
1029,834,931,1,10.694040075602611
1029,834,1106,1,14.888705663916236
1029,834,965,1,3.83986736177262
1029,359,535,1,5.855067293961566
1029,885,882,1,2.852794790784161
1029,885,834,1,7.688685710981335
1029,885,672,1,5.876204136119103
1029,885,965,1,6.123119155303686
1029,659,708,1,5.815596432206299
1029,1398,535,4,22.421138353140684
1029,1102,885,1,5.875878565174106
1029,783,882,2,12.561839638690564
1029,783,1182,6,15.175538880502293
1030,1276,1229,1,3.959637309104105
1030,708,882,1,4.837510953567602
1030,882,885,1,2.852794790784161
1030,1106,849,1,6.739095652327052
1030,535,834,1,8.012842951904279
1030,965,1013,2,4.881725510082577
1030,882,834,1,4.883195120135012
1030,882,783,2,12.561839638690564
1030,931,965,1,8.628970001760946
1030,1182,783,1,15.175538880502293
1030,508,783,1,25.93420023872912
1030,834,1013,1,8.005172893624191
1030,834,783,4,7.689481736045675
1030,885,1106,1,7.965381677815221
1030,1091,1182,1,5.24631154396119
1030,1398,1229,2,5.282433425576492
1030,1102,783,1,18.800951364959644
1030,535,783,1,11.620421645142477
1030,1013,1091,1,7.92275625179966
1030,783,917,1,5.8083597500151045
1030,783,931,1,18.3740064075405
1030,783,1091,1,10.241109598832232
1030,783,849,1,21.903135562742808
1030,672,885,1,5.876204136119103
1030,965,783,1,10.498093903671007
1031,1106,1102,1,3.80171314717607
1031,1229,882,2,9.341474227178574
1031,885,1102,1,5.875878565174106
1031,1013,783,3,15.308499342485224
1031,885,1229,1,8.89559413156451
1031,882,708,1,4.837510953567602
1031,882,885,1,2.852794790784161
1031,1182,783,1,15.175538880502293
1031,508,882,1,15.909684277714634
1031,834,783,2,7.689481736045675
1031,1091,834,1,6.739095652327052
1031,783,1182,1,15.175538880502293
1031,783,834,3,7.689481736045675
1031,783,566,1,5.876334276322891
1031,1370,783,1,30.28578929187396
1031,965,1229,1,8.77672016628073
1032,885,882,1,2.852794790784161
1032,566,783,1,5.876334276322891
1032,882,708,1,4.837510953567602
1032,882,834,1,4.883195120135012
1032,882,783,2,12.561839638690564
1032,931,885,1,3.0617002345235647
1032,708,931,1,9.423506251261468
1032,834,783,4,7.689481736045675
1032,1091,834,1,6.739095652327052
1032,1102,783,1,18.800951364959644
1032,535,783,1,11.620421645142477
1032,783,882,1,12.561839638690564
1032,783,1276,1,22.606377139254327
1032,783,931,1,18.3740064075405
1032,783,834,2,7.689481736045675
1032,1370,783,1,30.28578929187396
1032,1068,855,1,5.87594370452583
1032,1068,783,1,26.525178301273773
1032,1229,1013,1,5.640389822593795
1032,1229,783,1,18.841160835534616
1033,834,882,7,4.883195120135012
1033,659,885,1,11.84843418422244
1033,1106,1102,1,3.80171314717607
1033,708,882,2,4.837510953567602
1033,672,834,1,10.50082625207165
1033,1276,1106,3,4.836798739645476
1033,708,834,2,4.389831624444016
1033,834,659,3,5.284552964469467
1033,659,834,2,5.284552964469467
1033,965,882,3,3.616965677313317
1033,965,834,4,3.83986736177262
1033,834,965,3,3.83986736177262
1033,885,882,1,2.852794790784161
1033,885,1276,1,10.705394585658723
1033,885,917,1,10.518632362833186
1033,1276,708,1,16.79773773026525
1033,1276,783,2,22.606377139254327
1033,834,917,1,3.617203703030827
1033,834,708,1,4.389831624444016
1033,885,931,2,3.0617002345235647
1033,885,708,2,6.511469320496247
1033,1091,1182,1,5.24631154396119
1033,1091,783,1,10.241109598832232
1033,1013,1229,1,5.640389822593795
1033,672,885,1,5.876204136119103
1033,882,931,1,5.812636165404913
1033,882,783,1,12.561839638690564
1033,1276,931,1,8.946223146223524
1033,931,885,1,3.0617002345235647
1033,1182,834,1,9.674230674179531
1033,708,1182,1,12.26833953852524
1033,708,783,1,10.697285568723771
1033,834,783,1,7.689481736045675
1033,1398,1276,1,7.438993890374081
1033,1102,1013,1,3.616251246210677
1033,535,783,1,11.620421645142477
1033,783,931,1,18.3740064075405
1033,965,1013,2,4.881725510082577
1033,1229,1102,1,3.8392690799482057
1034,965,882,1,3.616965677313317
1034,965,1106,1,11.884713829537391
1034,1276,1102,2,4.836798739646007
1034,708,885,1,6.511469320496247
1034,882,783,1,12.561839638690564
1034,1182,783,1,15.175538880502293
1034,1102,1229,2,3.8392690799482057
1034,1106,1013,1,7.015517581545067
1034,882,931,1,5.812636165404913
1034,882,708,1,4.837510953567602
1034,882,1013,1,3.839767699909249
1034,882,965,1,3.616965677313317
1034,917,965,1,4.882215518422521
1034,931,882,1,5.812636165404913
1034,931,783,1,18.3740064075405
1034,931,672,1,6.73915242731767
1034,1182,965,1,5.875748248781206
1034,708,659,1,5.815596432206299
1034,708,783,1,10.697285568723771
1034,834,882,2,4.883195120135012
1034,834,917,1,3.617203703030827
1034,834,885,1,7.688685710981335
1034,834,659,1,5.284552964469467
1034,834,783,1,7.689481736045675
1034,659,834,2,5.284552964469467
1034,1013,1276,1,8.190822817543284
1034,1013,783,1,15.308499342485224
1034,783,1182,1,15.175538880502293
1034,783,708,1,10.697285568723771
1034,783,834,1,7.689481736045675
1034,783,1091,1,10.241109598832232
1034,965,1013,1,4.881725510082577
1034,1229,931,1,8.28950012214804
1035,1276,783,1,22.606377139254327
1035,965,783,2,10.498093903671007
1035,882,931,1,5.812636165404913
1035,882,708,2,4.837510953567602
1035,882,834,1,4.883195120135012
1035,882,885,1,2.852794790784161
1035,882,783,1,12.561839638690564
1035,931,783,1,18.3740064075405
1035,1182,1091,1,5.24631154396119
1035,708,834,1,4.389831624444016
1035,708,783,1,10.697285568723771
1035,834,659,1,5.284552964469467
1035,834,783,6,7.689481736045675
1035,885,931,1,3.0617002345235647
1035,885,1013,1,3.46869779664105
1035,659,783,1,5.809594285895007
1035,1102,1229,1,3.8392690799482057
1035,1106,1102,1,3.80171314717607
1035,1013,1276,1,8.190822817543284
1035,783,834,1,7.689481736045675
1035,783,659,1,5.809594285895007
1035,783,566,1,5.876334276322891
1035,783,849,1,21.903135562742808
1035,783,1013,1,15.308499342485224
1035,783,965,1,10.498093903671007
1035,672,965,1,10.884705359638655
1035,965,882,1,3.616965677313317
1035,1229,965,1,8.77672016628073
1036,882,834,1,4.883195120135012
1036,882,885,2,2.852794790784161
1036,882,535,1,9.342211452816104
1036,882,783,1,12.561839638690564
1036,1276,1229,1,3.959637309104105
1036,931,882,1,5.812636165404913
1036,931,849,1,4.4061387562478425
1036,708,535,1,4.548441137468074
1036,708,783,2,10.697285568723771
1036,834,708,1,4.389831624444016
1036,834,659,1,5.284552964469467
1036,834,783,1,7.689481736045675
1036,885,1182,1,8.662721360426067
1036,885,834,1,7.688685710981335
1036,885,1102,1,5.875878565174106
1036,659,783,1,5.809594285895007
1036,1102,783,1,18.800951364959644
1036,1013,1182,1,5.283249325636405
1036,1013,885,1,3.46869779664105
1036,783,1276,1,22.606377139254327
1036,783,931,1,18.3740064075405
1036,783,1182,1,15.175538880502293
1036,783,834,4,7.689481736045675
1036,783,885,1,15.378166398318458
1036,965,882,1,3.616965677313317
1036,965,885,1,6.123119155303686
1036,965,1013,1,4.881725510082577
1036,1229,885,2,8.89559413156451
1037,1182,783,5,15.175538880502293
1037,1398,1276,3,7.438993890374081
1037,1398,1182,3,5.640321895106829
1037,1398,1091,6,9.6478124773512
1037,535,783,2,11.620421645142477
1037,1370,1276,1,7.918112864657469
1037,1276,1106,1,4.836798739645476
1037,965,783,2,10.498093903671007
1037,1068,882,1,14.033707701296978
1037,1276,1398,1,7.438993890374081
1037,1370,834,1,23.22436838511163
1037,1182,965,1,5.875748248781206
1037,882,885,1,2.852794790784161
1037,882,965,1,3.616965677313317
1037,1276,783,1,22.606377139254327
1037,917,783,1,5.8083597500151045
1037,931,882,1,5.812636165404913
1037,931,783,1,18.3740064075405
1037,708,783,1,10.697285568723771
1037,834,659,1,5.284552964469467
1037,834,535,1,8.012842951904279
1037,834,672,1,10.50082625207165
1037,885,783,1,15.378166398318458
1037,1091,882,1,7.965381677815221
1037,1106,783,1,22.318447076891776
1037,1013,885,1,3.46869779664105
1037,1013,1106,1,7.015517581545067
1037,783,917,1,5.8083597500151045
1037,783,834,3,7.689481736045675
1037,783,359,1,12.499801205497114
1037,965,882,1,3.616965677313317
1037,965,1182,1,5.875748248781206
1037,1229,783,1,18.841160835534616
1038,965,783,1,10.498093903671007
1038,672,885,1,5.876204136119103
1038,1068,783,1,26.525178301273773
1038,882,783,1,12.561839638690564
1038,882,965,1,3.616965677313317
1038,917,783,1,5.8083597500151045
1038,834,882,1,4.883195120135012
1038,834,708,1,4.389831624444016
1038,834,783,1,7.689481736045675
1038,885,708,1,6.511469320496247
1038,1102,783,1,18.800951364959644
1038,849,885,1,6.749102957431653
1038,1106,1276,1,4.836798739645476
1038,783,882,2,12.561839638690564
1038,783,1182,1,15.175538880502293
1038,783,834,2,7.689481736045675
1038,783,885,1,15.378166398318458
1038,783,659,1,5.809594285895007
1038,783,566,1,5.876334276322891
1038,965,834,1,3.83986736177262
1039,708,783,1,10.697285568723771
1039,1276,1013,1,8.190822817543284
1039,1276,1229,1,3.959637309104105
1039,708,834,1,4.389831624444016
1039,834,882,1,4.883195120135012
1039,834,931,2,10.694040075602611
1039,834,566,1,11.619599142411865
1039,834,783,2,7.689481736045675
1039,834,965,2,3.83986736177262
1039,885,931,1,3.0617002345235647
1039,885,834,1,7.688685710981335
1039,566,659,1,7.02219411294688
1039,1106,1102,1,3.80171314717607
1039,535,882,2,9.342211452816104
1039,783,834,1,7.689481736045675
1039,783,885,1,15.378166398318458
1039,783,1013,1,15.308499342485224
1039,965,834,1,3.83986736177262
1040,931,885,1,3.0617002345235647
1040,931,535,1,13.170081658182124
1040,1013,931,1,4.405443882921528
1040,1229,1276,1,3.959637309104105
1040,882,834,2,4.883195120135012
1040,882,885,1,2.852794790784161
1040,882,783,1,12.561839638690564
1040,1276,783,1,22.606377139254327
1040,834,882,1,4.883195120135012
1040,834,1276,1,15.929463663685272
1040,834,917,1,3.617203703030827
1040,834,783,1,7.689481736045675
1040,885,882,1,2.852794790784161
1040,885,931,1,3.0617002345235647
1040,885,1013,2,3.46869779664105
1040,1091,783,1,10.241109598832232
1040,1102,1229,1,3.8392690799482057
1040,783,917,2,5.8083597500151045
1040,783,931,1,18.3740064075405
1040,783,708,1,10.697285568723771
1040,783,834,1,7.689481736045675
1040,783,885,1,15.378166398318458
1040,783,566,1,5.876334276322891
1040,783,1106,2,22.318447076891776
1040,783,1068,1,26.525178301273773
1040,965,917,1,4.882215518422521
1040,965,885,1,6.123119155303686
1041,965,783,2,10.498093903671007
1041,508,783,1,25.93420023872912
1041,672,783,1,17.445012141301472
1041,917,783,2,5.8083597500151045
1041,708,535,1,4.548441137468074
1041,708,882,2,4.837510953567602
1041,834,965,1,3.83986736177262
1041,1106,1102,1,3.80171314717607
1041,1106,1229,1,6.605818539698737
1041,965,882,1,3.616965677313317
1041,882,885,1,2.852794790784161
1041,882,965,1,3.616965677313317
1041,1276,1229,1,3.959637309104105
1041,855,885,1,12.412669367198909
1041,931,849,1,4.4061387562478425
1041,834,708,1,4.389831624444016
1041,834,783,2,7.689481736045675
1041,885,931,1,3.0617002345235647
1041,659,834,1,5.284552964469467
1041,1091,783,1,10.241109598832232
1041,1102,1091,1,10.454710779351652
1041,1106,1276,1,4.836798739645476
1041,1013,708,1,8.663428210145081
1041,1013,834,1,8.005172893624191
1041,783,931,1,18.3740064075405
1041,783,659,1,5.809594285895007
1041,783,1102,1,18.800951364959644
1041,1229,783,1,18.841160835534616
1042,708,931,1,9.423506251261468
1042,834,659,1,5.284552964469467
1042,965,917,1,4.882215518422521
1042,965,834,1,3.83986736177262
1042,882,834,1,4.883195120135012
1042,1276,1229,1,3.959637309104105
1042,931,834,1,10.694040075602611
1042,1182,1013,1,5.283249325636405
1042,708,882,1,4.837510953567602
1042,834,1091,1,6.739095652327052
1042,885,931,1,3.0617002345235647
1042,885,834,1,7.688685710981335
1042,885,965,2,6.123119155303686
1042,1398,1182,1,5.640321895106829
1042,1102,931,1,4.548251915941359
1042,1102,1229,1,3.8392690799482057
1042,535,708,1,4.548441137468074
1042,535,359,1,5.855067293961566
1042,783,217,1,15.9168375789092
1042,783,882,1,12.561839638690564
1042,783,1182,1,15.175538880502293
1042,1229,1276,1,3.959637309104105
1043,834,882,2,4.883195120135012
1043,882,885,1,2.852794790784161
1043,931,1102,1,4.548251915941359
1043,1182,965,1,5.875748248781206
1043,708,882,1,4.837510953567602
1043,834,885,1,7.688685710981335
1043,834,659,1,5.284552964469467
1043,885,882,1,2.852794790784161
1043,885,849,1,6.749102957431653
1043,1013,965,2,4.881725510082577
1043,783,708,1,10.697285568723771
1043,783,1091,1,10.241109598832232
1043,783,1013,1,15.308499342485224
1043,1229,965,1,8.77672016628073
1044,708,659,1,5.815596432206299
1044,1102,1229,1,3.8392690799482057
1044,882,834,1,4.883195120135012
1044,882,965,1,3.616965677313317
1044,917,1182,1,9.422487826578177
1044,1182,783,1,15.175538880502293
1044,1182,965,1,5.875748248781206
1044,885,917,1,10.518632362833186
1044,885,931,1,3.0617002345235647
1044,885,1398,1,13.644566108710274
1044,885,849,1,6.749102957431653
1044,659,783,1,5.809594285895007
1044,1013,672,1,9.341935125969725
1044,783,931,1,18.3740064075405
1044,783,834,1,7.689481736045675
1044,965,1091,1,4.388654712140797
1044,965,783,1,10.498093903671007
1045,834,965,5,3.83986736177262
1045,1398,1182,1,5.640321895106829
1045,1435,1398,1,5.805514364498899
1045,1102,1229,1,3.8392690799482057
1045,672,931,1,6.73915242731767
1045,885,1013,2,3.46869779664105
1045,882,708,1,4.837510953567602
1045,1276,1106,2,4.836798739645476
1045,1276,535,1,21.16000916395143
1045,931,834,1,10.694040075602611
1045,1182,783,1,15.175538880502293
1045,708,885,1,6.511469320496247
1045,708,535,1,4.548441137468074
1045,834,708,1,4.389831624444016
1045,659,834,1,5.284552964469467
1045,659,566,1,7.02219411294688
1045,1106,1276,1,4.836798739645476
1045,535,834,1,8.012842951904279
1045,1013,882,1,3.839767699909249
1045,783,1091,1,10.241109598832232
1045,783,965,1,10.498093903671007
1045,965,1091,1,4.388654712140797
1046,708,834,2,4.389831624444016
1046,1013,1182,1,5.283249325636405
1046,882,965,1,3.616965677313317
1046,834,659,1,5.284552964469467
1046,885,882,1,2.852794790784161
1046,931,885,1,3.0617002345235647
1046,834,849,1,14.265481524111957
1046,834,535,1,8.012842951904279
1046,1106,1102,1,3.80171314717607
1046,1013,1106,1,7.015517581545067
1046,783,508,1,25.93420023872912
1046,783,834,1,7.689481736045675
1046,783,1091,1,10.241109598832232
1046,783,1102,1,18.800951364959644
1046,783,566,1,5.876334276322891
1046,783,535,1,11.620421645142477
1046,965,1102,1,8.304116264398273
1046,1229,1106,1,6.605818539698737
1046,1229,1013,1,5.640389822593795
1047,834,917,1,3.617203703030827
1047,882,783,1,12.561839638690564
1047,1102,882,1,7.314751476768936
1047,1102,359,1,22.082567640661683
1047,1102,1013,1,3.616251246210677
1047,931,882,1,5.812636165404913
1047,931,1229,1,8.28950012214804
1047,834,659,2,5.284552964469467
1047,885,672,1,5.876204136119103
1047,535,882,1,9.342211452816104
1047,1013,1106,1,7.015517581545067
1047,783,1013,1,15.308499342485224
1047,783,965,1,10.498093903671007
1047,965,882,1,3.616965677313317
1047,965,885,1,6.123119155303686
1047,965,1102,1,8.304116264398273
1047,965,1013,1,4.881725510082577
1048,882,885,1,2.852794790784161
1048,882,965,1,3.616965677313317
1048,1102,1229,1,3.8392690799482057
1048,882,931,1,5.812636165404913
1048,882,834,1,4.883195120135012
1048,1276,1068,1,8.66943360865319
1048,931,1102,1,4.548251915941359
1048,1182,1398,1,5.640321895106829
1048,885,849,1,6.749102957431653
1048,659,783,1,5.809594285895007
1048,1106,1102,1,3.80171314717607
1048,783,508,1,25.93420023872912
1048,783,659,1,5.809594285895007
1048,783,849,1,21.903135562742808
1048,783,1068,1,26.525178301273773
1048,783,1229,2,18.841160835534616
1048,965,882,3,3.616965677313317
1048,1229,1398,1,5.282433425576492
1048,1229,1068,1,11.360488351411393
1049,708,834,2,4.389831624444016
1049,882,885,4,2.852794790784161
1049,834,783,3,7.689481736045675
1049,882,708,2,4.837510953567602
1049,1276,1106,2,4.836798739645476
1049,708,882,2,4.837510953567602
1049,708,965,1,6.739138237495128
1049,834,965,2,3.83986736177262
1049,885,882,1,2.852794790784161
1049,1102,965,1,8.304116264398273
1049,882,659,1,9.424155624926374
1049,882,849,1,9.574606006915822
1049,931,1276,1,8.946223146223524
1049,1182,965,1,5.875748248781206
1049,508,783,1,25.93420023872912
1049,834,1276,1,15.929463663685272
1049,834,1091,2,6.739095652327052
1049,834,1102,1,11.614659746948035
1049,359,882,1,14.913468445035848
1049,885,1102,1,5.875878565174106
1049,885,1013,1,3.46869779664105
1049,1102,1276,1,4.836798739646007
1049,849,931,1,4.4061387562478425
1049,1106,1102,1,3.80171314717607
1049,535,834,1,8.012842951904279
1049,783,1276,1,22.606377139254327
1049,783,917,1,5.8083597500151045
1049,783,855,1,27.60378823743443
1049,783,834,1,7.689481736045675
1049,783,1091,1,10.241109598832232
1049,783,1229,1,18.841160835534616
1049,672,931,1,6.73915242731767
1049,965,1091,1,4.388654712140797
1049,965,1398,1,11.479089287938937
1049,1229,1276,1,3.959637309104105
1050,708,359,1,10.088438580081291
1050,885,834,3,7.688685710981335
1050,834,708,1,4.389831624444016
1050,834,359,3,12.378619633278529
1050,882,535,1,9.342211452816104
1050,965,882,2,3.616965677313317
1050,965,834,1,3.83986736177262
1050,882,708,2,4.837510953567602
1050,882,965,1,3.616965677313317
1050,1276,1398,1,7.438993890374081
1050,931,882,1,5.812636165404913
1050,931,849,1,4.4061387562478425
1050,931,1229,1,8.28950012214804
1050,1182,849,1,13.728760504847472
1050,708,1013,1,8.663428210145081
1050,885,1091,1,10.203820878312005
1050,849,508,1,9.342303526294996
1050,1013,1229,1,5.640389822593795
1050,783,1276,1,22.606377139254327
1050,783,659,1,5.809594285895007
1050,783,965,1,10.498093903671007
1050,783,1068,1,26.525178301273773
1050,965,1091,1,4.388654712140797
1051,834,708,2,4.389831624444016
1051,882,834,2,4.883195120135012
1051,834,882,2,4.883195120135012
1051,882,855,1,15.256284869872443
1051,708,834,1,4.389831624444016
1051,708,885,1,6.511469320496247
1051,708,849,1,11.8916662824573
1051,659,566,1,7.02219411294688
1051,1091,1182,1,5.24631154396119
1051,1102,882,1,7.314751476768936
1051,1102,1106,1,3.80171314717607
1051,1102,1229,1,3.8392690799482057
1051,849,931,2,4.4061387562478425
1051,1106,931,1,5.283575443416337
1051,1013,1182,1,5.283249325636405
1051,783,1276,1,22.606377139254327
1051,783,1182,1,15.175538880502293
1051,783,708,1,10.697285568723771
1051,783,1106,1,22.318447076891776
1051,965,882,1,3.616965677313317
1051,965,834,1,3.83986736177262
1051,1229,708,1,14.16486062369625
1052,834,885,1,7.688685710981335
1052,834,659,2,5.284552964469467
1052,885,965,1,6.123119155303686
1052,882,885,2,2.852794790784161
1052,882,1102,1,7.314751476768936
1052,931,1106,2,5.283575443416337
1052,1182,1398,1,5.640321895106829
1052,834,783,1,7.689481736045675
1052,882,708,1,4.837510953567602
1052,931,855,1,9.765900232263595
1052,1182,885,1,8.662721360426067
1052,1182,1102,1,6.120304815079837
1052,659,708,2,5.815596432206299
1052,1102,1229,1,3.8392690799482057
1052,783,1182,1,15.175538880502293
1052,965,1013,1,4.881725510082577
1052,1068,931,1,8.304853837171269
1052,1229,1276,1,3.959637309104105
1053,882,783,1,12.561839638690564
1053,1370,535,1,27.18900163167172
1053,834,1013,1,8.005172893624191
1053,885,882,2,2.852794790784161
1053,885,834,1,7.688685710981335
1053,885,672,2,5.876204136119103
1053,885,1229,1,8.89559413156451
1053,1370,855,1,13.377197086368376
1053,882,1013,1,3.839767699909249
1053,965,882,2,3.616965677313317
1053,1276,783,1,22.606377139254327
1053,931,1013,1,4.405443882921528
1053,931,965,1,8.628970001760946
1053,708,849,1,11.8916662824573
1053,834,708,2,4.389831624444016
1053,659,834,1,5.284552964469467
1053,1102,1276,1,4.836798739646007
1053,1102,1229,1,3.8392690799482057
1053,1106,834,1,14.888705663916236
1053,1013,1091,1,7.92275625179966
1053,1013,849,1,8.811582411969269
1053,783,566,1,5.876334276322891
1053,1370,849,1,14.16435382667801
1053,1229,882,1,9.341474227178574
1054,834,672,1,10.50082625207165
1054,834,965,2,3.83986736177262
1054,882,708,1,4.837510953567602
1054,882,1102,1,7.314751476768936
1054,882,1182,1,7.841474878454721
1054,882,885,1,2.852794790784161
1054,882,1013,1,3.839767699909249
1054,1276,1106,1,4.836798739645476
1054,1182,1106,1,9.760018472127422
1054,708,359,1,10.088438580081291
1054,708,535,1,4.548441137468074
1054,708,1013,1,8.663428210145081
1054,885,672,1,5.876204136119103
1054,535,834,1,8.012842951904279
1054,1013,882,1,3.839767699909249
1054,783,917,1,5.8083597500151045
1054,783,1091,1,10.241109598832232
1054,783,849,1,21.903135562742808
1054,783,535,1,11.620421645142477
1054,783,672,1,17.445012141301472
1054,783,965,1,10.498093903671007
1054,965,1091,1,4.388654712140797
1055,965,1102,1,8.304116264398273
1055,882,1229,1,9.341474227178574
1055,834,965,1,3.83986736177262
1055,885,882,1,2.852794790784161
1055,1091,834,1,6.739095652327052
1055,1102,1229,1,3.8392690799482057
1055,1106,1102,1,3.80171314717607
1055,783,882,2,12.561839638690564
1055,783,917,1,5.8083597500151045
1055,783,708,1,10.697285568723771
1055,783,1435,1,17.957022310236383
1055,783,535,1,11.620421645142477
1055,783,965,1,10.498093903671007
1055,672,849,1,6.511836392511076
1056,1102,882,1,7.314751476768936
1056,882,535,1,9.342211452816104
1056,882,834,1,4.883195120135012
1056,882,885,1,2.852794790784161
1056,1276,1229,1,3.959637309104105
1056,708,535,1,4.548441137468074
1056,708,1229,1,14.16486062369625
1056,834,965,1,3.83986736177262
1056,885,882,1,2.852794790784161
1056,885,708,1,6.511469320496247
1056,849,885,1,6.749102957431653
1056,1106,1276,1,4.836798739645476
1056,783,931,1,18.3740064075405
1056,783,1013,1,15.308499342485224
1056,965,882,1,3.616965677313317
1056,965,1182,1,5.875748248781206
1056,1229,783,1,18.841160835534616
1057,834,672,1,10.50082625207165
1057,931,849,3,4.4061387562478425
1057,1370,1276,1,7.918112864657469
1057,931,885,1,3.0617002345235647
1057,834,1276,1,15.929463663685272
1057,834,1068,1,18.901027647971706
1057,882,708,2,4.837510953567602
1057,882,1102,1,7.314751476768936
1057,882,849,1,9.574606006915822
1057,882,931,1,5.812636165404913
1057,882,834,1,4.883195120135012
1057,834,931,1,10.694040075602611
1057,885,708,1,6.511469320496247
1057,885,965,1,6.123119155303686
1057,1106,1102,1,3.80171314717607
1057,1013,834,1,8.005172893624191
1057,1013,885,1,3.46869779664105
1058,834,708,1,4.389831624444016
1058,834,783,1,7.689481736045675
1058,1276,885,1,10.705394585658723
1058,708,834,1,4.389831624444016
1058,885,931,2,3.0617002345235647
1058,659,566,1,7.02219411294688
1058,1091,1435,1,8.895594131564904
1058,1102,1229,1,3.8392690799482057
1058,1106,672,1,11.752082528572066
1058,965,1013,1,4.881725510082577
1058,1229,965,1,8.77672016628073
1059,931,1102,1,4.548251915941359
1059,708,885,1,6.511469320496247
1059,834,931,1,10.694040075602611
1059,885,1229,1,8.89559413156451
1059,783,1013,1,15.308499342485224
1060,1398,1435,1,5.805514364498899
1061,882,931,1,5.812636165404913
1061,882,1398,1,13.343391197346763
1061,882,672,1,7.316385892068044
1061,834,535,2,8.012842951904279
1061,882,885,2,2.852794790784161
1061,834,965,2,3.83986736177262
1061,1091,834,1,6.739095652327052
1062,1013,885,1,3.46869779664105
1063,1102,1276,1,4.836798739646007
1064,1091,783,1,10.241109598832232
1064,1398,783,1,19.874616662347663
1065,882,834,1,4.883195120135012
1065,882,965,2,3.616965677313317
1065,882,672,1,7.316385892068044
1065,849,783,2,21.903135562742808
1065,1106,783,1,22.318447076891776
1066,885,855,1,12.412669367198909
1066,1102,882,1,7.314751476768936
1066,783,849,1,21.903135562742808
1066,1068,783,1,26.525178301273773
1066,1229,783,2,18.841160835534616
1067,882,783,1,12.561839638690564
1067,1276,783,1,22.606377139254327
1067,931,783,1,18.3740064075405
1067,834,1091,1,6.739095652327052
1067,1102,783,1,18.800951364959644
1067,566,783,2,5.876334276322891
1067,535,708,1,4.548441137468074
1067,535,783,5,11.620421645142477
1067,783,885,1,15.378166398318458
1067,1068,783,1,26.525178301273773
1067,1229,783,1,18.841160835534616
1068,1276,783,1,22.606377139254327
1068,1276,1229,1,3.959637309104105
1068,917,783,1,5.8083597500151045
1068,931,783,3,18.3740064075405
1068,1182,783,1,15.175538880502293
1068,508,849,1,9.342303526294996
1068,834,783,1,7.689481736045675
1068,359,783,1,12.499801205497114
1068,885,882,1,2.852794790784161
1068,659,783,1,5.809594285895007
1068,1091,783,3,10.241109598832232
1068,1398,783,1,19.874616662347663
1068,849,783,3,21.903135562742808
1068,535,783,1,11.620421645142477
1068,965,783,2,10.498093903671007
1068,1229,783,3,18.841160835534616
1069,885,783,2,15.378166398318458
1069,882,783,1,12.561839638690564
1069,1102,1013,1,3.616251246210677
1069,1106,783,2,22.318447076891776
1069,1013,783,1,15.308499342485224
1069,1068,783,1,26.525178301273773
1069,882,885,2,2.852794790784161
1069,659,783,1,5.809594285895007
1069,1102,783,1,18.800951364959644
1069,1276,1106,1,4.836798739645476
1069,855,849,1,5.706192977162224
1069,931,783,1,18.3740064075405
1069,1182,882,1,7.841474878454721
1069,708,885,1,6.511469320496247
1069,508,849,1,9.342303526294996
1069,359,783,1,12.499801205497114
1069,885,882,1,2.852794790784161
1069,885,965,1,6.123119155303686
1069,659,834,1,5.284552964469467
1069,566,783,1,5.876334276322891
1069,849,931,1,4.4061387562478425
1069,535,783,1,11.620421645142477
1069,965,783,1,10.498093903671007
1069,1229,1102,2,3.8392690799482057
1070,885,783,3,15.378166398318458
1070,1102,783,1,18.800951364959644
1070,834,882,1,4.883195120135012
1070,965,882,1,3.616965677313317
1070,882,885,1,2.852794790784161
1070,882,783,1,12.561839638690564
1070,1276,1229,1,3.959637309104105
1070,931,882,1,5.812636165404913
1070,1398,1276,1,7.438993890374081
1070,566,783,2,5.876334276322891
1070,1106,1276,1,4.836798739645476
1070,1013,885,1,3.46869779664105
1070,672,783,1,17.445012141301472
1071,1229,783,1,18.841160835534616
1071,855,783,1,27.60378823743443
1071,885,1102,1,5.875878565174106
1071,1091,783,2,10.241109598832232
1071,566,783,1,5.876334276322891
1071,849,834,2,14.265481524111957
1071,849,783,1,21.903135562742808
1072,834,882,1,4.883195120135012
1072,882,834,1,4.883195120135012
1072,1276,1106,1,4.836798739645476
1072,1276,783,1,22.606377139254327
1072,834,1182,1,9.674230674179531
1072,885,965,1,6.123119155303686
1072,1091,1182,1,5.24631154396119
1072,1398,783,1,19.874616662347663
1072,1102,1106,1,3.80171314717607
1072,672,1013,1,9.341935125969725
1073,1013,783,1,15.308499342485224
1073,659,783,6,5.809594285895007
1073,917,783,4,5.8083597500151045
1073,931,783,5,18.3740064075405
1073,708,535,1,4.548441137468074
1073,508,783,1,25.93420023872912
1073,834,783,9,7.689481736045675
1073,535,783,5,11.620421645142477
1073,965,882,1,3.616965677313317
1073,965,885,1,6.123119155303686
1073,708,783,2,10.697285568723771
1073,1106,1276,1,4.836798739645476
1073,965,783,4,10.498093903671007
1073,1229,783,2,18.841160835534616
1073,931,885,3,3.0617002345235647
1073,1106,1068,1,4.880745078525951
1073,535,708,1,4.548441137468074
1073,965,1013,1,4.881725510082577
1073,931,882,2,5.812636165404913
1073,1182,783,3,15.175538880502293
1073,1013,885,2,3.46869779664105
1073,1229,1182,1,3.960024365898536
1073,1229,1102,1,3.8392690799482057
1073,882,708,2,4.837510953567602
1073,917,1091,1,4.837115435970083
1073,931,965,1,8.628970001760946
1073,834,1182,1,9.674230674179531
1073,834,965,1,3.83986736177262
1073,885,1102,1,5.875878565174106
1073,1398,834,1,15.216349824005198
1073,566,783,1,5.876334276322891
1073,783,659,2,5.809594285895007
1074,834,783,1,7.689481736045675
1074,535,834,1,8.012842951904279
1074,885,783,1,15.378166398318458
1074,882,885,2,2.852794790784161
1074,882,783,1,12.561839638690564
1074,965,834,2,3.83986736177262
1074,1276,1102,1,4.836798739646007
1074,708,535,1,4.548441137468074
1074,708,783,1,10.697285568723771
1074,659,708,1,5.815596432206299
1074,659,834,1,5.284552964469467
1074,1102,1013,1,3.616251246210677
1074,849,885,1,6.749102957431653
1074,1106,1102,1,3.80171314717607
1074,1106,849,1,6.739095652327052
1074,1013,931,1,4.405443882921528
1074,1013,1398,1,10.186376382121452
1074,783,1182,1,15.175538880502293
1074,783,834,1,7.689481736045675
1075,834,783,3,7.689481736045675
1075,1398,1229,1,5.282433425576492
1075,849,885,1,6.749102957431653
1075,1013,672,1,9.341935125969725
1075,931,1229,1,8.28950012214804
1075,1182,849,1,13.728760504847472
1075,1182,783,1,15.175538880502293
1075,708,834,1,4.389831624444016
1075,834,882,1,4.883195120135012
1075,834,1182,1,9.674230674179531
1075,885,882,3,2.852794790784161
1075,535,783,1,11.620421645142477
1075,783,834,3,7.689481736045675
1075,783,659,1,5.809594285895007
1075,1068,885,1,11.364565785437158
1076,834,783,2,7.689481736045675
1076,1229,931,1,8.28950012214804
1076,1229,834,1,12.569063966979074
1076,882,834,4,4.883195120135012
1076,855,783,1,27.60378823743443
1076,708,834,1,4.389831624444016
1076,834,882,1,4.883195120135012
1076,834,1013,1,8.005172893624191
1076,359,783,1,12.499801205497114
1076,885,834,1,7.688685710981335
1076,885,783,1,15.378166398318458
1076,659,783,1,5.809594285895007
1076,849,783,1,21.903135562742808
1076,783,834,1,7.689481736045675
1076,783,659,1,5.809594285895007
1076,783,965,1,10.498093903671007
1077,917,783,3,5.8083597500151045
1077,834,783,10,7.689481736045675
1077,931,917,1,13.311633056624624
1077,931,849,2,4.4061387562478425
1077,882,1091,1,7.965381677815221
1077,1276,834,1,15.929463663685272
1077,1276,849,1,11.479314497557898
1077,1276,783,2,22.606377139254327
1077,917,834,2,3.617203703030827
1077,931,882,1,5.812636165404913
1077,508,855,1,9.342303526295408
1077,1398,1229,1,5.282433425576492
1077,1013,672,2,9.341935125969725
1077,1013,965,2,4.881725510082577
1077,882,885,3,2.852794790784161
1077,1276,1068,1,8.66943360865319
1077,1276,1229,1,3.959637309104105
1077,566,783,1,5.876334276322891
1077,1106,783,2,22.318447076891776
1077,882,783,1,12.561839638690564
1077,882,965,1,3.616965677313317
1077,931,783,2,18.3740064075405
1077,659,783,1,5.809594285895007
1077,849,855,1,5.706192977162224
1077,965,882,1,3.616965677313317
1077,965,834,2,3.83986736177262
1077,965,885,2,6.123119155303686
1077,1068,885,1,11.364565785437158
1077,1229,849,1,12.017793437809017
1077,1229,783,2,18.841160835534616
1077,882,834,1,4.883195120135012
1077,882,849,1,9.574606006915822
1077,1276,1106,1,4.836798739645476
1077,931,1106,1,5.283575443416337
1077,931,1013,1,4.405443882921528
1077,1182,834,1,9.674230674179531
1077,834,882,3,4.883195120135012
1077,834,535,1,8.012842951904279
1077,885,882,1,2.852794790784161
1077,659,1182,1,14.91126931871612
1077,1091,885,1,10.203820878312005
1077,1102,885,1,5.875878565174106
1077,1013,885,1,3.46869779664105
1077,783,834,1,7.689481736045675
1077,783,659,2,5.809594285895007
1077,783,849,1,21.903135562742808
1077,783,535,1,11.620421645142477
1077,783,1229,1,18.841160835534616
1077,965,783,1,10.498093903671007
1077,1229,1102,1,3.8392690799482057
1078,882,708,1,4.837510953567602
1078,1229,783,2,18.841160835534616
1078,1182,783,1,15.175538880502293
1078,535,1276,1,21.16000916395143
1078,1068,783,1,26.525178301273773
1078,882,834,1,4.883195120135012
1078,917,834,1,3.617203703030827
1078,834,783,2,7.689481736045675
1078,834,965,1,3.83986736177262
1078,885,931,1,3.0617002345235647
1078,1102,1276,1,4.836798739646007
1078,849,931,2,4.4061387562478425
1078,849,508,1,9.342303526294996
1078,1106,1102,1,3.80171314717607
1078,1013,931,1,4.405443882921528
1078,783,834,1,7.689481736045675
1078,965,834,1,3.83986736177262
1078,1229,1276,1,3.959637309104105
1079,1276,882,1,12.01740314095659
1079,931,885,2,3.0617002345235647
1079,931,1091,1,12.243987029703826
1079,1276,783,1,22.606377139254327
1079,931,849,1,4.4061387562478425
1079,882,834,2,4.883195120135012
1079,882,885,1,2.852794790784161
1079,1276,1068,1,8.66943360865319
1079,708,659,1,5.815596432206299
1079,834,882,4,4.883195120135012
1079,834,708,1,4.389831624444016
1079,834,659,1,5.284552964469467
1079,834,965,1,3.83986736177262
1079,834,1229,1,12.569063966979074
1079,885,882,1,2.852794790784161
1079,885,672,1,5.876204136119103
1079,659,783,2,5.809594285895007
1079,1091,1013,1,7.92275625179966
1079,849,931,1,4.4061387562478425
1079,535,708,1,4.548441137468074
1079,783,882,1,12.561839638690564
1079,783,855,1,27.60378823743443
1079,783,834,2,7.689481736045675
1079,783,659,1,5.809594285895007
1079,965,882,2,3.616965677313317
1080,708,885,1,6.511469320496247
1080,659,834,1,5.284552964469467
1080,882,834,2,4.883195120135012
1080,882,783,1,12.561839638690564
1080,931,882,1,5.812636165404913
1080,708,659,1,5.815596432206299
1080,834,882,3,4.883195120135012
1080,834,931,1,10.694040075602611
1080,834,885,1,7.688685710981335
1080,834,783,1,7.689481736045675
1080,885,882,2,2.852794790784161
1080,885,965,1,6.123119155303686
1080,659,783,1,5.809594285895007
1080,1102,885,1,5.875878565174106
1080,849,659,1,17.69046303867574
1080,1013,783,1,15.308499342485224
1080,783,708,1,10.697285568723771
1080,783,834,1,7.689481736045675
1080,783,659,1,5.809594285895007
1080,783,965,1,10.498093903671007
1080,965,834,1,3.83986736177262
1080,965,783,1,10.498093903671007
1080,1229,1102,1,3.8392690799482057
1081,1229,783,3,18.841160835534616
1081,1182,783,1,15.175538880502293
1081,708,783,6,10.697285568723771
1081,931,783,2,18.3740064075405
1081,1013,1370,1,15.22257692845342
1081,917,783,1,5.8083597500151045
1081,1013,849,1,8.811582411969269
1081,931,882,1,5.812636165404913
1081,834,965,2,3.83986736177262
1081,1102,931,1,4.548251915941359
1081,535,783,1,11.620421645142477
1081,882,931,3,5.812636165404913
1081,882,885,2,2.852794790784161
1081,882,672,1,7.316385892068044
1081,834,882,2,4.883195120135012
1081,834,783,1,7.689481736045675
1081,885,882,2,2.852794790784161
1081,885,834,1,7.688685710981335
1081,885,672,1,5.876204136119103
1081,659,834,1,5.284552964469467
1081,659,535,1,5.810827883107414
1081,1091,783,1,10.241109598832232
1081,1102,1229,1,3.8392690799482057
1081,1106,1068,1,4.880745078525951
1081,1013,882,1,3.839767699909249
1081,783,708,2,10.697285568723771
1081,783,659,1,5.809594285895007
1081,783,535,1,11.620421645142477
1081,783,965,2,10.498093903671007
1081,965,882,1,3.616965677313317
1081,965,834,1,3.83986736177262
1081,1229,965,1,8.77672016628073
1082,708,834,1,4.389831624444016
1082,965,882,2,3.616965677313317
1082,882,783,1,12.561839638690564
1082,882,1229,1,9.341474227178574
1082,931,885,1,3.0617002345235647
1082,931,849,1,4.4061387562478425
1082,931,1068,1,8.304853837171269
1082,708,965,1,6.739138237495128
1082,834,931,1,10.694040075602611
1082,834,783,3,7.689481736045675
1082,885,708,1,6.511469320496247
1082,659,882,1,9.424155624926374
1082,659,834,1,5.284552964469467
1082,659,783,1,5.809594285895007
1082,535,708,1,4.548441137468074
1082,783,1182,1,15.175538880502293
1082,783,834,1,7.689481736045675
1082,965,783,1,10.498093903671007
1082,1068,783,1,26.525178301273773
1082,1229,1013,1,5.640389822593795
1083,1013,1229,1,5.640389822593795
1083,1182,931,1,9.422487826577225
1083,708,659,1,5.815596432206299
1083,708,535,1,4.548441137468074
1083,834,882,1,4.883195120135012
1083,931,834,1,10.694040075602611
1083,931,885,2,3.0617002345235647
1083,834,783,1,7.689481736045675
1083,834,965,1,3.83986736177262
1083,885,882,2,2.852794790784161
1083,849,672,1,6.511836392511076
1083,535,882,1,9.342211452816104
1083,783,931,1,18.3740064075405
1083,783,1182,1,15.175538880502293
1083,783,566,1,5.876334276322891
1083,965,1091,1,4.388654712140797
1083,1068,783,1,26.525178301273773
1083,1229,1102,1,3.8392690799482057
1084,1182,965,1,5.875748248781206
1084,566,783,1,5.876334276322891
1084,931,1068,1,8.304853837171269
1084,834,885,1,7.688685710981335
1084,659,834,1,5.284552964469467
1084,1102,1229,1,3.8392690799482057
1084,535,882,1,9.342211452816104
1084,1229,1276,1,3.959637309104105
1084,882,917,1,7.68788945836583
1084,882,834,1,4.883195120135012
1084,882,885,1,2.852794790784161
1084,882,1398,1,13.343391197346763
1084,885,1276,1,10.705394585658723
1084,885,783,1,15.378166398318458
1084,1091,965,1,4.388654712140797
1084,783,1182,3,15.175538880502293
1084,783,659,1,5.809594285895007
1084,783,1091,1,10.241109598832232
1084,783,965,1,10.498093903671007
1084,783,1068,1,26.525178301273773
1084,965,1276,1,12.284417645367478
1084,965,917,1,4.882215518422521
1084,965,834,1,3.83986736177262
1085,1229,783,2,18.841160835534616
1085,1276,885,1,10.705394585658723
1085,1276,1106,1,4.836798739645476
1085,1276,783,6,22.606377139254327
1085,1091,1182,3,5.24631154396119
1085,1106,885,1,7.965381677815221
1085,1013,1182,1,5.283249325636405
1085,1013,965,3,4.881725510082577
1085,917,1091,1,4.837115435970083
1085,1182,1229,1,3.960024365898536
1085,708,783,3,10.697285568723771
1085,1106,1276,2,4.836798739645476
1085,1106,834,1,14.888705663916236
1085,1013,834,2,8.005172893624191
1085,1276,1102,1,4.836798739646007
1085,834,885,1,7.688685710981335
1085,885,931,2,3.0617002345235647
1085,885,1182,1,8.662721360426067
1085,659,783,2,5.809594285895007
1085,708,885,1,6.511469320496247
1085,834,659,2,5.284552964469467
1085,834,783,5,7.689481736045675
1085,885,882,2,2.852794790784161
1085,885,834,1,7.688685710981335
1085,1106,783,1,22.318447076891776
1085,535,708,1,4.548441137468074
1085,882,885,1,2.852794790784161
1085,882,965,1,3.616965677313317
1085,1276,1229,1,3.959637309104105
1085,834,882,1,4.883195120135012
1085,659,965,1,9.121352246650094
1085,1102,1276,1,4.836798739646007
1085,783,882,1,12.561839638690564
1085,783,855,1,27.60378823743443
1085,783,834,1,7.689481736045675
1085,783,1068,1,26.525178301273773
1085,965,882,1,3.616965677313317
1085,965,834,1,3.83986736177262
1085,965,783,1,10.498093903671007
1085,1068,783,1,26.525178301273773
1085,1229,1276,1,3.959637309104105
1086,1229,783,1,18.841160835534616
1086,834,535,1,8.012842951904279
1086,1102,1106,1,3.80171314717607
1086,882,885,3,2.852794790784161
1086,882,708,1,4.837510953567602
1086,882,965,1,3.616965677313317
1086,917,783,1,5.8083597500151045
1086,708,783,1,10.697285568723771
1086,834,783,3,7.689481736045675
1086,834,672,1,10.50082625207165
1086,834,965,1,3.83986736177262
1086,885,931,1,3.0617002345235647
1086,885,849,1,6.749102957431653
1086,885,1106,1,7.965381677815221
1086,659,834,1,5.284552964469467
1086,1398,1229,1,5.282433425576492
1086,1106,1102,1,3.80171314717607
1086,783,931,1,18.3740064075405
1086,783,708,1,10.697285568723771
1086,783,965,1,10.498093903671007
1086,1229,1102,1,3.8392690799482057
1087,535,783,1,11.620421645142477
1087,708,359,1,10.088438580081291
1087,708,849,1,11.8916662824573
1087,1276,1106,1,4.836798739645476
1087,1276,783,1,22.606377139254327
1087,931,882,1,5.812636165404913
1087,931,849,1,4.4061387562478425
1087,834,965,1,3.83986736177262
1087,885,882,1,2.852794790784161
1087,885,1102,1,5.875878565174106
1087,885,1013,1,3.46869779664105
1087,659,783,1,5.809594285895007
1087,1091,1013,1,7.92275625179966
1087,1091,783,1,10.241109598832232
1087,1102,1013,1,3.616251246210677
1087,1102,1229,1,3.8392690799482057
1087,1106,1102,1,3.80171314717607
1087,783,917,1,5.8083597500151045
1087,783,1091,1,10.241109598832232
1087,783,566,1,5.876334276322891
1087,783,672,1,17.445012141301472
1087,783,965,1,10.498093903671007
1087,965,882,1,3.616965677313317
1087,1068,783,1,26.525178301273773
1087,1229,1102,1,3.8392690799482057
1088,1013,1102,1,3.616251246210677
1088,1013,885,1,3.46869779664105
1088,1229,1182,1,3.960024365898536
1088,882,931,1,5.812636165404913
1088,882,834,1,4.883195120135012
1088,882,885,1,2.852794790784161
1088,931,1102,1,4.548251915941359
1088,931,849,2,4.4061387562478425
1088,359,783,1,12.499801205497114
1088,885,1013,1,3.46869779664105
1088,1091,1182,1,5.24631154396119
1088,1102,1068,1,8.626274418583195
1088,849,931,1,4.4061387562478425
1088,1106,1276,1,4.836798739645476
1088,783,882,1,12.561839638690564
1088,783,1276,1,22.606377139254327
1088,783,965,1,10.498093903671007
1088,783,1229,1,18.841160835534616
1088,965,882,2,3.616965677313317
1088,965,783,1,10.498093903671007
1089,535,783,4,11.620421645142477
1089,708,882,1,4.837510953567602
1089,708,885,1,6.511469320496247
1089,708,783,2,10.697285568723771
1089,834,882,3,4.883195120135012
1089,834,931,2,10.694040075602611
1089,834,783,7,7.689481736045675
1089,1229,1276,2,3.959637309104105
1089,931,834,1,10.694040075602611
1089,931,885,2,3.0617002345235647
1089,931,783,1,18.3740064075405
1089,931,965,1,8.628970001760946
1089,1091,1182,1,5.24631154396119
1089,882,659,1,9.424155624926374
1089,917,1182,1,9.422487826578177
1089,1182,931,1,9.422487826577225
1089,1182,965,1,5.875748248781206
1089,885,931,1,3.0617002345235647
1089,885,1013,1,3.46869779664105
1089,885,1068,1,11.364565785437158
1089,659,783,1,5.809594285895007
1089,1102,1229,1,3.8392690799482057
1089,566,659,1,7.02219411294688
1089,1106,1229,1,6.605818539698737
1089,535,359,1,5.855067293961566
1089,783,1276,1,22.606377139254327
1089,783,931,1,18.3740064075405
1089,783,1182,1,15.175538880502293
1089,783,1091,1,10.241109598832232
1089,783,965,1,10.498093903671007
1089,965,882,1,3.616965677313317
1089,965,1182,1,5.875748248781206
1089,1229,783,1,18.841160835534616
1090,659,834,1,5.284552964469467
1090,965,882,1,3.616965677313317
1090,931,1068,1,8.304853837171269
1090,1182,1229,1,3.960024365898536
1090,834,882,1,4.883195120135012
1090,885,882,1,2.852794790784161
1090,885,931,1,3.0617002345235647
1090,885,965,1,6.123119155303686
1090,659,708,1,5.815596432206299
1090,849,931,1,4.4061387562478425
1090,1013,1182,1,5.283249325636405
1090,1013,1102,1,3.616251246210677
1090,1013,965,1,4.881725510082577
1090,783,708,2,10.697285568723771
1090,783,508,1,25.93420023872912
1090,783,834,1,7.689481736045675
1090,783,1102,1,18.800951364959644
1090,783,535,1,11.620421645142477
1090,1229,1013,1,5.640389822593795
1090,1229,672,1,14.57987655243148
1091,535,783,1,11.620421645142477
1091,708,834,3,4.389831624444016
1091,882,885,1,2.852794790784161
1091,1276,1102,1,4.836798739646007
1091,1276,1370,1,7.918112864657469
1091,931,1013,1,4.405443882921528
1091,1182,1013,1,5.283249325636405
1091,1182,965,1,5.875748248781206
1091,834,708,2,4.389831624444016
1091,1091,783,1,10.241109598832232
1091,849,1106,1,6.739095652327052
1091,1013,1102,1,3.616251246210677
1091,783,931,1,18.3740064075405
1091,783,1091,1,10.241109598832232
1091,965,882,1,3.616965677313317
1091,965,834,1,3.83986736177262
1091,1229,1398,1,5.282433425576492
1092,708,834,1,4.389831624444016
1092,834,965,2,3.83986736177262
1092,885,783,1,15.378166398318458
1092,834,535,1,8.012842951904279
1092,882,834,1,4.883195120135012
1092,882,783,1,12.561839638690564
1092,931,849,1,4.4061387562478425
1092,708,882,1,4.837510953567602
1092,834,659,1,5.284552964469467
1092,359,783,1,12.499801205497114
1092,1398,1102,1,9.118728510486134
1092,1102,882,1,7.314751476768936
1092,849,1068,1,6.736061142863373
1092,1106,1068,1,4.880745078525951
1092,783,882,1,12.561839638690564
1092,783,708,1,10.697285568723771
1092,783,1398,1,19.874616662347663
1092,783,1102,1,18.800951364959644
1092,783,965,1,10.498093903671007
1092,965,834,2,3.83986736177262
1093,535,783,1,11.620421645142477
1093,834,885,2,7.688685710981335
1093,834,1091,1,6.739095652327052
1093,834,566,1,11.619599142411865
1093,834,1068,1,18.901027647971706
1093,1106,1102,3,3.80171314717607
1093,834,783,4,7.689481736045675
1093,834,1229,1,12.569063966979074
1093,885,708,1,6.511469320496247
1093,1106,1276,2,4.836798739645476
1093,659,783,1,5.809594285895007
1093,917,1091,1,4.837115435970083
1093,708,849,1,11.8916662824573
1093,882,834,1,4.883195120135012
1093,882,885,1,2.852794790784161
1093,855,931,1,9.765900232263595
1093,931,849,1,4.4061387562478425
1093,931,783,1,18.3740064075405
1093,931,672,1,6.73915242731767
1093,708,882,2,4.837510953567602
1093,834,882,3,4.883195120135012
1093,834,931,1,10.694040075602611
1093,834,708,1,4.389831624444016
1093,834,659,1,5.284552964469467
1093,885,535,1,10.569431103772471
1093,885,783,1,15.378166398318458
1093,659,708,1,5.815596432206299
1093,849,1068,1,6.736061142863373
1093,535,834,1,8.012842951904279
1093,1013,882,1,3.839767699909249
1093,783,359,1,12.499801205497114
1093,783,885,1,15.378166398318458
1093,783,1091,1,10.241109598832232
1093,965,882,1,3.616965677313317
1093,965,834,1,3.83986736177262
1094,834,1106,1,14.888705663916236
1094,708,783,2,10.697285568723771
1094,885,882,3,2.852794790784161
1094,931,885,2,3.0617002345235647
1094,566,783,1,5.876334276322891
1094,882,708,1,4.837510953567602
1094,882,834,1,4.883195120135012
1094,708,931,1,9.423506251261468
1094,834,783,2,7.689481736045675
1094,885,965,1,6.123119155303686
1094,1091,1102,1,10.454710779351652
1094,1102,1106,1,3.80171314717607
1094,849,1106,1,6.739095652327052
1094,849,965,1,12.803650760757485
1094,783,708,1,10.697285568723771
1094,783,965,1,10.498093903671007
1094,783,1229,1,18.841160835534616
1094,965,834,1,3.83986736177262
1094,965,1091,1,4.388654712140797
1095,708,849,1,11.8916662824573
1095,834,849,1,14.265481524111957
1095,885,882,1,2.852794790784161
1095,1106,931,1,5.283575443416337
1095,965,1013,1,4.881725510082577
1095,882,834,1,4.883195120135012
1095,882,885,1,2.852794790784161
1095,882,1102,1,7.314751476768936
1095,1276,1068,1,8.66943360865319
1095,1182,834,1,9.674230674179531
1095,1182,1398,1,5.640321895106829
1095,1182,965,1,5.875748248781206
1095,708,834,1,4.389831624444016
1095,834,885,1,7.688685710981335
1095,359,659,1,7.84162119104212
1095,885,931,1,3.0617002345235647
1095,1091,882,1,7.965381677815221
1095,1102,885,1,5.875878565174106
1095,1106,1102,1,3.80171314717607
1095,783,917,1,5.8083597500151045
1095,783,931,1,18.3740064075405
1095,783,1182,1,15.175538880502293
1095,783,359,1,12.499801205497114
1095,783,1435,1,17.957022310236383
1095,783,659,1,5.809594285895007
1095,783,566,1,5.876334276322891
1095,783,1013,1,15.308499342485224
1095,783,1068,1,26.525178301273773
1095,965,882,2,3.616965677313317
1096,566,783,1,5.876334276322891
1096,849,931,1,4.4061387562478425
1096,834,882,1,4.883195120135012
1096,885,849,1,6.749102957431653
1096,1013,1091,1,7.92275625179966
1096,965,783,1,10.498093903671007
1096,882,1102,1,7.314751476768936
1096,882,849,1,9.574606006915822
1096,882,672,1,7.316385892068044
1096,882,965,1,3.616965677313317
1096,1276,1106,1,4.836798739645476
1096,1276,1229,1,3.959637309104105
1096,931,882,3,5.812636165404913
1096,834,1102,1,11.614659746948035
1096,834,1229,1,12.569063966979074
1096,659,882,1,9.424155624926374
1096,1091,917,1,4.837115435970083
1096,849,1068,1,6.736061142863373
1096,1106,1276,1,4.836798739645476
1096,535,783,1,11.620421645142477
1096,783,1276,1,22.606377139254327
1096,783,708,2,10.697285568723771
1096,783,1102,1,18.800951364959644
1096,783,566,1,5.876334276322891
1096,783,1106,1,22.318447076891776
1096,783,1068,1,26.525178301273773
1096,1229,1276,1,3.959637309104105
1097,566,783,1,5.876334276322891
1097,834,708,3,4.389831624444016
1097,834,659,4,5.284552964469467
1097,849,855,1,5.706192977162224
1097,1296,1182,1,14.636346421121209
1097,708,1091,1,10.705966675099036
1097,965,882,3,3.616965677313317
1097,965,885,2,6.123119155303686
1097,882,849,1,9.574606006915822
1097,882,783,1,12.561839638690564
1097,885,882,1,2.852794790784161
1097,659,885,1,11.84843418422244
1097,849,1102,1,8.191991396325179
1097,1106,1102,1,3.80171314717607
1097,783,882,1,12.561839638690564
1097,783,708,1,10.697285568723771
1097,783,659,1,5.809594285895007
1097,783,1091,1,10.241109598832232
1097,783,965,1,10.498093903671007
1097,783,1068,1,26.525178301273773
1097,1229,1013,1,5.640389822593795
1098,882,855,1,15.256284869872443
1098,882,1013,1,3.839767699909249
1098,882,965,1,3.616965677313317
1098,855,931,1,9.765900232263595
1098,855,1068,1,5.87594370452583
1098,931,882,1,5.812636165404913
1098,931,783,1,18.3740064075405
1098,708,359,1,10.088438580081291
1098,708,1229,1,14.16486062369625
1098,885,1182,1,8.662721360426067
1098,885,672,1,5.876204136119103
1098,659,708,1,5.815596432206299
1098,1102,1276,2,4.836798739646007
1098,849,508,1,9.342303526294996
1098,1106,849,1,6.739095652327052
1098,1013,882,1,3.839767699909249
1098,783,1182,1,15.175538880502293
1098,783,708,1,10.697285568723771
1098,783,359,1,12.499801205497114
1098,783,659,1,5.809594285895007
1098,783,566,1,5.876334276322891
1098,965,885,1,6.123119155303686
1099,965,834,1,3.83986736177262
1099,882,1276,1,12.01740314095659
1099,882,708,3,4.837510953567602
1099,882,834,1,4.883195120135012
1099,882,1229,1,9.341474227178574
1099,931,885,1,3.0617002345235647
1099,708,882,1,4.837510953567602
1099,708,849,1,11.8916662824573
1099,885,882,1,2.852794790784161
1099,885,659,1,11.84843418422244
1099,659,566,1,7.02219411294688
1099,1091,882,1,7.965381677815221
1099,1091,1182,1,5.24631154396119
1099,1091,965,1,4.388654712140797
1099,1398,965,1,11.479089287938937
1099,783,708,1,10.697285568723771
1099,783,834,1,7.689481736045675
1099,783,359,1,12.499801205497114
1099,783,1102,1,18.800951364959644
1099,1229,1276,1,3.959637309104105
1100,834,535,2,8.012842951904279
1100,834,1398,1,15.216349824005198
1100,882,834,3,4.883195120135012
1100,882,1229,2,9.341474227178574
1100,1276,1182,1,7.919661523440269
1100,1276,1106,1,4.836798739645476
1100,855,834,1,19.971672663678955
1100,885,965,1,6.123119155303686
1100,849,1229,1,12.017793437809017
1100,1013,1102,1,3.616251246210677
1100,1013,1106,1,7.015517581545067
1100,783,1182,1,15.175538880502293
1100,965,885,1,6.123119155303686
1100,965,1102,1,8.304116264398273
1100,1229,1102,1,3.8392690799482057
1101,834,965,1,3.83986736177262
1101,965,882,3,3.616965677313317
1101,535,834,1,8.012842951904279
1101,535,885,2,10.569431103772471
1101,834,882,3,4.883195120135012
1101,834,659,1,5.284552964469467
1101,834,1013,1,8.005172893624191
1101,1106,1102,1,3.80171314717607
1101,931,885,2,3.0617002345235647
1101,535,965,1,11.11949266445603
1101,1276,882,1,12.01740314095659
1101,1276,1106,1,4.836798739645476
1101,931,672,1,6.73915242731767
1101,708,1229,1,14.16486062369625
1101,885,882,2,2.852794790784161
1101,1091,783,1,10.241109598832232
1101,1102,1276,1,4.836798739646007
1101,1102,1013,1,3.616251246210677
1101,849,1106,1,6.739095652327052
1101,535,659,1,5.810827883107414
1101,1013,1106,1,7.015517581545067
1101,783,566,1,5.876334276322891
1101,783,849,1,21.903135562742808
1101,783,1068,1,26.525178301273773
1101,1370,855,1,13.377197086368376
1101,965,834,1,3.83986736177262
1101,965,672,1,10.884705359638655
1102,965,882,1,3.616965677313317
1102,885,834,1,7.688685710981335
1102,1013,849,1,8.811582411969269
1102,882,885,3,2.852794790784161
1102,882,672,1,7.316385892068044
1102,885,965,1,6.123119155303686
1102,1013,708,1,8.663428210145081
1102,882,931,1,5.812636165404913
1102,1276,885,1,10.705394585658723
1102,834,882,1,4.883195120135012
1102,834,1229,1,12.569063966979074
1102,885,1102,1,5.875878565174106
1102,885,672,1,5.876204136119103
1102,659,885,1,11.84843418422244
1102,1102,566,1,23.234254688808853
1102,1102,965,1,8.304116264398273
1102,849,931,1,4.4061387562478425
1102,783,882,1,12.561839638690564
1102,783,1276,1,22.606377139254327
1102,783,834,2,7.689481736045675
1102,783,359,1,12.499801205497114
1102,783,1435,1,17.957022310236383
1102,783,566,1,5.876334276322891
1102,783,849,1,21.903135562742808
1102,783,535,1,11.620421645142477
1102,783,1013,1,15.308499342485224
1102,672,885,1,5.876204136119103
1102,965,1013,1,4.881725510082577
1103,965,882,1,3.616965677313317
1103,931,849,1,4.4061387562478425
1103,849,885,2,6.749102957431653
1103,708,1106,1,14.476051732619457
1103,885,1276,1,10.705394585658723
1103,885,1013,2,3.46869779664105
1103,885,1068,1,11.364565785437158
1103,882,708,2,4.837510953567602
1103,931,965,1,8.628970001760946
1103,1182,1091,1,5.24631154396119
1103,834,882,1,4.883195120135012
1103,885,882,1,2.852794790784161
1103,885,931,1,3.0617002345235647
1103,659,931,1,14.893741670685255
1103,783,882,1,12.561839638690564
1103,783,917,1,5.8083597500151045
1103,783,1182,1,15.175538880502293
1103,783,1229,1,18.841160835534616
1103,672,931,1,6.73915242731767
1103,965,885,1,6.123119155303686
1103,1229,1182,1,3.960024365898536
1104,965,882,1,3.616965677313317
1104,931,834,2,10.694040075602611
1104,931,885,1,3.0617002345235647
1104,708,834,1,4.389831624444016
1104,1091,834,1,6.739095652327052
1104,708,535,1,4.548441137468074
1104,885,965,1,6.123119155303686
1104,882,885,1,2.852794790784161
1104,882,1013,1,3.839767699909249
1104,882,1229,1,9.341474227178574
1104,917,834,1,3.617203703030827
1104,834,931,1,10.694040075602611
1104,834,1229,1,12.569063966979074
1104,885,882,1,2.852794790784161
1104,885,672,1,5.876204136119103
1104,849,535,1,14.6134281539242
1104,783,882,1,12.561839638690564
1104,783,708,1,10.697285568723771
1104,783,885,2,15.378166398318458
1104,783,535,1,11.620421645142477
1104,783,965,2,10.498093903671007
1104,1229,965,1,8.77672016628073
1105,965,882,3,3.616965677313317
1105,931,849,2,4.4061387562478425
1105,931,885,2,3.0617002345235647
1105,931,1370,1,14.0283994658549
1105,885,708,1,6.511469320496247
1105,849,1106,1,6.739095652327052
1105,1091,1106,1,14.256423283017469
1105,965,1091,2,4.388654712140797
1105,882,931,1,5.812636165404913
1105,882,885,1,2.852794790784161
1105,882,659,1,9.424155624926374
1105,882,1229,1,9.341474227178574
1105,1276,1229,1,3.959637309104105
1105,931,965,1,8.628970001760946
1105,1182,1398,1,5.640321895106829
1105,708,535,1,4.548441137468074
1105,834,882,1,4.883195120135012
1105,834,708,1,4.389831624444016
1105,885,882,2,2.852794790784161
1105,885,931,1,3.0617002345235647
1105,1106,834,1,14.888705663916236
1105,1106,1102,2,3.80171314717607
1106,882,931,1,5.812636165404913
1106,882,1013,2,3.839767699909249
1106,931,1102,1,4.548251915941359
1106,708,834,1,4.389831624444016
1106,708,885,1,6.511469320496247
1106,834,708,1,4.389831624444016
1106,834,965,2,3.83986736177262
1106,885,1276,1,10.705394585658723
1106,885,965,1,6.123119155303686
1106,1091,1398,1,9.6478124773512
1106,1102,931,1,4.548251915941359
1106,965,1013,1,4.881725510082577
1107,708,535,1,4.548441137468074
1107,882,1276,2,12.01740314095659
1107,882,708,1,4.837510953567602
1107,931,1276,1,8.946223146223524
1107,834,931,1,10.694040075602611
1107,885,931,1,3.0617002345235647
1107,885,1182,1,8.662721360426067
1107,965,1013,1,4.881725510082577
1107,1229,1102,1,3.8392690799482057
1108,917,1398,1,14.401452675022565
1108,931,1102,1,4.548251915941359
1108,1182,965,1,5.875748248781206
1108,885,1229,1,8.89559413156451
1108,659,708,1,5.815596432206299
1108,1091,783,1,10.241109598832232
1108,1102,1276,1,4.836798739646007
1108,1013,1102,1,3.616251246210677
1108,965,882,1,3.616965677313317
1108,965,1091,1,4.388654712140797
1109,882,885,2,2.852794790784161
1109,882,834,1,4.883195120135012
1109,882,659,1,9.424155624926374
1109,885,882,1,2.852794790784161
1109,885,965,1,6.123119155303686
1109,708,535,1,4.548441137468074
1109,834,931,2,10.694040075602611
1109,1102,1106,1,3.80171314717607
1109,1229,1276,1,3.959637309104105
1109,1229,1398,1,5.282433425576492
1110,882,834,1,4.883195120135012
1110,1276,672,1,15.682986279658085
1110,1182,1276,1,7.919661523440269
1110,1102,1106,1,3.80171314717607
1110,1102,1013,1,3.616251246210677
1111,1276,1435,1,13.12435356350428
1111,1435,783,1,17.957022310236383
1111,885,931,1,3.0617002345235647
1111,965,535,1,11.11949266445603
1112,1013,672,1,9.341935125969725
1112,1013,965,1,4.881725510082577
1113,882,1276,1,12.01740314095659
1113,882,931,1,5.812636165404913
1113,882,535,1,9.342211452816104
1113,882,965,3,3.616965677313317
1113,1296,783,1,13.644692409583532
1113,882,885,2,2.852794790784161
1113,882,659,2,9.424155624926374
1113,1091,965,1,4.388654712140797
1113,1398,1276,1,7.438993890374081
1113,1013,783,1,15.308499342485224
1114,1276,783,1,22.606377139254327
1114,834,783,1,7.689481736045675
1114,359,659,1,7.84162119104212
1114,1435,783,1,17.957022310236383
1114,885,783,1,15.378166398318458
1114,659,783,1,5.809594285895007
1114,849,783,1,21.903135562742808
1114,535,783,1,11.620421645142477
1114,965,849,1,12.803650760757485
1114,965,783,1,10.498093903671007
1114,1068,783,1,26.525178301273773
1114,1229,783,1,18.841160835534616
1115,1276,708,1,16.79773773026525
1115,1276,783,1,22.606377139254327
1115,931,783,1,18.3740064075405
1115,708,783,1,10.697285568723771
1115,508,783,1,25.93420023872912
1115,359,783,1,12.499801205497114
1115,885,1182,1,8.662721360426067
1115,566,783,1,5.876334276322891
1115,849,783,1,21.903135562742808
1115,1106,783,1,22.318447076891776
1115,1106,965,1,11.884713829537391
1115,535,783,1,11.620421645142477
1115,965,783,3,10.498093903671007
1115,1229,885,1,8.89559413156451
1116,708,783,1,10.697285568723771
1116,1276,783,1,22.606377139254327
1116,931,885,1,3.0617002345235647
1116,659,783,3,5.809594285895007
1116,535,783,6,11.620421645142477
1116,1068,1276,1,8.66943360865319
1116,1068,783,1,26.525178301273773
1116,1229,1091,1,9.180034524729397
1117,882,931,1,5.812636165404913
1117,882,1229,1,9.341474227178574
1117,834,783,4,7.689481736045675
1117,882,708,1,4.837510953567602
1117,882,885,1,2.852794790784161
1117,882,783,6,12.561839638690564
1117,882,965,1,3.616965677313317
1117,917,783,3,5.8083597500151045
1117,708,783,1,10.697285568723771
1117,1091,783,4,10.241109598832232
1117,1276,783,1,22.606377139254327
1117,1182,1091,1,5.24631154396119
1117,508,783,1,25.93420023872912
1117,885,931,1,3.0617002345235647
1117,659,783,1,5.809594285895007
1117,1102,783,1,18.800951364959644
1117,566,783,2,5.876334276322891
1117,849,783,1,21.903135562742808
1117,535,783,1,11.620421645142477
1117,1013,708,1,8.663428210145081
1117,965,931,1,8.628970001760946
1117,1229,783,2,18.841160835534616
1118,708,783,1,10.697285568723771
1118,931,783,2,18.3740064075405
1118,1276,1229,1,3.959637309104105
1118,508,849,1,9.342303526294996
1118,885,882,1,2.852794790784161
1118,1091,783,1,10.241109598832232
1118,1398,783,1,19.874616662347663
1118,1106,1276,1,4.836798739645476
1118,672,783,1,17.445012141301472
1118,965,783,1,10.498093903671007
1118,1068,783,2,26.525178301273773
1118,1229,783,1,18.841160835534616
1119,849,783,1,21.903135562742808
1119,882,885,1,2.852794790784161
1119,708,834,1,4.389831624444016
1119,885,783,1,15.378166398318458
1119,1398,783,1,19.874616662347663
1119,566,783,1,5.876334276322891
1119,1106,783,1,22.318447076891776
1119,783,931,1,18.3740064075405
1119,783,834,1,7.689481736045675
1119,783,566,1,5.876334276322891
1119,1229,1276,1,3.959637309104105
1119,1229,783,1,18.841160835534616
1120,834,708,2,4.389831624444016
1120,1276,1102,1,4.836798739646007
1120,1276,1106,1,4.836798739645476
1120,931,849,1,4.4061387562478425
1120,931,783,1,18.3740064075405
1120,885,1013,1,3.46869779664105
1120,1398,1106,1,11.562838367297022
1120,1398,783,1,19.874616662347663
1120,566,659,1,7.02219411294688
1120,1106,931,1,5.283575443416337
1120,1106,849,1,6.739095652327052
1120,1229,1102,1,3.8392690799482057
1121,1013,882,2,3.839767699909249
1121,834,783,6,7.689481736045675
1121,849,783,4,21.903135562742808
1121,535,885,1,10.569431103772471
1121,535,659,1,5.810827883107414
1121,882,783,2,12.561839638690564
1121,659,834,1,5.284552964469467
1121,1102,885,1,5.875878565174106
1121,535,708,1,4.548441137468074
1121,965,1013,2,4.881725510082577
1121,917,882,1,7.68788945836583
1121,917,783,1,5.8083597500151045
1121,1182,783,1,15.175538880502293
1121,708,783,4,10.697285568723771
1121,885,535,1,10.569431103772471
1121,1091,783,1,10.241109598832232
1121,1102,1276,1,4.836798739646007
1121,1102,849,1,8.191991396325179
1121,965,849,1,12.803650760757485
1121,931,849,1,4.4061387562478425
1121,708,834,1,4.389831624444016
1121,659,783,3,5.809594285895007
1121,1102,1106,1,3.80171314717607
1121,535,931,1,13.170081658182124
1121,535,834,1,8.012842951904279
1121,535,359,1,5.855067293961566
1121,672,885,1,5.876204136119103
1121,672,535,1,8.311483007291683
1121,672,783,1,17.445012141301472
1121,965,708,1,6.739138237495128
1121,965,834,1,3.83986736177262
1121,965,783,2,10.498093903671007
1121,882,535,1,9.342211452816104
1121,882,965,1,3.616965677313317
1121,855,783,1,27.60378823743443
1121,931,1106,1,5.283575443416337
1121,1102,882,1,7.314751476768936
1121,1106,1276,1,4.836798739645476
1122,834,783,2,7.689481736045675
1122,882,783,3,12.561839638690564
1122,659,834,1,5.284552964469467
1122,931,885,1,3.0617002345235647
1122,882,1013,1,3.839767699909249
1122,1276,1102,1,4.836798739646007
1122,708,783,2,10.697285568723771
1122,834,882,1,4.883195120135012
1122,885,882,1,2.852794790784161
1122,885,931,1,3.0617002345235647
1122,885,708,1,6.511469320496247
1122,1398,1091,1,9.6478124773512
1122,849,1106,1,6.739095652327052
1122,849,1068,1,6.736061142863373
1122,1106,1102,1,3.80171314717607
1122,783,659,2,5.809594285895007
1122,783,1013,1,15.308499342485224
1122,965,834,1,3.83986736177262
1123,882,834,1,4.883195120135012
1123,931,849,1,4.4061387562478425
1123,882,783,1,12.561839638690564
1123,1276,931,1,8.946223146223524
1123,708,659,1,5.815596432206299
1123,834,882,1,4.883195120135012
1123,834,783,2,7.689481736045675
1123,885,672,1,5.876204136119103
1123,659,708,1,5.815596432206299
1123,659,834,1,5.284552964469467
1123,1091,834,1,6.739095652327052
1123,566,659,1,7.02219411294688
1123,849,931,1,4.4061387562478425
1123,849,834,1,14.265481524111957
1123,1106,849,1,6.739095652327052
1123,1106,783,1,22.318447076891776
1123,783,659,1,5.809594285895007
1123,783,566,1,5.876334276322891
1124,882,885,1,2.852794790784161
1124,1276,783,1,22.606377139254327
1124,931,849,1,4.4061387562478425
1124,931,1068,1,8.304853837171269
1124,708,965,1,6.739138237495128
1124,834,882,1,4.883195120135012
1124,834,708,2,4.389831624444016
1124,834,783,1,7.689481736045675
1124,659,783,1,5.809594285895007
1124,1102,1106,1,3.80171314717607
1124,849,931,1,4.4061387562478425
1124,849,834,1,14.265481524111957
1124,1106,885,1,7.965381677815221
1124,1106,1102,1,3.80171314717607
1124,535,783,1,11.620421645142477
1124,783,566,1,5.876334276322891
1124,672,931,1,6.73915242731767
1125,1182,783,1,15.175538880502293
1125,965,1276,2,12.284417645367478
1125,965,885,1,6.123119155303686
1125,1229,1276,2,3.959637309104105
1125,1229,783,1,18.841160835534616
1125,708,882,1,4.837510953567602
1125,708,885,1,6.511469320496247
1125,508,849,1,9.342303526294996
1125,965,882,2,3.616965677313317
1125,708,834,1,4.389831624444016
1125,708,783,5,10.697285568723771
1125,885,882,4,2.852794790784161
1125,885,708,1,6.511469320496247
1125,885,1102,1,5.875878565174106
1125,885,1106,1,7.965381677815221
1125,1398,1182,1,5.640321895106829
1125,965,783,1,10.498093903671007
1125,1229,1398,1,5.282433425576492
1125,1229,1102,2,3.8392690799482057
1125,882,1013,1,3.839767699909249
1125,931,849,2,4.4061387562478425
1125,885,931,2,3.0617002345235647
1125,885,783,1,15.378166398318458
1125,1091,1182,1,5.24631154396119
1125,1091,783,1,10.241109598832232
1125,965,834,1,3.83986736177262
1125,1229,882,1,9.341474227178574
1125,1276,1106,1,4.836798739645476
1125,931,783,1,18.3740064075405
1125,1182,1013,1,5.283249325636405
1125,834,885,1,7.688685710981335
1125,885,834,1,7.688685710981335
1125,659,783,1,5.809594285895007
1125,849,931,1,4.4061387562478425
1125,849,783,1,21.903135562742808
1125,1106,849,1,6.739095652327052
1125,535,783,1,11.620421645142477
1125,1013,1398,1,10.186376382121452
1125,783,834,2,7.689481736045675
1126,1276,783,2,22.606377139254327
1126,1182,1102,1,6.120304815079837
1126,834,708,2,4.389831624444016
1126,849,931,3,4.4061387562478425
1126,1276,1106,1,4.836798739645476
1126,1276,1229,1,3.959637309104105
1126,931,882,1,5.812636165404913
1126,931,849,1,4.4061387562478425
1126,931,783,1,18.3740064075405
1126,931,1068,1,8.304853837171269
1126,708,1106,1,14.476051732619457
1126,708,783,1,10.697285568723771
1126,834,882,3,4.883195120135012
1126,885,931,1,3.0617002345235647
1126,885,834,1,7.688685710981335
1126,1013,1398,1,10.186376382121452
1126,783,917,1,5.8083597500151045
1126,783,1013,1,15.308499342485224
1126,965,882,1,3.616965677313317
1127,917,882,1,7.68788945836583
1127,708,965,1,6.739138237495128
1127,834,783,1,7.689481736045675
1127,1229,1091,1,9.180034524729397
1127,882,708,1,4.837510953567602
1127,882,965,1,3.616965677313317
1127,931,849,2,4.4061387562478425
1127,931,783,1,18.3740064075405
1127,708,783,1,10.697285568723771
1127,359,783,1,12.499801205497114
1127,1398,1229,1,5.282433425576492
1127,849,931,1,4.4061387562478425
1127,849,1102,1,8.191991396325179
1127,783,1276,1,22.606377139254327
1127,783,659,1,5.809594285895007
1127,783,849,1,21.903135562742808
1127,783,1013,1,15.308499342485224
1128,708,885,1,6.511469320496247
1128,965,834,1,3.83986736177262
1128,659,535,1,5.810827883107414
1128,965,783,1,10.498093903671007
1128,882,1106,1,10.203820878312005
1128,1276,1106,1,4.836798739645476
1128,931,882,1,5.812636165404913
1128,931,885,1,3.0617002345235647
1128,1182,783,1,15.175538880502293
1128,885,1013,1,3.46869779664105
1128,1091,783,1,10.241109598832232
1128,1102,1106,1,3.80171314717607
1128,1106,1102,1,3.80171314717607
1128,783,834,1,7.689481736045675
1128,783,885,1,15.378166398318458
1128,783,1106,1,22.318447076891776
1128,783,965,1,10.498093903671007
1128,1229,1102,1,3.8392690799482057
1129,855,708,1,17.44323648533522
1129,659,708,1,5.815596432206299
1129,1229,1013,1,5.640389822593795
1129,917,834,1,3.617203703030827
1129,708,882,4,4.837510953567602
1129,834,672,1,10.50082625207165
1129,535,359,2,5.855067293961566
1129,965,834,1,3.83986736177262
1129,834,1091,1,6.739095652327052
1129,834,965,3,3.83986736177262
1129,659,931,1,14.893741670685255
1129,672,931,1,6.73915242731767
1129,708,783,2,10.697285568723771
1129,834,917,1,3.617203703030827
1129,834,783,3,7.689481736045675
1129,885,882,1,2.852794790784161
1129,885,708,1,6.511469320496247
1129,885,834,1,7.688685710981335
1129,535,708,1,4.548441137468074
1129,882,885,1,2.852794790784161
1129,882,783,1,12.561839638690564
1129,708,566,1,12.81122045365883
1129,1398,1102,1,9.118728510486134
1129,1102,1106,1,3.80171314717607
1129,1102,1229,1,3.8392690799482057
1129,1013,965,1,4.881725510082577
1129,783,882,1,12.561839638690564
1129,965,783,1,10.498093903671007
1129,1229,1276,1,3.959637309104105
1129,1229,672,1,14.57987655243148
1130,917,834,1,3.617203703030827
1130,708,834,2,4.389831624444016
1130,882,885,1,2.852794790784161
1130,882,965,2,3.616965677313317
1130,1276,1102,1,4.836798739646007
1130,931,708,1,9.423506251261468
1130,931,885,1,3.0617002345235647
1130,708,659,1,5.815596432206299
1130,708,783,1,10.697285568723771
1130,834,783,1,7.689481736045675
1130,834,965,2,3.83986736177262
1130,1102,1276,1,4.836798739646007
1130,1102,1229,1,3.8392690799482057
1130,849,1068,1,6.736061142863373
1130,1013,965,2,4.881725510082577
1130,783,834,1,7.689481736045675
1130,783,659,1,5.809594285895007
1130,672,931,1,6.73915242731767
1130,965,882,1,3.616965677313317
1130,965,834,1,3.83986736177262
1130,965,1091,1,4.388654712140797
1130,965,1013,1,4.881725510082577
1130,1229,1276,1,3.959637309104105
1131,1276,1102,1,4.836798739646007
1131,931,672,1,6.73915242731767
1131,834,882,1,4.883195120135012
1131,882,834,1,4.883195120135012
1131,882,885,2,2.852794790784161
1131,882,783,1,12.561839638690564
1131,708,783,1,10.697285568723771
1131,834,659,2,5.284552964469467
1131,834,783,2,7.689481736045675
1131,885,931,1,3.0617002345235647
1131,659,783,1,5.809594285895007
1131,1398,1106,1,11.562838367297022
1131,1102,1229,1,3.8392690799482057
1131,1106,1276,1,4.836798739645476
1131,1106,1102,1,3.80171314717607
1131,783,1102,1,18.800951364959644
1131,672,885,1,5.876204136119103
1131,965,834,1,3.83986736177262
1131,1229,849,1,12.017793437809017
1132,1102,1276,1,4.836798739646007
1132,849,1229,1,12.017793437809017
1132,1229,834,1,12.569063966979074
1132,882,965,1,3.616965677313317
1132,1276,1398,1,7.438993890374081
1132,1276,1106,1,4.836798739645476
1132,931,882,1,5.812636165404913
1132,834,885,1,7.688685710981335
1132,834,535,1,8.012842951904279
1132,659,783,1,5.809594285895007
1132,566,659,1,7.02219411294688
1132,1013,882,1,3.839767699909249
1132,783,917,1,5.8083597500151045
1132,783,1182,1,15.175538880502293
1132,783,359,1,12.499801205497114
1132,783,535,1,11.620421645142477
1132,965,834,1,3.83986736177262
1132,965,1013,1,4.881725510082577
1132,965,783,2,10.498093903671007
1133,1229,783,6,18.841160835534616
1133,931,849,2,4.4061387562478425
1133,1182,1102,2,6.120304815079837
1133,855,849,1,5.706192977162224
1133,708,535,1,4.548441137468074
1133,535,672,1,8.311483007291683
1133,1182,1276,1,7.919661523440269
1133,1182,783,2,15.175538880502293
1133,708,882,4,4.837510953567602
1133,708,834,2,4.389831624444016
1133,535,834,2,8.012842951904279
1133,882,708,6,4.837510953567602
1133,882,965,1,3.616965677313317
1133,931,783,1,18.3740064075405
1133,708,1013,1,8.663428210145081
1133,708,783,2,10.697285568723771
1133,834,708,1,4.389831624444016
1133,834,783,3,7.689481736045675
1133,885,1013,1,3.46869779664105
1133,885,783,1,15.378166398318458
1133,659,535,1,5.810827883107414
1133,659,783,1,5.809594285895007
1133,1102,834,1,11.614659746948035
1133,535,708,1,4.548441137468074
1133,1013,1102,1,3.616251246210677
1133,783,882,1,12.561839638690564
1133,783,917,1,5.8083597500151045
1133,783,659,2,5.809594285895007
1133,783,1102,1,18.800951364959644
1133,783,535,1,11.620421645142477
1133,672,931,1,6.73915242731767
1133,965,1013,1,4.881725510082577
1134,834,965,2,3.83986736177262
1134,882,885,2,2.852794790784161
1134,882,1013,1,3.839767699909249
1134,708,931,1,9.423506251261468
1134,834,659,2,5.284552964469467
1134,659,708,1,5.815596432206299
1134,1013,882,1,3.839767699909249
1134,1013,885,1,3.46869779664105
1134,1013,1091,1,7.92275625179966
1134,882,965,2,3.616965677313317
1134,1276,1106,1,4.836798739645476
1134,931,1068,1,8.304853837171269
1134,708,882,2,4.837510953567602
1134,834,708,1,4.389831624444016
1134,1102,1068,1,8.626274418583195
1134,535,708,1,4.548441137468074
1134,783,834,1,7.689481736045675
1134,783,659,1,5.809594285895007
1134,783,849,1,21.903135562742808
1134,783,965,1,10.498093903671007
1134,965,882,1,3.616965677313317
1134,965,783,1,10.498093903671007
1135,882,834,2,4.883195120135012
1135,882,783,2,12.561839638690564
1135,931,1229,1,8.28950012214804
1135,834,359,1,12.378619633278529
1135,885,834,2,7.688685710981335
1135,1276,1106,1,4.836798739645476
1135,708,931,1,9.423506251261468
1135,885,359,1,16.388649277200646
1135,1398,783,1,19.874616662347663
1135,849,1068,1,6.736061142863373
1135,849,1229,1,12.017793437809017
1135,1013,882,1,3.839767699909249
1135,783,834,2,7.689481736045675
1135,783,659,1,5.809594285895007
1135,783,535,1,11.620421645142477
1135,783,1229,1,18.841160835534616
1135,965,882,1,3.616965677313317
1135,965,783,1,10.498093903671007
1135,1229,1102,1,3.8392690799482057
1136,834,882,2,4.883195120135012
1136,834,783,1,7.689481736045675
1136,882,708,2,4.837510953567602
1136,834,917,1,3.617203703030827
1136,834,708,1,4.389831624444016
1136,931,834,1,10.694040075602611
1136,708,882,1,4.837510953567602
1136,834,965,1,3.83986736177262
1136,659,834,1,5.284552964469467
1136,1091,783,1,10.241109598832232
1136,1102,1106,1,3.80171314717607
1136,535,708,1,4.548441137468074
1136,535,783,1,11.620421645142477
1136,783,1276,1,22.606377139254327
1136,783,834,1,7.689481736045675
1136,783,659,1,5.809594285895007
1136,783,849,1,21.903135562742808
1136,783,965,1,10.498093903671007
1136,965,834,2,3.83986736177262
1136,965,1013,1,4.881725510082577
1137,882,931,2,5.812636165404913
1137,882,849,1,9.574606006915822
1137,885,931,4,3.0617002345235647
1137,834,783,6,7.689481736045675
1137,1276,783,1,22.606377139254327
1137,855,849,2,5.706192977162224
1137,885,882,1,2.852794790784161
1137,1013,882,1,3.839767699909249
1137,882,834,1,4.883195120135012
1137,1276,1013,1,8.190822817543284
1137,931,783,1,18.3740064075405
1137,882,708,1,4.837510953567602
1137,882,659,1,9.424155624926374
1137,931,1102,1,4.548251915941359
1137,931,849,2,4.4061387562478425
1137,708,535,1,4.548441137468074
1137,834,1091,1,6.739095652327052
1137,834,535,1,8.012842951904279
1137,834,965,1,3.83986736177262
1137,885,1013,1,3.46869779664105
1137,849,931,2,4.4061387562478425
1137,535,672,1,8.311483007291683
1137,1013,1102,1,3.616251246210677
1137,783,1182,1,15.175538880502293
1137,783,659,1,5.809594285895007
1137,783,672,1,17.445012141301472
1137,672,931,1,6.73915242731767
1137,965,1091,1,4.388654712140797
1138,931,882,4,5.812636165404913
1138,1182,783,1,15.175538880502293
1138,882,885,2,2.852794790784161
1138,1276,1182,1,7.919661523440269
1138,931,834,1,10.694040075602611
1138,931,849,1,4.4061387562478425
1138,708,834,1,4.389831624444016
1138,708,659,1,5.815596432206299
1138,708,535,2,4.548441137468074
1138,708,965,1,6.739138237495128
1138,834,882,1,4.883195120135012
1138,834,965,1,3.83986736177262
1138,659,834,1,5.284552964469467
1138,1091,783,1,10.241109598832232
1138,1102,931,2,4.548251915941359
1138,1102,1106,1,3.80171314717607
1138,849,1068,1,6.736061142863373
1138,783,834,1,7.689481736045675
1138,783,1435,1,17.957022310236383
1138,672,508,1,8.81713559460697
1138,672,1068,1,13.168317290084476
1138,1370,535,1,27.18900163167172
1138,965,834,1,3.83986736177262
1138,965,1013,1,4.881725510082577
1138,1229,1398,1,5.282433425576492
1139,1398,1102,1,9.118728510486134
1139,834,1091,1,6.739095652327052
1139,834,783,2,7.689481736045675
1139,965,1229,1,8.77672016628073
1139,882,931,1,5.812636165404913
1139,882,965,2,3.616965677313317
1139,931,882,1,5.812636165404913
1139,931,834,1,10.694040075602611
1139,931,849,1,4.4061387562478425
1139,931,1106,1,5.283575443416337
1139,834,659,1,5.284552964469467
1139,834,535,1,8.012842951904279
1139,885,849,1,6.749102957431653
1139,885,1068,1,11.364565785437158
1139,1091,1182,1,5.24631154396119
1139,1091,965,1,4.388654712140797
1139,849,508,1,9.342303526294996
1139,849,1106,1,6.739095652327052
1139,1106,1276,1,4.836798739645476
1139,1013,882,1,3.839767699909249
1139,1013,965,1,4.881725510082577
1139,783,659,1,5.809594285895007
1139,965,783,1,10.498093903671007
1139,1068,1276,1,8.66943360865319
1139,1068,849,1,6.736061142863373
1140,1276,1102,1,4.836798739646007
1140,834,672,1,10.50082625207165
1140,1102,1106,1,3.80171314717607
1140,965,834,2,3.83986736177262
1140,882,931,1,5.812636165404913
1140,882,834,1,4.883195120135012
1140,882,1102,1,7.314751476768936
1140,1276,1182,1,7.919661523440269
1140,931,882,1,5.812636165404913
1140,931,1276,1,8.946223146223524
1140,659,783,1,5.809594285895007
1140,659,1229,1,17.8420518180728
1140,849,931,1,4.4061387562478425
1140,849,508,1,9.342303526294996
1140,1106,882,1,10.203820878312005
1140,1106,1229,2,6.605818539698737
1140,535,708,1,4.548441137468074
1140,1013,1229,1,5.640389822593795
1140,783,882,1,12.561839638690564
1140,783,931,1,18.3740064075405
1140,783,834,2,7.689481736045675
1140,783,885,1,15.378166398318458
1140,783,659,1,5.809594285895007
1140,965,882,1,3.616965677313317
1140,965,1398,1,11.479089287938937
1141,855,1068,1,5.87594370452583
1141,885,1013,1,3.46869779664105
1141,855,849,1,5.706192977162224
1141,834,882,5,4.883195120135012
1141,834,708,2,4.389831624444016
1141,1398,783,1,19.874616662347663
1141,1102,882,1,7.314751476768936
1141,1102,1276,1,4.836798739646007
1141,672,885,1,5.876204136119103
1141,931,1102,1,4.548251915941359
1141,1013,1276,1,8.190822817543284
1141,882,834,1,4.883195120135012
1141,882,885,2,2.852794790784161
1141,1276,1229,1,3.959637309104105
1141,931,783,1,18.3740064075405
1141,931,1068,1,8.304853837171269
1141,1182,1398,1,5.640321895106829
1141,708,882,2,4.837510953567602
1141,708,885,1,6.511469320496247
1141,834,659,1,5.284552964469467
1141,834,1013,1,8.005172893624191
1141,885,931,1,3.0617002345235647
1141,885,708,1,6.511469320496247
1141,885,849,2,6.749102957431653
1141,659,882,1,9.424155624926374
1141,659,931,1,14.893741670685255
1141,1102,834,1,11.614659746948035
1141,849,931,1,4.4061387562478425
1141,535,834,1,8.012842951904279
1141,783,708,1,10.697285568723771
1141,783,834,1,7.689481736045675
1141,783,1398,1,19.874616662347663
1141,783,672,1,17.445012141301472
1142,885,783,2,15.378166398318458
1142,708,834,1,4.389831624444016
1142,708,965,3,6.739138237495128
1142,1276,1106,1,4.836798739645476
1142,659,834,1,5.284552964469467
1142,849,508,2,9.342303526294996
1142,882,708,1,4.837510953567602
1142,931,849,2,4.4061387562478425
1142,931,672,1,6.73915242731767
1142,834,882,2,4.883195120135012
1142,834,708,1,4.389831624444016
1142,834,659,1,5.284552964469467
1142,834,965,1,3.83986736177262
1142,885,882,2,2.852794790784161
1142,1091,965,1,4.388654712140797
1142,1102,1229,1,3.8392690799482057
1142,849,931,1,4.4061387562478425
1142,783,931,1,18.3740064075405
1142,1068,783,1,26.525178301273773
1143,708,834,1,4.389831624444016
1143,965,834,2,3.83986736177262
1143,708,535,1,4.548441137468074
1143,849,1102,1,8.191991396325179
1143,965,882,1,3.616965677313317
1143,882,708,1,4.837510953567602
1143,882,1106,1,10.203820878312005
1143,882,965,1,3.616965677313317
1143,917,783,1,5.8083597500151045
1143,931,1106,2,5.283575443416337
1143,1182,1398,1,5.640321895106829
1143,834,882,1,4.883195120135012
1143,834,659,2,5.284552964469467
1143,659,882,1,9.424155624926374
1143,1106,882,1,10.203820878312005
1143,783,931,1,18.3740064075405
1143,783,834,1,7.689481736045675
1143,783,535,1,11.620421645142477
1143,672,882,1,7.316385892068044
1143,965,885,1,6.123119155303686
1144,535,708,1,4.548441137468074
1144,885,783,1,15.378166398318458
1144,535,659,1,5.810827883107414
1144,882,885,2,2.852794790784161
1144,882,1102,2,7.314751476768936
1144,882,965,1,3.616965677313317
1144,931,1102,1,4.548251915941359
1144,931,1068,1,8.304853837171269
1144,708,535,1,4.548441137468074
1144,834,708,1,4.389831624444016
1144,834,659,1,5.284552964469467
1144,659,834,1,5.284552964469467
1144,1102,1106,1,3.80171314717607
1144,849,931,1,4.4061387562478425
1144,1106,1276,1,4.836798739645476
1144,1013,1182,1,5.283249325636405
1144,783,917,1,5.8083597500151045
1144,783,1091,1,10.241109598832232
1144,783,1398,1,19.874616662347663
1144,783,965,1,10.498093903671007
1144,672,849,1,6.511836392511076
1144,965,882,1,3.616965677313317
1144,965,885,1,6.123119155303686
1144,1229,1276,1,3.959637309104105
1144,1229,1068,1,11.360488351411393
1145,708,834,1,4.389831624444016
1145,885,1276,1,10.705394585658723
1145,535,708,1,4.548441137468074
1145,885,672,1,5.876204136119103
1145,885,882,2,2.852794790784161
1145,885,965,1,6.123119155303686
1145,849,508,1,9.342303526294996
1145,965,882,1,3.616965677313317
1145,882,708,1,4.837510953567602
1145,882,659,1,9.424155624926374
1145,882,965,1,3.616965677313317
1145,1276,965,1,12.284417645367478
1145,931,849,1,4.4061387562478425
1145,708,965,1,6.739138237495128
1145,708,1229,1,14.16486062369625
1145,834,882,1,4.883195120135012
1145,834,965,1,3.83986736177262
1145,885,1102,1,5.875878565174106
1145,885,1229,1,8.89559413156451
1145,659,965,1,9.121352246650094
1145,1102,965,1,8.304116264398273
1145,1106,1068,1,4.880745078525951
1145,1013,931,1,4.405443882921528
1145,783,834,1,7.689481736045675
1145,783,1091,1,10.241109598832232
1145,783,566,1,5.876334276322891
1145,783,535,1,11.620421645142477
1145,783,965,1,10.498093903671007
1145,783,1068,2,26.525178301273773
1145,965,834,1,3.83986736177262
1145,965,885,1,6.123119155303686
1146,834,882,1,4.883195120135012
1146,965,1102,1,8.304116264398273
1146,882,708,1,4.837510953567602
1146,882,834,1,4.883195120135012
1146,882,885,1,2.852794790784161
1146,882,672,1,7.316385892068044
1146,931,849,1,4.4061387562478425
1146,834,708,1,4.389831624444016
1146,834,659,1,5.284552964469467
1146,359,672,1,13.82150748825628
1146,885,882,1,2.852794790784161
1146,659,965,1,9.121352246650094
1146,1091,1182,1,5.24631154396119
1146,1091,965,1,4.388654712140797
1146,1102,1276,1,4.836798739646007
1146,1102,1106,1,3.80171314717607
1146,849,931,1,4.4061387562478425
1146,1106,1102,1,3.80171314717607
1146,535,882,1,9.342211452816104
1146,783,882,1,12.561839638690564
1146,783,1276,1,22.606377139254327
1146,783,708,2,10.697285568723771
1146,783,1435,1,17.957022310236383
1146,783,659,1,5.809594285895007
1146,783,672,1,17.445012141301472
1146,965,882,1,3.616965677313317
1146,1229,882,1,9.341474227178574
1147,931,849,1,4.4061387562478425
1147,882,1276,1,12.01740314095659
1147,882,708,1,4.837510953567602
1147,882,834,2,4.883195120135012
1147,882,885,1,2.852794790784161
1147,882,849,1,9.574606006915822
1147,1276,1398,1,7.438993890374081
1147,708,882,1,4.837510953567602
1147,834,1013,1,8.005172893624191
1147,885,882,1,2.852794790784161
1147,659,672,1,12.368643675107524
1147,1102,1276,1,4.836798739646007
1147,1102,849,1,8.191991396325179
1147,849,885,1,6.749102957431653
1147,1106,885,1,7.965381677815221
1147,783,931,1,18.3740064075405
1147,783,359,1,12.499801205497114
1147,783,849,1,21.903135562742808
1147,965,882,2,3.616965677313317
1147,965,931,1,8.628970001760946
1147,965,1091,1,4.388654712140797
1147,965,1013,2,4.881725510082577
1147,1068,855,1,5.87594370452583
1147,1229,1106,1,6.605818539698737
1148,1013,1106,1,7.015517581545067
1148,931,849,1,4.4061387562478425
1148,834,882,1,4.883195120135012
1148,1013,1229,1,5.640389822593795
1148,882,1091,1,7.965381677815221
1148,882,535,1,9.342211452816104
1148,1276,1013,1,8.190822817543284
1148,855,849,1,5.706192977162224
1148,708,659,1,5.815596432206299
1148,708,1091,1,10.705966675099036
1148,708,535,1,4.548441137468074
1148,708,965,2,6.739138237495128
1148,834,885,1,7.688685710981335
1148,885,855,1,12.412669367198909
1148,885,931,1,3.0617002345235647
1148,885,849,1,6.749102957431653
1148,659,708,1,5.815596432206299
1148,1091,783,1,10.241109598832232
1148,849,931,1,4.4061387562478425
1148,1106,1102,1,3.80171314717607
1148,783,708,1,10.697285568723771
1148,783,885,1,15.378166398318458
1148,783,965,1,10.498093903671007
1148,965,882,1,3.616965677313317
1149,834,535,1,8.012842951904279
1149,834,882,2,4.883195120135012
1149,855,1068,1,5.87594370452583
1149,834,708,2,4.389831624444016
1149,882,834,1,4.883195120135012
1149,882,885,1,2.852794790784161
1149,882,672,1,7.316385892068044
1149,1276,1229,1,3.959637309104105
1149,885,849,1,6.749102957431653
1149,1398,882,1,13.343391197346763
1149,1398,1229,1,5.282433425576492
1149,1102,1229,1,3.8392690799482057
1149,849,931,1,4.4061387562478425
1149,1106,1102,1,3.80171314717607
1149,1013,1102,1,3.616251246210677
1149,783,1276,2,22.606377139254327
1149,965,1182,1,5.875748248781206
1150,882,917,1,7.68788945836583
1150,882,1013,2,3.839767699909249
1150,708,535,1,4.548441137468074
1150,834,1106,1,14.888705663916236
1150,885,1068,1,11.364565785437158
1150,659,834,1,5.284552964469467
1150,659,1229,1,17.8420518180728
1150,1091,1435,1,8.895594131564904
1150,1102,1106,1,3.80171314717607
1150,783,834,1,7.689481736045675
1150,783,566,1,5.876334276322891
1150,783,1229,1,18.841160835534616
1150,965,882,1,3.616965677313317
1150,965,834,1,3.83986736177262
1150,1229,1013,1,5.640389822593795
1151,834,1013,1,8.005172893624191
1151,882,885,1,2.852794790784161
1151,834,882,1,4.883195120135012
1151,708,882,2,4.837510953567602
1151,708,834,1,4.389831624444016
1151,708,965,1,6.739138237495128
1151,834,885,1,7.688685710981335
1151,849,508,1,9.342303526294996
1151,1013,931,1,4.405443882921528
1151,783,1182,1,15.175538880502293
1151,783,834,1,7.689481736045675
1151,783,566,1,5.876334276322891
1151,783,965,3,10.498093903671007
1151,1068,855,1,5.87594370452583
1152,882,931,1,5.812636165404913
1152,882,1013,1,3.839767699909249
1152,882,834,1,4.883195120135012
1152,931,849,1,4.4061387562478425
1152,1182,882,1,7.841474878454721
1152,1182,1013,1,5.283249325636405
1152,834,882,2,4.883195120135012
1152,885,882,1,2.852794790784161
1152,885,535,1,10.569431103772471
1152,885,1013,1,3.46869779664105
1152,1102,885,1,5.875878565174106
1152,1102,965,1,8.304116264398273
1152,1106,1276,2,4.836798739645476
1152,1106,1013,1,7.015517581545067
1152,535,885,1,10.569431103772471
1152,1013,885,1,3.46869779664105
1152,783,659,1,5.809594285895007
1152,783,849,1,21.903135562742808
1153,882,885,6,2.852794790784161
1153,882,849,3,9.574606006915822
1153,882,1106,1,10.203820878312005
1153,882,708,3,4.837510953567602
1153,882,672,2,7.316385892068044
1153,882,965,1,3.616965677313317
1153,834,708,2,4.389831624444016
1153,834,535,1,8.012842951904279
1153,659,1102,1,16.62723071775665
1153,659,566,1,7.02219411294688
1153,931,885,1,3.0617002345235647
1153,885,882,1,2.852794790784161
1153,1013,1182,1,5.283249325636405
1153,965,834,2,3.83986736177262
1154,708,834,1,4.389831624444016
1154,882,659,1,9.424155624926374
1154,931,849,1,4.4061387562478425
1154,1182,882,1,7.841474878454721
1154,1182,1229,1,3.960024365898536
1154,708,882,1,4.837510953567602
1154,708,535,1,4.548441137468074
1154,834,931,1,10.694040075602611
1154,834,659,1,5.284552964469467
1154,834,965,1,3.83986736177262
1154,885,882,1,2.852794790784161
1154,885,672,1,5.876204136119103
1154,1013,1102,1,3.616251246210677
1154,965,1091,1,4.388654712140797
1154,1229,1182,1,3.960024365898536
1155,882,931,1,5.812636165404913
1155,882,834,2,4.883195120135012
1155,931,672,1,6.73915242731767
1155,708,917,1,7.967110892206104
1155,708,1013,1,8.663428210145081
1155,885,931,2,3.0617002345235647
1155,885,672,1,5.876204136119103
1155,659,882,1,9.424155624926374
1155,1106,1102,1,3.80171314717607
1156,882,535,1,9.342211452816104
1156,834,882,1,4.883195120135012
1156,834,708,1,4.389831624444016
1156,1102,885,1,5.875878565174106
1156,849,1106,1,6.739095652327052
1156,965,1091,1,4.388654712140797
1156,1068,882,1,14.033707701296978
1157,882,931,4,5.812636165404913
1157,882,885,2,2.852794790784161
1157,882,965,1,3.616965677313317
1157,834,1182,1,9.674230674179531
1157,885,882,1,2.852794790784161
1157,885,1106,1,7.965381677815221
1158,885,931,1,3.0617002345235647
1158,882,1229,1,9.341474227178574
1158,1182,1398,1,5.640321895106829
1158,708,882,1,4.837510953567602
1159,882,885,1,2.852794790784161
1159,885,659,1,11.84843418422244
1159,1398,965,1,11.479089287938937
1159,1102,1106,1,3.80171314717607
1159,965,1091,1,4.388654712140797
1160,1106,1102,1,3.80171314717607
1160,965,783,1,10.498093903671007
1161,882,834,1,4.883195120135012
1161,834,965,1,3.83986736177262
1161,882,931,2,5.812636165404913
1161,1276,1102,1,4.836798739646007
1161,535,783,1,11.620421645142477
1161,1229,659,1,17.8420518180728
1162,1182,1435,1,8.189653224238826
1162,834,783,1,7.689481736045675
1162,1398,783,1,19.874616662347663
1162,535,783,1,11.620421645142477
1162,965,783,1,10.498093903671007
1163,885,1091,1,10.203820878312005
1163,1091,783,2,10.241109598832232
1163,566,783,1,5.876334276322891
1163,535,783,3,11.620421645142477
1163,1229,885,1,8.89559413156451
1163,1229,783,1,18.841160835534616
1164,885,783,1,15.378166398318458
1164,931,783,1,18.3740064075405
1164,1435,783,1,17.957022310236383
1164,659,783,1,5.809594285895007
1164,1091,783,1,10.241109598832232
1164,1398,783,1,19.874616662347663
1164,1102,882,1,7.314751476768936
1164,1102,783,1,18.800951364959644
1164,849,783,1,21.903135562742808
1164,1106,783,1,22.318447076891776
1164,1013,783,1,15.308499342485224
1164,672,783,1,17.445012141301472
1164,1229,783,1,18.841160835534616
1165,882,1013,2,3.839767699909249
1165,882,885,1,2.852794790784161
1165,965,783,4,10.498093903671007
1165,834,783,2,7.689481736045675
1165,885,783,4,15.378166398318458
1165,882,783,1,12.561839638690564
1165,882,965,1,3.616965677313317
1165,708,783,2,10.697285568723771
1165,834,882,1,4.883195120135012
1165,1276,783,1,22.606377139254327
1165,931,783,1,18.3740064075405
1165,508,359,1,19.329739943907907
1165,659,783,1,5.809594285895007
1165,1091,783,1,10.241109598832232
1165,1398,783,1,19.874616662347663
1165,566,783,1,5.876334276322891
1165,849,783,1,21.903135562742808
1165,535,783,1,11.620421645142477
1165,783,849,1,21.903135562742808
1165,672,783,2,17.445012141301472
1165,1068,708,1,17.624551847596877
1165,1068,783,1,26.525178301273773
1165,1229,1276,1,3.959637309104105
1165,1229,783,1,18.841160835534616
1166,965,783,1,10.498093903671007
1166,882,1013,1,3.839767699909249
1166,1276,783,2,22.606377139254327
1166,1276,1229,1,3.959637309104105
1166,1102,783,1,18.800951364959644
1166,566,783,1,5.876334276322891
1166,849,783,2,21.903135562742808
1166,1106,965,1,11.884713829537391
1166,1106,1229,1,6.605818539698737
1166,1013,783,2,15.308499342485224
1166,783,566,1,5.876334276322891
1166,672,885,1,5.876204136119103
1167,882,708,1,4.837510953567602
1167,917,783,1,5.8083597500151045
1167,708,783,1,10.697285568723771
1167,849,885,1,6.749102957431653
1167,1013,1229,1,5.640389822593795
1167,965,882,1,3.616965677313317
1167,1229,1276,2,3.959637309104105
1167,1229,931,1,8.28950012214804
1167,1229,1102,1,3.8392690799482057
1168,882,885,1,2.852794790784161
1168,931,1102,1,4.548251915941359
1168,708,783,1,10.697285568723771
1168,885,1102,1,5.875878565174106
1168,885,783,1,15.378166398318458
1168,1102,783,1,18.800951364959644
1168,849,783,1,21.903135562742808
1168,849,1068,1,6.736061142863373
1168,783,708,1,10.697285568723771
1168,1229,1276,1,3.959637309104105
1168,1229,783,1,18.841160835534616
1169,965,783,5,10.498093903671007
1169,834,708,2,4.389831624444016
1169,931,783,3,18.3740064075405
1169,834,659,1,5.284552964469467
1169,834,783,6,7.689481736045675
1169,1091,783,2,10.241109598832232
1169,1013,885,1,3.46869779664105
1169,882,783,3,12.561839638690564
1169,917,783,1,5.8083597500151045
1169,708,834,2,4.389831624444016
1169,535,783,2,11.620421645142477
1169,882,965,2,3.616965677313317
1169,1091,965,1,4.388654712140797
1169,1102,783,1,18.800951364959644
1169,1013,783,1,15.308499342485224
1169,965,834,2,3.83986736177262
1169,1276,1102,1,4.836798739646007
1169,931,885,1,3.0617002345235647
1169,885,708,1,6.511469320496247
1169,1106,1229,1,6.605818539698737
1169,783,965,1,10.498093903671007
1169,672,849,1,6.511836392511076
1169,1068,849,1,6.736061142863373
1169,1229,783,1,18.841160835534616
1170,834,965,2,3.83986736177262
1170,965,708,1,6.739138237495128
1170,855,783,1,27.60378823743443
1170,708,931,1,9.423506251261468
1170,834,783,2,7.689481736045675
1170,885,882,1,2.852794790784161
1170,885,783,1,15.378166398318458
1170,659,882,1,9.424155624926374
1170,1398,885,1,13.644566108710274
1170,1102,1276,1,4.836798739646007
1170,1102,931,1,4.548251915941359
1170,849,931,1,4.4061387562478425
1170,1229,783,1,18.841160835534616
1171,931,849,2,4.4061387562478425
1171,882,885,1,2.852794790784161
1171,882,834,1,4.883195120135012
1171,1276,1102,1,4.836798739646007
1171,931,882,1,5.812636165404913
1171,708,882,1,4.837510953567602
1171,885,708,1,6.511469320496247
1171,885,1106,1,7.965381677815221
1171,1102,882,1,7.314751476768936
1171,849,931,1,4.4061387562478425
1171,783,1013,2,15.308499342485224
1171,965,882,2,3.616965677313317
1171,965,834,1,3.83986736177262
1172,931,672,1,6.73915242731767
1172,882,783,3,12.561839638690564
1172,1013,849,1,8.811582411969269
1172,882,708,2,4.837510953567602
1172,834,708,2,4.389831624444016
1172,885,1102,1,5.875878565174106
1172,1106,783,1,22.318447076891776
1172,1013,1276,1,8.190822817543284
1172,708,834,1,4.389831624444016
1172,708,885,1,6.511469320496247
1172,359,834,1,12.378619633278529
1172,1102,1229,1,3.8392690799482057
1172,849,931,1,4.4061387562478425
1172,783,834,1,7.689481736045675
1172,783,672,1,17.445012141301472
1172,965,885,1,6.123119155303686
1172,965,1102,1,8.304116264398273
1173,834,882,2,4.883195120135012
1173,931,1276,1,8.946223146223524
1173,931,708,1,9.423506251261468
1173,931,885,1,3.0617002345235647
1173,659,783,1,5.809594285895007
1173,917,783,2,5.8083597500151045
1173,931,783,1,18.3740064075405
1173,1091,882,1,7.965381677815221
1173,535,783,2,11.620421645142477
1173,1013,1182,1,5.283249325636405
1173,1229,1102,3,3.8392690799482057
1173,855,783,1,27.60378823743443
1173,834,708,3,4.389831624444016
1173,834,659,1,5.284552964469467
1173,834,1102,1,11.614659746948035
1173,834,783,5,7.689481736045675
1173,885,783,3,15.378166398318458
1173,1398,1276,1,7.438993890374081
1173,1102,931,3,4.548251915941359
1173,1106,1102,2,3.80171314717607
1173,1106,783,1,22.318447076891776
1173,535,882,1,9.342211452816104
1173,535,708,1,4.548441137468074
1173,1013,882,1,3.839767699909249
1173,1013,783,1,15.308499342485224
1173,1013,1229,1,5.640389822593795
1173,1229,1276,1,3.959637309104105
1173,1229,885,1,8.89559413156451
1173,1229,783,5,18.841160835534616
1173,882,834,1,4.883195120135012
1173,931,882,3,5.812636165404913
1173,931,1102,1,4.548251915941359
1173,931,1068,1,8.304853837171269
1173,1398,1068,1,16.00213801732287
1173,1106,1229,1,6.605818539698737
1173,1013,931,1,4.405443882921528
1173,1229,882,1,9.341474227178574
1173,1276,1013,1,8.190822817543284
1173,1276,1229,1,3.959637309104105
1173,708,535,1,4.548441137468074
1173,708,783,1,10.697285568723771
1173,885,882,1,2.852794790784161
1173,783,882,2,12.561839638690564
1173,1068,1102,1,8.626274418583195
1174,882,834,1,4.883195120135012
1174,931,849,2,4.4061387562478425
1174,834,535,1,8.012842951904279
1174,885,931,2,3.0617002345235647
1174,931,882,2,5.812636165404913
1174,708,834,1,4.389831624444016
1174,659,708,1,5.815596432206299
1174,1102,885,1,5.875878565174106
1174,849,931,1,4.4061387562478425
1174,535,783,1,11.620421645142477
1174,783,535,1,11.620421645142477
1174,1229,1276,1,3.959637309104105
1174,1229,1102,1,3.8392690799482057
1175,931,855,1,9.765900232263595
1175,535,659,1,5.810827883107414
1175,535,834,1,8.012842951904279
1175,882,535,1,9.342211452816104
1175,882,965,2,3.616965677313317
1175,1276,783,1,22.606377139254327
1175,931,1013,1,4.405443882921528
1175,931,672,1,6.73915242731767
1175,708,834,1,4.389831624444016
1175,834,659,1,5.284552964469467
1175,834,783,1,7.689481736045675
1175,885,783,1,15.378166398318458
1175,1102,849,1,8.191991396325179
1175,1102,1106,1,3.80171314717607
1175,1102,1229,1,3.8392690799482057
1175,849,931,2,4.4061387562478425
1175,849,885,1,6.749102957431653
1175,1013,931,1,4.405443882921528
1175,783,917,1,5.8083597500151045
1175,783,834,2,7.689481736045675
1175,783,885,1,15.378166398318458
1175,783,659,1,5.809594285895007
1175,672,931,2,6.73915242731767
1175,1068,1106,1,4.880745078525951
1175,1229,783,1,18.841160835534616
1176,659,783,2,5.809594285895007
1176,917,1091,1,4.837115435970083
1176,855,1068,1,5.87594370452583
1176,834,783,3,7.689481736045675
1176,659,834,1,5.284552964469467
1176,882,708,2,4.837510953567602
1176,882,885,1,2.852794790784161
1176,882,535,1,9.342211452816104
1176,882,965,1,3.616965677313317
1176,931,783,1,18.3740064075405
1176,1182,1102,1,6.120304815079837
1176,708,882,1,4.837510953567602
1176,708,783,2,10.697285568723771
1176,834,535,1,8.012842951904279
1176,885,882,2,2.852794790784161
1176,1106,1276,1,4.836798739645476
1176,1106,783,1,22.318447076891776
1176,535,885,1,10.569431103772471
1176,783,708,1,10.697285568723771
1176,783,508,1,25.93420023872912
1176,783,672,1,17.445012141301472
1176,965,1013,1,4.881725510082577
1176,965,783,1,10.498093903671007
1176,1229,783,1,18.841160835534616
1177,659,783,2,5.809594285895007
1177,885,1013,1,3.46869779664105
1177,1091,1182,1,5.24631154396119
1177,1091,783,2,10.241109598832232
1177,1106,882,1,10.203820878312005
1177,965,834,2,3.83986736177262
1177,885,1102,1,5.875878565174106
1177,1091,834,1,6.739095652327052
1177,535,1106,1,18.41773778392903
1177,885,931,1,3.0617002345235647
1177,885,708,2,6.511469320496247
1177,1091,965,1,4.388654712140797
1177,1398,1276,1,7.438993890374081
1177,535,708,2,4.548441137468074
1177,535,834,2,8.012842951904279
1177,965,882,1,3.616965677313317
1177,882,1013,2,3.839767699909249
1177,882,783,1,12.561839638690564
1177,882,965,1,3.616965677313317
1177,1276,783,2,22.606377139254327
1177,931,885,1,3.0617002345235647
1177,931,1102,1,4.548251915941359
1177,931,849,1,4.4061387562478425
1177,931,783,1,18.3740064075405
1177,1182,783,1,15.175538880502293
1177,708,834,2,4.389831624444016
1177,834,659,1,5.284552964469467
1177,1102,1106,1,3.80171314717607
1177,1106,1276,1,4.836798739645476
1177,535,882,1,9.342211452816104
1177,1013,931,1,4.405443882921528
1177,1013,965,1,4.881725510082577
1177,783,1276,1,22.606377139254327
1177,783,917,1,5.8083597500151045
1177,783,885,1,15.378166398318458
1177,783,965,1,10.498093903671007
1177,965,1013,1,4.881725510082577
1177,1229,1013,1,5.640389822593795
1178,1106,1102,1,3.80171314717607
1178,1276,1229,1,3.959637309104105
1178,834,783,3,7.689481736045675
1178,659,834,1,5.284552964469467
1178,965,849,1,12.803650760757485
1178,882,885,1,2.852794790784161
1178,882,783,2,12.561839638690564
1178,1276,1102,1,4.836798739646007
1178,931,849,2,4.4061387562478425
1178,1182,783,1,15.175538880502293
1178,708,882,1,4.837510953567602
1178,708,834,1,4.389831624444016
1178,708,965,1,6.739138237495128
1178,1102,882,2,7.314751476768936
1178,566,783,1,5.876334276322891
1178,849,931,2,4.4061387562478425
1178,1106,1276,1,4.836798739645476
1178,1013,1106,1,7.015517581545067
1178,783,882,1,12.561839638690564
1178,783,931,1,18.3740064075405
1178,783,708,1,10.697285568723771
1178,783,965,1,10.498093903671007
1178,965,1013,1,4.881725510082577
1179,1106,1102,1,3.80171314717607
1179,882,1106,1,10.203820878312005
1179,882,708,3,4.837510953567602
1179,931,882,1,5.812636165404913
1179,1229,1013,1,5.640389822593795
1179,917,1091,1,4.837115435970083
1179,931,885,2,3.0617002345235647
1179,708,834,1,4.389831624444016
1179,508,1106,1,16.025446935620938
1179,834,708,1,4.389831624444016
1179,834,783,1,7.689481736045675
1179,1435,1182,1,8.189653224238826
1179,885,931,1,3.0617002345235647
1179,885,1102,1,5.875878565174106
1179,885,783,1,15.378166398318458
1179,885,965,1,6.123119155303686
1179,1102,1106,1,3.80171314717607
1179,1102,1229,1,3.8392690799482057
1179,783,1276,1,22.606377139254327
1179,783,1182,2,15.175538880502293
1179,783,708,1,10.697285568723771
1179,783,834,1,7.689481736045675
1179,783,659,1,5.809594285895007
1179,783,965,1,10.498093903671007
1179,672,965,1,10.884705359638655
1179,965,882,1,3.616965677313317
1179,965,834,1,3.83986736177262
1179,965,1106,1,11.884713829537391
1179,1068,855,1,5.87594370452583
1179,1068,783,1,26.525178301273773
1180,1106,1102,2,3.80171314717607
1180,882,1013,1,3.839767699909249
1180,659,708,1,5.815596432206299
1180,1091,535,1,14.734241785551282
1180,882,834,1,4.883195120135012
1180,931,849,1,4.4061387562478425
1180,708,882,1,4.837510953567602
1180,708,535,1,4.548441137468074
1180,834,882,1,4.883195120135012
1180,834,708,1,4.389831624444016
1180,834,659,1,5.284552964469467
1180,834,1013,1,8.005172893624191
1180,834,783,3,7.689481736045675
1180,885,882,1,2.852794790784161
1180,1106,783,1,22.318447076891776
1180,1013,931,1,4.405443882921528
1180,672,931,1,6.73915242731767
1180,965,882,1,3.616965677313317
1180,965,1013,1,4.881725510082577
1180,1229,882,1,9.341474227178574
1181,1229,1102,2,3.8392690799482057
1181,1091,917,1,4.837115435970083
1181,1398,1229,1,5.282433425576492
1181,1229,783,2,18.841160835534616
1181,882,931,3,5.812636165404913
1181,882,849,1,9.574606006915822
1181,882,535,1,9.342211452816104
1181,1435,783,1,17.957022310236383
1181,882,885,1,2.852794790784161
1181,882,659,1,9.424155624926374
1181,882,783,1,12.561839638690564
1181,882,965,2,3.616965677313317
1181,931,783,2,18.3740064075405
1181,834,1229,1,12.569063966979074
1181,359,783,1,12.499801205497114
1181,535,783,2,11.620421645142477
1181,882,708,1,4.837510953567602
1181,1182,783,1,15.175538880502293
1181,708,834,1,4.389831624444016
1181,708,849,1,11.8916662824573
1181,708,783,1,10.697285568723771
1181,834,708,1,4.389831624444016
1181,885,931,1,3.0617002345235647
1181,659,834,1,5.284552964469467
1181,1102,882,1,7.314751476768936
1181,1102,1276,1,4.836798739646007
1181,1102,849,1,8.191991396325179
1181,849,931,1,4.4061387562478425
1181,849,1102,1,8.191991396325179
1181,1106,849,1,6.739095652327052
1181,1013,659,1,13.022203254976295
1181,783,566,1,5.876334276322891
1181,783,1068,1,26.525178301273773
1181,965,783,1,10.498093903671007
1182,917,783,1,5.8083597500151045
1182,708,882,1,4.837510953567602
1182,566,783,1,5.876334276322891
1182,1229,659,1,17.8420518180728
1182,1229,1013,1,5.640389822593795
1182,882,834,1,4.883195120135012
1182,882,1229,1,9.341474227178574
1182,931,882,1,5.812636165404913
1182,931,849,1,4.4061387562478425
1182,931,535,1,13.170081658182124
1182,708,885,1,6.511469320496247
1182,834,882,1,4.883195120135012
1182,834,917,1,3.617203703030827
1182,885,882,1,2.852794790784161
1182,1102,1013,1,3.616251246210677
1182,1102,783,2,18.800951364959644
1182,849,1276,1,11.479314497557898
1182,535,359,1,5.855067293961566
1182,535,783,1,11.620421645142477
1182,1013,885,1,3.46869779664105
1182,783,1182,1,15.175538880502293
1182,783,834,1,7.689481736045675
1182,965,882,1,3.616965677313317
1182,965,931,1,8.628970001760946
1182,1068,965,1,16.31300252904951
1183,359,783,1,12.499801205497114
1183,917,783,1,5.8083597500151045
1183,834,659,1,5.284552964469467
1183,885,1013,1,3.46869779664105
1183,1229,783,1,18.841160835534616
1183,882,834,1,4.883195120135012
1183,882,885,2,2.852794790784161
1183,882,659,1,9.424155624926374
1183,1276,783,1,22.606377139254327
1183,931,885,1,3.0617002345235647
1183,834,882,1,4.883195120135012
1183,885,882,1,2.852794790784161
1183,659,783,1,5.809594285895007
1183,849,931,1,4.4061387562478425
1183,849,1106,1,6.739095652327052
1183,849,1013,1,8.811582411969269
1183,535,708,1,4.548441137468074
1183,1013,1106,1,7.015517581545067
1183,783,931,1,18.3740064075405
1183,783,834,1,7.689481736045675
1183,783,1068,1,26.525178301273773
1183,965,783,1,10.498093903671007
1184,834,783,1,7.689481736045675
1184,885,1013,1,3.46869779664105
1184,708,834,1,4.389831624444016
1184,1106,1102,1,3.80171314717607
1184,1068,783,1,26.525178301273773
1184,882,708,1,4.837510953567602
1184,882,885,2,2.852794790784161
1184,882,659,1,9.424155624926374
1184,1276,882,1,12.01740314095659
1184,1276,1106,1,4.836798739645476
1184,931,885,1,3.0617002345235647
1184,1182,965,1,5.875748248781206
1184,834,708,1,4.389831624444016
1184,849,931,1,4.4061387562478425
1184,1106,1276,1,4.836798739645476
1184,535,708,1,4.548441137468074
1184,1013,1182,1,5.283249325636405
1184,1013,885,1,3.46869779664105
1184,783,834,1,7.689481736045675
1184,783,1398,1,19.874616662347663
1184,783,566,1,5.876334276322891
1184,783,1106,1,22.318447076891776
1184,783,535,2,11.620421645142477
1184,783,672,1,17.445012141301472
1185,834,965,3,3.83986736177262
1185,1091,783,2,10.241109598832232
1185,566,783,1,5.876334276322891
1185,1102,1182,1,6.120304815079837
1185,1102,1229,1,3.8392690799482057
1185,1229,1276,1,3.959637309104105
1185,1276,1102,1,4.836798739646007
1185,1182,783,1,15.175538880502293
1185,1102,1276,1,4.836798739646007
1185,965,783,2,10.498093903671007
1185,1229,783,1,18.841160835534616
1185,882,885,1,2.852794790784161
1185,882,659,1,9.424155624926374
1185,931,783,2,18.3740064075405
1185,885,708,1,6.511469320496247
1185,885,834,1,7.688685710981335
1185,1102,882,1,7.314751476768936
1185,535,783,1,11.620421645142477
1185,783,1276,1,22.606377139254327
1185,783,834,2,7.689481736045675
1185,783,659,1,5.809594285895007
1185,783,535,1,11.620421645142477
1185,672,885,1,5.876204136119103
1185,965,885,1,6.123119155303686
1186,882,783,1,12.561839638690564
1186,965,1229,1,8.77672016628073
1186,708,834,1,4.389831624444016
1186,708,535,2,4.548441137468074
1186,834,882,2,4.883195120135012
1186,834,783,1,7.689481736045675
1186,885,882,1,2.852794790784161
1186,1398,882,1,13.343391197346763
1186,1102,1106,1,3.80171314717607
1186,849,672,1,6.511836392511076
1186,965,882,2,3.616965677313317
1186,1229,1276,1,3.959637309104105
1187,882,1013,1,3.839767699909249
1187,672,783,1,17.445012141301472
1187,882,708,1,4.837510953567602
1187,882,885,2,2.852794790784161
1187,882,965,1,3.616965677313317
1187,882,834,1,4.883195120135012
1187,855,849,1,5.706192977162224
1187,834,882,1,4.883195120135012
1187,834,965,1,3.83986736177262
1187,885,882,1,2.852794790784161
1187,659,535,1,5.810827883107414
1187,535,708,1,4.548441137468074
1187,535,834,1,8.012842951904279
1187,1013,1102,1,3.616251246210677
1187,1013,1106,1,7.015517581545067
1187,783,882,1,12.561839638690564
1187,783,931,1,18.3740064075405
1187,783,834,1,7.689481736045675
1187,783,672,1,17.445012141301472
1187,783,1068,1,26.525178301273773
1187,1229,1276,1,3.959637309104105
1188,672,931,1,6.73915242731767
1188,965,1229,2,8.77672016628073
1188,931,1229,1,8.28950012214804
1188,834,882,2,4.883195120135012
1188,849,931,1,4.4061387562478425
1188,1013,885,1,3.46869779664105
1188,882,708,1,4.837510953567602
1188,882,885,1,2.852794790784161
1188,882,1013,1,3.839767699909249
1188,1182,783,1,15.175538880502293
1188,708,931,1,9.423506251261468
1188,708,535,1,4.548441137468074
1188,834,783,1,7.689481736045675
1188,885,882,2,2.852794790784161
1188,885,672,1,5.876204136119103
1188,659,508,1,20.473309512060556
1188,659,834,2,5.284552964469467
1188,1102,931,1,4.548251915941359
1188,535,708,1,4.548441137468074
1188,783,1276,1,22.606377139254327
1188,783,931,1,18.3740064075405
1188,783,535,1,11.620421645142477
1188,1068,931,1,8.304853837171269
1189,917,1091,1,4.837115435970083
1189,931,1106,1,5.283575443416337
1189,359,783,1,12.499801205497114
1189,849,855,1,5.706192977162224
1189,849,508,2,9.342303526294996
1189,965,834,2,3.83986736177262
1189,965,1013,5,4.881725510082577
1189,931,882,1,5.812636165404913
1189,1091,917,1,4.837115435970083
1189,1102,1229,1,3.8392690799482057
1189,849,885,1,6.749102957431653
1189,849,1068,1,6.736061142863373
1189,1229,1013,1,5.640389822593795
1189,882,834,3,4.883195120135012
1189,931,885,1,3.0617002345235647
1189,834,1182,1,9.674230674179531
1189,834,659,1,5.284552964469467
1189,1398,1229,1,5.282433425576492
1189,1102,849,1,8.191991396325179
1189,1102,783,1,18.800951364959644
1189,1013,1276,1,8.190822817543284
1189,672,849,1,6.511836392511076
1189,1229,783,1,18.841160835534616
1189,882,672,1,7.316385892068044
1189,708,885,2,6.511469320496247
1189,708,659,1,5.815596432206299
1189,834,708,2,4.389831624444016
1189,885,1013,1,3.46869779664105
1189,659,535,1,5.810827883107414
1189,849,931,1,4.4061387562478425
1189,1013,849,1,8.811582411969269
1189,783,882,1,12.561839638690564
1189,783,1276,1,22.606377139254327
1189,783,535,1,11.620421645142477
1190,659,1229,1,17.8420518180728
1190,849,672,1,6.511836392511076
1190,708,882,1,4.837510953567602
1190,834,885,1,7.688685710981335
1190,834,783,1,7.689481736045675
1190,834,965,1,3.83986736177262
1190,659,965,1,9.121352246650094
1190,882,834,1,4.883195120135012
1190,882,885,1,2.852794790784161
1190,917,783,1,5.8083597500151045
1190,708,535,1,4.548441137468074
1190,834,708,2,4.389831624444016
1190,885,783,1,15.378166398318458
1190,885,965,1,6.123119155303686
1190,849,931,1,4.4061387562478425
1190,849,508,1,9.342303526294996
1190,1106,1276,1,4.836798739645476
1190,1013,882,1,3.839767699909249
1190,783,885,1,15.378166398318458
1190,783,965,2,10.498093903671007
1190,1229,1398,1,5.282433425576492
1191,965,882,3,3.616965677313317
1191,965,1013,2,4.881725510082577
1191,882,931,2,5.812636165404913
1191,882,708,1,4.837510953567602
1191,882,965,1,3.616965677313317
1191,834,659,1,5.284552964469467
1191,885,931,1,3.0617002345235647
1191,885,1102,1,5.875878565174106
1191,1398,885,1,13.644566108710274
1191,1013,535,1,13.123524045686974
1191,783,931,1,18.3740064075405
1191,783,708,2,10.697285568723771
1191,783,885,1,15.378166398318458
1191,783,566,1,5.876334276322891
1191,783,1068,1,26.525178301273773
1192,965,1013,1,4.881725510082577
1192,882,931,1,5.812636165404913
1192,882,965,1,3.616965677313317
1192,882,1068,1,14.033707701296978
1192,1276,1398,1,7.438993890374081
1192,931,849,1,4.4061387562478425
1192,708,834,1,4.389831624444016
1192,708,659,1,5.815596432206299
1192,708,535,1,4.548441137468074
1192,708,783,2,10.697285568723771
1192,885,882,2,2.852794790784161
1192,885,1229,1,8.89559413156451
1192,659,535,1,5.810827883107414
1192,1102,834,1,11.614659746948035
1192,1106,1276,1,4.836798739645476
1192,535,708,1,4.548441137468074
1192,1013,1102,1,3.616251246210677
1192,783,882,1,12.561839638690564
1192,783,708,1,10.697285568723771
1192,783,566,1,5.876334276322891
1192,783,535,1,11.620421645142477
1192,783,672,1,17.445012141301472
1192,672,535,1,8.311483007291683
1193,965,1182,1,5.875748248781206
1193,659,783,3,5.809594285895007
1193,1102,1013,1,3.616251246210677
1193,965,834,2,3.83986736177262
1193,965,849,1,12.803650760757485
1193,834,882,2,4.883195120135012
1193,834,931,1,10.694040075602611
1193,849,834,1,14.265481524111957
1193,849,672,1,6.511836392511076
1193,882,1013,2,3.839767699909249
1193,917,783,1,5.8083597500151045
1193,834,659,1,5.284552964469467
1193,834,783,2,7.689481736045675
1193,882,931,1,5.812636165404913
1193,882,708,1,4.837510953567602
1193,1276,1229,1,3.959637309104105
1193,931,834,1,10.694040075602611
1193,834,965,1,3.83986736177262
1193,885,1106,1,7.965381677815221
1193,659,965,1,9.121352246650094
1193,1091,1182,1,5.24631154396119
1193,1398,1182,1,5.640321895106829
1193,1102,849,1,8.191991396325179
1193,1013,965,1,4.881725510082577
1193,783,882,3,12.561839638690564
1193,783,834,3,7.689481736045675
1193,783,1013,1,15.308499342485224
1193,965,882,1,3.616965677313317
1193,1229,1276,2,3.959637309104105
1193,1229,1398,1,5.282433425576492
1194,834,708,1,4.389831624444016
1194,659,708,1,5.815596432206299
1194,1106,1068,1,4.880745078525951
1194,965,1013,1,4.881725510082577
1194,882,931,1,5.812636165404913
1194,882,1182,1,7.841474878454721
1194,882,834,1,4.883195120135012
1194,882,885,1,2.852794790784161
1194,882,965,1,3.616965677313317
1194,931,1102,1,4.548251915941359
1194,708,1276,1,16.79773773026525
1194,708,535,1,4.548441137468074
1194,834,882,1,4.883195120135012
1194,834,965,1,3.83986736177262
1194,849,508,1,9.342303526294996
1194,535,359,1,5.855067293961566
1194,783,1182,1,15.175538880502293
1194,783,659,1,5.809594285895007
1194,783,1091,1,10.241109598832232
1194,783,566,1,5.876334276322891
1194,783,535,1,11.620421645142477
1194,672,885,1,5.876204136119103
1194,965,672,1,10.884705359638655
1194,1229,882,1,9.341474227178574
1194,1229,1013,1,5.640389822593795
1195,885,1182,1,8.662721360426067
1195,885,849,1,6.749102957431653
1195,931,1229,1,8.28950012214804
1195,708,882,1,4.837510953567602
1195,708,834,1,4.389831624444016
1195,834,917,1,3.617203703030827
1195,834,931,1,10.694040075602611
1195,834,885,1,7.688685710981335
1195,834,783,1,7.689481736045675
1195,834,965,1,3.83986736177262
1195,359,659,1,7.84162119104212
1195,1102,882,1,7.314751476768936
1195,783,917,1,5.8083597500151045
1195,783,708,1,10.697285568723771
1195,783,834,1,7.689481736045675
1195,965,1091,1,4.388654712140797
1196,882,917,1,7.68788945836583
1196,882,931,1,5.812636165404913
1196,1276,1398,1,7.438993890374081
1196,1276,1229,1,3.959637309104105
1196,931,882,1,5.812636165404913
1196,931,672,1,6.73915242731767
1196,708,882,1,4.837510953567602
1196,834,659,1,5.284552964469467
1196,834,1091,1,6.739095652327052
1196,885,834,1,7.688685710981335
1196,659,882,1,9.424155624926374
1196,535,885,1,10.569431103772471
1196,1013,965,1,4.881725510082577
1196,783,1276,1,22.606377139254327
1196,783,855,1,27.60378823743443
1196,783,659,2,5.809594285895007
1196,783,1398,1,19.874616662347663
1196,783,566,1,5.876334276322891
1196,783,1013,2,15.308499342485224
1196,965,1091,1,4.388654712140797
1197,885,1013,1,3.46869779664105
1197,885,882,2,2.852794790784161
1197,1102,1229,1,3.8392690799482057
1197,359,834,1,12.378619633278529
1197,882,1276,1,12.01740314095659
1197,882,885,2,2.852794790784161
1197,882,1106,1,10.203820878312005
1197,882,965,1,3.616965677313317
1197,1276,882,2,12.01740314095659
1197,931,882,1,5.812636165404913
1197,931,885,1,3.0617002345235647
1197,931,659,1,14.893741670685255
1197,931,1013,1,4.405443882921528
1197,931,1068,1,8.304853837171269
1197,708,882,1,4.837510953567602
1197,834,965,1,3.83986736177262
1197,1102,1106,1,3.80171314717607
1197,849,931,1,4.4061387562478425
1197,783,1182,1,15.175538880502293
1197,783,708,1,10.697285568723771
1197,783,535,1,11.620421645142477
1197,783,965,1,10.498093903671007
1197,965,882,1,3.616965677313317
1197,965,1106,1,11.884713829537391
1197,965,1229,1,8.77672016628073
1198,882,931,1,5.812636165404913
1198,885,1276,1,10.705394585658723
1198,885,1182,1,8.662721360426067
1198,885,1091,1,10.203820878312005
1198,1106,882,1,10.203820878312005
1198,882,885,4,2.852794790784161
1198,882,965,2,3.616965677313317
1198,1276,1435,1,13.12435356350428
1198,708,783,1,10.697285568723771
1198,834,849,1,14.265481524111957
1198,1091,885,1,10.203820878312005
1198,849,882,1,9.574606006915822
1198,849,1068,1,6.736061142863373
1198,1013,1106,1,7.015517581545067
1198,783,708,1,10.697285568723771
1198,783,849,1,21.903135562742808
1198,783,1013,1,15.308499342485224
1198,965,882,1,3.616965677313317
1198,965,834,2,3.83986736177262
1199,708,834,1,4.389831624444016
1199,885,672,1,5.876204136119103
1199,882,931,1,5.812636165404913
1199,882,885,1,2.852794790784161
1199,882,1102,1,7.314751476768936
1199,931,1106,1,5.283575443416337
1199,885,834,1,7.688685710981335
1199,1106,1276,1,4.836798739645476
1199,1106,1102,1,3.80171314717607
1199,783,1182,1,15.175538880502293
1199,783,1435,1,17.957022310236383
1199,965,1276,1,12.284417645367478
1200,834,672,1,10.50082625207165
1200,1435,834,1,15.596269779590257
1200,1102,1106,2,3.80171314717607
1200,783,882,1,12.561839638690564
1200,783,834,2,7.689481736045675
1200,783,885,1,15.378166398318458
1200,783,659,1,5.809594285895007
1200,783,965,1,10.498093903671007
1200,965,535,1,11.11949266445603
1200,1068,849,1,6.736061142863373
1201,1102,1229,2,3.8392690799482057
1201,882,849,1,9.574606006915822
1201,882,708,1,4.837510953567602
1201,882,885,2,2.852794790784161
1201,882,1013,1,3.839767699909249
1201,965,1398,1,11.479089287938937
1201,1276,885,1,10.705394585658723
1201,1276,1106,1,4.836798739645476
1201,834,885,1,7.688685710981335
1201,1435,1398,1,5.805514364498899
1201,885,882,1,2.852794790784161
1201,1106,1102,1,3.80171314717607
1201,1013,672,1,9.341935125969725
1201,783,931,1,18.3740064075405
1201,783,535,1,11.620421645142477
1201,1229,1102,1,3.8392690799482057
1201,1229,965,1,8.77672016628073
1202,882,834,1,4.883195120135012
1202,708,1106,1,14.476051732619457
1202,834,659,1,5.284552964469467
1202,885,931,1,3.0617002345235647
1202,885,1106,1,7.965381677815221
1202,672,855,1,11.369656353246375
1202,965,882,1,3.616965677313317
1202,965,708,1,6.739138237495128
1203,882,535,1,9.342211452816104
1203,708,1182,1,12.26833953852524
1203,834,885,1,7.688685710981335
1203,885,882,1,2.852794790784161
1204,882,885,1,2.852794790784161
1204,1102,1013,1,3.616251246210677
1204,849,672,1,6.511836392511076
1205,882,834,2,4.883195120135012
1205,882,1229,2,9.341474227178574
1205,882,931,2,5.812636165404913
1205,965,885,1,6.123119155303686
1208,535,1013,2,13.123524045686974
1209,882,1102,1,7.314751476768936
1209,1106,783,1,22.318447076891776
1210,931,783,1,18.3740064075405
1210,1182,783,1,15.175538880502293
1210,885,783,1,15.378166398318458
1210,1091,783,1,10.241109598832232
1210,1013,783,1,15.308499342485224
1211,1276,783,1,22.606377139254327
1211,917,783,1,5.8083597500151045
1211,1182,783,1,15.175538880502293
1211,834,708,1,4.389831624444016
1211,834,783,2,7.689481736045675
1211,834,965,1,3.83986736177262
1211,1091,849,1,16.610443180087024
1211,1398,783,1,19.874616662347663
1211,1106,783,1,22.318447076891776
1211,535,783,4,11.620421645142477
1211,1229,783,1,18.841160835534616
1212,965,783,1,10.498093903671007
1212,1276,783,3,22.606377139254327
1212,917,783,1,5.8083597500151045
1212,708,535,1,4.548441137468074
1212,885,849,1,6.749102957431653
1212,659,783,3,5.809594285895007
1212,566,783,1,5.876334276322891
1212,849,783,3,21.903135562742808
1212,1106,783,2,22.318447076891776
1212,535,783,1,11.620421645142477
1212,1013,1102,1,3.616251246210677
1212,1229,885,1,8.89559413156451
1212,1229,783,2,18.841160835534616
1213,882,834,2,4.883195120135012
1213,965,783,4,10.498093903671007
1213,708,783,3,10.697285568723771
1213,834,1229,1,12.569063966979074
1213,834,783,3,7.689481736045675
1213,359,783,1,12.499801205497114
1213,1435,783,1,17.957022310236383
1213,885,783,2,15.378166398318458
1213,917,783,1,5.8083597500151045
1213,1182,1229,1,3.960024365898536
1213,508,783,1,25.93420023872912
1213,885,834,1,7.688685710981335
1213,659,783,1,5.809594285895007
1213,1091,783,1,10.241109598832232
1213,1398,1276,1,7.438993890374081
1213,1398,783,1,19.874616662347663
1213,1102,1276,1,4.836798739646007
1213,1102,885,1,5.875878565174106
1213,1102,783,1,18.800951364959644
1213,566,783,1,5.876334276322891
1213,849,882,1,9.574606006915822
1213,849,783,1,21.903135562742808
1213,535,783,1,11.620421645142477
1213,1013,1276,1,8.190822817543284
1213,672,783,1,17.445012141301472
1213,965,834,1,3.83986736177262
1213,1068,783,1,26.525178301273773
1213,1229,1276,1,3.959637309104105
1213,1229,1102,1,3.8392690799482057
1213,1229,783,1,18.841160835534616
1214,834,783,1,7.689481736045675
1214,882,834,1,4.883195120135012
1214,931,882,1,5.812636165404913
1214,1182,882,1,7.841474878454721
1214,508,849,1,9.342303526294996
1214,885,783,1,15.378166398318458
1214,1102,1276,1,4.836798739646007
1214,535,834,1,8.012842951904279
1214,1229,1276,2,3.959637309104105
1215,849,1276,1,11.479314497557898
1215,882,885,2,2.852794790784161
1215,931,882,1,5.812636165404913
1215,931,783,2,18.3740064075405
1215,1182,882,1,7.841474878454721
1215,834,882,1,4.883195120135012
1215,1398,783,1,19.874616662347663
1215,1106,783,1,22.318447076891776
1215,535,783,1,11.620421645142477
1215,783,834,1,7.689481736045675
1216,882,708,1,4.837510953567602
1216,882,1182,1,7.841474878454721
1216,885,783,2,15.378166398318458
1216,882,885,1,2.852794790784161
1216,1276,1102,1,4.836798739646007
1216,1182,965,1,5.875748248781206
1216,834,783,5,7.689481736045675
1216,1106,834,1,14.888705663916236
1217,965,783,5,10.498093903671007
1217,882,783,3,12.561839638690564
1217,917,783,5,5.8083597500151045
1217,1435,917,1,13.478049171931383
1217,1102,1229,1,3.8392690799482057
1217,1229,783,5,18.841160835534616
1217,659,783,4,5.809594285895007
1217,1091,834,1,6.739095652327052
1217,1013,885,3,3.46869779664105
1217,1013,783,2,15.308499342485224
1217,965,1091,1,4.388654712140797
1217,359,783,3,12.499801205497114
1217,659,834,2,5.284552964469467
1217,1091,917,1,4.837115435970083
1217,1091,1182,1,5.24631154396119
1217,1091,783,2,10.241109598832232
1217,1102,1276,1,4.836798739646007
1217,849,659,2,17.69046303867574
1217,535,783,2,11.620421645142477
1217,917,834,3,3.617203703030827
1217,708,834,1,4.389831624444016
1217,834,783,2,7.689481736045675
1217,1435,783,1,17.957022310236383
1217,885,882,2,2.852794790784161
1217,885,1013,2,3.46869779664105
1217,849,783,1,21.903135562742808
1217,1106,1276,1,4.836798739645476
1217,535,834,1,8.012842951904279
1217,1229,1276,1,3.959637309104105
1217,1276,1102,1,4.836798739646007
1217,855,783,1,27.60378823743443
1217,931,783,1,18.3740064075405
1217,783,1276,1,22.606377139254327
1217,783,834,1,7.689481736045675
1217,965,1276,1,12.284417645367478
1218,882,783,1,12.561839638690564
1218,917,1091,2,4.837115435970083
1218,659,783,2,5.809594285895007
1218,1013,885,1,3.46869779664105
1218,1276,783,3,22.606377139254327
1218,882,931,1,5.812636165404913
1218,1276,1229,1,3.959637309104105
1218,1182,885,2,8.662721360426067
1218,508,855,1,9.342303526295408
1218,834,1182,1,9.674230674179531
1218,885,783,1,15.378166398318458
1218,1091,917,1,4.837115435970083
1218,1102,1106,1,3.80171314717607
1218,1013,1102,1,3.616251246210677
1218,783,708,1,10.697285568723771
1218,783,834,4,7.689481736045675
1218,783,359,1,12.499801205497114
1218,672,849,1,6.511836392511076
1218,1229,1102,1,3.8392690799482057
1219,917,783,1,5.8083597500151045
1219,1106,1276,1,4.836798739645476
1219,849,834,1,14.265481524111957
1219,1091,783,2,10.241109598832232
1219,931,783,1,18.3740064075405
1219,1182,1013,1,5.283249325636405
1219,1182,783,1,15.175538880502293
1219,834,1182,1,9.674230674179531
1219,834,783,1,7.689481736045675
1219,359,535,1,5.855067293961566
1219,885,708,1,6.511469320496247
1219,885,783,1,15.378166398318458
1219,1102,931,1,4.548251915941359
1219,783,1276,1,22.606377139254327
1219,1229,1102,1,3.8392690799482057
1220,535,882,1,9.342211452816104
1220,1276,1102,1,4.836798739646007
1220,1276,1106,1,4.836798739645476
1220,931,849,1,4.4061387562478425
1220,1182,834,1,9.674230674179531
1220,834,783,1,7.689481736045675
1220,885,882,2,2.852794790784161
1220,566,659,1,7.02219411294688
1220,1013,965,1,4.881725510082577
1220,783,566,2,5.876334276322891
1220,1068,783,1,26.525178301273773
1221,535,783,1,11.620421645142477
1221,1106,1276,1,4.836798739645476
1221,849,834,1,14.265481524111957
1221,1013,1276,1,8.190822817543284
1221,965,882,4,3.616965677313317
1221,849,1106,1,6.739095652327052
1221,535,834,1,8.012842951904279
1221,1013,1182,1,5.283249325636405
1221,965,834,3,3.83986736177262
1221,1229,882,1,9.341474227178574
1221,882,885,3,2.852794790784161
1221,1435,783,1,17.957022310236383
1221,659,834,3,5.284552964469467
1221,849,931,2,4.4061387562478425
1221,882,834,3,4.883195120135012
1221,931,882,1,5.812636165404913
1221,1106,931,2,5.283575443416337
1221,1106,1102,1,3.80171314717607
1221,965,1182,1,5.875748248781206
1221,1229,1276,1,3.959637309104105
1221,1229,783,4,18.841160835534616
1221,882,1013,4,3.839767699909249
1221,1276,1398,1,7.438993890374081
1221,834,931,1,10.694040075602611
1221,834,708,1,4.389831624444016
1221,885,1013,1,3.46869779664105
1221,1106,1229,1,6.605818539698737
1221,783,931,1,18.3740064075405
1221,783,659,1,5.809594285895007
1222,882,783,3,12.561839638690564
1222,1182,1106,1,9.760018472127422
1222,834,783,2,7.689481736045675
1222,1398,1276,1,7.438993890374081
1222,882,885,2,2.852794790784161
1222,882,1013,1,3.839767699909249
1222,1276,1182,1,7.919661523440269
1222,1276,965,2,12.284417645367478
1222,931,849,1,4.4061387562478425
1222,885,882,1,2.852794790784161
1222,885,834,1,7.688685710981335
1222,659,834,1,5.284552964469467
1222,1102,1106,1,3.80171314717607
1222,1106,849,1,6.739095652327052
1222,783,566,1,5.876334276322891
1222,1229,783,1,18.841160835534616
1223,1106,1013,1,7.015517581545067
1223,965,1013,1,4.881725510082577
1223,882,783,1,12.561839638690564
1223,931,882,2,5.812636165404913
1223,931,885,1,3.0617002345235647
1223,931,849,1,4.4061387562478425
1223,708,1398,1,17.892467590192613
1223,708,783,1,10.697285568723771
1223,834,882,2,4.883195120135012
1223,834,708,2,4.389831624444016
1223,834,659,1,5.284552964469467
1223,834,783,6,7.689481736045675
1223,885,931,1,3.0617002345235647
1223,885,708,1,6.511469320496247
1223,885,672,1,5.876204136119103
1223,1102,885,1,5.875878565174106
1223,849,783,1,21.903135562742808
1223,783,917,1,5.8083597500151045
1223,783,1182,1,15.175538880502293
1223,783,834,1,7.689481736045675
1223,965,882,1,3.616965677313317
1224,672,882,1,7.316385892068044
1224,659,708,1,5.815596432206299
1224,882,783,3,12.561839638690564
1224,708,882,2,4.837510953567602
1224,834,965,1,3.83986736177262
1224,885,659,1,11.84843418422244
1224,882,931,1,5.812636165404913
1224,882,885,1,2.852794790784161
1224,1276,783,1,22.606377139254327
1224,917,834,1,3.617203703030827
1224,708,1013,1,8.663428210145081
1224,885,783,1,15.378166398318458
1224,1102,882,1,7.314751476768936
1224,1013,885,1,3.46869779664105
1224,1013,783,1,15.308499342485224
1224,1013,965,1,4.881725510082577
1224,783,834,1,7.689481736045675
1224,783,535,1,11.620421645142477
1224,783,965,2,10.498093903671007
1224,783,1068,1,26.525178301273773
1225,965,783,3,10.498093903671007
1225,882,708,1,4.837510953567602
1225,659,783,4,5.809594285895007
1225,672,783,1,17.445012141301472
1225,1068,783,1,26.525178301273773
1225,359,535,1,5.855067293961566
1225,1091,917,2,4.837115435970083
1225,882,834,2,4.883195120135012
1225,359,659,1,7.84162119104212
1225,885,882,4,2.852794790784161
1225,885,931,2,3.0617002345235647
1225,1091,834,2,6.739095652327052
1225,672,834,1,10.50082625207165
1225,882,1013,2,3.839767699909249
1225,1276,1068,1,8.66943360865319
1225,1435,1182,1,8.189653224238826
1225,885,834,1,7.688685710981335
1225,885,849,1,6.749102957431653
1225,885,1013,1,3.46869779664105
1225,659,885,1,11.84843418422244
1225,1091,1398,1,9.6478124773512
1225,1370,783,2,30.28578929187396
1225,882,885,2,2.852794790784161
1225,882,783,2,12.561839638690564
1225,1182,783,1,15.175538880502293
1225,708,834,1,4.389831624444016
1225,834,708,1,4.389831624444016
1225,834,885,2,7.688685710981335
1225,834,659,1,5.284552964469467
1225,885,1091,1,10.203820878312005
1225,885,1102,1,5.875878565174106
1225,1398,783,1,19.874616662347663
1225,535,708,1,4.548441137468074
1225,1013,1182,1,5.283249325636405
1225,1229,672,1,14.57987655243148
1226,882,1106,1,10.203820878312005
1226,834,1091,1,6.739095652327052
1226,834,783,5,7.689481736045675
1226,1091,885,1,10.203820878312005
1226,882,885,1,2.852794790784161
1226,882,783,1,12.561839638690564
1226,882,965,1,3.616965677313317
1226,931,882,1,5.812636165404913
1226,708,659,1,5.815596432206299
1226,708,783,2,10.697285568723771
1226,834,659,1,5.284552964469467
1226,885,882,1,2.852794790784161
1226,849,783,1,21.903135562742808
1226,1106,1102,1,3.80171314717607
1226,1013,885,1,3.46869779664105
1226,1013,965,1,4.881725510082577
1226,783,882,1,12.561839638690564
1226,783,1182,1,15.175538880502293
1226,783,834,2,7.689481736045675
1226,965,882,1,3.616965677313317
1226,965,1102,1,8.304116264398273
1227,1091,965,1,4.388654712140797
1227,882,885,1,2.852794790784161
1227,882,783,2,12.561839638690564
1227,931,849,1,4.4061387562478425
1227,1182,1091,1,5.24631154396119
1227,834,917,1,3.617203703030827
1227,834,659,1,5.284552964469467
1227,885,882,1,2.852794790784161
1227,885,931,1,3.0617002345235647
1227,885,1013,1,3.46869779664105
1227,659,783,3,5.809594285895007
1227,1106,1102,1,3.80171314717607
1227,1013,882,1,3.839767699909249
1227,783,882,1,12.561839638690564
1227,783,834,2,7.689481736045675
1227,783,1013,1,15.308499342485224
1227,672,1102,1,11.119492664455636
1227,965,882,1,3.616965677313317
1227,965,834,1,3.83986736177262
1228,834,783,2,7.689481736045675
1228,882,708,1,4.837510953567602
1228,882,1013,1,3.839767699909249
1228,882,783,1,12.561839638690564
1228,917,783,1,5.8083597500151045
1228,855,849,1,5.706192977162224
1228,931,885,1,3.0617002345235647
1228,834,931,1,10.694040075602611
1228,885,882,1,2.852794790784161
1228,659,834,1,5.284552964469467
1228,659,783,1,5.809594285895007
1228,1102,931,1,4.548251915941359
1228,1102,783,1,18.800951364959644
1228,535,1182,1,16.787330799836653
1228,1013,1276,1,8.190822817543284
1228,1013,783,1,15.308499342485224
1228,1013,672,1,9.341935125969725
1228,783,834,3,7.689481736045675
1228,783,1229,1,18.841160835534616
1228,965,882,1,3.616965677313317
1228,1068,1276,1,8.66943360865319
1229,1229,1106,1,6.605818539698737
1229,834,783,4,7.689481736045675
1229,1370,855,1,13.377197086368376
1229,1229,1013,2,5.640389822593795
1229,1276,783,5,22.606377139254327
1229,1106,1276,1,4.836798739645476
1229,1276,1106,3,4.836798739645476
1229,708,783,2,10.697285568723771
1229,1229,783,2,18.841160835534616
1229,708,882,2,4.837510953567602
1229,708,834,2,4.389831624444016
1229,834,882,3,4.883195120135012
1229,1435,885,1,16.795891123871012
1229,1013,783,2,15.308499342485224
1229,1229,1276,2,3.959637309104105
1229,882,708,2,4.837510953567602
1229,882,834,1,4.883195120135012
1229,931,849,1,4.4061387562478425
1229,931,783,1,18.3740064075405
1229,1182,882,1,7.841474878454721
1229,834,917,1,3.617203703030827
1229,834,965,1,3.83986736177262
1229,885,834,1,7.688685710981335
1229,885,965,1,6.123119155303686
1229,1091,882,1,7.965381677815221
1229,1102,1229,1,3.8392690799482057
1229,1013,1091,1,7.92275625179966
1229,783,931,1,18.3740064075405
1229,783,834,1,7.689481736045675
1229,783,885,1,15.378166398318458
1229,672,783,1,17.445012141301472
1229,965,882,1,3.616965677313317
1230,708,885,1,6.511469320496247
1230,1276,1102,1,4.836798739646007
1230,1276,1370,1,7.918112864657469
1230,834,708,2,4.389831624444016
1230,1013,965,1,4.881725510082577
1230,965,882,1,3.616965677313317
1230,882,931,1,5.812636165404913
1230,882,1182,1,7.841474878454721
1230,882,708,1,4.837510953567602
1230,882,783,1,12.561839638690564
1230,1276,1013,1,8.190822817543284
1230,931,849,2,4.4061387562478425
1230,1182,1013,1,5.283249325636405
1230,708,917,1,7.967110892206104
1230,834,659,1,5.284552964469467
1230,834,1102,1,11.614659746948035
1230,834,965,1,3.83986736177262
1230,885,849,1,6.749102957431653
1230,885,965,1,6.123119155303686
1230,1091,783,1,10.241109598832232
1230,1398,1182,1,5.640321895106829
1230,849,931,2,4.4061387562478425
1230,1013,1106,1,7.015517581545067
1230,783,1182,2,15.175538880502293
1230,783,834,1,7.689481736045675
1230,783,885,1,15.378166398318458
1230,783,659,1,5.809594285895007
1230,783,1068,1,26.525178301273773
1230,965,1102,1,8.304116264398273
1230,1068,1370,1,7.841426035905807
1230,1229,1276,1,3.959637309104105
1231,1182,783,1,15.175538880502293
1231,885,855,1,12.412669367198909
1231,885,783,1,15.378166398318458
1231,1370,783,1,30.28578929187396
1231,882,708,1,4.837510953567602
1231,1276,1106,1,4.836798739645476
1231,931,783,1,18.3740064075405
1231,834,965,1,3.83986736177262
1231,566,535,1,11.474227573045091
1231,1013,885,1,3.46869779664105
1231,1013,783,1,15.308499342485224
1231,783,1091,1,10.241109598832232
1231,965,1091,1,4.388654712140797
1231,965,535,1,11.11949266445603
1231,965,1013,1,4.881725510082577
1231,1068,783,1,26.525178301273773
1232,535,659,1,5.810827883107414
1232,535,783,1,11.620421645142477
1232,1091,783,2,10.241109598832232
1232,882,783,1,12.561839638690564
1232,882,672,1,7.316385892068044
1232,917,1182,1,9.422487826578177
1232,931,885,1,3.0617002345235647
1232,708,783,1,10.697285568723771
1232,885,931,1,3.0617002345235647
1232,1102,1229,1,3.8392690799482057
1232,783,834,1,7.689481736045675
1232,783,849,1,21.903135562742808
1232,783,535,1,11.620421645142477
1232,783,1013,1,15.308499342485224
1232,783,965,1,10.498093903671007
1232,965,1068,1,16.31300252904951
1233,834,882,4,4.883195120135012
1233,834,535,2,8.012842951904279
1233,834,783,11,7.689481736045675
1233,885,783,3,15.378166398318458
1233,672,965,1,10.884705359638655
1233,965,783,4,10.498093903671007
1233,1229,1276,2,3.959637309104105
1233,1276,965,1,12.284417645367478
1233,672,882,1,7.316385892068044
1233,965,882,2,3.616965677313317
1233,1229,783,1,18.841160835534616
1233,1276,1106,3,4.836798739645476
1233,1276,1229,1,3.959637309104105
1233,885,834,1,7.688685710981335
1233,885,1102,2,5.875878565174106
1233,1068,783,1,26.525178301273773
1233,1013,783,1,15.308499342485224
1233,882,834,1,4.883195120135012
1233,917,783,1,5.8083597500151045
1233,931,855,1,9.765900232263595
1233,931,783,1,18.3740064075405
1233,1182,783,1,15.175538880502293
1233,708,834,1,4.389831624444016
1233,885,931,1,3.0617002345235647
1233,659,708,1,5.815596432206299
1233,1102,1182,1,6.120304815079837
1233,1013,1182,1,5.283249325636405
1233,783,1276,1,22.606377139254327
1233,783,917,1,5.8083597500151045
1233,783,1182,2,15.175538880502293
1233,783,849,1,21.903135562742808
1233,783,1013,1,15.308499342485224
1233,1229,1102,1,3.8392690799482057
1234,834,885,1,7.688685710981335
1234,882,885,4,2.852794790784161
1234,931,1102,1,4.548251915941359
1234,965,708,1,6.739138237495128
1234,965,566,1,15.180076458812662
1234,882,1182,1,7.841474878454721
1234,1276,882,1,12.01740314095659
1234,1276,1106,1,4.836798739645476
1234,708,882,1,4.837510953567602
1234,834,1091,1,6.739095652327052
1234,834,783,1,7.689481736045675
1234,659,783,1,5.809594285895007
1234,1102,1229,1,3.8392690799482057
1234,849,855,1,5.706192977162224
1234,849,783,1,21.903135562742808
1234,849,1229,1,12.017793437809017
1234,1013,834,1,8.005172893624191
1234,783,931,1,18.3740064075405
1234,783,708,1,10.697285568723771
1234,783,885,1,15.378166398318458
1234,783,1229,1,18.841160835534616
1234,1229,1091,1,9.180034524729397
1235,834,1398,1,15.216349824005198
1235,882,834,1,4.883195120135012
1235,917,1182,1,9.422487826578177
1235,931,834,1,10.694040075602611
1235,708,535,2,4.548441137468074
1235,885,931,1,3.0617002345235647
1235,885,1013,1,3.46869779664105
1235,885,783,1,15.378166398318458
1235,783,855,1,27.60378823743443
1235,783,834,2,7.689481736045675
1235,783,885,1,15.378166398318458
1235,783,659,1,5.809594285895007
1235,783,535,1,11.620421645142477
1235,783,1013,1,15.308499342485224
1236,834,882,2,4.883195120135012
1236,834,1091,1,6.739095652327052
1236,834,535,1,8.012842951904279
1236,659,783,1,5.809594285895007
1236,1276,1106,1,4.836798739645476
1236,931,659,1,14.893741670685255
1236,1182,783,1,15.175538880502293
1236,885,882,1,2.852794790784161
1236,885,931,1,3.0617002345235647
1236,885,1102,1,5.875878565174106
1236,885,965,1,6.123119155303686
1236,1091,659,1,11.28096621772052
1236,1398,1091,1,9.6478124773512
1236,1106,1102,2,3.80171314717607
1236,1106,1013,2,7.015517581545067
1236,783,885,1,15.378166398318458
1236,783,659,3,5.809594285895007
1236,783,566,1,5.876334276322891
1236,672,849,1,6.511836392511076
1237,834,885,3,7.688685710981335
1237,834,849,2,14.265481524111957
1237,708,659,1,5.815596432206299
1237,834,659,9,5.284552964469467
1237,834,965,3,3.83986736177262
1237,931,849,2,4.4061387562478425
1237,931,1068,2,8.304853837171269
1237,708,783,1,10.697285568723771
1237,931,672,1,6.73915242731767
1237,708,885,2,6.511469320496247
1237,834,783,2,7.689481736045675
1237,708,834,3,4.389831624444016
1237,849,834,1,14.265481524111957
1237,965,882,1,3.616965677313317
1237,965,834,1,3.83986736177262
1237,882,931,1,5.812636165404913
1237,882,834,2,4.883195120135012
1237,882,849,1,9.574606006915822
1237,1182,1091,1,5.24631154396119
1237,885,672,1,5.876204136119103
1237,1102,1276,1,4.836798739646007
1237,1106,1276,1,4.836798739645476
1237,1106,1102,1,3.80171314717607
1237,535,834,1,8.012842951904279
1237,1013,1182,1,5.283249325636405
1237,1013,1102,1,3.616251246210677
1237,783,882,2,12.561839638690564
1237,783,855,1,27.60378823743443
1237,783,359,1,12.499801205497114
1237,783,849,1,21.903135562742808
1237,783,965,1,10.498093903671007
1237,965,885,1,6.123119155303686
1237,1068,783,1,26.525178301273773
1238,834,1229,2,12.569063966979074
1238,1276,855,2,14.029505033457104
1238,885,708,1,6.511469320496247
1238,885,834,1,7.688685710981335
1238,882,931,1,5.812636165404913
1238,882,885,1,2.852794790784161
1238,882,535,1,9.342211452816104
1238,931,885,1,3.0617002345235647
1238,885,849,1,6.749102957431653
1238,1102,882,1,7.314751476768936
1238,849,708,1,11.8916662824573
1238,1013,1106,1,7.015517581545067
1238,783,882,1,12.561839638690564
1238,783,1276,1,22.606377139254327
1238,783,931,1,18.3740064075405
1238,783,708,1,10.697285568723771
1238,783,834,1,7.689481736045675
1238,965,885,1,6.123119155303686
1238,965,1013,1,4.881725510082577
1238,1229,1091,1,9.180034524729397
1239,708,535,3,4.548441137468074
1239,882,931,1,5.812636165404913
1239,882,1102,1,7.314751476768936
1239,855,1068,1,5.87594370452583
1239,931,882,1,5.812636165404913
1239,931,1013,1,4.405443882921528
1239,834,882,2,4.883195120135012
1239,834,659,2,5.284552964469467
1239,834,783,1,7.689481736045675
1239,885,1013,1,3.46869779664105
1239,659,834,1,5.284552964469467
1239,1102,1068,1,8.626274418583195
1239,849,855,1,5.706192977162224
1239,849,885,1,6.749102957431653
1239,1106,1068,1,4.880745078525951
1239,1013,965,1,4.881725510082577
1239,783,882,1,12.561839638690564
1239,783,931,1,18.3740064075405
1239,783,1182,1,15.175538880502293
1239,783,834,1,7.689481736045675
1239,783,1091,1,10.241109598832232
1239,672,849,1,6.511836392511076
1239,965,882,1,3.616965677313317
1239,965,931,1,8.628970001760946
1239,1229,1102,1,3.8392690799482057
1240,882,965,1,3.616965677313317
1240,931,834,2,10.694040075602611
1240,931,885,1,3.0617002345235647
1240,965,834,1,3.83986736177262
1240,882,708,2,4.837510953567602
1240,882,1091,1,7.965381677815221
1240,882,535,1,9.342211452816104
1240,855,931,1,9.765900232263595
1240,834,917,1,3.617203703030827
1240,834,1091,1,6.739095652327052
1240,834,783,2,7.689481736045675
1240,834,965,1,3.83986736177262
1240,885,882,2,2.852794790784161
1240,885,1013,1,3.46869779664105
1240,1091,783,1,10.241109598832232
1240,849,855,1,5.706192977162224
1240,1013,965,2,4.881725510082577
1240,783,708,1,10.697285568723771
1240,783,834,1,7.689481736045675
1240,783,659,2,5.809594285895007
1240,783,1091,1,10.241109598832232
1240,783,535,1,11.620421645142477
1240,783,1013,1,15.308499342485224
1241,708,672,1,6.751878981086827
1241,931,849,1,4.4061387562478425
1241,1296,1182,1,14.636346421121209
1241,882,834,2,4.883195120135012
1241,931,885,1,3.0617002345235647
1241,708,882,3,4.837510953567602
1241,1106,885,2,7.965381677815221
1241,1013,1102,1,3.616251246210677
1241,931,882,1,5.812636165404913
1241,708,834,1,4.389831624444016
1241,834,849,1,14.265481524111957
1241,1106,1276,2,4.836798739645476
1241,1106,1013,1,7.015517581545067
1241,1013,931,1,4.405443882921528
1241,1013,885,2,3.46869779664105
1241,965,882,5,3.616965677313317
1241,882,885,2,2.852794790784161
1241,882,965,1,3.616965677313317
1241,1276,834,1,15.929463663685272
1241,931,508,1,12.961089805583503
1241,834,708,2,4.389831624444016
1241,885,931,1,3.0617002345235647
1241,885,1013,1,3.46869779664105
1241,659,708,1,5.815596432206299
1241,1102,1182,1,6.120304815079837
1241,1013,1182,1,5.283249325636405
1241,783,882,1,12.561839638690564
1241,783,708,1,10.697285568723771
1241,783,834,1,7.689481736045675
1241,783,849,1,21.903135562742808
1241,783,1229,1,18.841160835534616
1241,965,1091,1,4.388654712140797
1241,965,1102,1,8.304116264398273
1241,1229,783,1,18.841160835534616
1242,882,931,1,5.812636165404913
1242,882,1102,1,7.314751476768936
1242,931,1068,1,8.304853837171269
1242,885,882,4,2.852794790784161
1242,1276,1435,1,13.12435356350428
1242,708,931,1,9.423506251261468
1242,834,1276,1,15.929463663685272
1242,834,708,1,4.389831624444016
1242,834,1102,1,11.614659746948035
1242,834,965,2,3.83986736177262
1242,885,1013,1,3.46869779664105
1242,659,917,1,6.671695598673383
1242,659,708,1,5.815596432206299
1242,659,834,1,5.284552964469467
1242,659,535,1,5.810827883107414
1242,849,508,1,9.342303526294996
1242,783,917,1,5.8083597500151045
1242,783,708,3,10.697285568723771
1242,783,834,1,7.689481736045675
1242,783,1091,1,10.241109598832232
1242,783,965,1,10.498093903671007
1242,783,1229,1,18.841160835534616
1242,965,834,2,3.83986736177262
1242,1068,849,1,6.736061142863373
1242,1229,965,1,8.77672016628073
1243,882,849,1,9.574606006915822
1243,882,1013,1,3.839767699909249
1243,882,965,2,3.616965677313317
1243,882,1068,1,14.033707701296978
1243,1276,1068,1,8.66943360865319
1243,931,834,1,10.694040075602611
1243,931,885,1,3.0617002345235647
1243,931,672,1,6.73915242731767
1243,1182,1229,1,3.960024365898536
1243,708,834,1,4.389831624444016
1243,708,659,1,5.815596432206299
1243,708,965,1,6.739138237495128
1243,834,882,2,4.883195120135012
1243,834,1276,1,15.929463663685272
1243,834,708,1,4.389831624444016
1243,834,659,1,5.284552964469467
1243,834,1102,1,11.614659746948035
1243,849,931,2,4.4061387562478425
1243,1013,834,1,8.005172893624191
1243,783,1182,1,15.175538880502293
1243,783,708,1,10.697285568723771
1243,783,834,1,7.689481736045675
1243,783,535,1,11.620421645142477
1243,783,965,1,10.498093903671007
1243,965,885,1,6.123119155303686
1243,965,1068,1,16.31300252904951
1243,1229,1276,1,3.959637309104105
1244,1229,834,1,12.569063966979074
1244,834,965,2,3.83986736177262
1244,882,931,1,5.812636165404913
1244,882,1013,1,3.839767699909249
1244,855,849,1,5.706192977162224
1244,931,849,1,4.4061387562478425
1244,834,708,2,4.389831624444016
1244,885,931,1,3.0617002345235647
1244,965,882,1,3.616965677313317
1245,1106,1102,3,3.80171314717607
1245,1398,1229,1,5.282433425576492
1245,1398,1182,1,5.640321895106829
1245,882,885,1,2.852794790784161
1245,882,1102,1,7.314751476768936
1245,882,535,1,9.342211452816104
1245,882,1229,1,9.341474227178574
1245,1276,1435,1,13.12435356350428
1245,1276,885,2,10.705394585658723
1245,855,1068,1,5.87594370452583
1245,931,885,1,3.0617002345235647
1245,1182,882,1,7.841474878454721
1245,1182,1398,1,5.640321895106829
1245,834,882,2,4.883195120135012
1245,834,708,1,4.389831624444016
1245,885,882,1,2.852794790784161
1245,885,931,1,3.0617002345235647
1245,885,1091,1,10.203820878312005
1245,1102,1229,1,3.8392690799482057
1245,1013,882,1,3.839767699909249
1245,1013,885,1,3.46869779664105
1245,1013,1102,1,3.616251246210677
1245,1013,1106,1,7.015517581545067
1245,783,931,1,18.3740064075405
1245,783,1091,1,10.241109598832232
1245,783,535,2,11.620421645142477
1245,965,882,1,3.616965677313317
1245,1229,882,1,9.341474227178574
1246,1229,834,1,12.569063966979074
1246,1182,965,1,5.875748248781206
1246,885,965,1,6.123119155303686
1246,882,885,1,2.852794790784161
1246,708,1276,1,16.79773773026525
1246,885,882,2,2.852794790784161
1246,1091,965,1,4.388654712140797
1246,1102,931,1,4.548251915941359
1246,1106,849,1,6.739095652327052
1246,1013,1106,1,7.015517581545067
1246,783,1182,1,15.175538880502293
1246,783,834,1,7.689481736045675
1246,783,885,2,15.378166398318458
1246,783,1068,1,26.525178301273773
1246,965,849,1,12.803650760757485
1246,965,1229,1,8.77672016628073
1247,834,965,1,3.83986736177262
1247,834,931,1,10.694040075602611
1247,882,885,2,2.852794790784161
1247,931,849,1,4.4061387562478425
1247,885,931,1,3.0617002345235647
1247,885,849,1,6.749102957431653
1247,659,535,1,5.810827883107414
1247,1398,931,1,13.495077260547856
1247,1102,834,1,11.614659746948035
1247,783,359,1,12.499801205497114
1247,965,1013,1,4.881725510082577
1247,1229,931,1,8.28950012214804
1248,834,535,1,8.012842951904279
1248,1013,849,1,8.811582411969269
1248,1276,708,1,16.79773773026525
1248,931,1102,1,4.548251915941359
1248,931,1229,1,8.28950012214804
1248,708,834,1,4.389831624444016
1248,885,882,1,2.852794790784161
1248,885,1102,1,5.875878565174106
1248,849,855,2,5.706192977162224
1248,535,1229,1,18.68368505463088
1248,783,882,1,12.561839638690564
1248,783,359,1,12.499801205497114
1248,783,535,1,11.620421645142477
1248,1229,1102,1,3.8392690799482057
1249,834,659,2,5.284552964469467
1249,834,965,2,3.83986736177262
1249,882,834,1,4.883195120135012
1249,882,1102,1,7.314751476768936
1249,882,965,2,3.616965677313317
1249,834,708,1,4.389831624444016
1249,885,882,1,2.852794790784161
1249,885,965,1,6.123119155303686
1249,1091,834,1,6.739095652327052
1249,965,882,1,3.616965677313317
1249,1229,882,1,9.341474227178574
1249,1229,708,1,14.16486062369625
1250,834,672,1,10.50082625207165
1250,882,359,1,14.913468445035848
1250,882,885,1,2.852794790784161
1250,931,672,2,6.73915242731767
1250,708,659,1,5.815596432206299
1250,885,882,1,2.852794790784161
1250,1091,965,1,4.388654712140797
1250,1102,1276,1,4.836798739646007
1251,885,882,1,2.852794790784161
1251,882,708,1,4.837510953567602
1251,931,882,1,5.812636165404913
1251,834,672,1,10.50082625207165
1251,965,1013,1,4.881725510082577
1252,1013,885,1,3.46869779664105
1252,882,965,1,3.616965677313317
1252,1276,1182,1,7.919661523440269
1252,965,834,1,3.83986736177262
1252,1229,834,1,12.569063966979074
1253,834,672,1,10.50082625207165
1253,885,672,1,5.876204136119103
1253,1013,1106,1,7.015517581545067
1254,882,965,1,3.616965677313317
1254,965,1091,1,4.388654712140797
1255,882,708,1,4.837510953567602
1255,882,885,1,2.852794790784161
1255,882,965,1,3.616965677313317
1257,1013,885,1,3.46869779664105
1257,1013,1276,1,8.190822817543284
1257,1013,1229,2,5.640389822593795
1257,931,783,1,18.3740064075405
1257,834,931,1,10.694040075602611
1258,882,931,1,5.812636165404913
1258,931,783,1,18.3740064075405
1258,834,783,1,7.689481736045675
1258,659,783,1,5.809594285895007
1258,965,783,1,10.498093903671007
1258,1068,783,1,26.525178301273773
1259,882,783,1,12.561839638690564
1259,1276,783,1,22.606377139254327
1259,931,1106,1,5.283575443416337
1259,1182,783,1,15.175538880502293
1259,1435,783,1,17.957022310236383
1259,885,1106,1,7.965381677815221
1259,885,783,1,15.378166398318458
1259,1091,783,1,10.241109598832232
1259,566,783,1,5.876334276322891
1259,849,783,1,21.903135562742808
1259,965,783,1,10.498093903671007
1259,1229,1276,1,3.959637309104105
1259,1229,783,1,18.841160835534616
1260,1276,783,1,22.606377139254327
1260,931,885,1,3.0617002345235647
1260,931,783,1,18.3740064075405
1260,708,783,2,10.697285568723771
1260,659,783,5,5.809594285895007
1260,1091,783,3,10.241109598832232
1260,1106,882,1,10.203820878312005
1260,535,783,2,11.620421645142477
1260,672,783,1,17.445012141301472
1260,965,1013,1,4.881725510082577
1261,834,783,2,7.689481736045675
1261,1296,783,1,13.644692409583532
1261,885,783,2,15.378166398318458
1261,1013,882,1,3.839767699909249
1261,1013,783,1,15.308499342485224
1261,1229,1276,1,3.959637309104105
1261,1229,783,3,18.841160835534616
1261,1276,1102,1,4.836798739646007
1261,708,783,1,10.697285568723771
1261,1435,783,1,17.957022310236383
1261,659,834,1,5.284552964469467
1261,659,783,2,5.809594285895007
1261,1102,1229,1,3.8392690799482057
1261,566,783,1,5.876334276322891
1261,849,783,2,21.903135562742808
1261,1106,783,1,22.318447076891776
1261,535,783,4,11.620421645142477
1261,965,783,1,10.498093903671007
1261,1229,1102,2,3.8392690799482057
1262,834,783,1,7.689481736045675
1262,1276,882,1,12.01740314095659
1262,1229,783,1,18.841160835534616
1262,1102,1229,1,3.8392690799482057
1262,882,783,3,12.561839638690564
1262,917,783,1,5.8083597500151045
1262,708,882,1,4.837510953567602
1262,359,783,1,12.499801205497114
1262,885,535,1,10.569431103772471
1262,659,708,1,5.815596432206299
1262,659,783,4,5.809594285895007
1262,1102,885,1,5.875878565174106
1262,1102,849,1,8.191991396325179
1262,849,783,2,21.903135562742808
1262,535,783,4,11.620421645142477
1262,1013,783,1,15.308499342485224
1262,783,535,2,11.620421645142477
1263,1229,783,1,18.841160835534616
1263,882,1102,1,7.314751476768936
1263,882,535,1,9.342211452816104
1263,1182,882,1,7.841474878454721
1263,885,783,1,15.378166398318458
1263,1091,1182,1,5.24631154396119
1263,535,783,1,11.620421645142477
1263,783,1276,1,22.606377139254327
1263,783,535,1,11.620421645142477
1264,882,783,1,12.561839638690564
1264,1102,1229,1,3.8392690799482057
1264,1276,1182,1,7.919661523440269
1264,1182,1102,1,6.120304815079837
1264,708,783,1,10.697285568723771
1264,849,885,1,6.749102957431653
1264,535,783,2,11.620421645142477
1264,1068,783,1,26.525178301273773
1265,834,783,8,7.689481736045675
1265,1229,783,2,18.841160835534616
1265,1276,783,1,22.606377139254327
1265,931,783,4,18.3740064075405
1265,1398,1182,1,5.640321895106829
1265,1106,783,2,22.318447076891776
1265,965,783,6,10.498093903671007
1265,931,834,2,10.694040075602611
1265,1435,783,1,17.957022310236383
1265,885,882,3,2.852794790784161
1265,1102,1276,1,4.836798739646007
1265,566,783,3,5.876334276322891
1265,965,1276,1,12.284417645367478
1265,882,783,2,12.561839638690564
1265,917,834,1,3.617203703030827
1265,931,965,1,8.628970001760946
1265,1182,965,1,5.875748248781206
1265,834,885,2,7.688685710981335
1265,659,834,1,5.284552964469467
1265,659,783,2,5.809594285895007
1265,1102,783,1,18.800951364959644
1265,882,885,2,2.852794790784161
1265,1276,1229,1,3.959637309104105
1265,931,855,1,9.765900232263595
1265,1182,1398,1,5.640321895106829
1265,1182,1013,1,5.283249325636405
1265,834,965,1,3.83986736177262
1265,885,783,1,15.378166398318458
1265,885,965,2,6.123119155303686
1265,1091,783,5,10.241109598832232
1265,1398,783,1,19.874616662347663
1265,1398,1229,1,5.282433425576492
1265,1013,931,1,4.405443882921528
1265,1229,1276,3,3.959637309104105
1265,1276,1182,1,7.919661523440269
1265,1276,1102,1,4.836798739646007
1265,1091,359,1,18.927058602323783
1265,849,882,1,9.574606006915822
1265,535,783,1,11.620421645142477
1265,783,882,1,12.561839638690564
1265,672,783,1,17.445012141301472
1265,1229,834,1,12.569063966979074
1266,1276,783,3,22.606377139254327
1266,931,882,1,5.812636165404913
1266,834,882,1,4.883195120135012
1266,834,1182,1,9.674230674179531
1266,882,931,1,5.812636165404913
1266,834,965,1,3.83986736177262
1266,882,834,1,4.883195120135012
1266,965,882,2,3.616965677313317
1266,1276,1229,1,3.959637309104105
1266,1182,783,1,15.175538880502293
1266,708,882,1,4.837510953567602
1266,834,885,1,7.688685710981335
1266,834,783,1,7.689481736045675
1266,885,882,2,2.852794790784161
1266,1102,1276,1,4.836798739646007
1266,1013,1276,1,8.190822817543284
1266,783,882,1,12.561839638690564
1266,783,917,1,5.8083597500151045
1266,783,359,1,12.499801205497114
1266,965,834,2,3.83986736177262
1266,965,885,1,6.123119155303686
1266,1229,834,1,12.569063966979074
1266,1229,1106,1,6.605818539698737
1267,1106,1068,1,4.880745078525951
1267,917,783,1,5.8083597500151045
1267,965,783,1,10.498093903671007
1267,882,931,1,5.812636165404913
1267,882,708,1,4.837510953567602
1267,882,834,1,4.883195120135012
1267,882,885,1,2.852794790784161
1267,1276,783,2,22.606377139254327
1267,1276,1229,1,3.959637309104105
1267,931,1102,1,4.548251915941359
1267,508,834,1,19.29831547550127
1267,834,783,3,7.689481736045675
1267,359,783,1,12.499801205497114
1267,885,1106,1,7.965381677815221
1267,1102,882,1,7.314751476768936
1267,783,834,2,7.689481736045675
1267,783,566,1,5.876334276322891
1267,1068,783,1,26.525178301273773
1267,1229,1182,1,3.960024365898536
1268,1106,1276,1,4.836798739645476
1268,708,783,1,10.697285568723771
1268,1102,1276,1,4.836798739646007
1268,882,931,1,5.812636165404913
1268,882,885,1,2.852794790784161
1268,855,783,1,27.60378823743443
1268,931,1276,1,8.946223146223524
1268,1182,1013,1,5.283249325636405
1268,1182,783,2,15.175538880502293
1268,834,783,1,7.689481736045675
1268,885,931,1,3.0617002345235647
1268,885,508,1,13.808114395759947
1268,566,783,1,5.876334276322891
1268,783,708,1,10.697285568723771
1268,783,834,1,7.689481736045675
1268,783,965,1,10.498093903671007
1268,1229,535,1,18.68368505463088
1269,1091,885,1,10.203820878312005
1269,1091,1013,1,7.92275625179966
1269,1091,1182,1,5.24631154396119
1269,849,855,2,5.706192977162224
1269,1106,1276,1,4.836798739645476
1269,1013,1182,2,5.283249325636405
1269,672,834,1,10.50082625207165
1269,659,834,1,5.284552964469467
1269,659,783,5,5.809594285895007
1269,849,931,1,4.4061387562478425
1269,535,783,1,11.620421645142477
1269,931,885,2,3.0617002345235647
1269,508,834,1,19.29831547550127
1269,1091,1276,1,13.129287540581574
1269,965,834,4,3.83986736177262
1269,1276,1091,1,13.129287540581574
1269,1276,783,3,22.606377139254327
1269,931,882,1,5.812636165404913
1269,931,1106,2,5.283575443416337
1269,708,882,2,4.837510953567602
1269,508,849,1,9.342303526294996
1269,1013,965,2,4.881725510082577
1269,882,965,1,3.616965677313317
1269,1276,1229,1,3.959637309104105
1269,1182,783,1,15.175538880502293
1269,834,783,1,7.689481736045675
1269,834,965,1,3.83986736177262
1269,885,882,1,2.852794790784161
1269,885,849,1,6.749102957431653
1269,1398,1435,1,5.805514364498899
1269,1013,882,1,3.839767699909249
1269,1013,1106,1,7.015517581545067
1269,783,882,1,12.561839638690564
1269,783,834,3,7.689481736045675
1269,783,1229,2,18.841160835534616
1269,965,882,1,3.616965677313317
1269,1068,783,1,26.525178301273773
1269,1229,1106,1,6.605818539698737
1270,1106,1276,1,4.836798739645476
1270,1229,783,2,18.841160835534616
1270,1013,1091,1,7.92275625179966
1270,882,1091,1,7.965381677815221
1270,1182,1013,1,5.283249325636405
1270,1435,1013,1,13.46916483615337
1270,1229,885,1,8.89559413156451
1270,882,708,1,4.837510953567602
1270,882,834,1,4.883195120135012
1270,931,885,1,3.0617002345235647
1270,1182,834,1,9.674230674179531
1270,1182,1398,1,5.640321895106829
1270,708,783,1,10.697285568723771
1270,834,882,1,4.883195120135012
1270,834,783,2,7.689481736045675
1270,834,965,2,3.83986736177262
1270,885,882,1,2.852794790784161
1270,1091,783,1,10.241109598832232
1270,849,885,1,6.749102957431653
1270,783,834,1,7.689481736045675
1270,965,783,2,10.498093903671007
1271,1013,834,1,8.005172893624191
1271,1091,659,1,11.28096621772052
1271,1398,1182,1,5.640321895106829
1271,882,834,2,4.883195120135012
1271,882,885,2,2.852794790784161
1271,882,783,1,12.561839638690564
1271,708,535,1,4.548441137468074
1271,834,882,2,4.883195120135012
1271,834,659,1,5.284552964469467
1271,834,1106,1,14.888705663916236
1271,834,783,4,7.689481736045675
1271,1091,1182,1,5.24631154396119
1271,535,783,1,11.620421645142477
1271,1013,1091,1,7.92275625179966
1271,783,1091,1,10.241109598832232
1271,965,917,1,4.882215518422521
1271,965,783,1,10.498093903671007
1272,659,834,1,5.284552964469467
1272,917,1013,1,9.763940751913996
1272,882,931,1,5.812636165404913
1272,1276,1370,1,7.918112864657469
1272,834,882,1,4.883195120135012
1272,834,708,2,4.389831624444016
1272,885,882,1,2.852794790784161
1272,885,783,1,15.378166398318458
1272,885,965,1,6.123119155303686
1272,659,783,1,5.809594285895007
1272,849,965,1,12.803650760757485
1272,535,708,1,4.548441137468074
1272,783,931,1,18.3740064075405
1272,783,834,1,7.689481736045675
1272,965,783,1,10.498093903671007
1273,659,834,1,5.284552964469467
1273,917,834,1,3.617203703030827
1273,1102,882,1,7.314751476768936
1273,1102,885,1,5.875878565174106
1273,1102,659,1,16.62723071775665
1273,1102,783,1,18.800951364959644
1273,1229,1102,2,3.8392690799482057
1273,1398,1182,1,5.640321895106829
1273,1102,1276,2,4.836798739646007
1273,1229,1106,1,6.605818539698737
1273,834,965,3,3.83986736177262
1273,566,783,1,5.876334276322891
1273,708,834,2,4.389831624444016
1273,834,783,2,7.689481736045675
1273,1102,931,1,4.548251915941359
1273,1102,672,1,11.119492664455636
1273,1102,1229,2,3.8392690799482057
1273,672,965,1,10.884705359638655
1273,882,885,1,2.852794790784161
1273,882,1102,1,7.314751476768936
1273,882,783,1,12.561839638690564
1273,1276,783,1,22.606377139254327
1273,855,783,1,27.60378823743443
1273,931,783,1,18.3740064075405
1273,1182,783,1,15.175538880502293
1273,708,659,1,5.815596432206299
1273,834,882,1,4.883195120135012
1273,834,708,1,4.389831624444016
1273,885,783,1,15.378166398318458
1273,659,965,1,9.121352246650094
1273,1013,1102,1,3.616251246210677
1273,783,834,2,7.689481736045675
1273,783,1091,1,10.241109598832232
1273,783,1229,1,18.841160835534616
1274,834,783,2,7.689481736045675
1274,659,783,2,5.809594285895007
1274,1229,917,1,13.03447967117419
1274,882,708,2,4.837510953567602
1274,931,708,1,9.423506251261468
1274,1182,834,1,9.674230674179531
1274,708,882,1,4.837510953567602
1274,508,783,1,25.93420023872912
1274,834,917,1,3.617203703030827
1274,834,1182,1,9.674230674179531
1274,834,965,2,3.83986736177262
1274,885,931,1,3.0617002345235647
1274,885,834,1,7.688685710981335
1274,1106,882,1,10.203820878312005
1274,1106,783,1,22.318447076891776
1274,783,931,2,18.3740064075405
1274,783,1182,1,15.175538880502293
1274,783,834,3,7.689481736045675
1274,1370,1276,1,7.918112864657469
1274,965,834,1,3.83986736177262
1274,965,783,1,10.498093903671007
1275,834,783,4,7.689481736045675
1275,1182,965,1,5.875748248781206
1275,882,1013,2,3.839767699909249
1275,1276,834,1,15.929463663685272
1275,1276,849,1,11.479314497557898
1275,931,849,2,4.4061387562478425
1275,931,783,1,18.3740064075405
1275,1182,1276,1,7.919661523440269
1275,708,882,1,4.837510953567602
1275,708,783,1,10.697285568723771
1275,834,882,1,4.883195120135012
1275,834,708,1,4.389831624444016
1275,1091,1229,1,9.180034524729397
1275,783,882,1,12.561839638690564
1275,783,931,1,18.3740064075405
1275,783,1182,1,15.175538880502293
1275,783,834,1,7.689481736045675
1275,783,359,1,12.499801205497114
1275,783,885,2,15.378166398318458
1275,672,849,1,6.511836392511076
1275,965,1182,1,5.875748248781206
1275,965,783,2,10.498093903671007
1275,1229,783,2,18.841160835534616
1276,1182,965,1,5.875748248781206
1276,882,834,1,4.883195120135012
1276,882,783,2,12.561839638690564
1276,885,882,1,2.852794790784161
1276,1013,834,1,8.005172893624191
1276,1013,1276,1,8.190822817543284
1276,1276,783,1,22.606377139254327
1276,1276,1229,1,3.959637309104105
1276,931,834,1,10.694040075602611
1276,931,1102,1,4.548251915941359
1276,931,783,1,18.3740064075405
1276,1182,783,1,15.175538880502293
1276,708,783,1,10.697285568723771
1276,708,965,1,6.739138237495128
1276,834,708,1,4.389831624444016
1276,834,659,1,5.284552964469467
1276,885,1013,1,3.46869779664105
1276,1091,1013,1,7.92275625179966
1276,1102,1106,1,3.80171314717607
1276,849,931,2,4.4061387562478425
1276,783,834,3,7.689481736045675
1276,783,672,1,17.445012141301472
1276,965,882,1,3.616965677313317
1276,965,783,1,10.498093903671007
1277,659,834,1,5.284552964469467
1277,834,783,6,7.689481736045675
1277,1068,855,1,5.87594370452583
1277,882,885,2,2.852794790784161
1277,855,931,1,9.765900232263595
1277,885,783,1,15.378166398318458
1277,659,931,1,14.893741670685255
1277,566,783,2,5.876334276322891
1277,535,708,1,4.548441137468074
1277,1013,882,3,3.839767699909249
1277,882,708,1,4.837510953567602
1277,882,1091,1,7.965381677815221
1277,1276,1106,1,4.836798739645476
1277,1182,931,1,9.422487826577225
1277,834,1106,1,14.888705663916236
1277,659,783,1,5.809594285895007
1277,1091,1182,1,5.24631154396119
1277,1091,783,1,10.241109598832232
1277,535,783,2,11.620421645142477
1277,672,885,1,5.876204136119103
1277,882,783,1,12.561839638690564
1277,1276,783,1,22.606377139254327
1277,708,834,1,4.389831624444016
1277,834,882,1,4.883195120135012
1277,834,885,2,7.688685710981335
1277,834,965,2,3.83986736177262
1277,885,882,1,2.852794790784161
1277,1013,1182,1,5.283249325636405
1277,783,1182,1,15.175538880502293
1277,783,708,1,10.697285568723771
1277,783,659,1,5.809594285895007
1277,783,1091,1,10.241109598832232
1277,783,535,1,11.620421645142477
1277,672,708,1,6.751878981086827
1277,1370,783,1,30.28578929187396
1277,965,834,1,3.83986736177262
1277,965,1229,1,8.77672016628073
1277,1229,917,1,13.03447967117419
1278,535,882,1,9.342211452816104
1278,885,931,2,3.0617002345235647
1278,1091,783,1,10.241109598832232
1278,1182,1091,1,5.24631154396119
1278,882,708,2,4.837510953567602
1278,882,885,1,2.852794790784161
1278,882,965,1,3.616965677313317
1278,931,1276,1,8.946223146223524
1278,1182,1013,1,5.283249325636405
1278,1182,783,1,15.175538880502293
1278,708,834,2,4.389831624444016
1278,708,535,1,4.548441137468074
1278,834,783,1,7.689481736045675
1278,885,1102,1,5.875878565174106
1278,885,783,2,15.378166398318458
1278,1013,882,1,3.839767699909249
1278,783,1276,1,22.606377139254327
1278,783,1182,1,15.175538880502293
1278,783,834,2,7.689481736045675
1278,783,359,2,12.499801205497114
1278,783,885,2,15.378166398318458
1278,783,1102,1,18.800951364959644
1278,783,849,1,21.903135562742808
1278,783,535,1,11.620421645142477
1278,965,783,1,10.498093903671007
1279,1276,1398,1,7.438993890374081
1279,1276,1102,1,4.836798739646007
1279,885,849,1,6.749102957431653
1279,882,1091,1,7.965381677815221
1279,931,783,1,18.3740064075405
1279,931,1068,1,8.304853837171269
1279,1182,1013,1,5.283249325636405
1279,834,882,1,4.883195120135012
1279,834,1276,1,15.929463663685272
1279,834,783,1,7.689481736045675
1279,834,965,1,3.83986736177262
1279,885,882,1,2.852794790784161
1279,1091,917,1,4.837115435970083
1279,1102,1276,1,4.836798739646007
1279,1102,885,1,5.875878565174106
1279,535,882,1,9.342211452816104
1279,535,783,1,11.620421645142477
1279,1013,965,1,4.881725510082577
1279,783,834,2,7.689481736045675
1279,965,672,1,10.884705359638655
1280,1276,1229,1,3.959637309104105
1280,1068,783,1,26.525178301273773
1280,1276,783,1,22.606377139254327
1280,882,931,1,5.812636165404913
1280,882,708,1,4.837510953567602
1280,882,834,1,4.883195120135012
1280,882,535,1,9.342211452816104
1280,882,783,1,12.561839638690564
1280,855,849,1,5.706192977162224
1280,931,965,1,8.628970001760946
1280,708,882,1,4.837510953567602
1280,708,834,1,4.389831624444016
1280,834,882,1,4.883195120135012
1280,834,783,2,7.689481736045675
1280,834,965,1,3.83986736177262
1280,885,783,2,15.378166398318458
1280,1102,1276,1,4.836798739646007
1280,1102,1106,1,3.80171314717607
1280,783,882,2,12.561839638690564
1280,783,708,1,10.697285568723771
1280,783,834,2,7.689481736045675
1280,783,1102,1,18.800951364959644
1280,783,849,1,21.903135562742808
1280,783,1229,1,18.841160835534616
1280,965,783,1,10.498093903671007
1281,1296,783,1,13.644692409583532
1281,535,708,3,4.548441137468074
1281,1276,535,1,21.16000916395143
1281,885,882,2,2.852794790784161
1281,885,834,1,7.688685710981335
1281,535,659,3,5.810827883107414
1281,882,931,1,5.812636165404913
1281,882,708,2,4.837510953567602
1281,882,672,1,7.316385892068044
1281,1276,1229,1,3.959637309104105
1281,917,783,1,5.8083597500151045
1281,834,708,1,4.389831624444016
1281,834,965,1,3.83986736177262
1281,1102,1229,2,3.8392690799482057
1281,849,1276,1,11.479314497557898
1281,1106,1276,1,4.836798739645476
1281,1013,931,1,4.405443882921528
1281,783,834,2,7.689481736045675
1281,783,885,1,15.378166398318458
1281,783,1106,1,22.318447076891776
1281,1229,965,1,8.77672016628073
1282,535,708,1,4.548441137468074
1282,1276,1106,2,4.836798739645476
1282,885,783,1,15.378166398318458
1282,882,783,1,12.561839638690564
1282,882,672,1,7.316385892068044
1282,931,882,2,5.812636165404913
1282,931,834,1,10.694040075602611
1282,708,834,1,4.389831624444016
1282,708,783,1,10.697285568723771
1282,834,882,1,4.883195120135012
1282,834,659,1,5.284552964469467
1282,834,535,1,8.012842951904279
1282,834,783,3,7.689481736045675
1282,849,882,1,9.574606006915822
1282,849,931,1,4.4061387562478425
1282,1106,783,1,22.318447076891776
1282,783,834,1,7.689481736045675
1282,783,1091,1,10.241109598832232
1282,965,783,1,10.498093903671007
1282,1229,783,1,18.841160835534616
1283,882,931,1,5.812636165404913
1283,882,708,1,4.837510953567602
1283,882,834,1,4.883195120135012
1283,917,1091,1,4.837115435970083
1283,708,882,2,4.837510953567602
1283,708,659,1,5.815596432206299
1283,834,882,1,4.883195120135012
1283,834,917,1,3.617203703030827
1283,834,1013,1,8.005172893624191
1283,659,783,1,5.809594285895007
1283,1091,965,1,4.388654712140797
1283,849,855,1,5.706192977162224
1283,849,508,1,9.342303526294996
1283,1106,1276,1,4.836798739645476
1283,783,882,2,12.561839638690564
1283,783,1276,1,22.606377139254327
1283,783,708,2,10.697285568723771
1283,783,834,1,7.689481736045675
1283,783,535,1,11.620421645142477
1283,783,1229,1,18.841160835534616
1283,965,882,1,3.616965677313317
1283,965,783,2,10.498093903671007
1284,1276,1091,1,13.129287540581574
1284,855,834,1,19.971672663678955
1284,882,931,1,5.812636165404913
1284,882,834,1,4.883195120135012
1284,882,1106,1,10.203820878312005
1284,882,783,1,12.561839638690564
1284,931,917,1,13.311633056624624
1284,708,882,1,4.837510953567602
1284,708,659,1,5.815596432206299
1284,834,783,1,7.689481736045675
1284,1091,1229,1,9.180034524729397
1284,1398,1091,1,9.6478124773512
1284,1106,1102,1,3.80171314717607
1284,535,659,1,5.810827883107414
1284,1013,965,1,4.881725510082577
1284,783,1182,1,15.175538880502293
1284,783,834,1,7.689481736045675
1284,783,359,1,12.499801205497114
1284,965,882,1,3.616965677313317
1284,965,917,1,4.882215518422521
1284,965,783,1,10.498093903671007
1284,1229,885,1,8.89559413156451
1285,1182,1102,1,6.120304815079837
1285,1182,1013,1,5.283249325636405
1285,1182,1091,1,5.24631154396119
1285,1102,1106,2,3.80171314717607
1285,885,882,3,2.852794790784161
1285,885,834,2,7.688685710981335
1285,885,783,1,15.378166398318458
1285,1102,1013,1,3.616251246210677
1285,882,834,1,4.883195120135012
1285,917,834,1,3.617203703030827
1285,931,882,1,5.812636165404913
1285,931,1013,1,4.405443882921528
1285,1182,1398,1,5.640321895106829
1285,708,834,1,4.389831624444016
1285,708,783,1,10.697285568723771
1285,834,882,1,4.883195120135012
1285,834,659,1,5.284552964469467
1285,834,1013,1,8.005172893624191
1285,834,783,1,7.689481736045675
1285,849,931,1,4.4061387562478425
1285,1013,965,1,4.881725510082577
1285,783,931,1,18.3740064075405
1285,783,834,2,7.689481736045675
1285,672,1068,1,13.168317290084476
1285,1229,1106,2,6.605818539698737
1286,1013,885,1,3.46869779664105
1286,931,849,1,4.4061387562478425
1286,834,1229,1,12.569063966979074
1286,1102,931,1,4.548251915941359
1286,882,1102,1,7.314751476768936
1286,931,708,1,9.423506251261468
1286,708,1091,1,10.705966675099036
1286,834,917,1,3.617203703030827
1286,834,931,1,10.694040075602611
1286,834,708,1,4.389831624444016
1286,834,885,1,7.688685710981335
1286,834,783,2,7.689481736045675
1286,1106,1276,1,4.836798739645476
1286,1106,1102,1,3.80171314717607
1286,1013,882,1,3.839767699909249
1286,783,1276,1,22.606377139254327
1286,783,1182,1,15.175538880502293
1286,783,834,1,7.689481736045675
1286,783,659,1,5.809594285895007
1286,783,849,1,21.903135562742808
1286,783,1068,1,26.525178301273773
1286,965,834,1,3.83986736177262
1287,849,1068,1,6.736061142863373
1287,1102,931,1,4.548251915941359
1287,1229,1102,1,3.8392690799482057
1287,1182,1091,1,5.24631154396119
1287,885,708,1,6.511469320496247
1287,849,885,1,6.749102957431653
1287,882,931,1,5.812636165404913
1287,882,834,1,4.883195120135012
1287,882,783,1,12.561839638690564
1287,882,965,1,3.616965677313317
1287,917,783,1,5.8083597500151045
1287,931,882,2,5.812636165404913
1287,708,965,1,6.739138237495128
1287,834,1091,1,6.739095652327052
1287,834,1229,1,12.569063966979074
1287,885,882,1,2.852794790784161
1287,659,834,1,5.284552964469467
1287,1106,1102,1,3.80171314717607
1287,1013,931,2,4.405443882921528
1287,783,1276,1,22.606377139254327
1287,783,917,1,5.8083597500151045
1287,783,885,1,15.378166398318458
1287,783,566,1,5.876334276322891
1287,783,672,1,17.445012141301472
1287,783,965,1,10.498093903671007
1287,783,1229,1,18.841160835534616
1287,965,882,1,3.616965677313317
1288,1229,1398,1,5.282433425576492
1288,672,885,1,5.876204136119103
1288,882,834,2,4.883195120135012
1288,882,1091,1,7.965381677815221
1288,882,535,1,9.342211452816104
1288,917,783,1,5.8083597500151045
1288,931,882,1,5.812636165404913
1288,931,834,2,10.694040075602611
1288,834,882,1,4.883195120135012
1288,834,535,1,8.012842951904279
1288,885,917,1,10.518632362833186
1288,885,1013,1,3.46869779664105
1288,659,834,2,5.284552964469467
1288,659,535,2,5.810827883107414
1288,535,882,1,9.342211452816104
1288,783,931,2,18.3740064075405
1288,783,659,1,5.809594285895007
1288,783,566,1,5.876334276322891
1288,783,1229,1,18.841160835534616
1288,965,882,1,3.616965677313317
1288,965,1182,1,5.875748248781206
1288,965,885,1,6.123119155303686
1288,1229,1106,1,6.605818539698737
1289,885,849,2,6.749102957431653
1289,849,1068,1,6.736061142863373
1289,1435,1182,1,8.189653224238826
1289,1182,1013,1,5.283249325636405
1289,834,849,2,14.265481524111957
1289,834,965,5,3.83986736177262
1289,855,783,1,27.60378823743443
1289,834,885,1,7.688685710981335
1289,834,659,3,5.284552964469467
1289,834,882,1,4.883195120135012
1289,834,931,1,10.694040075602611
1289,834,708,2,4.389831624444016
1289,849,855,1,5.706192977162224
1289,882,834,1,4.883195120135012
1289,882,885,1,2.852794790784161
1289,882,965,1,3.616965677313317
1289,931,849,1,4.4061387562478425
1289,708,535,1,4.548441137468074
1289,834,1276,1,15.929463663685272
1289,885,535,1,10.569431103772471
1289,659,882,1,9.424155624926374
1289,659,783,1,5.809594285895007
1289,1106,1276,2,4.836798739645476
1289,1013,1398,1,10.186376382121452
1289,783,1102,1,18.800951364959644
1289,783,535,1,11.620421645142477
1289,672,882,1,7.316385892068044
1289,1229,1276,1,3.959637309104105
1290,708,672,1,6.751878981086827
1290,965,1276,1,12.284417645367478
1290,965,1229,1,8.77672016628073
1290,882,931,1,5.812636165404913
1290,882,834,1,4.883195120135012
1290,1276,1102,1,4.836798739646007
1290,917,885,1,10.518632362833186
1290,1182,1398,1,5.640321895106829
1290,708,882,1,4.837510953567602
1290,834,708,1,4.389831624444016
1290,834,1229,1,12.569063966979074
1290,1091,1398,1,9.6478124773512
1290,1102,834,1,11.614659746948035
1290,1102,1229,1,3.8392690799482057
1290,1013,1102,1,3.616251246210677
1290,783,882,3,12.561839638690564
1290,783,1182,2,15.175538880502293
1290,783,708,1,10.697285568723771
1290,783,359,1,12.499801205497114
1290,783,659,1,5.809594285895007
1290,783,1106,1,22.318447076891776
1290,965,882,1,3.616965677313317
1290,965,834,1,3.83986736177262
1291,672,783,1,17.445012141301472
1291,708,672,1,6.751878981086827
1291,1106,834,1,14.888705663916236
1291,1229,1102,1,3.8392690799482057
1291,882,855,1,15.256284869872443
1291,882,708,1,4.837510953567602
1291,882,834,2,4.883195120135012
1291,882,885,1,2.852794790784161
1291,882,1102,1,7.314751476768936
1291,1276,1435,1,13.12435356350428
1291,1276,1398,1,7.438993890374081
1291,931,1106,1,5.283575443416337
1291,834,882,1,4.883195120135012
1291,834,1182,1,9.674230674179531
1291,885,931,1,3.0617002345235647
1291,885,1013,1,3.46869779664105
1291,659,783,1,5.809594285895007
1291,849,855,1,5.706192977162224
1291,849,1102,1,8.191991396325179
1291,783,855,1,27.60378823743443
1291,783,834,1,7.689481736045675
1291,783,359,1,12.499801205497114
1291,783,1091,1,10.241109598832232
1291,783,849,2,21.903135562742808
1291,783,1068,1,26.525178301273773
1291,783,1229,1,18.841160835534616
1291,965,1091,1,4.388654712140797
1292,1106,849,1,6.739095652327052
1292,882,931,2,5.812636165404913
1292,882,834,1,4.883195120135012
1292,931,1013,1,4.405443882921528
1292,931,672,1,6.73915242731767
1292,885,882,1,2.852794790784161
1292,535,834,1,8.012842951904279
1292,1013,1398,1,10.186376382121452
1292,783,834,1,7.689481736045675
1292,965,1182,1,5.875748248781206
1293,1296,1182,1,14.636346421121209
1293,1370,849,1,14.16435382667801
1293,1013,931,1,4.405443882921528
1293,1013,1182,1,5.283249325636405
1293,1013,965,1,4.881725510082577
1293,882,849,2,9.574606006915822
1293,931,535,1,13.170081658182124
1293,708,659,1,5.815596432206299
1293,834,882,1,4.883195120135012
1293,834,917,1,3.617203703030827
1293,834,535,1,8.012842951904279
1293,834,1013,1,8.005172893624191
1293,885,1013,1,3.46869779664105
1293,1398,1013,1,10.186376382121452
1293,1102,1106,1,3.80171314717607
1293,1106,1276,1,4.836798739645476
1293,783,1182,1,15.175538880502293
1293,783,834,1,7.689481736045675
1293,783,1091,1,10.241109598832232
1293,783,1013,1,15.308499342485224
1294,1106,849,1,6.739095652327052
1294,882,659,1,9.424155624926374
1294,1276,882,1,12.01740314095659
1294,931,965,1,8.628970001760946
1294,1182,1091,1,5.24631154396119
1294,834,535,1,8.012842951904279
1294,834,965,1,3.83986736177262
1294,834,1229,1,12.569063966979074
1294,659,834,1,5.284552964469467
1294,1013,1102,1,3.616251246210677
1294,783,359,1,12.499801205497114
1294,783,659,1,5.809594285895007
1294,783,1013,1,15.308499342485224
1294,965,1398,1,11.479089287938937
1294,1068,855,1,5.87594370452583
1295,965,535,1,11.11949266445603
1295,882,931,1,5.812636165404913
1295,931,885,1,3.0617002345235647
1295,931,1102,1,4.548251915941359
1295,849,931,1,4.4061387562478425
1295,783,882,1,12.561839638690564
1295,783,917,1,5.8083597500151045
1295,783,708,2,10.697285568723771
1295,783,535,1,11.620421645142477
1296,882,1091,1,7.965381677815221
1296,1182,1276,1,7.919661523440269
1296,708,882,1,4.837510953567602
1296,834,882,1,4.883195120135012
1296,834,659,1,5.284552964469467
1296,834,1106,1,14.888705663916236
1296,885,672,1,5.876204136119103
1296,1013,1102,1,3.616251246210677
1296,783,849,1,21.903135562742808
1296,783,1106,1,22.318447076891776
1296,965,885,1,6.123119155303686
1296,1068,849,1,6.736061142863373
1297,882,885,1,2.852794790784161
1297,882,1013,2,3.839767699909249
1297,885,882,3,2.852794790784161
1297,885,1013,1,3.46869779664105
1297,1276,1106,1,4.836798739645476
1297,855,849,1,5.706192977162224
1297,834,965,1,3.83986736177262
1297,1013,1102,1,3.616251246210677
1297,783,1276,1,22.606377139254327
1297,783,1182,2,15.175538880502293
1297,783,834,1,7.689481736045675
1297,965,1013,1,4.881725510082577
1297,1229,1398,1,5.282433425576492
1298,965,882,1,3.616965677313317
1298,885,849,1,6.749102957431653
1298,882,965,1,3.616965677313317
1298,834,885,1,7.688685710981335
1298,1102,1229,1,3.8392690799482057
1298,1013,882,1,3.839767699909249
1298,1229,1013,1,5.640389822593795
1299,885,849,1,6.749102957431653
1299,965,1229,1,8.77672016628073
1300,882,834,1,4.883195120135012
1301,834,931,2,10.694040075602611
1301,965,882,1,3.616965677313317
1301,834,566,1,11.619599142411865
1301,965,1091,1,4.388654712140797
1301,882,965,1,3.616965677313317
1301,834,659,1,5.284552964469467
1301,783,834,1,7.689481736045675
1302,882,672,1,7.316385892068044
1303,783,1182,1,15.175538880502293
1304,708,783,1,10.697285568723771
1305,885,882,1,2.852794790784161
1306,1276,783,1,22.606377139254327
1306,855,783,1,27.60378823743443
1306,834,783,1,7.689481736045675
1306,359,783,1,12.499801205497114
1306,1435,783,1,17.957022310236383
1306,659,783,1,5.809594285895007
1306,1091,783,1,10.241109598832232
1306,1106,783,1,22.318447076891776
1306,535,659,1,5.810827883107414
1306,535,783,1,11.620421645142477
1306,965,783,1,10.498093903671007
1307,882,783,1,12.561839638690564
1307,1276,783,1,22.606377139254327
1307,1398,783,2,19.874616662347663
1307,1102,783,1,18.800951364959644
1307,1106,783,1,22.318447076891776
1307,535,783,1,11.620421645142477
1307,1229,885,1,8.89559413156451
1307,1229,783,1,18.841160835534616
1308,885,882,1,2.852794790784161
1308,1276,885,1,10.705394585658723
1308,1276,783,1,22.606377139254327
1308,359,783,1,12.499801205497114
1308,659,783,4,5.809594285895007
1308,1091,783,1,10.241109598832232
1308,1102,783,2,18.800951364959644
1308,566,783,1,5.876334276322891
1308,535,882,1,9.342211452816104
1308,535,783,2,11.620421645142477
1308,1013,783,1,15.308499342485224
1308,783,917,1,5.8083597500151045
1308,1229,783,1,18.841160835534616
1309,708,783,3,10.697285568723771
1309,834,783,1,7.689481736045675
1309,965,783,5,10.498093903671007
1309,1068,783,3,26.525178301273773
1309,882,885,2,2.852794790784161
1309,834,882,1,4.883195120135012
1309,965,885,2,6.123119155303686
1309,882,965,1,3.616965677313317
1309,965,882,1,3.616965677313317
1309,882,783,2,12.561839638690564
1309,1276,783,2,22.606377139254327
1309,1182,783,2,15.175538880502293
1309,885,783,1,15.378166398318458
1309,1091,1013,1,7.92275625179966
1309,1102,1106,1,3.80171314717607
1309,849,882,1,9.574606006915822
1309,535,783,2,11.620421645142477
1309,783,882,1,12.561839638690564
1309,783,1435,8,17.957022310236383
1309,1229,783,1,18.841160835534616
1310,965,783,1,10.498093903671007
1310,1435,783,4,17.957022310236383
1310,882,708,1,4.837510953567602
1310,931,783,1,18.3740064075405
1310,1182,1276,1,7.919661523440269
1310,1182,783,1,15.175538880502293
1310,508,783,1,25.93420023872912
1310,885,535,1,10.569431103772471
1310,885,965,1,6.123119155303686
1310,659,783,1,5.809594285895007
1310,566,783,1,5.876334276322891
1310,849,783,1,21.903135562742808
1311,708,783,1,10.697285568723771
1311,965,783,1,10.498093903671007
1311,882,783,2,12.561839638690564
1311,882,965,1,3.616965677313317
1311,1276,783,1,22.606377139254327
1311,917,783,1,5.8083597500151045
1311,885,882,1,2.852794790784161
1311,1106,1068,1,4.880745078525951
1311,535,834,1,8.012842951904279
1311,1013,834,1,8.005172893624191
1312,1068,783,1,26.525178301273773
1312,882,783,1,12.561839638690564
1312,1276,1013,1,8.190822817543284
1312,917,783,1,5.8083597500151045
1312,834,882,1,4.883195120135012
1312,834,535,1,8.012842951904279
1312,885,783,1,15.378166398318458
1312,1398,1182,2,5.640321895106829
1312,849,882,1,9.574606006915822
1312,849,834,1,14.265481524111957
1312,1106,931,1,5.283575443416337
1312,1013,931,1,4.405443882921528
1312,783,708,1,10.697285568723771
1312,965,882,1,3.616965677313317
1313,708,783,2,10.697285568723771
1313,834,783,9,7.689481736045675
1313,965,783,3,10.498093903671007
1313,1091,783,4,10.241109598832232
1313,1102,1276,2,4.836798739646007
1313,1102,1229,1,3.8392690799482057
1313,1229,834,2,12.569063966979074
1313,931,783,2,18.3740064075405
1313,708,535,2,4.548441137468074
1313,659,783,5,5.809594285895007
1313,535,783,9,11.620421645142477
1313,1229,1276,3,3.959637309104105
1313,1229,1182,2,3.960024365898536
1313,882,1013,1,3.839767699909249
1313,931,849,3,4.4061387562478425
1313,882,834,1,4.883195120135012
1313,1276,1182,2,7.919661523440269
1313,659,834,1,5.284552964469467
1313,1091,1182,1,5.24631154396119
1313,1091,1102,1,10.454710779351652
1313,535,849,1,14.6134281539242
1313,1229,783,2,18.841160835534616
1313,917,965,1,4.882215518422521
1313,931,965,1,8.628970001760946
1313,834,965,1,3.83986736177262
1313,885,882,1,2.852794790784161
1313,566,783,1,5.876334276322891
1313,849,931,1,4.4061387562478425
1313,1013,1091,1,7.92275625179966
1313,672,783,1,17.445012141301472
1314,834,783,2,7.689481736045675
1314,1229,1102,1,3.8392690799482057
1314,1102,1106,1,3.80171314717607
1314,849,855,1,5.706192977162224
1314,1013,855,1,14.035043934320278
1314,882,931,1,5.812636165404913
1314,882,659,1,9.424155624926374
1314,1276,783,1,22.606377139254327
1314,855,849,1,5.706192977162224
1314,708,783,1,10.697285568723771
1314,834,708,1,4.389831624444016
1314,834,885,1,7.688685710981335
1314,1091,1276,1,13.129287540581574
1314,783,834,1,7.689481736045675
1314,783,659,1,5.809594285895007
1314,783,1102,1,18.800951364959644
1314,783,1013,1,15.308499342485224
1314,965,882,1,3.616965677313317
1314,965,783,2,10.498093903671007
1315,659,783,1,5.809594285895007
1315,1106,1276,1,4.836798739645476
1315,885,783,1,15.378166398318458
1315,659,834,1,5.284552964469467
1315,882,783,2,12.561839638690564
1315,1276,834,1,15.929463663685272
1315,931,882,1,5.812636165404913
1315,708,783,1,10.697285568723771
1315,834,885,1,7.688685710981335
1315,1102,1276,1,4.836798739646007
1315,1102,1106,1,3.80171314717607
1315,849,855,2,5.706192977162224
1315,535,1182,1,16.787330799836653
1315,1013,885,1,3.46869779664105
1315,783,1276,1,22.606377139254327
1315,783,885,1,15.378166398318458
1315,783,965,1,10.498093903671007
1316,965,834,1,3.83986736177262
1316,882,885,1,2.852794790784161
1316,882,965,1,3.616965677313317
1316,1276,535,1,21.16000916395143
1316,1276,783,1,22.606377139254327
1316,855,783,1,27.60378823743443
1316,1182,783,1,15.175538880502293
1316,834,659,1,5.284552964469467
1316,834,965,1,3.83986736177262
1316,885,882,3,2.852794790784161
1316,1398,965,1,11.479089287938937
1316,849,931,1,4.4061387562478425
1316,1106,882,1,10.203820878312005
1316,783,885,1,15.378166398318458
1316,783,849,1,21.903135562742808
1317,659,783,1,5.809594285895007
1317,1229,882,1,9.341474227178574
1317,917,783,2,5.8083597500151045
1317,885,1276,1,10.705394585658723
1317,885,1013,1,3.46869779664105
1317,885,834,1,7.688685710981335
1317,566,783,1,5.876334276322891
1317,1106,1013,1,7.015517581545067
1317,1068,783,2,26.525178301273773
1317,1229,783,3,18.841160835534616
1317,708,882,2,4.837510953567602
1317,708,931,1,9.423506251261468
1317,708,834,2,4.389831624444016
1317,834,882,4,4.883195120135012
1317,1068,855,1,5.87594370452583
1317,882,1106,1,10.203820878312005
1317,708,885,2,6.511469320496247
1317,834,783,3,7.689481736045675
1317,885,708,1,6.511469320496247
1317,659,834,2,5.284552964469467
1317,1091,1182,1,5.24631154396119
1317,1370,1068,1,7.841426035905807
1317,965,783,2,10.498093903671007
1317,882,783,1,12.561839638690564
1317,882,965,1,3.616965677313317
1317,917,834,1,3.617203703030827
1317,931,834,1,10.694040075602611
1317,885,882,1,2.852794790784161
1317,1102,1276,1,4.836798739646007
1317,849,1102,1,8.191991396325179
1317,535,783,2,11.620421645142477
1317,1013,834,1,8.005172893624191
1317,783,965,1,10.498093903671007
1317,965,708,1,6.739138237495128
1317,965,834,1,3.83986736177262
1318,1013,965,1,4.881725510082577
1318,834,535,1,8.012842951904279
1318,834,708,1,4.389831624444016
1318,834,783,3,7.689481736045675
1318,1013,783,1,15.308499342485224
1318,882,834,1,4.883195120135012
1318,1276,783,1,22.606377139254327
1318,855,882,1,15.256284869872443
1318,931,885,1,3.0617002345235647
1318,834,882,1,4.883195120135012
1318,834,1013,1,8.005172893624191
1318,834,965,1,3.83986736177262
1318,885,882,1,2.852794790784161
1318,885,1102,2,5.875878565174106
1318,1102,1013,1,3.616251246210677
1318,783,659,2,5.809594285895007
1319,659,783,1,5.809594285895007
1319,1102,931,1,4.548251915941359
1319,1013,885,1,3.46869779664105
1319,1102,1276,1,4.836798739646007
1319,1013,1229,1,5.640389822593795
1319,882,834,1,4.883195120135012
1319,882,672,2,7.316385892068044
1319,1276,1106,1,4.836798739645476
1319,1276,1013,1,8.190822817543284
1319,855,783,1,27.60378823743443
1319,931,1182,1,9.422487826577225
1319,1182,783,2,15.175538880502293
1319,708,834,1,4.389831624444016
1319,834,659,1,5.284552964469467
1319,834,783,1,7.689481736045675
1319,885,1013,1,3.46869779664105
1319,659,359,1,7.84162119104212
1319,535,1102,1,16.335498592300418
1319,783,834,1,7.689481736045675
1319,783,659,1,5.809594285895007
1319,783,1091,1,10.241109598832232
1319,965,783,1,10.498093903671007
1319,965,1229,1,8.77672016628073
1319,1068,783,1,26.525178301273773
1320,659,834,1,5.284552964469467
1320,1091,917,1,4.837115435970083
1320,672,931,1,6.73915242731767
1320,1229,1106,1,6.605818539698737
1320,1276,1106,1,4.836798739645476
1320,1182,783,1,15.175538880502293
1320,834,882,2,4.883195120135012
1320,1229,882,1,9.341474227178574
1320,882,834,1,4.883195120135012
1320,931,885,1,3.0617002345235647
1320,708,535,1,4.548441137468074
1320,834,917,1,3.617203703030827
1320,885,834,1,7.688685710981335
1320,659,783,1,5.809594285895007
1320,1102,1106,1,3.80171314717607
1320,849,931,1,4.4061387562478425
1320,1013,931,1,4.405443882921528
1320,1013,783,1,15.308499342485224
1320,783,882,1,12.561839638690564
1320,783,566,1,5.876334276322891
1320,783,672,1,17.445012141301472
1320,672,783,1,17.445012141301472
1320,965,882,1,3.616965677313317
1320,965,834,1,3.83986736177262
1320,965,885,1,6.123119155303686
1321,917,783,5,5.8083597500151045
1321,917,965,3,4.882215518422521
1321,659,834,1,5.284552964469467
1321,1398,1182,3,5.640321895106829
1321,1102,1229,2,3.8392690799482057
1321,1229,1106,1,6.605818539698737
1321,931,849,1,4.4061387562478425
1321,566,783,1,5.876334276322891
1321,535,783,1,11.620421645142477
1321,931,1102,1,4.548251915941359
1321,931,783,1,18.3740064075405
1321,931,672,2,6.73915242731767
1321,834,783,3,7.689481736045675
1321,885,882,2,2.852794790784161
1321,885,1182,1,8.662721360426067
1321,882,834,1,4.883195120135012
1321,1276,1106,2,4.836798739645476
1321,1276,1229,1,3.959637309104105
1321,931,708,1,9.423506251261468
1321,931,1229,1,8.28950012214804
1321,834,882,1,4.883195120135012
1321,834,1013,1,8.005172893624191
1321,1091,882,1,7.965381677815221
1321,1091,965,1,4.388654712140797
1321,1102,783,1,18.800951364959644
1321,1106,708,1,14.476051732619457
1321,535,882,1,9.342211452816104
1321,783,834,1,7.689481736045675
1321,783,1013,1,15.308499342485224
1322,1182,1068,1,14.6407627195109
1322,1013,965,1,4.881725510082577
1322,965,708,1,6.739138237495128
1322,965,834,2,3.83986736177262
1322,965,1398,1,11.479089287938937
1322,882,834,1,4.883195120135012
1322,882,1013,1,3.839767699909249
1322,931,1013,1,4.405443882921528
1322,708,1091,1,10.705966675099036
1322,834,882,1,4.883195120135012
1322,834,783,1,7.689481736045675
1322,885,931,1,3.0617002345235647
1322,1102,1276,1,4.836798739646007
1322,1013,1182,1,5.283249325636405
1322,783,508,1,25.93420023872912
1322,783,1102,1,18.800951364959644
1322,783,566,1,5.876334276322891
1322,672,783,1,17.445012141301472
1322,1229,1276,1,3.959637309104105
1322,1229,1398,1,5.282433425576492
1322,1229,1013,1,5.640389822593795
1323,1398,783,1,19.874616662347663
1323,965,885,1,6.123119155303686
1323,882,708,1,4.837510953567602
1323,882,834,3,4.883195120135012
1323,1276,783,1,22.606377139254327
1323,1276,1229,1,3.959637309104105
1323,931,1102,1,4.548251915941359
1323,708,882,1,4.837510953567602
1323,708,885,1,6.511469320496247
1323,708,783,1,10.697285568723771
1323,834,882,1,4.883195120135012
1323,834,708,1,4.389831624444016
1323,834,659,1,5.284552964469467
1323,834,783,3,7.689481736045675
1323,1091,882,1,7.965381677815221
1323,1102,834,1,11.614659746948035
1323,1013,1182,1,5.283249325636405
1323,783,834,5,7.689481736045675
1323,783,849,1,21.903135562742808
1323,783,965,1,10.498093903671007
1323,672,1106,1,11.752082528572066
1324,659,834,1,5.284552964469467
1324,885,834,2,7.688685710981335
1324,882,1276,1,12.01740314095659
1324,882,834,1,4.883195120135012
1324,882,885,2,2.852794790784161
1324,882,566,1,16.254125732085967
1324,882,849,2,9.574606006915822
1324,882,783,1,12.561839638690564
1324,708,882,1,4.837510953567602
1324,834,783,3,7.689481736045675
1324,834,965,2,3.83986736177262
1324,1398,783,1,19.874616662347663
1324,1102,783,1,18.800951364959644
1324,1013,931,1,4.405443882921528
1324,783,708,2,10.697285568723771
1324,783,659,2,5.809594285895007
1324,783,1068,1,26.525178301273773
1324,965,1013,1,4.881725510082577
1324,1229,1276,1,3.959637309104105
1324,1229,783,1,18.841160835534616
1325,1091,783,3,10.241109598832232
1325,1102,1229,3,3.8392690799482057
1325,1276,965,4,12.284417645367478
1325,965,783,3,10.498093903671007
1325,931,885,1,3.0617002345235647
1325,885,882,1,2.852794790784161
1325,659,783,6,5.809594285895007
1325,1276,1102,2,4.836798739646007
1325,1276,849,1,11.479314497557898
1325,931,834,1,10.694040075602611
1325,931,783,4,18.3740064075405
1325,885,931,1,3.0617002345235647
1325,535,508,1,15.269109427523375
1325,535,783,2,11.620421645142477
1325,855,849,1,5.706192977162224
1325,931,882,1,5.812636165404913
1325,931,1102,2,4.548251915941359
1325,885,708,1,6.511469320496247
1325,885,965,2,6.123119155303686
1325,1091,834,2,6.739095652327052
1325,965,834,4,3.83986736177262
1325,882,1013,1,3.839767699909249
1325,917,1091,1,4.837115435970083
1325,931,1229,1,8.28950012214804
1325,1182,1276,1,7.919661523440269
1325,708,834,3,4.389831624444016
1325,834,882,1,4.883195120135012
1325,834,783,4,7.689481736045675
1325,1091,1013,1,7.92275625179966
1325,1106,1102,1,3.80171314717607
1325,783,834,1,7.689481736045675
1325,783,1013,1,15.308499342485224
1325,783,965,2,10.498093903671007
1326,1091,783,1,10.241109598832232
1326,965,1182,1,5.875748248781206
1326,882,834,2,4.883195120135012
1326,834,708,2,4.389831624444016
1326,1102,931,1,4.548251915941359
1326,965,1276,1,12.284417645367478
1326,965,1102,2,8.304116264398273
1326,882,885,1,2.852794790784161
1326,1276,1182,1,7.919661523440269
1326,1276,1106,1,4.836798739645476
1326,931,535,1,13.170081658182124
1326,708,849,1,11.8916662824573
1326,834,882,2,4.883195120135012
1326,834,783,2,7.689481736045675
1326,885,931,2,3.0617002345235647
1326,885,708,1,6.511469320496247
1326,659,783,1,5.809594285895007
1326,1102,882,1,7.314751476768936
1326,1102,1229,1,3.8392690799482057
1326,849,508,1,9.342303526294996
1326,1013,885,1,3.46869779664105
1326,1013,783,2,15.308499342485224
1326,1013,1229,1,5.640389822593795
1326,783,882,1,12.561839638690564
1326,783,1276,1,22.606377139254327
1326,783,1182,1,15.175538880502293
1326,783,885,1,15.378166398318458
1326,783,566,1,5.876334276322891
1326,783,1068,1,26.525178301273773
1326,965,882,1,3.616965677313317
1326,965,834,1,3.83986736177262
1326,965,1398,1,11.479089287938937
1326,965,783,1,10.498093903671007
1326,1229,1182,1,3.960024365898536
1326,1229,965,1,8.77672016628073
1327,882,708,1,4.837510953567602
1327,708,783,1,10.697285568723771
1327,1106,1276,1,4.836798739645476
1327,931,885,2,3.0617002345235647
1327,1182,1013,1,5.283249325636405
1327,708,834,2,4.389831624444016
1327,885,783,1,15.378166398318458
1327,535,708,1,4.548441137468074
1327,882,931,1,5.812636165404913
1327,882,1013,1,3.839767699909249
1327,882,965,1,3.616965677313317
1327,1276,1102,2,4.836798739646007
1327,931,849,1,4.4061387562478425
1327,1182,885,1,8.662721360426067
1327,1182,783,1,15.175538880502293
1327,834,882,2,4.883195120135012
1327,834,855,1,19.971672663678955
1327,834,708,1,4.389831624444016
1327,834,783,3,7.689481736045675
1327,834,965,1,3.83986736177262
1327,885,1013,1,3.46869779664105
1327,849,783,1,21.903135562742808
1327,783,359,1,12.499801205497114
1327,783,659,1,5.809594285895007
1327,783,1091,1,10.241109598832232
1327,783,1013,1,15.308499342485224
1327,965,882,1,3.616965677313317
1327,1229,1276,1,3.959637309104105
1327,1229,1182,1,3.960024365898536
1327,1229,1102,1,3.8392690799482057
1328,708,1013,1,8.663428210145081
1328,855,783,1,27.60378823743443
1328,931,783,1,18.3740064075405
1328,834,1102,1,11.614659746948035
1328,882,885,1,2.852794790784161
1328,1182,783,2,15.175538880502293
1328,708,882,1,4.837510953567602
1328,834,965,1,3.83986736177262
1328,1091,834,1,6.739095652327052
1328,849,885,1,6.749102957431653
1328,849,672,1,6.511836392511076
1328,1013,1102,1,3.616251246210677
1328,783,882,1,12.561839638690564
1328,783,1182,1,15.175538880502293
1328,783,359,1,12.499801205497114
1328,783,1398,1,19.874616662347663
1328,783,1229,1,18.841160835534616
1328,965,882,1,3.616965677313317
1328,965,783,1,10.498093903671007
1329,1091,783,3,10.241109598832232
1329,855,849,1,5.706192977162224
1329,931,882,2,5.812636165404913
1329,931,1102,2,4.548251915941359
1329,535,783,1,11.620421645142477
1329,834,659,2,5.284552964469467
1329,931,885,2,3.0617002345235647
1329,834,882,2,4.883195120135012
1329,535,708,1,4.548441137468074
1329,882,708,2,4.837510953567602
1329,882,783,2,12.561839638690564
1329,1276,1091,1,13.129287540581574
1329,1276,1106,1,4.836798739645476
1329,708,885,1,6.511469320496247
1329,834,1091,1,6.739095652327052
1329,834,535,1,8.012842951904279
1329,885,1068,1,11.364565785437158
1329,659,535,1,5.810827883107414
1329,1091,834,1,6.739095652327052
1329,1102,1229,1,3.8392690799482057
1329,849,931,1,4.4061387562478425
1329,1106,1068,1,4.880745078525951
1329,783,1276,1,22.606377139254327
1329,783,708,1,10.697285568723771
1329,783,834,1,7.689481736045675
1329,783,566,1,5.876334276322891
1329,672,882,1,7.316385892068044
1329,1068,849,1,6.736061142863373
1330,1091,783,2,10.241109598832232
1330,1106,849,1,6.739095652327052
1330,882,1276,1,12.01740314095659
1330,931,849,1,4.4061387562478425
1330,708,783,1,10.697285568723771
1330,659,783,1,5.809594285895007
1330,882,708,1,4.837510953567602
1330,882,834,2,4.883195120135012
1330,882,885,1,2.852794790784161
1330,1276,917,1,16.804080761168354
1330,1182,1102,1,6.120304815079837
1330,708,882,1,4.837510953567602
1330,708,834,1,4.389831624444016
1330,834,882,1,4.883195120135012
1330,834,659,1,5.284552964469467
1330,885,882,1,2.852794790784161
1330,885,931,1,3.0617002345235647
1330,885,672,1,5.876204136119103
1330,1102,1013,1,3.616251246210677
1330,535,359,1,5.855067293961566
1330,1013,834,1,8.005172893624191
1330,783,834,1,7.689481736045675
1330,783,359,2,12.499801205497114
1330,783,1435,1,17.957022310236383
1330,783,659,1,5.809594285895007
1330,783,566,1,5.876334276322891
1330,783,965,1,10.498093903671007
1330,965,834,1,3.83986736177262
1331,834,783,3,7.689481736045675
1331,882,535,1,9.342211452816104
1331,882,1013,1,3.839767699909249
1331,1276,1013,1,8.190822817543284
1331,931,783,1,18.3740064075405
1331,708,849,1,11.8916662824573
1331,708,783,1,10.697285568723771
1331,834,882,2,4.883195120135012
1331,535,708,1,4.548441137468074
1331,1013,882,1,3.839767699909249
1331,1013,965,1,4.881725510082577
1331,783,931,1,18.3740064075405
1331,783,834,1,7.689481736045675
1331,783,1435,1,17.957022310236383
1331,783,566,2,5.876334276322891
1331,783,672,1,17.445012141301472
1331,965,1229,1,8.77672016628073
1331,1229,1102,1,3.8392690799482057
1332,931,885,1,3.0617002345235647
1332,834,965,1,3.83986736177262
1332,882,885,1,2.852794790784161
1332,708,885,1,6.511469320496247
1332,834,783,1,7.689481736045675
1332,885,783,1,15.378166398318458
1332,1102,882,1,7.314751476768936
1332,849,508,1,9.342303526294996
1332,783,931,1,18.3740064075405
1332,783,566,1,5.876334276322891
1332,965,783,1,10.498093903671007
1333,931,659,1,14.893741670685255
1333,834,885,1,7.688685710981335
1333,965,882,2,3.616965677313317
1333,965,885,1,6.123119155303686
1333,1276,1102,1,4.836798739646007
1333,834,708,2,4.389831624444016
1333,965,708,1,6.739138237495128
1333,931,882,2,5.812636165404913
1333,1106,1229,1,6.605818539698737
1333,965,834,1,3.83986736177262
1333,834,659,2,5.284552964469467
1333,931,1068,1,8.304853837171269
1333,1182,1013,1,5.283249325636405
1333,1091,659,1,11.28096621772052
1333,1106,1102,2,3.80171314717607
1333,931,783,1,18.3740064075405
1333,885,849,1,6.749102957431653
1333,659,535,1,5.810827883107414
1333,1102,882,1,7.314751476768936
1333,849,931,1,4.4061387562478425
1333,535,834,1,8.012842951904279
1333,1013,965,1,4.881725510082577
1333,783,834,2,7.689481736045675
1334,834,1229,1,12.569063966979074
1334,708,885,1,6.511469320496247
1334,708,535,1,4.548441137468074
1334,834,882,3,4.883195120135012
1334,659,783,2,5.809594285895007
1334,1013,1182,1,5.283249325636405
1334,882,965,1,3.616965677313317
1334,931,885,1,3.0617002345235647
1334,708,834,1,4.389831624444016
1334,885,659,1,11.84843418422244
1334,1102,1106,1,3.80171314717607
1334,566,783,1,5.876334276322891
1334,535,359,1,5.855067293961566
1334,783,882,1,12.561839638690564
1334,783,931,2,18.3740064075405
1334,783,834,1,7.689481736045675
1334,783,359,1,12.499801205497114
1334,783,535,1,11.620421645142477
1334,965,882,1,3.616965677313317
1334,965,1091,1,4.388654712140797
1334,1229,1013,2,5.640389822593795
1335,931,783,1,18.3740064075405
1335,1182,1091,1,5.24631154396119
1335,834,1182,1,9.674230674179531
1335,834,965,1,3.83986736177262
1335,1106,1276,1,4.836798739645476
1335,882,1276,1,12.01740314095659
1335,882,931,1,5.812636165404913
1335,882,708,3,4.837510953567602
1335,931,849,1,4.4061387562478425
1335,885,931,1,3.0617002345235647
1335,885,535,1,10.569431103772471
1335,1091,783,1,10.241109598832232
1335,1102,1013,1,3.616251246210677
1335,783,882,1,12.561839638690564
1335,783,1182,1,15.175538880502293
1335,783,834,1,7.689481736045675
1335,783,566,1,5.876334276322891
1335,783,535,1,11.620421645142477
1335,672,849,1,6.511836392511076
1335,965,783,1,10.498093903671007
1336,1182,834,1,9.674230674179531
1336,931,882,1,5.812636165404913
1336,931,1068,1,8.304853837171269
1336,1276,1106,1,4.836798739645476
1336,1276,1229,1,3.959637309104105
1336,708,834,1,4.389831624444016
1336,708,885,1,6.511469320496247
1336,882,885,1,2.852794790784161
1336,882,1102,1,7.314751476768936
1336,882,849,1,9.574606006915822
1336,882,535,1,9.342211452816104
1336,834,1102,1,11.614659746948035
1336,885,882,2,2.852794790784161
1336,885,1106,1,7.965381677815221
1336,659,834,1,5.284552964469467
1336,1102,1013,1,3.616251246210677
1336,849,1068,1,6.736061142863373
1336,783,1182,1,15.175538880502293
1336,783,708,1,10.697285568723771
1336,783,834,1,7.689481736045675
1336,783,659,1,5.809594285895007
1336,783,1091,1,10.241109598832232
1336,783,1102,1,18.800951364959644
1336,965,1106,1,11.884713829537391
1337,1106,783,1,22.318447076891776
1337,1370,1068,1,7.841426035905807
1337,931,882,1,5.812636165404913
1337,1276,1068,1,8.66943360865319
1337,855,849,3,5.706192977162224
1337,834,882,4,4.883195120135012
1337,834,917,1,3.617203703030827
1337,834,659,1,5.284552964469467
1337,834,535,1,8.012842951904279
1337,834,783,2,7.689481736045675
1337,965,882,1,3.616965677313317
1337,965,834,4,3.83986736177262
1337,965,1013,1,4.881725510082577
1337,1276,1102,1,4.836798739646007
1337,834,931,1,10.694040075602611
1337,834,708,2,4.389831624444016
1337,834,885,1,7.688685710981335
1337,1106,1276,3,4.836798739645476
1337,1370,672,1,20.171661634090945
1337,882,931,1,5.812636165404913
1337,882,834,1,4.883195120135012
1337,882,885,1,2.852794790784161
1337,917,834,1,3.617203703030827
1337,931,1068,1,8.304853837171269
1337,708,882,1,4.837510953567602
1337,708,535,1,4.548441137468074
1337,834,1102,1,11.614659746948035
1337,834,1106,1,14.888705663916236
1337,885,931,1,3.0617002345235647
1337,885,834,2,7.688685710981335
1337,1091,1398,1,9.6478124773512
1337,1398,1091,1,9.6478124773512
1337,1102,885,1,5.875878565174106
1337,1102,1106,1,3.80171314717607
1337,1102,965,1,8.304116264398273
1337,1102,1229,1,3.8392690799482057
1337,849,508,1,9.342303526294996
1337,1013,1229,1,5.640389822593795
1337,783,931,1,18.3740064075405
1337,783,708,1,10.697285568723771
1337,783,849,2,21.903135562742808
1337,783,535,1,11.620421645142477
1337,1229,1276,1,3.959637309104105
1337,1229,1102,1,3.8392690799482057
1338,931,882,1,5.812636165404913
1338,882,849,1,9.574606006915822
1338,1276,1398,1,7.438993890374081
1338,1276,1102,1,4.836798739646007
1338,1276,1229,1,3.959637309104105
1338,885,708,1,6.511469320496247
1338,1106,1068,1,4.880745078525951
1338,1013,965,1,4.881725510082577
1338,783,508,1,25.93420023872912
1338,783,359,1,12.499801205497114
1338,783,659,1,5.809594285895007
1338,783,1091,1,10.241109598832232
1338,783,566,1,5.876334276322891
1338,672,508,1,8.81713559460697
1338,965,1013,1,4.881725510082577
1338,1068,1106,1,4.880745078525951
1338,1229,1182,1,3.960024365898536
1338,1229,1102,1,3.8392690799482057
1339,965,1091,1,4.388654712140797
1339,882,965,1,3.616965677313317
1339,882,1229,1,9.341474227178574
1339,931,849,1,4.4061387562478425
1339,931,672,1,6.73915242731767
1339,1182,882,1,7.841474878454721
1339,1182,1398,2,5.640321895106829
1339,708,1091,1,10.705966675099036
1339,834,1182,1,9.674230674179531
1339,834,708,1,4.389831624444016
1339,834,1435,1,15.596269779590257
1339,834,659,1,5.284552964469467
1339,834,1106,1,14.888705663916236
1339,834,535,1,8.012842951904279
1339,834,672,1,10.50082625207165
1339,885,1229,1,8.89559413156451
1339,659,708,1,5.815596432206299
1339,1398,1013,1,10.186376382121452
1339,849,1068,1,6.736061142863373
1339,1013,917,1,9.763940751913996
1339,783,1182,1,15.175538880502293
1339,783,834,1,7.689481736045675
1339,783,359,1,12.499801205497114
1339,783,659,1,5.809594285895007
1339,783,566,1,5.876334276322891
1339,783,535,1,11.620421645142477
1339,672,931,1,6.73915242731767
1340,965,885,1,6.123119155303686
1340,882,931,1,5.812636165404913
1340,882,708,1,4.837510953567602
1340,1276,882,1,12.01740314095659
1340,931,1013,1,4.405443882921528
1340,931,1229,1,8.28950012214804
1340,1182,1398,1,5.640321895106829
1340,834,1229,1,12.569063966979074
1340,885,1013,1,3.46869779664105
1340,1091,965,1,4.388654712140797
1340,1102,1229,1,3.8392690799482057
1340,849,931,1,4.4061387562478425
1340,849,1068,1,6.736061142863373
1340,783,882,1,12.561839638690564
1340,783,359,1,12.499801205497114
1340,783,849,1,21.903135562742808
1340,672,1106,1,11.752082528572066
1341,965,1276,1,12.284417645367478
1341,1370,359,1,33.04215675871258
1341,855,931,1,9.765900232263595
1341,965,834,1,3.83986736177262
1341,855,1106,1,9.423483175173253
1341,931,882,1,5.812636165404913
1341,965,882,2,3.616965677313317
1341,965,1182,1,5.875748248781206
1341,965,1091,2,4.388654712140797
1341,882,885,1,2.852794790784161
1341,834,1398,1,15.216349824005198
1341,885,783,1,15.378166398318458
1341,1398,1106,1,11.562838367297022
1341,1102,931,1,4.548251915941359
1341,849,885,1,6.749102957431653
1341,849,1068,1,6.736061142863373
1341,1106,1013,1,7.015517581545067
1341,1106,1229,1,6.605818539698737
1341,1013,885,1,3.46869779664105
1341,783,1091,1,10.241109598832232
1341,783,965,1,10.498093903671007
1342,834,882,1,4.883195120135012
1342,882,885,1,2.852794790784161
1342,1276,855,1,14.029505033457104
1342,931,834,1,10.694040075602611
1342,708,931,1,9.423506251261468
1342,708,834,1,4.389831624444016
1342,885,931,1,3.0617002345235647
1342,885,708,1,6.511469320496247
1342,885,1106,1,7.965381677815221
1342,659,834,1,5.284552964469467
1342,1091,1106,1,14.256423283017469
1342,1102,1106,1,3.80171314717607
1342,1102,783,1,18.800951364959644
1342,1013,965,1,4.881725510082577
1342,783,931,1,18.3740064075405
1342,783,1182,2,15.175538880502293
1342,783,359,2,12.499801205497114
1342,783,1091,2,10.241109598832232
1342,783,1068,1,26.525178301273773
1342,965,885,1,6.123119155303686
1343,965,1106,1,11.884713829537391
1343,882,708,1,4.837510953567602
1343,882,885,1,2.852794790784161
1343,834,882,1,4.883195120135012
1343,885,672,1,5.876204136119103
1343,849,1068,1,6.736061142863373
1343,1013,535,1,13.123524045686974
1343,783,885,1,15.378166398318458
1343,783,535,1,11.620421645142477
1343,1229,1182,1,3.960024365898536
1344,882,708,1,4.837510953567602
1344,882,834,2,4.883195120135012
1344,882,965,1,3.616965677313317
1344,834,882,1,4.883195120135012
1344,834,1068,1,18.901027647971706
1344,885,882,1,2.852794790784161
1344,885,849,1,6.749102957431653
1344,1106,834,1,14.888705663916236
1344,783,566,1,5.876334276322891
1344,783,535,1,11.620421645142477
1345,965,1106,1,11.884713829537391
1345,1276,1229,1,3.959637309104105
1345,965,882,3,3.616965677313317
1345,1276,1182,1,7.919661523440269
1345,1276,849,1,11.479314497557898
1345,1276,1106,1,4.836798739645476
1345,965,1091,1,4.388654712140797
1345,882,834,1,4.883195120135012
1345,882,885,1,2.852794790784161
1345,885,1276,1,10.705394585658723
1345,566,217,1,10.089148432248052
1345,965,1013,1,4.881725510082577
1346,834,882,1,4.883195120135012
1346,834,855,1,19.971672663678955
1346,834,965,1,3.83986736177262
1346,885,1102,1,5.875878565174106
1346,659,359,1,7.84162119104212
1346,535,708,1,4.548441137468074
1346,1013,965,1,4.881725510082577
1346,1229,1102,1,3.8392690799482057
1347,965,1091,1,4.388654712140797
1347,882,885,1,2.852794790784161
1347,1276,508,1,20.81243366468926
1347,1182,965,1,5.875748248781206
1347,1102,1106,1,3.80171314717607
1347,1229,1182,1,3.960024365898536
1347,1229,1102,1,3.8392690799482057
1348,885,834,1,7.688685710981335
1348,882,885,1,2.852794790784161
1348,882,1398,1,13.343391197346763
1348,931,535,1,13.170081658182124
1348,359,834,1,12.378619633278529
1349,885,882,3,2.852794790784161
1349,1229,1398,1,5.282433425576492
1349,882,1102,1,7.314751476768936
1349,1182,1398,1,5.640321895106829
1349,834,1013,2,8.005172893624191
1350,882,834,1,4.883195120135012
1350,885,672,1,5.876204136119103
1351,882,965,1,3.616965677313317
1351,931,672,1,6.73915242731767
1351,965,885,1,6.123119155303686
1352,882,834,1,4.883195120135012
1353,834,783,1,7.689481736045675
1353,535,783,1,11.620421645142477
1354,217,783,1,15.9168375789092
1354,708,783,2,10.697285568723771
1354,834,783,1,7.689481736045675
1354,359,783,2,12.499801205497114
1354,659,783,1,5.809594285895007
1354,1091,783,2,10.241109598832232
1354,1398,783,1,19.874616662347663
1354,1106,783,2,22.318447076891776
1354,535,783,3,11.620421645142477
1354,1013,783,1,15.308499342485224
1354,965,1091,1,4.388654712140797
1354,1068,783,2,26.525178301273773
1355,855,1013,1,14.035043934320278
1355,1182,783,2,15.175538880502293
1355,708,783,4,10.697285568723771
1355,834,783,1,7.689481736045675
1355,359,783,2,12.499801205497114
1355,885,783,1,15.378166398318458
1355,659,783,1,5.809594285895007
1355,1091,783,2,10.241109598832232
1355,849,783,2,21.903135562742808
1355,535,783,3,11.620421645142477
1355,672,783,3,17.445012141301472
1355,965,783,1,10.498093903671007
1355,1068,783,2,26.525178301273773
1356,917,783,1,5.8083597500151045
1356,855,1013,1,14.035043934320278
1356,931,783,1,18.3740064075405
1356,1182,783,2,15.175538880502293
1356,708,783,2,10.697285568723771
1356,359,885,1,16.388649277200646
1356,359,783,1,12.499801205497114
1356,1435,783,1,17.957022310236383
1356,659,783,1,5.809594285895007
1356,1091,783,1,10.241109598832232
1356,1091,965,1,4.388654712140797
1356,849,783,1,21.903135562742808
1356,535,783,2,11.620421645142477
1357,1229,1276,1,3.959637309104105
1357,882,783,8,12.561839638690564
1357,834,783,4,7.689481736045675
1357,855,1013,12,14.035043934320278
1357,659,783,2,5.809594285895007
1357,1276,1229,1,3.959637309104105
1357,917,882,1,7.68788945836583
1357,1182,783,1,15.175538880502293
1357,359,783,1,12.499801205497114
1357,885,849,1,6.749102957431653
1357,566,783,1,5.876334276322891
1357,535,783,1,11.620421645142477
1357,672,783,1,17.445012141301472
1357,965,885,1,6.123119155303686
1357,965,1013,1,4.881725510082577
1357,1068,783,1,26.525178301273773
1358,882,708,1,4.837510953567602
1358,1276,1106,1,4.836798739645476
1358,849,931,1,4.4061387562478425
1358,1229,882,1,9.341474227178574
1358,508,849,1,9.342303526294996
1358,885,882,1,2.852794790784161
1358,566,783,2,5.876334276322891
1358,1106,1276,1,4.836798739645476
1358,1106,885,1,7.965381677815221
1358,1013,834,2,8.005172893624191
1358,783,917,1,5.8083597500151045
1359,882,849,1,9.574606006915822
1359,849,931,1,4.4061387562478425
1359,931,783,1,18.3740064075405
1359,708,834,1,4.389831624444016
1359,834,1182,1,9.674230674179531
1359,882,708,1,4.837510953567602
1359,1276,1106,1,4.836798739645476
1359,834,708,1,4.389831624444016
1359,359,783,1,12.499801205497114
1359,1435,783,1,17.957022310236383
1359,885,965,1,6.123119155303686
1359,1398,1276,1,7.438993890374081
1359,1102,783,1,18.800951364959644
1359,1013,834,1,8.005172893624191
1360,708,783,2,10.697285568723771
1360,931,783,1,18.3740064075405
1360,1182,1398,1,5.640321895106829
1360,834,965,1,3.83986736177262
1360,965,882,1,3.616965677313317
1360,1276,1182,1,7.919661523440269
1360,917,834,1,3.617203703030827
1360,834,885,1,7.688685710981335
1360,1398,1091,1,9.6478124773512
1360,849,783,1,21.903135562742808
1360,1106,1182,1,9.760018472127422
1360,1013,885,1,3.46869779664105
1360,783,708,1,10.697285568723771
1361,834,783,6,7.689481736045675
1361,659,783,5,5.809594285895007
1361,965,783,6,10.498093903671007
1361,1182,783,2,15.175538880502293
1361,708,783,4,10.697285568723771
1361,1091,783,3,10.241109598832232
1361,535,783,3,11.620421645142477
1361,1068,783,2,26.525178301273773
1361,1229,1102,2,3.8392690799482057
1361,1229,783,4,18.841160835534616
1361,931,783,4,18.3740064075405
1361,535,885,1,10.569431103772471
1361,965,885,1,6.123119155303686
1361,1229,1276,4,3.959637309104105
1361,885,882,3,2.852794790784161
1361,535,708,1,4.548441137468074
1361,672,1182,1,14.511820279616508
1361,1102,885,1,5.875878565174106
1361,535,834,1,8.012842951904279
1361,882,1102,1,7.314751476768936
1361,1276,834,1,15.929463663685272
1361,1276,1102,1,4.836798739646007
1361,855,1068,1,5.87594370452583
1361,1182,1013,1,5.283249325636405
1361,834,882,1,4.883195120135012
1361,834,931,1,10.694040075602611
1361,834,965,2,3.83986736177262
1361,885,849,1,6.749102957431653
1361,1091,1182,1,5.24631154396119
1361,1398,783,1,19.874616662347663
1361,566,783,1,5.876334276322891
1361,965,708,1,6.739138237495128
1362,1276,783,3,22.606377139254327
1362,882,783,3,12.561839638690564
1362,931,834,1,10.694040075602611
1362,849,931,1,4.4061387562478425
1362,965,931,1,8.628970001760946
1362,1068,834,1,18.901027647971706
1362,882,931,1,5.812636165404913
1362,708,882,1,4.837510953567602
1362,834,882,1,4.883195120135012
1362,834,659,1,5.284552964469467
1362,885,834,1,7.688685710981335
1362,566,834,1,11.619599142411865
1362,566,783,1,5.876334276322891
1362,1013,834,1,8.005172893624191
1362,1013,1102,1,3.616251246210677
1363,882,1398,1,13.343391197346763
1363,882,1106,1,10.203820878312005
1363,931,885,1,3.0617002345235647
1363,1276,1229,1,3.959637309104105
1363,708,783,2,10.697285568723771
1363,834,882,3,4.883195120135012
1363,834,1182,1,9.674230674179531
1363,834,965,1,3.83986736177262
1363,359,783,1,12.499801205497114
1363,885,882,1,2.852794790784161
1363,659,783,1,5.809594285895007
1363,1102,1276,1,4.836798739646007
1363,1102,1106,3,3.80171314717607
1363,1102,783,1,18.800951364959644
1363,1106,1102,1,3.80171314717607
1363,783,659,1,5.809594285895007
1363,965,882,1,3.616965677313317
1364,659,834,1,5.284552964469467
1364,882,885,1,2.852794790784161
1364,1229,783,1,18.841160835534616
1364,882,931,1,5.812636165404913
1364,882,1102,1,7.314751476768936
1364,965,783,1,10.498093903671007
1364,882,1276,1,12.01740314095659
1364,882,1013,1,3.839767699909249
1364,1276,1229,1,3.959637309104105
1364,931,882,1,5.812636165404913
1364,931,783,1,18.3740064075405
1364,1182,885,1,8.662721360426067
1364,885,1182,1,8.662721360426067
1364,1398,1182,1,5.640321895106829
1364,1398,1229,1,5.282433425576492
1364,1102,882,1,7.314751476768936
1365,834,783,15,7.689481736045675
1365,1091,783,1,10.241109598832232
1365,855,783,2,27.60378823743443
1365,1229,1182,2,3.960024365898536
1365,917,1091,1,4.837115435970083
1365,1435,783,1,17.957022310236383
1365,849,931,5,4.4061387562478425
1365,1229,885,1,8.89559413156451
1365,882,659,1,9.424155624926374
1365,917,783,1,5.8083597500151045
1365,855,1106,1,9.423483175173253
1365,1091,1182,2,5.24631154396119
1365,849,783,1,21.903135562742808
1365,1013,965,1,4.881725510082577
1365,672,783,1,17.445012141301472
1365,1068,783,2,26.525178301273773
1365,882,783,1,12.561839638690564
1365,659,885,1,11.84843418422244
1365,1091,965,1,4.388654712140797
1365,535,783,1,11.620421645142477
1365,965,834,2,3.83986736177262
1365,965,783,3,10.498093903671007
1365,1229,931,1,8.28950012214804
1365,1276,783,1,22.606377139254327
1365,855,849,1,5.706192977162224
1365,708,783,1,10.697285568723771
1365,834,882,2,4.883195120135012
1365,834,1182,1,9.674230674179531
1365,1091,1276,1,13.129287540581574
1365,1102,1229,1,3.8392690799482057
1365,535,882,1,9.342211452816104
1365,1013,1182,1,5.283249325636405
1365,882,834,1,4.883195120135012
1365,1276,1106,1,4.836798739645476
1365,931,672,1,6.73915242731767
1365,885,1276,1,10.705394585658723
1365,885,708,1,6.511469320496247
1365,1106,1276,1,4.836798739645476
1365,1013,882,1,3.839767699909249
1365,783,566,1,5.876334276322891
1365,783,1013,1,15.308499342485224
1366,834,885,1,7.688685710981335
1366,834,965,2,3.83986736177262
1366,965,917,1,4.882215518422521
1366,965,1013,1,4.881725510082577
1366,882,885,2,2.852794790784161
1366,882,965,3,3.616965677313317
1366,1276,1229,1,3.959637309104105
1366,931,885,2,3.0617002345235647
1366,931,783,1,18.3740064075405
1366,1182,783,1,15.175538880502293
1366,885,1182,1,8.662721360426067
1366,885,1102,1,5.875878565174106
1366,885,1013,1,3.46869779664105
1366,659,783,1,5.809594285895007
1366,1102,1229,1,3.8392690799482057
1366,1013,1229,1,5.640389822593795
1366,783,566,1,5.876334276322891
1366,1229,783,1,18.841160835534616
1367,917,783,1,5.8083597500151045
1367,965,882,1,3.616965677313317
1367,965,834,2,3.83986736177262
1367,1276,783,1,22.606377139254327
1367,708,783,1,10.697285568723771
1367,849,931,1,4.4061387562478425
1367,1106,882,1,10.203820878312005
1367,1013,885,1,3.46869779664105
1367,1013,1091,1,7.92275625179966
1367,783,1091,1,10.241109598832232
1368,834,659,1,5.284552964469467
1368,882,885,1,2.852794790784161
1368,882,783,1,12.561839638690564
1368,1276,1398,1,7.438993890374081
1368,931,834,1,10.694040075602611
1368,931,885,2,3.0617002345235647
1368,931,849,1,4.4061387562478425
1368,834,885,1,7.688685710981335
1368,885,849,1,6.749102957431653
1368,885,783,2,15.378166398318458
1368,783,882,1,12.561839638690564
1368,783,834,2,7.689481736045675
1368,783,359,1,12.499801205497114
1368,965,708,1,6.739138237495128
1368,965,834,1,3.83986736177262
1368,1229,882,1,9.341474227178574
1369,917,783,1,5.8083597500151045
1369,849,783,2,21.903135562742808
1369,834,659,4,5.284552964469467
1369,882,708,2,4.837510953567602
1369,882,834,4,4.883195120135012
1369,834,1276,1,15.929463663685272
1369,834,708,2,4.389831624444016
1369,1013,783,2,15.308499342485224
1369,1068,1370,1,7.841426035905807
1369,834,783,6,7.689481736045675
1369,1398,965,1,11.479089287938937
1369,1013,882,1,3.839767699909249
1369,882,931,2,5.812636165404913
1369,708,882,3,4.837510953567602
1369,708,834,2,4.389831624444016
1369,708,783,1,10.697285568723771
1369,834,1091,1,6.739095652327052
1369,834,965,2,3.83986736177262
1369,1013,885,2,3.46869779664105
1369,965,849,1,12.803650760757485
1369,1276,1229,1,3.959637309104105
1369,885,1013,1,3.46869779664105
1369,885,783,1,15.378166398318458
1369,1102,882,1,7.314751476768936
1369,1106,1276,1,4.836798739645476
1369,783,708,1,10.697285568723771
1369,783,834,2,7.689481736045675
1369,672,855,1,11.369656353246375
1369,965,885,1,6.123119155303686
1369,1229,1102,1,3.8392690799482057
1370,882,965,1,3.616965677313317
1370,1276,1068,1,8.66943360865319
1370,708,659,1,5.815596432206299
1370,708,535,1,4.548441137468074
1370,1370,1068,1,7.841426035905807
1370,965,783,2,10.498093903671007
1370,882,783,3,12.561839638690564
1370,931,1102,1,4.548251915941359
1370,1013,965,1,4.881725510082577
1370,931,783,1,18.3740064075405
1370,1182,783,1,15.175538880502293
1370,708,882,1,4.837510953567602
1370,708,783,1,10.697285568723771
1370,834,783,1,7.689481736045675
1370,885,783,1,15.378166398318458
1370,1102,1106,1,3.80171314717607
1370,849,855,1,5.706192977162224
1370,783,1091,1,10.241109598832232
1370,783,1013,1,15.308499342485224
1370,965,834,1,3.83986736177262
1370,1229,1102,1,3.8392690799482057
1371,1102,1229,1,3.8392690799482057
1371,1102,1182,1,6.120304815079837
1371,1106,783,1,22.318447076891776
1371,535,882,1,9.342211452816104
1371,1013,931,1,4.405443882921528
1371,882,783,1,12.561839638690564
1371,1276,1229,1,3.959637309104105
1371,708,885,1,6.511469320496247
1371,834,882,2,4.883195120135012
1371,834,1091,1,6.739095652327052
1371,834,783,1,7.689481736045675
1371,834,965,2,3.83986736177262
1371,885,882,1,2.852794790784161
1371,885,931,2,3.0617002345235647
1371,885,1106,1,7.965381677815221
1371,885,535,1,10.569431103772471
1371,1091,783,1,10.241109598832232
1371,783,882,2,12.561839638690564
1371,783,708,1,10.697285568723771
1371,783,672,1,17.445012141301472
1371,783,965,1,10.498093903671007
1371,965,783,2,10.498093903671007
1372,965,1013,1,4.881725510082577
1372,1229,1013,1,5.640389822593795
1372,931,1182,1,9.422487826577225
1372,931,783,2,18.3740064075405
1372,1182,885,1,8.662721360426067
1372,1370,783,1,30.28578929187396
1372,882,834,1,4.883195120135012
1372,882,885,1,2.852794790784161
1372,882,1102,1,7.314751476768936
1372,882,1013,1,3.839767699909249
1372,708,1106,1,14.476051732619457
1372,834,783,2,7.689481736045675
1372,834,965,1,3.83986736177262
1372,885,965,1,6.123119155303686
1372,659,882,1,9.424155624926374
1372,659,834,1,5.284552964469467
1372,659,359,1,7.84162119104212
1372,659,783,2,5.809594285895007
1372,1091,783,1,10.241109598832232
1372,849,931,1,4.4061387562478425
1372,1106,1102,1,3.80171314717607
1372,783,1182,1,15.175538880502293
1372,783,834,3,7.689481736045675
1372,783,659,1,5.809594285895007
1372,965,882,1,3.616965677313317
1372,965,783,1,10.498093903671007
1372,1229,1398,1,5.282433425576492
1373,917,783,2,5.8083597500151045
1373,1276,1102,2,4.836798739646007
1373,931,849,2,4.4061387562478425
1373,1182,885,1,8.662721360426067
1373,1182,783,2,15.175538880502293
1373,1102,1106,2,3.80171314717607
1373,1102,965,1,8.304116264398273
1373,1106,1276,1,4.836798739645476
1373,1013,882,2,3.839767699909249
1373,1229,1276,2,3.959637309104105
1373,1229,1106,1,6.605818539698737
1373,1276,783,3,22.606377139254327
1373,917,834,1,3.617203703030827
1373,931,834,1,10.694040075602611
1373,931,885,1,3.0617002345235647
1373,931,1068,1,8.304853837171269
1373,708,834,2,4.389831624444016
1373,1102,1276,1,4.836798739646007
1373,1102,1182,1,6.120304815079837
1373,1102,1229,1,3.8392690799482057
1373,1106,849,1,6.739095652327052
1373,1013,885,1,3.46869779664105
1373,1013,1229,1,5.640389822593795
1373,882,885,2,2.852794790784161
1373,1182,834,1,9.674230674179531
1373,1182,1013,1,5.283249325636405
1373,708,882,1,4.837510953567602
1373,834,1091,1,6.739095652327052
1373,834,783,1,7.689481736045675
1373,834,965,1,3.83986736177262
1373,885,882,2,2.852794790784161
1373,1091,965,1,4.388654712140797
1373,1102,849,1,8.191991396325179
1373,849,931,1,4.4061387562478425
1373,535,659,1,5.810827883107414
1373,1013,834,1,8.005172893624191
1373,783,882,1,12.561839638690564
1373,783,1182,1,15.175538880502293
1373,783,834,1,7.689481736045675
1373,783,659,1,5.809594285895007
1373,783,535,1,11.620421645142477
1373,965,1102,1,8.304116264398273
1374,1276,1106,1,4.836798739645476
1374,1276,1229,1,3.959637309104105
1374,1276,882,1,12.01740314095659
1374,885,931,3,3.0617002345235647
1374,885,1102,1,5.875878565174106
1374,535,783,1,11.620421645142477
1374,1229,1182,1,3.960024365898536
1374,882,834,2,4.883195120135012
1374,882,1013,1,3.839767699909249
1374,1276,1102,1,4.836798739646007
1374,931,882,2,5.812636165404913
1374,1182,783,1,15.175538880502293
1374,834,885,1,7.688685710981335
1374,834,783,2,7.689481736045675
1374,885,1013,1,3.46869779664105
1374,1091,783,1,10.241109598832232
1374,1102,882,1,7.314751476768936
1374,566,783,2,5.876334276322891
1374,849,885,1,6.749102957431653
1374,1013,931,1,4.405443882921528
1374,783,855,1,27.60378823743443
1374,783,931,1,18.3740064075405
1374,783,834,1,7.689481736045675
1374,783,849,1,21.903135562742808
1374,783,1106,3,22.318447076891776
1374,783,1013,2,15.308499342485224
1374,783,965,1,10.498093903671007
1374,965,882,2,3.616965677313317
1374,965,1276,1,12.284417645367478
1374,965,1102,1,8.304116264398273
1374,1068,783,1,26.525178301273773
1374,1229,1068,1,11.360488351411393
1375,882,931,1,5.812636165404913
1375,882,708,1,4.837510953567602
1375,882,1013,1,3.839767699909249
1375,1182,783,2,15.175538880502293
1375,834,708,1,4.389831624444016
1375,885,882,1,2.852794790784161
1375,885,931,1,3.0617002345235647
1375,659,834,1,5.284552964469467
1375,566,783,1,5.876334276322891
1375,849,885,1,6.749102957431653
1375,1106,1276,1,4.836798739645476
1375,783,882,1,12.561839638690564
1375,783,359,2,12.499801205497114
1375,783,535,1,11.620421645142477
1375,672,931,1,6.73915242731767
1375,965,1398,1,11.479089287938937
1375,1229,659,1,17.8420518180728
1376,708,783,1,10.697285568723771
1376,708,535,1,4.548441137468074
1376,535,783,1,11.620421645142477
1376,882,931,1,5.812636165404913
1376,882,885,1,2.852794790784161
1376,882,783,1,12.561839638690564
1376,882,965,1,3.616965677313317
1376,882,1229,1,9.341474227178574
1376,1276,1102,1,4.836798739646007
1376,1276,1068,1,8.66943360865319
1376,931,1102,1,4.548251915941359
1376,834,659,2,5.284552964469467
1376,885,965,1,6.123119155303686
1376,659,783,1,5.809594285895007
1376,1013,834,1,8.005172893624191
1376,1013,1102,1,3.616251246210677
1376,783,882,1,12.561839638690564
1376,783,1182,1,15.175538880502293
1376,783,508,1,25.93420023872912
1376,783,566,1,5.876334276322891
1376,783,849,1,21.903135562742808
1376,1068,855,1,5.87594370452583
1376,1068,1013,1,11.461019980924313
1377,917,783,2,5.8083597500151045
1377,708,834,2,4.389831624444016
1377,885,783,6,15.378166398318458
1377,1091,1182,1,5.24631154396119
1377,535,783,1,11.620421645142477
1377,1370,931,1,14.0283994658549
1377,965,885,1,6.123119155303686
1377,1276,783,1,22.606377139254327
1377,1182,783,1,15.175538880502293
1377,965,882,4,3.616965677313317
1377,1229,1102,1,3.8392690799482057
1377,882,931,1,5.812636165404913
1377,931,882,1,5.812636165404913
1377,834,885,1,7.688685710981335
1377,834,1106,1,14.888705663916236
1377,885,882,1,2.852794790784161
1377,659,783,1,5.809594285895007
1377,1398,1182,1,5.640321895106829
1377,1102,1106,1,3.80171314717607
1377,1106,1229,1,6.605818539698737
1377,1013,931,1,4.405443882921528
1377,783,834,2,7.689481736045675
1377,783,566,1,5.876334276322891
1377,783,849,1,21.903135562742808
1377,783,965,1,10.498093903671007
1377,783,1229,1,18.841160835534616
1377,1229,1106,1,6.605818539698737
1378,1229,1102,1,3.8392690799482057
1378,931,849,1,4.4061387562478425
1378,1182,885,1,8.662721360426067
1378,1182,1091,1,5.24631154396119
1378,834,882,2,4.883195120135012
1378,834,965,2,3.83986736177262
1378,659,566,1,7.02219411294688
1378,659,783,1,5.809594285895007
1378,1398,783,1,19.874616662347663
1378,1102,1106,1,3.80171314717607
1378,1106,1013,1,7.015517581545067
1378,1013,1106,1,7.015517581545067
1378,783,659,1,5.809594285895007
1378,783,566,1,5.876334276322891
1378,783,849,1,21.903135562742808
1378,965,931,1,8.628970001760946
1379,965,834,1,3.83986736177262
1379,1091,783,1,10.241109598832232
1379,965,708,1,6.739138237495128
1379,882,1276,1,12.01740314095659
1379,882,931,2,5.812636165404913
1379,1182,1229,1,3.960024365898536
1379,659,783,1,5.809594285895007
1379,849,931,1,4.4061387562478425
1379,1013,882,1,3.839767699909249
1379,783,708,1,10.697285568723771
1379,783,1091,1,10.241109598832232
1379,783,1398,1,19.874616662347663
1379,783,1106,1,22.318447076891776
1379,783,535,1,11.620421645142477
1380,1276,1182,1,7.919661523440269
1380,931,882,1,5.812636165404913
1380,931,885,1,3.0617002345235647
1380,834,783,1,7.689481736045675
1380,885,882,1,2.852794790784161
1380,1091,1182,1,5.24631154396119
1380,849,508,1,9.342303526294996
1380,1106,1013,1,7.015517581545067
1380,1106,1229,1,6.605818539698737
1380,535,708,1,4.548441137468074
1380,535,783,1,11.620421645142477
1380,1013,885,1,3.46869779664105
1380,783,708,1,10.697285568723771
1380,783,834,3,7.689481736045675
1380,783,659,1,5.809594285895007
1380,1229,1182,1,3.960024365898536
1381,917,783,2,5.8083597500151045
1381,965,834,1,3.83986736177262
1381,1276,783,2,22.606377139254327
1381,1091,783,2,10.241109598832232
1381,917,834,1,3.617203703030827
1381,834,849,1,14.265481524111957
1381,672,849,1,6.511836392511076
1381,1276,882,1,12.01740314095659
1381,1182,965,1,5.875748248781206
1381,834,885,1,7.688685710981335
1381,834,965,1,3.83986736177262
1381,659,783,2,5.809594285895007
1381,917,1091,1,4.837115435970083
1381,1182,708,2,12.26833953852524
1381,1182,783,2,15.175538880502293
1381,659,359,1,7.84162119104212
1381,965,783,1,10.498093903671007
1381,882,931,2,5.812636165404913
1381,931,1106,1,5.283575443416337
1381,708,535,1,4.548441137468074
1381,834,882,1,4.883195120135012
1381,834,659,1,5.284552964469467
1381,834,783,1,7.689481736045675
1381,659,965,1,9.121352246650094
1381,1091,1229,1,9.180034524729397
1381,849,508,1,9.342303526294996
1381,1013,1182,1,5.283249325636405
1381,1013,834,1,8.005172893624191
1381,783,659,1,5.809594285895007
1381,783,566,1,5.876334276322891
1381,783,965,1,10.498093903671007
1382,1091,783,1,10.241109598832232
1382,659,783,2,5.809594285895007
1382,965,882,1,3.616965677313317
1382,882,834,2,4.883195120135012
1382,882,885,1,2.852794790784161
1382,931,882,2,5.812636165404913
1382,1182,783,1,15.175538880502293
1382,708,885,1,6.511469320496247
1382,834,882,1,4.883195120135012
1382,834,931,2,10.694040075602611
1382,885,659,1,11.84843418422244
1382,885,783,1,15.378166398318458
1382,1102,1229,1,3.8392690799482057
1382,535,783,1,11.620421645142477
1382,783,708,1,10.697285568723771
1382,783,1091,1,10.241109598832232
1382,965,783,2,10.498093903671007
1382,1229,1102,1,3.8392690799482057
1383,882,965,2,3.616965677313317
1383,834,965,1,3.83986736177262
1383,882,885,1,2.852794790784161
1383,882,535,1,9.342211452816104
1383,931,849,1,4.4061387562478425
1383,834,535,1,8.012842951904279
1383,885,882,1,2.852794790784161
1383,659,708,1,5.815596432206299
1383,1091,1106,1,14.256423283017469
1383,1102,1276,1,4.836798739646007
1383,566,783,1,5.876334276322891
1383,849,882,1,9.574606006915822
1383,849,931,1,4.4061387562478425
1383,783,508,1,25.93420023872912
1383,783,659,1,5.809594285895007
1383,965,783,1,10.498093903671007
1383,1229,1398,1,5.282433425576492
1383,1229,783,1,18.841160835534616
1384,965,882,1,3.616965677313317
1384,965,885,1,6.123119155303686
1384,882,885,2,2.852794790784161
1384,1276,882,1,12.01740314095659
1384,855,1068,1,5.87594370452583
1384,1182,359,1,21.88429929599112
1384,1182,965,1,5.875748248781206
1384,708,882,1,4.837510953567602
1384,508,849,1,9.342303526294996
1384,885,882,1,2.852794790784161
1384,885,931,1,3.0617002345235647
1384,1398,1013,2,10.186376382121452
1384,1102,882,1,7.314751476768936
1384,1102,1106,1,3.80171314717607
1384,849,965,1,12.803650760757485
1384,1106,931,1,5.283575443416337
1384,535,708,1,4.548441137468074
1384,535,885,1,10.569431103772471
1384,783,708,1,10.697285568723771
1384,783,834,1,7.689481736045675
1384,783,359,1,12.499801205497114
1384,783,659,1,5.809594285895007
1384,783,1102,1,18.800951364959644
1385,882,672,2,7.316385892068044
1385,917,1091,1,4.837115435970083
1385,834,783,3,7.689481736045675
1385,1276,1013,1,8.190822817543284
1385,1276,1229,1,3.959637309104105
1385,834,882,1,4.883195120135012
1385,834,1091,1,6.739095652327052
1385,1296,1182,1,14.636346421121209
1385,1013,1102,1,3.616251246210677
1385,1013,1229,1,5.640389822593795
1385,882,1106,1,10.203820878312005
1385,882,965,1,3.616965677313317
1385,834,1102,2,11.614659746948035
1385,834,965,2,3.83986736177262
1385,1013,885,1,3.46869779664105
1385,882,931,1,5.812636165404913
1385,882,1182,1,7.841474878454721
1385,882,834,2,4.883195120135012
1385,882,1013,1,3.839767699909249
1385,882,783,1,12.561839638690564
1385,931,1102,1,4.548251915941359
1385,708,672,1,6.751878981086827
1385,359,535,1,5.855067293961566
1385,885,931,1,3.0617002345235647
1385,885,834,1,7.688685710981335
1385,1102,882,1,7.314751476768936
1385,1013,882,1,3.839767699909249
1385,783,1276,1,22.606377139254327
1385,783,885,1,15.378166398318458
1385,965,882,1,3.616965677313317
1386,882,1229,1,9.341474227178574
1386,1091,1398,1,9.6478124773512
1386,1091,1013,1,7.92275625179966
1386,535,882,1,9.342211452816104
1386,882,1182,1,7.841474878454721
1386,882,834,1,4.883195120135012
1386,882,965,1,3.616965677313317
1386,1276,1229,1,3.959637309104105
1386,931,882,1,5.812636165404913
1386,931,508,1,12.961089805583503
1386,931,885,1,3.0617002345235647
1386,1182,1091,1,5.24631154396119
1386,1182,1398,1,5.640321895106829
1386,834,849,2,14.265481524111957
1386,834,965,1,3.83986736177262
1386,885,882,1,2.852794790784161
1386,849,931,1,4.4061387562478425
1386,1013,965,2,4.881725510082577
1386,783,882,1,12.561839638690564
1386,783,708,1,10.697285568723771
1386,783,834,1,7.689481736045675
1386,783,849,1,21.903135562742808
1386,783,1013,1,15.308499342485224
1386,783,1068,1,26.525178301273773
1386,965,882,2,3.616965677313317
1386,965,1013,1,4.881725510082577
1387,1398,1229,1,5.282433425576492
1387,882,885,4,2.852794790784161
1387,1398,882,1,13.343391197346763
1387,882,834,1,4.883195120135012
1387,931,1102,1,4.548251915941359
1387,931,1068,1,8.304853837171269
1387,708,535,1,4.548441137468074
1387,834,672,1,10.50082625207165
1387,834,1229,1,12.569063966979074
1387,885,1013,1,3.46869779664105
1387,659,882,1,9.424155624926374
1387,659,834,1,5.284552964469467
1387,1091,1182,1,5.24631154396119
1387,1106,1013,1,7.015517581545067
1387,783,834,2,7.689481736045675
1387,783,965,1,10.498093903671007
1387,1229,1276,1,3.959637309104105
1388,834,1106,1,14.888705663916236
1388,834,885,3,7.688685710981335
1388,882,965,2,3.616965677313317
1388,1276,1229,1,3.959637309104105
1388,708,882,1,4.837510953567602
1388,708,1013,1,8.663428210145081
1388,1102,882,1,7.314751476768936
1388,1102,885,1,5.875878565174106
1388,849,931,1,4.4061387562478425
1388,849,508,1,9.342303526294996
1388,1106,885,1,7.965381677815221
1388,1013,882,1,3.839767699909249
1388,1013,1102,1,3.616251246210677
1388,783,1091,1,10.241109598832232
1388,965,882,2,3.616965677313317
1388,965,849,1,12.803650760757485
1389,1276,1106,2,4.836798739645476
1389,834,931,1,10.694040075602611
1389,834,783,1,7.689481736045675
1389,1276,882,1,12.01740314095659
1389,931,882,1,5.812636165404913
1389,931,1276,1,8.946223146223524
1389,834,882,4,4.883195120135012
1389,659,965,1,9.121352246650094
1389,1091,931,1,12.243987029703826
1389,882,708,1,4.837510953567602
1389,882,1106,1,10.203820878312005
1389,882,965,1,3.616965677313317
1389,931,885,1,3.0617002345235647
1389,885,882,1,2.852794790784161
1389,885,965,1,6.123119155303686
1389,1091,783,2,10.241109598832232
1389,1102,1106,1,3.80171314717607
1389,1106,1276,1,4.836798739645476
1389,535,708,1,4.548441137468074
1389,1013,882,1,3.839767699909249
1389,1013,1102,1,3.616251246210677
1389,783,1276,1,22.606377139254327
1389,783,1182,1,15.175538880502293
1389,783,885,1,15.378166398318458
1389,783,965,1,10.498093903671007
1390,708,885,1,6.511469320496247
1390,882,917,1,7.68788945836583
1390,882,885,1,2.852794790784161
1390,882,672,1,7.316385892068044
1390,1276,1229,1,3.959637309104105
1390,931,849,2,4.4061387562478425
1390,1182,965,1,5.875748248781206
1390,708,672,1,6.751878981086827
1390,849,708,1,11.8916662824573
1390,1013,882,2,3.839767699909249
1390,783,882,1,12.561839638690564
1390,783,708,1,10.697285568723771
1390,783,1102,1,18.800951364959644
1390,783,1013,2,15.308499342485224
1390,783,965,1,10.498093903671007
1390,965,1091,1,4.388654712140797
1391,708,931,1,9.423506251261468
1391,708,965,1,6.739138237495128
1391,1091,783,1,10.241109598832232
1391,882,965,1,3.616965677313317
1391,885,708,1,6.511469320496247
1391,885,672,1,5.876204136119103
1391,1102,882,1,7.314751476768936
1391,1102,1013,1,3.616251246210677
1391,1013,885,1,3.46869779664105
1391,1013,965,1,4.881725510082577
1391,783,885,1,15.378166398318458
1391,965,882,1,3.616965677313317
1391,965,834,1,3.83986736177262
1391,965,1091,1,4.388654712140797
1391,1229,1276,1,3.959637309104105
