time_step,start,end,flow,distance
0,882,1102,1,7.314751476768936
0,882,566,1,16.254125732085967
0,882,1013,1,3.839767699909249
0,1276,1106,2,4.836798739645476
0,834,931,1,10.694040075602611
0,834,708,1,4.389831624444016
0,834,1229,1,12.569063966979074
0,885,931,1,3.0617002345235647
0,885,708,1,6.511469320496247
0,885,834,1,7.688685710981335
0,659,965,1,9.121352246650094
0,1102,672,1,11.119492664455636
0,1106,882,1,10.203820878312005
0,1106,1013,1,7.015517581545067
0,965,1091,1,4.388654712140797
0,1229,882,1,9.341474227178574
1,882,965,1,3.616965677313317
1,882,1229,1,9.341474227178574
1,931,849,1,4.4061387562478425
1,834,965,1,3.83986736177262
1,885,1102,1,5.875878565174106
1,885,1013,1,3.46869779664105
2,882,885,1,2.852794790784161
2,882,849,1,9.574606006915822
2,508,1068,1,14.486601263726737
2,834,708,1,4.389831624444016
2,885,1398,2,13.644566108710274
2,1102,1106,1,3.80171314717607
2,1106,1102,1,3.80171314717607
2,783,855,1,27.60378823743443
2,965,885,1,6.123119155303686
3,882,931,1,5.812636165404913
3,882,965,1,3.616965677313317
3,931,882,1,5.812636165404913
3,931,849,1,4.4061387562478425
3,834,917,1,3.617203703030827
3,834,566,1,11.619599142411865
3,1106,1013,1,7.015517581545067
3,965,1102,1,8.304116264398273
4,882,917,1,7.68788945836583
4,882,965,1,3.616965677313317
4,1276,885,1,10.705394585658723
4,931,849,1,4.4061387562478425
4,965,1091,1,4.388654712140797
5,917,1091,1,4.837115435970083
5,1229,1102,1,3.8392690799482057
6,882,965,1,3.616965677313317
6,885,882,1,2.852794790784161
7,882,1102,1,7.314751476768936
7,1276,1229,1,3.959637309104105
7,834,535,1,8.012842951904279
8,1013,783,1,15.308499342485224
8,672,885,1,5.876204136119103
8,965,1068,1,16.31300252904951
9,834,917,1,3.617203703030827
9,1013,783,1,15.308499342485224
10,1276,783,1,22.606377139254327
10,931,783,2,18.3740064075405
10,1182,783,2,15.175538880502293
10,834,783,1,7.689481736045675
10,659,783,1,5.809594285895007
10,1091,882,1,7.965381677815221
10,566,783,1,5.876334276322891
10,965,783,1,10.498093903671007
10,1068,783,1,26.525178301273773
11,882,708,1,4.837510953567602
11,882,783,1,12.561839638690564
11,931,783,1,18.3740064075405
11,834,783,1,7.689481736045675
11,1091,783,1,10.241109598832232
11,1102,1229,1,3.8392690799482057
11,566,783,1,5.876334276322891
11,1106,783,1,22.318447076891776
11,535,783,2,11.620421645142477
11,965,834,1,3.83986736177262
11,965,783,3,10.498093903671007
11,1068,882,1,14.033707701296978
11,1068,783,1,26.525178301273773
11,1229,783,2,18.841160835534616
12,882,965,1,3.616965677313317
12,1276,783,2,22.606377139254327
12,917,783,1,5.8083597500151045
12,931,1106,1,5.283575443416337
12,931,783,1,18.3740064075405
12,834,783,3,7.689481736045675
12,885,783,1,15.378166398318458
12,659,931,1,14.893741670685255
12,659,783,2,5.809594285895007
12,1091,1276,1,13.129287540581574
12,1091,917,1,4.837115435970083
12,566,783,1,5.876334276322891
12,849,783,1,21.903135562742808
12,535,783,3,11.620421645142477
12,1013,834,1,8.005172893624191
12,965,882,1,3.616965677313317
12,965,708,2,6.739138237495128
12,965,783,2,10.498093903671007
12,1068,783,1,26.525178301273773
13,882,783,1,12.561839638690564
13,882,965,1,3.616965677313317
13,1276,783,2,22.606377139254327
13,1276,1229,1,3.959637309104105
13,931,882,1,5.812636165404913
13,931,885,1,3.0617002345235647
13,931,783,2,18.3740064075405
13,931,1068,1,8.304853837171269
13,834,783,2,7.689481736045675
13,359,783,2,12.499801205497114
13,1435,783,2,17.957022310236383
13,885,882,1,2.852794790784161
13,885,783,1,15.378166398318458
13,659,885,1,11.84843418422244
13,659,783,1,5.809594285895007
13,1091,885,1,10.203820878312005
13,1102,1106,1,3.80171314717607
13,1102,783,1,18.800951364959644
13,1102,1229,1,3.8392690799482057
13,849,783,1,21.903135562742808
13,535,783,2,11.620421645142477
13,1013,882,1,3.839767699909249
13,1013,783,2,15.308499342485224
13,672,1276,1,15.682986279658085
13,965,882,1,3.616965677313317
13,965,834,1,3.83986736177262
13,965,783,2,10.498093903671007
13,1068,783,2,26.525178301273773
13,1229,1102,1,3.8392690799482057
13,1229,783,2,18.841160835534616
14,882,708,1,4.837510953567602
14,882,834,1,4.883195120135012
14,882,783,2,12.561839638690564
14,1276,1229,1,3.959637309104105
14,931,783,2,18.3740064075405
14,708,783,1,10.697285568723771
14,834,783,2,7.689481736045675
14,885,783,2,15.378166398318458
14,659,783,2,5.809594285895007
14,1398,783,1,19.874616662347663
14,1102,1013,1,3.616251246210677
14,849,1276,1,11.479314497557898
14,849,931,1,4.4061387562478425
14,849,783,1,21.903135562742808
14,1106,1276,1,4.836798739645476
14,535,885,1,10.569431103772471
14,535,783,3,11.620421645142477
14,783,566,1,5.876334276322891
14,965,783,5,10.498093903671007
14,1068,783,1,26.525178301273773
14,1229,1276,1,3.959637309104105
14,1229,1102,1,3.8392690799482057
14,1229,1013,1,5.640389822593795
14,1229,783,1,18.841160835534616
15,882,834,1,4.883195120135012
15,882,965,1,3.616965677313317
15,1276,834,1,15.929463663685272
15,1276,783,1,22.606377139254327
15,931,882,1,5.812636165404913
15,931,885,1,3.0617002345235647
15,708,783,1,10.697285568723771
15,508,783,1,25.93420023872912
15,834,783,1,7.689481736045675
15,359,931,1,19.02514721551251
15,359,783,1,12.499801205497114
15,885,834,1,7.688685710981335
15,885,1106,1,7.965381677815221
15,659,834,1,5.284552964469467
15,659,1102,1,16.62723071775665
15,1091,1276,1,13.129287540581574
15,1091,783,1,10.241109598832232
15,1102,834,1,11.614659746948035
15,1102,1229,1,3.8392690799482057
15,1106,1276,1,4.836798739645476
15,1106,1102,1,3.80171314717607
15,1106,1229,1,6.605818539698737
15,1013,931,1,4.405443882921528
15,965,1182,1,5.875748248781206
15,965,783,1,10.498093903671007
16,882,783,1,12.561839638690564
16,931,882,1,5.812636165404913
16,931,855,1,9.765900232263595
16,931,885,1,3.0617002345235647
16,931,849,2,4.4061387562478425
16,1182,1013,1,5.283249325636405
16,708,834,1,4.389831624444016
16,708,783,1,10.697285568723771
16,834,783,1,7.689481736045675
16,1435,783,1,17.957022310236383
16,885,882,1,2.852794790784161
16,885,783,1,15.378166398318458
16,885,965,1,6.123119155303686
16,1091,1182,1,5.24631154396119
16,1091,1013,1,7.92275625179966
16,1398,1102,1,9.118728510486134
16,1398,783,1,19.874616662347663
16,1106,1182,1,9.760018472127422
16,1106,783,1,22.318447076891776
16,535,783,1,11.620421645142477
16,1013,1182,1,5.283249325636405
16,783,1182,1,15.175538880502293
16,965,783,1,10.498093903671007
16,1229,1276,1,3.959637309104105
16,1229,1102,1,3.8392690799482057
17,882,931,1,5.812636165404913
17,1276,783,1,22.606377139254327
17,917,783,1,5.8083597500151045
17,855,849,1,5.706192977162224
17,931,882,1,5.812636165404913
17,931,783,1,18.3740064075405
17,1182,1435,1,8.189653224238826
17,708,834,1,4.389831624444016
17,834,882,1,4.883195120135012
17,885,1182,1,8.662721360426067
17,1106,1102,1,3.80171314717607
17,1013,917,1,9.763940751913996
17,1013,965,1,4.881725510082577
17,672,1091,1,15.266297177818483
17,672,1229,1,14.57987655243148
17,965,834,1,3.83986736177262
17,965,783,1,10.498093903671007
17,1068,783,1,26.525178301273773
17,1229,1102,1,3.8392690799482057
17,1229,783,1,18.841160835534616
18,882,885,1,2.852794790784161
18,882,1102,1,7.314751476768936
18,1276,1091,1,13.129287540581574
18,1276,1068,1,8.66943360865319
18,917,834,1,3.617203703030827
18,917,965,1,4.882215518422521
18,855,783,1,27.60378823743443
18,931,855,1,9.765900232263595
18,931,849,1,4.4061387562478425
18,1182,882,1,7.841474878454721
18,708,783,1,10.697285568723771
18,834,882,1,4.883195120135012
18,834,1013,1,8.005172893624191
18,885,834,1,7.688685710981335
18,659,783,1,5.809594285895007
18,1091,783,2,10.241109598832232
18,1398,1091,1,9.6478124773512
18,1398,1102,1,9.118728510486134
18,849,931,1,4.4061387562478425
18,1106,783,1,22.318447076891776
18,535,708,1,4.548441137468074
18,783,834,2,7.689481736045675
18,783,965,2,10.498093903671007
18,672,508,1,8.81713559460697
18,965,783,2,10.498093903671007
19,965,834,1,3.83986736177262
19,882,659,1,9.424155624926374
19,855,1182,1,18.44721762394832
19,931,882,1,5.812636165404913
19,931,834,1,10.694040075602611
19,708,834,1,4.389831624444016
19,508,855,1,9.342303526295408
19,834,783,4,7.689481736045675
19,834,965,1,3.83986736177262
19,359,783,1,12.499801205497114
19,659,783,3,5.809594285895007
19,1091,783,1,10.241109598832232
19,1102,708,1,12.01896382682808
19,1102,965,1,8.304116264398273
19,535,783,1,11.620421645142477
19,1013,885,1,3.46869779664105
19,1013,783,1,15.308499342485224
19,783,885,1,15.378166398318458
19,783,965,1,10.498093903671007
19,672,931,1,6.73915242731767
19,965,917,1,4.882215518422521
19,1229,783,1,18.841160835534616
20,931,783,1,18.3740064075405
20,882,931,1,5.812636165404913
20,882,885,1,2.852794790784161
20,882,1102,1,7.314751476768936
20,882,783,1,12.561839638690564
20,882,672,1,7.316385892068044
20,1276,1102,1,4.836798739646007
20,1276,1106,1,4.836798739645476
20,834,708,1,4.389831624444016
20,834,783,3,7.689481736045675
20,834,965,2,3.83986736177262
20,359,535,1,5.855067293961566
20,1435,783,1,17.957022310236383
20,885,1182,1,8.662721360426067
20,885,849,1,6.749102957431653
20,885,1013,1,3.46869779664105
20,659,783,3,5.809594285895007
20,1102,1013,1,3.616251246210677
20,849,931,3,4.4061387562478425
20,849,783,1,21.903135562742808
20,1013,882,1,3.839767699909249
20,1013,965,1,4.881725510082577
20,783,855,1,27.60378823743443
20,1370,1068,1,7.841426035905807
20,965,783,1,10.498093903671007
21,931,1102,1,4.548251915941359
21,931,849,2,4.4061387562478425
21,882,834,1,4.883195120135012
21,882,885,1,2.852794790784161
21,882,965,1,3.616965677313317
21,1276,783,1,22.606377139254327
21,917,834,1,3.617203703030827
21,931,834,2,10.694040075602611
21,931,885,1,3.0617002345235647
21,1182,783,1,15.175538880502293
21,708,931,1,9.423506251261468
21,708,783,1,10.697285568723771
21,834,882,1,4.883195120135012
21,834,917,2,3.617203703030827
21,834,659,1,5.284552964469467
21,834,783,2,7.689481736045675
21,885,931,2,3.0617002345235647
21,1091,917,1,4.837115435970083
21,1102,882,1,7.314751476768936
21,783,917,3,5.8083597500151045
21,783,708,1,10.697285568723771
21,783,1091,37,10.241109598832232
21,783,965,1,10.498093903671007
21,965,834,1,3.83986736177262
21,1068,882,1,14.033707701296978
22,882,834,1,4.883195120135012
22,882,885,1,2.852794790784161
22,882,659,1,9.424155624926374
22,1276,783,2,22.606377139254327
22,917,783,1,5.8083597500151045
22,931,882,1,5.812636165404913
22,931,834,2,10.694040075602611
22,931,965,1,8.628970001760946
22,1182,855,1,18.44721762394832
22,834,882,1,4.883195120135012
22,834,708,1,4.389831624444016
22,834,783,1,7.689481736045675
22,885,834,1,7.688685710981335
22,885,783,1,15.378166398318458
22,659,783,1,5.809594285895007
22,1102,834,1,11.614659746948035
22,849,931,1,4.4061387562478425
22,535,882,1,9.342211452816104
22,783,917,20,5.8083597500151045
22,783,659,2,5.809594285895007
22,783,1106,1,22.318447076891776
22,965,783,1,10.498093903671007
22,1229,1182,1,3.960024365898536
22,1229,1013,1,5.640389822593795
23,882,834,1,4.883195120135012
23,882,885,1,2.852794790784161
23,882,783,1,12.561839638690564
23,882,965,1,3.616965677313317
23,1276,783,1,22.606377139254327
23,1276,1229,1,3.959637309104105
23,931,834,1,10.694040075602611
23,834,659,1,5.284552964469467
23,834,849,1,14.265481524111957
23,834,783,5,7.689481736045675
23,885,931,1,3.0617002345235647
23,885,1091,1,10.203820878312005
23,1102,931,1,4.548251915941359
23,1102,1229,1,3.8392690799482057
23,849,931,1,4.4061387562478425
23,849,885,1,6.749102957431653
23,535,783,1,11.620421645142477
23,1013,931,1,4.405443882921528
23,1013,1182,1,5.283249325636405
23,783,885,1,15.378166398318458
23,783,965,1,10.498093903671007
23,783,1229,1,18.841160835534616
23,672,783,1,17.445012141301472
23,965,882,1,3.616965677313317
23,1229,1276,1,3.959637309104105
23,1229,783,2,18.841160835534616
24,931,882,1,5.812636165404913
24,882,834,2,4.883195120135012
24,882,965,1,3.616965677313317
24,1276,783,1,22.606377139254327
24,931,849,2,4.4061387562478425
24,931,1068,1,8.304853837171269
24,1182,783,1,15.175538880502293
24,708,783,1,10.697285568723771
24,834,885,1,7.688685710981335
24,834,783,1,7.689481736045675
24,885,882,2,2.852794790784161
24,885,1102,1,5.875878565174106
24,885,783,1,15.378166398318458
24,885,672,1,5.876204136119103
24,1102,783,1,18.800951364959644
24,849,931,1,4.4061387562478425
24,849,672,1,6.511836392511076
24,535,783,2,11.620421645142477
24,1013,882,1,3.839767699909249
24,1013,834,1,8.005172893624191
24,1013,783,2,15.308499342485224
24,783,882,1,12.561839638690564
24,783,834,1,7.689481736045675
24,965,885,1,6.123119155303686
25,834,917,1,3.617203703030827
25,834,931,1,10.694040075602611
25,834,965,2,3.83986736177262
25,882,931,1,5.812636165404913
25,882,885,2,2.852794790784161
25,834,783,8,7.689481736045675
25,882,783,1,12.561839638690564
25,882,965,1,3.616965677313317
25,1276,783,1,22.606377139254327
25,917,1091,1,4.837115435970083
25,931,708,1,9.423506251261468
25,931,1102,1,4.548251915941359
25,885,931,1,3.0617002345235647
25,885,783,2,15.378166398318458
25,1091,1276,1,13.129287540581574
25,1091,783,1,10.241109598832232
25,1102,1276,1,4.836798739646007
25,1102,1106,2,3.80171314717607
25,1106,783,1,22.318447076891776
25,535,783,1,11.620421645142477
25,1013,885,1,3.46869779664105
25,1013,783,1,15.308499342485224
25,783,708,2,10.697285568723771
25,783,834,2,7.689481736045675
25,783,1229,1,18.841160835534616
25,965,834,1,3.83986736177262
25,965,885,1,6.123119155303686
25,965,1013,1,4.881725510082577
25,1229,783,1,18.841160835534616
26,931,885,1,3.0617002345235647
26,834,882,1,4.883195120135012
26,834,708,2,4.389831624444016
26,882,931,1,5.812636165404913
26,882,783,1,12.561839638690564
26,882,1370,1,18.783825554252072
26,1276,1229,1,3.959637309104105
26,917,783,1,5.8083597500151045
26,931,849,1,4.4061387562478425
26,1182,1013,1,5.283249325636405
26,708,885,3,6.511469320496247
26,708,659,1,5.815596432206299
26,885,931,1,3.0617002345235647
26,885,659,1,11.84843418422244
26,885,535,1,10.569431103772471
26,885,1013,1,3.46869779664105
26,659,834,1,5.284552964469467
26,659,535,1,5.810827883107414
26,659,783,2,5.809594285895007
26,1091,965,1,4.388654712140797
26,849,672,1,6.511836392511076
26,535,783,1,11.620421645142477
26,1013,1182,1,5.283249325636405
26,1013,1398,1,10.186376382121452
26,1013,965,1,4.881725510082577
26,783,882,1,12.561839638690564
26,783,1276,1,22.606377139254327
26,783,708,1,10.697285568723771
26,965,708,1,6.739138237495128
26,965,834,1,3.83986736177262
26,965,659,1,9.121352246650094
26,965,783,1,10.498093903671007
26,1229,1276,1,3.959637309104105
26,1229,783,2,18.841160835534616
27,885,965,1,6.123119155303686
27,882,931,1,5.812636165404913
27,882,1091,1,7.965381677815221
27,1276,1398,1,7.438993890374081
27,1276,849,1,11.479314497557898
27,917,783,1,5.8083597500151045
27,931,882,1,5.812636165404913
27,931,783,1,18.3740064075405
27,931,965,1,8.628970001760946
27,708,783,2,10.697285568723771
27,834,882,1,4.883195120135012
27,834,783,1,7.689481736045675
27,885,834,1,7.688685710981335
27,885,672,1,5.876204136119103
27,659,834,1,5.284552964469467
27,659,783,2,5.809594285895007
27,1102,1276,1,4.836798739646007
27,1106,1013,1,7.015517581545067
27,783,708,1,10.697285568723771
27,783,834,1,7.689481736045675
27,783,1102,1,18.800951364959644
27,783,535,1,11.620421645142477
27,783,1013,1,15.308499342485224
27,965,783,1,10.498093903671007
27,1229,1276,1,3.959637309104105
28,834,659,1,5.284552964469467
28,882,1102,1,7.314751476768936
28,882,783,1,12.561839638690564
28,1276,783,1,22.606377139254327
28,855,1106,1,9.423483175173253
28,708,834,1,4.389831624444016
28,708,535,1,4.548441137468074
28,708,783,1,10.697285568723771
28,834,783,2,7.689481736045675
28,885,965,1,6.123119155303686
28,659,783,2,5.809594285895007
28,1106,1276,1,4.836798739645476
28,1106,885,1,7.965381677815221
28,535,708,1,4.548441137468074
28,535,783,1,11.620421645142477
28,1013,708,1,8.663428210145081
28,1013,965,1,4.881725510082577
28,783,885,1,15.378166398318458
28,783,566,1,5.876334276322891
28,783,965,1,10.498093903671007
28,1370,783,1,30.28578929187396
28,965,882,1,3.616965677313317
28,965,931,1,8.628970001760946
28,965,834,1,3.83986736177262
29,834,535,1,8.012842951904279
29,882,834,2,4.883195120135012
29,834,708,4,4.389831624444016
29,834,882,2,4.883195120135012
29,885,708,1,6.511469320496247
29,882,1102,1,7.314751476768936
29,1276,1106,1,4.836798739645476
29,1276,783,1,22.606377139254327
29,931,885,1,3.0617002345235647
29,931,849,1,4.4061387562478425
29,1182,882,1,7.841474878454721
29,708,882,3,4.837510953567602
29,708,783,1,10.697285568723771
29,708,965,1,6.739138237495128
29,885,882,1,2.852794790784161
29,885,672,1,5.876204136119103
29,1091,783,1,10.241109598832232
29,1102,882,1,7.314751476768936
29,849,783,1,21.903135562742808
29,783,1276,1,22.606377139254327
29,783,659,1,5.809594285895007
29,783,566,1,5.876334276322891
29,783,965,1,10.498093903671007
29,965,882,2,3.616965677313317
29,965,834,2,3.83986736177262
29,1229,965,1,8.77672016628073
30,882,885,2,2.852794790784161
30,882,1229,1,9.341474227178574
30,834,917,1,3.617203703030827
30,834,783,1,7.689481736045675
30,882,708,1,4.837510953567602
30,882,965,1,3.616965677313317
30,1276,1013,1,8.190822817543284
30,1276,783,1,22.606377139254327
30,1182,783,1,15.175538880502293
30,708,885,1,6.511469320496247
30,834,659,1,5.284552964469467
30,834,965,1,3.83986736177262
30,885,834,1,7.688685710981335
30,1091,783,1,10.241109598832232
30,1102,931,1,4.548251915941359
30,1013,1182,1,5.283249325636405
30,1013,1398,1,10.186376382121452
30,783,882,1,12.561839638690564
30,783,931,1,18.3740064075405
30,783,834,1,7.689481736045675
30,783,885,1,15.378166398318458
30,783,1091,1,10.241109598832232
30,783,965,1,10.498093903671007
30,1370,1276,2,7.918112864657469
30,965,834,1,3.83986736177262
30,965,783,2,10.498093903671007
30,1229,783,1,18.841160835534616
31,885,708,2,6.511469320496247
31,834,783,1,7.689481736045675
31,885,849,1,6.749102957431653
31,965,783,2,10.498093903671007
31,882,931,1,5.812636165404913
31,1276,931,1,8.946223146223524
31,917,834,1,3.617203703030827
31,855,1068,1,5.87594370452583
31,931,849,2,4.4061387562478425
31,1182,834,1,9.674230674179531
31,1182,783,1,15.175538880502293
31,834,1182,1,9.674230674179531
31,834,1091,1,6.739095652327052
31,885,931,1,3.0617002345235647
31,659,566,1,7.02219411294688
31,659,783,1,5.809594285895007
31,1091,834,1,6.739095652327052
31,1398,1106,1,11.562838367297022
31,1106,1276,1,4.836798739645476
31,1106,1102,1,3.80171314717607
31,535,783,1,11.620421645142477
31,1013,783,1,15.308499342485224
31,783,834,1,7.689481736045675
31,783,672,1,17.445012141301472
31,965,1182,1,5.875748248781206
32,834,931,3,10.694040075602611
32,882,708,2,4.837510953567602
32,882,535,1,9.342211452816104
32,882,1013,1,3.839767699909249
32,882,965,1,3.616965677313317
32,1276,783,1,22.606377139254327
32,931,849,1,4.4061387562478425
32,931,1068,1,8.304853837171269
32,708,359,1,10.088438580081291
32,834,708,1,4.389831624444016
32,659,783,1,5.809594285895007
32,1091,834,1,6.739095652327052
32,1102,1276,1,4.836798739646007
32,1102,708,1,12.01896382682808
32,535,834,1,8.012842951904279
32,1013,849,1,8.811582411969269
32,783,917,1,5.8083597500151045
32,783,1182,1,15.175538880502293
32,783,834,2,7.689481736045675
32,783,1091,1,10.241109598832232
32,783,1398,1,19.874616662347663
32,783,566,1,5.876334276322891
32,672,783,1,17.445012141301472
32,1229,1102,1,3.8392690799482057
33,834,783,8,7.689481736045675
33,834,882,1,4.883195120135012
33,885,931,1,3.0617002345235647
33,885,783,1,15.378166398318458
33,1276,849,1,11.479314497557898
33,1276,783,2,22.606377139254327
33,917,783,1,5.8083597500151045
33,931,834,1,10.694040075602611
33,931,885,1,3.0617002345235647
33,931,1102,2,4.548251915941359
33,1182,885,1,8.662721360426067
33,708,882,2,4.837510953567602
33,834,708,1,4.389831624444016
33,834,965,1,3.83986736177262
33,659,708,1,5.815596432206299
33,1091,783,1,10.241109598832232
33,1102,1182,1,6.120304815079837
33,1102,1229,1,3.8392690799482057
33,849,783,1,21.903135562742808
33,1106,1013,1,7.015517581545067
33,535,882,1,9.342211452816104
33,783,1276,1,22.606377139254327
33,783,708,1,10.697285568723771
33,783,834,1,7.689481736045675
33,783,1091,1,10.241109598832232
33,783,1106,1,22.318447076891776
33,783,535,2,11.620421645142477
33,783,1013,1,15.308499342485224
33,783,965,4,10.498093903671007
33,965,783,1,10.498093903671007
33,1229,1091,1,9.180034524729397
33,1229,783,1,18.841160835534616
34,882,885,1,2.852794790784161
34,885,882,1,2.852794790784161
34,965,882,1,3.616965677313317
34,965,1091,1,4.388654712140797
34,882,783,1,12.561839638690564
34,882,965,1,3.616965677313317
34,917,1091,1,4.837115435970083
34,931,885,1,3.0617002345235647
34,1182,885,1,8.662721360426067
34,1182,1229,1,3.960024365898536
34,708,659,1,5.815596432206299
34,834,708,2,4.389831624444016
34,834,885,1,7.688685710981335
34,1102,1013,1,3.616251246210677
34,1106,1102,1,3.80171314717607
34,1013,882,1,3.839767699909249
34,1013,1102,1,3.616251246210677
34,783,708,1,10.697285568723771
34,783,834,2,7.689481736045675
34,783,885,1,15.378166398318458
34,783,535,2,11.620421645142477
34,783,1068,1,26.525178301273773
34,1370,783,1,30.28578929187396
34,965,708,1,6.739138237495128
34,965,783,1,10.498093903671007
35,659,783,1,5.809594285895007
35,882,965,1,3.616965677313317
35,917,535,1,11.080361971095948
35,708,882,1,4.837510953567602
35,834,882,2,4.883195120135012
35,359,783,1,12.499801205497114
35,885,882,2,2.852794790784161
35,1091,783,2,10.241109598832232
35,1013,834,1,8.005172893624191
35,783,931,1,18.3740064075405
35,783,834,1,7.689481736045675
35,783,659,1,5.809594285895007
35,783,1102,1,18.800951364959644
35,672,783,1,17.445012141301472
35,965,834,1,3.83986736177262
35,1068,1229,1,11.360488351411393
36,659,783,1,5.809594285895007
36,834,965,1,3.83986736177262
36,931,885,1,3.0617002345235647
36,834,783,1,7.689481736045675
36,882,834,1,4.883195120135012
36,882,885,3,2.852794790784161
36,882,965,1,3.616965677313317
36,1276,783,1,22.606377139254327
36,917,965,1,4.882215518422521
36,1182,1276,1,7.919661523440269
36,1182,1102,1,6.120304815079837
36,708,783,1,10.697285568723771
36,834,535,1,8.012842951904279
36,885,882,1,2.852794790784161
36,885,535,1,10.569431103772471
36,849,882,1,9.574606006915822
36,1106,1229,1,6.605818539698737
36,535,708,1,4.548441137468074
36,1013,783,1,15.308499342485224
36,783,931,1,18.3740064075405
36,783,834,1,7.689481736045675
36,783,659,1,5.809594285895007
36,783,672,1,17.445012141301472
36,965,1013,1,4.881725510082577
36,1229,1398,1,5.282433425576492
37,659,783,3,5.809594285895007
37,659,834,2,5.284552964469467
37,931,708,1,9.423506251261468
37,882,834,1,4.883195120135012
37,882,885,1,2.852794790784161
37,931,882,1,5.812636165404913
37,1182,783,1,15.175538880502293
37,708,783,1,10.697285568723771
37,834,882,1,4.883195120135012
37,834,783,1,7.689481736045675
37,1091,917,1,4.837115435970083
37,849,931,1,4.4061387562478425
37,535,834,1,8.012842951904279
37,1013,1091,1,7.92275625179966
37,1013,1102,1,3.616251246210677
37,783,931,1,18.3740064075405
37,783,849,1,21.903135562742808
37,783,1296,1,13.644692409583532
37,783,1013,1,15.308499342485224
37,783,1068,1,26.525178301273773
37,672,882,1,7.316385892068044
37,672,1068,1,13.168317290084476
37,965,1102,1,8.304116264398273
38,931,708,1,9.423506251261468
38,834,708,2,4.389831624444016
38,834,659,2,5.284552964469467
38,882,931,1,5.812636165404913
38,882,708,1,4.837510953567602
38,882,885,1,2.852794790784161
38,882,1013,1,3.839767699909249
38,882,965,1,3.616965677313317
38,1276,1106,1,4.836798739645476
38,855,849,1,5.706192977162224
38,931,849,1,4.4061387562478425
38,708,882,1,4.837510953567602
38,708,834,3,4.389831624444016
38,708,783,1,10.697285568723771
38,885,882,1,2.852794790784161
38,1091,1182,1,5.24631154396119
38,1102,931,1,4.548251915941359
38,849,931,1,4.4061387562478425
38,849,834,1,14.265481524111957
38,535,965,1,11.11949266445603
38,1013,1106,1,7.015517581545067
38,1013,783,1,15.308499342485224
38,1013,1229,1,5.640389822593795
38,783,659,1,5.809594285895007
38,783,566,1,5.876334276322891
38,783,965,1,10.498093903671007
38,1370,882,1,18.783825554252072
38,965,882,1,3.616965677313317
38,965,708,1,6.739138237495128
38,965,834,1,3.83986736177262
39,931,849,2,4.4061387562478425
39,834,672,1,10.50082625207165
39,882,885,1,2.852794790784161
39,1276,1229,2,3.959637309104105
39,931,508,1,12.961089805583503
39,1182,1091,1,5.24631154396119
39,1182,1102,1,6.120304815079837
39,708,359,1,10.088438580081291
39,708,965,1,6.739138237495128
39,834,882,2,4.883195120135012
39,834,659,1,5.284552964469467
39,834,783,1,7.689481736045675
39,1435,783,1,17.957022310236383
39,885,708,1,6.511469320496247
39,885,1398,1,13.644566108710274
39,659,834,1,5.284552964469467
39,1102,1106,1,3.80171314717607
39,849,508,1,9.342303526294996
39,535,708,1,4.548441137468074
39,783,659,1,5.809594285895007
39,783,1229,1,18.841160835534616
39,965,783,2,10.498093903671007
39,1229,1276,1,3.959637309104105
40,834,965,1,3.83986736177262
40,882,708,1,4.837510953567602
40,882,834,1,4.883195120135012
40,882,1102,1,7.314751476768936
40,1276,1182,1,7.919661523440269
40,1182,931,1,9.422487826577225
40,708,882,1,4.837510953567602
40,708,931,1,9.423506251261468
40,885,931,2,3.0617002345235647
40,885,1102,1,5.875878565174106
40,659,535,1,5.810827883107414
40,1102,849,1,8.191991396325179
40,1102,1106,1,3.80171314717607
40,1102,965,1,8.304116264398273
40,849,882,1,9.574606006915822
40,1296,1068,1,29.27710165417736
40,783,882,1,12.561839638690564
40,783,917,2,5.8083597500151045
40,783,359,1,12.499801205497114
40,783,566,1,5.876334276322891
40,783,849,1,21.903135562742808
40,783,1229,1,18.841160835534616
40,965,882,1,3.616965677313317
40,965,1091,1,4.388654712140797
41,834,965,3,3.83986736177262
41,931,882,1,5.812636165404913
41,965,882,2,3.616965677313317
41,882,834,2,4.883195120135012
41,882,885,1,2.852794790784161
41,882,1013,1,3.839767699909249
41,1276,1106,1,4.836798739645476
41,855,849,1,5.706192977162224
41,855,1068,1,5.87594370452583
41,931,1102,1,4.548251915941359
41,1182,1229,1,3.960024365898536
41,708,882,1,4.837510953567602
41,834,783,1,7.689481736045675
41,885,931,1,3.0617002345235647
41,659,882,1,9.424155624926374
41,1091,1182,1,5.24631154396119
41,849,508,1,9.342303526294996
41,1106,1102,1,3.80171314717607
41,783,1276,2,22.606377139254327
41,783,917,1,5.8083597500151045
41,783,885,1,15.378166398318458
41,965,917,1,4.882215518422521
42,834,917,1,3.617203703030827
42,885,882,1,2.852794790784161
42,882,885,1,2.852794790784161
42,882,1106,1,10.203820878312005
42,882,1013,1,3.839767699909249
42,882,965,1,3.616965677313317
42,1276,1106,1,4.836798739645476
42,1276,1013,1,8.190822817543284
42,931,849,3,4.4061387562478425
42,931,1068,1,8.304853837171269
42,1182,1013,1,5.283249325636405
42,708,834,1,4.389831624444016
42,834,1068,1,18.901027647971706
42,1435,882,1,15.539169801979478
42,1102,1276,1,4.836798739646007
42,1102,931,1,4.548251915941359
42,1102,1229,1,3.8392690799482057
42,849,1068,1,6.736061142863373
42,1013,882,1,3.839767699909249
42,1013,1091,1,7.92275625179966
42,783,931,1,18.3740064075405
42,783,834,2,7.689481736045675
42,783,659,1,5.809594285895007
42,783,1091,10,10.241109598832232
42,783,566,1,5.876334276322891
42,783,1229,1,18.841160835534616
43,1276,1229,1,3.959637309104105
43,1013,882,1,3.839767699909249
43,882,834,1,4.883195120135012
43,931,885,1,3.0617002345235647
43,931,1398,1,13.495077260547856
43,1182,882,1,7.841474878454721
43,1182,849,1,13.728760504847472
43,708,672,1,6.751878981086827
43,834,708,1,4.389831624444016
43,834,1091,1,6.739095652327052
43,834,1229,1,12.569063966979074
43,885,931,1,3.0617002345235647
43,659,834,1,5.284552964469467
43,1102,931,1,4.548251915941359
43,1102,834,1,11.614659746948035
43,1102,672,1,11.119492664455636
43,1106,1276,1,4.836798739645476
43,1106,931,1,5.283575443416337
43,535,359,1,5.855067293961566
43,1013,885,1,3.46869779664105
43,783,708,1,10.697285568723771
43,783,885,1,15.378166398318458
43,783,965,1,10.498093903671007
43,783,1229,1,18.841160835534616
43,965,882,1,3.616965677313317
43,965,659,1,9.121352246650094
43,965,1091,1,4.388654712140797
44,834,885,1,7.688685710981335
44,834,672,1,10.50082625207165
44,834,931,1,10.694040075602611
44,882,659,1,9.424155624926374
44,882,1102,1,7.314751476768936
44,882,965,2,3.616965677313317
44,1276,885,1,10.705394585658723
44,931,882,1,5.812636165404913
44,931,885,2,3.0617002345235647
44,1182,855,11,18.44721762394832
44,1182,1013,1,5.283249325636405
44,708,882,1,4.837510953567602
44,885,882,1,2.852794790784161
44,885,1182,1,8.662721360426067
44,1013,885,1,3.46869779664105
44,783,708,1,10.697285568723771
44,783,359,1,12.499801205497114
44,783,885,1,15.378166398318458
44,783,1398,1,19.874616662347663
44,783,566,1,5.876334276322891
44,783,965,1,10.498093903671007
44,965,882,1,3.616965677313317
44,965,1182,1,5.875748248781206
45,1276,1102,2,4.836798739646007
45,1276,1229,1,3.959637309104105
45,834,965,3,3.83986736177262
45,834,882,2,4.883195120135012
45,965,834,1,3.83986736177262
45,965,885,1,6.123119155303686
45,965,1091,1,4.388654712140797
45,882,834,1,4.883195120135012
45,882,885,1,2.852794790784161
45,882,659,1,9.424155624926374
45,882,1102,1,7.314751476768936
45,855,1068,1,5.87594370452583
45,931,882,1,5.812636165404913
45,1182,1013,1,5.283249325636405
45,708,882,1,4.837510953567602
45,708,1229,1,14.16486062369625
45,834,885,1,7.688685710981335
45,834,783,1,7.689481736045675
45,659,834,1,5.284552964469467
45,659,535,1,5.810827883107414
45,1091,965,1,4.388654712140797
45,849,834,1,14.265481524111957
45,1106,672,1,11.752082528572066
45,1013,882,1,3.839767699909249
45,783,882,1,12.561839638690564
45,783,1276,1,22.606377139254327
45,783,931,2,18.3740064075405
45,783,708,1,10.697285568723771
45,783,834,1,7.689481736045675
45,783,1013,2,15.308499342485224
46,834,965,4,3.83986736177262
46,882,855,1,15.256284869872443
46,882,931,1,5.812636165404913
46,882,885,1,2.852794790784161
46,931,1276,1,8.946223146223524
46,931,849,1,4.4061387562478425
46,834,535,1,8.012842951904279
46,885,1013,1,3.46869779664105
46,885,965,1,6.123119155303686
46,1106,1102,1,3.80171314717607
46,535,965,1,11.11949266445603
46,1013,882,1,3.839767699909249
46,783,931,1,18.3740064075405
46,783,1102,1,18.800951364959644
46,783,1106,1,22.318447076891776
46,783,965,1,10.498093903671007
46,672,885,1,5.876204136119103
46,965,1091,1,4.388654712140797
46,965,1102,1,8.304116264398273
47,882,885,1,2.852794790784161
47,882,965,2,3.616965677313317
47,1276,1229,1,3.959637309104105
47,885,1068,1,11.364565785437158
47,849,885,1,6.749102957431653
47,1013,882,2,3.839767699909249
47,965,1091,1,4.388654712140797
48,882,1013,3,3.839767699909249
48,882,965,1,3.616965677313317
48,931,885,1,3.0617002345235647
48,708,535,1,4.548441137468074
48,885,882,1,2.852794790784161
48,885,672,1,5.876204136119103
48,659,882,1,9.424155624926374
48,1106,1068,1,4.880745078525951
48,1013,882,1,3.839767699909249
48,1370,1068,1,7.841426035905807
48,965,1102,1,8.304116264398273
48,1229,882,1,9.341474227178574
49,834,783,1,7.689481736045675
49,882,1068,1,14.033707701296978
49,834,885,1,7.688685710981335
49,834,535,1,8.012842951904279
49,882,708,1,4.837510953567602
49,882,885,2,2.852794790784161
49,882,672,1,7.316385892068044
49,931,659,1,14.893741670685255
49,1182,1013,1,5.283249325636405
49,885,931,1,3.0617002345235647
49,1102,1276,1,4.836798739646007
49,1102,1106,1,3.80171314717607
49,965,1276,1,12.284417645367478
49,1229,1106,1,6.605818539698737
50,855,849,1,5.706192977162224
50,885,931,1,3.0617002345235647
50,535,849,1,14.6134281539242
50,783,931,1,18.3740064075405
50,1229,885,1,8.89559413156451
51,1276,1229,1,3.959637309104105
51,708,834,1,4.389831624444016
51,659,834,1,5.284552964469467
51,849,783,1,21.903135562742808
51,783,1398,1,19.874616662347663
51,672,885,1,5.876204136119103
51,965,1013,1,4.881725510082577
51,965,1229,1,8.77672016628073
52,834,708,1,4.389831624444016
52,834,931,1,10.694040075602611
52,1276,849,1,11.479314497557898
53,834,359,1,12.378619633278529
53,834,659,2,5.284552964469467
53,834,1398,1,15.216349824005198
53,882,931,1,5.812636165404913
53,882,1013,2,3.839767699909249
53,882,965,3,3.616965677313317
53,834,885,2,7.688685710981335
53,882,1276,1,12.01740314095659
53,882,359,1,14.913468445035848
53,1276,1106,1,4.836798739645476
53,535,834,1,8.012842951904279
53,783,708,1,10.697285568723771
53,783,965,1,10.498093903671007
53,1229,1276,2,3.959637309104105
54,885,1102,1,5.875878565174106
55,885,672,1,5.876204136119103
56,965,885,1,6.123119155303686
57,882,1102,1,7.314751476768936
57,708,783,1,10.697285568723771
57,508,783,1,25.93420023872912
57,834,882,1,4.883195120135012
57,1106,783,1,22.318447076891776
57,1013,783,1,15.308499342485224
57,965,783,1,10.498093903671007
58,931,783,1,18.3740064075405
58,508,783,1,25.93420023872912
58,1398,1091,1,9.6478124773512
58,849,783,1,21.903135562742808
58,672,885,1,5.876204136119103
58,965,783,2,10.498093903671007
59,882,783,1,12.561839638690564
59,931,783,1,18.3740064075405
59,1182,1102,1,6.120304815079837
59,708,783,2,10.697285568723771
59,659,783,1,5.809594285895007
59,1398,783,1,19.874616662347663
59,849,783,1,21.903135562742808
59,535,783,2,11.620421645142477
59,1013,885,1,3.46869779664105
59,965,1013,1,4.881725510082577
59,965,783,1,10.498093903671007
59,1068,783,1,26.525178301273773
59,1229,783,1,18.841160835534616
60,1276,783,1,22.606377139254327
60,1276,1229,1,3.959637309104105
60,708,359,1,10.088438580081291
60,708,783,1,10.697285568723771
60,359,783,1,12.499801205497114
60,659,783,3,5.809594285895007
60,1398,783,2,19.874616662347663
60,566,783,1,5.876334276322891
60,849,783,2,21.903135562742808
60,1106,783,1,22.318447076891776
60,535,783,2,11.620421645142477
60,672,849,1,6.511836392511076
60,672,783,1,17.445012141301472
60,965,885,1,6.123119155303686
60,965,1013,1,4.881725510082577
60,965,783,2,10.498093903671007
60,1229,882,1,9.341474227178574
61,834,783,3,7.689481736045675
61,882,783,5,12.561839638690564
61,882,965,2,3.616965677313317
61,882,834,1,4.883195120135012
61,834,708,1,4.389831624444016
61,659,783,2,5.809594285895007
61,917,783,1,5.8083597500151045
61,855,783,1,27.60378823743443
61,931,783,3,18.3740064075405
61,708,783,1,10.697285568723771
61,359,783,2,12.499801205497114
61,885,882,1,2.852794790784161
61,885,783,1,15.378166398318458
61,1398,882,1,13.343391197346763
61,566,783,3,5.876334276322891
61,849,783,1,21.903135562742808
61,1106,1276,1,4.836798739645476
61,1106,1013,1,7.015517581545067
61,535,783,3,11.620421645142477
61,1013,885,1,3.46869779664105
61,783,708,1,10.697285568723771
61,672,783,1,17.445012141301472
61,965,882,1,3.616965677313317
61,965,783,1,10.498093903671007
61,1229,834,1,12.569063966979074
61,1229,1102,1,3.8392690799482057
61,1229,783,2,18.841160835534616
62,834,783,1,7.689481736045675
62,917,783,1,5.8083597500151045
62,855,882,1,15.256284869872443
62,855,849,1,5.706192977162224
62,708,783,2,10.697285568723771
62,508,849,1,9.342303526294996
62,834,965,1,3.83986736177262
62,885,965,1,6.123119155303686
62,1091,783,1,10.241109598832232
62,1102,1013,1,3.616251246210677
62,1102,1229,1,3.8392690799482057
62,566,783,1,5.876334276322891
62,849,783,2,21.903135562742808
62,1106,849,1,6.739095652327052
62,1013,834,1,8.005172893624191
62,783,1182,1,15.175538880502293
62,783,834,1,7.689481736045675
62,965,882,1,3.616965677313317
62,965,1013,1,4.881725510082577
62,965,783,1,10.498093903671007
62,1229,783,1,18.841160835534616
63,834,783,2,7.689481736045675
63,882,535,1,9.342211452816104
63,882,783,1,12.561839638690564
63,708,783,4,10.697285568723771
63,359,783,1,12.499801205497114
63,1091,783,1,10.241109598832232
63,849,783,1,21.903135562742808
63,1013,882,1,3.839767699909249
63,965,783,2,10.498093903671007
63,1229,783,1,18.841160835534616
64,535,708,1,4.548441137468074
64,882,931,1,5.812636165404913
64,882,834,1,4.883195120135012
64,882,965,2,3.616965677313317
64,1276,1106,1,4.836798739645476
64,855,1106,1,9.423483175173253
64,1182,783,1,15.175538880502293
64,1091,1182,1,5.24631154396119
64,1102,882,1,7.314751476768936
64,566,783,1,5.876334276322891
64,849,783,1,21.903135562742808
64,1106,1182,1,9.760018472127422
64,783,834,1,7.689481736045675
64,783,359,1,12.499801205497114
64,783,1435,1,17.957022310236383
64,1068,783,1,26.525178301273773
65,834,783,13,7.689481736045675
65,659,783,7,5.809594285895007
65,931,783,3,18.3740064075405
65,885,783,3,15.378166398318458
65,931,855,1,9.765900232263595
65,885,882,3,2.852794790784161
65,535,783,6,11.620421645142477
65,931,882,3,5.812636165404913
65,885,834,1,7.688685710981335
65,659,834,1,5.284552964469467
65,834,885,1,7.688685710981335
65,834,965,2,3.83986736177262
65,535,834,2,8.012842951904279
65,965,834,2,3.83986736177262
65,965,1013,1,4.881725510082577
65,882,885,1,2.852794790784161
65,1276,783,1,22.606377139254327
65,931,849,1,4.4061387562478425
65,708,783,1,10.697285568723771
65,359,783,1,12.499801205497114
65,659,917,1,6.671695598673383
65,1091,1182,2,5.24631154396119
65,1102,885,1,5.875878565174106
65,566,783,2,5.876334276322891
65,1013,1182,1,5.283249325636405
65,965,783,2,10.498093903671007
65,1068,783,1,26.525178301273773
66,965,1276,1,12.284417645367478
66,885,535,1,10.569431103772471
66,882,834,1,4.883195120135012
66,917,1182,1,9.422487826578177
66,885,965,1,6.123119155303686
66,882,931,1,5.812636165404913
66,882,783,1,12.561839638690564
66,708,783,1,10.697285568723771
66,834,783,5,7.689481736045675
66,885,834,1,7.688685710981335
66,1398,1182,1,5.640321895106829
66,1102,882,1,7.314751476768936
66,1102,931,2,4.548251915941359
66,1102,1106,1,3.80171314717607
66,849,931,1,4.4061387562478425
66,1013,1102,1,3.616251246210677
66,783,708,1,10.697285568723771
66,783,885,1,15.378166398318458
66,965,783,1,10.498093903671007
66,1068,855,1,5.87594370452583
66,1229,882,1,9.341474227178574
67,1276,1013,1,8.190822817543284
67,931,849,2,4.4061387562478425
67,885,849,1,6.749102957431653
67,535,783,1,11.620421645142477
67,882,931,1,5.812636165404913
67,882,783,1,12.561839638690564
67,882,965,1,3.616965677313317
67,931,882,2,5.812636165404913
67,1182,931,1,9.422487826577225
67,708,885,1,6.511469320496247
67,834,882,2,4.883195120135012
67,834,917,1,3.617203703030827
67,783,1276,1,22.606377139254327
67,783,917,1,5.8083597500151045
67,783,834,1,7.689481736045675
67,965,708,1,6.739138237495128
67,1229,1182,1,3.960024365898536
67,1229,834,1,12.569063966979074
67,1229,1102,1,3.8392690799482057
68,1276,1398,1,7.438993890374081
68,931,882,1,5.812636165404913
68,931,783,1,18.3740064075405
68,834,783,2,7.689481736045675
68,1013,1102,1,3.616251246210677
68,882,965,1,3.616965677313317
68,1182,783,1,15.175538880502293
68,708,882,1,4.837510953567602
68,508,672,1,8.81713559460697
68,885,834,1,7.688685710981335
68,1102,1276,1,4.836798739646007
68,1102,1091,1,10.454710779351652
68,1102,1013,1,3.616251246210677
68,849,885,1,6.749102957431653
68,849,659,1,17.69046303867574
68,783,1229,1,18.841160835534616
68,965,882,1,3.616965677313317
68,1229,783,1,18.841160835534616
69,931,834,1,10.694040075602611
69,659,708,2,5.815596432206299
69,931,885,5,3.0617002345235647
69,708,783,5,10.697285568723771
69,885,672,1,5.876204136119103
69,659,783,5,5.809594285895007
69,535,783,2,11.620421645142477
69,1013,882,1,3.839767699909249
69,1013,1182,1,5.283249325636405
69,931,783,3,18.3740064075405
69,708,834,1,4.389831624444016
69,885,1013,1,3.46869779664105
69,885,783,2,15.378166398318458
69,659,1182,1,14.91126931871612
69,535,931,1,13.170081658182124
69,1013,708,1,8.663428210145081
69,965,885,1,6.123119155303686
69,882,834,1,4.883195120135012
69,882,885,1,2.852794790784161
69,882,783,2,12.561839638690564
69,1276,1102,1,4.836798739646007
69,834,783,4,7.689481736045675
69,885,882,1,2.852794790784161
69,1398,1229,1,5.282433425576492
69,1102,834,1,11.614659746948035
69,1013,783,1,15.308499342485224
69,783,1182,2,15.175538880502293
69,783,885,1,15.378166398318458
69,783,1013,1,15.308499342485224
69,783,1229,1,18.841160835534616
69,672,783,1,17.445012141301472
69,965,882,2,3.616965677313317
70,834,882,1,4.883195120135012
70,834,965,3,3.83986736177262
70,882,708,1,4.837510953567602
70,882,885,3,2.852794790784161
70,917,783,1,5.8083597500151045
70,931,1102,1,4.548251915941359
70,1182,783,1,15.175538880502293
70,708,882,1,4.837510953567602
70,359,965,1,16.025733255011108
70,885,834,1,7.688685710981335
70,659,783,1,5.809594285895007
70,783,882,1,12.561839638690564
70,783,1182,1,15.175538880502293
70,783,834,1,7.689481736045675
70,783,659,1,5.809594285895007
70,672,882,1,7.316385892068044
70,672,849,1,6.511836392511076
71,965,783,3,10.498093903671007
71,834,882,2,4.883195120135012
71,882,965,1,3.616965677313317
71,882,834,2,4.883195120135012
71,965,882,1,3.616965677313317
71,882,535,1,9.342211452816104
71,708,882,1,4.837510953567602
71,659,834,1,5.284552964469467
71,1091,783,2,10.241109598832232
71,1102,1106,1,3.80171314717607
71,1102,1229,1,3.8392690799482057
71,849,672,1,6.511836392511076
71,1106,849,1,6.739095652327052
71,1106,783,1,22.318447076891776
71,783,1276,1,22.606377139254327
71,783,834,1,7.689481736045675
71,783,359,1,12.499801205497114
71,672,783,1,17.445012141301472
72,834,882,2,4.883195120135012
72,535,885,1,10.569431103772471
72,882,783,3,12.561839638690564
72,1276,1182,1,7.919661523440269
72,834,1182,1,9.674230674179531
72,882,834,1,4.883195120135012
72,708,834,1,4.389831624444016
72,708,783,1,10.697285568723771
72,834,917,1,3.617203703030827
72,885,882,1,2.852794790784161
72,1091,1182,1,5.24631154396119
72,1398,783,1,19.874616662347663
72,1102,1276,1,4.836798739646007
72,849,931,2,4.4061387562478425
72,849,783,1,21.903135562742808
72,1106,783,1,22.318447076891776
72,1013,882,1,3.839767699909249
72,1013,931,1,4.405443882921528
72,783,885,1,15.378166398318458
72,1370,783,1,30.28578929187396
72,965,1229,1,8.77672016628073
72,1068,783,1,26.525178301273773
73,931,834,2,10.694040075602611
73,659,783,1,5.809594285895007
73,882,783,2,12.561839638690564
73,1276,783,1,22.606377139254327
73,917,783,1,5.8083597500151045
73,931,885,1,3.0617002345235647
73,931,849,2,4.4061387562478425
73,834,783,5,7.689481736045675
73,917,834,1,3.617203703030827
73,535,708,1,4.548441137468074
73,882,931,1,5.812636165404913
73,882,885,1,2.852794790784161
73,1276,1182,1,7.919661523440269
73,1182,965,1,5.875748248781206
73,834,708,2,4.389831624444016
73,885,882,1,2.852794790784161
73,1091,882,1,7.965381677815221
73,1102,1182,1,6.120304815079837
73,1102,1013,1,3.616251246210677
73,535,783,1,11.620421645142477
73,783,931,1,18.3740064075405
73,783,834,1,7.689481736045675
73,783,885,1,15.378166398318458
73,783,659,1,5.809594285895007
73,783,1091,1,10.241109598832232
73,965,1013,1,4.881725510082577
74,965,1182,1,5.875748248781206
74,708,659,2,5.815596432206299
74,1013,1229,1,5.640389822593795
74,882,931,2,5.812636165404913
74,882,834,2,4.883195120135012
74,931,885,2,3.0617002345235647
74,931,1102,1,4.548251915941359
74,931,1013,1,4.405443882921528
74,931,1229,1,8.28950012214804
74,1182,834,1,9.674230674179531
74,1182,1229,1,3.960024365898536
74,708,834,1,4.389831624444016
74,834,882,1,4.883195120135012
74,834,917,1,3.617203703030827
74,834,708,1,4.389831624444016
74,834,965,1,3.83986736177262
74,885,882,1,2.852794790784161
74,885,1229,1,8.89559413156451
74,566,783,1,5.876334276322891
74,849,931,1,4.4061387562478425
74,783,834,1,7.689481736045675
74,783,535,1,11.620421645142477
74,672,885,1,5.876204136119103
74,1229,1276,1,3.959637309104105
74,1229,849,1,12.017793437809017
74,1229,783,1,18.841160835534616
75,535,708,1,4.548441137468074
75,1276,1106,1,4.836798739645476
75,708,882,1,4.837510953567602
75,965,834,1,3.83986736177262
75,882,1182,1,7.841474878454721
75,882,834,1,4.883195120135012
75,917,882,1,7.68788945836583
75,917,834,1,3.617203703030827
75,931,885,1,3.0617002345235647
75,834,882,3,4.883195120135012
75,834,708,1,4.389831624444016
75,834,965,1,3.83986736177262
75,885,882,1,2.852794790784161
75,885,931,2,3.0617002345235647
75,885,1013,1,3.46869779664105
75,659,783,2,5.809594285895007
75,1091,965,1,4.388654712140797
75,1102,1276,2,4.836798739646007
75,1102,783,1,18.800951364959644
75,783,882,3,12.561839638690564
75,783,834,1,7.689481736045675
75,1229,1276,1,3.959637309104105
75,1229,783,1,18.841160835534616
76,882,885,3,2.852794790784161
76,1276,1106,1,4.836798739645476
76,1276,783,1,22.606377139254327
76,882,849,1,9.574606006915822
76,882,965,1,3.616965677313317
76,708,535,1,4.548441137468074
76,834,1013,1,8.005172893624191
76,834,1370,1,23.22436838511163
76,965,882,1,3.616965677313317
76,965,849,1,12.803650760757485
76,882,708,2,4.837510953567602
76,882,1013,1,3.839767699909249
76,882,783,1,12.561839638690564
76,1276,1229,1,3.959637309104105
76,931,1102,1,4.548251915941359
76,931,849,1,4.4061387562478425
76,1182,931,1,9.422487826577225
76,1182,1091,1,5.24631154396119
76,708,885,1,6.511469320496247
76,834,1091,1,6.739095652327052
76,834,965,1,3.83986736177262
76,885,931,2,3.0617002345235647
76,885,1229,1,8.89559413156451
76,659,834,1,5.284552964469467
76,1091,783,1,10.241109598832232
76,1398,1182,1,5.640321895106829
76,1102,1398,1,9.118728510486134
76,1106,783,1,22.318447076891776
76,1013,1398,1,10.186376382121452
76,1013,965,1,4.881725510082577
76,783,882,1,12.561839638690564
76,783,1182,1,15.175538880502293
76,783,834,1,7.689481736045675
76,783,1435,1,17.957022310236383
76,783,1102,3,18.800951364959644
76,1229,783,1,18.841160835534616
77,834,783,12,7.689481736045675
77,708,1106,1,14.476051732619457
77,708,783,2,10.697285568723771
77,965,783,5,10.498093903671007
77,535,783,2,11.620421645142477
77,708,882,1,4.837510953567602
77,834,708,2,4.389831624444016
77,834,885,2,7.688685710981335
77,882,535,1,9.342211452816104
77,882,783,1,12.561839638690564
77,1276,1398,1,7.438993890374081
77,1276,1229,1,3.959637309104105
77,917,783,1,5.8083597500151045
77,931,1068,1,8.304853837171269
77,1182,1091,1,5.24631154396119
77,834,1182,1,9.674230674179531
77,834,965,1,3.83986736177262
77,885,882,1,2.852794790784161
77,566,1013,1,19.623653425070355
77,1106,931,1,5.283575443416337
77,535,672,1,8.311483007291683
77,1013,882,1,3.839767699909249
77,783,1276,1,22.606377139254327
77,783,834,2,7.689481736045675
77,783,1013,1,15.308499342485224
77,783,965,2,10.498093903671007
78,1276,783,1,22.606377139254327
78,882,885,1,2.852794790784161
78,882,783,1,12.561839638690564
78,882,965,1,3.616965677313317
78,931,1013,1,4.405443882921528
78,1182,882,1,7.841474878454721
78,1182,783,1,15.175538880502293
78,834,1182,1,9.674230674179531
78,834,965,1,3.83986736177262
78,885,882,1,2.852794790784161
78,885,708,1,6.511469320496247
78,885,849,1,6.749102957431653
78,1091,783,1,10.241109598832232
78,849,508,1,9.342303526294996
78,1106,1102,1,3.80171314717607
78,535,672,1,8.311483007291683
78,1013,1182,1,5.283249325636405
78,1013,783,1,15.308499342485224
78,783,834,1,7.689481736045675
78,783,535,1,11.620421645142477
78,783,1068,1,26.525178301273773
78,783,1229,1,18.841160835534616
78,965,1102,1,8.304116264398273
78,1229,1182,1,3.960024365898536
79,882,783,1,12.561839638690564
79,882,834,1,4.883195120135012
79,855,931,1,9.765900232263595
79,931,1106,1,5.283575443416337
79,708,783,1,10.697285568723771
79,834,1068,1,18.901027647971706
79,1106,1102,1,3.80171314717607
79,783,917,1,5.8083597500151045
79,783,508,1,25.93420023872912
79,783,359,1,12.499801205497114
79,783,566,1,5.876334276322891
79,783,1106,1,22.318447076891776
79,783,535,2,11.620421645142477
79,783,965,2,10.498093903671007
79,965,885,1,6.123119155303686
79,1068,855,1,5.87594370452583
79,1229,885,1,8.89559413156451
80,917,834,1,3.617203703030827
80,931,708,1,9.423506251261468
80,931,849,2,4.4061387562478425
80,931,1068,1,8.304853837171269
80,708,834,1,4.389831624444016
80,708,535,1,4.548441137468074
80,834,882,1,4.883195120135012
80,885,882,1,2.852794790784161
80,885,708,1,6.511469320496247
80,1102,931,1,4.548251915941359
80,1102,1013,1,3.616251246210677
80,849,508,1,9.342303526294996
80,849,1102,1,8.191991396325179
80,783,882,2,12.561839638690564
80,783,1182,1,15.175538880502293
80,783,508,1,25.93420023872912
80,783,834,2,7.689481736045675
80,783,359,1,12.499801205497114
80,783,672,1,17.445012141301472
80,965,783,1,10.498093903671007
80,1229,1102,1,3.8392690799482057
81,834,783,22,7.689481736045675
81,1276,783,5,22.606377139254327
81,882,783,3,12.561839638690564
81,834,708,3,4.389831624444016
81,882,834,1,4.883195120135012
81,659,783,1,5.809594285895007
81,1276,1102,1,4.836798739646007
81,1182,1398,1,5.640321895106829
81,708,535,1,4.548441137468074
81,885,882,2,2.852794790784161
81,1091,1013,1,7.92275625179966
81,1102,1276,1,4.836798739646007
81,849,931,1,4.4061387562478425
81,849,508,1,9.342303526294996
81,1013,931,1,4.405443882921528
81,1013,783,1,15.308499342485224
81,1013,965,1,4.881725510082577
81,783,882,1,12.561839638690564
81,783,1182,1,15.175538880502293
81,783,359,1,12.499801205497114
81,783,885,1,15.378166398318458
81,783,566,2,5.876334276322891
82,1276,783,1,22.606377139254327
82,931,885,1,3.0617002345235647
82,931,783,1,18.3740064075405
82,708,535,1,4.548441137468074
82,708,783,1,10.697285568723771
82,834,1229,1,12.569063966979074
82,885,882,1,2.852794790784161
82,1091,965,1,4.388654712140797
82,1102,1106,1,3.80171314717607
82,1102,1229,1,3.8392690799482057
82,535,783,1,11.620421645142477
82,783,882,1,12.561839638690564
82,783,1182,1,15.175538880502293
82,783,708,1,10.697285568723771
82,783,508,1,25.93420023872912
82,783,659,1,5.809594285895007
82,783,1068,1,26.525178301273773
82,783,1229,1,18.841160835534616
82,1229,783,1,18.841160835534616
83,659,783,1,5.809594285895007
83,1229,1276,1,3.959637309104105
83,1229,885,1,8.89559413156451
83,882,834,2,4.883195120135012
83,882,783,1,12.561839638690564
83,882,965,1,3.616965677313317
83,885,783,1,15.378166398318458
83,1091,931,1,12.243987029703826
83,849,931,1,4.4061387562478425
83,849,783,1,21.903135562742808
83,1106,1229,1,6.605818539698737
83,783,659,1,5.809594285895007
83,783,1106,1,22.318447076891776
83,965,882,1,3.616965677313317
83,965,834,1,3.83986736177262
84,1276,1106,1,4.836798739645476
84,834,882,1,4.883195120135012
84,882,708,1,4.837510953567602
84,882,834,1,4.883195120135012
84,882,885,1,2.852794790784161
84,931,849,1,4.4061387562478425
84,931,1106,1,5.283575443416337
84,1182,1091,1,5.24631154396119
84,834,535,1,8.012842951904279
84,834,1229,1,12.569063966979074
84,885,931,1,3.0617002345235647
84,1091,834,1,6.739095652327052
84,1091,783,1,10.241109598832232
84,1398,1229,1,5.282433425576492
84,1102,1013,1,3.616251246210677
84,1013,931,1,4.405443882921528
84,783,708,1,10.697285568723771
84,783,834,1,7.689481736045675
84,783,659,1,5.809594285895007
84,783,849,1,21.903135562742808
84,783,535,1,11.620421645142477
84,783,672,1,17.445012141301472
84,1370,849,1,14.16435382667801
84,965,885,1,6.123119155303686
84,1068,1276,1,8.66943360865319
84,1229,931,1,8.28950012214804
85,834,783,4,7.689481736045675
85,1276,783,2,22.606377139254327
85,834,885,2,7.688685710981335
85,834,659,4,5.284552964469467
85,834,1182,1,9.674230674179531
85,834,965,4,3.83986736177262
85,834,1091,6,6.739095652327052
85,834,917,12,3.617203703030827
85,834,708,3,4.389831624444016
85,1276,1068,1,8.66943360865319
85,834,931,1,10.694040075602611
85,885,1102,1,5.875878565174106
85,882,834,1,4.883195120135012
85,882,965,1,3.616965677313317
85,1276,1229,1,3.959637309104105
85,855,849,1,5.706192977162224
85,931,965,1,8.628970001760946
85,931,1068,1,8.304853837171269
85,1182,882,1,7.841474878454721
85,1182,1091,1,5.24631154396119
85,834,855,1,19.971672663678955
85,834,672,1,10.50082625207165
85,885,931,1,3.0617002345235647
85,885,672,1,5.876204136119103
85,566,783,1,5.876334276322891
85,849,882,1,9.574606006915822
85,849,508,1,9.342303526294996
85,849,885,1,6.749102957431653
85,1013,855,1,14.035043934320278
85,783,882,2,12.561839638690564
85,783,708,1,10.697285568723771
85,783,834,2,7.689481736045675
85,783,535,1,11.620421645142477
85,783,672,1,17.445012141301472
85,783,1229,1,18.841160835534616
85,965,882,1,3.616965677313317
85,1229,1276,1,3.959637309104105
85,1229,1398,1,5.282433425576492
86,882,965,1,3.616965677313317
86,1276,931,1,8.946223146223524
86,834,1013,1,8.005172893624191
86,965,1013,1,4.881725510082577
86,882,1013,1,3.839767699909249
86,931,885,1,3.0617002345235647
86,1182,834,1,9.674230674179531
86,1182,885,1,8.662721360426067
86,708,882,1,4.837510953567602
86,834,783,2,7.689481736045675
86,885,882,1,2.852794790784161
86,659,708,1,5.815596432206299
86,1106,1229,1,6.605818539698737
86,1013,882,1,3.839767699909249
86,783,659,2,5.809594285895007
86,783,965,2,10.498093903671007
87,882,931,1,5.812636165404913
87,882,708,2,4.837510953567602
87,882,885,1,2.852794790784161
87,855,1068,1,5.87594370452583
87,931,508,1,12.961089805583503
87,708,882,2,4.837510953567602
87,834,659,1,5.284552964469467
87,885,882,1,2.852794790784161
87,885,1013,1,3.46869779664105
87,1296,1182,1,14.636346421121209
87,1106,1013,1,7.015517581545067
87,1013,1229,1,5.640389822593795
87,783,1276,1,22.606377139254327
87,783,834,1,7.689481736045675
87,783,566,1,5.876334276322891
87,783,535,2,11.620421645142477
87,783,1068,1,26.525178301273773
87,965,882,1,3.616965677313317
87,965,1182,1,5.875748248781206
87,965,1398,1,11.479089287938937
87,1229,1276,1,3.959637309104105
87,1229,783,1,18.841160835534616
88,1276,1398,1,7.438993890374081
88,1276,965,1,12.284417645367478
88,882,708,1,4.837510953567602
88,882,834,1,4.883195120135012
88,882,659,1,9.424155624926374
88,931,849,1,4.4061387562478425
88,834,708,1,4.389831624444016
88,885,834,1,7.688685710981335
88,659,535,1,5.810827883107414
88,1091,849,1,16.610443180087024
88,1102,1276,1,4.836798739646007
88,535,783,1,11.620421645142477
88,1013,885,1,3.46869779664105
88,783,931,3,18.3740064075405
88,783,849,1,21.903135562742808
88,965,882,4,3.616965677313317
88,1229,1102,1,3.8392690799482057
89,834,882,1,4.883195120135012
89,834,965,2,3.83986736177262
89,1276,1106,1,4.836798739645476
89,1276,1229,1,3.959637309104105
89,1276,359,1,26.88045833459078
89,834,931,1,10.694040075602611
89,834,885,1,7.688685710981335
89,834,783,2,7.689481736045675
89,1276,1102,1,4.836798739646007
89,931,1229,1,8.28950012214804
89,708,1091,1,10.705966675099036
89,834,1398,1,15.216349824005198
89,885,1102,1,5.875878565174106
89,659,535,2,5.810827883107414
89,1091,882,1,7.965381677815221
89,1102,1106,1,3.80171314717607
89,849,931,1,4.4061387562478425
89,1106,1102,1,3.80171314717607
89,1013,965,1,4.881725510082577
89,783,708,1,10.697285568723771
89,783,885,1,15.378166398318458
89,783,849,1,21.903135562742808
89,783,535,1,11.620421645142477
89,783,965,1,10.498093903671007
89,965,882,1,3.616965677313317
89,965,1091,1,4.388654712140797
89,1229,1102,1,3.8392690799482057
90,882,672,1,7.316385892068044
90,931,849,1,4.4061387562478425
90,931,1068,1,8.304853837171269
90,885,672,1,5.876204136119103
90,659,834,1,5.284552964469467
90,1102,1013,1,3.616251246210677
90,1102,1229,1,3.8392690799482057
90,849,855,1,5.706192977162224
90,849,672,1,6.511836392511076
90,1013,1091,1,7.92275625179966
90,783,931,1,18.3740064075405
90,783,508,1,25.93420023872912
90,783,359,1,12.499801205497114
90,672,931,1,6.73915242731767
90,965,882,2,3.616965677313317
90,965,1276,1,12.284417645367478
90,965,834,1,3.83986736177262
91,882,1106,1,10.203820878312005
91,882,965,2,3.616965677313317
91,1182,1091,1,5.24631154396119
91,708,834,1,4.389831624444016
91,834,1398,2,15.216349824005198
91,659,882,1,9.424155624926374
91,1398,1229,1,5.282433425576492
91,1102,672,1,11.119492664455636
91,1106,1276,2,4.836798739645476
91,1106,1102,1,3.80171314717607
91,783,708,1,10.697285568723771
91,783,1091,1,10.241109598832232
92,965,783,1,10.498093903671007
92,855,1068,1,5.87594370452583
92,931,882,1,5.812636165404913
92,931,1229,1,8.28950012214804
92,1182,885,1,8.662721360426067
92,1182,659,1,14.91126931871612
92,834,659,1,5.284552964469467
92,1435,1398,1,5.805514364498899
92,885,359,1,16.388649277200646
92,1398,1102,1,9.118728510486134
92,849,359,1,20.280567075307232
92,535,1013,1,13.123524045686974
92,783,882,1,12.561839638690564
92,783,855,1,27.60378823743443
92,783,931,1,18.3740064075405
92,783,834,1,7.689481736045675
92,783,1102,1,18.800951364959644
92,783,965,1,10.498093903671007
92,1370,535,1,27.18900163167172
92,965,1102,1,8.304116264398273
93,834,535,4,8.012842951904279
93,834,931,1,10.694040075602611
93,834,1091,1,6.739095652327052
93,834,1106,1,14.888705663916236
93,834,1013,1,8.005172893624191
93,834,1229,2,12.569063966979074
93,834,708,2,4.389831624444016
93,965,882,3,3.616965677313317
93,965,931,1,8.628970001760946
93,965,1229,1,8.77672016628073
93,882,708,1,4.837510953567602
93,882,885,1,2.852794790784161
93,931,965,1,8.628970001760946
93,1182,1398,1,5.640321895106829
93,1182,1102,1,6.120304815079837
93,708,882,1,4.837510953567602
93,708,834,1,4.389831624444016
93,885,931,1,3.0617002345235647
93,885,1102,1,5.875878565174106
93,849,931,1,4.4061387562478425
93,849,508,1,9.342303526294996
93,849,965,1,12.803650760757485
93,1013,882,1,3.839767699909249
93,783,931,1,18.3740064075405
93,783,834,1,7.689481736045675
93,783,1229,1,18.841160835534616
94,882,885,1,2.852794790784161
94,882,535,1,9.342211452816104
94,882,965,1,3.616965677313317
94,882,1229,1,9.341474227178574
94,855,849,1,5.706192977162224
94,931,882,1,5.812636165404913
94,834,931,1,10.694040075602611
94,834,1068,1,18.901027647971706
94,885,1229,1,8.89559413156451
94,659,882,1,9.424155624926374
94,1106,1102,1,3.80171314717607
94,1013,931,1,4.405443882921528
94,783,882,2,12.561839638690564
94,783,508,1,25.93420023872912
94,783,834,2,7.689481736045675
94,783,965,3,10.498093903671007
94,965,834,1,3.83986736177262
94,965,1091,1,4.388654712140797
95,834,783,2,7.689481736045675
95,834,882,1,4.883195120135012
95,882,708,1,4.837510953567602
95,882,834,1,4.883195120135012
95,885,708,1,6.511469320496247
95,885,849,1,6.749102957431653
95,783,834,2,7.689481736045675
96,834,965,1,3.83986736177262
96,882,1182,1,7.841474878454721
96,882,1106,1,10.203820878312005
96,882,535,1,9.342211452816104
96,855,1102,1,12.404917058701368
96,708,783,1,10.697285568723771
96,834,882,2,4.883195120135012
96,1398,783,1,19.874616662347663
96,849,931,2,4.4061387562478425
96,783,1276,1,22.606377139254327
96,783,359,1,12.499801205497114
96,783,885,1,15.378166398318458
96,965,1091,1,4.388654712140797
96,965,1013,1,4.881725510082577
97,885,1229,1,8.89559413156451
97,882,965,1,3.616965677313317
97,1276,1102,1,4.836798739646007
97,917,1091,1,4.837115435970083
97,931,1013,1,4.405443882921528
97,931,672,1,6.73915242731767
97,834,708,1,4.389831624444016
97,885,882,1,2.852794790784161
97,659,566,1,7.02219411294688
97,1106,885,1,7.965381677815221
97,783,834,1,7.689481736045675
97,965,1091,1,4.388654712140797
97,965,849,1,12.803650760757485
97,1068,885,1,11.364565785437158
98,834,931,1,10.694040075602611
98,885,672,1,5.876204136119103
98,882,965,1,3.616965677313317
98,931,849,1,4.4061387562478425
98,1182,1398,1,5.640321895106829
98,1182,1013,1,5.283249325636405
98,885,1435,1,16.795891123871012
99,882,1398,1,13.343391197346763
99,1182,882,1,7.841474878454721
99,1102,1106,1,3.80171314717607
99,783,708,1,10.697285568723771
100,882,359,1,14.913468445035848
100,882,965,1,3.616965677313317
100,882,1229,1,9.341474227178574
100,1276,1398,1,7.438993890374081
100,931,508,1,12.961089805583503
100,965,708,1,6.739138237495128
100,965,1102,1,8.304116264398273
101,882,885,1,2.852794790784161
101,834,885,1,7.688685710981335
101,834,1398,1,15.216349824005198
102,882,1013,1,3.839767699909249
102,882,1229,1,9.341474227178574
102,708,1182,1,12.26833953852524
102,1013,882,1,3.839767699909249
102,1013,1102,1,3.616251246210677
103,882,965,1,3.616965677313317
103,965,1091,1,4.388654712140797
105,834,965,2,3.83986736177262
105,834,783,1,7.689481736045675
105,882,1106,1,10.203820878312005
105,882,1013,1,3.839767699909249
105,882,965,1,3.616965677313317
105,1276,783,1,22.606377139254327
105,1102,783,1,18.800951364959644
105,1370,783,1,30.28578929187396
105,965,783,1,10.498093903671007
106,1182,783,1,15.175538880502293
106,708,783,1,10.697285568723771
106,359,783,1,12.499801205497114
106,1398,783,1,19.874616662347663
106,1102,783,1,18.800951364959644
106,535,783,3,11.620421645142477
106,965,783,3,10.498093903671007
106,1229,1182,1,3.960024365898536
106,1229,783,1,18.841160835534616
107,1276,783,1,22.606377139254327
107,1182,783,1,15.175538880502293
107,708,783,1,10.697285568723771
107,885,783,1,15.378166398318458
107,1091,783,2,10.241109598832232
107,1398,783,1,19.874616662347663
107,1102,783,2,18.800951364959644
107,849,783,1,21.903135562742808
107,1013,783,1,15.308499342485224
107,783,834,1,7.689481736045675
107,1068,931,1,8.304853837171269
107,1068,783,1,26.525178301273773
108,834,783,1,7.689481736045675
108,931,783,1,18.3740064075405
108,1182,783,3,15.175538880502293
108,1182,1229,1,3.960024365898536
108,508,783,1,25.93420023872912
108,659,783,4,5.809594285895007
108,1091,783,1,10.241109598832232
108,1102,1013,1,3.616251246210677
108,566,783,1,5.876334276322891
108,849,708,1,11.8916662824573
108,535,359,1,5.855067293961566
108,1229,1102,1,3.8392690799482057
108,1229,783,2,18.841160835534616
109,882,885,1,2.852794790784161
109,1276,849,1,11.479314497557898
109,834,783,1,7.689481736045675
109,965,1276,1,12.284417645367478
109,965,783,10,10.498093903671007
109,882,783,2,12.561839638690564
109,917,834,1,3.617203703030827
109,917,783,1,5.8083597500151045
109,708,783,2,10.697285568723771
109,885,783,2,15.378166398318458
109,965,882,1,3.616965677313317
109,855,783,1,27.60378823743443
109,931,783,3,18.3740064075405
109,1182,834,1,9.674230674179531
109,508,849,1,9.342303526294996
109,359,783,2,12.499801205497114
109,1102,659,1,16.62723071775665
109,566,783,1,5.876334276322891
109,849,931,1,4.4061387562478425
109,535,708,1,4.548441137468074
109,535,783,2,11.620421645142477
109,1013,1398,1,10.186376382121452
109,1013,965,1,4.881725510082577
109,672,708,1,6.751878981086827
109,1068,783,3,26.525178301273773
109,1229,783,1,18.841160835534616
110,708,783,2,10.697285568723771
110,885,783,1,15.378166398318458
110,659,783,1,5.809594285895007
110,965,1091,1,4.388654712140797
110,882,1102,1,7.314751476768936
110,1276,1106,1,4.836798739645476
110,931,885,1,3.0617002345235647
110,931,783,3,18.3740064075405
110,1182,834,1,9.674230674179531
110,1182,1398,1,5.640321895106829
110,508,849,1,9.342303526294996
110,834,783,2,7.689481736045675
110,1398,783,1,19.874616662347663
110,1102,1106,1,3.80171314717607
110,1102,1068,1,8.626274418583195
110,1106,1398,1,11.562838367297022
110,535,783,4,11.620421645142477
110,783,834,1,7.689481736045675
110,672,783,1,17.445012141301472
110,1229,1102,1,3.8392690799482057
111,885,783,1,15.378166398318458
111,834,783,2,7.689481736045675
111,1398,1276,1,7.438993890374081
111,1398,783,1,19.874616662347663
111,1398,965,3,11.479089287938937
111,1102,1182,1,6.120304815079837
111,1102,834,1,11.614659746948035
111,783,1013,1,15.308499342485224
111,1068,1102,1,8.626274418583195
111,1068,783,1,26.525178301273773
112,965,885,2,6.123119155303686
112,1276,783,1,22.606377139254327
112,1013,931,1,4.405443882921528
112,834,965,1,3.83986736177262
112,849,834,1,14.265481524111957
112,672,931,1,6.73915242731767
112,965,834,1,3.83986736177262
112,1229,1182,1,3.960024365898536
112,1229,1102,1,3.8392690799482057
113,882,783,4,12.561839638690564
113,659,783,4,5.809594285895007
113,1013,783,2,15.308499342485224
113,882,708,2,4.837510953567602
113,931,834,2,10.694040075602611
113,885,849,2,6.749102957431653
113,1013,885,2,3.46869779664105
113,931,783,2,18.3740064075405
113,708,783,3,10.697285568723771
113,659,834,1,5.284552964469467
113,882,885,1,2.852794790784161
113,882,965,1,3.616965677313317
113,931,849,1,4.4061387562478425
113,708,834,2,4.389831624444016
113,834,783,2,7.689481736045675
113,885,882,2,2.852794790784161
113,885,1013,1,3.46869779664105
113,965,1013,1,4.881725510082577
113,1182,965,1,5.875748248781206
113,834,917,1,3.617203703030827
113,834,965,1,3.83986736177262
113,885,965,1,6.123119155303686
113,1091,783,1,10.241109598832232
113,1398,783,2,19.874616662347663
113,849,885,1,6.749102957431653
113,849,783,1,21.903135562742808
113,535,834,1,8.012842951904279
113,1229,1102,1,3.8392690799482057
114,882,834,1,4.883195120135012
114,834,885,1,7.688685710981335
114,885,783,1,15.378166398318458
114,882,965,1,3.616965677313317
114,917,834,1,3.617203703030827
114,855,783,1,27.60378823743443
114,931,783,2,18.3740064075405
114,708,834,1,4.389831624444016
114,708,783,1,10.697285568723771
114,834,783,2,7.689481736045675
114,359,783,1,12.499801205497114
114,885,708,1,6.511469320496247
114,1102,1276,1,4.836798739646007
114,1102,931,1,4.548251915941359
114,849,931,1,4.4061387562478425
114,1106,783,1,22.318447076891776
114,535,783,1,11.620421645142477
114,1013,783,1,15.308499342485224
114,783,885,1,15.378166398318458
115,931,882,2,5.812636165404913
115,1276,1229,1,3.959637309104105
115,708,965,1,6.739138237495128
115,834,708,1,4.389831624444016
115,834,783,4,7.689481736045675
115,885,882,1,2.852794790784161
115,849,885,2,6.749102957431653
115,1106,1276,1,4.836798739645476
115,783,931,1,18.3740064075405
115,783,834,1,7.689481736045675
115,965,882,1,3.616965677313317
116,882,834,4,4.883195120135012
116,1276,917,1,16.804080761168354
116,931,1102,1,4.548251915941359
116,708,885,1,6.511469320496247
116,1229,882,1,9.341474227178574
116,834,783,2,7.689481736045675
116,885,882,1,2.852794790784161
116,885,1182,1,8.662721360426067
116,1102,1229,1,3.8392690799482057
116,1106,1276,1,4.836798739645476
116,1106,1370,1,8.775541653972592
116,783,1182,9,15.175538880502293
116,783,834,1,7.689481736045675
116,783,849,1,21.903135562742808
116,965,708,1,6.739138237495128
116,965,885,1,6.123119155303686
116,965,849,1,12.803650760757485
116,1068,783,1,26.525178301273773
117,882,931,4,5.812636165404913
117,1276,834,1,15.929463663685272
117,1276,849,1,11.479314497557898
117,1229,1398,1,5.282433425576492
117,917,834,1,3.617203703030827
117,931,885,2,3.0617002345235647
117,1229,1276,1,3.959637309104105
117,882,659,2,9.424155624926374
117,882,783,1,12.561839638690564
117,931,849,2,4.4061387562478425
117,708,783,1,10.697285568723771
117,535,783,3,11.620421645142477
117,1229,1182,1,3.960024365898536
117,1229,1102,1,3.8392690799482057
117,1229,783,2,18.841160835534616
117,882,885,1,2.852794790784161
117,882,965,1,3.616965677313317
117,1276,1229,1,3.959637309104105
117,917,783,1,5.8083597500151045
117,931,783,2,18.3740064075405
117,834,659,2,5.284552964469467
117,834,1102,1,11.614659746948035
117,834,783,3,7.689481736045675
117,535,708,2,4.548441137468074
117,708,882,2,4.837510953567602
117,885,882,1,2.852794790784161
117,885,931,1,3.0617002345235647
117,885,659,1,11.84843418422244
117,659,783,1,5.809594285895007
117,849,783,1,21.903135562742808
117,1106,1276,1,4.836798739645476
117,1013,783,1,15.308499342485224
117,783,834,1,7.689481736045675
117,783,885,1,15.378166398318458
117,783,659,1,5.809594285895007
117,783,849,1,21.903135562742808
117,965,882,1,3.616965677313317
117,1068,855,1,5.87594370452583
118,659,359,1,7.84162119104212
118,708,783,1,10.697285568723771
118,931,882,1,5.812636165404913
118,931,834,1,10.694040075602611
118,965,834,1,3.83986736177262
118,882,885,1,2.852794790784161
118,882,1398,1,13.343391197346763
118,855,783,1,27.60378823743443
118,931,885,1,3.0617002345235647
118,1182,1091,1,5.24631154396119
118,708,882,1,4.837510953567602
118,834,882,1,4.883195120135012
118,834,783,2,7.689481736045675
118,885,882,1,2.852794790784161
118,659,965,1,9.121352246650094
118,1398,1229,1,5.282433425576492
118,1102,885,1,5.875878565174106
118,1102,1398,1,9.118728510486134
118,1102,783,1,18.800951364959644
118,566,783,1,5.876334276322891
118,849,882,1,9.574606006915822
118,849,783,2,21.903135562742808
118,783,708,1,10.697285568723771
118,783,659,1,5.809594285895007
118,672,708,1,6.751878981086827
118,1229,834,1,12.569063966979074
119,931,882,1,5.812636165404913
119,931,1102,1,4.548251915941359
119,708,882,1,4.837510953567602
119,708,783,1,10.697285568723771
119,834,708,1,4.389831624444016
119,834,1091,1,6.739095652327052
119,834,783,3,7.689481736045675
119,834,965,1,3.83986736177262
119,885,882,1,2.852794790784161
119,885,931,1,3.0617002345235647
119,659,882,1,9.424155624926374
119,659,834,1,5.284552964469467
119,1091,1182,1,5.24631154396119
119,566,783,1,5.876334276322891
119,849,783,2,21.903135562742808
119,1106,783,1,22.318447076891776
119,783,882,3,12.561839638690564
119,783,834,2,7.689481736045675
119,783,1091,1,10.241109598832232
119,1370,783,1,30.28578929187396
119,965,1013,1,4.881725510082577
119,1068,834,1,18.901027647971706
119,1068,783,1,26.525178301273773
119,1229,1013,1,5.640389822593795
119,1229,783,1,18.841160835534616
120,1091,965,1,4.388654712140797
120,1013,885,1,3.46869779664105
120,1013,1182,1,5.283249325636405
120,931,885,1,3.0617002345235647
120,1091,834,1,6.739095652327052
120,965,1276,1,12.284417645367478
120,855,1102,1,12.404917058701368
120,1182,783,2,15.175538880502293
120,708,783,1,10.697285568723771
120,834,849,1,14.265481524111957
120,834,783,4,7.689481736045675
120,359,783,1,12.499801205497114
120,885,882,2,2.852794790784161
120,885,1013,1,3.46869779664105
120,1102,931,1,4.548251915941359
120,849,931,1,4.4061387562478425
120,783,834,2,7.689481736045675
120,783,1091,1,10.241109598832232
120,672,783,1,17.445012141301472
120,1068,855,1,5.87594370452583
121,535,834,3,8.012842951904279
121,965,783,6,10.498093903671007
121,1091,783,4,10.241109598832232
121,1013,1091,1,7.92275625179966
121,1106,1276,2,4.836798739645476
121,1013,834,1,8.005172893624191
121,1013,535,1,13.123524045686974
121,965,1091,2,4.388654712140797
121,931,783,2,18.3740064075405
121,708,834,3,4.389831624444016
121,834,659,2,5.284552964469467
121,535,708,2,4.548441137468074
121,1013,882,2,3.839767699909249
121,882,708,1,4.837510953567602
121,882,885,1,2.852794790784161
121,1276,1091,1,13.129287540581574
121,1276,1229,1,3.959637309104105
121,931,834,1,10.694040075602611
121,1182,783,1,15.175538880502293
121,708,783,1,10.697285568723771
121,834,783,1,7.689481736045675
121,834,965,1,3.83986736177262
121,359,783,1,12.499801205497114
121,885,882,1,2.852794790784161
121,885,1276,1,10.705394585658723
121,885,1013,1,3.46869779664105
121,659,834,1,5.284552964469467
121,1102,1013,1,3.616251246210677
121,1106,1102,1,3.80171314717607
121,783,882,1,12.561839638690564
121,783,708,1,10.697285568723771
121,783,834,3,7.689481736045675
121,783,1091,1,10.241109598832232
121,783,1102,1,18.800951364959644
121,783,672,1,17.445012141301472
121,1370,1276,1,7.918112864657469
121,965,882,1,3.616965677313317
122,708,659,1,5.815596432206299
122,708,1091,1,10.705966675099036
122,834,783,6,7.689481736045675
122,1091,1276,1,13.129287540581574
122,1102,783,2,18.800951364959644
122,882,931,2,5.812636165404913
122,882,834,1,4.883195120135012
122,882,885,2,2.852794790784161
122,1276,1102,1,4.836798739646007
122,1276,783,1,22.606377139254327
122,917,1091,1,4.837115435970083
122,855,1068,1,5.87594370452583
122,1182,834,1,9.674230674179531
122,1182,672,1,14.511820279616508
122,708,783,1,10.697285568723771
122,885,882,1,2.852794790784161
122,1091,783,1,10.241109598832232
122,1398,783,1,19.874616662347663
122,535,783,1,11.620421645142477
122,1013,885,1,3.46869779664105
122,783,1182,1,15.175538880502293
122,783,834,2,7.689481736045675
122,783,885,1,15.378166398318458
122,783,659,1,5.809594285895007
122,672,882,1,7.316385892068044
122,965,1091,1,4.388654712140797
122,1229,1102,1,3.8392690799482057
123,885,931,1,3.0617002345235647
123,931,885,1,3.0617002345235647
123,1276,1102,1,4.836798739646007
123,1276,1229,1,3.959637309104105
123,931,834,1,10.694040075602611
123,1182,1013,2,5.283249325636405
123,1182,783,3,15.175538880502293
123,708,834,1,4.389831624444016
123,834,917,1,3.617203703030827
123,834,931,1,10.694040075602611
123,834,885,1,7.688685710981335
123,834,783,1,7.689481736045675
123,834,965,2,3.83986736177262
123,885,708,1,6.511469320496247
123,659,783,1,5.809594285895007
123,1091,1276,1,13.129287540581574
123,1091,783,2,10.241109598832232
123,1102,931,1,4.548251915941359
123,849,931,1,4.4061387562478425
123,849,783,1,21.903135562742808
123,1013,1102,1,3.616251246210677
123,783,882,1,12.561839638690564
123,783,1276,1,22.606377139254327
123,783,708,1,10.697285568723771
123,783,508,1,25.93420023872912
123,783,834,1,7.689481736045675
124,931,885,1,3.0617002345235647
124,931,783,3,18.3740064075405
124,1013,1276,1,8.190822817543284
124,965,359,1,16.025733255011108
124,1229,1102,1,3.8392690799482057
124,882,834,1,4.883195120135012
124,882,885,1,2.852794790784161
124,882,1091,1,7.965381677815221
124,882,965,1,3.616965677313317
124,917,783,1,5.8083597500151045
124,1182,834,1,9.674230674179531
124,708,882,1,4.837510953567602
124,708,783,1,10.697285568723771
124,834,882,1,4.883195120135012
124,834,708,1,4.389831624444016
124,834,783,2,7.689481736045675
124,885,535,1,10.569431103772471
124,659,783,1,5.809594285895007
124,1091,1182,1,5.24631154396119
124,1091,1398,1,9.6478124773512
124,1091,1229,1,9.180034524729397
124,1398,1435,1,5.805514364498899
124,1102,1182,1,6.120304815079837
124,1013,783,1,15.308499342485224
124,783,834,2,7.689481736045675
124,783,1435,1,17.957022310236383
124,783,659,1,5.809594285895007
124,783,849,1,21.903135562742808
124,783,1013,1,15.308499342485224
124,783,1229,1,18.841160835534616
124,965,1091,1,4.388654712140797
125,1106,1276,2,4.836798739645476
125,535,885,1,10.569431103772471
125,931,1102,1,4.548251915941359
125,931,1106,2,5.283575443416337
125,535,834,1,8.012842951904279
125,965,882,3,3.616965677313317
125,965,834,2,3.83986736177262
125,1229,783,4,18.841160835534616
125,965,783,4,10.498093903671007
125,1182,965,1,5.875748248781206
125,1013,1091,1,7.92275625179966
125,882,708,1,4.837510953567602
125,882,885,1,2.852794790784161
125,882,659,1,9.424155624926374
125,1276,1068,2,8.66943360865319
125,1182,882,1,7.841474878454721
125,1182,535,1,16.787330799836653
125,708,535,1,4.548441137468074
125,834,1013,1,8.005172893624191
125,834,783,1,7.689481736045675
125,834,965,1,3.83986736177262
125,885,783,2,15.378166398318458
125,659,783,1,5.809594285895007
125,1091,834,1,6.739095652327052
125,1091,783,1,10.241109598832232
125,1102,885,1,5.875878565174106
125,849,1068,1,6.736061142863373
125,535,659,1,5.810827883107414
125,783,1276,1,22.606377139254327
125,783,917,1,5.8083597500151045
125,783,834,1,7.689481736045675
125,783,885,1,15.378166398318458
125,783,659,1,5.809594285895007
126,882,834,1,4.883195120135012
126,882,783,2,12.561839638690564
126,1276,1229,1,3.959637309104105
126,1106,1102,2,3.80171314717607
126,882,965,1,3.616965677313317
126,1276,783,1,22.606377139254327
126,917,834,1,3.617203703030827
126,708,783,1,10.697285568723771
126,834,885,1,7.688685710981335
126,834,783,2,7.689481736045675
126,834,965,1,3.83986736177262
126,885,1102,1,5.875878565174106
126,885,849,1,6.749102957431653
126,885,1013,1,3.46869779664105
126,885,783,2,15.378166398318458
126,659,783,1,5.809594285895007
126,1091,783,1,10.241109598832232
126,1398,1229,1,5.282433425576492
126,566,783,1,5.876334276322891
126,535,708,1,4.548441137468074
126,783,931,2,18.3740064075405
126,965,834,1,3.83986736177262
126,965,1091,1,4.388654712140797
126,1229,885,1,8.89559413156451
127,931,882,1,5.812636165404913
127,965,1102,1,8.304116264398273
127,965,885,1,6.123119155303686
127,1276,1229,1,3.959637309104105
127,931,1068,1,8.304853837171269
127,708,882,1,4.837510953567602
127,834,882,2,4.883195120135012
127,834,659,2,5.284552964469467
127,834,965,2,3.83986736177262
127,885,931,1,3.0617002345235647
127,885,1102,1,5.875878565174106
127,659,834,1,5.284552964469467
127,659,783,1,5.809594285895007
127,1091,783,1,10.241109598832232
127,1102,783,1,18.800951364959644
127,849,1102,1,8.191991396325179
127,1013,965,3,4.881725510082577
127,783,834,3,7.689481736045675
127,783,1013,1,15.308499342485224
127,1370,834,1,23.22436838511163
127,1229,1091,1,9.180034524729397
128,882,1182,1,7.841474878454721
128,882,1435,1,15.539169801979478
128,882,885,1,2.852794790784161
128,882,659,1,9.424155624926374
128,931,1276,1,8.946223146223524
128,965,708,1,6.739138237495128
128,834,783,2,7.689481736045675
128,885,783,1,15.378166398318458
128,855,849,1,5.706192977162224
128,1102,1229,1,3.8392690799482057
128,566,783,1,5.876334276322891
128,1013,885,1,3.46869779664105
128,783,882,1,12.561839638690564
128,783,1276,1,22.606377139254327
128,783,1091,1,10.241109598832232
128,783,535,1,11.620421645142477
128,783,1013,1,15.308499342485224
128,783,1229,1,18.841160835534616
128,965,834,3,3.83986736177262
128,965,783,1,10.498093903671007
129,882,931,1,5.812636165404913
129,1182,1229,1,3.960024365898536
129,708,535,2,4.548441137468074
129,1182,783,2,15.175538880502293
129,882,708,2,4.837510953567602
129,708,885,1,6.511469320496247
129,1106,1276,2,4.836798739645476
129,965,931,1,8.628970001760946
129,882,834,1,4.883195120135012
129,882,1102,1,7.314751476768936
129,882,783,1,12.561839638690564
129,1276,1229,1,3.959637309104105
129,917,783,2,5.8083597500151045
129,1182,1091,1,5.24631154396119
129,708,834,2,4.389831624444016
129,885,965,1,6.123119155303686
129,849,931,2,4.4061387562478425
129,849,1068,2,6.736061142863373
129,1106,931,1,5.283575443416337
129,965,1091,1,4.388654712140797
129,931,1229,1,8.28950012214804
129,1182,1013,1,5.283249325636405
129,834,849,1,14.265481524111957
129,834,1013,1,8.005172893624191
129,834,783,2,7.689481736045675
129,359,783,1,12.499801205497114
129,885,882,1,2.852794790784161
129,885,1102,1,5.875878565174106
129,885,783,1,15.378166398318458
129,659,834,1,5.284552964469467
129,1091,965,1,4.388654712140797
129,1102,1229,1,3.8392690799482057
129,1013,1106,1,7.015517581545067
129,783,535,1,11.620421645142477
129,1229,1102,1,3.8392690799482057
130,931,885,2,3.0617002345235647
130,708,783,1,10.697285568723771
130,885,834,1,7.688685710981335
130,834,882,1,4.883195120135012
130,834,659,2,5.284552964469467
130,1102,783,1,18.800951364959644
130,965,834,2,3.83986736177262
130,882,885,2,2.852794790784161
130,1276,1106,1,4.836798739645476
130,1276,783,1,22.606377139254327
130,931,882,2,5.812636165404913
130,931,659,1,14.893741670685255
130,708,834,1,4.389831624444016
130,834,885,1,7.688685710981335
130,659,783,1,5.809594285895007
130,1091,783,1,10.241109598832232
130,1296,885,1,21.207055286952272
130,1013,882,1,3.839767699909249
130,1013,834,1,8.005172893624191
130,783,1182,2,15.175538880502293
130,783,834,1,7.689481736045675
130,783,359,1,12.499801205497114
130,783,885,1,15.378166398318458
130,783,566,1,5.876334276322891
131,834,783,3,7.689481736045675
131,885,882,1,2.852794790784161
131,885,1102,2,5.875878565174106
131,659,783,1,5.809594285895007
131,882,931,1,5.812636165404913
131,882,834,1,4.883195120135012
131,882,783,1,12.561839638690564
131,882,965,1,3.616965677313317
131,1276,1106,1,4.836798739645476
131,1182,783,2,15.175538880502293
131,834,882,1,4.883195120135012
131,834,885,1,7.688685710981335
131,885,708,1,6.511469320496247
131,885,849,1,6.749102957431653
131,885,783,1,15.378166398318458
131,1091,1182,1,5.24631154396119
131,1102,882,1,7.314751476768936
131,1102,931,1,4.548251915941359
131,849,508,1,9.342303526294996
131,1106,1013,1,7.015517581545067
131,783,882,2,12.561839638690564
131,783,359,1,12.499801205497114
131,783,535,2,11.620421645142477
131,672,1106,1,11.752082528572066
131,1229,834,1,12.569063966979074
131,1229,1398,1,5.282433425576492
131,1229,1102,1,3.8392690799482057
131,1229,783,1,18.841160835534616
132,931,849,1,4.4061387562478425
132,708,834,1,4.389831624444016
132,882,931,1,5.812636165404913
132,882,834,1,4.883195120135012
132,931,885,1,3.0617002345235647
132,1182,965,1,5.875748248781206
132,834,882,2,4.883195120135012
132,834,672,1,10.50082625207165
132,885,882,1,2.852794790784161
132,885,965,1,6.123119155303686
132,659,535,1,5.810827883107414
132,1091,1435,1,8.895594131564904
132,1102,1276,1,4.836798739646007
132,849,672,1,6.511836392511076
132,1106,1102,1,3.80171314717607
132,1106,1229,1,6.605818539698737
132,1013,783,1,15.308499342485224
132,783,882,1,12.561839638690564
132,783,1276,1,22.606377139254327
132,783,508,1,25.93420023872912
132,783,659,1,5.809594285895007
132,783,1091,1,10.241109598832232
132,783,1229,1,18.841160835534616
132,965,535,1,11.11949266445603
133,708,783,2,10.697285568723771
133,1013,1091,1,7.92275625179966
133,965,834,2,3.83986736177262
133,965,783,6,10.498093903671007
133,917,834,1,3.617203703030827
133,917,783,1,5.8083597500151045
133,1182,1229,2,3.960024365898536
133,965,882,2,3.616965677313317
133,931,508,1,12.961089805583503
133,1182,834,2,9.674230674179531
133,708,834,1,4.389831624444016
133,849,882,1,9.574606006915822
133,931,882,1,5.812636165404913
133,931,783,1,18.3740064075405
133,1182,1013,2,5.283249325636405
133,834,783,3,7.689481736045675
133,834,965,2,3.83986736177262
133,885,659,1,11.84843418422244
133,1013,1182,2,5.283249325636405
133,1013,965,1,4.881725510082577
133,882,931,2,5.812636165404913
133,1276,1106,1,4.836798739645476
133,1276,1013,1,8.190822817543284
133,885,882,1,2.852794790784161
133,1102,834,1,11.614659746948035
133,783,834,1,7.689481736045675
133,783,535,1,11.620421645142477
133,783,965,1,10.498093903671007
134,1182,1091,1,5.24631154396119
134,834,965,1,3.83986736177262
134,834,885,1,7.688685710981335
134,1013,885,1,3.46869779664105
134,882,885,2,2.852794790784161
134,882,965,1,3.616965677313317
134,882,1068,1,14.033707701296978
134,931,855,1,9.765900232263595
134,931,849,1,4.4061387562478425
134,931,672,1,6.73915242731767
134,834,659,1,5.284552964469467
134,834,783,1,7.689481736045675
134,659,535,1,5.810827883107414
134,1102,783,1,18.800951364959644
134,566,882,1,16.254125732085967
134,849,508,1,9.342303526294996
134,1296,1182,1,14.636346421121209
134,1106,1276,1,4.836798739645476
134,783,882,1,12.561839638690564
134,783,359,1,12.499801205497114
134,783,965,1,10.498093903671007
135,885,931,2,3.0617002345235647
135,885,882,1,2.852794790784161
135,885,1398,1,13.644566108710274
135,882,708,1,4.837510953567602
135,834,783,1,7.689481736045675
135,659,535,1,5.810827883107414
135,849,1068,1,6.736061142863373
135,1106,965,1,11.884713829537391
135,1013,882,1,3.839767699909249
135,1013,931,1,4.405443882921528
135,783,834,2,7.689481736045675
135,783,1398,1,19.874616662347663
135,783,566,1,5.876334276322891
135,783,535,1,11.620421645142477
135,1068,855,1,5.87594370452583
135,1229,1106,1,6.605818539698737
136,931,885,2,3.0617002345235647
136,931,783,1,18.3740064075405
136,882,1276,1,12.01740314095659
136,882,834,1,4.883195120135012
136,882,885,1,2.852794790784161
136,882,1102,1,7.314751476768936
136,882,535,1,9.342211452816104
136,882,965,1,3.616965677313317
136,1276,1106,1,4.836798739645476
136,855,849,1,5.706192977162224
136,855,672,1,11.369656353246375
136,1182,882,1,7.841474878454721
136,708,672,1,6.751878981086827
136,834,535,1,8.012842951904279
136,834,965,2,3.83986736177262
136,659,535,1,5.810827883107414
136,659,783,1,5.809594285895007
136,566,783,1,5.876334276322891
136,1106,1102,1,3.80171314717607
136,783,708,1,10.697285568723771
136,783,659,2,5.809594285895007
136,783,849,1,21.903135562742808
136,672,965,1,10.884705359638655
136,965,882,1,3.616965677313317
136,965,1106,1,11.884713829537391
137,708,882,3,4.837510953567602
137,885,783,1,15.378166398318458
137,1102,882,2,7.314751476768936
137,931,659,1,14.893741670685255
137,849,931,1,4.4061387562478425
137,849,783,2,21.903135562742808
137,849,965,1,12.803650760757485
137,931,849,1,4.4061387562478425
137,885,882,2,2.852794790784161
137,1102,1106,1,3.80171314717607
137,849,508,1,9.342303526294996
137,849,1102,1,8.191991396325179
137,882,931,1,5.812636165404913
137,882,1013,1,3.839767699909249
137,882,965,1,3.616965677313317
137,1276,783,1,22.606377139254327
137,1276,1068,1,8.66943360865319
137,855,931,1,9.765900232263595
137,1182,1398,1,5.640321895106829
137,834,783,1,7.689481736045675
137,834,965,1,3.83986736177262
137,1435,1398,1,5.805514364498899
137,885,931,1,3.0617002345235647
137,659,834,1,5.284552964469467
137,659,672,1,12.368643675107524
137,1102,1013,1,3.616251246210677
137,849,855,1,5.706192977162224
137,783,708,1,10.697285568723771
137,783,885,1,15.378166398318458
137,783,659,1,5.809594285895007
137,783,1102,1,18.800951364959644
137,783,849,1,21.903135562742808
137,783,965,1,10.498093903671007
137,1370,855,1,13.377197086368376
137,1370,849,1,14.16435382667801
137,965,783,1,10.498093903671007
137,1229,1102,1,3.8392690799482057
138,931,1102,1,4.548251915941359
138,1013,885,1,3.46869779664105
138,1013,965,1,4.881725510082577
138,931,885,1,3.0617002345235647
138,931,1068,1,8.304853837171269
138,708,965,1,6.739138237495128
138,834,672,1,10.50082625207165
138,885,672,1,5.876204136119103
138,659,1091,1,11.28096621772052
138,849,931,1,4.4061387562478425
138,1106,1102,1,3.80171314717607
138,783,1182,1,15.175538880502293
138,783,508,1,25.93420023872912
138,783,1398,1,19.874616662347663
138,783,535,1,11.620421645142477
138,1068,931,1,8.304853837171269
139,1182,1106,1,9.760018472127422
139,882,1182,1,7.841474878454721
139,882,708,1,4.837510953567602
139,882,834,1,4.883195120135012
139,882,885,1,2.852794790784161
139,882,965,1,3.616965677313317
139,931,882,1,5.812636165404913
139,931,849,1,4.4061387562478425
139,885,855,1,12.412669367198909
139,1091,882,1,7.965381677815221
139,849,1229,1,12.017793437809017
139,1106,1276,1,4.836798739645476
139,783,508,1,25.93420023872912
139,783,535,1,11.620421645142477
139,1370,849,1,14.16435382667801
140,1229,1102,1,3.8392690799482057
140,1276,1102,1,4.836798739646007
140,882,1182,1,7.841474878454721
140,882,885,1,2.852794790784161
140,882,659,1,9.424155624926374
140,882,965,1,3.616965677313317
140,931,708,1,9.423506251261468
140,834,1398,1,15.216349824005198
140,885,882,1,2.852794790784161
140,885,1013,1,3.46869779664105
140,1102,882,1,7.314751476768936
140,566,783,1,5.876334276322891
140,1106,1102,1,3.80171314717607
140,783,359,1,12.499801205497114
140,783,1229,1,18.841160835534616
140,672,849,1,6.511836392511076
140,965,882,1,3.616965677313317
140,965,834,1,3.83986736177262
140,965,1091,1,4.388654712140797
141,834,882,7,4.883195120135012
141,834,535,1,8.012842951904279
141,834,1013,1,8.005172893624191
141,917,885,1,10.518632362833186
141,834,885,1,7.688685710981335
141,834,783,1,7.689481736045675
141,1013,931,1,4.405443882921528
141,1013,1182,1,5.283249325636405
141,1013,1091,1,7.92275625179966
141,1013,1229,2,5.640389822593795
141,1013,1435,1,13.46916483615337
141,1013,566,1,19.623653425070355
141,882,931,3,5.812636165404913
141,834,849,1,14.265481524111957
141,1013,885,1,3.46869779664105
141,1013,1102,1,3.616251246210677
141,882,1013,1,3.839767699909249
141,855,1013,8,14.035043934320278
141,834,855,1,19.971672663678955
141,834,659,1,5.284552964469467
141,885,1013,1,3.46869779664105
141,1091,849,1,16.610443180087024
141,1091,965,1,4.388654712140797
141,849,508,1,9.342303526294996
141,849,834,1,14.265481524111957
141,1106,1229,1,6.605818539698737
141,1013,672,1,9.341935125969725
141,783,1276,1,22.606377139254327
141,783,965,1,10.498093903671007
141,672,965,1,10.884705359638655
141,965,834,1,3.83986736177262
141,965,535,1,11.11949266445603
141,1068,965,1,16.31300252904951
141,1229,672,1,14.57987655243148
142,1013,1106,1,7.015517581545067
142,882,359,1,14.913468445035848
142,882,885,1,2.852794790784161
142,882,566,1,16.254125732085967
142,1276,885,1,10.705394585658723
142,849,931,1,4.4061387562478425
142,965,1182,1,5.875748248781206
142,882,931,1,5.812636165404913
142,882,1102,1,7.314751476768936
142,882,672,2,7.316385892068044
142,834,708,1,4.389831624444016
142,834,849,1,14.265481524111957
142,885,882,1,2.852794790784161
142,885,931,1,3.0617002345235647
142,885,708,1,6.511469320496247
142,885,1102,1,5.875878565174106
142,659,882,1,9.424155624926374
142,849,508,1,9.342303526294996
142,535,708,1,4.548441137468074
142,1013,885,1,3.46869779664105
142,783,708,1,10.697285568723771
142,783,885,1,15.378166398318458
142,783,1102,1,18.800951364959644
142,783,535,1,11.620421645142477
142,783,672,1,17.445012141301472
142,783,965,1,10.498093903671007
142,965,1276,1,12.284417645367478
142,1229,1276,1,3.959637309104105
143,1276,1068,1,8.66943360865319
143,1276,1229,1,3.959637309104105
143,882,708,1,4.837510953567602
143,849,885,1,6.749102957431653
143,1106,1068,1,4.880745078525951
143,882,834,1,4.883195120135012
143,931,885,2,3.0617002345235647
143,885,849,1,6.749102957431653
143,659,965,1,9.121352246650094
143,1102,885,1,5.875878565174106
143,1102,1013,1,3.616251246210677
143,783,708,1,10.697285568723771
143,783,659,2,5.809594285895007
143,965,708,1,6.739138237495128
143,965,535,1,11.11949266445603
143,1229,849,1,12.017793437809017
144,834,1102,1,11.614659746948035
144,885,834,1,7.688685710981335
144,1091,659,1,11.28096621772052
144,1102,931,2,4.548251915941359
144,1013,885,1,3.46869779664105
144,783,659,1,5.809594285895007
144,783,535,1,11.620421645142477
144,783,1013,1,15.308499342485224
144,783,1229,1,18.841160835534616
144,965,882,1,3.616965677313317
145,834,1102,1,11.614659746948035
145,1276,1102,1,4.836798739646007
145,882,1102,2,7.314751476768936
145,882,849,1,9.574606006915822
145,882,1106,1,10.203820878312005
145,882,965,2,3.616965677313317
145,1276,1106,1,4.836798739645476
145,1276,1013,1,8.190822817543284
145,1276,965,1,12.284417645367478
145,834,931,2,10.694040075602611
145,834,965,2,3.83986736177262
145,882,917,1,7.68788945836583
145,882,1182,1,7.841474878454721
145,931,1091,1,12.243987029703826
145,834,1091,1,6.739095652327052
145,885,672,1,5.876204136119103
145,659,834,1,5.284552964469467
145,659,1102,1,16.62723071775665
145,1013,931,1,4.405443882921528
145,1013,1229,1,5.640389822593795
145,783,1091,1,10.241109598832232
145,965,1013,1,4.881725510082577
145,1229,849,1,12.017793437809017
146,834,359,1,12.378619633278529
146,1182,672,1,14.511820279616508
146,885,672,1,5.876204136119103
146,1398,882,8,13.343391197346763
146,849,855,1,5.706192977162224
147,882,885,3,2.852794790784161
147,882,708,1,4.837510953567602
147,882,659,2,9.424155624926374
147,882,931,2,5.812636165404913
147,708,882,1,4.837510953567602
147,659,834,1,5.284552964469467
147,1102,1106,1,3.80171314717607
147,1102,1229,1,3.8392690799482057
147,1013,882,1,3.839767699909249
147,783,1276,1,22.606377139254327
147,1229,1102,1,3.8392690799482057
148,885,834,1,7.688685710981335
148,834,1102,1,11.614659746948035
148,882,931,1,5.812636165404913
148,882,566,1,16.254125732085967
148,1276,1229,1,3.959637309104105
148,885,882,2,2.852794790784161
148,659,882,1,9.424155624926374
148,1013,1182,1,5.283249325636405
148,965,855,1,18.37212697718332
149,882,1013,1,3.839767699909249
149,882,965,3,3.616965677313317
149,834,931,2,10.694040075602611
149,1398,882,2,13.343391197346763
149,882,1102,2,7.314751476768936
149,834,849,1,14.265481524111957
149,834,783,1,7.689481736045675
149,885,1182,1,8.662721360426067
149,882,885,1,2.852794790784161
149,885,1276,1,10.705394585658723
149,965,1091,1,4.388654712140797
150,882,659,1,9.424155624926374
150,882,965,1,3.616965677313317
150,834,917,1,3.617203703030827
150,885,672,1,5.876204136119103
151,882,834,1,4.883195120135012
151,882,965,1,3.616965677313317
151,1013,708,1,8.663428210145081
152,834,1106,1,14.888705663916236
152,882,1102,1,7.314751476768936
153,834,885,1,7.688685710981335
153,885,783,1,15.378166398318458
153,849,783,1,21.903135562742808
153,1106,783,1,22.318447076891776
153,535,783,1,11.620421645142477
154,885,882,1,2.852794790784161
154,855,783,1,27.60378823743443
154,708,783,1,10.697285568723771
154,659,783,1,5.809594285895007
154,1106,1276,1,4.836798739645476
154,1106,783,1,22.318447076891776
154,535,783,2,11.620421645142477
154,1013,1398,1,10.186376382121452
154,1013,783,1,15.308499342485224
154,783,882,1,12.561839638690564
154,672,783,1,17.445012141301472
154,965,783,1,10.498093903671007
154,1068,783,1,26.525178301273773
155,1276,783,1,22.606377139254327
155,917,783,1,5.8083597500151045
155,931,783,1,18.3740064075405
155,708,783,1,10.697285568723771
155,1435,783,1,17.957022310236383
155,659,783,2,5.809594285895007
155,566,783,1,5.876334276322891
155,849,783,1,21.903135562742808
155,1106,1102,1,3.80171314717607
155,535,783,1,11.620421645142477
155,672,783,1,17.445012141301472
155,965,783,4,10.498093903671007
155,1068,783,1,26.525178301273773
156,882,965,2,3.616965677313317
156,1276,783,1,22.606377139254327
156,855,783,1,27.60378823743443
156,931,783,1,18.3740064075405
156,1182,783,1,15.175538880502293
156,1435,783,1,17.957022310236383
156,1091,1182,1,5.24631154396119
156,1091,783,2,10.241109598832232
156,1398,1182,1,5.640321895106829
156,1102,834,1,11.614659746948035
156,1102,783,1,18.800951364959644
156,535,783,1,11.620421645142477
156,783,708,1,10.697285568723771
156,672,783,1,17.445012141301472
156,1229,1106,1,6.605818539698737
156,1229,783,1,18.841160835534616
157,834,535,1,8.012842951904279
157,834,783,7,7.689481736045675
157,917,783,3,5.8083597500151045
157,708,783,2,10.697285568723771
157,1013,783,3,15.308499342485224
157,882,783,3,12.561839638690564
157,708,882,1,4.837510953567602
157,834,708,1,4.389831624444016
157,885,882,1,2.852794790784161
157,885,1013,2,3.46869779664105
157,659,783,4,5.809594285895007
157,1106,1013,1,7.015517581545067
157,1013,1398,1,10.186376382121452
157,965,882,2,3.616965677313317
157,965,783,4,10.498093903671007
157,882,834,1,4.883195120135012
157,882,965,1,3.616965677313317
157,931,783,1,18.3740064075405
157,359,783,1,12.499801205497114
157,659,708,1,5.815596432206299
157,566,783,1,5.876334276322891
157,849,834,1,14.265481524111957
157,849,783,1,21.903135562742808
157,1106,1102,1,3.80171314717607
157,535,885,1,10.569431103772471
157,783,708,2,10.697285568723771
157,672,783,1,17.445012141301472
157,965,1013,1,4.881725510082577
157,1068,783,1,26.525178301273773
158,834,783,1,7.689481736045675
158,882,783,3,12.561839638690564
158,1013,965,1,4.881725510082577
158,1398,783,1,19.874616662347663
158,1013,1091,1,7.92275625179966
158,882,885,1,2.852794790784161
158,1182,1398,1,5.640321895106829
158,1182,783,1,15.175538880502293
158,708,783,2,10.697285568723771
158,834,885,1,7.688685710981335
158,1102,783,1,18.800951364959644
158,566,783,2,5.876334276322891
158,1013,783,1,15.308499342485224
158,965,1229,1,8.77672016628073
158,1068,783,1,26.525178301273773
159,965,783,1,10.498093903671007
159,1398,885,1,13.644566108710274
159,708,882,1,4.837510953567602
159,708,783,2,10.697285568723771
159,885,783,1,15.378166398318458
159,1091,783,2,10.241109598832232
159,1102,1229,1,3.8392690799482057
159,535,708,2,4.548441137468074
159,535,783,1,11.620421645142477
159,672,931,1,6.73915242731767
159,1229,1276,1,3.959637309104105
160,1229,1182,1,3.960024365898536
160,882,834,1,4.883195120135012
160,1276,1106,1,4.836798739645476
160,931,882,1,5.812636165404913
160,708,783,1,10.697285568723771
160,885,882,1,2.852794790784161
160,885,965,1,6.123119155303686
160,535,708,1,4.548441137468074
160,1013,1182,1,5.283249325636405
161,834,783,7,7.689481736045675
161,882,783,4,12.561839638690564
161,659,783,6,5.809594285895007
161,965,783,9,10.498093903671007
161,931,783,3,18.3740064075405
161,1276,931,1,8.946223146223524
161,917,783,2,5.8083597500151045
161,931,885,2,3.0617002345235647
161,849,783,1,21.903135562742808
161,882,965,1,3.616965677313317
161,1276,783,2,22.606377139254327
161,1091,965,1,4.388654712140797
161,1106,1276,1,4.836798739645476
161,965,834,1,3.83986736177262
161,1229,931,1,8.28950012214804
161,882,1229,1,9.341474227178574
161,1182,1229,1,3.960024365898536
161,885,1182,1,8.662721360426067
161,1102,1229,1,3.8392690799482057
161,566,783,1,5.876334276322891
161,849,931,1,4.4061387562478425
161,783,882,1,12.561839638690564
161,672,931,1,6.73915242731767
161,1068,783,1,26.525178301273773
162,931,885,2,3.0617002345235647
162,1276,1229,1,3.959637309104105
162,885,783,1,15.378166398318458
162,882,1182,1,7.841474878454721
162,931,783,1,18.3740064075405
162,1182,783,1,15.175538880502293
162,508,783,1,25.93420023872912
162,834,965,1,3.83986736177262
162,566,783,1,5.876334276322891
162,1106,885,1,7.965381677815221
162,535,783,1,11.620421645142477
162,783,566,1,5.876334276322891
162,1068,917,1,21.179313025647232
163,917,783,1,5.8083597500151045
163,931,849,1,4.4061387562478425
163,1182,783,1,15.175538880502293
163,708,834,1,4.389831624444016
163,708,783,1,10.697285568723771
163,885,1013,1,3.46869779664105
163,885,965,1,6.123119155303686
163,566,783,2,5.876334276322891
163,783,708,1,10.697285568723771
163,783,659,1,5.809594285895007
163,783,965,1,10.498093903671007
163,965,783,1,10.498093903671007
163,1229,1398,1,5.282433425576492
164,659,783,1,5.809594285895007
164,1013,882,1,3.839767699909249
164,1398,885,1,13.644566108710274
164,1182,1229,1,3.960024365898536
164,708,783,1,10.697285568723771
164,834,708,1,4.389831624444016
164,885,931,1,3.0617002345235647
164,885,849,1,6.749102957431653
164,849,1068,1,6.736061142863373
164,783,882,1,12.561839638690564
164,783,659,1,5.809594285895007
164,783,1229,1,18.841160835534616
164,965,834,1,3.83986736177262
164,965,783,1,10.498093903671007
164,1229,1102,1,3.8392690799482057
165,659,783,5,5.809594285895007
165,917,783,4,5.8083597500151045
165,849,708,1,11.8916662824573
165,1091,535,1,14.734241785551282
165,1091,783,2,10.241109598832232
165,1102,1068,1,8.626274418583195
165,882,885,3,2.852794790784161
165,882,783,2,12.561839638690564
165,834,783,3,7.689481736045675
165,1102,1276,1,4.836798739646007
165,672,834,1,10.50082625207165
165,882,1398,1,13.343391197346763
165,931,885,2,3.0617002345235647
165,834,882,1,4.883195120135012
165,849,855,1,5.706192977162224
165,535,783,1,11.620421645142477
165,672,965,1,10.884705359638655
165,882,965,10,3.616965677313317
165,885,1106,1,7.965381677815221
165,1276,1106,2,4.836798739645476
165,708,783,1,10.697285568723771
165,359,783,1,12.499801205497114
165,885,882,1,2.852794790784161
165,1102,1013,1,3.616251246210677
165,849,882,1,9.574606006915822
165,1106,1102,1,3.80171314717607
165,965,834,1,3.83986736177262
165,1229,1013,1,5.640389822593795
166,1106,1276,1,4.836798739645476
166,882,708,1,4.837510953567602
166,1106,885,1,7.965381677815221
166,1013,783,1,15.308499342485224
166,882,783,1,12.561839638690564
166,1276,1106,1,4.836798739645476
166,931,882,1,5.812636165404913
166,708,882,1,4.837510953567602
166,834,965,1,3.83986736177262
166,359,783,1,12.499801205497114
166,1435,783,1,17.957022310236383
166,885,882,1,2.852794790784161
166,885,931,2,3.0617002345235647
166,885,708,1,6.511469320496247
166,659,834,1,5.284552964469467
166,1398,1435,1,5.805514364498899
166,1102,1276,1,4.836798739646007
166,1106,1229,1,6.605818539698737
166,535,917,1,11.080361971095948
166,1013,931,1,4.405443882921528
166,783,834,1,7.689481736045675
166,783,1068,1,26.525178301273773
166,965,882,1,3.616965677313317
166,965,708,1,6.739138237495128
166,965,783,1,10.498093903671007
166,1229,1102,1,3.8392690799482057
167,1276,1182,1,7.919661523440269
167,917,783,1,5.8083597500151045
167,931,849,1,4.4061387562478425
167,882,708,1,4.837510953567602
167,882,783,1,12.561839638690564
167,1276,1068,1,8.66943360865319
167,931,882,1,5.812636165404913
167,931,1102,1,4.548251915941359
167,708,882,1,4.837510953567602
167,708,834,2,4.389831624444016
167,834,882,2,4.883195120135012
167,834,783,1,7.689481736045675
167,885,882,1,2.852794790784161
167,1102,1106,1,3.80171314717607
167,783,917,1,5.8083597500151045
167,783,359,1,12.499801205497114
167,783,1091,1,10.241109598832232
167,965,659,1,9.121352246650094
167,965,783,1,10.498093903671007
167,965,1229,1,8.77672016628073
167,1229,1398,1,5.282433425576492
168,659,783,1,5.809594285895007
168,849,931,1,4.4061387562478425
168,1091,1182,1,5.24631154396119
168,882,708,1,4.837510953567602
168,882,1013,1,3.839767699909249
168,882,783,1,12.561839638690564
168,917,783,1,5.8083597500151045
168,708,783,1,10.697285568723771
168,834,882,2,4.883195120135012
168,834,783,1,7.689481736045675
168,885,931,1,3.0617002345235647
168,1102,885,1,5.875878565174106
168,1106,1102,1,3.80171314717607
168,1106,1013,1,7.015517581545067
168,783,1276,1,22.606377139254327
168,965,834,2,3.83986736177262
168,1229,1102,1,3.8392690799482057
169,1276,1102,1,4.836798739646007
169,535,783,4,11.620421645142477
169,1013,783,3,15.308499342485224
169,659,783,2,5.809594285895007
169,1091,783,1,10.241109598832232
169,1102,1276,1,4.836798739646007
169,849,882,2,9.574606006915822
169,672,931,1,6.73915242731767
169,672,783,1,17.445012141301472
169,917,834,1,3.617203703030827
169,834,783,2,7.689481736045675
169,885,882,1,2.852794790784161
169,1102,1013,1,3.616251246210677
169,1102,783,1,18.800951364959644
169,849,783,2,21.903135562742808
169,535,882,1,9.342211452816104
169,1013,1102,1,3.616251246210677
169,882,834,1,4.883195120135012
169,882,885,1,2.852794790784161
169,882,783,1,12.561839638690564
169,1276,965,1,12.284417645367478
169,855,783,1,27.60378823743443
169,931,885,1,3.0617002345235647
169,708,672,1,6.751878981086827
169,834,708,1,4.389831624444016
169,834,885,1,7.688685710981335
169,885,783,1,15.378166398318458
169,1102,882,1,7.314751476768936
169,1102,1106,1,3.80171314717607
169,1013,1182,1,5.283249325636405
169,783,965,1,10.498093903671007
169,1370,783,1,30.28578929187396
169,965,834,1,3.83986736177262
169,1068,931,1,8.304853837171269
170,885,882,2,2.852794790784161
170,882,885,3,2.852794790784161
170,965,882,2,3.616965677313317
170,882,708,2,4.837510953567602
170,1276,783,1,22.606377139254327
170,931,882,1,5.812636165404913
170,931,783,1,18.3740064075405
170,1182,783,1,15.175538880502293
170,708,965,1,6.739138237495128
170,834,882,1,4.883195120135012
170,834,659,1,5.284552964469467
170,834,965,1,3.83986736177262
170,359,834,1,12.378619633278529
170,885,535,1,10.569431103772471
170,1102,1276,1,4.836798739646007
170,566,783,1,5.876334276322891
170,1013,882,1,3.839767699909249
170,783,931,1,18.3740064075405
170,672,849,1,6.511836392511076
171,882,931,1,5.812636165404913
171,659,783,1,5.809594285895007
171,882,885,1,2.852794790784161
171,882,1013,1,3.839767699909249
171,882,672,1,7.316385892068044
171,882,965,1,3.616965677313317
171,1276,1102,1,4.836798739646007
171,931,882,1,5.812636165404913
171,931,834,1,10.694040075602611
171,1182,783,1,15.175538880502293
171,708,885,1,6.511469320496247
171,708,659,1,5.815596432206299
171,834,783,1,7.689481736045675
171,1435,1398,1,5.805514364498899
171,885,931,1,3.0617002345235647
171,566,659,1,7.02219411294688
171,535,508,1,15.269109427523375
172,659,783,1,5.809594285895007
172,1013,885,1,3.46869779664105
172,882,1229,1,9.341474227178574
172,931,834,1,10.694040075602611
172,931,849,1,4.4061387562478425
172,834,965,1,3.83986736177262
172,885,931,1,3.0617002345235647
172,885,1182,1,8.662721360426067
172,659,834,1,5.284552964469467
172,1102,1013,1,3.616251246210677
172,849,965,1,12.803650760757485
172,1106,1102,1,3.80171314717607
172,783,708,1,10.697285568723771
172,783,566,1,5.876334276322891
172,783,849,1,21.903135562742808
172,783,1106,1,22.318447076891776
172,783,965,1,10.498093903671007
172,965,834,1,3.83986736177262
172,1068,885,1,11.364565785437158
172,1068,849,1,6.736061142863373
172,1229,1102,1,3.8392690799482057
173,1091,783,2,10.241109598832232
173,708,1013,1,8.663428210145081
173,708,783,2,10.697285568723771
173,917,783,1,5.8083597500151045
173,659,783,2,5.809594285895007
173,1013,965,2,4.881725510082577
173,1276,783,2,22.606377139254327
173,931,882,3,5.812636165404913
173,708,535,2,4.548441137468074
173,834,882,2,4.883195120135012
173,834,708,2,4.389831624444016
173,359,882,1,14.913468445035848
173,1091,882,1,7.965381677815221
173,855,1068,1,5.87594370452583
173,708,882,1,4.837510953567602
173,708,659,2,5.815596432206299
173,834,783,2,7.689481736045675
173,1091,535,1,14.734241785551282
173,882,708,1,4.837510953567602
173,1182,1229,1,3.960024365898536
173,708,359,1,10.088438580081291
173,708,965,1,6.739138237495128
173,834,1091,1,6.739095652327052
173,1435,783,1,17.957022310236383
173,885,882,1,2.852794790784161
173,1398,783,1,19.874616662347663
173,1102,1276,1,4.836798739646007
173,849,931,1,4.4061387562478425
173,535,834,1,8.012842951904279
173,1013,1435,4,13.46916483615337
173,783,855,1,27.60378823743443
173,783,834,1,7.689481736045675
173,783,659,3,5.809594285895007
173,783,1013,1,15.308499342485224
173,783,1229,1,18.841160835534616
173,672,931,1,6.73915242731767
173,965,834,1,3.83986736177262
174,535,783,1,11.620421645142477
174,659,783,1,5.809594285895007
174,1013,1102,1,3.616251246210677
174,708,931,1,9.423506251261468
174,708,834,1,4.389831624444016
174,882,834,1,4.883195120135012
174,882,965,1,3.616965677313317
174,535,708,1,4.548441137468074
174,1013,1106,1,7.015517581545067
174,882,708,1,4.837510953567602
174,882,659,1,9.424155624926374
174,882,1013,1,3.839767699909249
174,1276,1068,1,8.66943360865319
174,931,885,1,3.0617002345235647
174,708,783,1,10.697285568723771
174,834,1013,1,8.005172893624191
174,885,931,1,3.0617002345235647
174,885,1091,1,10.203820878312005
174,659,708,1,5.815596432206299
174,1091,834,1,6.739095652327052
174,1106,931,1,5.283575443416337
174,535,882,1,9.342211452816104
174,783,1182,1,15.175538880502293
174,783,535,1,11.620421645142477
174,783,1068,1,26.525178301273773
174,965,882,1,3.616965677313317
174,965,834,1,3.83986736177262
175,1013,1398,1,10.186376382121452
175,882,931,1,5.812636165404913
175,882,834,1,4.883195120135012
175,882,783,1,12.561839638690564
175,882,965,1,3.616965677313317
175,931,882,1,5.812636165404913
175,931,708,1,9.423506251261468
175,931,783,1,18.3740064075405
175,834,882,1,4.883195120135012
175,834,708,1,4.389831624444016
175,885,1102,1,5.875878565174106
175,659,1398,1,20.375450628858104
175,1091,783,1,10.241109598832232
175,1102,1276,1,4.836798739646007
175,1102,783,1,18.800951364959644
175,849,931,2,4.4061387562478425
175,535,659,1,5.810827883107414
175,1013,783,1,15.308499342485224
175,783,931,1,18.3740064075405
175,783,834,1,7.689481736045675
175,783,1091,2,10.241109598832232
175,783,965,1,10.498093903671007
175,965,1091,2,4.388654712140797
175,965,783,1,10.498093903671007
175,1229,1182,1,3.960024365898536
175,1229,1102,1,3.8392690799482057
176,1276,1013,1,8.190822817543284
176,882,931,1,5.812636165404913
176,882,783,1,12.561839638690564
176,855,1068,1,5.87594370452583
176,931,783,1,18.3740064075405
176,708,834,1,4.389831624444016
176,708,885,1,6.511469320496247
176,708,659,1,5.815596432206299
176,708,783,1,10.697285568723771
176,834,882,1,4.883195120135012
176,659,834,1,5.284552964469467
176,783,931,1,18.3740064075405
176,783,708,2,10.697285568723771
176,783,659,1,5.809594285895007
176,783,965,2,10.498093903671007
176,965,1013,1,4.881725510082577
176,965,783,1,10.498093903671007
176,1229,885,1,8.89559413156451
177,1013,1398,2,10.186376382121452
177,885,931,3,3.0617002345235647
177,535,708,1,4.548441137468074
177,672,885,1,5.876204136119103
177,917,834,1,3.617203703030827
177,917,783,1,5.8083597500151045
177,885,882,1,2.852794790784161
177,885,849,1,6.749102957431653
177,849,708,1,11.8916662824573
177,535,783,1,11.620421645142477
177,1013,1182,1,5.283249325636405
177,882,708,1,4.837510953567602
177,882,965,1,3.616965677313317
177,931,1068,1,8.304853837171269
177,708,931,1,9.423506251261468
177,708,885,1,6.511469320496247
177,708,783,1,10.697285568723771
177,834,882,1,4.883195120135012
177,834,535,1,8.012842951904279
177,834,965,1,3.83986736177262
177,885,1013,1,3.46869779664105
177,566,1068,1,30.171847454224
177,783,917,1,5.8083597500151045
177,783,659,1,5.809594285895007
177,783,566,1,5.876334276322891
177,965,708,1,6.739138237495128
177,965,1013,1,4.881725510082577
177,965,783,1,10.498093903671007
178,882,931,2,5.812636165404913
178,931,855,1,9.765900232263595
178,931,834,2,10.694040075602611
178,931,1229,1,8.28950012214804
178,708,834,2,4.389831624444016
178,708,849,1,11.8916662824573
178,708,535,1,4.548441137468074
178,834,708,1,4.389831624444016
178,834,783,1,7.689481736045675
178,885,834,1,7.688685710981335
178,885,849,1,6.749102957431653
178,885,783,1,15.378166398318458
178,659,1276,1,21.11196617772116
178,849,931,1,4.4061387562478425
178,535,882,1,9.342211452816104
178,783,708,1,10.697285568723771
178,783,885,1,15.378166398318458
179,882,885,1,2.852794790784161
179,1276,1102,1,4.836798739646007
179,535,659,1,5.810827883107414
179,708,783,1,10.697285568723771
179,855,1068,1,5.87594370452583
179,931,882,1,5.812636165404913
179,931,849,1,4.4061387562478425
179,1182,783,1,15.175538880502293
179,708,672,1,6.751878981086827
179,834,882,1,4.883195120135012
179,834,917,1,3.617203703030827
179,834,965,1,3.83986736177262
179,885,535,1,10.569431103772471
179,1091,783,1,10.241109598832232
179,1102,834,1,11.614659746948035
179,783,882,1,12.561839638690564
179,783,659,1,5.809594285895007
179,783,849,1,21.903135562742808
179,965,882,1,3.616965677313317
179,1068,931,1,8.304853837171269
179,1229,1013,1,5.640389822593795
180,882,535,1,9.342211452816104
180,1102,1106,1,3.80171314717607
180,882,708,1,4.837510953567602
180,882,885,1,2.852794790784161
180,882,1091,1,7.965381677815221
180,1182,1091,1,5.24631154396119
180,834,659,1,5.284552964469467
180,834,783,2,7.689481736045675
180,885,672,1,5.876204136119103
180,849,508,1,9.342303526294996
180,1106,1091,1,14.256423283017469
180,965,882,2,3.616965677313317
181,882,834,6,4.883195120135012
181,708,882,2,4.837510953567602
181,1229,1276,4,3.959637309104105
181,708,834,3,4.389831624444016
181,708,885,2,6.511469320496247
181,708,535,2,4.548441137468074
181,885,882,1,2.852794790784161
181,708,783,1,10.697285568723771
181,885,931,1,3.0617002345235647
181,965,882,1,3.616965677313317
181,882,931,1,5.812636165404913
181,931,849,1,4.4061387562478425
181,834,659,1,5.284552964469467
181,885,965,1,6.123119155303686
181,1091,1182,1,5.24631154396119
181,535,931,1,13.170081658182124
181,535,885,1,10.569431103772471
181,1013,965,1,4.881725510082577
182,882,965,1,3.616965677313317
182,882,783,1,12.561839638690564
182,834,965,1,3.83986736177262
182,535,965,1,11.11949266445603
182,965,783,1,10.498093903671007
182,882,834,2,4.883195120135012
182,917,834,1,3.617203703030827
182,931,882,1,5.812636165404913
182,834,882,1,4.883195120135012
182,834,917,1,3.617203703030827
182,834,708,1,4.389831624444016
182,834,659,1,5.284552964469467
182,659,882,1,9.424155624926374
182,659,708,1,5.815596432206299
182,659,535,1,5.810827883107414
182,1091,834,1,6.739095652327052
182,783,834,2,7.689481736045675
182,783,359,1,12.499801205497114
182,783,885,1,15.378166398318458
182,783,535,1,11.620421645142477
182,965,1102,1,8.304116264398273
183,708,1091,1,10.705966675099036
183,882,965,1,3.616965677313317
183,931,849,1,4.4061387562478425
183,931,1068,1,8.304853837171269
183,708,659,1,5.815596432206299
183,834,882,2,4.883195120135012
183,659,535,1,5.810827883107414
183,1102,1276,1,4.836798739646007
183,1106,885,1,7.965381677815221
183,783,359,1,12.499801205497114
183,965,882,1,3.616965677313317
183,965,834,2,3.83986736177262
184,882,931,1,5.812636165404913
184,882,708,1,4.837510953567602
184,882,783,1,12.561839638690564
184,834,882,3,4.883195120135012
184,834,708,2,4.389831624444016
184,834,659,1,5.284552964469467
184,885,882,1,2.852794790784161
184,885,1182,1,8.662721360426067
184,885,1013,2,3.46869779664105
184,659,535,1,5.810827883107414
184,783,931,1,18.3740064075405
184,783,508,2,25.93420023872912
184,783,965,1,10.498093903671007
184,965,1013,1,4.881725510082577
184,1068,931,1,8.304853837171269
185,708,1013,1,8.663428210145081
185,708,931,2,9.423506251261468
185,708,882,2,4.837510953567602
185,708,834,2,4.389831624444016
185,1013,882,1,3.839767699909249
185,1229,783,1,18.841160835534616
185,931,882,1,5.812636165404913
185,659,783,1,5.809594285895007
185,1102,1229,1,3.8392690799482057
185,965,1102,1,8.304116264398273
185,1229,1276,1,3.959637309104105
185,931,885,1,3.0617002345235647
185,708,659,1,5.815596432206299
185,659,834,2,5.284552964469467
185,1013,834,1,8.005172893624191
185,1013,965,1,4.881725510082577
185,1013,1229,1,5.640389822593795
185,965,882,3,3.616965677313317
185,965,834,2,3.83986736177262
185,882,708,1,4.837510953567602
185,931,1102,1,4.548251915941359
185,708,783,1,10.697285568723771
185,834,659,1,5.284552964469467
185,885,834,1,7.688685710981335
185,1013,1398,1,10.186376382121452
185,783,834,1,7.689481736045675
185,672,566,1,19.160189630171605
186,882,931,1,5.812636165404913
186,882,834,1,4.883195120135012
186,882,885,2,2.852794790784161
186,882,672,1,7.316385892068044
186,882,965,1,3.616965677313317
186,931,1068,1,8.304853837171269
186,708,882,1,4.837510953567602
186,834,882,1,4.883195120135012
186,834,917,1,3.617203703030827
186,834,849,1,14.265481524111957
186,535,708,1,4.548441137468074
186,783,708,1,10.697285568723771
186,783,834,1,7.689481736045675
186,783,885,1,15.378166398318458
186,783,566,1,5.876334276322891
186,965,1102,1,8.304116264398273
187,882,834,1,4.883195120135012
187,882,885,1,2.852794790784161
187,882,535,1,9.342211452816104
187,882,965,1,3.616965677313317
187,1276,1229,1,3.959637309104105
187,708,885,1,6.511469320496247
187,708,535,1,4.548441137468074
187,708,965,1,6.739138237495128
187,834,882,1,4.883195120135012
187,834,965,1,3.83986736177262
187,659,834,1,5.284552964469467
187,1102,1276,1,4.836798739646007
187,783,359,2,12.499801205497114
187,783,1091,1,10.241109598832232
187,783,566,1,5.876334276322891
187,965,708,1,6.739138237495128
187,1229,1091,1,9.180034524729397
188,965,783,1,10.498093903671007
188,965,882,2,3.616965677313317
188,882,834,1,4.883195120135012
188,882,965,1,3.616965677313317
188,1276,1106,1,4.836798739645476
188,931,672,1,6.73915242731767
188,931,1229,1,8.28950012214804
188,708,885,1,6.511469320496247
188,849,1102,1,8.191991396325179
188,535,882,1,9.342211452816104
188,1013,931,1,4.405443882921528
188,783,359,1,12.499801205497114
188,783,659,1,5.809594285895007
188,783,965,1,10.498093903671007
188,672,931,1,6.73915242731767
189,1106,834,1,14.888705663916236
189,1106,1068,1,4.880745078525951
189,1106,1276,1,4.836798739645476
189,1106,1229,1,6.605818539698737
189,882,885,1,2.852794790784161
189,882,965,1,3.616965677313317
189,931,885,1,3.0617002345235647
189,834,882,2,4.883195120135012
189,885,882,1,2.852794790784161
189,885,931,3,3.0617002345235647
189,885,672,1,5.876204136119103
189,659,566,1,7.02219411294688
189,566,359,1,9.428696666120482
189,849,672,1,6.511836392511076
189,1106,849,1,6.739095652327052
189,783,882,1,12.561839638690564
189,783,508,1,25.93420023872912
189,783,885,1,15.378166398318458
189,783,1013,2,15.308499342485224
189,783,965,1,10.498093903671007
189,965,882,4,3.616965677313317
189,1229,931,1,8.28950012214804
189,1229,885,1,8.89559413156451
190,965,783,1,10.498093903671007
190,965,849,1,12.803650760757485
190,882,708,2,4.837510953567602
190,882,1091,1,7.965381677815221
190,882,1398,1,13.343391197346763
190,882,1013,1,3.839767699909249
190,1276,1398,1,7.438993890374081
190,931,885,1,3.0617002345235647
190,834,882,1,4.883195120135012
190,834,659,1,5.284552964469467
190,834,965,1,3.83986736177262
190,885,1182,1,8.662721360426067
190,885,1398,1,13.644566108710274
190,885,783,1,15.378166398318458
190,659,834,1,5.284552964469467
190,1102,1106,1,3.80171314717607
190,849,882,1,9.574606006915822
190,1013,931,1,4.405443882921528
190,1013,885,1,3.46869779664105
190,783,708,1,10.697285568723771
191,1106,1229,1,6.605818539698737
191,882,885,1,2.852794790784161
191,931,659,1,14.893741670685255
191,1182,1013,1,5.283249325636405
191,834,882,1,4.883195120135012
191,834,1013,1,8.005172893624191
191,834,783,1,7.689481736045675
191,885,931,1,3.0617002345235647
191,885,1013,1,3.46869779664105
191,885,672,1,5.876204136119103
191,659,834,1,5.284552964469467
191,659,566,1,7.02219411294688
191,1102,1182,1,6.120304815079837
191,1013,885,1,3.46869779664105
191,1013,965,1,4.881725510082577
191,783,1091,1,10.241109598832232
191,965,1091,1,4.388654712140797
192,965,882,1,3.616965677313317
192,882,834,1,4.883195120135012
192,882,965,2,3.616965677313317
192,931,1102,1,4.548251915941359
192,931,1068,1,8.304853837171269
192,1182,1229,1,3.960024365898536
192,708,535,1,4.548441137468074
192,834,708,1,4.389831624444016
192,834,535,1,8.012842951904279
192,834,965,1,3.83986736177262
192,885,1182,1,8.662721360426067
192,1013,1229,1,5.640389822593795
192,783,1102,1,18.800951364959644
192,783,965,1,10.498093903671007
193,882,885,1,2.852794790784161
193,882,1229,1,9.341474227178574
193,885,855,1,12.412669367198909
193,965,508,1,19.52620522684568
194,882,965,1,3.616965677313317
194,931,1106,1,5.283575443416337
194,885,1013,1,3.46869779664105
194,535,708,1,4.548441137468074
194,1013,1102,1,3.616251246210677
195,882,834,1,4.883195120135012
195,882,1102,1,7.314751476768936
195,834,708,1,4.389831624444016
195,1229,1276,1,3.959637309104105
196,834,885,1,7.688685710981335
196,885,931,1,3.0617002345235647
196,885,834,1,7.688685710981335
196,1102,1229,1,3.8392690799482057
197,882,965,1,3.616965677313317
197,834,885,1,7.688685710981335
197,882,1013,1,3.839767699909249
197,1106,1229,1,6.605818539698737
198,885,882,1,2.852794790784161
199,882,965,1,3.616965677313317
199,1229,1398,1,5.282433425576492
