vehicle_id,time_step,battery_after_charge
V21,1,99.68524852323107
V21,2,100.0
V21,12,100.0
V21,14,100.0
V21,16,95.38534025305196
V21,17,100.0
V21,19,100.0
V21,22,90.49332375899247
V21,24,89.8038420229468
V21,25,96.8038420229468
V21,26,100.0
V21,28,96.30271443127623
V21,29,100.0
V21,32,93.97706135900751
V21,33,100.0
V21,39,78.99610906706475
V21,40,85.99610906706475
V21,41,92.99610906706475
V21,42,99.99610906706475
V21,45,94.02287039161395
V21,46,100.0
V21,48,95.63543421456285
V21,49,100.0
V21,62,68.85563312693623
V21,63,75.85563312693623
V21,67,60.951855415789666
V21,68,67.95185541578967
V21,69,74.95185541578967
V21,70,81.95185541578967
V21,71,88.95185541578967
V21,72,95.95185541578967
V21,73,100.0
V21,77,87.60506325211786
V21,78,94.60506325211786
V21,79,100.0
V21,82,94.92068663951031
V21,83,100.0
V21,85,96.30271443127623
V21,86,100.0
V21,89,92.73833342150603
V21,90,99.73833342150603
V21,91,100.0
V21,95,97.57584437507363
V21,98,92.82745545272496
V21,99,99.82745545272496
V21,100,100.0
V21,107,100.0
V21,109,91.82446111949771
V21,110,98.82446111949771
V21,111,100.0
V21,114,95.38081142821
V21,115,100.0
V21,117,91.82446111949771
V21,118,98.82446111949771
V21,119,100.0
V21,121,91.82446111949771
V21,122,98.82446111949771
V21,123,100.0
V21,131,46.820081015091475
V21,132,53.820081015091475
V21,133,60.820081015091475
V21,134,67.82008101509147
V21,135,74.82008101509147
V21,137,76.01048672919647
V21,138,83.01048672919647
V21,139,90.01048672919647
V21,143,74.80761605117408
V21,146,68.77999449398479
V21,147,75.77999449398479
V21,149,78.94022679407554
V21,151,82.32326111676223
V21,152,89.32326111676223
V21,153,96.32326111676223
V21,154,100.0
V21,158,81.12294262423764
V21,159,88.12294262423764
V21,162,74.12675481689563
V21,163,81.12675481689563
V21,166,71.94794950089175
V21,170,56.83066702543073
V21,171,63.83066702543073
V21,174,50.04494287662567
V21,175,57.04494287662567
V21,176,64.04494287662567
V21,177,71.04494287662567
V21,178,78.04494287662567
V21,179,85.04494287662567
V21,180,92.04494287662567
V21,181,99.04494287662567
V21,182,100.0
V22,1,90.74587426791403
V22,2,97.74587426791403
V22,3,100.0
V22,11,100.0
V22,15,100.0
V22,61,100.0
V22,63,91.82446111949771
V22,65,83.64892223899543
V22,66,90.64892223899543
V22,67,97.64892223899543
V22,70,93.02973366720542
V22,71,100.0
V22,73,91.62183360168154
V22,74,98.62183360168154
V22,76,100.0
V22,78,98.69514616282873
V22,79,100.0
V22,86,89.66113278269361
V22,87,96.66113278269361
V22,88,100.0
V22,99,78.83954309069183
V22,100,85.83954309069183
V22,101,92.83954309069183
V22,102,99.83954309069183
V22,103,100.0
V22,138,100.0
V22,150,75.42564656484207
V22,151,82.42564656484207
V22,152,89.42564656484207
V22,153,96.42564656484207
V22,154,100.0
V22,157,96.30271443127623
V22,159,92.60542886255246
V22,162,78.60924105521045
V22,163,85.60924105521045
V22,169,57.61198414122174
V22,170,64.61198414122174
V22,171,71.61198414122174
V22,174,62.09910214029167
V22,175,69.09910214029168
V22,182,38.86768209821063
V22,183,45.86768209821063
V22,186,38.529720832767005
V22,187,45.529720832767005
V22,190,45.07288779368107
V22,191,52.07288779368107
V22,192,59.07288779368107
V22,193,66.07288779368108
V22,194,73.07288779368108
V22,196,72.75813631691214
V22,197,79.75813631691214
V22,198,86.75813631691214
V22,199,93.75813631691214
V23,1,100.0
V23,9,91.69150065751478
V23,10,98.69150065751478
V23,11,100.0
V23,17,91.82446111949771
V23,18,98.82446111949771
V23,19,100.0
V23,22,91.82446111949771
V23,23,98.82446111949771
V23,24,100.0
V23,26,96.30271443127623
V23,27,100.0
V23,30,97.72697325542097
V23,31,100.0
V23,33,100.0
V23,37,99.30969425564824
V23,38,100.0
V23,40,100.0
V23,43,91.9586681681204
V23,44,98.9586681681204
V23,45,100.0
V23,47,100.0
V23,50,100.0
V23,52,100.0
V23,54,100.0
V23,61,84.39362286074567
V23,62,91.39362286074567
V23,63,98.39362286074567
V23,66,93.77443428895566
V23,67,100.0
V23,69,88.15883916446538
V23,70,95.15883916446538
V23,71,100.0
V23,74,80.43398555164157
V23,75,87.43398555164157
V23,76,94.43398555164157
V23,77,100.0
V23,80,80.40949061598262
V23,81,87.40949061598262
V23,82,94.40949061598262
V23,83,100.0
V23,110,80.32067035873325
V23,111,87.32067035873325
V23,114,82.70148178694325
V23,115,89.70148178694325
V23,117,89.01200005089757
V23,118,96.01200005089757
V23,121,87.92488285772978
V23,122,94.92488285772978
V23,123,100.0
V23,125,99.31051826395432
V23,129,86.6139091722259
V23,131,88.77711043258043
V23,133,91.97539728540436
V23,135,80.17444592044471
V23,136,87.17444592044471
V23,137,94.17444592044471
V23,138,100.0
V23,140,81.06579976127088
V23,141,88.06579976127088
V23,142,95.06579976127088
V23,143,100.0
V23,163,81.06579976127088
V23,166,71.88699444526699
V23,168,70.11027427898625
V23,169,77.11027427898625
V23,170,84.11027427898625
V23,171,91.11027427898625
V23,175,80.76477285073885
V23,179,57.24537914296087
V23,185,30.04141920863797
V23,186,37.04141920863797
V23,187,44.04141920863797
V23,188,51.04141920863797
V23,189,58.04141920863797
V23,190,65.04141920863796
V23,191,72.04141920863796
V23,192,79.04141920863796
V23,193,86.04141920863796
V23,194,93.04141920863796
V23,195,100.0
V41,1,100.0
V41,3,100.0
V41,15,100.0
V41,17,100.0
V41,19,99.15852512154528
V41,20,100.0
V41,23,94.42732314381931
V41,24,100.0
V41,27,94.92068663951031
V41,28,100.0
V41,32,92.5605912982166
V41,33,99.5605912982166
V41,34,100.0
V41,40,98.18772248750432
V41,41,100.0
V41,47,84.72167552398376
V41,48,91.72167552398376
V41,49,98.72167552398376
V41,50,100.0
V41,54,98.98715704809572
V41,55,100.0
V41,58,100.0
V41,60,94.43816036130943
V41,61,100.0
V41,69,76.95462897037159
V41,70,83.95462897037159
V41,71,90.95462897037159
V41,72,97.95462897037159
V41,73,100.0
V41,77,100.0
V41,81,89.39213488127525
V41,82,96.39213488127525
V41,84,99.77516920396194
V41,87,99.5412378493353
V41,89,100.0
V41,91,99.68361410793196
V41,92,100.0
V41,114,95.8547088164345
V41,115,100.0
V41,119,96.67936621844443
V41,122,89.5643066374601
V41,123,96.5643066374601
V41,124,100.0
V41,133,49.607724726171696
V41,134,56.607724726171696
V41,135,63.607724726171696
V41,137,66.05928358870362
V41,138,73.05928358870362
V41,139,80.05928358870362
V41,142,62.69777930058065
V41,143,69.69777930058065
V41,144,76.69777930058065
V41,145,83.69777930058065
V41,146,90.69777930058065
V41,147,97.69777930058065
V41,148,100.0
V41,162,79.39067146009498
V41,163,86.39067146009498
V41,166,81.77395196006478
V41,167,88.77395196006478
V41,168,95.77395196006478
V41,169,100.0
V41,173,100.0
V41,178,76.82815254577599
V41,179,83.82815254577599
V41,180,90.82815254577599
V41,181,97.82815254577599
V41,182,100.0
V41,186,95.63344592830516
V41,187,100.0
V41,191,99.30969425564824
V41,193,100.0
V41,195,100.0
V42,1,100.0
V42,4,99.98448241845493
V42,5,100.0
V42,10,91.69150065751478
V42,11,98.69150065751478
V42,12,100.0
V42,22,96.75889040116778
V42,23,100.0
V42,27,100.0
V42,30,93.96489124199121
V42,31,100.0
V42,34,85.0968644372572
V42,35,92.0968644372572
V42,38,87.47767586546719
V42,39,94.47767586546719
V42,40,100.0
V42,42,100.0
V42,46,99.54292893519656
V42,47,100.0
V42,57,100.0
V42,62,91.58536557052528
V42,63,98.58536557052528
V42,64,100.0
V42,70,89.8849548109084
V42,71,96.8849548109084
V42,72,100.0
V42,74,96.75889040116778
V42,75,100.0
V42,77,96.75889040116778
V42,78,100.0
V42,82,89.8849548109084
V42,83,96.8849548109084
V42,86,92.5782693718319
V42,87,99.5782693718319
V42,91,95.50423262971513
V42,94,95.2703012750885
V42,95,100.0
V42,97,97.6577885471839
V42,98,100.0
V42,107,95.37957835485753
V42,108,100.0
V42,121,74.73963821711578
V42,122,81.73963821711578
V42,123,88.73963821711578
V42,125,86.06540754293626
V42,130,61.044832801305866
V42,131,68.04483280130586
V42,134,63.51548370348756
V42,135,70.51548370348756
V42,136,77.51548370348756
V42,137,84.51548370348756
V42,138,91.51548370348756
V42,139,98.51548370348756
V42,143,89.477669744811
V42,146,86.80407226551898
V42,147,93.80407226551898
V42,148,100.0
V42,158,87.37249730114769
V42,159,94.37249730114769
V42,162,82.68881162115301
V42,163,89.68881162115301
V42,167,68.19843183212876
V42,170,56.061728101731624
V42,171,63.061728101731624
V42,174,54.682764629640275
V42,175,61.682764629640275
V42,176,68.68276462964027
V42,177,75.68276462964027
V42,178,82.68276462964027
V42,179,89.68276462964027
V42,180,96.68276462964027
V42,181,100.0
V42,183,95.37957835485753
V42,186,89.16770900724437
V42,187,96.16770900724437
V42,188,100.0
V42,191,100.0
V42,193,100.0
V42,197,100.0
V181,1,96.30595992439738
V181,2,100.0
V181,17,100.0
V181,22,98.18772248750432
V181,23,100.0
V181,25,100.0
V181,38,93.83168270991553
V181,39,100.0
V181,130,90.4056460406807
V181,131,97.4056460406807
V181,136,80.69367766505047
V181,137,87.69367766505047
V181,138,94.69367766505047
V181,139,100.0
V181,160,95.37957835485753
V181,161,100.0
V182,1,100.0
V182,66,94.92068663951031
V182,67,100.0
V182,94,87.87293609456805
V182,95,94.87293609456805
V182,96,100.0
V182,112,88.56013336715797
V182,113,95.56013336715797
V182,114,100.0
V183,1,94.43093603302093
V183,2,100.0
V183,12,88.15883916446538
V183,13,95.15883916446538
V183,14,100.0
V183,22,96.75889040116778
V183,23,100.0
V183,78,92.57142261162727
V183,79,99.57142261162727
V183,80,100.0
V183,94,88.15883916446538
V183,95,95.15883916446538
V183,96,100.0
V183,113,100.0
V183,120,96.50737691207763
V183,121,100.0
V183,125,86.40825133187838
V183,126,93.40825133187838
V183,127,100.0
V241,1,100.0
V241,18,100.0
V241,21,100.0
V241,24,85.0458327649067
V241,25,92.0458327649067
V241,26,99.0458327649067
V241,27,100.0
V241,42,97.657696473705
V241,43,100.0
V242,1,100.0
V242,66,94.92068663951031
V242,67,100.0
V243,1,99.31131428901867
V243,2,100.0
V243,21,99.31051826395432
V243,22,100.0
V243,35,80.47482169872623
V243,36,87.47482169872623
V243,37,94.47482169872623
V243,38,100.0
V243,134,80.32113975528824
V243,135,87.32113975528824
V243,136,94.32113975528824
V243,137,100.0
V261,1,97.87864775334991
V261,2,100.0
V261,12,96.501906096329
V261,13,100.0
V261,43,96.75889040116778
V261,44,100.0
V261,82,92.57142261162727
V261,83,99.57142261162727
V261,84,100.0
V321,1,95.88050733554437
V321,2,100.0
V321,9,100.0
V321,27,89.44597623420924
V321,28,96.44597623420924
V321,29,100.0
V321,33,100.0
V421,1,96.796179121688
V421,2,100.0
V421,21,99.68524852323107
V421,22,100.0
V421,70,98.10049942815292
V421,71,100.0
V421,111,89.6362875897748
V421,112,96.6362875897748
V421,113,100.0
V422,1,99.98448241845493
V422,2,100.0
V422,14,100.0
V422,21,94.43816036130943
V422,22,100.0
V541,1,100.0
V541,86,92.57142261162727
V541,87,99.57142261162727
V541,88,100.0
V581,1,97.65852577282142
V581,2,100.0
V581,23,97.57584437507363
V581,24,100.0
V581,28,100.0
V24,2,100.0
V24,4,98.69588373560173
V24,5,100.0
V24,14,100.0
V24,16,100.0
V24,18,84.39362286074567
V24,19,91.39362286074567
V24,20,98.39362286074567
V24,21,100.0
V24,23,100.0
V24,26,99.76559259393835
V24,27,100.0
V24,30,95.3699533450649
V24,31,100.0
V24,34,95.1472896863231
V24,37,90.29457937264621
V24,38,97.29457937264621
V24,39,100.0
V24,44,100.0
V24,61,94.5001987945029
V24,62,100.0
V24,67,84.9725569985107
V24,69,86.1629627126157
V24,71,87.35336842672069
V24,74,82.73417985493069
V24,75,89.73417985493069
V24,76,96.73417985493069
V24,77,100.0
V24,79,95.37957835485753
V24,80,100.0
V24,83,95.37957835485753
V24,86,91.07289291578103
V24,87,98.07289291578103
V24,90,90.76164913714759
V24,91,97.76164913714759
V24,92,100.0
V24,96,89.64796751633142
V24,97,96.64796751633142
V24,98,100.0
V24,100,93.65660880265324
V24,101,100.0
V24,107,87.12538333765234
V24,110,78.74641986556098
V24,111,85.74641986556098
V24,114,81.65227261519651
V24,117,73.27330914310515
V24,118,80.27330914310515
V24,123,63.66582359710038
V24,125,61.48578907237098
V24,129,46.39956489886343
V24,131,50.54677010807927
V24,133,51.42365095277559
V24,134,58.42365095277559
V24,135,65.42365095277559
V24,137,66.3005317974719
V24,138,73.3005317974719
V24,139,80.3005317974719
V24,140,87.3005317974719
V24,142,90.83183400083085
V24,143,97.83183400083085
V24,146,93.67731482415267
V24,150,78.2122211212812
V24,152,81.59525544396789
V24,153,88.59525544396789
V24,154,95.59525544396789
V24,158,76.71819806820552
V24,159,83.71819806820552
V24,162,69.72201026086351
V24,163,76.72201026086351
V24,166,67.54320494485964
V24,167,74.54320494485964
V24,170,73.04522818856638
V24,171,80.04522818856638
V24,174,69.95981210620234
V24,175,76.95981210620234
V24,176,83.95981210620234
V24,177,90.95981210620234
V24,178,97.95981210620234
V24,179,100.0
V24,186,77.96110180698457
V24,187,84.96110180698457
V24,188,91.96110180698457
V24,189,98.96110180698457
V24,190,100.0
V24,192,96.75889040116778
V24,193,100.0
V25,2,97.65852577282142
V25,3,100.0
V25,6,100.0
V25,14,88.19904863504036
V25,15,95.19904863504036
V25,16,100.0
V25,19,99.31051826395432
V25,20,100.0
V25,22,100.0
V25,26,79.0499527705652
V25,27,86.0499527705652
V25,28,93.0499527705652
V25,29,100.0
V25,31,94.43816036130943
V25,34,87.3231007803251
V25,35,94.3231007803251
V25,38,89.7039122085351
V25,39,96.7039122085351
V25,40,100.0
V25,43,79.55682412110019
V25,44,86.55682412110019
V25,45,93.55682412110019
V25,46,100.0
V25,49,100.0
V25,65,80.47482169872623
V25,66,87.47482169872623
V25,67,94.47482169872623
V25,70,89.85563312693623
V25,71,96.85563312693623
V25,72,100.0
V25,75,80.33649347031147
V25,78,79.41721885210325
V25,79,86.41721885210325
V25,82,66.85120440374482
V25,83,73.85120440374482
V25,86,62.66089641562749
V25,87,69.66089641562749
V25,88,76.66089641562749
V25,89,83.66089641562749
V25,90,90.66089641562749
V25,91,97.66089641562749
V25,92,100.0
V25,111,89.5508354501894
V25,114,84.93164687839939
V25,115,91.93164687839939
V25,117,91.24216514235371
V25,119,90.55268340630803
V25,120,97.55268340630803
V25,121,100.0
V25,126,55.652734431653414
V25,127,62.652734431653414
V25,130,54.76598581584161
V25,131,61.76598581584161
V25,133,59.870391684276704
V25,134,66.87039168427671
V25,135,73.87039168427671
V25,136,80.87039168427671
V25,137,87.87039168427671
V25,138,94.87039168427671
V25,139,100.0
V25,158,73.66401421767226
V25,159,80.66401421767226
V25,162,66.66782641033025
V25,163,73.66782641033025
V25,166,64.48902109432638
V25,167,71.48902109432638
V25,170,68.3240462586074
V25,171,75.3240462586074
V25,172,82.3240462586074
V25,174,85.36402189270886
V25,175,92.36402189270886
V25,179,76.71268745101817
V25,185,55.425223038433415
V25,186,62.425223038433415
V25,189,59.06911912362497
V25,190,66.06911912362497
V25,191,73.06911912362497
V25,192,80.06911912362497
V25,194,77.72764489644639
V25,195,84.72764489644639
V25,196,91.72764489644639
V25,197,98.72764489644639
V25,198,100.0
V101,2,100.0
V101,14,85.0968644372572
V101,15,92.0968644372572
V101,16,99.0968644372572
V101,17,100.0
V101,22,96.75889040116778
V101,23,100.0
V101,70,92.57142261162727
V101,71,99.57142261162727
V101,72,100.0
V101,86,84.07412598913349
V101,87,91.07412598913349
V101,88,98.07412598913349
V101,89,100.0
V101,94,95.3699533450649
V101,95,100.0
V101,111,91.75427329380815
V101,112,98.75427329380815
V101,113,100.0
V101,145,88.15883916446538
V101,146,95.15883916446538
V101,147,100.0
V101,157,88.15883916446538
V101,158,95.15883916446538
V101,159,100.0
V184,2,100.0
V184,5,100.0
V184,12,96.75889040116778
V184,13,100.0
V184,22,96.75889040116778
V184,23,100.0
V184,78,92.57142261162727
V184,79,99.57142261162727
V184,80,100.0
V184,95,94.43816036130943
V184,96,100.0
V184,101,92.08653155496415
V184,102,99.08653155496415
V184,103,100.0
V184,119,91.75898061500276
V184,123,88.2266504244001
V184,129,60.36831436084765
V184,130,67.36831436084765
V184,131,74.36831436084765
V184,132,81.36831436084765
V184,133,88.36831436084765
V184,134,95.36831436084765
V184,135,100.0
V244,2,100.0
V244,16,100.0
V244,18,88.15883916446538
V244,19,95.15883916446538
V244,20,100.0
V244,23,100.0
V244,62,95.6933145609235
V244,63,100.0
V245,2,100.0
V245,13,98.99482710637581
V245,14,100.0
V245,21,99.31051826395432
V245,22,100.0
V245,43,96.75889040116778
V245,44,100.0
V245,78,92.57221863669162
V245,79,99.57221863669162
V245,81,100.0
V245,83,100.0
V245,115,90.37224550204223
V245,116,97.37224550204223
V245,117,100.0
V26,3,100.0
V26,7,100.0
V26,12,100.0
V26,15,96.30271443127623
V26,16,100.0
V26,19,99.31051826395432
V26,20,100.0
V26,22,100.0
V26,26,92.68875622136656
V26,28,81.31474981382607
V26,29,88.31474981382607
V26,30,95.31474981382607
V26,31,100.0
V26,33,100.0
V26,35,100.0
V26,38,100.0
V26,42,99.54292893519656
V26,47,91.62926285702468
V26,48,98.62926285702468
V26,49,100.0
V26,52,100.0
V26,58,91.69150065751478
V26,59,98.69150065751478
V26,62,94.07231208572477
V26,63,100.0
V26,65,94.5001987945029
V26,66,100.0
V26,70,89.52451106089596
V26,71,96.52451106089596
V26,72,100.0
V26,77,82.80503237135724
V26,78,89.80503237135724
V26,79,96.80503237135724
V26,82,89.37645498298451
V26,83,96.37645498298451
V26,86,92.06976954390801
V26,87,99.06976954390801
V26,91,86.32828083373708
V26,92,93.32828083373708
V26,93,100.0
V26,98,100.0
V26,100,100.0
V26,111,95.43716163270298
V26,112,100.0
V26,114,87.12538333765234
V26,115,94.12538333765234
V26,118,85.74641986556098
V26,119,92.74641986556098
V26,120,99.74641986556098
V26,121,100.0
V26,126,70.62484872056663
V26,127,77.62484872056663
V26,130,73.00812922053643
V26,131,80.00812922053643
V26,134,66.01194141319442
V26,135,73.01194141319442
V26,136,80.01194141319442
V26,137,87.01194141319442
V26,138,94.01194141319442
V26,139,100.0
V26,141,94.5001987945029
V26,142,100.0
V26,158,94.5001987945029
V26,159,100.0
V26,162,86.00381219265799
V26,163,93.00381219265799
V26,166,84.58917776318326
V26,170,67.77374987444051
V26,171,74.77374987444051
V26,174,66.23895335214914
V26,175,73.23895335214914
V26,179,66.23091684768548
V26,182,61.60564451687566
V26,186,47.835247181172996
V26,187,54.835247181172996
V26,188,61.835247181172996
V26,189,68.835247181173
V26,190,75.835247181173
V26,191,82.835247181173
V26,192,89.835247181173
V26,193,96.835247181173
V26,194,100.0
V26,196,100.0
V27,3,97.42539399308419
V27,4,100.0
V27,13,85.0968644372572
V27,14,92.0968644372572
V27,15,99.0968644372572
V27,16,100.0
V27,20,91.61969057790647
V27,21,98.61969057790647
V27,22,100.0
V27,26,99.54292893519656
V27,28,96.04483503152555
V27,29,100.0
V27,32,84.21985483621167
V27,33,91.21985483621167
V27,34,98.21985483621167
V27,35,100.0
V27,37,97.42539399308419
V27,39,100.0
V27,43,94.5086979227582
V27,46,90.57698076867595
V27,47,97.57698076867595
V27,48,100.0
V27,50,100.0
V27,58,84.68155292310823
V27,59,91.68155292310823
V27,60,98.68155292310823
V27,61,100.0
V27,66,80.52688927754417
V27,77,35.65314204875846
V27,78,42.65314204875846
V27,79,49.65314204875846
V27,80,56.65314204875846
V27,81,63.65314204875846
V27,82,70.65314204875847
V27,83,77.65314204875847
V27,84,84.65314204875847
V27,85,91.65314204875847
V27,86,98.65314204875847
V27,87,100.0
V27,91,94.2890074065809
V27,92,100.0
V27,108,80.47482169872623
V27,109,87.47482169872623
V27,110,94.47482169872623
V27,111,100.0
V27,114,95.38081142821
V27,115,100.0
V27,117,91.82446111949771
V27,118,98.82446111949771
V27,119,100.0
V27,121,91.82446111949771
V27,122,98.82446111949771
V27,123,100.0
V27,125,89.04297768976362
V27,126,96.04297768976362
V27,127,100.0
V27,157,89.04297768976362
V27,158,96.04297768976362
V27,159,100.0
V27,162,86.00381219265799
V27,163,93.00381219265799
V27,166,74.88013291527685
V27,167,81.88013291527685
V27,170,77.26094434348684
V27,171,84.26094434348684
V27,174,69.8663732060393
V27,175,76.8663732060393
V27,176,83.8663732060393
V27,177,90.8663732060393
V27,178,97.8663732060393
V27,179,100.0
V27,186,80.16630593899023
V27,187,87.16630593899023
V27,188,94.16630593899023
V27,189,100.0
V27,192,100.0
V27,195,100.0
V27,198,100.0
V161,3,92.51339873627326
V161,4,99.51339873627326
V161,5,100.0
V161,11,80.47482169872623
V161,12,87.47482169872623
V161,13,94.47482169872623
V161,14,100.0
V161,22,96.75889040116778
V161,23,100.0
V161,78,92.57142261162727
V161,79,99.57142261162727
V161,80,100.0
V161,93,79.39621176256557
V161,94,86.39621176256557
V161,95,93.39621176256557
V161,96,100.0
V161,138,88.49015626208029
V161,139,95.49015626208029
V161,143,86.45070788810462
V161,144,93.45070788810462
V161,145,100.0
V161,162,97.19914733815877
V161,170,66.01528360850136
V161,171,73.01528360850136
V161,172,80.01528360850136
V161,173,87.01528360850136
V161,174,94.01528360850136
V161,175,100.0
V185,3,100.0
V185,66,94.92068663951031
V185,67,100.0
V185,95,94.43816036130943
V185,96,100.0
V185,101,100.0
V185,104,100.0
V185,111,91.67962813377696
V185,114,88.51208186622387
V185,115,95.51208186622387
V185,118,90.23513145051334
V185,119,97.23513145051334
V185,120,100.0
V185,123,94.02596529948485
V185,124,100.0
V246,3,93.35543389128972
V246,4,100.0
V246,15,87.12538333765234
V246,16,94.12538333765234
V246,17,100.0
V246,23,100.0
V246,62,95.6933145609235
V246,63,100.0
V247,3,93.35543389128972
V247,4,100.0
V247,17,97.88127148951386
V247,18,100.0
V247,21,100.0
V247,24,100.0
V247,45,88.55278237605168
V247,46,95.55278237605168
V247,47,100.0
V247,140,81.75973016601392
V247,141,88.75973016601392
V247,142,95.75973016601392
V247,143,100.0
V247,167,84.56462978681289
V247,169,79.00279014812233
V247,170,86.00279014812233
V247,171,93.00279014812233
V247,172,100.0
V322,3,100.0
V322,12,84.68155292310823
V322,13,91.68155292310823
V322,14,98.68155292310823
V322,15,100.0
V481,3,79.39621176256557
V481,4,86.39621176256557
V481,5,93.39621176256557
V481,6,100.0
V481,171,88.8664062251378
V481,173,87.20368486471173
V481,174,94.20368486471173
V481,175,100.0
V481,181,100.0
V481,186,85.01682114619166
V481,187,92.01682114619166
V481,188,99.01682114619166
V481,189,100.0
V481,192,96.5924683131252
V481,193,100.0
V542,3,100.0
V542,25,91.62183360168154
V542,26,98.62183360168154
V542,27,100.0
V28,4,100.0
V28,11,88.62599359245951
V28,12,95.62599359245951
V28,13,100.0
V28,19,96.501906096329
V28,21,93.00381219265799
V28,22,100.0
V28,25,88.76903881089738
V28,27,76.98521325664531
V28,28,83.98521325664531
V28,29,90.98521325664531
V28,30,97.98521325664531
V28,31,100.0
V28,35,76.71421070812605
V28,39,67.3355104932921
V28,40,74.3355104932921
V28,41,81.3355104932921
V28,42,88.3355104932921
V28,43,95.3355104932921
V28,44,100.0
V28,47,97.87557967375791
V28,48,100.0
V28,50,94.71558235463252
V28,51,100.0
V28,53,95.5206855024421
V28,54,100.0
V28,59,85.0968644372572
V28,60,92.0968644372572
V28,61,99.0968644372572
V28,62,100.0
V28,65,89.04297768976362
V28,66,96.04297768976362
V28,67,100.0
V28,93,100.0
V28,97,87.12538333765234
V28,98,94.12538333765234
V28,99,100.0
V28,109,91.62103652790864
V28,110,98.62103652790864
V28,111,100.0
V28,114,91.62103652790864
V28,115,98.62103652790864
V28,119,67.51594367995529
V28,120,74.51594367995529
V28,121,81.51594367995529
V28,122,88.51594367995529
V28,123,95.51594367995529
V28,124,100.0
V28,126,84.39362286074567
V28,131,70.18553896648243
V28,133,66.68471271441078
V28,134,73.68471271441078
V28,135,80.68471271441078
V28,138,78.74680834376811
V28,139,85.74680834376811
V28,141,83.32330209250664
V28,142,90.32330209250664
V28,143,97.32330209250664
V28,146,89.23943039246001
V28,147,96.23943039246001
V28,150,91.51500879751038
V28,151,98.51500879751038
V28,152,100.0
V28,157,91.82446111949771
V28,158,98.82446111949771
V28,159,100.0
V28,162,86.00381219265799
V28,163,93.00381219265799
V28,166,74.88013291527685
V28,167,81.88013291527685
V28,170,73.50116944318549
V28,171,80.50116944318549
V28,175,67.70700159952557
V28,176,74.70700159952557
V28,178,71.0097160308018
V28,179,78.0097160308018
V28,180,85.0097160308018
V28,181,92.0097160308018
V28,182,99.0097160308018
V28,183,100.0
V28,185,88.62599359245951
V28,187,87.32113975528824
V28,190,82.83457613706356
V28,191,89.83457613706356
V28,192,96.83457613706356
V28,193,100.0
V29,4,100.0
V29,9,90.68699747095049
V29,10,97.68699747095049
V29,11,100.0
V29,13,80.47482169872623
V29,14,87.47482169872623
V29,15,94.47482169872623
V29,16,100.0
V29,21,88.56013336715797
V29,23,86.93116336539703
V29,25,90.31419768808371
V29,27,84.75235804939314
V29,28,91.75235804939314
V29,29,98.75235804939314
V29,30,100.0
V29,34,84.06822627241034
V29,35,91.06822627241034
V29,36,98.06822627241034
V29,37,100.0
V29,40,98.0456093278108
V29,41,100.0
V29,43,100.0
V29,66,80.47482169872623
V29,67,87.47482169872623
V29,70,73.7539580941151
V29,71,80.7539580941151
V29,72,87.7539580941151
V29,73,94.7539580941151
V29,74,100.0
V29,77,97.57751217342278
V29,78,100.0
V29,82,74.27324867768385
V29,83,81.27324867768385
V29,86,76.19393531719416
V29,87,83.19393531719416
V29,88,90.19393531719416
V29,89,97.19393531719416
V29,90,100.0
V29,93,97.32561541108652
V29,94,100.0
V29,98,99.97780588705312
V29,99,100.0
V29,109,100.0
V29,112,91.62103652790864
V29,113,98.62103652790864
V29,114,100.0
V29,117,84.07774167651814
V29,119,81.95901316603201
V29,120,88.95901316603201
V29,121,95.95901316603201
V29,122,100.0
V29,125,100.0
V29,162,93.7157511562943
V29,167,63.5407580329484
V29,173,16.36296024904204
V29,174,23.36296024904204
V29,175,30.36296024904204
V29,177,34.301260014518476
V29,179,25.92309361620002
V29,180,32.92309361620002
V29,181,39.92309361620002
V29,182,46.92309361620002
V29,183,53.92309361620002
V29,186,46.585132350756396
V29,187,53.585132350756396
V29,188,60.585132350756396
V29,189,67.5851323507564
V29,190,74.5851323507564
V29,191,81.5851323507564
V29,193,84.74526498898378
V29,194,91.74526498898378
V29,195,98.74526498898378
V29,198,98.28853161176121
V29,199,100.0
V102,4,100.0
V102,16,100.0
V102,18,100.0
V102,20,97.57584437507363
V102,21,100.0
V102,23,100.0
V102,26,88.15883916446538
V102,27,95.15883916446538
V102,28,100.0
V102,31,87.72518593004827
V102,32,94.72518593004827
V102,33,100.0
V102,35,91.62183360168154
V102,36,98.62183360168154
V102,37,100.0
V102,40,100.0
V102,43,95.63344592830516
V102,44,100.0
V102,121,80.40949061598262
V102,122,87.40949061598262
V102,123,94.40949061598262
V102,124,100.0
V102,146,96.75889040116778
V102,147,100.0
V102,157,96.75889040116778
V102,158,100.0
V103,4,100.0
V103,15,95.5206855024421
V103,16,100.0
V103,24,100.0
V103,26,88.15883916446538
V103,27,95.15883916446538
V103,28,100.0
V103,33,87.12538333765234
V103,34,94.12538333765234
V103,35,100.0
V103,61,87.12538333765234
V103,62,94.12538333765234
V103,63,100.0
V103,83,80.47482169872623
V103,84,87.47482169872623
V103,85,94.47482169872623
V103,86,100.0
V103,120,80.47482169872623
V103,121,87.47482169872623
V103,122,94.47482169872623
V103,123,100.0
V103,155,94.43816036130943
V103,158,87.3231007803251
V103,159,94.3231007803251
V103,160,100.0
V186,4,100.0
V186,42,99.54292893519656
V186,44,100.0
V186,78,92.57142261162727
V186,79,99.57142261162727
V186,80,100.0
V186,95,81.06579976127088
V186,96,88.06579976127088
V186,97,95.06579976127088
V186,98,100.0
V187,4,95.38040085758814
V187,5,100.0
V187,12,100.0
V187,22,96.75889040116778
V187,23,100.0
V187,78,92.57142261162727
V187,79,99.57142261162727
V187,80,100.0
V187,96,91.62103652790864
V187,97,98.62103652790864
V187,98,100.0
V30,5,99.31211054163417
V30,6,100.0
V30,13,100.0
V30,20,96.501906096329
V30,21,100.0
V30,23,96.501906096329
V30,24,100.0
V30,26,96.30271443127623
V30,27,100.0
V30,29,100.0
V30,32,95.37957835485753
V30,33,100.0
V30,35,96.30271443127623
V30,36,100.0
V30,38,96.30271443127623
V30,39,100.0
V30,41,94.43816036130943
V30,44,94.12969486475913
V30,45,100.0
V30,49,95.85176680354046
V30,50,100.0
V30,63,86.56344783159047
V30,66,81.94425925980046
V30,67,88.94425925980046
V30,70,84.32507068801046
V30,71,91.32507068801046
V30,72,98.32507068801046
V30,73,100.0
V30,77,90.81035746650599
V30,79,89.50624120210772
V30,80,96.50624120210772
V30,81,100.0
V30,83,100.0
V30,86,79.55682412110019
V30,87,86.55682412110019
V30,88,93.55682412110019
V30,89,100.0
V30,91,88.62599359245951
V30,92,95.62599359245951
V30,93,100.0
V30,95,100.0
V30,97,99.15852512154528
V30,98,100.0
V30,100,99.15852512154528
V30,101,100.0
V30,103,100.0
V30,106,99.32046460018151
V30,107,100.0
V30,111,84.92927111098814
V30,112,91.92927111098814
V30,113,98.92927111098814
V30,114,100.0
V30,117,91.62103652790864
V30,118,98.62103652790864
V30,119,100.0
V30,122,94.02596529948485
V30,123,100.0
V30,125,100.0
V30,129,73.38920180212823
V30,131,74.57960751623322
V30,134,60.58341970889121
V30,135,67.58341970889121
V30,136,74.58341970889121
V30,137,81.58341970889121
V30,138,88.58341970889121
V30,139,95.58341970889121
V30,140,100.0
V30,143,73.68822827508694
V30,146,69.99395860584806
V30,147,76.99395860584806
V30,150,65.01024551339448
V30,151,72.01024551339448
V30,153,71.69549403662555
V30,154,78.69549403662555
V30,155,85.69549403662555
V30,158,73.89328386855627
V30,159,80.89328386855627
V30,162,66.89709606121426
V30,163,73.89709606121426
V30,166,64.71829074521037
V30,167,71.71829074521037
V30,170,66.61246133363602
V30,171,73.61246133363602
V30,173,76.81074818645995
V30,174,83.81074818645995
V30,176,72.0097968215003
V30,177,79.0097968215003
V30,178,86.0097968215003
V30,179,93.0097968215003
V30,180,100.0
V30,183,99.31051826395432
V30,187,91.7523012366841
V30,189,93.86910611654909
V30,190,100.0
V30,193,98.49983920255167
V30,194,100.0
V30,198,99.76606864537337
V30,199,100.0
V31,5,100.0
V31,11,96.501906096329
V31,12,100.0
V31,21,79.39621176256557
V31,22,86.39621176256557
V31,23,93.39621176256557
V31,24,100.0
V31,29,97.57651682482674
V31,30,100.0
V31,32,100.0
V31,34,95.5206855024421
V31,35,100.0
V31,39,93.17035499249069
V31,40,100.0
V31,44,98.22033675111197
V31,45,100.0
V31,49,100.0
V31,51,92.3865718460758
V31,52,99.3865718460758
V31,53,100.0
V31,60,85.0968644372572
V31,61,92.0968644372572
V31,62,99.0968644372572
V31,63,100.0
V31,66,95.38081142821
V31,67,100.0
V31,73,70.62565577174252
V31,74,77.62565577174252
V31,75,84.62565577174252
V31,76,91.62565577174252
V31,77,98.62565577174252
V31,82,78.5918327704778
V31,83,85.5918327704778
V31,86,81.28514733140129
V31,87,88.28514733140129
V31,90,76.45159380436527
V31,91,83.45159380436527
V31,92,90.45159380436527
V31,93,97.45159380436527
V31,94,100.0
V31,108,87.12538333765234
V31,109,94.12538333765234
V31,110,100.0
V31,113,87.28605677459325
V31,115,75.91205036705276
V31,117,77.10369061703766
V31,118,84.10369061703766
V31,119,91.10369061703766
V31,120,98.10369061703766
V31,121,100.0
V31,126,66.23279887880963
V31,127,73.23279887880963
V31,130,68.61607937877943
V31,131,75.61607937877943
V31,134,61.61989157143742
V31,135,68.61989157143742
V31,136,75.61989157143742
V31,137,82.61989157143742
V31,138,89.61989157143742
V31,139,96.61989157143742
V31,140,100.0
V31,146,64.01379618738582
V31,147,71.01379618738582
V31,149,74.3968305100725
V31,150,81.3968305100725
V31,153,68.62492972602126
V31,154,75.62492972602126
V31,158,65.63737480436434
V31,159,72.63737480436434
V31,161,74.35412547872794
V31,162,81.35412547872794
V31,163,88.35412547872794
V31,165,91.3941011128294
V31,170,68.42910196167483
V31,171,75.42910196167483
V31,175,57.841163802666884
V31,176,64.84116380266688
V31,178,68.22419812535357
V31,179,75.22419812535357
V31,182,73.72403732790524
V31,183,80.72403732790524
V31,186,78.49669474989362
V31,187,85.49669474989362
V31,190,85.26276339526699
V31,191,92.26276339526699
V31,192,99.26276339526699
V31,194,100.0
V31,197,100.0
V43,5,96.29460541434128
V43,6,100.0
V43,13,91.62183360168154
V43,14,98.62183360168154
V43,15,100.0
V43,22,96.75889040116778
V43,23,100.0
V43,30,96.75889040116778
V43,31,100.0
V43,34,94.42732314381931
V43,35,100.0
V43,39,93.61664408241666
V43,41,96.99967840510334
V43,45,95.02348314527204
V43,46,100.0
V43,50,100.0
V43,60,88.62599359245951
V43,61,95.62599359245951
V43,62,100.0
V43,69,91.62103652790864
V43,70,98.62103652790864
V43,71,100.0
V43,78,77.9712130726297
V43,79,84.9712130726297
V43,80,91.9712130726297
V43,81,98.9712130726297
V43,82,100.0
V43,91,100.0
V43,93,100.0
V43,96,97.3981022517842
V43,97,100.0
V43,108,85.0968644372572
V43,109,92.0968644372572
V43,110,99.0968644372572
V43,111,100.0
V43,117,85.0968644372572
V43,118,92.0968644372572
V43,120,77.19372887451439
V43,121,84.19372887451439
V43,122,91.19372887451439
V43,123,98.19372887451439
V43,124,100.0
V43,129,91.62103652790864
V43,130,98.62103652790864
V43,131,100.0
V43,135,81.88637176858686
V43,137,78.0016664089482
V43,138,85.0016664089482
V43,139,92.0016664089482
V43,143,82.96221803497252
V43,144,89.96221803497252
V43,145,96.96221803497252
V43,146,100.0
V43,158,77.92979714059722
V43,162,58.85354809978209
V43,163,65.85354809978209
V43,166,61.236828599751874
V43,167,68.23682859975187
V43,168,75.23682859975187
V43,169,82.23682859975187
V43,170,89.23682859975187
V43,171,96.23682859975187
V43,176,76.54909216258686
V43,177,83.54909216258686
V43,178,90.54909216258686
V43,179,97.54909216258686
V43,180,100.0
V43,184,94.5001987945029
V43,185,100.0
V104,5,100.0
V104,15,100.0
V104,17,100.0
V104,19,100.0
V104,21,98.33727863957394
V104,22,100.0
V104,27,100.0
V104,29,98.33657178985491
V104,30,100.0
V104,41,95.87220705036408
V104,42,100.0
V104,71,96.14158481976173
V104,73,100.0
V104,76,100.0
V104,81,97.57649374873853
V104,83,93.87920818001476
V104,86,89.57252274093825
V104,87,96.57252274093825
V104,88,100.0
V104,94,92.68875622136656
V104,95,99.68875622136656
V104,96,100.0
V104,101,94.0389101944165
V104,102,100.0
V61,6,100.0
V61,11,99.03461832218478
V61,12,100.0
V61,15,94.43816036130943
V61,16,100.0
V61,22,96.75889040116778
V61,23,100.0
V61,47,94.30722902346093
V61,48,100.0
V61,66,85.74595503650744
V61,67,92.74595503650744
V61,68,99.74595503650744
V61,69,100.0
V61,77,88.19904863504036
V61,78,95.19904863504036
V61,79,100.0
V61,83,79.55682412109965
V61,86,68.17330230945136
V61,87,75.17330230945136
V61,88,82.17330230945136
V61,89,89.17330230945136
V61,90,96.17330230945136
V61,91,100.0
V61,93,98.71049987785196
V61,94,100.0
V61,110,91.561048193338
V61,111,98.561048193338
V61,114,82.78090302954965
V61,115,89.78090302954965
V61,116,96.78090302954965
V61,117,100.0
V61,122,81.87214178535598
V61,123,88.87214178535598
V61,124,95.87214178535598
V61,125,100.0
V61,130,84.67598307596971
V61,133,69.35196615193942
V61,134,76.35196615193942
V61,135,83.35196615193942
V61,136,90.35196615193942
V61,137,97.35196615193942
V61,138,100.0
V61,140,95.37957835485753
V61,141,100.0
V61,155,95.37957835485753
V61,158,90.76285885482733
V61,159,97.76285885482733
V61,160,100.0
V61,166,91.62103652790864
V61,167,98.62103652790864
V61,168,100.0
V61,174,88.15883916446538
V61,178,82.42006951267008
V61,179,89.42006951267008
V61,182,83.69539951408035
V61,183,90.69539951408035
V61,186,83.88206163837486
V61,187,90.88206163837486
V61,190,80.69696738466232
V61,191,87.69696738466232
V61,192,94.69696738466232
V61,193,100.0
V61,195,100.0
V32,7,100.0
V32,12,100.0
V32,14,99.31051826395432
V32,15,100.0
V32,22,100.0
V32,26,99.54292893519656
V32,27,100.0
V32,31,94.88263549952084
V32,33,98.26543179649002
V32,35,100.0
V32,37,96.30271443127623
V32,38,100.0
V32,41,95.37957783099759
V32,42,100.0
V32,47,95.88050733554397
V32,48,100.0
V32,52,98.22327983371927
V32,53,100.0
V32,60,88.15883916446538
V32,61,95.15883916446538
V32,62,100.0
V32,66,95.38081142821
V32,67,100.0
V32,70,95.37480928189869
V32,73,84.97545868964053
V32,74,91.97545868964053
V32,75,98.97545868964053
V32,76,100.0
V32,79,61.78724572149134
V32,80,68.78724572149133
V32,81,75.78724572149133
V32,82,82.78724572149133
V32,83,89.78724572149133
V32,86,85.48056028241483
V32,87,92.48056028241483
V32,90,88.17387484333833
V32,91,95.17387484333833
V32,92,100.0
V32,94,88.62599359245951
V32,95,95.62599359245951
V32,96,100.0
V32,98,100.0
V32,104,99.54326662277744
V32,106,96.04517271910643
V32,107,100.0
V32,115,91.62183360168154
V32,118,83.20719917220683
V32,119,90.20719917220683
V32,120,97.20719917220683
V32,121,100.0
V32,125,79.4449176471706
V32,126,86.4449176471706
V32,127,93.4449176471706
V32,133,65.61484353384624
V32,134,72.61484353384624
V32,135,79.61484353384624
V32,137,79.30009205707731
V32,138,86.30009205707731
V32,139,93.30009205707731
V32,144,78.41438007051553
V32,145,85.41438007051553
V32,146,92.41438007051553
V32,147,99.41438007051553
V32,148,100.0
V32,155,80.47482169872623
V32,158,72.09585822663487
V32,159,79.09585822663487
V32,163,67.91802959941863
V32,166,67.684098244792
V32,167,74.684098244792
V32,171,66.71526102108024
V32,174,61.16052635137881
V32,175,68.16052635137882
V32,178,57.72927682312893
V32,179,64.72927682312893
V32,180,71.72927682312893
V32,181,78.72927682312893
V32,182,85.72927682312893
V32,183,92.72927682312893
V32,187,74.3696480486525
V32,188,81.3696480486525
V32,190,81.85781165614142
V32,191,88.85781165614142
V32,192,95.85781165614142
V32,193,100.0
V33,8,99.68524852323107
V33,9,100.0
V33,14,100.0
V33,17,100.0
V33,19,93.87071245941843
V33,20,100.0
V33,22,100.0
V33,26,95.6933145609235
V33,27,100.0
V33,30,88.76903881089738
V33,31,95.76903881089738
V33,33,98.92927111098814
V33,34,100.0
V33,37,91.30534537033013
V33,38,98.30534537033013
V33,39,100.0
V33,41,100.0
V33,46,99.54292893519656
V33,47,100.0
V33,49,98.69588373560173
V33,50,100.0
V33,63,100.0
V33,66,84.22054970953798
V33,67,91.22054970953798
V33,70,86.60136113774797
V33,71,93.60136113774797
V33,72,100.0
V33,74,91.62183360168154
V33,75,98.62183360168154
V33,77,100.0
V33,79,100.0
V33,83,84.22054970953798
V33,86,79.14123634904828
V33,87,86.14123634904828
V33,88,93.14123634904828
V33,89,100.0
V33,94,95.87107272322893
V33,95,100.0
V33,108,96.75889040116778
V33,109,100.0
V33,117,91.82446111949771
V33,118,98.82446111949771
V33,119,100.0
V33,122,91.51257885720659
V33,123,98.51257885720659
V33,124,100.0
V33,130,79.60345500440316
V33,134,64.98330130798976
V33,135,71.98330130798976
V33,136,78.98330130798976
V33,137,85.98330130798976
V33,138,92.98330130798976
V33,139,99.98330130798976
V33,140,100.0
V33,143,96.30271443127623
V33,146,88.2188427312296
V33,147,95.2188427312296
V33,150,88.4517479110473
V33,151,95.4517479110473
V33,152,100.0
V33,158,72.31430950025597
V33,161,58.1189300278612
V33,162,65.1189300278612
V33,163,72.1189300278612
V33,166,71.88499867323456
V33,167,78.88499867323456
V33,170,74.35564957541627
V33,171,81.35564957541627
V33,174,75.78297271923557
V33,177,74.28428153183968
V33,178,81.28428153183968
V33,179,88.28428153183968
V33,182,80.10938400119835
V33,183,87.10938400119835
V33,186,85.00029638196351
V33,188,82.82026185723412
V33,189,89.82026185723412
V33,190,96.82026185723412
V33,191,100.0
V44,8,100.0
V44,12,88.15883916446538
V44,13,95.15883916446538
V44,14,100.0
V44,22,96.75889040116778
V44,23,100.0
V44,31,96.75889040116778
V44,32,100.0
V44,34,96.30271443127623
V44,35,100.0
V44,40,92.10934212348434
V44,41,99.10934212348434
V44,42,100.0
V44,59,100.0
V44,62,91.58536557052528
V44,63,98.58536557052528
V44,64,100.0
V44,70,91.69150065751478
V44,71,98.69150065751478
V44,74,96.8799180183454
V44,75,100.0
V44,81,97.657696473705
V44,82,100.0
V44,110,97.657696473705
V44,111,100.0
V44,115,85.50011106982639
V44,117,84.81062933378071
V44,118,91.81062933378071
V44,119,98.81062933378071
V44,120,100.0
V44,123,89.55496524117441
V44,125,88.86548350512874
V44,126,95.86548350512874
V44,127,100.0
V44,129,84.39362286074567
V44,131,68.78724572149133
V44,134,60.408282249399974
V44,135,67.40828224939997
V44,136,74.40828224939997
V44,137,81.40828224939997
V44,138,88.40828224939997
V44,139,95.40828224939997
V44,140,100.0
V44,143,88.19904863504036
V44,146,85.52545115574887
V44,147,92.52545115574887
V44,148,99.52545115574887
V44,149,100.0
V44,154,84.68155292310823
V44,155,91.68155292310823
V44,158,87.06236435131822
V44,159,94.06236435131822
V44,162,89.44317577952822
V44,163,96.44317577952822
V44,166,91.82645627949802
V44,167,98.82645627949802
V44,168,100.0
V44,173,85.0968644372572
V44,174,92.0968644372572
V44,177,76.31671927346886
V44,178,83.31671927346886
V44,179,90.31671927346886
V44,180,97.31671927346886
V44,181,100.0
V44,185,81.06579976127088
V44,186,88.06579976127088
V44,187,95.06579976127088
V44,188,100.0
V188,8,98.98715704809572
V188,9,100.0
V188,12,95.37957835485753
V188,13,100.0
V188,22,96.75889040116778
V188,23,100.0
V188,78,92.57142261162727
V188,79,99.57142261162727
V188,80,100.0
V188,96,91.62103652790864
V188,97,98.62103652790864
V188,98,100.0
V189,10,100.0
V189,47,95.64680638605
V189,48,100.0
V189,56,100.0
V189,70,89.5508354501894
V189,71,96.5508354501894
V189,72,100.0
V189,95,96.501906096329
V189,97,98.62018058624642
V189,98,100.0
V189,108,91.69150065751478
V189,109,98.69150065751478
V189,110,100.0
V45,11,84.39362286074567
V45,12,91.39362286074567
V45,13,98.39362286074567
V45,14,100.0
V45,22,96.75889040116778
V45,23,100.0
V45,34,85.01861235612897
V45,35,92.01861235612897
V45,36,99.01861235612897
V45,37,100.0
V45,41,98.80800860367482
V45,42,100.0
V45,48,100.0
V45,51,100.0
V45,62,88.62599359245951
V45,63,95.62599359245951
V45,64,100.0
V45,70,88.15883916446538
V45,71,95.15883916446538
V45,72,100.0
V45,76,98.20356395125042
V45,77,100.0
V45,79,100.0
V45,81,100.0
V45,86,76.48082000666828
V45,87,83.48082000666828
V45,88,90.48082000666828
V45,89,97.48082000666828
V45,90,100.0
V45,94,94.6049954819318
V45,95,100.0
V45,103,100.0
V45,107,88.19904863504036
V45,108,95.19904863504036
V45,109,100.0
V45,118,95.38081142821
V45,119,100.0
V45,122,94.02596529948485
V45,123,100.0
V45,134,39.292304727663705
V45,135,46.292304727663705
V45,136,53.292304727663705
V45,137,60.292304727663705
V45,138,67.2923047276637
V45,139,74.2923047276637
V45,142,72.16788440142162
V45,143,79.16788440142162
V45,144,86.16788440142162
V45,145,93.16788440142162
V45,146,100.0
V45,149,90.1007872885825
V45,150,97.1007872885825
V45,151,100.0
V45,157,88.19904863504036
V45,158,95.19904863504036
V45,159,100.0
V45,162,95.38081142821
V45,163,100.0
V45,170,63.23902986675943
V45,171,70.23902986675944
V45,174,61.86006639466808
V45,175,68.86006639466808
V45,176,75.86006639466808
V45,177,82.86006639466808
V45,178,89.86006639466808
V45,179,96.86006639466808
V45,180,100.0
V45,185,81.06579976127088
V45,186,88.06579976127088
V45,187,95.06579976127088
V45,188,100.0
V105,11,88.62599359245951
V105,12,95.62599359245951
V105,13,100.0
V105,22,96.75889040116778
V105,23,100.0
V105,71,96.14158481976173
V105,73,100.0
V105,76,100.0
V105,79,100.0
V105,82,91.58536557052528
V105,83,98.58536557052528
V105,86,91.15678818215255
V105,87,98.15678818215255
V105,88,100.0
V105,110,92.1132513841882
V105,111,99.1132513841882
V105,112,100.0
V121,11,91.82446111949771
V121,12,98.82446111949771
V121,13,100.0
V121,22,96.75889040116778
V121,23,100.0
V121,74,92.57142261162727
V121,75,99.57142261162727
V121,76,100.0
V121,86,94.02596529948485
V121,87,100.0
V121,109,100.0
V122,11,91.82446111949771
V122,12,98.82446111949771
V122,13,100.0
V122,22,96.75889040116778
V122,23,100.0
V122,75,90.05547629102263
V122,78,87.93105596478054
V122,79,94.93105596478054
V122,82,90.40170686696224
V122,83,97.40170686696224
V122,86,93.09502142788574
V122,87,100.0
V122,98,100.0
V122,110,92.1132513841882
V122,111,99.1132513841882
V122,112,100.0
V190,11,99.31051826395432
V190,12,100.0
V190,22,96.75889040116778
V190,23,100.0
V190,78,92.57142261162727
V190,79,99.57142261162727
V190,80,100.0
V190,95,96.501906096329
V190,98,95.27220711011236
V190,99,100.0
V190,108,96.30271443127623
V190,109,100.0
V262,11,100.0
V262,43,96.75889040116778
V262,44,100.0
V262,82,92.57142261162727
V262,83,99.57142261162727
V262,84,100.0
V34,12,94.43816036130943
V34,13,100.0
V34,22,100.0
V34,26,95.6933145609235
V34,27,100.0
V34,29,100.0
V34,62,100.0
V34,66,95.38081142821
V34,67,100.0
V34,70,91.82446111949771
V34,71,98.82446111949771
V34,72,100.0
V34,75,95.24850350243759
V34,76,100.0
V34,78,100.0
V34,82,92.57142261162727
V34,83,99.57142261162727
V34,86,95.04207351380897
V34,88,90.56298422587004
V34,89,97.56298422587004
V34,90,100.0
V34,92,100.0
V34,107,88.15883916446538
V34,108,95.15883916446538
V34,109,100.0
V34,117,91.82446111949771
V34,118,98.82446111949771
V34,119,100.0
V34,122,91.51257885720659
V34,123,98.51257885720659
V34,124,100.0
V34,127,91.62103652790864
V34,128,98.62103652790864
V34,129,100.0
V34,134,62.5338626580111
V34,135,69.5338626580111
V34,136,76.5338626580111
V34,138,79.91689698069779
V34,139,86.91689698069779
V34,142,82.38754788287949
V34,143,89.38754788287949
V34,144,96.38754788287949
V34,145,100.0
V34,149,80.43398555164156
V34,150,87.43398555164156
V34,151,94.43398555164156
V34,152,100.0
V34,158,96.5924683131252
V34,159,100.0
V34,162,100.0
V34,167,72.6583660362385
V34,171,66.39293522141996
V34,172,73.39293522141996
V34,173,80.39293522141996
V34,174,87.39293522141996
V34,176,90.00428050927917
V34,177,97.00428050927917
V34,178,100.0
V34,180,96.75889040116778
V34,181,100.0
V34,183,94.5001987945029
V34,184,100.0
V106,12,88.62599359245951
V106,13,95.62599359245951
V106,14,100.0
V106,22,96.75889040116778
V106,23,100.0
V106,72,96.75889040116778
V106,73,100.0
V106,85,76.2015447983773
V106,86,83.2015447983773
V106,87,90.2015447983773
V106,88,97.2015447983773
V106,90,95.91204467622926
V106,91,100.0
V106,111,100.0
V106,114,87.12340888454051
V106,115,94.12340888454051
V106,116,100.0
V191,12,99.31051826395432
V191,13,100.0
V191,22,96.75889040116778
V191,23,100.0
V191,78,92.57142261162727
V191,79,99.57142261162727
V191,80,100.0
V191,95,96.501906096329
V191,96,100.0
V191,98,100.0
V191,111,90.85619912495342
V191,112,97.85619912495342
V191,113,100.0
V441,12,95.37957835485753
V441,13,100.0
V543,12,96.501906096329
V543,13,100.0
V544,12,96.501906096329
V544,13,100.0
V561,12,92.96629229870302
V561,13,99.96629229870302
V561,14,100.0
V561,23,100.0
V561,25,100.0
V561,133,88.64209893172921
V561,134,95.64209893172921
V561,135,100.0
V561,138,100.0
V561,145,100.0
V561,160,82.3057361182035
V561,161,89.3057361182035
V561,162,96.3057361182035
V561,163,100.0
V562,12,80.47482169872623
V562,13,87.47482169872623
V562,14,94.47482169872623
V562,15,100.0
V35,13,100.0
V35,15,96.501906096329
V35,16,100.0
V35,22,100.0
V35,26,95.6933145609235
V35,27,100.0
V35,31,87.3774857700869
V35,32,94.3774857700869
V35,34,95.5618893378806
V35,35,100.0
V35,39,100.0
V35,41,100.0
V35,44,100.0
V35,47,100.0
V35,50,90.11349750791886
V35,51,97.11349750791886
V35,52,100.0
V35,67,100.0
V35,81,88.92924593056514
V35,82,95.92924593056514
V35,83,100.0
V35,110,80.47482169872623
V35,111,87.47482169872623
V35,112,94.47482169872623
V35,113,100.0
V35,117,91.82446111949771
V35,118,98.82446111949771
V35,119,100.0
V35,122,91.51257885720659
V35,123,98.51257885720659
V35,124,100.0
V35,129,72.77331639128691
V35,130,79.77331639128691
V35,131,86.77331639128691
V35,134,79.43535512584329
V35,135,86.43535512584329
V35,138,84.20801254783167
V35,143,74.90635284326916
V35,146,70.7774255664981
V35,147,77.7774255664981
V35,148,84.7774255664981
V35,149,91.7774255664981
V35,150,98.7774255664981
V35,151,100.0
V35,157,100.0
V35,160,87.7151119961829
V35,162,86.05239063575684
V35,166,61.69804643925067
V35,167,68.69804643925067
V35,168,75.69804643925067
V35,175,46.5963587864138
V35,178,44.17079533336787
V35,179,51.17079533336787
V35,180,58.17079533336787
V35,181,65.17079533336786
V35,182,72.17079533336786
V35,183,79.17079533336786
V35,185,80.36120104747286
V35,186,87.36120104747286
V35,188,89.07664808300339
V35,189,96.07664808300339
V35,192,94.84812600908998
V35,193,100.0
V46,13,84.39362286074567
V46,14,91.39362286074567
V46,15,98.39362286074567
V46,16,100.0
V46,22,96.75889040116778
V46,23,100.0
V46,34,92.57142261162727
V46,35,99.57142261162727
V46,36,100.0
V46,39,84.21985483621167
V46,40,91.21985483621167
V46,41,98.21985483621167
V46,42,100.0
V46,52,85.0968644372572
V46,53,92.0968644372572
V46,54,99.0968644372572
V46,55,100.0
V46,62,96.30271443127623
V46,63,100.0
V46,66,94.92068663951031
V46,67,100.0
V46,73,79.88073456699489
V46,74,86.88073456699489
V46,75,93.88073456699489
V46,76,100.0
V46,79,91.82446111949771
V46,80,98.82446111949771
V46,81,100.0
V46,83,94.43816036130943
V46,86,95.5236653360017
V46,88,89.5625755304182
V46,89,96.5625755304182
V46,90,100.0
V46,111,97.657696473705
V46,113,100.0
V46,115,88.62599359245951
V46,116,95.62599359245951
V46,117,100.0
V46,120,85.60542886255246
V46,121,92.60542886255246
V46,122,99.60542886255246
V46,123,100.0
V46,126,78.36080329439382
V46,127,85.36080329439382
V46,130,65.6180711106382
V46,131,72.6180711106382
V46,134,68.001351610608
V46,135,75.001351610608
V46,136,82.001351610608
V46,137,89.001351610608
V46,138,96.001351610608
V46,139,100.0
V46,142,73.57896261203389
V46,143,80.57896261203389
V46,144,87.57896261203389
V46,145,94.57896261203389
V46,146,100.0
V46,157,89.55498785869852
V46,158,96.55498785869852
V46,159,100.0
V46,162,95.38081142821
V46,163,100.0
V46,166,95.38081142821
V46,167,100.0
V46,173,84.68155292310823
V46,177,66.27718565970665
V46,178,73.27718565970665
V46,179,80.27718565970665
V46,180,87.27718565970665
V46,181,94.27718565970665
V46,182,100.0
V46,186,92.88494041901568
V46,188,95.00174529888066
V46,191,89.15316850093043
V46,192,96.15316850093043
V46,193,100.0
V47,13,84.39362286074567
V47,14,91.39362286074567
V47,15,98.39362286074567
V47,16,100.0
V47,22,96.75889040116778
V47,23,100.0
V47,34,96.75889040116778
V47,35,100.0
V47,38,79.20248734119804
V47,39,86.20248734119804
V47,40,93.20248734119804
V47,41,100.0
V47,46,92.73833342150603
V47,47,99.73833342150603
V47,48,100.0
V47,53,91.02140695992792
V47,54,98.02140695992792
V47,55,100.0
V47,62,88.62599359245951
V47,63,95.62599359245951
V47,64,100.0
V47,71,91.82446111949771
V47,72,98.82446111949771
V47,73,100.0
V47,77,100.0
V47,79,96.75889040116778
V47,80,100.0
V47,82,94.43816036130943
V47,83,100.0
V47,85,100.0
V47,88,97.3249780928648
V47,89,100.0
V47,94,90.04110440857691
V47,95,97.04110440857691
V47,96,100.0
V47,109,100.0
V47,111,100.0
V47,118,79.55076074917108
V47,119,86.55076074917108
V47,120,93.55076074917108
V47,121,100.0
V47,125,70.18612695961747
V47,126,77.18612695961747
V47,127,84.18612695961747
V47,128,91.18612695961747
V47,129,98.18612695961747
V47,130,100.0
V47,132,94.5001987945029
V47,133,100.0
V47,166,89.52451106089596
V47,167,96.52451106089596
V47,168,100.0
V47,174,92.66203873455638
V47,177,88.96620744901645
V47,180,80.32436351222704
V47,181,87.32436351222704
V47,182,94.32436351222704
V47,183,100.0
V47,190,87.23054925755781
V47,191,94.23054925755781
V47,193,96.8407176331138
V47,194,100.0
V107,13,100.0
V107,15,100.0
V107,25,84.39362286074567
V107,26,91.39362286074567
V107,27,98.39362286074567
V107,28,100.0
V107,33,100.0
V107,66,100.0
V107,86,75.88511687435864
V107,87,82.88511687435864
V107,88,89.88511687435864
V107,90,93.04584779441043
V107,91,100.0
V107,111,84.56317499634835
V107,112,91.56317499634835
V107,113,98.56317499634835
V107,114,100.0
V108,13,88.62599359245951
V108,14,95.62599359245951
V108,15,100.0
V108,22,96.75889040116778
V108,23,100.0
V108,72,96.75889040116778
V108,73,100.0
V108,86,91.62183255297299
V108,88,95.76903776218883
V108,89,100.0
V108,93,95.07891805828841
V108,94,100.0
V108,111,98.3737255814168
V108,112,100.0
V108,121,100.0
V108,130,94.5577458799744
V108,131,100.0
V108,134,85.73405635724524
V108,135,92.73405635724524
V108,136,99.73405635724524
V108,137,100.0
V192,13,99.31051826395432
V192,14,100.0
V192,22,96.75889040116778
V192,23,100.0
V192,78,92.57142261162727
V192,79,99.57142261162727
V192,80,100.0
V192,97,94.42732314381931
V192,98,100.0
V192,101,97.65852577282142
V192,102,100.0
V192,113,100.0
V192,117,88.8620897240713
V192,119,82.51869852672453
V192,120,89.51869852672453
V192,121,96.51869852672453
V192,122,100.0
V192,126,82.87640573888888
V192,127,89.87640573888888
V192,128,96.87640573888888
V192,129,100.0
V193,13,99.31051826395432
V193,14,100.0
V193,22,96.75889040116778
V193,23,100.0
V193,78,92.57142261162727
V193,79,99.57142261162727
V193,80,100.0
V193,97,94.42732314381931
V193,98,100.0
V193,102,100.0
V193,108,91.62183360168154
V193,109,98.62183360168154
V193,110,100.0
V194,13,99.31051826395432
V194,14,100.0
V194,22,96.75889040116778
V194,23,100.0
V194,78,95.87107272322893
V194,80,92.17378715450516
V194,81,99.17378715450516
V194,82,100.0
V194,97,94.5001987945029
V194,98,100.0
V194,121,94.5001987945029
V194,122,100.0
V263,13,92.10625832931474
V263,14,99.10625832931474
V263,15,100.0
V263,18,88.62599359245951
V263,19,95.62599359245951
V263,20,100.0
V263,43,100.0
V263,66,100.0
V264,13,100.0
V264,43,88.15883916446538
V264,44,95.15883916446538
V264,45,100.0
V264,62,88.15883916446538
V264,63,95.15883916446538
V264,64,100.0
V265,13,100.0
V265,45,90.62615784754779
V265,46,97.62615784754779
V265,47,100.0
V265,50,100.0
V265,66,84.22054970953798
V265,67,91.22054970953798
V265,68,98.22054970953798
V265,69,100.0
V281,13,93.87071245941843
V281,14,100.0
V281,26,84.39362286074567
V281,27,91.39362286074567
V281,28,98.39362286074567
V281,29,100.0
V281,47,88.19904863504036
V281,48,95.19904863504036
V281,49,100.0
V281,68,78.93426868591095
V281,69,85.93426868591095
V281,70,92.93426868591095
V281,71,99.93426868591095
V281,72,100.0
V282,13,100.0
V282,62,100.0
V341,13,100.0
V442,13,95.37957835485753
V442,14,100.0
V443,13,95.37957835485753
V443,14,100.0
V444,13,95.37957835485753
V444,14,100.0
V545,13,100.0
V545,21,99.68361410793196
V545,22,100.0
V545,130,95.69967988144509
V545,131,100.0
V545,163,95.37957835485753
V545,164,100.0
V546,13,100.0
V546,66,90.83113721738945
V546,67,97.83113721738945
V546,68,100.0
V547,13,100.0
V547,66,96.30271443127623
V547,67,100.0
V548,13,96.501906096329
V548,14,100.0
V549,13,96.501906096329
V549,14,100.0
V36,14,94.43816036130943
V36,15,100.0
V36,22,96.30271443127623
V36,23,100.0
V36,25,96.30271443127623
V36,26,100.0
V36,29,91.62103652790864
V36,30,98.62103652790864
V36,31,100.0
V36,33,91.82446111949771
V36,34,98.82446111949771
V36,35,100.0
V36,37,99.08033847655973
V36,38,100.0
V36,40,100.0
V36,46,98.20356395124989
V36,47,100.0
V36,63,100.0
V36,67,97.65852577282142
V36,70,89.12372925053005
V36,71,96.12372925053005
V36,72,100.0
V36,74,100.0
V36,76,100.0
V36,79,89.6362875897748
V36,80,96.6362875897748
V36,81,100.0
V36,85,100.0
V36,89,90.38955681991297
V36,90,97.38955681991297
V36,91,100.0
V36,93,86.71943292469277
V36,94,93.71943292469277
V36,95,100.0
V36,107,94.5001987945029
V36,108,100.0
V36,117,91.82446111949771
V36,118,98.82446111949771
V36,119,100.0
V36,122,91.82446111949771
V36,123,98.82446111949771
V36,124,100.0
V36,126,100.0
V36,129,94.02596529948485
V36,130,100.0
V36,133,88.62552419590452
V36,135,85.85962396364093
V36,138,81.4472380093165
V36,139,88.4472380093165
V36,140,95.4472380093165
V36,141,100.0
V36,155,79.39621176256557
V36,158,71.01724829047421
V36,159,78.01724829047421
V36,162,69.63828481838286
V36,163,76.63828481838286
V36,165,77.82869053248785
V36,167,79.54413756801839
V36,171,75.95535286631505
V36,174,67.42055634402368
V36,175,74.42055634402368
V36,176,81.42055634402368
V36,177,88.42055634402368
V36,178,95.42055634402368
V36,179,100.0
V36,183,91.62183360168154
V36,185,95.76903881089738
V36,187,96.95640264549247
V36,189,97.2172502181748
V36,190,100.0
V37,14,100.0
V37,16,100.0
V37,18,98.81034677576118
V37,19,100.0
V37,21,89.04297768976362
V37,22,96.04297768976362
V37,23,100.0
V37,25,94.43816036130943
V37,30,76.06483704006132
V37,31,83.06483704006132
V37,32,90.06483704006132
V37,33,97.06483704006132
V37,34,100.0
V37,40,100.0
V37,42,100.0
V37,45,96.63911191865373
V37,47,88.38282704878128
V37,48,95.38282704878128
V37,49,100.0
V37,51,100.0
V37,61,85.0968644372572
V37,62,92.0968644372572
V37,63,99.0968644372572
V37,66,94.47767586546719
V37,67,100.0
V37,70,91.82446111949771
V37,71,98.82446111949771
V37,72,100.0
V37,75,100.0
V37,77,88.15883916446538
V37,78,95.15883916446538
V37,79,100.0
V37,83,76.98590127419534
V37,84,83.98590127419534
V37,86,85.70346784861886
V37,87,92.70346784861886
V37,88,99.70346784861886
V37,89,100.0
V37,93,97.88127148951386
V37,94,100.0
V37,106,88.19904863504036
V37,107,95.19904863504036
V37,108,100.0
V37,117,91.82446111949771
V37,118,98.82446111949771
V37,119,100.0
V37,126,78.85613765307482
V37,127,85.85613765307482
V37,128,92.85613765307482
V37,129,99.85613765307482
V37,130,100.0
V37,134,81.86548350512874
V37,135,88.86548350512874
V37,136,95.86548350512874
V37,137,100.0
V37,140,82.06444264737029
V37,142,82.45862410767155
V37,143,89.45862410767155
V37,144,96.45862410767155
V37,146,91.44083066986254
V37,147,98.44083066986254
V37,148,100.0
V37,154,85.0968644372572
V37,155,92.0968644372572
V37,158,83.71790096516584
V37,159,90.71790096516584
V37,162,82.33893749307448
V37,163,89.33893749307448
V37,166,84.71974892128448
V37,167,91.71974892128448
V37,168,98.71974892128448
V37,169,100.0
V37,173,74.09208615508427
V37,174,81.09208615508427
V37,176,83.70343144294348
V37,177,90.70343144294348
V37,178,97.70343144294348
V37,179,100.0
V37,182,93.8603281661665
V37,183,100.0
V37,189,78.10183624724279
V37,190,85.10183624724279
V37,192,86.22563211112369
V37,193,93.22563211112369
V37,194,100.0
V48,14,84.39362286074567
V48,15,91.39362286074567
V48,16,98.39362286074567
V48,17,100.0
V48,22,96.75889040116778
V48,23,100.0
V48,36,96.75889040116778
V48,37,100.0
V48,42,88.44901971054959
V48,43,95.44901971054959
V48,46,92.70893487793259
V48,47,99.70893487793259
V48,48,100.0
V48,54,100.0
V48,64,86.91008914438426
V48,65,93.91008914438426
V48,66,100.0
V48,73,81.86548350512874
V48,74,88.86548350512874
V48,75,95.86548350512874
V48,76,100.0
V48,78,91.69150065751478
V48,79,98.69150065751478
V48,80,100.0
V48,82,91.69150065751478
V48,83,98.69150065751478
V48,86,91.26292326914205
V48,87,98.26292326914205
V48,88,100.0
V48,90,99.03461832218478
V48,91,100.0
V48,94,99.76606864537337
V48,95,100.0
V48,98,100.0
V48,101,100.0
V48,103,94.73166046147476
V48,104,100.0
V48,107,91.82446111949771
V48,108,98.82446111949771
V48,109,100.0
V48,119,94.42732314381931
V48,122,87.31226356283499
V48,123,94.31226356283499
V48,124,100.0
V48,131,78.89252662152794
V48,134,76.46696316848201
V48,135,83.46696316848201
V48,136,90.46696316848201
V48,138,89.77748143243633
V48,139,96.77748143243633
V48,140,100.0
V48,143,95.37957835485753
V48,144,100.0
V48,154,95.37957835485753
V48,155,100.0
V48,158,95.38081142821
V48,159,100.0
V48,162,95.38081142821
V48,163,100.0
V48,165,88.15883916446538
V48,166,95.15883916446538
V48,168,96.87640573888888
V48,169,100.0
V48,176,75.75309279179208
V48,177,82.75309279179208
V48,178,89.75309279179208
V48,179,96.75309279179208
V48,180,100.0
V48,186,95.38081142821
V48,187,100.0
V48,189,94.5001987945029
V48,190,100.0
V49,14,84.39362286074567
V49,15,91.39362286074567
V49,16,98.39362286074567
V49,17,100.0
V49,22,96.75889040116778
V49,23,100.0
V49,36,96.75889040116778
V49,37,100.0
V49,39,100.0
V49,62,100.0
V49,73,91.02265762950051
V49,77,82.23816156442524
V49,78,89.23816156442524
V49,79,96.23816156442524
V49,82,87.82352713495052
V49,83,94.82352713495052
V49,86,90.51684169587402
V49,87,97.51684169587402
V49,88,100.0
V49,94,95.3699533450649
V49,95,100.0
V49,107,95.37957835485753
V49,108,100.0
V49,118,91.62183360168154
V49,119,98.62183360168154
V49,123,97.06344922932907
V49,126,85.83248804022645
V49,127,92.83248804022645
V49,128,99.83248804022645
V49,129,100.0
V49,132,76.64892223899543
V49,133,83.64892223899543
V49,134,90.64892223899543
V49,135,97.64892223899543
V49,136,100.0
V49,139,89.5635761937811
V49,143,81.97332288650358
V49,144,88.97332288650358
V49,145,95.97332288650358
V49,146,100.0
V49,154,88.56013336715797
V49,155,95.56013336715797
V49,158,90.94094479536797
V49,159,97.94094479536797
V49,162,93.32175622357796
V49,163,100.0
V49,166,95.3832804999698
V49,167,100.0
V49,174,95.38081142821
V49,175,100.0
V49,177,88.62599359245951
V49,179,84.9319535168569
V49,181,84.24247178081121
V49,182,91.24247178081121
V49,183,98.24247178081121
V49,184,100.0
V49,191,70.77277535112188
V49,192,77.77277535112188
V49,193,84.77277535112188
V49,194,91.77277535112188
V49,195,98.77277535112188
V49,196,100.0
V50,14,100.0
V50,17,100.0
V50,20,94.98103617317192
V50,21,100.0
V50,29,85.11036323247674
V50,30,92.11036323247674
V50,31,99.11036323247674
V50,32,100.0
V50,35,94.92068663951031
V50,36,100.0
V50,41,90.41222177865204
V50,42,97.41222177865204
V50,43,100.0
V50,70,66.57084574738994
V50,71,73.57084574738994
V50,72,80.57084574738994
V50,73,87.57084574738994
V50,74,94.57084574738994
V50,75,100.0
V50,78,81.87632072261886
V50,79,88.87632072261886
V50,80,95.87632072261886
V50,81,100.0
V50,83,91.82446111949771
V50,84,98.82446111949771
V50,85,100.0
V50,88,92.041216361351
V50,89,99.041216361351
V50,90,100.0
V50,94,85.18215853147959
V50,95,92.18215853147959
V50,96,99.18215853147959
V50,97,100.0
V50,109,88.15883916446538
V50,110,95.15883916446538
V50,111,100.0
V50,119,93.34878452306287
V50,123,79.24799052290946
V50,124,86.24799052290946
V50,125,93.24799052290946
V50,126,100.0
V50,132,77.51049882976201
V50,133,84.51049882976201
V50,134,91.51049882976201
V50,135,98.51049882976201
V50,136,100.0
V50,139,85.74562946556244
V50,142,81.58947587358516
V50,143,88.58947587358516
V50,146,84.06181871531008
V50,147,91.06181871531008
V50,148,98.06181871531008
V50,149,100.0
V50,155,92.84131579520368
V50,158,85.72625621421936
V50,159,92.72625621421936
V50,162,88.10706764242936
V50,163,95.10706764242936
V50,165,94.41758590638368
V50,169,82.64677201206597
V50,170,89.64677201206597
V50,171,96.64677201206597
V50,174,92.02758344027596
V50,175,99.02758344027596
V50,176,100.0
V50,178,100.0
V50,186,76.3942168308657
V50,187,83.3942168308657
V50,188,90.3942168308657
V50,189,97.3942168308657
V50,192,92.08746975344935
V50,193,99.08746975344935
V50,194,100.0
V109,14,100.0
V109,16,100.0
V109,18,100.0
V109,20,99.31051826395432
V109,21,100.0
V109,23,100.0
V109,34,95.6933145609235
V109,35,100.0
V109,41,85.0968644372572
V109,42,92.0968644372572
V109,43,99.0968644372572
V109,44,100.0
V109,66,96.78122507834725
V109,68,91.21938543965669
V109,69,98.21938543965669
V109,70,100.0
V109,85,100.0
V109,89,100.0
V109,110,95.37957835485753
V109,111,100.0
V110,14,100.0
V110,16,99.31131428901867
V110,17,100.0
V110,20,99.31051826395432
V110,21,100.0
V110,23,100.0
V110,34,100.0
V110,37,95.38081142821
V110,38,100.0
V110,41,88.15883916446538
V110,42,95.15883916446538
V110,43,100.0
V110,54,100.0
V110,65,100.0
V110,72,84.68155292310823
V110,73,91.68155292310823
V110,74,98.68155292310823
V110,75,100.0
V110,85,85.0968644372572
V110,86,92.0968644372572
V110,87,99.0968644372572
V110,88,100.0
V110,94,97.657696473705
V110,95,100.0
V111,14,88.62599359245951
V111,15,95.62599359245951
V111,16,100.0
V111,22,96.75889040116778
V111,23,100.0
V111,73,100.0
V111,93,92.08873068128388
V111,94,99.08873068128388
V111,95,100.0
V111,109,100.0
V112,14,88.62599359245951
V112,15,95.62599359245951
V112,16,100.0
V112,22,96.75889040116778
V112,23,100.0
V112,74,92.57142261162727
V112,75,99.57142261162727
V112,76,100.0
V112,85,95.37957835485753
V112,86,100.0
V112,110,95.37957835485753
V112,111,100.0
V113,14,98.69514616282873
V113,15,100.0
V113,18,80.47482169872623
V113,19,87.47482169872623
V113,20,94.47482169872623
V113,21,100.0
V113,23,100.0
V113,36,95.91963802890405
V113,37,100.0
V113,40,85.38241343187296
V113,41,92.38241343187296
V113,42,99.38241343187296
V113,43,100.0
V113,45,96.30271443127623
V113,46,100.0
V113,60,96.30271443127623
V113,61,100.0
V113,85,89.55498785869852
V113,86,96.55498785869852
V113,87,100.0
V113,119,88.05834177712214
V113,122,80.94328219613782
V113,123,87.94328219613782
V113,124,94.94328219613782
V113,125,100.0
V195,14,99.31051826395432
V195,15,100.0
V195,22,96.501906096329
V195,23,100.0
V195,26,85.49871444637786
V195,27,92.49871444637786
V195,28,99.49871444637786
V195,29,100.0
V195,35,92.1132513841882
V195,36,99.1132513841882
V195,37,100.0
V195,78,95.87107272322893
V195,79,100.0
V195,81,100.0
V195,115,90.37224550204223
V195,116,97.37224550204223
V195,117,100.0
V201,14,94.5001987945029
V201,15,100.0
V201,23,100.0
V201,50,95.3699533450649
V201,51,100.0
V201,61,95.37957835485753
V201,62,100.0
V202,14,94.5001987945029
V202,15,100.0
V202,23,100.0
V202,54,91.00417666369064
V202,55,98.00417666369064
V202,56,100.0
V202,67,85.44260801808848
V202,68,92.44260801808848
V202,69,99.44260801808848
V202,70,100.0
V221,14,89.04297768976362
V221,15,96.04297768976362
V221,16,100.0
V221,23,100.0
V221,54,88.16644647296398
V221,55,95.16644647296398
V221,56,100.0
V221,62,93.65660880265324
V221,63,100.0
V221,66,95.37472766919018
V221,70,92.28800152377939
V221,71,99.28800152377939
V221,77,70.74307899695103
V221,78,77.74307899695103
V221,79,84.74307899695103
V221,80,91.74307899695103
V221,81,98.74307899695103
V221,82,100.0
V222,14,89.04297768976362
V222,15,96.04297768976362
V222,16,100.0
V222,23,100.0
V222,54,95.69411058598784
V222,55,100.0
V222,62,91.58536557052528
V222,63,98.58536557052528
V222,64,100.0
V248,14,100.0
V248,17,94.43816036130943
V248,18,100.0
V248,23,100.0
V248,62,95.6933145609235
V248,63,100.0
V249,14,91.62183360168154
V249,15,98.62183360168154
V249,16,100.0
V249,23,100.0
V249,62,98.99296467252516
V249,63,100.0
V249,66,94.92068663951031
V249,67,100.0
V266,14,95.15156581577756
V266,15,100.0
V266,23,91.62183360168154
V266,24,98.62183360168154
V266,25,100.0
V266,44,88.15883916446538
V266,45,95.15883916446538
V266,46,100.0
V266,64,88.15883916446538
V266,65,95.15883916446538
V266,66,100.0
V267,14,100.0
V267,45,87.12538333765234
V267,46,94.12538333765234
V267,47,100.0
V267,70,100.0
V267,75,94.98220656219098
V267,76,100.0
V267,82,97.657696473705
V267,83,100.0
V283,14,96.796179121688
V283,15,100.0
V283,24,96.796179121688
V283,25,100.0
V283,82,92.57142261162727
V283,83,99.57142261162727
V283,84,100.0
V445,14,95.37957835485753
V445,15,100.0
V446,14,95.37957835485753
V446,15,100.0
V461,14,91.69150065751478
V461,15,98.69150065751478
V461,16,100.0
V462,14,91.69150065751478
V462,15,98.69150065751478
V462,16,100.0
V501,14,91.31701372034192
V501,15,98.31701372034192
V501,16,100.0
V501,28,95.5206855024421
V501,29,100.0
V501,118,85.0968644372572
V501,119,92.0968644372572
V501,120,99.0968644372572
V501,121,100.0
V550,14,100.0
V550,22,100.0
V550,26,100.0
V550,36,99.54326662277744
V550,38,98.23915035837916
V550,39,100.0
V550,74,100.0
V550,111,100.0
V550,148,87.84397263724833
V550,149,94.84397263724833
V550,150,100.0
V550,160,85.0897825550818
V550,161,92.0897825550818
V550,162,99.0897825550818
V550,163,100.0
V551,14,100.0
V551,21,100.0
V551,27,97.87864775334991
V551,29,99.0690534674549
V551,30,100.0
V552,14,96.501906096329
V552,15,100.0
V553,14,96.501906096329
V553,15,100.0
V563,14,80.47482169872623
V563,15,87.47482169872623
V563,16,94.47482169872623
V563,17,100.0
V564,14,80.47482169872623
V564,15,87.47482169872623
V564,16,94.47482169872623
V564,17,100.0
V582,14,88.15883916446538
V582,15,95.15883916446538
V582,16,100.0
V583,14,88.15883916446538
V583,15,95.15883916446538
V583,16,100.0
V38,15,100.0
V38,17,100.0
V38,19,98.99482710637581
V38,20,100.0
V38,25,98.18841736083063
V38,26,100.0
V38,30,85.0968644372572
V38,31,92.0968644372572
V38,32,99.0968644372572
V38,33,100.0
V38,36,94.42732314381931
V38,37,100.0
V38,40,88.22627402901159
V38,41,95.22627402901159
V38,42,100.0
V38,58,81.06579976127088
V38,59,88.06579976127088
V38,60,95.06579976127088
V38,61,100.0
V38,66,95.38081142821
V38,67,100.0
V38,70,91.62183360168154
V38,71,98.62183360168154
V38,74,98.15399461091013
V38,75,100.0
V38,79,97.657696473705
V38,80,100.0
V38,109,81.06579976127088
V38,110,88.06579976127088
V38,111,95.06579976127088
V38,112,100.0
V38,117,91.82446111949771
V38,118,98.82446111949771
V38,119,100.0
V38,123,92.4881797203835
V38,127,83.66373870247342
V38,130,76.03423574893556
V38,134,61.6044246911823
V38,135,68.6044246911823
V38,136,75.6044246911823
V38,137,82.6044246911823
V38,138,89.6044246911823
V38,139,96.6044246911823
V38,140,100.0
V38,143,91.62183360168154
V38,146,92.15207313358407
V38,147,99.15207313358407
V38,149,87.77994615640074
V38,150,94.77994615640074
V38,151,100.0
V38,157,79.39621176256557
V38,158,86.39621176256557
V38,159,93.39621176256557
V38,162,85.01724829047421
V38,163,92.01724829047421
V38,166,87.39805971868421
V38,167,94.39805971868421
V38,168,100.0
V38,175,62.564926302302666
V38,178,63.03452827113805
V38,179,70.03452827113804
V38,182,63.822658923524884
V38,183,70.82265892352488
V38,186,67.4586213538505
V38,187,74.4586213538505
V38,188,81.4586213538505
V38,189,88.4586213538505
V38,190,95.4586213538505
V38,193,89.16122543747676
V38,194,96.16122543747676
V38,195,100.0
V39,15,100.0
V39,17,99.31051826395432
V39,18,100.0
V39,22,96.75889040116778
V39,23,100.0
V39,26,93.87071245941843
V39,27,100.0
V39,29,84.39362286074567
V39,30,91.39362286074567
V39,31,98.39362286074567
V39,32,100.0
V39,34,84.39362286074567
V39,35,91.39362286074567
V39,36,98.39362286074567
V39,37,100.0
V39,39,100.0
V39,45,91.4578066746958
V39,46,98.4578066746958
V39,47,100.0
V39,49,100.0
V39,54,83.3575326280609
V39,55,90.3575326280609
V39,56,97.3575326280609
V39,57,100.0
V39,62,94.5001987945029
V39,63,100.0
V39,70,74.41307766375297
V39,71,81.41307766375297
V39,72,88.41307766375297
V39,73,95.41307766375297
V39,74,100.0
V39,77,91.58536557052527
V39,79,92.07389625002902
V39,82,90.294233001141
V39,83,97.294233001141
V39,86,92.2149196406513
V39,87,99.2149196406513
V39,88,100.0
V39,90,96.30271443127623
V39,91,100.0
V39,94,87.72146271163975
V39,95,94.72146271163975
V39,96,100.0
V39,99,93.15841418606568
V39,100,100.0
V39,111,89.55498785869852
V39,112,96.55498785869852
V39,113,100.0
V39,117,91.82446111949771
V39,118,98.82446111949771
V39,119,100.0
V39,126,84.85649424816712
V39,127,91.85649424816712
V39,130,89.1389504299957
V39,132,91.30215169035023
V39,133,98.30215169035023
V39,135,100.0
V39,137,100.0
V39,139,100.0
V39,142,93.87261235782616
V39,143,100.0
V39,146,94.75601297029617
V39,147,100.0
V39,157,96.75889040116778
V39,158,100.0
V39,162,91.62103652790864
V39,163,98.62103652790864
V39,166,94.00184795611864
V39,167,100.0
V39,172,69.88322664180762
V39,173,76.88322664180762
V39,174,83.88322664180762
V39,177,77.85560508461833
V39,178,84.85560508461833
V39,179,91.85560508461833
V39,186,59.46123769626051
V39,187,66.46123769626051
V39,188,73.46123769626051
V39,189,80.46123769626051
V39,190,87.46123769626051
V39,191,94.46123769626051
V39,192,100.0
V40,15,94.43816036130943
V40,16,100.0
V40,22,96.75889040116778
V40,23,100.0
V40,26,96.75889040116778
V40,27,100.0
V40,30,84.39362286074567
V40,31,91.39362286074567
V40,32,98.39362286074567
V40,33,100.0
V40,37,84.39362286074567
V40,38,91.39362286074567
V40,39,98.39362286074567
V40,40,100.0
V40,43,76.20280004320239
V40,45,79.73410224656133
V40,46,86.73410224656133
V40,47,93.73410224656133
V40,50,95.02851266499302
V40,51,100.0
V40,54,98.33456904381093
V40,55,100.0
V40,59,88.62599359245951
V40,60,95.62599359245951
V40,61,100.0
V40,70,62.092585480461544
V40,71,69.09258548046154
V40,72,76.09258548046154
V40,73,83.09258548046154
V40,74,90.09258548046154
V40,75,97.09258548046154
V40,76,100.0
V40,79,95.4706509021817
V40,82,90.9413018043634
V40,83,97.9413018043634
V40,86,93.6346163652869
V40,87,100.0
V40,90,98.49960117683416
V40,91,100.0
V40,94,99.76606864537337
V40,95,100.0
V40,97,96.796179121688
V40,98,100.0
V40,115,84.68155292310823
V40,118,82.2559894700623
V40,120,81.56650773401662
V40,121,88.56650773401662
V40,122,95.56650773401662
V40,123,100.0
V40,125,100.0
V40,127,100.0
V40,133,73.04649779022958
V40,135,66.0127900889326
V40,138,60.3017974955135
V40,139,67.3017974955135
V40,142,56.1482799575745
V40,143,63.1482799575745
V40,144,70.1482799575745
V40,145,77.1482799575745
V40,146,84.1482799575745
V40,147,91.1482799575745
V40,148,98.1482799575745
V40,149,100.0
V40,155,89.55498785869852
V40,158,81.17602438660717
V40,159,88.17602438660717
V40,162,79.79706091451581
V40,163,86.79706091451581
V40,166,82.1778723427258
V40,167,89.1778723427258
V40,168,96.1778723427258
V40,169,100.0
V40,175,80.62376863958607
V40,176,87.62376863958607
V40,177,94.62376863958607
V40,178,100.0
V40,181,92.74357671698253
V40,182,99.74357671698253
V40,183,100.0
V40,186,94.30722902346093
V40,188,96.47043028381492
V40,189,100.0
V40,191,99.56100610962592
V40,192,100.0
V51,15,100.0
V51,18,100.0
V51,20,98.69588373560173
V51,21,100.0
V51,25,99.76606864537337
V51,27,96.26797474170236
V51,28,100.0
V51,30,100.0
V51,32,99.97780588705312
V51,33,100.0
V51,62,100.0
V51,73,76.4739613373054
V51,74,83.4739613373054
V51,75,90.4739613373054
V51,76,97.4739613373054
V51,77,100.0
V51,82,100.0
V51,87,88.81170611909587
V51,88,95.81170611909587
V51,89,100.0
V51,91,100.0
V51,94,100.0
V51,98,100.0
V51,114,94.37469290644924
V51,115,100.0
V51,118,99.53216100922859
V51,122,89.5643066374601
V51,123,96.5643066374601
V51,124,100.0
V51,134,66.14268986903578
V51,135,73.14268986903578
V51,137,76.52572419172246
V51,138,83.52572419172246
V51,139,90.52572419172246
V51,142,85.67301387804557
V51,143,92.67301387804557
V51,144,99.67301387804557
V51,145,100.0
V51,155,95.37957835485753
V51,158,90.76038978306752
V51,159,97.76038978306752
V51,162,93.14367028303732
V51,163,100.0
V51,166,91.62103652790864
V51,167,98.62103652790864
V51,168,100.0
V51,174,95.3832804999698
V51,175,100.0
V51,182,64.22635541522867
V51,183,71.22635541522867
V51,186,69.44669216634064
V51,187,76.44669216634064
V51,188,83.44669216634064
V51,189,90.44669216634064
V51,190,97.44669216634064
V51,192,96.44151927271645
V51,193,100.0
V51,195,100.0
V114,15,88.62599359245951
V114,16,95.62599359245951
V114,17,100.0
V114,22,96.75889040116778
V114,23,100.0
V114,74,92.57142261162727
V114,75,99.57142261162727
V114,76,100.0
V114,86,91.62183255297299
V114,88,95.15313475633194
V114,89,100.0
V114,91,99.07724374820035
V114,92,100.0
V114,110,92.1132513841882
V114,111,99.1132513841882
V114,112,100.0
V115,15,88.62599359245951
V115,16,95.62599359245951
V115,17,100.0
V115,22,96.75889040116778
V115,23,100.0
V115,74,92.57142261162727
V115,75,99.57142261162727
V115,76,100.0
V115,86,94.02596529948485
V115,87,100.0
V115,90,100.0
V115,111,95.37957835485753
V115,112,100.0
V196,15,99.31051826395432
V196,16,100.0
V196,23,100.0
V196,46,98.49960117683416
V196,48,100.0
V196,58,96.83245373244691
V196,59,100.0
V196,67,85.74595398779888
V196,68,92.74595398779888
V196,69,99.74595398779888
V196,70,100.0
V196,98,88.76903881089738
V196,99,95.76903881089738
V196,100,100.0
V196,103,97.65852577282142
V196,104,100.0
V196,114,86.05111083492099
V196,115,93.05111083492099
V196,116,100.0
V197,15,99.31051826395432
V197,16,100.0
V197,23,100.0
V197,50,95.6933145609235
V197,51,100.0
V197,54,96.30271443127623
V197,55,100.0
V197,66,94.92068663951031
V197,67,100.0
V197,99,88.6164781883517
V197,100,95.6164781883517
V197,101,100.0
V197,111,88.62599359245951
V197,112,95.62599359245951
V197,113,100.0
V250,15,91.62183360168154
V250,16,98.62183360168154
V250,17,100.0
V250,23,100.0
V250,27,100.0
V250,29,100.0
V250,66,94.92068663951031
V250,67,100.0
V251,15,91.62183360168154
V251,16,98.62183360168154
V251,17,100.0
V251,23,100.0
V251,27,100.0
V251,43,96.75889040116778
V251,44,100.0
V251,78,92.57221863669162
V251,79,99.57221863669162
V251,80,100.0
V251,82,100.0
V251,85,89.54774091288591
V251,86,96.54774091288591
V251,89,92.14910971340773
V251,90,99.14910971340773
V251,91,100.0
V251,114,87.12538333765234
V251,115,94.12538333765234
V251,116,100.0
V268,15,100.0
V268,45,100.0
V268,75,100.0
V269,15,100.0
V269,45,96.501906096329
V269,47,99.1132513841882
V269,48,100.0
V269,82,92.57142261162727
V269,83,99.57142261162727
V269,84,100.0
V361,15,85.0968644372572
V361,16,92.0968644372572
V361,17,99.0968644372572
V361,18,100.0
V447,15,96.43056889622753
V447,16,100.0
V447,25,100.0
V447,72,100.0
V447,117,100.0
V447,122,97.32640252070905
V447,126,76.58196816614655
V447,127,83.58196816614655
V447,128,90.58196816614655
V447,129,97.58196816614655
V447,130,100.0
V447,162,85.09594890849334
V447,163,92.09594890849334
V447,164,99.09594890849334
V447,165,100.0
V448,15,95.37957835485753
V448,16,100.0
V449,15,95.37957835485753
V449,16,100.0
V450,15,95.37957835485753
V450,16,100.0
V554,15,96.501906096329
V554,16,100.0
V555,15,96.501906096329
V555,16,100.0
V556,15,96.501906096329
V556,16,100.0
V557,15,96.501906096329
V557,16,100.0
V565,15,80.47482169872623
V565,16,87.47482169872623
V565,17,94.47482169872623
V565,18,100.0
V584,15,100.0
V584,33,84.39362286074567
V584,34,91.39362286074567
V584,35,98.39362286074567
V584,36,100.0
V585,15,100.0
V585,75,97.74335893119553
V585,76,100.0
V585,82,80.43398555164157
V585,83,87.43398555164157
V585,84,94.43398555164157
V585,85,100.0
V586,15,100.0
V586,35,100.0
V586,76,88.19904863504036
V586,77,95.19904863504036
V586,78,100.0
V587,15,88.15883916446538
V587,16,95.15883916446538
V587,17,100.0
V52,16,91.07053633631473
V52,17,98.07053633631473
V52,18,100.0
V52,20,99.31051826395432
V52,21,100.0
V52,23,100.0
V52,26,95.6933145609235
V52,27,100.0
V52,30,100.0
V52,63,100.0
V52,73,94.42732314381931
V52,75,95.6146869784144
V52,77,98.20854822216656
V52,78,100.0
V52,81,98.80800860367482
V52,82,100.0
V52,85,100.0
V52,88,98.32272134652315
V52,89,100.0
V52,94,90.04110440857691
V52,95,97.04110440857691
V52,96,100.0
V52,109,88.15883916446538
V52,110,95.15883916446538
V52,111,100.0
V52,118,85.0968644372572
V52,119,92.0968644372572
V52,120,99.0968644372572
V52,121,100.0
V52,126,84.15399461091013
V52,127,91.15399461091013
V52,128,98.15399461091013
V52,129,100.0
V52,132,91.62103652790864
V52,133,98.62103652790864
V52,134,100.0
V52,137,91.29767531205005
V52,138,98.29767531205005
V52,139,100.0
V52,143,100.0
V52,146,90.99550862860795
V52,147,97.99550862860795
V52,148,100.0
V52,158,88.0752494113041
V52,159,95.0752494113041
V52,162,90.4585299112739
V52,163,97.4585299112739
V52,173,47.58874789208243
V52,174,54.58874789208243
V52,175,61.58874789208243
V52,178,61.35434048602078
V52,179,68.35434048602079
V52,180,75.35434048602079
V52,183,71.25895963844391
V52,184,78.25895963844391
V52,185,85.25895963844391
V52,188,83.16207736350776
V52,189,90.16207736350776
V52,190,97.16207736350776
V52,191,100.0
V53,16,84.39362286074567
V53,17,91.39362286074567
V53,18,98.39362286074567
V53,19,100.0
V53,22,96.75889040116778
V53,23,100.0
V53,39,100.0
V53,41,97.57751217342278
V53,43,100.0
V53,61,85.0968644372572
V53,62,92.0968644372572
V53,63,99.0968644372572
V53,64,100.0
V53,74,77.02470985539885
V53,75,84.02470985539885
V53,76,91.02470985539885
V53,77,98.02470985539885
V53,78,100.0
V53,80,81.06579976127088
V53,81,88.06579976127088
V53,82,95.06579976127088
V53,83,100.0
V53,166,87.68203815332139
V53,168,86.99255641727571
V53,169,93.99255641727571
V53,170,100.0
V53,174,79.39621176256557
V53,175,86.39621176256557
V53,177,87.52026805803975
V53,178,94.52026805803975
V53,179,100.0
V53,190,97.2385098429481
V53,191,100.0
V116,16,100.0
V116,18,100.0
V116,20,100.0
V116,22,100.0
V116,26,94.5086979227582
V116,27,100.0
V116,30,98.27693751809237
V116,31,100.0
V116,33,100.0
V116,41,97.57649374873853
V116,43,100.0
V116,70,75.40757732371597
V116,71,82.40757732371597
V116,72,89.40757732371597
V116,73,96.40757732371597
V116,74,100.0
V116,86,94.02596529948485
V116,87,100.0
V116,90,100.0
V116,111,95.37957835485753
V116,112,100.0
V117,16,100.0
V117,18,98.33727863957394
V117,19,100.0
V117,23,88.55278237605168
V117,24,95.55278237605168
V117,25,100.0
V117,130,94.5577458799744
V117,131,100.0
V117,138,81.47133083428719
V117,139,88.47133083428719
V117,141,86.04717520936082
V117,145,67.1251647173514
V117,146,74.1251647173514
V117,147,81.1251647173514
V117,148,88.1251647173514
V117,149,95.1251647173514
V117,150,100.0
V117,159,88.19904863504036
V117,160,95.19904863504036
V117,161,100.0
V141,16,96.30271443127623
V141,17,100.0
V141,22,96.75889040116778
V141,23,100.0
V141,77,68.08690506982582
V141,78,75.08690506982582
V141,79,82.08690506982582
V141,80,89.08690506982582
V141,81,96.08690506982582
V141,82,100.0
V141,85,92.83564617332199
V141,86,99.83564617332199
V141,87,100.0
V141,95,89.80769452710173
V141,96,96.80769452710173
V141,97,100.0
V141,110,92.1132513841882
V141,111,99.1132513841882
V141,112,100.0
V162,16,81.06579976127088
V162,17,88.06579976127088
V162,18,95.06579976127088
V162,19,100.0
V162,22,96.75889040116778
V162,23,100.0
V162,78,92.57142261162727
V162,79,99.57142261162727
V162,80,100.0
V162,93,88.62599359245951
V162,94,95.62599359245951
V162,95,100.0
V162,110,88.62599359245951
V162,111,95.62599359245951
V162,112,100.0
V198,16,99.31051826395432
V198,17,100.0
V198,23,100.0
V198,50,95.69411058598784
V198,51,100.0
V198,62,91.58536557052528
V198,63,98.58536557052528
V198,64,100.0
V203,16,87.9748527844875
V203,17,94.9748527844875
V203,19,97.56871402823965
V203,20,100.0
V203,25,84.21033943210386
V203,26,91.21033943210386
V203,27,98.21033943210386
V203,28,100.0
V203,35,89.76276785883387
V203,36,96.76276785883387
V203,37,100.0
V203,66,94.92068663951031
V203,67,100.0
V204,16,94.5001987945029
V204,17,100.0
V204,23,100.0
V204,54,98.0982433324997
V204,55,100.0
V204,61,100.0
V252,16,99.03461832218478
V252,17,100.0
V252,19,84.68155292310823
V252,20,91.68155292310823
V252,21,98.68155292310823
V252,22,100.0
V252,43,96.75889040116778
V252,44,100.0
V252,78,92.1132513841882
V252,79,99.1132513841882
V252,80,100.0
V270,16,100.0
V270,21,100.0
V270,28,92.46430135268746
V270,32,81.9748197548555
V270,33,88.9748197548555
V270,34,95.9748197548555
V270,35,100.0
V270,82,92.57142261162727
V270,83,99.57142261162727
V270,84,100.0
V271,16,90.37276928224335
V271,17,97.37276928224335
V271,18,100.0
V271,25,94.14689424688737
V271,26,100.0
V271,136,100.0
V271,143,89.49625826903868
V271,146,90.0264978009412
V271,147,97.0264978009412
V271,148,100.0
V271,150,100.0
V271,160,96.75889040116778
V271,161,100.0
V284,16,93.87071245941843
V284,17,100.0
V284,27,100.0
V284,31,88.15883916446538
V284,32,95.15883916446538
V284,33,100.0
V284,47,84.68155292310823
V284,48,91.68155292310823
V284,49,98.68155292310823
V284,50,100.0
V284,63,100.0
V284,70,99.53216100922859
V284,71,100.0
V284,74,91.58536557052528
V284,75,98.58536557052528
V284,76,100.0
V285,16,96.75889040116778
V285,17,100.0
V285,47,96.501906096329
V285,48,100.0
V285,63,94.88434313529079
V285,66,93.07276049612142
V285,67,100.0
V285,70,99.53216100922859
V285,71,100.0
V285,74,91.58536557052528
V285,75,98.58536557052528
V285,76,100.0
V423,16,100.0
V423,70,94.72032054364423
V423,71,100.0
V423,74,94.92068663951031
V423,75,100.0
V424,16,100.0
V424,20,88.15883916446538
V424,21,95.15883916446538
V424,22,100.0
V463,16,100.0
V463,19,97.23409976773641
V463,20,100.0
V463,142,92.96495606567973
V463,143,99.96495606567973
V463,144,100.0
V463,152,98.33657178985491
V463,153,100.0
V463,156,96.30271443127623
V463,157,100.0
V558,16,96.501906096329
V558,17,100.0
V118,17,97.23409976773641
V118,18,100.0
V118,135,88.10223533860864
V118,136,95.10223533860864
V118,137,100.0
V118,143,82.0228117860064
V118,144,89.0228117860064
V118,145,96.0228117860064
V118,146,100.0
V118,159,100.0
V119,17,100.0
V119,19,99.31131428901867
V119,20,100.0
V119,22,100.0
V119,37,100.0
V119,39,100.0
V119,42,94.42732314381931
V119,43,100.0
V119,45,94.5001987945029
V119,46,100.0
V119,66,89.52451106089596
V119,67,96.52451106089596
V119,68,100.0
V119,86,94.02596529948485
V119,87,100.0
V119,92,86.49909721152534
V119,93,93.49909721152534
V119,94,100.0
V119,113,76.9546289703716
V119,114,83.9546289703716
V119,115,90.9546289703716
V119,116,97.9546289703716
V119,117,100.0
V120,17,100.0
V120,20,91.89982116814954
V120,22,91.21033943210386
V120,23,98.21033943210386
V120,24,100.0
V120,27,84.39362286074567
V120,28,91.39362286074567
V120,29,98.39362286074567
V120,30,100.0
V120,33,89.7489230166052
V120,34,96.7489230166052
V120,35,100.0
V120,123,79.51659040933833
V120,124,86.51659040933833
V120,125,93.51659040933833
V120,126,100.0
V123,17,100.0
V123,22,97.4079017343118
V123,23,100.0
V123,27,93.92843028756309
V123,28,100.0
V123,40,85.04503673984236
V123,41,92.04503673984236
V123,42,99.04503673984236
V123,43,100.0
V123,45,91.62183360168154
V123,46,98.62183360168154
V123,47,100.0
V123,55,100.0
V123,70,72.97013988148034
V123,71,79.97013988148034
V123,72,86.97013988148034
V123,73,93.97013988148034
V123,74,100.0
V123,86,89.6362875897748
V123,87,96.6362875897748
V123,88,100.0
V123,94,100.0
V123,112,87.12538333765234
V123,113,94.12538333765234
V123,114,100.0
V142,17,96.30271443127623
V142,18,100.0
V142,22,96.75889040116778
V142,23,100.0
V142,74,97.72961977777663
V142,75,100.0
V142,77,96.81362361787855
V142,78,100.0
V142,114,83.2746724014537
V142,115,90.2746724014537
V142,123,62.277682288862046
V142,124,69.27768228886205
V142,125,76.27768228886205
V142,126,83.27768228886205
V142,127,90.27768228886205
V142,130,88.6391704020405
V142,131,95.6391704020405
V142,132,100.0
V142,134,100.0
V142,136,95.11528617046261
V142,137,100.0
V142,143,92.46430135268746
V142,144,99.46430135268746
V142,145,100.0
V142,158,88.62552419590452
V142,159,95.62552419590452
V142,160,100.0
V223,17,89.04297768976362
V223,18,96.04297768976362
V223,19,100.0
V223,23,100.0
V223,54,95.69411058598784
V223,55,100.0
V223,62,91.58536557052528
V223,63,98.58536557052528
V223,64,100.0
V253,17,100.0
V253,19,99.68524852323107
V253,20,100.0
V253,22,99.68524852323107
V253,26,88.41781930297219
V253,27,95.41781930297219
V253,28,100.0
V253,43,96.75889040116778
V253,44,100.0
V253,78,92.1132513841882
V253,79,99.1132513841882
V253,80,100.0
V254,17,91.62183360168154
V254,18,98.62183360168154
V254,19,100.0
V254,23,84.68155292310823
V254,24,91.68155292310823
V254,25,98.68155292310823
V254,26,100.0
V254,28,99.98448241845493
V254,29,100.0
V254,31,100.0
V254,45,88.55278237605168
V254,46,95.55278237605168
V254,47,100.0
V254,144,81.06869340560871
V254,145,88.06869340560871
V254,146,95.06869340560871
V254,147,100.0
V254,159,80.47482169872623
V254,160,87.47482169872623
V254,161,94.47482169872623
V254,162,100.0
V255,17,100.0
V255,19,96.501906096329
V255,20,100.0
V255,43,96.75889040116778
V255,44,100.0
V255,78,92.1132513841882
V255,79,99.1132513841882
V255,80,100.0
V286,17,100.0
V286,45,88.55278237605168
V286,46,95.55278237605168
V286,47,100.0
V286,142,92.96495606567973
V286,143,99.96495606567973
V286,144,100.0
V286,146,100.0
V286,158,88.62552419590452
V286,159,95.62552419590452
V286,160,100.0
V287,17,99.07724374820035
V287,18,100.0
V287,20,91.69150065751478
V287,21,98.69150065751478
V287,22,100.0
V287,52,87.12538333765234
V287,53,94.12538333765234
V287,54,100.0
V287,73,87.12538333765234
V287,74,94.12538333765234
V287,75,100.0
V301,17,87.12538333765234
V301,18,94.12538333765234
V301,19,100.0
V425,17,97.23998152787257
V425,18,100.0
V425,45,88.55278237605168
V425,46,95.55278237605168
V425,47,100.0
V425,142,92.96495606567973
V425,143,99.96495606567973
V425,144,100.0
V425,150,99.54326662277744
V425,151,100.0
V425,156,96.501906096329
V425,157,100.0
V426,17,84.68155292310823
V426,18,91.68155292310823
V426,19,98.68155292310823
V426,20,100.0
V451,17,95.37957835485753
V451,18,100.0
V559,17,96.501906096329
V559,18,100.0
V62,18,100.0
V62,22,96.75889040116778
V62,23,100.0
V62,65,100.0
V62,69,79.20350576588228
V62,70,86.20350576588228
V62,71,93.20350576588228
V62,72,100.0
V62,77,88.19904863504036
V62,78,95.19904863504036
V62,79,100.0
V62,85,94.3642948713022
V62,86,100.0
V62,90,97.32640252070905
V62,91,100.0
V62,118,86.23373759666926
V62,120,85.54425586062358
V62,121,92.54425586062358
V62,122,99.54425586062358
V62,123,100.0
V62,126,69.31767832893075
V62,127,76.31767832893075
V62,128,83.31767832893075
V62,129,90.31767832893075
V62,130,97.31767832893075
V62,131,100.0
V62,133,81.06579976127088
V62,134,88.06579976127088
V62,135,95.06579976127088
V62,136,100.0
V62,167,83.68119336844106
V62,170,69.71856027048247
V62,171,76.71856027048247
V62,172,83.71856027048247
V62,173,90.71856027048247
V62,174,97.71856027048247
V62,175,100.0
V62,177,100.0
V62,181,77.24952193545677
V62,182,84.24952193545677
V62,184,83.28414025764155
V62,186,82.59545454666022
V62,187,89.59545454666022
V62,188,96.59545454666022
V62,191,93.8747484729576
V62,192,100.0
V81,18,100.0
V81,22,98.18772248750432
V81,23,100.0
V81,26,98.0456093278108
V81,27,100.0
V81,32,85.57018894224674
V81,33,92.57018894224674
V81,34,99.57018894224674
V81,35,100.0
V81,41,100.0
V81,65,100.0
V81,81,94.5001987945029
V81,82,100.0
V81,118,89.52451106089596
V81,119,96.52451106089596
V81,120,100.0
V81,125,91.62103652790864
V81,126,98.62103652790864
V81,127,100.0
V81,135,96.501906096329
V81,136,100.0
V81,142,97.57039815728177
V81,146,89.08129712505823
V81,147,96.08129712505823
V81,148,100.0
V81,159,85.0458327649067
V81,162,75.42461970593202
V81,163,82.42461970593202
V81,164,89.42461970593202
V81,165,96.42461970593202
V81,166,100.0
V81,188,100.0
V143,18,100.0
V143,20,99.31051826395432
V143,21,100.0
V143,23,100.0
V143,42,99.54292893519656
V143,44,97.42157668854647
V143,45,100.0
V143,60,100.0
V143,87,96.501906096329
V143,88,100.0
V143,90,100.0
V143,95,100.0
V143,97,100.0
V143,110,92.1132513841882
V143,111,99.1132513841882
V143,112,100.0
V427,18,100.0
V427,70,88.0752494113041
V427,71,95.0752494113041
V427,72,100.0
V464,18,97.23605924808601
V464,19,100.0
V464,63,100.0
V502,18,91.73370282218151
V502,19,98.73370282218151
V502,20,100.0
V502,86,92.57142261162727
V502,87,99.57142261162727
V502,88,100.0
V503,18,92.42012344756851
V503,19,99.42012344756851
V503,20,100.0
V503,23,100.0
V503,46,97.87698297445435
V503,48,100.0
V503,63,100.0
V503,69,74.18544580897093
V503,70,81.18544580897093
V503,71,88.18544580897093
V503,72,95.18544580897093
V503,73,100.0
V503,77,98.20356395124988
V503,78,100.0
V503,80,98.10440586843549
V503,82,100.0
V503,84,94.43816036130943
V503,85,100.0
V560,18,96.501906096329
V560,19,100.0
V54,19,98.3305663913468
V54,20,100.0
V54,22,92.96629229870302
V54,24,87.40445266001245
V54,25,94.40445266001245
V54,26,100.0
V54,28,88.19904863504036
V54,29,95.19904863504036
V54,30,100.0
V54,33,100.0
V54,40,100.0
V54,46,98.20356395124989
V54,47,100.0
V54,66,85.74595503650744
V54,67,92.74595503650744
V54,68,99.74595503650744
V54,69,100.0
V54,77,91.58536557052527
V54,79,91.83626261309362
V54,80,98.83626261309362
V54,81,100.0
V54,85,97.31028580033582
V54,86,100.0
V54,89,96.51578462181388
V54,90,100.0
V54,93,90.61135072279936
V54,94,97.61135072279936
V54,95,100.0
V54,110,94.5001987945029
V54,111,100.0
V54,122,84.53231873455199
V54,123,91.53231873455199
V54,126,83.82784140440972
V54,131,70.05330741882047
V54,133,71.24247953571306
V54,134,78.24247953571306
V54,135,85.24247953571306
V54,138,82.85652744467738
V54,139,89.85652744467738
V54,141,94.00373265389322
V54,146,85.08372792332483
V54,147,92.08372792332483
V54,150,88.15201076924258
V54,151,95.15201076924258
V54,152,100.0
V54,158,88.0752494113041
V54,159,95.0752494113041
V54,160,100.0
V54,163,86.59668548285471
V54,164,93.59668548285471
V54,165,100.0
V54,171,73.43651930601982
V54,172,80.43651930601982
V54,173,87.43651930601982
V54,174,94.43651930601982
V54,175,100.0
V54,179,83.04214215334832
V54,181,80.69983862705332
V54,182,87.69983862705332
V54,183,94.69983862705332
V54,184,100.0
V63,19,100.0
V63,21,100.0
V63,28,94.61232654338465
V63,29,100.0
V63,33,89.55498785869852
V63,34,96.55498785869852
V63,35,100.0
V63,38,91.62103652790864
V63,39,98.62103652790864
V63,40,100.0
V63,42,91.62183360168154
V63,43,98.62183360168154
V63,46,99.91624402011323
V63,47,100.0
V63,54,100.0
V63,58,96.501906096329
V63,59,100.0
V63,78,96.501906096329
V63,82,81.9641525115506
V63,83,88.9641525115506
V63,86,84.65746707247409
V63,87,91.65746707247409
V63,88,98.65746707247409
V63,89,100.0
V63,94,95.3699533450649
V63,95,100.0
V63,107,95.37957835485753
V63,108,100.0
V63,122,86.51778080233555
V63,123,93.51778080233555
V63,124,100.0
V63,129,88.15883916446538
V63,130,95.15883916446538
V63,132,83.31767832893075
V63,133,90.31767832893075
V63,134,97.31767832893075
V63,135,100.0
V63,138,91.46520347770863
V63,141,78.36565853356842
V63,142,85.36565853356842
V63,143,92.36565853356842
V63,144,99.36565853356842
V63,145,100.0
V63,149,87.95101922108492
V63,151,85.52686359615855
V63,152,92.52686359615855
V63,153,99.52686359615855
V63,154,100.0
V63,156,100.0
V63,159,85.60542886255246
V63,160,92.60542886255246
V63,161,99.60542886255246
V63,162,100.0
V63,170,75.27905610142484
V63,171,82.27905610142484
V63,172,89.27905610142484
V63,173,96.27905610142484
V63,174,100.0
V63,182,72.85995240658674
V63,183,79.85995240658674
V63,186,78.08028915769872
V63,187,85.08028915769872
V63,188,92.08028915769872
V63,189,99.08028915769872
V63,193,89.68157788635348
V63,194,96.68157788635348
V63,195,100.0
V82,19,79.39621176256557
V82,20,86.39621176256557
V82,21,93.39621176256557
V82,22,100.0
V82,24,96.501906096329
V82,25,100.0
V82,29,90.96218604132343
V82,30,97.96218604132343
V82,31,100.0
V82,33,94.98103617317192
V82,34,100.0
V82,40,96.91156141991871
V82,41,100.0
V82,64,94.5001987945029
V82,65,100.0
V82,81,89.55498785869852
V82,82,96.55498785869852
V82,83,100.0
V82,115,94.65403539578342
V82,117,88.85038463502593
V82,118,95.85038463502593
V82,120,80.94724907228313
V82,121,87.94724907228313
V82,122,94.94724907228313
V82,123,100.0
V82,137,95.4706509021817
V82,138,100.0
V82,143,83.36346907305652
V82,144,90.36346907305652
V82,145,97.36346907305652
V82,146,100.0
V82,170,89.52451106089596
V82,171,96.52451106089596
V82,172,100.0
V82,189,100.0
V82,192,94.02596529948485
V82,193,100.0
V144,19,96.30271443127623
V144,20,100.0
V144,22,96.75889040116778
V144,23,100.0
V144,77,85.42846038200551
V144,79,77.11996103952029
V144,80,84.11996103952029
V144,81,91.11996103952029
V144,82,98.11996103952029
V144,83,100.0
V144,89,94.92068663951031
V144,90,100.0
V144,106,94.92068663951031
V144,107,100.0
V272,19,100.0
V272,46,94.43816036130943
V272,48,97.82119468399611
V272,49,100.0
V272,61,96.501906096329
V272,62,100.0
V288,19,96.75889040116778
V288,20,100.0
V288,54,96.501906096329
V288,55,100.0
V288,62,100.0
V288,64,94.43816036130943
V288,65,100.0
V289,19,96.75889040116778
V289,20,100.0
V302,19,97.3521875226488
V302,20,100.0
V302,86,92.57142261162727
V302,87,99.57142261162727
V302,88,100.0
V303,19,97.88127148951386
V303,20,100.0
V303,24,100.0
V303,27,100.0
V303,30,84.39362286074567
V303,31,91.39362286074567
V303,32,98.39362286074567
V303,33,100.0
V452,19,100.0
V452,66,90.83113721738945
V452,67,97.83113721738945
V452,68,100.0
V465,19,91.62018058624642
V465,20,98.62018058624642
V465,21,100.0
V504,19,98.18286440539303
V504,20,100.0
V64,20,98.27791711980485
V64,22,97.58843538375918
V64,23,100.0
V64,26,91.62103652790864
V64,27,98.62103652790864
V64,28,100.0
V64,31,96.75889040116778
V64,32,100.0
V64,67,91.08199619004091
V64,68,98.08199619004091
V64,69,100.0
V64,78,96.501906096329
V64,79,100.0
V64,81,96.501906096329
V64,82,100.0
V64,84,100.0
V64,87,100.0
V64,90,96.29403332490097
V64,91,100.0
V64,109,96.75889040116778
V64,110,100.0
V64,123,85.5967477561772
V64,125,82.948935278826
V64,126,89.948935278826
V64,127,96.948935278826
V64,130,83.13307450321689
V64,131,90.13307450321689
V64,132,97.13307450321689
V64,133,100.0
V64,137,82.848770426655
V64,138,89.848770426655
V64,139,96.848770426655
V64,140,100.0
V64,142,96.11529464036134
V64,144,96.37615640286621
V64,145,100.0
V64,149,85.90836331434643
V64,150,92.90836331434643
V64,151,99.90836331434643
V64,152,100.0
V64,158,100.0
V64,167,80.47482169872623
V64,170,58.83562499312005
V64,171,65.83562499312005
V64,172,72.83562499312005
V64,173,79.83562499312005
V64,174,86.83562499312005
V64,175,93.83562499312005
V64,176,100.0
V64,178,100.0
V64,190,97.57130333387951
V64,191,100.0
V83,20,88.55278237605168
V83,21,95.55278237605168
V83,22,100.0
V83,25,91.82446111949771
V83,26,98.82446111949771
V83,27,100.0
V83,33,96.75889040116778
V83,34,100.0
V83,66,100.0
V83,71,91.82446111949771
V83,72,98.82446111949771
V83,73,100.0
V83,82,91.82446111949771
V83,83,98.82446111949771
V83,84,100.0
V83,93,98.33727863957394
V83,95,96.44168450800943
V83,96,100.0
V83,110,88.15883916446538
V83,111,95.15883916446538
V83,112,100.0
V83,136,87.12538333765234
V83,137,94.12538333765234
V83,138,100.0
V83,150,70.16378470052967
V83,151,77.16378470052967
V83,152,84.16378470052967
V83,153,91.16378470052967
V83,154,98.16378470052967
V83,155,100.0
V83,158,85.0968644372572
V83,159,92.0968644372572
V83,160,99.0968644372572
V83,161,100.0
V83,193,80.54648153171054
V83,194,87.54648153171054
V83,197,81.9746007005942
V83,198,88.9746007005942
V83,199,95.9746007005942
V145,20,100.0
V145,22,100.0
V145,28,94.02596529948485
V145,29,100.0
V145,34,96.75889040116778
V145,35,100.0
V145,79,81.3406851504381
V145,80,88.3406851504381
V145,81,95.3406851504381
V145,82,100.0
V145,118,95.41061006534557
V145,119,100.0
V145,123,84.99636644945886
V145,124,91.99636644945886
V145,125,98.99636644945886
V145,126,100.0
V163,20,97.65769647370459
V163,21,100.0
V163,138,91.95150349654278
V163,139,98.95150349654278
V163,140,100.0
V199,20,100.0
V199,23,98.77030101378337
V199,24,100.0
V199,66,94.92068663951031
V199,67,100.0
V205,20,94.5001987945029
V205,21,100.0
V205,23,100.0
V205,54,98.0982433324997
V205,55,100.0
V205,61,100.0
V273,20,100.0
V273,46,84.39362286074567
V273,48,87.43398555164156
V273,49,94.43398555164156
V273,50,100.0
V273,68,100.0
V273,99,100.0
V273,110,96.81362361787855
V273,111,100.0
V273,118,97.75754220852497
V273,119,100.0
V273,124,91.82446111949771
V273,125,98.82446111949771
V273,126,100.0
V274,20,100.0
V274,47,79.67977044623598
V274,48,86.67977044623598
V274,49,93.67977044623598
V274,50,100.0
V274,54,100.0
V274,62,99.98448241845493
V274,63,100.0
V274,66,92.82865588481488
V274,67,99.82865588481488
V274,68,100.0
V274,142,92.96495606567973
V274,143,99.96495606567973
V274,146,97.62005413291958
V274,147,100.0
V274,162,87.12177446924139
V274,163,94.12177446924139
V274,164,100.0
V275,20,100.0
V275,47,84.21985483621167
V275,48,91.21985483621167
V275,49,98.21985483621167
V275,50,100.0
V275,73,74.39844053942167
V275,74,81.39844053942167
V275,75,88.39844053942167
V275,76,95.39844053942167
V275,77,100.0
V290,20,96.75889040116778
V290,21,100.0
V453,20,95.37957835485753
V453,21,100.0
V55,21,100.0
V55,24,87.69585851700629
V55,25,94.69585851700629
V55,26,100.0
V55,28,95.37957835485753
V55,29,100.0
V55,35,94.04082286987058
V55,37,96.159097359788
V55,39,87.85059801730279
V55,40,94.85059801730279
V55,41,100.0
V55,44,75.13091633191165
V55,45,82.13091633191165
V55,46,89.13091633191165
V55,47,96.13091633191165
V55,48,100.0
V55,59,97.3521875226488
V55,60,100.0
V55,63,96.75889040116778
V55,64,100.0
V55,77,84.86355435439361
V55,78,91.86355435439361
V55,79,98.86355435439361
V55,80,100.0
V55,82,100.0
V55,85,100.0
V55,91,100.0
V55,93,100.0
V55,110,80.47482169872623
V55,111,87.47482169872623
V55,112,94.47482169872623
V55,113,100.0
V55,122,80.3231007803251
V55,123,87.3231007803251
V55,124,94.3231007803251
V55,125,100.0
V55,129,96.75889040116778
V55,131,93.51778080233555
V55,132,100.0
V55,135,95.4706509021817
V55,136,100.0
V55,138,96.501906096329
V55,139,100.0
V55,143,89.55498785869852
V55,144,96.55498785869852
V55,145,100.0
V55,158,89.55498785869852
V55,159,96.55498785869852
V55,160,100.0
V55,163,100.0
V55,171,100.0
V55,176,81.11896898820868
V55,177,88.11896898820868
V55,178,95.11896898820868
V55,179,100.0
V55,182,97.75792926531939
V55,183,100.0
V55,187,87.1868005858017
V55,188,94.1868005858017
V55,189,100.0
V56,21,100.0
V56,26,84.68155292310823
V56,27,91.68155292310823
V56,28,98.68155292310823
V56,29,100.0
V56,32,91.62103652790864
V56,33,98.62103652790864
V56,34,100.0
V56,37,85.56429335793594
V56,38,92.56429335793594
V56,39,99.56429335793594
V56,41,100.0
V56,43,100.0
V56,62,85.0968644372572
V56,63,92.0968644372572
V56,64,99.0968644372572
V56,65,100.0
V56,77,91.30534537033013
V56,79,93.02209604469373
V56,80,100.0
V56,90,80.88193155029214
V56,91,87.88193155029214
V56,92,94.88193155029214
V56,93,100.0
V56,108,88.19904863504036
V56,109,95.19904863504036
V56,110,100.0
V56,122,86.43253997185532
V56,124,83.19143037302308
V56,125,90.19143037302308
V56,126,97.19143037302308
V56,127,100.0
V56,129,95.37957835485753
V56,130,100.0
V56,134,91.75427329380815
V56,135,98.75427329380815
V56,136,100.0
V56,139,89.90943949638448
V56,142,69.36302981951447
V56,143,76.36302981951447
V56,144,83.36302981951447
V56,145,90.36302981951447
V56,146,97.36302981951447
V56,147,100.0
V56,158,89.5069462236469
V56,159,96.5069462236469
V56,160,100.0
V56,165,85.60542886255246
V56,166,92.60542886255246
V56,167,99.60542886255246
V56,168,100.0
V56,175,95.38081142821
V56,176,100.0
V56,178,100.0
V56,183,83.78505297553554
V56,184,90.78505297553554
V56,185,97.78505297553554
V56,186,100.0
V56,188,94.5001987945029
V56,189,100.0
V200,21,99.31051826395432
V200,22,100.0
V200,24,88.15883916446538
V200,25,95.15883916446538
V200,26,100.0
V200,28,100.0
V200,30,100.0
V200,32,100.0
V200,34,100.0
V200,45,88.55278237605168
V200,46,95.55278237605168
V200,47,100.0
V200,138,93.1018156265126
V200,139,100.0
V200,142,98.97830487086779
V200,146,91.38805156359027
V200,147,98.38805156359027
V200,150,98.15412020896363
V200,151,100.0
V200,156,96.501906096329
V200,157,100.0
V206,21,100.0
V206,23,97.6577885471839
V206,26,92.0851116910032
V206,27,99.0851116910032
V206,28,100.0
V206,35,86.00381219265799
V206,36,93.00381219265799
V206,37,100.0
V206,43,100.0
V206,46,100.0
V206,61,95.37957835485753
V206,62,100.0
V256,21,100.0
V256,25,98.18772248750432
V256,26,100.0
V256,72,77.56185990270592
V256,73,84.56185990270592
V256,74,91.56185990270592
V256,75,98.56185990270592
V256,76,100.0
V257,21,100.0
V257,27,96.83873971266554
V257,28,100.0
V257,31,96.81362361787855
V257,32,100.0
V257,67,100.0
V257,99,100.0
V257,118,97.75792926531939
V257,119,100.0
V257,123,74.72002538145472
V257,124,81.72002538145472
V257,125,88.72002538145472
V257,126,95.72002538145472
V257,127,100.0
V276,21,100.0
V276,46,96.30271443127623
V276,47,100.0
V276,66,94.92068663951031
V276,67,100.0
V277,21,100.0
V277,47,95.4706509021817
V277,48,100.0
V277,61,96.501906096329
V277,62,100.0
V278,21,100.0
V278,46,91.69150065751478
V278,49,91.01196525769629
V278,50,98.01196525769629
V278,51,100.0
V278,66,96.78191995167356
V278,70,79.59480798217317
V278,71,86.59480798217317
V278,72,93.59480798217317
V278,73,100.0
V363,21,85.0968644372572
V363,22,92.0968644372572
V363,23,99.0968644372572
V363,24,100.0
V466,21,100.0
V466,24,96.83225191539552
V466,25,100.0
V466,28,100.0
V467,21,100.0
V467,27,90.30744974092384
V467,28,97.30744974092384
V467,29,100.0
V467,62,95.37957835485753
V467,63,100.0
V505,21,81.88684116514185
V505,22,88.88684116514185
V505,23,95.88684116514185
V505,24,100.0
V521,21,99.15857396409419
V521,22,100.0
V521,142,90.68699747095049
V521,144,86.56750480649445
V521,145,93.56750480649445
V521,146,100.0
V521,162,85.09594890849334
V521,163,92.09594890849334
V521,164,99.09594890849334
V521,165,100.0
V57,22,84.39362286074567
V57,23,91.39362286074567
V57,24,98.39362286074567
V57,25,100.0
V57,28,86.47277868349421
V57,29,93.47277868349421
V57,30,100.0
V57,42,100.0
V57,45,95.54155944423196
V57,46,100.0
V57,48,100.0
V57,64,96.75889040116778
V57,65,100.0
V57,77,91.82446111949771
V57,78,98.82446111949771
V57,79,100.0
V57,86,100.0
V57,108,96.75889040116778
V57,109,100.0
V57,122,86.43253997185532
V57,123,93.43253997185532
V57,127,74.78291391074885
V57,128,81.78291391074885
V57,129,88.78291391074885
V57,130,95.78291391074885
V57,131,100.0
V57,133,84.39362286074567
V57,134,91.39362286074567
V57,135,98.39362286074567
V57,136,100.0
V57,138,84.39362286074567
V57,139,91.39362286074567
V57,140,98.39362286074567
V57,141,100.0
V57,143,96.501906096329
V57,146,92.57018894224674
V57,147,99.57018894224674
V57,148,100.0
V57,158,88.0752494113041
V57,159,95.0752494113041
V57,160,100.0
V57,165,95.38081142821
V57,166,100.0
V57,169,95.3832804999698
V57,170,100.0
V57,175,95.37480928189869
V57,178,94.14511029568206
V57,182,75.01585150737051
V57,185,73.20357399487483
V57,186,80.20357399487483
V57,187,87.20357399487483
V57,188,94.20357399487483
V57,189,100.0
V57,192,92.10625832931474
V57,193,99.10625832931474
V57,194,100.0
V147,22,96.30271443127623
V147,23,100.0
V147,27,96.30271443127623
V147,28,100.0
V147,31,97.3249780928648
V147,32,100.0
V147,62,96.30271443127623
V147,63,100.0
V147,88,95.37957835485753
V147,89,100.0
V147,114,91.75427329380815
V147,115,98.75427329380815
V147,116,100.0
V258,22,99.39004784953507
V258,23,100.0
V258,25,88.19904863504036
V258,26,95.19904863504036
V258,27,100.0
V258,43,96.75889040116778
V258,44,100.0
V258,78,92.1132513841882
V258,79,99.1132513841882
V258,80,100.0
V362,22,91.89982116814954
V362,24,91.21033943210386
V362,25,98.21033943210386
V362,26,100.0
V58,23,84.39362286074567
V58,24,91.39362286074567
V58,25,98.39362286074567
V58,26,100.0
V58,30,82.34659872475463
V58,31,89.34659872475463
V58,32,96.34659872475463
V58,33,100.0
V58,36,89.55498785869852
V58,37,96.55498785869852
V58,38,100.0
V58,40,88.15883916446538
V58,41,95.15883916446538
V58,42,100.0
V58,46,99.08072538179178
V58,47,100.0
V58,50,94.80573098203726
V58,51,100.0
V58,54,100.0
V58,64,91.30534537033013
V58,65,98.30534537033013
V58,66,100.0
V58,78,89.6362875897748
V58,79,96.6362875897748
V58,80,100.0
V58,87,98.33727863957394
V58,90,89.95911119254693
V58,91,96.95911119254693
V58,92,100.0
V58,95,80.40949061598262
V58,96,87.40949061598262
V58,97,94.40949061598262
V58,98,100.0
V58,110,80.47482169872623
V58,111,87.47482169872623
V58,112,94.47482169872623
V58,113,100.0
V58,121,85.04503673984236
V58,122,92.04503673984236
V58,124,77.14190117709956
V58,125,84.14190117709956
V58,126,91.14190117709956
V58,127,98.14190117709956
V58,128,100.0
V58,130,95.37957835485753
V58,131,100.0
V58,134,91.75427329380815
V58,135,98.75427329380815
V58,136,100.0
V58,138,88.19904863504036
V58,139,95.19904863504036
V58,142,90.66004113703002
V58,143,97.66004113703002
V58,145,93.3790749193095
V58,146,100.0
V58,150,93.95887869776031
V58,151,100.0
V58,155,96.501906096329
V58,158,91.8851865962988
V58,159,98.8851865962988
V58,160,100.0
V58,165,86.00381219265799
V58,166,93.00381219265799
V58,167,100.0
V58,174,100.0
V58,176,86.6245493711419
V58,177,93.6245493711419
V58,178,100.0
V58,182,97.75792926531939
V58,183,100.0
V58,187,85.62333540797587
V58,191,72.50792060155692
V58,192,79.50792060155692
V58,193,86.50792060155692
V58,195,89.8909549242436
V58,196,96.8909549242436
V58,197,100.0
V59,23,84.39362286074567
V59,24,91.39362286074567
V59,25,98.39362286074567
V59,26,100.0
V59,31,86.00381219265799
V59,32,93.00381219265799
V59,33,100.0
V59,36,94.42732314381931
V59,37,100.0
V59,39,100.0
V59,43,96.45689946486408
V59,45,96.14214798809515
V59,46,100.0
V59,66,85.74595503650744
V59,67,92.74595503650744
V59,68,99.74595503650744
V59,69,100.0
V59,77,89.04297768976362
V59,78,96.04297768976362
V59,79,100.0
V59,162,88.51276252037114
V59,165,84.37056262125992
V59,166,91.37056262125992
V59,167,98.37056262125992
V59,170,76.73136591565374
V59,171,83.73136591565374
V59,172,90.73136591565374
V59,173,97.73136591565374
V59,174,100.0
V59,178,82.50259312341237
V59,179,89.50259312341237
V59,185,69.7905058981147
V59,186,76.7905058981147
V59,187,83.7905058981147
V59,189,81.4482944452986
V59,190,88.4482944452986
V59,191,95.4482944452986
V59,194,79.30512354113961
V59,195,86.30512354113961
V59,196,93.30512354113961
V59,197,100.0
V66,23,100.0
V66,27,94.92068663951031
V66,28,100.0
V66,31,92.82101481925382
V66,32,99.82101481925382
V66,33,100.0
V66,37,100.0
V66,60,87.12538333765234
V66,61,94.12538333765234
V66,62,100.0
V66,79,88.15883916446538
V66,82,68.59282471610695
V66,83,75.59282471610695
V66,86,54.93167031638231
V66,87,61.93167031638231
V66,88,68.93167031638231
V66,89,75.93167031638231
V66,90,82.93167031638231
V66,91,89.93167031638231
V66,92,96.93167031638231
V66,93,100.0
V66,95,100.0
V66,97,100.0
V66,99,100.0
V66,110,84.41104814881894
V66,111,91.41104814881894
V66,112,98.41104814881894
V66,113,100.0
V66,123,91.62103652790864
V66,124,98.62103652790864
V66,125,100.0
V66,131,94.5001987945029
V66,132,100.0
V66,166,94.5001987945029
V66,167,100.0
V66,175,91.82446111949771
V66,176,98.82446111949771
V66,177,100.0
V66,180,91.82446111949771
V66,181,98.82446111949771
V66,182,100.0
V66,188,89.79124511077998
V66,189,96.79124511077998
V66,191,95.12852375035392
V66,192,100.0
V259,23,98.12566360007152
V259,26,92.55298674389083
V259,27,99.55298674389083
V259,28,100.0
V259,43,96.75889040116778
V259,44,100.0
V259,78,96.35452481401482
V259,79,100.0
V588,23,100.0
V588,39,99.98448241845493
V588,40,100.0
V588,118,100.0
V588,122,93.87071245941843
V588,124,90.6296028605862
V588,125,97.6296028605862
V588,126,100.0
V60,24,84.39362286074567
V60,25,91.39362286074567
V60,26,98.39362286074567
V60,27,100.0
V60,32,88.56013336715797
V60,35,77.17740758057403
V60,38,75.30307118064555
V60,39,82.30307118064555
V60,42,80.8038899849097
V60,43,87.8038899849097
V60,46,83.4972045458332
V60,47,90.4972045458332
V60,48,97.4972045458332
V60,49,100.0
V60,51,88.62599359245951
V60,52,95.62599359245951
V60,53,100.0
V60,62,88.62599359245951
V60,63,95.62599359245951
V60,64,100.0
V60,77,88.19904863504036
V60,78,95.19904863504036
V60,79,100.0
V60,81,100.0
V60,86,93.96558611531752
V60,87,100.0
V60,89,100.0
V60,92,96.796179121688
V60,93,100.0
V60,95,100.0
V60,108,88.19904863504036
V60,109,95.19904863504036
V60,110,100.0
V60,121,91.62103652790864
V60,122,98.62103652790864
V60,123,100.0
V60,125,91.69150065751478
V60,126,98.69150065751478
V60,130,89.522195772469
V60,131,96.522195772469
V60,136,73.2506711908653
V60,137,80.2506711908653
V60,138,87.2506711908653
V60,139,94.2506711908653
V60,140,100.0
V60,151,79.22202029418166
V60,152,86.22202029418166
V60,153,93.22202029418166
V60,154,100.0
V60,162,90.83124572996411
V60,163,97.83124572996411
V60,166,93.30189663214581
V60,167,100.0
V60,175,88.0752494113041
V60,178,81.27262178297197
V60,179,88.27262178297197
V60,182,86.03055104829137
V60,183,93.03055104829137
V60,184,100.0
V60,188,100.0
V60,190,98.71049987785196
V60,191,100.0
V60,193,98.69514616282873
V60,194,100.0
V65,24,94.88263549952084
V65,25,100.0
V65,27,100.0
V65,29,96.30271443127623
V65,30,100.0
V65,32,89.55498785869852
V65,33,96.55498785869852
V65,34,100.0
V65,39,95.84384640802271
V65,40,100.0
V65,45,87.7762109278841
V65,46,94.7762109278841
V65,47,100.0
V65,61,100.0
V65,63,85.0968644372572
V65,64,92.0968644372572
V65,65,99.0968644372572
V65,66,100.0
V65,79,80.47482169872623
V65,80,87.47482169872623
V65,81,94.47482169872623
V65,82,100.0
V65,114,87.44200842733456
V65,115,94.44200842733456
V65,118,88.40088712509487
V65,119,95.40088712509487
V65,122,88.57721629008319
V65,123,95.57721629008319
V65,130,75.52431808117716
V65,134,72.06157113992806
V65,135,79.06157113992806
V65,137,76.71935968711196
V65,138,83.71935968711196
V65,139,90.71935968711196
V65,140,97.71935968711196
V65,141,100.0
V65,156,95.37957835485753
V65,157,100.0
V65,170,77.02470985539885
V65,171,84.02470985539885
V65,172,91.02470985539885
V65,173,98.02470985539885
V65,174,100.0
V65,176,96.75889040116778
V65,177,100.0
V65,186,82.08542634878405
V65,187,89.08542634878405
V65,190,88.85149499415742
V65,191,95.85149499415742
V65,193,97.9682998740224
V65,194,100.0
V65,196,100.0
V146,24,79.19297193709023
V146,25,86.19297193709023
V146,26,93.19297193709023
V146,27,100.0
V146,34,84.68155292310823
V146,35,91.68155292310823
V146,36,98.68155292310823
V146,37,100.0
V146,62,100.0
V146,66,84.39362286074567
V146,67,91.39362286074567
V146,68,98.39362286074567
V146,69,100.0
V146,88,100.0
V146,120,100.0
V260,24,85.55477795382814
V260,25,92.55477795382814
V260,26,99.55477795382814
V260,27,100.0
V260,43,96.75889040116778
V260,44,100.0
V260,82,92.57142261162727
V260,83,99.57142261162727
V260,84,100.0
V364,24,100.0
V364,32,76.53770396764702
V364,33,83.53770396764702
V364,34,90.53770396764702
V364,35,97.53770396764702
V364,36,100.0
V364,45,88.55278237605168
V364,46,95.55278237605168
V364,47,100.0
V364,142,92.96495606567973
V364,143,99.96495606567973
V364,144,100.0
V364,150,99.32046460018151
V364,151,100.0
V364,155,96.81362361787855
V364,157,98.17330172277173
V364,158,100.0
V364,162,100.0
V364,166,94.5344565014686
V364,167,100.0
V364,173,83.60924113874658
V364,176,70.16431066160234
V364,177,77.16431066160234
V364,178,84.16431066160234
V364,179,91.16431066160234
V364,180,98.16431066160234
V364,181,100.0
V454,24,95.37957835485753
V454,25,100.0
V506,24,89.55498785869852
V506,25,96.55498785869852
V506,26,100.0
V589,24,100.0
V589,41,99.08033847655973
V589,42,100.0
V589,47,97.87698297445435
V589,49,100.0
V589,66,100.0
V589,114,100.0
V589,118,93.2152862380822
V589,121,87.24125153756705
V589,122,94.24125153756705
V589,123,100.0
V590,24,88.15883916446538
V590,25,95.15883916446538
V590,26,100.0
V591,24,88.15883916446538
V591,25,95.15883916446538
V591,26,100.0
V455,25,95.37957835485753
V455,26,100.0
V456,25,95.37957835485753
V456,26,100.0
V469,25,91.69150065751478
V469,26,98.69150065751478
V469,27,100.0
V470,25,91.69150065751478
V470,26,98.69150065751478
V470,27,100.0
V67,26,100.0
V67,67,91.08199619004091
V67,68,98.08199619004091
V67,69,100.0
V67,80,94.5001987945029
V67,81,100.0
V67,110,94.5001987945029
V67,111,100.0
V67,123,91.62103652790864
V67,124,98.62103652790864
V67,125,100.0
V67,134,66.94374486843816
V67,135,73.94374486843816
V67,136,80.94374486843816
V67,137,87.94374486843816
V67,138,94.94374486843816
V67,139,100.0
V67,144,96.30271443127623
V67,145,100.0
V67,150,91.91612829995337
V67,151,98.91612829995337
V67,152,100.0
V67,156,88.62599359245951
V67,157,95.62599359245951
V67,158,100.0
V67,169,91.51257885720659
V67,170,98.51257885720659
V67,172,90.3370399767043
V67,173,97.3370399767043
V67,174,100.0
V67,176,96.75889040116778
V67,177,100.0
V67,182,100.0
V67,187,94.65449128312132
V67,188,100.0
V67,190,100.0
V323,26,100.0
V323,28,99.56100610962592
V323,29,100.0
V323,134,88.8908673660789
V323,135,95.8908673660789
V323,136,100.0
V323,142,93.79399442256394
V323,143,100.0
V323,159,91.82446111949771
V323,160,98.82446111949771
V323,161,100.0
V324,26,100.0
V324,29,100.0
V324,31,98.80917718245672
V324,34,86.96231298749721
V324,35,93.96231298749721
V324,36,100.0
V325,26,100.0
V325,30,92.52314900168854
V325,31,99.52314900168854
V325,32,100.0
V325,68,83.6155932505625
V325,69,90.6155932505625
V325,71,91.8072335005474
V325,72,98.8072335005474
V325,73,100.0
V457,26,95.37957835485753
V457,27,100.0
V468,26,91.30534537033013
V468,27,98.30534537033013
V468,28,100.0
V471,26,93.171049865817
V471,27,100.0
V471,66,90.83113721738945
V471,67,97.83113721738945
V471,68,100.0
V473,26,91.69150065751478
V473,27,98.69150065751478
V473,28,100.0
V68,27,100.0
V68,32,86.00381219265799
V68,33,93.00381219265799
V68,34,100.0
V68,37,95.4706509021817
V68,39,95.73151266468658
V68,40,100.0
V68,47,96.34985288102749
V68,49,100.0
V68,54,100.0
V68,59,96.501906096329
V68,60,100.0
V68,80,100.0
V68,86,100.0
V68,90,67.72055050323738
V68,91,74.72055050323738
V68,92,81.72055050323738
V68,93,88.72055050323738
V68,94,95.72055050323738
V68,95,100.0
V68,111,85.49012890284625
V68,112,92.49012890284625
V68,113,99.49012890284625
V68,114,100.0
V68,117,98.2244583460274
V68,118,100.0
V68,120,76.71421070812605
V68,121,83.71421070812605
V68,122,90.71421070812605
V68,123,97.71421070812605
V68,124,100.0
V68,131,100.0
V68,135,90.74587426791403
V68,138,77.05903751830425
V68,139,84.05903751830425
V68,140,91.05903751830425
V68,141,98.05903751830425
V68,142,100.0
V68,156,80.47482169872623
V68,157,87.47482169872623
V68,158,94.47482169872623
V68,159,100.0
V68,177,84.28419750728065
V68,179,83.59471577123497
V68,180,90.59471577123497
V68,181,97.59471577123497
V68,182,100.0
V68,188,94.42732314381931
V68,191,83.19636195471669
V68,192,90.19636195471669
V68,193,97.19636195471669
V68,194,100.0
V148,27,100.0
V148,31,89.34753174687802
V148,32,96.34753174687802
V148,33,100.0
V148,35,95.37957835485753
V148,36,100.0
V148,60,95.37957835485753
V148,61,100.0
V148,88,95.37957835485753
V148,89,100.0
V148,114,91.75427329380815
V148,115,98.75427329380815
V148,116,100.0
V149,27,100.0
V149,29,100.0
V149,34,95.37957835485753
V149,35,100.0
V149,37,100.0
V149,63,96.30271443127623
V149,64,100.0
V149,88,80.47482169872623
V149,89,87.47482169872623
V149,90,94.47482169872623
V149,91,100.0
V149,127,74.67607904257426
V149,128,81.67607904257426
V149,129,88.67607904257426
V149,130,95.67607904257426
V149,131,100.0
V279,27,100.0
V279,46,91.69150065751478
V279,47,98.69150065751478
V279,50,97.01422200403793
V279,51,100.0
V279,66,94.92068663951031
V279,67,100.0
V365,27,100.0
V365,73,87.28992826433792
V365,74,94.28992826433792
V365,75,100.0
V365,79,100.0
V365,109,91.82446111949771
V365,110,98.82446111949771
V365,111,100.0
V458,27,95.37957835485753
V458,28,100.0
V474,27,100.0
V474,45,88.55278237605168
V474,46,95.55278237605168
V474,47,100.0
V474,166,95.58761404567556
V474,167,100.0
V474,171,88.8664062251378
V474,174,86.99206982520931
V474,179,76.45230246909176
V474,180,83.45230246909176
V474,182,86.04616371284392
V474,183,93.04616371284392
V474,184,100.0
V474,189,98.80800860367482
V474,190,100.0
V474,192,100.0
V475,27,96.81362361787855
V475,28,100.0
V475,134,91.53037429224214
V475,135,98.53037429224214
V475,139,90.38043391723713
V475,142,88.71500296104806
V475,143,95.71500296104806
V475,144,100.0
V475,159,88.5236653360017
V475,160,95.5236653360017
V475,161,100.0
V476,27,100.0
V476,32,94.01877021140628
V476,33,100.0
V476,66,90.83113721738945
V476,67,97.83113721738945
V476,68,100.0
V592,27,88.15883916446538
V592,28,95.15883916446538
V592,29,100.0
V593,27,88.15883916446538
V593,28,95.15883916446538
V593,29,100.0
V69,28,100.0
V69,34,94.92068663951031
V69,35,100.0
V69,40,97.72697325542097
V69,43,96.22657443225513
V69,46,91.92068501824298
V69,47,98.92068501824298
V69,48,100.0
V69,54,100.0
V69,59,96.501906096329
V69,60,100.0
V69,82,75.00795544381674
V69,83,82.00795544381674
V69,86,77.25587274252354
V69,87,84.25587274252354
V69,88,91.25587274252354
V69,89,98.25587274252354
V69,90,100.0
V69,114,94.37469290644924
V69,115,100.0
V69,119,76.28458692476151
V69,120,83.28458692476151
V69,121,90.28458692476151
V69,122,97.28458692476151
V69,123,100.0
V69,134,72.96171306686261
V69,135,79.96171306686261
V69,137,81.15088518375521
V69,138,88.15088518375521
V69,139,95.15088518375521
V69,140,100.0
V69,157,95.37957835485753
V69,158,100.0
V69,175,80.47482169872623
V69,176,87.47482169872623
V69,177,94.47482169872623
V69,178,100.0
V69,183,84.38211117425799
V69,184,91.38211117425799
V69,185,98.38211117425799
V69,186,100.0
V150,28,96.30271443127623
V150,29,100.0
V150,34,95.37957835485753
V150,35,100.0
V150,60,95.37957835485753
V150,61,100.0
V150,89,88.62599359245951
V150,90,95.62599359245951
V150,91,100.0
V150,110,88.62552419590452
V150,111,95.62552419590452
V150,112,100.0
V151,28,96.30271443127623
V151,29,100.0
V151,34,91.69150065751478
V151,35,98.69150065751478
V151,36,100.0
V151,38,99.07724374820035
V151,39,100.0
V151,78,92.57142261162727
V151,79,99.57142261162727
V151,80,100.0
V151,89,88.62599359245951
V151,90,95.62599359245951
V151,91,100.0
V151,110,88.56013336715797
V151,111,95.56013336715797
V151,112,100.0
V326,28,100.0
V326,31,84.39362286074567
V326,32,91.39362286074567
V326,33,98.39362286074567
V326,34,100.0
V280,29,96.43089407106106
V280,30,100.0
V280,32,100.0
V280,47,88.62599359245951
V280,48,95.62599359245951
V280,50,87.73225192177425
V280,51,94.73225192177425
V280,52,100.0
V280,61,100.0
V459,29,95.37957835485753
V459,30,100.0
V472,29,82.0951261647399
V472,30,89.0951261647399
V472,31,96.0951261647399
V472,32,100.0
V522,29,76.71421070812605
V522,30,83.71421070812605
V522,31,90.71421070812605
V522,32,97.71421070812605
V522,33,100.0
V70,30,98.99296467252516
V70,31,100.0
V70,33,96.91156141991871
V70,34,100.0
V70,36,94.5001987945029
V70,37,100.0
V70,40,86.00381219265799
V70,41,93.00381219265799
V70,42,100.0
V70,44,96.30271443127623
V70,45,100.0
V70,53,98.22033675111197
V70,54,100.0
V70,58,96.30271443127623
V70,59,100.0
V70,80,95.37957835485753
V70,81,100.0
V70,89,95.37957835485753
V70,90,100.0
V70,94,87.5230511823882
V70,95,94.5230511823882
V70,96,100.0
V70,102,94.92148266457465
V70,103,100.0
V70,106,93.94338433090384
V70,107,100.0
V70,118,90.68388676279663
V70,119,97.68388676279663
V70,122,81.9037415990083
V70,123,88.9037415990083
V70,124,95.9037415990083
V70,125,100.0
V70,132,95.37957835485753
V70,133,100.0
V70,158,91.75427329380815
V70,159,98.75427329380815
V70,160,100.0
V70,178,81.43380420412497
V70,179,88.43380420412497
V70,180,95.43380420412497
V70,181,100.0
V71,30,98.99296467252516
V71,31,100.0
V71,37,92.83993378755076
V71,40,90.71551346130867
V71,42,88.2913578363823
V71,43,95.2913578363823
V71,46,94.2857374469282
V71,47,100.0
V71,67,94.11336853156595
V71,71,89.53190038482353
V71,73,93.47020015029996
V71,75,95.9219482343586
V71,76,100.0
V71,90,75.2827429257632
V71,91,82.2827429257632
V71,92,89.2827429257632
V71,93,96.2827429257632
V71,94,100.0
V71,115,94.5001987945029
V71,116,100.0
V71,123,91.62103652790864
V71,124,98.62103652790864
V71,125,100.0
V71,133,100.0
V71,135,100.0
V71,158,91.75427329380815
V71,159,98.75427329380815
V71,160,100.0
V71,180,81.75573253135903
V71,181,88.75573253135903
V71,183,92.1385288283282
V71,185,94.25533370819319
V71,189,82.03417732261455
V71,190,89.03417732261455
V71,191,96.03417732261455
V71,192,100.0
V72,30,98.99296467252516
V72,31,100.0
V72,35,89.60064940774183
V72,36,96.60064940774183
V72,37,100.0
V72,41,100.0
V72,46,99.54292893519656
V72,47,100.0
V72,60,100.0
V72,66,89.04517271910643
V72,67,96.04517271910643
V72,68,100.0
V72,80,95.37957835485753
V72,81,100.0
V72,93,93.87647595431302
V72,94,100.0
V72,107,89.04517271910643
V72,108,96.04517271910643
V72,109,100.0
V72,123,83.6296028605862
V72,126,67.82880471594748
V72,127,74.82880471594748
V72,128,81.82880471594748
V72,129,88.82880471594748
V72,130,95.82880471594748
V72,131,100.0
V72,133,96.75889040116778
V72,134,100.0
V72,141,91.19314344373007
V72,142,98.19314344373007
V72,143,100.0
V72,147,92.4881797203835
V72,148,99.4881797203835
V72,149,100.0
V72,162,81.88684116514185
V72,163,88.88684116514185
V72,164,95.88684116514185
V72,165,100.0
V72,178,91.62018058624642
V72,179,98.62018058624642
V72,180,100.0
V72,183,91.62018058624642
V72,184,98.62018058624642
V72,185,100.0
V72,187,91.62183360168154
V72,188,98.62183360168154
V72,190,100.0
V73,30,98.99296467252516
V73,31,100.0
V73,39,96.30271443127623
V73,40,100.0
V73,44,92.57142261162727
V73,45,99.57142261162727
V73,46,100.0
V73,66,100.0
V73,69,91.82446111949771
V73,70,98.82446111949771
V73,71,100.0
V73,82,88.27220711011236
V73,83,95.27220711011236
V73,86,91.1432798333413
V73,87,98.1432798333413
V73,88,100.0
V73,110,92.1132513841882
V73,111,99.1132513841882
V73,112,100.0
V73,123,69.39809727008071
V73,124,76.39809727008071
V73,125,83.39809727008071
V73,126,90.39809727008071
V73,127,97.39809727008071
V73,128,100.0
V73,133,88.15883916446538
V73,134,95.15883916446538
V73,135,100.0
V73,138,95.84597944328286
V73,140,95.00450456482814
V73,141,100.0
V73,159,84.9454464352149
V73,160,91.9454464352149
V73,161,98.9454464352149
V73,162,100.0
V73,180,85.60542886255246
V73,181,92.60542886255246
V73,182,99.60542886255246
V73,183,100.0
V73,187,100.0
V124,30,99.15852512154528
V124,33,95.93975019989253
V124,34,100.0
V124,40,97.657696473705
V124,41,100.0
V124,59,81.06579976127088
V124,60,88.06579976127088
V124,61,95.06579976127088
V124,62,100.0
V124,87,90.58892539209913
V124,88,97.58892539209913
V124,89,100.0
V124,94,100.0
V124,96,100.0
V124,102,87.3938185515508
V124,103,94.3938185515508
V124,104,100.0
V124,114,85.92909376011633
V124,115,92.92909376011633
V124,116,99.92909376011633
V124,118,91.62059441763111
V124,119,98.62059441763111
V124,120,100.0
V152,30,96.30271443127623
V152,31,100.0
V152,35,92.88494041901568
V152,37,97.03214562823152
V152,38,100.0
V152,42,99.39004784953507
V152,43,100.0
V152,67,85.70948700535118
V152,68,92.70948700535118
V152,69,99.70948700535118
V152,70,100.0
V152,89,88.62599359245951
V152,90,95.62599359245951
V152,91,100.0
V152,110,88.56013336715797
V152,111,95.56013336715797
V152,112,100.0
V477,30,98.50130881260411
V477,31,100.0
V477,33,97.6577885471839
V477,34,100.0
V477,62,95.37957835485753
V477,63,100.0
V125,31,91.82446111949771
V125,32,98.82446111949771
V125,33,100.0
V125,35,95.37957835485753
V125,36,100.0
V125,39,94.59732542365171
V125,40,100.0
V125,60,96.30271443127623
V125,61,100.0
V125,86,95.4706509021817
V125,88,98.85368522486839
V125,89,100.0
V125,94,100.0
V125,97,96.30271443127623
V125,98,100.0
V125,100,96.30271443127623
V125,101,100.0
V125,107,88.27220711011236
V125,108,95.27220711011236
V125,109,100.0
V523,31,99.08188713534253
V523,32,100.0
V523,34,84.39362286074567
V523,35,91.39362286074567
V523,36,98.39362286074567
V523,37,100.0
V524,31,99.08188713534253
V524,32,100.0
V524,34,84.39362286074567
V524,35,91.39362286074567
V524,36,98.39362286074567
V524,37,100.0
V84,32,100.0
V84,36,95.63951164858861
V84,37,100.0
V84,40,100.0
V84,42,100.0
V84,45,98.65472432206009
V84,47,99.5316051667564
V84,48,100.0
V84,60,96.501906096329
V84,61,100.0
V84,82,94.5001987945029
V84,83,100.0
V84,118,89.52451106089596
V84,119,96.52451106089596
V84,120,100.0
V84,136,100.0
V84,141,100.0
V84,144,100.0
V84,147,89.336827402252
V84,148,96.336827402252
V84,149,100.0
V84,172,86.93189863067579
V84,173,93.93189863067579
V84,174,100.0
V84,190,81.06579976127088
V84,191,88.06579976127088
V84,192,95.06579976127088
V84,193,100.0
V127,32,91.82446111949771
V127,33,98.82446111949771
V127,34,100.0
V127,36,88.19904863504036
V127,37,95.19904863504036
V127,38,100.0
V127,41,100.0
V127,46,95.24791747142794
V127,47,100.0
V127,62,89.55498785869852
V127,63,96.55498785869852
V127,64,100.0
V127,86,94.43816036130943
V127,88,98.58536557052527
V127,89,100.0
V127,91,100.0
V127,119,83.17693786692443
V127,121,82.48745613087875
V127,122,89.48745613087875
V127,123,96.48745613087875
V127,124,100.0
V153,32,86.74676372655273
V153,33,93.74676372655273
V153,34,100.0
V153,45,88.55278237605168
V153,46,95.55278237605168
V153,47,100.0
V153,138,79.39067146009498
V153,139,86.39067146009498
V153,140,93.39067146009498
V153,141,100.0
V304,32,95.43716163270298
V304,33,100.0
V304,35,100.0
V304,45,90.727326489109
V304,46,97.727326489109
V304,47,100.0
V304,60,100.0
V304,67,99.68524852323107
V304,70,96.94516369061407
V304,71,100.0
V304,75,93.9291251608894
V304,78,85.54930574713582
V304,79,92.54930574713582
V304,80,99.54930574713582
V304,81,100.0
V327,32,98.0456093278108
V327,33,100.0
V327,70,99.53216100922859
V327,71,100.0
V327,75,98.33456904381093
V327,77,100.0
V327,91,100.0
V327,114,86.05111083492099
V327,115,93.05111083492099
V327,116,100.0
V478,32,91.69150065751478
V478,33,98.69150065751478
V478,34,100.0
V126,33,92.93593770137646
V126,34,99.93593770137646
V126,35,100.0
V126,61,96.91156141991871
V126,62,100.0
V126,66,89.52451106089596
V126,67,96.52451106089596
V126,68,100.0
V126,86,95.4706509021817
V126,88,96.5949026534005
V126,89,100.0
V126,94,100.0
V126,114,92.12774806264271
V126,117,91.39175815172354
V126,119,90.70227641567786
V126,120,97.70227641567786
V126,121,100.0
V479,33,98.18841758803073
V479,34,100.0
V479,118,84.21985483621165
V479,119,91.21985483621165
V479,120,98.21985483621165
V479,121,100.0
V594,33,100.0
V594,77,97.88127148951386
V594,78,100.0
V594,148,87.84397263724833
V594,149,94.84397263724833
V594,150,100.0
V594,158,88.62599359245951
V594,159,95.62599359245951
V594,160,100.0
V74,34,89.62705598684299
V74,35,96.62705598684299
V74,37,93.05762488307052
V74,38,100.0
V74,40,100.0
V74,46,92.83513937630374
V74,47,99.83513937630374
V74,48,100.0
V74,50,100.0
V74,61,84.68155292310823
V74,62,91.68155292310823
V74,63,98.68155292310823
V74,64,100.0
V74,82,88.27220711011236
V74,83,95.27220711011236
V74,86,94.26517178263752
V74,87,100.0
V74,94,95.3699533450649
V74,95,100.0
V74,109,100.0
V74,118,89.52451106089596
V74,119,96.52451106089596
V74,120,100.0
V74,122,89.55498785869852
V74,123,96.55498785869852
V74,127,87.73054684078845
V74,132,71.43845299352003
V74,133,78.43845299352003
V74,134,85.43845299352003
V74,135,92.43845299352003
V74,136,99.43845299352003
V74,137,100.0
V74,139,81.06579976127088
V74,140,88.06579976127088
V74,141,95.06579976127088
V74,142,100.0
V74,171,73.06970557053486
V74,172,80.06970557053486
V74,173,87.06970557053486
V74,174,94.06970557053486
V74,175,100.0
V74,180,81.05240249790907
V74,182,77.4829713941366
V74,183,84.4829713941366
V74,185,88.01427359749555
V74,186,95.01427359749555
V74,187,100.0
V74,191,85.88828977384462
V74,192,92.88828977384462
V74,193,99.88828977384462
V74,194,100.0
V75,34,95.6933145609235
V75,35,100.0
V75,38,95.38081142821
V75,39,100.0
V75,41,94.5001987945029
V75,42,100.0
V75,62,94.5001987945029
V75,63,100.0
V75,81,94.43816036130943
V75,82,100.0
V75,85,94.10396192796071
V75,86,100.0
V75,110,91.75427329380815
V75,111,98.75427329380815
V75,112,100.0
V75,124,95.38081142821
V75,125,100.0
V75,134,95.37957835485753
V75,135,100.0
V75,159,85.05220827027375
V75,160,92.05220827027375
V75,161,99.05220827027375
V75,162,100.0
V75,182,83.08918008724558
V75,183,90.08918008724558
V75,185,88.42645872681952
V75,186,95.42645872681952
V75,187,100.0
V75,193,96.0763608517698
V75,194,100.0
V76,34,95.6933145609235
V76,35,100.0
V76,37,89.55498785869852
V76,38,96.55498785869852
V76,39,100.0
V76,61,89.55498785869852
V76,62,96.55498785869852
V76,63,100.0
V76,81,91.82446111949771
V76,82,98.82446111949771
V76,83,100.0
V76,92,100.0
V76,110,92.1132513841882
V76,111,99.1132513841882
V76,112,100.0
V76,127,74.64238936799222
V76,128,81.64238936799222
V76,129,88.64238936799222
V76,130,95.64238936799222
V76,131,100.0
V76,134,96.501906096329
V76,135,100.0
V76,139,93.02214624134041
V76,142,90.76550517253594
V76,144,85.74771173472692
V76,145,92.74771173472692
V76,146,99.74771173472692
V76,147,100.0
V76,156,85.0968644372572
V76,157,92.0968644372572
V76,158,99.0968644372572
V76,159,100.0
V76,183,86.10178253731966
V76,185,80.5399428986291
V76,186,87.5399428986291
V76,187,94.5399428986291
V76,188,100.0
V76,191,81.09476916396267
V76,192,88.09476916396267
V76,193,95.09476916396267
V76,194,100.0
V77,34,95.6933145609235
V77,35,100.0
V77,38,85.0968644372572
V77,39,92.0968644372572
V77,40,99.0968644372572
V77,41,100.0
V77,63,85.0968644372572
V77,64,92.0968644372572
V77,65,99.0968644372572
V77,66,100.0
V77,81,81.06579976127088
V77,82,88.06579976127088
V77,83,95.06579976127088
V77,84,100.0
V77,170,80.73785226409156
V77,171,87.73785226409156
V77,172,94.73785226409156
V77,173,100.0
V77,183,69.47342507989707
V77,184,76.47342507989707
V77,185,83.47342507989707
V77,186,90.47342507989707
V77,188,88.13121362708097
V77,189,95.13121362708097
V77,190,100.0
V78,34,95.6933145609235
V78,35,100.0
V78,38,93.35530759041647
V78,39,100.0
V78,41,77.72289834582264
V78,42,84.72289834582264
V78,43,91.72289834582264
V78,44,98.72289834582264
V78,45,100.0
V78,73,80.47482169872623
V78,74,87.47482169872623
V78,75,94.47482169872623
V78,76,100.0
V78,82,91.62103652790864
V78,83,98.62103652790864
V78,86,91.19245913953591
V78,87,98.19245913953591
V78,88,100.0
V78,110,92.1132513841882
V78,111,99.1132513841882
V78,112,100.0
V78,124,84.39362286074567
V78,126,82.72418925209247
V78,127,89.72418925209247
V78,133,66.39309453514426
V78,134,73.39309453514426
V78,135,80.39309453514426
V78,136,87.39309453514426
V78,137,94.39309453514426
V78,138,100.0
V78,142,91.14586008119393
V78,143,98.14586008119393
V78,144,100.0
V78,175,78.80211840408522
V78,176,85.80211840408522
V78,177,92.80211840408522
V78,178,99.80211840408522
V78,179,100.0
V78,183,91.46369749409108
V78,185,93.58050237395607
V78,187,97.7277075831719
V78,188,100.0
V78,190,100.0
V79,34,95.6933145609235
V79,35,100.0
V79,39,86.05111083492099
V79,40,93.05111083492099
V79,41,100.0
V79,51,98.10440586843549
V79,54,90.23420793669474
V79,55,97.23420793669474
V79,56,100.0
V79,61,100.0
V79,63,88.15883916446538
V79,64,95.15883916446538
V79,65,100.0
V79,82,91.62103652790864
V79,83,98.62103652790864
V79,86,91.19245913953591
V79,87,98.19245913953591
V79,88,100.0
V79,110,92.1132513841882
V79,111,99.1132513841882
V79,112,100.0
V79,126,82.04104785278226
V79,128,83.23145356688725
V79,129,90.23145356688725
V79,130,97.23145356688725
V79,131,100.0
V79,135,94.5001987945029
V79,136,100.0
V79,167,94.5001987945029
V79,168,100.0
V79,188,94.5001987945029
V79,189,100.0
V80,34,95.6933145609235
V80,35,100.0
V80,38,80.47482169872623
V80,39,87.47482169872623
V80,40,94.47482169872623
V80,41,100.0
V80,80,100.0
V80,86,100.0
V80,91,100.0
V80,116,85.69832421691605
V80,117,92.69832421691605
V80,118,99.69832421691605
V80,119,100.0
V80,124,81.06579976127088
V80,125,88.06579976127088
V80,126,95.06579976127088
V80,127,100.0
V80,176,69.07800698661713
V80,177,76.07800698661713
V80,178,83.07800698661713
V80,179,90.07800698661713
V80,180,97.07800698661713
V80,181,100.0
V80,188,96.75889040116778
V80,189,100.0
V328,34,100.0
V328,69,86.74145429697525
V328,70,93.74145429697525
V328,71,100.0
V428,34,99.98448241845493
V428,35,100.0
V428,38,100.0
V428,72,81.04737898760834
V428,73,88.04737898760834
V428,74,95.04737898760834
V428,75,100.0
V595,34,97.8199654752706
V595,35,100.0
V595,114,96.75889040116778
V595,115,100.0
V596,34,88.15883916446538
V596,35,95.15883916446538
V596,36,100.0
V128,35,95.48448384878978
V128,37,99.63168905800562
V128,38,100.0
V128,40,93.35543389128972
V128,41,100.0
V128,61,87.12538333765234
V128,62,94.12538333765234
V128,63,100.0
V128,86,94.43816036130943
V128,87,100.0
V128,89,100.0
V128,94,100.0
V128,98,85.47328675733488
V128,99,92.47328675733488
V128,100,99.47328675733488
V128,101,100.0
V128,111,84.21985483621165
V128,112,91.21985483621165
V128,113,98.21985483621165
V128,114,100.0
V130,35,100.0
V130,64,78.43736938724278
V130,65,85.43736938724278
V130,66,92.43736938724278
V130,67,99.43736938724278
V130,68,100.0
V130,87,91.30534537033013
V130,88,98.30534537033013
V130,91,96.80665418293424
V130,92,100.0
V130,94,100.0
V130,96,100.0
V130,107,88.27220711011236
V130,108,95.27220711011236
V130,109,100.0
V329,35,100.0
V329,37,91.69150065751478
V329,38,98.69150065751478
V329,39,100.0
V480,35,97.4079017343118
V480,38,98.70231215274349
V480,39,100.0
V480,41,100.0
V480,72,100.0
V480,75,88.15883916446538
V480,76,95.15883916446538
V480,77,100.0
V129,36,95.48448384878978
V129,39,93.21145710421075
V129,40,100.0
V129,61,96.30271443127623
V129,62,100.0
V129,86,96.30271443127623
V129,87,100.0
V129,95,91.91612829995337
V129,96,98.91612829995337
V129,97,100.0
V129,109,88.62599359245951
V129,110,95.62599359245951
V129,111,100.0
V131,37,100.0
V131,42,95.07891805828841
V131,43,100.0
V131,45,97.57584437507363
V131,46,100.0
V131,50,90.25945848300559
V131,51,97.25945848300559
V131,52,100.0
V131,70,89.5508354501894
V131,71,96.5508354501894
V131,72,100.0
V131,87,91.62103652790864
V131,88,98.62103652790864
V131,89,100.0
V131,91,94.5001987945029
V131,92,100.0
V131,119,85.89920599984659
V131,120,92.89920599984659
V131,121,99.89920599984659
V131,122,100.0
V429,37,100.0
V429,69,88.15883916446538
V429,70,95.15883916446538
V429,71,100.0
V132,38,91.82446111949771
V132,39,98.82446111949771
V132,40,100.0
V132,44,86.74145429697525
V132,45,93.74145429697525
V132,46,100.0
V132,63,86.74145429697525
V132,64,93.74145429697525
V132,65,100.0
V132,86,95.37957835485753
V132,87,100.0
V132,111,95.37957835485753
V132,112,100.0
V85,39,100.0
V85,43,85.66287004137529
V85,44,92.66287004137529
V85,45,99.66287004137529
V85,46,100.0
V85,70,92.57142261162727
V85,71,99.57142261162727
V85,72,100.0
V85,83,88.76903881089738
V85,84,95.76903881089738
V85,87,90.19636195471669
V85,88,97.19636195471669
V85,89,100.0
V85,91,81.06579976127088
V85,92,88.06579976127088
V85,93,95.06579976127088
V85,94,100.0
V85,174,91.78175276917877
V85,175,98.78175276917877
V85,176,100.0
V525,39,88.21617444574792
V525,40,95.21617444574792
V525,43,78.43195167764121
V525,44,85.43195167764121
V525,45,92.43195167764121
V525,46,99.43195167764121
V525,47,100.0
V525,163,93.32281887272447
V525,164,100.0
V525,167,86.05111083492099
V525,168,93.05111083492099
V525,169,100.0
V133,40,100.0
V133,74,96.35452481401482
V133,75,100.0
V133,86,89.55498785869852
V133,87,96.55498785869852
V133,88,100.0
V133,119,90.80927770800348
V133,120,97.80927770800348
V133,126,71.11184541076817
V133,127,78.11184541076817
V133,128,85.11184541076817
V133,129,92.11184541076817
V133,130,99.11184541076817
V133,131,100.0
V134,40,100.0
V134,44,98.20356395124988
V134,45,100.0
V134,62,100.0
V134,70,71.11125779094054
V134,71,78.11125779094054
V134,72,85.11125779094054
V134,73,92.11125779094054
V134,74,99.11125779094054
V134,75,100.0
V134,86,88.15883916446538
V134,87,95.15883916446538
V134,89,98.31957008451717
V134,90,100.0
V134,92,95.88050733554437
V134,93,100.0
V134,118,93.87097794252705
V134,123,84.52601158651949
V134,126,81.56302506944319
V134,130,73.19380860985227
V134,131,80.19380860985227
V134,132,87.19380860985227
V134,133,94.19380860985227
V134,134,100.0
V224,40,89.04297768976362
V224,41,96.04297768976362
V224,42,100.0
V224,44,91.62183360168154
V224,45,98.62183360168154
V224,46,100.0
V224,62,100.0
V224,65,93.10934740971582
V224,67,89.41206184099205
V224,68,96.41206184099205
V224,69,100.0
V86,42,100.0
V86,64,85.0968644372572
V86,65,92.0968644372572
V86,66,99.0968644372572
V86,67,100.0
V86,82,100.0
V86,110,100.0
V86,136,95.37957835485753
V86,137,100.0
V86,158,96.43056889622753
V86,160,88.05240249790907
V86,161,95.05240249790907
V86,162,100.0
V86,190,91.62183360168154
V86,192,95.15313580504049
V86,193,100.0
V87,42,100.0
V87,112,80.47482169872623
V87,113,87.47482169872623
V87,114,94.47482169872623
V87,115,100.0
V87,139,85.40502649756388
V87,140,92.40502649756388
V87,141,99.40502649756388
V87,142,100.0
V87,162,81.88684116514185
V87,163,88.88684116514185
V87,164,95.88684116514185
V87,165,100.0
V87,191,88.22280286087373
V87,192,95.22280286087373
V87,194,89.81013349367481
V87,195,96.81013349367481
V87,196,100.0
V135,42,100.0
V135,62,88.15883916446538
V135,63,95.15883916446538
V135,64,100.0
V135,87,100.0
V135,109,100.0
V225,43,91.46083019802052
V225,44,98.46083019802052
V225,47,96.73776771611288
V225,48,100.0
V225,61,100.0
V225,66,84.22054970953798
V225,67,91.22054970953798
V225,68,98.22054970953798
V225,69,100.0
V330,43,100.0
V330,70,81.90668595655923
V330,71,88.90668595655923
V330,72,95.90668595655923
V330,73,100.0
V137,44,93.27123949515253
V137,45,100.0
V137,70,84.87273064424988
V137,71,91.87273064424988
V137,72,98.87273064424988
V137,73,100.0
V137,87,96.501906096329
V137,89,99.88494041901568
V137,90,100.0
V137,95,97.6577885471839
V137,96,100.0
V137,111,95.37957835485753
V137,112,100.0
V332,44,95.88050733554437
V332,45,100.0
V332,70,89.55498785869852
V332,71,96.55498785869852
V332,72,100.0
V136,45,94.26001729714103
V136,46,100.0
V136,62,85.49871444637786
V136,63,92.49871444637786
V136,64,99.49871444637786
V136,65,100.0
V136,87,100.0
V136,109,100.0
V138,45,88.55278237605168
V138,46,95.55278237605168
V138,47,100.0
V138,139,88.58281442941868
V138,140,95.58281442941868
V138,141,100.0
V138,158,80.47482169872623
V138,159,87.47482169872623
V138,160,94.47482169872623
V138,161,100.0
V139,45,88.55278237605168
V139,46,95.55278237605168
V139,47,100.0
V139,137,95.63034364675363
V139,138,100.0
V139,163,81.82098093984031
V139,164,88.82098093984031
V139,165,95.82098093984031
V139,166,100.0
V140,45,88.55278237605168
V140,46,95.55278237605168
V140,47,100.0
V140,138,79.39067146009498
V140,139,86.39067146009498
V140,140,93.39067146009498
V140,141,100.0
V88,46,100.0
V88,117,80.47482169872623
V88,118,87.47482169872623
V88,119,94.47482169872623
V88,120,100.0
V88,138,88.82176203899748
V88,139,95.82176203899748
V88,140,100.0
V88,162,81.88684116514185
V88,163,88.88684116514185
V88,164,95.88684116514185
V88,165,100.0
V88,190,91.69150065751478
V88,192,95.22280286087373
V88,193,100.0
V88,197,99.31131428901867
V88,198,100.0
V331,46,78.87866401204444
V331,47,85.87866401204444
V331,49,89.26169833473112
V331,50,96.26169833473112
V331,51,100.0
V331,62,96.501906096329
V331,63,100.0
V526,49,99.15857396409419
V526,50,100.0
V526,162,80.47482169872623
V526,163,87.47482169872623
V526,164,94.47482169872623
V526,165,100.0
V89,62,79.39621176256557
V89,63,86.39621176256557
V89,64,93.39621176256557
V89,65,100.0
V89,82,100.0
V89,119,100.0
V89,137,85.0968644372572
V89,138,92.0968644372572
V89,141,83.23980191949997
V89,142,90.23980191949997
V89,143,97.23980191949997
V89,145,99.6915500035586
V89,146,100.0
V89,157,88.62599359245951
V89,158,95.62599359245951
V89,159,100.0
V89,191,86.00381219265799
V89,192,93.00381219265799
V89,193,100.0
V460,62,95.37957835485753
V460,63,100.0
V90,63,91.74371513012755
V90,66,84.62865554914323
V90,67,91.62865554914323
V90,68,98.62865554914323
V90,69,100.0
V90,83,96.30271443127623
V90,84,100.0
V90,88,100.0
V90,93,92.88494041901568
V90,94,99.88494041901568
V90,95,100.0
V90,97,84.39362286074567
V90,98,91.39362286074567
V90,99,98.39362286074567
V90,100,100.0
V90,106,84.39362286074567
V90,107,91.39362286074567
V90,108,98.39362286074567
V90,109,100.0
V90,138,85.0968644372572
V90,139,92.0968644372572
V90,142,76.81611718913456
V90,143,83.81611718913456
V90,144,90.81611718913456
V90,145,97.81611718913456
V90,146,100.0
V90,168,66.48144236177276
V90,169,73.48144236177276
V90,170,80.48144236177276
V90,171,87.48144236177276
V90,172,94.48144236177276
V90,173,100.0
V90,191,96.30271443127623
V90,192,100.0
V91,63,100.0
V91,65,85.0968644372572
V91,66,92.0968644372572
V91,67,99.0968644372572
V91,68,100.0
V91,83,81.06579976127088
V91,84,88.06579976127088
V91,85,95.06579976127088
V91,86,100.0
V91,179,84.6179745582926
V91,181,83.92849282224692
V91,182,90.92849282224692
V91,183,97.92849282224692
V91,184,100.0
V91,193,88.19904863504036
V91,194,95.19904863504036
V91,195,100.0
V154,63,96.30271443127623
V154,64,100.0
V154,89,85.0968644372572
V154,90,92.0968644372572
V154,91,99.0968644372572
V154,92,100.0
V154,97,100.0
V154,110,88.62599359245951
V154,111,95.62599359245951
V154,112,100.0
V164,63,97.657696473705
V164,64,100.0
V164,70,83.49994267542925
V164,71,90.49994267542925
V164,72,97.49994267542925
V164,73,100.0
V164,94,94.92068663951031
V164,95,100.0
V164,107,96.30271443127623
V164,108,100.0
V155,64,96.30271443127623
V155,65,100.0
V155,90,91.62183360168154
V155,91,98.62183360168154
V155,92,100.0
V155,94,100.0
V155,110,88.62599359245951
V155,111,95.62599359245951
V155,112,100.0
V156,64,96.30271443127623
V156,65,100.0
V156,90,85.0968644372572
V156,91,92.0968644372572
V156,92,99.0968644372572
V156,93,100.0
V156,114,91.89982116814954
V156,118,76.15008603898684
V156,119,83.15008603898684
V156,122,79.79081701841136
V156,126,68.06302412852372
V156,127,75.06302412852372
V156,128,82.06302412852372
V156,129,89.06302412852372
V156,130,96.06302412852372
V156,131,100.0
V157,64,96.30271443127623
V157,65,100.0
V157,90,95.37957835485753
V157,91,100.0
V157,114,91.75427329380815
V157,115,98.75427329380815
V157,116,100.0
V158,64,96.30271443127623
V158,65,100.0
V158,92,77.44568891055118
V158,93,84.44568891055118
V158,94,91.44568891055118
V158,95,98.44568891055118
V158,96,100.0
V158,114,87.84117598851583
V158,115,94.84117598851583
V158,118,92.65635659868857
V158,122,79.86581269120323
V158,123,86.86581269120323
V158,124,93.86581269120323
V158,126,93.17633095515755
V158,127,100.0
V92,65,97.57651682482674
V92,66,100.0
V92,72,100.0
V92,77,90.63656687766408
V92,78,97.63656687766408
V92,79,100.0
V92,81,100.0
V92,90,100.0
V92,92,100.0
V92,101,99.56100610962592
V92,102,100.0
V92,111,87.12538333765234
V92,112,94.12538333765234
V92,113,100.0
V92,138,96.501906096329
V92,139,100.0
V92,143,92.34694232693721
V92,144,99.34694232693721
V92,145,100.0
V92,159,94.65449128312132
V92,162,86.23985685364659
V92,163,93.23985685364659
V92,164,100.0
V92,193,96.501906096329
V92,194,100.0
V430,65,97.23998152787257
V430,66,100.0
V430,112,89.6362875897748
V430,113,96.6362875897748
V430,114,100.0
V159,66,94.92068663951031
V159,67,100.0
V159,92,96.75889040116778
V159,93,100.0
V159,110,92.1132513841882
V159,111,99.1132513841882
V159,112,100.0
V160,66,94.92068663951031
V160,67,100.0
V160,93,94.43816036130943
V160,94,100.0
V160,99,100.0
V160,101,98.69588373560173
V160,102,100.0
V160,113,91.54547289127935
V160,114,98.54547289127935
V160,115,100.0
V160,118,89.5635761937811
V160,119,96.5635761937811
V160,120,100.0
V208,66,94.5001987945029
V208,67,100.0
V207,67,85.44260801808848
V207,68,92.44260801808848
V207,69,99.44260801808848
V207,70,100.0
V335,67,100.0
V335,73,84.68155292310823
V335,74,91.68155292310823
V335,75,98.68155292310823
V335,76,100.0
V334,68,96.63911191865373
V334,73,85.37232285521786
V334,74,92.37232285521786
V334,77,86.84692244328443
V334,78,93.84692244328443
V334,79,100.0
V334,82,100.0
V334,115,91.29847133711439
V334,118,92.59288175554607
V334,119,99.59288175554607
V334,123,93.08697957898801
V334,124,100.0
V334,126,100.0
V165,69,98.18286440539303
V165,70,100.0
V165,72,89.55498785869852
V165,73,96.55498785869852
V165,74,100.0
V165,93,88.19904863504036
V165,94,95.19904863504036
V165,95,100.0
V165,114,87.12340888454051
V165,115,94.12340888454051
V165,116,100.0
V337,69,96.54528922064834
V337,70,100.0
V337,85,96.75889040116778
V337,86,100.0
V209,70,89.52451106089596
V209,71,96.52451106089596
V209,72,100.0
V333,70,75.26546416402246
V333,71,82.26546416402246
V333,72,89.26546416402246
V333,73,96.26546416402246
V333,74,100.0
V336,70,97.32640252070797
V336,71,100.0
V336,74,94.24353973691372
V336,75,100.0
V336,108,91.82446111949771
V336,109,98.82446111949771
V336,110,100.0
V339,70,95.2479172987068
V339,71,100.0
V339,75,100.0
V339,77,100.0
V339,81,100.0
V339,84,85.0968644372572
V339,85,92.0968644372572
V339,86,99.0968644372572
V339,87,100.0
V340,70,97.65542363818484
V340,71,100.0
V340,75,91.41184337774209
V340,78,87.0132121782639
V340,79,94.0132121782639
V340,80,100.0
V340,135,86.28406274828096
V340,136,93.28406274828096
V340,137,100.0
V340,143,85.98341806366513
V340,144,92.98341806366513
V340,145,99.98341806366513
V340,146,100.0
V340,161,79.99724194225146
V340,163,79.03186026443625
V340,166,69.70815130008879
V340,167,76.70815130008879
V340,168,83.70815130008879
V340,175,64.7052647718448
V340,176,71.7052647718448
V340,177,78.7052647718448
V340,178,85.7052647718448
V340,183,77.23328495000645
V340,184,84.23328495000645
V340,186,85.94873198553698
V340,187,92.94873198553698
V340,188,99.94873198553698
V340,190,99.9265378725901
V340,191,100.0
V366,70,99.53216100922859
V366,71,100.0
V366,76,96.30573033076112
V366,77,100.0
V366,109,91.82446111949771
V366,110,98.82446111949771
V366,111,100.0
V210,71,83.42659913191494
V210,72,90.42659913191494
V210,73,97.42659913191494
V210,74,100.0
V210,77,79.55682412109965
V210,78,86.55682412109965
V210,79,93.55682412109965
V210,80,100.0
V338,71,94.70647010031247
V338,73,91.0091845315887
V338,74,98.0091845315887
V338,75,100.0
V507,71,100.0
V507,119,97.42539399308419
V507,122,88.89059747079281
V507,123,95.89059747079281
V507,124,100.0
V211,72,80.47617284131789
V211,73,87.47617284131789
V211,74,94.47617284131789
V211,75,100.0
V367,72,100.0
V367,78,85.77206928629371
V367,79,92.77206928629371
V367,80,99.77206928629371
V367,81,100.0
V367,85,92.10468133815323
V367,87,96.04298110362966
V367,88,100.0
V367,90,100.0
V367,114,87.12340888454051
V367,115,94.12340888454051
V367,116,100.0
V370,73,85.0968644372572
V370,74,92.0968644372572
V370,75,99.0968644372572
V370,76,100.0
V527,73,76.71421070812605
V527,74,83.71421070812605
V527,75,90.71421070812605
V527,76,97.71421070812605
V527,77,100.0
V369,74,99.53216100922859
V369,79,85.41193699818555
V369,80,92.41193699818555
V369,81,99.41193699818555
V369,82,100.0
V212,76,84.97130085046905
V212,77,91.97130085046905
V212,78,98.97130085046905
V212,79,100.0
V598,76,88.15883916446538
V598,77,95.15883916446538
V598,78,100.0
V368,77,80.38021908283169
V368,78,87.38021908283169
V368,79,94.38021908283169
V368,82,89.85086998501339
V368,83,96.85086998501339
V368,84,100.0
V431,77,84.68155292310823
V431,78,91.68155292310823
V431,79,98.68155292310823
V431,80,100.0
V597,77,98.20356395125042
V597,78,100.0
V597,120,84.68155292310823
V597,121,91.68155292310823
V597,122,98.68155292310823
V597,123,100.0
V213,78,89.52451106089596
V213,79,96.52451106089596
V213,80,100.0
V214,78,89.52451106089596
V214,79,96.52451106089596
V214,80,100.0
V342,78,87.37634657492964
V342,79,94.37634657492964
V342,80,100.0
V342,82,100.0
V342,86,91.76074355022462
V342,87,98.76074355022462
V342,88,100.0
V342,110,96.35452481401482
V342,111,100.0
V432,78,100.0
V432,81,100.0
V432,118,84.21985483621165
V432,119,91.21985483621165
V432,120,98.21985483621165
V432,121,100.0
V508,78,89.5508354501894
V508,79,96.5508354501894
V508,80,100.0
V509,78,89.5508354501894
V509,79,96.5508354501894
V509,80,100.0
V510,79,91.79364438803225
V510,80,98.79364438803225
V510,81,100.0
V510,86,94.65997184077905
V510,87,100.0
V510,89,100.0
V510,95,97.65852577282142
V510,96,100.0
V510,114,100.0
V510,118,97.8782974944753
V510,119,100.0
V510,134,91.93189810779597
V510,135,98.93189810779597
V510,137,94.04718427825858
V510,138,100.0
V510,141,97.32640252070851
V510,142,100.0
V510,144,100.0
V510,155,91.69150065751478
V510,156,98.69150065751478
V510,157,100.0
V433,80,100.0
V433,116,82.76842420917377
V433,117,89.76842420917377
V433,118,96.76842420917377
V433,119,100.0
V291,82,92.57142261162727
V291,83,99.57142261162727
V291,84,100.0
V292,82,92.57142261162727
V292,83,99.57142261162727
V292,84,100.0
V293,82,92.57142261162727
V293,83,99.57142261162727
V293,84,100.0
V294,82,92.57142261162727
V294,83,99.57142261162727
V294,84,100.0
V295,82,92.57142261162727
V295,83,99.57142261162727
V295,84,100.0
V296,82,92.57142261162727
V296,83,99.57142261162727
V296,84,100.0
V297,82,92.57142261162727
V297,83,99.57142261162727
V297,84,100.0
V298,82,99.07724374820035
V298,83,100.0
V298,86,92.96495606567973
V298,87,99.96495606567973
V298,88,100.0
V298,142,92.96495606567973
V298,143,99.96495606567973
V298,144,100.0
V298,146,100.0
V298,148,100.0
V298,161,99.20070655415326
V298,163,91.02516767365097
V298,164,98.02516767365097
V298,165,100.0
V599,82,80.43398555164157
V599,83,87.43398555164157
V599,84,94.43398555164157
V599,85,100.0
V299,83,100.0
V299,86,95.00100227952221
V299,87,100.0
V299,91,100.0
V299,95,100.0
V299,111,88.62599359245951
V299,112,95.62599359245951
V299,113,100.0
V600,83,88.15883916446538
V600,84,95.15883916446538
V600,85,100.0
V300,84,94.75601297029617
V300,86,93.4511591331249
V300,87,100.0
V300,142,78.14605165565447
V300,143,85.14605165565447
V300,144,92.14605165565447
V300,145,99.14605165565447
V300,146,100.0
V300,161,100.0
V300,164,96.30271443127623
V300,165,100.0
V371,86,97.42539399308419
V371,89,94.20661907143143
V371,90,100.0
V371,114,91.89982116814954
V371,116,91.21033943210386
V371,117,98.21033943210386
V371,118,100.0
V372,86,97.657696473705
V372,87,100.0
V434,86,79.55682412110019
V434,87,86.55682412110019
V434,88,93.55682412110019
V434,89,100.0
V373,87,97.39810225178418
V373,90,91.82622142066784
V373,91,98.82622142066784
V373,92,100.0
V373,94,100.0
V373,114,87.12340888454051
V373,115,94.12340888454051
V373,116,100.0
V93,88,100.0
V93,118,100.0
V93,122,90.97883169508795
V93,126,82.21859682270637
V93,130,73.84938036311546
V93,131,80.84938036311546
V93,132,87.84938036311546
V93,133,94.84938036311546
V93,134,100.0
V93,139,87.12538333765234
V93,140,94.12538333765234
V93,141,100.0
V93,149,78.9479002132574
V93,151,82.33069651022657
V93,152,89.33069651022657
V93,153,96.33069651022657
V93,154,100.0
V93,156,100.0
V93,158,96.30271443127623
V93,162,85.89252662152794
V93,163,92.89252662152794
V93,164,99.89252662152794
V93,165,100.0
V381,88,92.3636535788788
V381,89,99.3636535788788
V381,90,100.0
V381,109,100.0
V381,116,84.64030482277379
V381,118,88.02333914546047
V381,119,95.02333914546047
V381,122,90.17839855192703
V381,123,97.17839855192703
V381,128,81.50131428725102
V381,130,84.66204520730281
V381,131,91.66204520730281
V381,132,98.66204520730281
V381,133,100.0
V381,139,88.09449155683194
V381,140,95.09449155683194
V381,143,93.86479257061531
V381,144,100.0
V381,155,96.30271443127623
V381,156,100.0
V435,88,81.55302062476665
V435,89,88.55302062476665
V435,90,95.55302062476665
V435,91,100.0
V436,90,98.20356395125042
V436,91,100.0
V436,115,78.03305498115148
V436,116,85.03305498115148
V436,117,92.03305498115148
V436,118,99.03305498115148
V436,119,100.0
V437,90,100.0
V437,115,84.1504520009397
V437,116,91.1504520009397
V437,117,98.1504520009397
V437,118,100.0
V438,92,100.0
V438,108,84.39362286074567
V438,109,91.39362286074567
V438,110,98.39362286074567
V438,111,100.0
V439,92,100.0
V439,118,84.06643506247303
V439,119,91.06643506247303
V439,120,98.06643506247303
V439,121,100.0
V528,93,79.81099836832828
V528,94,86.81099836832828
V528,95,93.81099836832828
V528,96,100.0
V528,115,95.37957835485753
V528,116,100.0
V94,97,94.59508294129863
V94,98,100.0
V94,111,94.11336853156595
V94,114,86.68479114319322
V94,115,93.68479114319322
V94,116,100.0
V94,139,95.37957835485753
V94,140,100.0
V94,161,91.75427329380815
V94,162,98.75427329380815
V94,163,100.0
V529,106,76.71421070812605
V529,107,83.71421070812605
V529,108,90.71421070812605
V529,109,97.71421070812605
V529,110,100.0
V95,110,79.39621176256557
V95,111,86.39621176256557
V95,112,93.39621176256557
V95,113,100.0
V95,144,100.0
V95,146,90.37276928224335
V95,147,97.37276928224335
V95,148,100.0
V95,159,73.3227557093202
V95,160,80.3227557093202
V95,161,87.3227557093202
V95,162,94.3227557093202
V95,163,100.0
V374,114,84.21985483621165
V374,115,91.21985483621165
V374,116,98.21985483621165
V374,117,100.0
V376,114,85.0968644372572
V376,115,92.0968644372572
V376,116,99.0968644372572
V376,117,100.0
V96,115,79.39621176256557
V96,116,86.39621176256557
V96,117,93.39621176256557
V96,118,100.0
V96,145,100.0
V96,155,100.0
V375,115,84.87273064424988
V375,116,91.87273064424988
V375,117,98.87273064424988
V375,118,100.0
V379,116,100.0
V379,125,71.02485946688242
V379,126,78.02485946688242
V379,127,85.02485946688242
V379,128,92.02485946688242
V379,129,99.02485946688242
V379,130,100.0
V308,117,100.0
V308,122,73.26326299232115
V308,123,80.26326299232115
V308,124,87.26326299232115
V308,125,94.26326299232115
V308,126,100.0
V378,117,91.58817568214228
V378,118,98.58817568214228
V378,119,100.0
V378,124,91.82446111949771
V378,125,98.82446111949771
V378,126,100.0
V306,118,82.87640573888888
V306,119,89.87640573888888
V306,120,96.87640573888888
V306,121,100.0
V307,118,82.87640573888888
V307,119,89.87640573888888
V307,120,96.87640573888888
V307,121,100.0
V377,118,84.20854822216656
V377,119,91.20854822216656
V377,120,98.20854822216656
V377,121,100.0
V440,118,98.20356395125042
V440,122,85.38908174635685
V440,127,63.33613039381197
V440,128,70.33613039381197
V440,129,77.33613039381197
V440,130,84.33613039381197
V440,131,91.33613039381197
V440,132,98.33613039381197
V440,133,100.0
V511,118,95.41061006534557
V511,119,100.0
V511,123,90.0831756859427
V511,124,97.0831756859427
V511,125,100.0
V97,119,79.39621176256557
V97,120,86.39621176256557
V97,121,93.39621176256557
V97,122,100.0
V97,145,95.37957835485753
V97,146,100.0
V97,160,100.0
V97,166,87.5230511823882
V97,167,94.5230511823882
V97,168,100.0
V305,119,92.00241892930119
V305,123,70.78977544183067
V305,124,77.78977544183067
V305,125,84.78977544183067
V305,126,91.78977544183067
V305,127,98.78977544183067
V305,128,100.0
V380,119,76.28458692476151
V380,120,83.28458692476151
V380,121,90.28458692476151
V380,122,97.28458692476151
V380,123,100.0
V309,120,82.87640573888888
V309,121,89.87640573888888
V309,122,96.87640573888888
V309,123,100.0
V512,120,95.41061006534557
V512,121,100.0
V512,126,81.74540461319164
V512,127,88.74540461319164
V512,128,95.74540461319164
V512,133,82.3588816069344
V512,135,80.0165780806394
V512,136,87.0165780806394
V512,137,94.0165780806394
V512,138,100.0
V513,121,89.55498785869852
V513,122,96.55498785869852
V513,123,100.0
V215,122,93.13208975413416
V215,125,71.06404327099105
V215,126,78.06404327099105
V215,127,85.06404327099105
V215,128,92.06404327099105
V215,129,99.06404327099105
V215,130,100.0
V216,122,93.13208975413416
V216,124,92.44340404315282
V216,125,99.44340404315282
V216,127,100.0
V216,129,100.0
V216,133,89.54774091288591
V216,138,72.19337925473616
V216,139,79.19337925473616
V216,140,86.19337925473616
V216,141,93.19337925473616
V216,142,100.0
V217,122,94.5001987945029
V217,123,100.0
V515,122,95.85828939446915
V515,125,93.43272594142323
V515,126,100.0
V516,122,81.88684116514185
V516,123,88.88684116514185
V516,124,95.88684116514185
V516,125,100.0
V98,123,100.0
V98,127,93.32281887272447
V98,128,100.0
V98,131,84.35977955509215
V98,132,91.35977955509215
V98,133,98.35977955509215
V98,134,100.0
V98,145,91.69150065751478
V98,146,98.69150065751478
V98,147,100.0
V98,149,100.0
V98,158,90.62615784754779
V98,159,97.62615784754779
V98,160,100.0
V310,123,87.12538333765234
V310,124,94.12538333765234
V310,125,100.0
V514,123,88.16880765842348
V514,124,95.16880765842348
V514,125,100.0
V517,123,99.68361410793196
V517,126,93.79524609417275
V517,130,77.8081716982056
V517,132,75.4658681719106
V517,133,82.4658681719106
V517,134,89.4658681719106
V517,135,96.4658681719106
V517,136,100.0
V530,125,71.32283007221466
V530,126,78.32283007221466
V530,127,85.32283007221466
V530,128,92.32283007221466
V530,129,99.32283007221466
V530,130,100.0
V518,126,95.71259565674097
V518,128,83.91164429178133
V518,129,90.91164429178133
V518,130,97.91164429178133
V518,131,100.0
V218,127,75.1973352039475
V218,128,82.1973352039475
V218,129,89.1973352039475
V218,130,96.1973352039475
V218,131,100.0
V219,127,85.44260801808848
V219,128,92.44260801808848
V219,129,99.44260801808848
V219,130,100.0
V343,127,100.0
V519,127,84.14881758564059
V519,128,91.14881758564059
V519,129,98.14881758564059
V519,130,100.0
V520,127,79.49419902339838
V520,128,86.49419902339838
V520,129,93.49419902339838
V520,130,100.0
V312,128,92.53753204969411
V312,132,83.61952823973502
V312,133,90.61952823973502
V312,134,97.61952823973502
V312,135,100.0
V531,128,83.77563161488837
V531,132,66.36885138266436
V531,133,73.36885138266436
V531,134,80.36885138266436
V531,135,87.36885138266436
V531,136,94.36885138266436
V531,137,100.0
V311,129,71.22169757222485
V311,130,78.22169757222485
V311,131,85.22169757222485
V311,132,92.22169757222485
V311,133,99.22169757222485
V311,134,100.0
V344,129,100.0
V220,130,94.5001987945029
V220,131,100.0
V313,130,97.39965373899464
V313,134,88.19364909267493
V313,138,82.63081891085805
V313,139,89.63081891085805
V313,142,84.78577865546124
V313,143,91.78577865546124
V313,144,98.78577865546124
V313,145,100.0
V313,149,97.34759613468584
V313,150,100.0
V313,158,88.62552419590452
V313,159,95.62552419590452
V313,160,100.0
V314,130,86.18413922439089
V314,131,93.18413922439089
V314,132,100.0
V315,130,95.60136880052181
V315,134,85.73447816338432
V315,137,69.9550278729223
V315,138,76.9550278729223
V315,139,83.9550278729223
V315,140,90.9550278729223
V315,141,97.9550278729223
V315,142,100.0
V99,132,90.97317324128221
V99,138,57.81974166890956
V99,139,64.81974166890956
V99,140,71.81974166890956
V99,141,78.81974166890956
V99,142,85.81974166890956
V99,144,83.69838942225947
V99,146,85.81666391217689
V99,147,92.81666391217689
V99,150,88.66214473549871
V99,151,95.66214473549871
V99,152,100.0
V99,159,80.87426992879364
V99,160,87.87426992879364
V99,161,94.87426992879364
V99,162,100.0
V100,132,87.95008946689227
V100,134,83.33542971994423
V100,135,90.33542971994423
V100,137,93.49556235817161
V100,138,100.0
V100,144,88.67503976987655
V100,145,95.67503976987655
V100,147,96.96884679271433
V100,148,100.0
V100,163,93.82596803206637
V100,165,97.7642677975428
V100,169,83.41683510984652
V100,170,90.41683510984652
V100,171,97.41683510984652
V100,172,100.0
V316,134,97.39965373899464
V316,135,100.0
V316,138,95.84597944328286
V316,140,98.00846848971526
V316,141,100.0
V316,150,91.91612829995337
V316,151,98.91612829995337
V316,152,100.0
V316,159,88.6146869784144
V316,160,95.6146869784144
V316,161,100.0
V317,134,97.39965373899464
V317,135,100.0
V317,138,99.35901777287572
V317,139,100.0
V317,141,100.0
V317,146,88.06750576572973
V317,147,95.06750576572973
V317,148,100.0
V317,155,100.0
V317,157,84.39362286074567
V317,158,91.39362286074567
V317,159,98.39362286074567
V317,160,100.0
V319,134,91.68544743071365
V319,136,90.99596569466797
V319,137,97.99596569466797
V319,138,100.0
V382,134,67.20216203206179
V382,135,74.20216203206179
V382,136,81.20216203206179
V382,137,88.20216203206179
V382,138,95.20216203206179
V382,139,100.0
V318,135,83.99596569466797
V318,136,90.99596569466797
V318,137,97.99596569466797
V318,138,100.0
V383,135,92.3636535788788
V383,136,99.3636535788788
V383,138,100.0
V383,148,84.23245317772687
V383,149,91.23245317772687
V383,150,98.23245317772687
V383,151,100.0
V383,156,100.0
V345,137,100.0
V320,138,83.63153572278442
V320,143,59.56691763329153
V320,144,66.56691763329152
V320,145,73.56691763329152
V320,146,80.56691763329152
V320,147,87.56691763329152
V320,148,94.56691763329152
V320,149,100.0
V532,138,93.62280291363163
V532,139,100.0
V532,170,79.39621176256557
V532,171,86.39621176256557
V532,172,93.39621176256557
V532,173,100.0
V534,140,92.83564617332199
V534,144,64.55558016766642
V534,145,71.55558016766642
V534,147,72.67937603154732
V534,148,79.67937603154732
V534,149,86.67937603154732
V534,150,93.67937603154732
V534,151,100.0
V534,164,91.07602818285508
V534,166,94.23616082108246
V534,171,78.25173937378194
V534,173,72.44808861302445
V534,174,79.44808861302445
V534,175,86.44808861302445
V534,177,82.94999470935345
V534,178,89.94999470935345
V534,179,96.94999470935345
V534,180,100.0
V533,142,71.59553500264636
V533,143,78.59553500264636
V533,144,85.59553500264636
V533,145,92.59553500264636
V533,146,99.59553500264636
V533,148,100.0
V533,155,84.68155292310823
V533,156,91.68155292310823
V533,157,98.68155292310823
V533,158,100.0
V346,159,100.0
V347,162,100.0
V536,162,76.47550999608819
V536,163,83.47550999608819
V536,164,90.47550999608819
V536,165,97.47550999608819
V536,166,100.0
V537,162,76.47550999608819
V537,163,83.47550999608819
V537,164,90.47550999608819
V537,165,97.47550999608819
V537,166,100.0
V348,163,100.0
V535,163,71.7616575815785
V535,164,78.7616575815785
V535,165,85.7616575815785
V535,166,92.7616575815785
V535,167,99.7616575815785
V535,168,100.0
V349,164,100.0
V350,164,100.0
V566,164,80.01232722433767
V566,165,87.01232722433767
V566,166,94.01232722433767
V566,167,100.0
V226,166,87.86329626960287
V226,167,94.86329626960287
V226,168,100.0
V227,166,87.86329626960287
V227,167,94.86329626960287
V227,168,100.0
V228,167,89.04297768976362
V228,168,96.04297768976362
V228,169,100.0
V539,167,86.27970671788184
V539,172,76.9871255659825
V539,174,77.24797313866483
V539,176,65.87396673112434
V539,177,72.87396673112434
V539,178,79.87396673112434
V539,179,86.87396673112434
V539,180,93.87396673112434
V539,181,100.0
V567,167,88.70012810212532
V567,170,73.0974635899896
V567,171,80.0974635899896
V567,172,87.0974635899896
V567,173,94.0974635899896
V567,174,100.0
V572,167,81.0642339970489
V572,174,52.31062560827654
V572,175,59.31062560827654
V572,176,66.31062560827654
V572,178,62.81253170460553
V572,179,69.81253170460553
V572,180,76.81253170460553
V572,181,83.81253170460553
V572,182,90.81253170460553
V572,183,97.81253170460553
V572,184,100.0
V569,168,80.21881149883043
V569,169,87.21881149883043
V569,170,94.21881149883043
V569,171,100.0
V571,168,85.5610815112117
V571,169,92.5610815112117
V571,171,84.38554263070941
V571,172,91.38554263070941
V571,173,98.38554263070941
V571,174,100.0
V570,169,83.75946818128591
V570,170,90.75946818128591
V570,173,82.60535778870242
V570,174,89.60535778870242
V570,176,92.64533342280389
V570,177,99.64533342280389
V570,178,100.0
V570,193,100.0
V540,170,76.71421070812605
V540,171,83.71421070812605
V540,172,90.71421070812605
V540,173,97.71421070812605
V540,174,100.0
V568,170,64.54973357285067
V568,171,71.54973357285067
V568,172,78.54973357285067
V568,173,85.54973357285067
V568,174,92.54973357285067
V568,175,99.54973357285067
V568,176,100.0
V538,171,56.1680391160644
V538,172,63.1680391160644
V538,175,54.633242593773026
V538,176,61.633242593773026
V538,177,68.63324259377302
V538,178,75.63324259377302
V538,179,82.63324259377302
V538,180,89.63324259377302
V538,181,96.63324259377302
V538,182,100.0
V229,172,100.0
V229,174,87.12538333765234
V229,175,94.12538333765234
V229,176,100.0
V574,172,90.02971520663966
V574,175,89.29372529572049
V574,176,96.29372529572049
V574,181,78.81987616696044
V574,182,85.81987616696044
V574,183,92.81987616696044
V574,186,91.81425577750633
V574,188,95.96146098672217
V574,190,97.08525685060307
V574,191,100.0
V351,173,94.16821160115812
V351,174,100.0
V573,173,82.46200564222312
V573,174,89.46200564222312
V573,176,92.05586688597528
V573,178,90.75101304880401
V573,179,97.75101304880401
V573,180,100.0
V575,173,95.63543421456285
V575,177,81.19925817594381
V575,178,88.19925817594381
V575,179,95.19925817594381
V575,180,100.0
V230,174,80.06167032769326
V230,175,87.06167032769326
V230,176,94.06167032769326
V230,177,100.0
V230,186,92.84262533341507
V230,187,99.84262533341507
V230,190,97.16902785412412
V230,191,100.0
V231,174,87.86329626960287
V231,175,94.86329626960287
V231,176,100.0
V232,174,87.86329626960287
V232,175,94.86329626960287
V232,176,100.0
V235,174,71.26926929724138
V235,175,78.26926929724138
V235,176,85.26926929724138
V235,177,92.26926929724138
V235,178,99.26926929724138
V235,179,100.0
V236,174,71.26926929724138
V236,175,78.26926929724138
V236,176,85.26926929724138
V236,177,92.26926929724138
V236,178,99.26926929724138
V236,179,100.0
V237,174,89.04297768976362
V237,175,96.04297768976362
V237,176,100.0
V352,174,82.65783488884367
V352,176,84.77463976870865
V352,177,91.77463976870865
V352,180,87.6329291631778
V352,181,94.6329291631778
V352,182,100.0
V352,186,87.8398103698284
V352,187,94.8398103698284
V352,188,100.0
V401,174,88.89777209652019
V401,177,85.69234403986987
V401,178,92.69234403986987
V401,179,99.69234403986987
V401,180,100.0
V401,186,78.89077680555629
V401,187,85.89077680555629
V401,188,92.89077680555629
V401,189,99.89077680555629
V401,190,100.0
V578,174,82.06981518292233
V578,175,89.06981518292233
V578,176,96.06981518292233
V578,177,100.0
V579,174,82.06981518292233
V579,175,89.06981518292233
V579,176,96.06981518292233
V579,177,100.0
V233,175,85.30151323705228
V233,178,82.72834368203246
V233,180,85.32220492578462
V233,181,92.32220492578462
V233,182,99.32220492578462
V233,183,100.0
V233,187,89.4648391862792
V233,188,96.4648391862792
V233,189,100.0
V234,175,71.74974243774135
V234,176,78.74974243774135
V234,177,85.74974243774135
V234,178,92.74974243774135
V234,179,99.74974243774135
V234,180,100.0
V577,175,86.8173871472205
V577,176,93.8173871472205
V577,181,74.73333381559686
V577,182,81.73333381559686
V577,183,88.73333381559686
V577,184,95.73333381559686
V577,185,100.0
V577,189,100.0
V576,176,86.9202213011911
V576,177,93.9202213011911
V576,178,100.0
V576,181,90.1007872885825
V576,184,80.57922418127716
V576,185,87.57922418127716
V576,186,94.57922418127716
V576,187,100.0
