time_step,start,end,vehicle,distance
18,882,965,V102,3.616965677313317
20,885,931,V29,3.0617002345235647
20,885,931,V123,3.0617002345235647
20,885,931,V258,3.0617002345235647
24,917,834,V24,3.617203703030827
24,917,834,V26,3.617203703030827
24,917,834,V32,3.617203703030827
24,917,834,V33,3.617203703030827
24,917,834,V34,3.617203703030827
24,917,834,V35,3.617203703030827
24,917,834,V52,3.617203703030827
24,917,834,V67,3.617203703030827
24,885,882,V27,2.852794790784161
24,885,882,V54,2.852794790784161
24,965,882,V29,3.616965677313317
24,965,882,V82,3.616965677313317
26,917,834,V70,3.617203703030827
26,1013,885,V467,3.46869779664105
28,965,882,V28,3.616965677313317
28,965,882,V54,3.616965677313317
28,1013,882,V59,3.839767699909249
28,1013,882,V116,3.839767699909249
28,917,834,V72,3.617203703030827
28,917,834,V73,3.617203703030827
28,917,834,V74,3.617203703030827
28,917,834,V75,3.617203703030827
30,917,834,V23,3.617203703030827
30,917,834,V76,3.617203703030827
30,917,834,V77,3.617203703030827
30,917,834,V78,3.617203703030827
30,917,834,V79,3.617203703030827
30,917,834,V80,3.617203703030827
30,882,885,V33,2.852794790784161
30,882,885,V57,2.852794790784161
30,882,885,V75,2.852794790784161
30,882,965,V124,3.616965677313317
30,882,965,V206,3.616965677313317
30,1013,931,V478,4.405443882921528
32,917,834,V109,3.617203703030827
32,917,834,V110,3.617203703030827
32,965,882,V82,3.616965677313317
32,1013,882,V324,3.839767699909249
34,783,659,V29,5.809594285895007
34,783,659,V33,5.809594285895007
34,783,659,V45,5.809594285895007
34,783,659,V46,5.809594285895007
34,783,659,V47,5.809594285895007
34,783,659,V60,5.809594285895007
34,917,834,V119,3.617203703030827
36,885,931,V51,3.0617002345235647
38,885,931,V24,3.0617002345235647
38,885,1013,V36,3.46869779664105
40,917,834,V43,3.617203703030827
40,917,834,V189,3.617203703030827
42,917,834,V30,3.617203703030827
42,917,834,V45,3.617203703030827
42,917,834,V104,3.617203703030827
42,917,834,V196,3.617203703030827
42,1229,1276,V38,3.959637309104105
42,1229,1276,V44,3.959637309104105
42,1229,1276,V55,3.959637309104105
42,849,931,V64,4.4061387562478425
42,1102,1013,V39,3.616251246210677
44,917,834,V30,3.617203703030827
44,917,834,V197,3.617203703030827
44,917,834,V198,3.617203703030827
48,917,834,V201,3.617203703030827
48,917,834,V202,3.617203703030827
48,917,834,V204,3.617203703030827
50,917,834,V205,3.617203703030827
50,917,834,V221,3.617203703030827
50,917,834,V222,3.617203703030827
50,917,834,V223,3.617203703030827
50,917,834,V244,3.617203703030827
50,917,834,V246,3.617203703030827
50,917,834,V248,3.617203703030827
50,885,882,V39,2.852794790784161
52,885,882,V41,2.852794790784161
52,885,882,V50,2.852794790784161
52,885,882,V65,2.852794790784161
52,885,882,V70,2.852794790784161
52,885,882,V72,2.852794790784161
54,885,882,V107,2.852794790784161
60,885,882,V33,2.852794790784161
60,885,882,V41,2.852794790784161
60,885,882,V57,2.852794790784161
60,885,882,V119,2.852794790784161
60,885,882,V189,2.852794790784161
60,885,882,V202,2.852794790784161
60,885,882,V224,2.852794790784161
60,917,834,V249,3.617203703030827
60,917,834,V282,3.617203703030827
60,917,834,V304,3.617203703030827
62,708,834,V28,4.389831624444016
62,708,834,V158,4.389831624444016
62,708,834,V159,4.389831624444016
62,708,834,V160,4.389831624444016
62,708,834,V182,4.389831624444016
62,708,834,V185,4.389831624444016
62,708,834,V199,4.389831624444016
62,783,659,V21,5.809594285895007
62,783,659,V23,5.809594285895007
62,783,659,V25,5.809594285895007
62,783,659,V26,5.809594285895007
62,783,659,V27,5.809594285895007
62,708,535,V201,4.548441137468074
62,708,535,V205,4.548441137468074
62,708,535,V241,4.548441137468074
62,708,535,V242,4.548441137468074
62,882,965,V244,3.616965677313317
62,1091,965,V42,4.388654712140797
62,1091,965,V46,4.388654712140797
62,1013,931,V120,4.405443882921528
62,1013,931,V149,4.405443882921528
64,708,834,V249,4.389831624444016
64,708,834,V328,4.389831624444016
64,708,834,V421,4.389831624444016
64,708,834,V452,4.389831624444016
64,708,834,V467,4.389831624444016
64,708,834,V546,4.389831624444016
64,882,885,V120,2.852794790784161
64,1013,885,V44,3.46869779664105
64,1013,885,V198,3.46869779664105
64,1013,885,V224,3.46869779664105
64,1013,885,V269,3.46869779664105
64,783,659,V21,5.809594285895007
64,783,659,V23,5.809594285895007
64,783,659,V24,5.809594285895007
64,783,659,V25,5.809594285895007
64,708,535,V547,4.548441137468074
64,708,535,V551,4.548441137468074
64,359,535,V145,5.855067293961566
64,359,535,V154,5.855067293961566
64,1013,931,V275,4.405443882921528
64,849,931,V164,4.4061387562478425
64,849,931,V270,4.4061387562478425
64,849,931,V272,4.4061387562478425
64,1091,965,V61,4.388654712140797
64,1091,965,V62,4.388654712140797
66,849,931,V152,4.4061387562478425
66,849,931,V364,4.4061387562478425
66,849,931,V366,4.4061387562478425
66,849,931,V367,4.4061387562478425
66,783,659,V21,5.809594285895007
66,783,659,V22,5.809594285895007
66,783,659,V23,5.809594285895007
66,672,708,V124,6.751878981086827
66,672,708,V276,6.751878981086827
66,672,708,V331,6.751878981086827
66,1102,885,V186,5.875878565174106
66,1102,885,V196,5.875878565174106
66,1102,1013,V279,3.616251246210677
66,1102,1013,V332,3.616251246210677
66,1229,1276,V262,3.959637309104105
66,359,535,V32,5.855067293961566
68,783,659,V22,5.809594285895007
68,783,659,V23,5.809594285895007
68,783,659,V24,5.809594285895007
68,783,659,V26,5.809594285895007
68,783,659,V30,5.809594285895007
68,885,708,V29,6.511469320496247
68,672,708,V196,6.751878981086827
68,672,708,V365,6.751878981086827
68,672,708,V507,6.751878981086827
68,672,708,V508,6.751878981086827
68,849,931,V132,4.4061387562478425
68,849,931,V186,4.4061387562478425
68,849,931,V198,4.4061387562478425
68,849,931,V370,4.4061387562478425
68,849,931,V371,4.4061387562478425
68,359,535,V208,5.855067293961566
68,359,535,V209,5.855067293961566
68,917,834,V33,3.617203703030827
68,1091,834,V68,6.739095652327052
68,1091,965,V71,4.388654712140797
68,1091,965,V83,4.388654712140797
68,1102,1013,V31,3.616251246210677
70,708,834,V24,4.389831624444016
70,708,834,V335,4.389831624444016
70,882,834,V29,4.883195120135012
70,882,965,V329,3.616965677313317
70,1091,965,V101,4.388654712140797
70,1091,965,V105,4.388654712140797
70,885,931,V38,3.0617002345235647
70,783,659,V22,5.809594285895007
70,359,535,V211,5.855067293961566
72,885,931,V33,3.0617002345235647
72,885,931,V38,3.0617002345235647
72,885,931,V56,3.0617002345235647
72,885,931,V68,3.0617002345235647
72,965,834,V34,3.83986736177262
72,1091,834,V112,6.739095652327052
72,1091,834,V114,6.739095652327052
72,1091,917,V115,4.837115435970083
72,1091,917,V116,4.837115435970083
72,885,708,V211,6.511469320496247
72,359,535,V49,5.855067293961566
74,659,834,V52,5.284552964469467
74,1091,834,V53,6.739095652327052
74,1091,834,V122,6.739095652327052
74,1091,834,V131,6.739095652327052
74,1091,834,V141,6.739095652327052
74,1091,834,V142,6.739095652327052
74,1091,834,V144,6.739095652327052
74,1091,834,V148,6.739095652327052
74,885,708,V32,6.511469320496247
74,672,708,V512,6.751878981086827
74,672,708,V513,6.751878981086827
74,1102,882,V209,7.314751476768936
74,1102,882,V340,7.314751476768936
74,1102,882,V422,7.314751476768936
74,1229,1276,V337,3.959637309104105
74,1229,1276,V371,3.959637309104105
74,1229,1276,V598,3.959637309104105
74,1091,965,V150,4.388654712140797
74,1091,965,V161,4.388654712140797
74,1091,965,V162,4.388654712140797
74,359,535,V212,5.855067293961566
76,1091,834,V187,6.739095652327052
76,1091,834,V188,6.739095652327052
76,1091,834,V190,6.739095652327052
76,1091,834,V191,6.739095652327052
76,1091,834,V192,6.739095652327052
76,1091,834,V193,6.739095652327052
76,1091,834,V194,6.739095652327052
76,1091,834,V203,6.739095652327052
76,1091,834,V245,6.739095652327052
76,1091,834,V250,6.739095652327052
76,931,882,V51,5.812636165404913
76,1102,882,V45,7.314751476768936
76,783,659,V23,5.809594285895007
76,1091,917,V251,4.837115435970083
76,672,708,V514,6.751878981086827
76,1091,965,V252,4.388654712140797
78,965,834,V27,3.83986736177262
78,965,834,V67,3.83986736177262
78,965,834,V191,3.83986736177262
78,965,834,V192,3.83986736177262
78,708,834,V22,4.389831624444016
78,708,834,V50,4.389831624444016
78,708,834,V57,4.389831624444016
78,1091,834,V103,6.739095652327052
78,931,885,V92,3.0617002345235647
78,931,885,V209,3.0617002345235647
78,1229,1276,V39,3.959637309104105
78,1091,917,V253,4.837115435970083
78,359,535,V213,5.855067293961566
80,965,834,V38,3.83986736177262
80,965,834,V75,3.83986736177262
80,1091,834,V192,6.739095652327052
80,1091,834,V255,6.739095652327052
80,1091,834,V256,6.739095652327052
80,1091,834,V258,6.739095652327052
80,1091,834,V260,6.739095652327052
80,1091,834,V271,6.739095652327052
80,1091,834,V291,6.739095652327052
80,1091,834,V292,6.739095652327052
80,1091,834,V293,6.739095652327052
80,1229,1276,V72,3.959637309104105
80,1229,1276,V373,3.959637309104105
80,1106,1276,V43,4.836798739645476
80,1106,1276,V52,4.836798739645476
80,885,931,V67,3.0617002345235647
80,885,931,V103,3.0617002345235647
80,885,931,V191,3.0617002345235647
82,965,834,V77,3.83986736177262
82,965,834,V255,3.83986736177262
82,965,834,V256,3.83986736177262
82,882,834,V23,4.883195120135012
82,882,834,V24,4.883195120135012
82,882,834,V37,4.883195120135012
82,882,834,V193,4.883195120135012
82,1091,834,V38,6.739095652327052
82,1091,834,V75,6.739095652327052
82,1091,834,V192,6.739095652327052
82,1091,834,V209,6.739095652327052
82,1091,834,V296,6.739095652327052
82,1091,834,V297,6.739095652327052
82,1091,834,V298,6.739095652327052
82,1091,834,V299,6.739095652327052
82,1091,834,V300,6.739095652327052
82,1091,834,V302,6.739095652327052
82,1091,834,V321,6.739095652327052
82,1091,834,V334,6.739095652327052
82,1091,834,V369,6.739095652327052
82,1091,834,V502,6.739095652327052
82,1091,834,V541,6.739095652327052
82,783,834,V33,7.689481736045675
82,783,834,V39,7.689481736045675
82,783,834,V43,7.689481736045675
82,783,834,V50,7.689481736045675
82,783,834,V51,7.689481736045675
82,783,834,V56,7.689481736045675
82,783,834,V58,7.689481736045675
82,783,834,V65,7.689481736045675
82,783,834,V72,7.689481736045675
82,783,834,V78,7.689481736045675
82,1102,1229,V52,3.8392690799482057
82,1102,1229,V121,3.8392690799482057
82,1106,1276,V430,4.836798739645476
82,1013,885,V61,3.46869779664105
84,917,834,V23,3.617203703030827
84,917,834,V25,3.617203703030827
84,917,834,V38,3.617203703030827
84,917,834,V39,3.617203703030827
84,917,834,V51,3.617203703030827
84,1229,1276,V52,3.959637309104105
84,1229,1276,V72,3.959637309104105
84,708,882,V28,4.837510953567602
84,708,882,V43,4.837510953567602
84,1102,885,V337,5.875878565174106
84,917,1091,V56,4.837115435970083
84,917,965,V58,4.882215518422521
86,917,834,V65,3.617203703030827
86,917,834,V75,3.617203703030827
86,917,834,V78,3.617203703030827
86,917,834,V255,3.617203703030827
86,1229,1276,V39,3.959637309104105
86,1229,1276,V72,3.959637309104105
86,1102,1013,V337,3.616251246210677
88,917,834,V256,3.617203703030827
88,965,834,V43,3.83986736177262
88,1106,1276,V39,4.836798739645476
90,708,834,V25,4.389831624444016
90,708,834,V30,4.389831624444016
90,708,834,V33,4.389831624444016
90,708,834,V50,4.389831624444016
90,708,834,V79,4.389831624444016
90,708,834,V89,4.389831624444016
90,708,834,V104,4.389831624444016
90,882,834,V23,4.883195120135012
90,882,834,V34,4.883195120135012
90,882,965,V56,3.616965677313317
90,882,965,V58,3.616965677313317
90,882,965,V65,3.616965677313317
92,1091,965,V22,4.388654712140797
92,1091,965,V25,4.388654712140797
92,1091,965,V40,4.388654712140797
92,1091,965,V46,4.388654712140797
92,1091,965,V48,4.388654712140797
92,708,834,V27,4.389831624444016
92,659,834,V78,5.284552964469467
94,882,834,V22,4.883195120135012
94,882,834,V34,4.883195120135012
94,882,834,V46,4.883195120135012
94,882,834,V142,4.883195120135012
96,931,885,V50,3.0617002345235647
96,931,885,V51,3.0617002345235647
100,965,882,V34,3.616965677313317
100,965,882,V151,3.616965677313317
102,965,882,V34,3.616965677313317
102,965,882,V152,3.616965677313317
102,1013,882,V58,3.839767699909249
102,708,834,V46,4.389831624444016
104,885,882,V152,2.852794790784161
104,1013,882,V30,3.839767699909249
104,1013,882,V149,3.839767699909249
104,708,834,V50,4.389831624444016
106,1091,965,V25,4.388654712140797
106,1091,965,V40,4.388654712140797
108,1182,965,V333,5.875748248781206
108,1182,965,V338,5.875748248781206
108,1182,965,V340,5.875748248781206
108,1102,965,V72,8.304116264398273
108,1102,965,V95,8.304116264398273
108,1102,965,V111,8.304116264398273
108,1102,965,V116,8.304116264398273
108,1102,965,V141,8.304116264398273
108,1102,965,V142,8.304116264398273
108,1102,965,V258,8.304116264398273
108,1102,965,V337,8.304116264398273
108,1102,965,V433,8.304116264398273
108,931,882,V61,5.812636165404913
108,931,882,V94,5.812636165404913
108,931,882,V122,5.812636165404913
108,783,917,V22,5.8083597500151045
108,783,917,V24,5.8083597500151045
108,783,659,V26,5.809594285895007
108,783,659,V27,5.809594285895007
108,783,834,V29,7.689481736045675
108,535,708,V69,4.548441137468074
108,931,885,V124,3.0617002345235647
110,672,882,V81,7.316385892068044
110,672,882,V88,7.316385892068044
110,672,882,V102,7.316385892068044
110,672,882,V109,7.316385892068044
110,672,885,V113,5.876204136119103
110,672,885,V192,5.876204136119103
110,672,885,V213,5.876204136119103
110,849,931,V25,4.4061387562478425
110,849,931,V36,4.4061387562478425
110,849,931,V150,4.4061387562478425
110,1091,965,V369,4.388654712140797
110,1229,965,V105,8.77672016628073
110,1229,1013,V143,5.640389822593795
110,1229,1013,V148,5.640389822593795
110,1229,1182,V209,3.960024365898536
110,1229,1182,V265,3.960024365898536
110,783,659,V21,5.809594285895007
110,1229,1276,V305,3.959637309104105
110,783,834,V22,7.689481736045675
112,783,659,V23,5.809594285895007
112,783,659,V24,5.809594285895007
112,783,659,V25,5.809594285895007
112,783,659,V26,5.809594285895007
112,849,931,V41,4.4061387562478425
112,849,931,V192,4.4061387562478425
112,849,931,V213,4.4061387562478425
112,849,931,V379,4.4061387562478425
112,672,882,V374,7.316385892068044
112,672,882,V378,7.316385892068044
112,672,882,V515,7.316385892068044
112,672,882,V516,7.316385892068044
112,535,708,V112,4.548441137468074
112,535,708,V126,4.548441137468074
112,535,708,V128,4.548441137468074
112,535,708,V132,4.548441137468074
112,1106,1013,V32,7.015517581545067
112,1106,1013,V63,7.015517581545067
112,1398,1229,V28,5.282433425576492
114,965,882,V21,3.616965677313317
114,965,882,V32,3.616965677313317
114,965,882,V90,3.616965677313317
114,965,882,V115,3.616965677313317
114,834,882,V41,4.883195120135012
114,1398,1229,V265,5.282433425576492
114,1398,1229,V306,5.282433425576492
114,1398,1229,V307,5.282433425576492
114,1106,1276,V305,4.836798739645476
114,1106,1276,V434,4.836798739645476
114,1106,1276,V435,4.836798739645476
114,849,931,V192,4.4061387562478425
114,849,931,V480,4.4061387562478425
114,834,708,V112,4.389831624444016
114,834,708,V126,4.389831624444016
114,834,659,V374,5.284552964469467
114,834,917,V378,3.617203703030827
116,885,834,V27,7.688685710981335
116,783,834,V22,7.689481736045675
116,783,834,V24,7.689481736045675
116,783,834,V25,7.689481736045675
116,783,834,V26,7.689481736045675
116,783,834,V30,7.689481736045675
116,1182,1229,V265,3.960024365898536
116,1398,1229,V307,5.282433425576492
116,1398,1229,V308,5.282433425576492
116,1398,1229,V309,5.282433425576492
116,359,535,V59,5.855067293961566
116,359,535,V75,5.855067293961566
116,359,535,V78,5.855067293961566
116,359,535,V80,5.855067293961566
116,672,882,V517,7.316385892068044
116,672,882,V518,7.316385892068044
116,672,882,V519,7.316385892068044
116,849,931,V434,4.4061387562478425
116,672,708,V520,6.751878981086827
118,882,965,V32,3.616965677313317
118,1182,965,V23,5.875748248781206
118,1182,965,V33,5.875748248781206
118,1182,965,V34,5.875748248781206
118,1182,1091,V35,5.24631154396119
118,1182,1091,V37,5.24631154396119
118,1182,1091,V38,5.24631154396119
118,885,1013,V46,3.46869779664105
118,1182,1013,V39,5.283249325636405
118,1182,1013,V40,5.283249325636405
118,659,535,V22,5.810827883107414
118,659,708,V63,5.815596432206299
118,1106,931,V440,5.283575443416337
120,882,708,V36,4.837510953567602
120,882,708,V45,4.837510953567602
120,882,708,V49,4.837510953567602
120,882,708,V50,4.837510953567602
120,882,708,V51,4.837510953567602
120,882,965,V52,3.616965677313317
120,882,965,V53,3.616965677313317
120,882,965,V80,3.616965677313317
120,882,965,V434,3.616965677313317
120,882,834,V440,4.883195120135012
120,882,834,V517,4.883195120135012
120,882,834,V519,4.883195120135012
120,882,834,V520,4.883195120135012
120,359,535,V151,5.855067293961566
120,359,535,V214,5.855067293961566
120,359,535,V215,5.855067293961566
120,1068,931,V181,8.304853837171269
120,1068,931,V243,8.304853837171269
120,1068,931,V266,8.304853837171269
120,1276,1106,V28,4.836798739645476
120,1276,1106,V34,4.836798739645476
120,1276,1106,V437,4.836798739645476
120,1068,1102,V521,8.626274418583195
120,855,849,V100,5.706192977162224
120,1091,1013,V40,7.92275625179966
122,1068,931,V525,8.304853837171269
122,1068,931,V526,8.304853837171269
122,1068,931,V566,8.304853837171269
122,1068,931,V567,8.304853837171269
122,1068,931,V568,8.304853837171269
122,834,965,V51,3.83986736177262
122,834,965,V55,3.83986736177262
122,1091,965,V109,4.388654712140797
122,708,965,V59,6.739138237495128
122,1276,885,V34,10.705394585658723
122,1068,885,V569,11.364565785437158
122,1068,885,V570,11.364565785437158
122,1068,885,V571,11.364565785437158
122,659,535,V38,5.810827883107414
122,659,535,V46,5.810827883107414
122,359,535,V217,5.855067293961566
122,1398,1229,V192,5.282433425576492
122,1398,1229,V312,5.282433425576492
122,1398,1229,V313,5.282433425576492
122,1068,1106,V572,4.880745078525951
122,783,917,V21,5.8083597500151045
122,1398,1182,V314,5.640321895106829
124,1398,1182,V316,5.640321895106829
124,1398,1182,V317,5.640321895106829
124,1398,1182,V318,5.640321895106829
124,1398,1182,V319,5.640321895106829
124,1398,1182,V320,5.640321895106829
124,1398,1182,V323,5.640321895106829
124,885,965,V22,6.123119155303686
124,885,965,V34,6.123119155303686
124,885,965,V40,6.123119155303686
124,885,965,V213,6.123119155303686
124,885,965,V526,6.123119155303686
124,885,1013,V566,3.46869779664105
124,1102,1013,V61,3.616251246210677
124,1102,1013,V308,3.616251246210677
124,1435,1091,V42,8.895594131564904
124,1435,1091,V60,8.895594131564904
124,1102,1229,V312,3.8392690799482057
124,931,849,V71,4.4061387562478425
124,1102,882,V313,7.314751476768936
126,834,965,V40,3.83986736177262
126,1013,965,V30,4.881725510082577
126,1013,965,V61,4.881725510082577
126,1013,965,V316,4.881725510082577
126,1229,882,V42,9.341474227178574
126,1229,882,V51,9.341474227178574
126,535,882,V28,9.342211452816104
126,659,882,V313,9.424155624926374
126,1068,885,V71,11.364565785437158
126,1068,885,V73,11.364565785437158
126,1068,885,V110,11.364565785437158
126,1398,1182,V429,5.640321895106829
126,1398,1182,V430,5.640321895106829
126,1068,1106,V571,4.880745078525951
126,1068,931,V573,8.304853837171269
128,885,882,V68,2.852794790784161
128,931,882,V40,5.812636165404913
128,931,882,V69,5.812636165404913
128,1102,882,V22,7.314751476768936
128,1229,882,V566,9.341474227178574
128,1068,1106,V48,4.880745078525951
128,1068,1106,V574,4.880745078525951
128,1068,1106,V575,4.880745078525951
128,855,849,V117,5.706192977162224
128,855,849,V118,5.706192977162224
128,855,849,V133,5.706192977162224
128,359,708,V109,10.088438580081291
128,359,708,V218,10.088438580081291
128,783,917,V21,5.8083597500151045
128,783,917,V23,5.8083597500151045
128,1398,1013,V43,10.186376382121452
128,1398,1182,V474,5.640321895106829
130,882,965,V22,3.616965677313317
130,882,965,V40,3.616965677313317
130,882,965,V69,3.616965677313317
130,1091,965,V42,4.388654712140797
130,1102,965,V566,8.304116264398273
130,1102,965,V568,8.304116264398273
130,1229,885,V59,8.89559413156451
130,1229,885,V110,8.89559413156451
130,1229,885,V323,8.89559413156451
130,1229,885,V526,8.89559413156451
130,535,708,V26,4.548441137468074
130,535,708,V52,4.548441137468074
130,535,708,V99,4.548441137468074
130,1398,1182,V477,5.640321895106829
130,1435,1182,V35,8.189653224238826
130,1068,1013,V118,11.461019980924313
130,1068,1013,V133,11.461019980924313
130,783,917,V21,5.8083597500151045
130,783,917,V23,5.8083597500151045
130,1068,931,V576,8.304853837171269
130,783,834,V24,7.689481736045675
132,882,1182,V22,7.841474878454721
132,882,1182,V25,7.841474878454721
132,882,1182,V53,7.841474878454721
132,882,1182,V59,7.841474878454721
132,1435,1182,V226,8.189653224238826
132,1068,931,V577,8.304853837171269
132,1068,931,V578,8.304853837171269
132,1068,931,V579,8.304853837171269
132,1068,931,V580,8.304853837171269
132,1068,1013,V589,11.461019980924313
132,1068,1013,V594,11.461019980924313
132,783,965,V23,10.498093903671007
132,535,708,V64,4.548441137468074
132,855,849,V136,5.706192977162224
132,1435,1229,V227,10.197737357480824
132,783,834,V26,7.689481736045675
134,1013,885,V22,3.46869779664105
134,965,885,V23,6.123119155303686
134,965,885,V26,6.123119155303686
134,834,708,V21,4.389831624444016
134,535,708,V41,4.548441137468074
134,1229,1102,V74,3.8392690799482057
136,855,849,V139,5.706192977162224
136,855,849,V140,5.706192977162224
136,855,849,V147,5.706192977162224
136,855,849,V163,5.706192977162224
136,855,849,V206,5.706192977162224
136,855,849,V247,5.706192977162224
136,885,1013,V22,3.46869779664105
136,882,931,V21,5.812636165404913
136,535,708,V45,4.548441137468074
136,965,834,V58,3.83986736177262
136,965,1102,V114,8.304116264398273
138,965,834,V22,3.83986736177262
138,965,834,V31,3.83986736177262
138,965,834,V32,3.83986736177262
138,965,834,V41,3.83986736177262
138,965,834,V52,3.83986736177262
138,965,834,V74,3.83986736177262
138,965,834,V80,3.83986736177262
138,965,834,V139,3.83986736177262
138,885,1013,V23,3.46869779664105
138,1102,1013,V21,3.616251246210677
138,1102,1013,V68,3.616251246210677
138,1102,1013,V114,3.616251246210677
138,1398,1229,V35,5.282433425576492
138,1398,1229,V77,5.282433425576492
138,1106,1276,V43,4.836798739645476
138,1091,917,V72,4.837115435970083
138,1398,1182,V218,5.640321895106829
140,708,834,V37,4.389831624444016
140,882,834,V41,4.883195120135012
140,1091,834,V57,6.739095652327052
140,885,834,V74,7.688685710981335
140,783,834,V24,7.689481736045675
140,783,834,V27,7.689481736045675
140,1102,1013,V35,3.616251246210677
140,1102,1013,V76,3.616251246210677
140,1182,1013,V45,5.283249325636405
140,1182,1013,V218,5.283249325636405
142,965,882,V34,3.616965677313317
142,965,882,V68,3.616965677313317
142,1013,882,V139,3.839767699909249
142,1013,882,V226,3.839767699909249
142,1013,882,V279,3.839767699909249
142,1013,882,V286,3.839767699909249
142,708,834,V140,4.389831624444016
142,659,834,V32,5.284552964469467
142,1229,1276,V23,3.959637309104105
142,1102,1276,V27,4.836798739646007
142,1102,1106,V29,3.80171314717607
144,885,882,V53,2.852794790784161
144,885,882,V77,2.852794790784161
144,885,882,V133,2.852794790784161
144,885,882,V275,2.852794790784161
144,1013,882,V63,3.839767699909249
144,1013,882,V463,3.839767699909249
144,708,834,V30,4.389831624444016
144,708,834,V48,4.389831624444016
144,708,834,V56,4.389831624444016
144,1229,1276,V29,3.959637309104105
144,1102,1276,V27,4.836798739646007
144,1182,1091,V37,5.24631154396119
146,965,882,V27,3.616965677313317
146,965,882,V53,3.616965677313317
146,965,882,V56,3.616965677313317
146,1013,882,V29,3.839767699909249
146,708,882,V62,4.837510953567602
146,708,882,V254,4.837510953567602
146,708,882,V286,4.837510953567602
146,708,882,V329,4.837510953567602
146,1229,1398,V59,5.282433425576492
146,1435,1398,V35,5.805514364498899
146,1435,1398,V118,5.805514364498899
146,1435,1398,V229,5.805514364498899
146,1435,1398,V230,5.805514364498899
146,659,834,V37,5.284552964469467
146,1091,834,V52,6.739095652327052
148,882,885,V59,2.852794790784161
148,882,885,V229,2.852794790784161
148,965,834,V56,3.83986736177262
150,882,834,V51,4.883195120135012
152,965,834,V74,3.83986736177262
152,965,834,V89,3.83986736177262
152,708,882,V62,4.837510953567602
152,931,882,V30,5.812636165404913
152,931,885,V48,3.0617002345235647
154,917,834,V89,3.617203703030827
154,1091,834,V58,6.739095652327052
154,1091,834,V84,6.739095652327052
154,1102,1013,V27,3.616251246210677
154,1102,1013,V29,3.616251246210677
156,1182,965,V68,5.875748248781206
156,1182,965,V329,5.875748248781206
156,1102,965,V41,8.304116264398273
156,1102,965,V51,8.304116264398273
156,1102,965,V77,8.304116264398273
156,1102,965,V85,8.304116264398273
156,1102,965,V133,8.304116264398273
156,931,965,V114,8.628970001760946
156,931,965,V163,8.628970001760946
156,783,659,V21,5.809594285895007
156,783,659,V22,5.809594285895007
156,783,659,V23,5.809594285895007
156,783,659,V24,5.809594285895007
156,783,659,V25,5.809594285895007
156,783,659,V26,5.809594285895007
156,931,882,V279,5.812636165404913
156,931,882,V286,5.812636165404913
156,931,882,V382,5.812636165404913
156,931,882,V425,5.812636165404913
156,931,882,V473,5.812636165404913
156,783,834,V27,7.689481736045675
156,783,834,V29,7.689481736045675
156,783,834,V38,7.689481736045675
156,783,834,V43,7.689481736045675
156,931,1013,V526,4.405443882921528
156,931,1013,V578,4.405443882921528
156,849,1013,V40,8.811582411969269
156,849,1013,V56,8.811582411969269
156,535,708,V62,4.548441137468074
156,535,708,V71,4.548441137468074
156,535,708,V78,4.548441137468074
156,535,708,V79,4.548441137468074
156,783,917,V44,5.8083597500151045
156,783,917,V47,5.8083597500151045
156,783,917,V48,5.8083597500151045
156,672,885,V50,5.876204136119103
156,672,885,V57,5.876204136119103
156,672,885,V59,5.876204136119103
156,1435,1091,V233,8.895594131564904
156,1435,1091,V234,8.895594131564904
156,1435,1398,V235,5.805514364498899
156,1068,1106,V76,4.880745078525951
158,783,659,V21,5.809594285895007
158,783,659,V23,5.809594285895007
158,783,659,V24,5.809594285895007
158,783,659,V25,5.809594285895007
158,783,659,V26,5.809594285895007
158,708,834,V22,4.389831624444016
158,708,834,V27,4.389831624444016
158,885,834,V81,7.688685710981335
158,783,834,V28,7.689481736045675
158,783,965,V29,10.498093903671007
158,783,965,V30,10.498093903671007
158,783,965,V31,10.498093903671007
158,783,965,V34,10.498093903671007
158,672,931,V82,6.73915242731767
158,672,931,V138,6.73915242731767
158,672,931,V226,6.73915242731767
158,672,882,V247,7.316385892068044
158,672,882,V323,7.316385892068044
158,1370,1276,V535,7.918112864657469
158,783,917,V37,5.8083597500151045
158,855,1068,V136,5.87594370452583
158,1435,1229,V236,10.197737357480824
160,1182,965,V236,5.875748248781206
160,783,965,V21,10.498093903671007
160,783,965,V22,10.498093903671007
160,783,965,V23,10.498093903671007
160,855,931,V532,9.765900232263595
160,855,931,V574,9.765900232263595
160,1370,1276,V536,7.918112864657469
160,1370,1276,V537,7.918112864657469
160,1435,1091,V237,8.895594131564904
160,1435,1091,V238,8.895594131564904
160,783,834,V24,7.689481736045675
160,535,882,V317,9.342211452816104
160,359,708,V33,10.088438580081291
160,855,849,V594,5.706192977162224
160,783,917,V25,5.8083597500151045
160,783,659,V26,5.809594285895007
162,885,882,V40,2.852794790784161
162,1229,882,V138,9.341474227178574
162,783,882,V21,12.561839638690564
162,783,882,V23,12.561839638690564
162,783,882,V24,12.561839638690564
162,783,659,V25,5.809594285895007
162,783,659,V26,5.809594285895007
162,783,659,V27,5.809594285895007
162,783,659,V28,5.809594285895007
162,1435,1091,V239,8.895594131564904
162,1435,1091,V240,8.895594131564904
162,1435,1091,V313,8.895594131564904
162,783,834,V29,7.689481736045675
162,783,834,V30,7.689481736045675
162,783,834,V31,7.689481736045675
162,783,917,V32,5.8083597500151045
162,783,917,V34,5.8083597500151045
162,1370,1102,V538,11.609712853230407
162,1370,1102,V539,11.609712853230407
162,508,1068,V39,14.486601263726737
162,508,1068,V42,14.486601263726737
162,508,849,V54,9.342303526294996
162,508,1276,V66,20.81243366468926
162,783,1013,V37,15.308499342485224
162,508,1106,V67,16.025446935620938
162,508,672,V73,8.81713559460697
164,783,882,V21,12.561839638690564
164,783,882,V22,12.561839638690564
164,783,882,V25,12.561839638690564
164,783,882,V26,12.561839638690564
164,783,882,V27,12.561839638690564
164,783,882,V28,12.561839638690564
164,783,882,V31,12.561839638690564
164,783,882,V32,12.561839638690564
164,783,917,V33,5.8083597500151045
164,783,917,V34,5.8083597500151045
164,783,834,V36,7.689481736045675
164,783,834,V39,7.689481736045675
164,508,931,V75,12.961089805583503
164,508,931,V87,12.961089805583503
164,508,849,V103,9.342303526294996
164,508,849,V121,9.342303526294996
164,783,659,V40,5.809594285895007
164,508,1106,V130,16.025446935620938
164,508,672,V145,8.81713559460697
166,359,535,V61,5.855067293961566
166,359,535,V139,5.855067293961566
166,359,535,V220,5.855067293961566
166,965,882,V22,3.616965677313317
166,965,882,V25,3.616965677313317
166,1068,1276,V121,8.66943360865319
166,965,1276,V26,12.284417645367478
166,965,885,V28,6.123119155303686
166,965,885,V29,6.123119155303686
166,834,659,V36,5.284552964469467
166,783,659,V30,5.809594285895007
166,855,1106,V103,9.423483175173253
166,783,917,V33,5.8083597500151045
166,508,931,V147,12.961089805583503
166,783,1091,V34,10.241109598832232
166,508,1102,V166,17.327384898394307
166,508,849,V167,9.342303526294996
166,783,1013,V38,15.308499342485224
168,882,834,V25,4.883195120135012
168,882,834,V27,4.883195120135012
168,882,834,V28,4.883195120135012
168,882,834,V29,4.883195120135012
168,882,834,V39,4.883195120135012
168,359,535,V52,5.855067293961566
168,359,535,V221,5.855067293961566
168,196,535,V401,10.089384951575544
168,931,885,V21,3.0617002345235647
168,1068,885,V50,11.364565785437158
168,783,708,V22,10.697285568723771
168,783,708,V30,10.697285568723771
168,508,672,V168,8.81713559460697
168,508,672,V169,8.81713559460697
168,1068,1102,V538,8.626274418583195
168,1398,1102,V37,9.118728510486134
168,508,849,V170,9.342303526294996
168,508,849,V171,9.342303526294996
168,783,965,V32,10.498093903671007
168,783,1013,V33,15.308499342485224
170,1182,1013,V53,5.283249325636405
170,1106,1013,V26,7.015517581545067
170,783,1013,V23,15.308499342485224
170,783,1013,V28,15.308499342485224
170,783,708,V34,10.697285568723771
170,783,708,V35,10.697285568723771
170,783,708,V36,10.697285568723771
170,783,1091,V39,10.241109598832232
170,783,1091,V40,10.241109598832232
170,196,535,V402,10.089384951575544
170,783,917,V42,5.8083597500151045
170,508,931,V172,12.961089805583503
170,783,659,V43,5.809594285895007
170,508,672,V173,8.81713559460697
170,783,965,V47,10.498093903671007
172,965,834,V21,3.83986736177262
172,965,834,V23,3.83986736177262
172,965,834,V28,3.83986736177262
172,882,834,V39,4.883195120135012
172,535,708,V29,4.548441137468074
172,882,708,V45,4.837510953567602
172,882,708,V147,4.837510953567602
172,882,1091,V166,7.965381677815221
172,882,1091,V172,7.965381677815221
172,885,931,V118,3.0617002345235647
172,672,931,V33,6.73915242731767
172,1398,1276,V48,7.438993890374081
172,508,1276,V174,20.81243366468926
172,508,1068,V175,14.486601263726737
172,508,1068,V176,14.486601263726737
172,566,359,V352,9.428696666120482
172,508,855,V177,9.342303526295408
172,783,659,V22,5.809594285895007
174,834,708,V23,4.389831624444016
174,834,708,V24,4.389831624444016
174,834,708,V28,4.389831624444016
174,1102,1013,V26,3.616251246210677
174,931,1013,V27,4.405443882921528
174,931,1013,V33,4.405443882921528
174,965,882,V30,3.616965677313317
174,1229,882,V47,9.341474227178574
174,1398,1435,V49,5.805514364498899
174,659,535,V22,5.810827883107414
174,1229,1276,V53,3.959637309104105
174,849,885,V118,6.749102957431653
174,783,1091,V25,10.241109598832232
176,931,885,V30,3.0617002345235647
176,931,885,V66,3.0617002345235647
176,708,885,V23,6.511469320496247
176,834,885,V32,7.688685710981335
176,1068,849,V37,6.736061142863373
176,1068,849,V68,6.736061142863373
176,834,535,V59,8.012842951904279
176,834,535,V62,8.012842951904279
176,1091,965,V55,4.388654712140797
176,1091,965,V69,4.388654712140797
176,1398,1229,V45,5.282433425576492
176,1435,1229,V26,10.197737357480824
176,783,917,V25,5.8083597500151045
176,783,917,V27,5.8083597500151045
176,508,672,V34,8.81713559460697
176,783,882,V31,12.561839638690564
178,1013,882,V56,3.839767699909249
178,1102,882,V64,7.314751476768936
178,1182,882,V45,7.841474878454721
178,1182,882,V47,7.841474878454721
178,1091,882,V70,7.965381677815221
178,1091,882,V75,7.965381677815221
178,659,882,V36,9.424155624926374
178,659,708,V59,5.815596432206299
178,659,708,V60,5.815596432206299
178,659,708,V62,5.815596432206299
178,783,708,V29,10.697285568723771
178,1398,1229,V53,5.282433425576492
178,1435,1229,V33,10.197737357480824
178,196,535,V403,10.089384951575544
178,1068,885,V54,11.364565785437158
180,834,708,V25,4.389831624444016
180,834,708,V32,4.389831624444016
180,535,708,V45,4.548441137468074
180,535,708,V52,4.548441137468074
180,882,708,V54,4.837510953567602
180,1276,1229,V53,3.959637309104105
180,1276,1229,V66,3.959637309104105
180,1013,1102,V33,3.616251246210677
180,1013,1182,V59,5.283249325636405
180,882,885,V69,2.852794790784161
182,885,708,V32,6.511469320496247
182,885,708,V45,6.511469320496247
182,672,708,V43,6.751878981086827
182,931,708,V26,9.423506251261468
182,931,708,V62,9.423506251261468
182,931,708,V64,9.423506251261468
182,196,535,V404,10.089384951575544
182,931,882,V75,5.812636165404913
182,1276,1229,V53,3.959637309104105
184,882,965,V52,3.616965677313317
184,882,965,V62,3.616965677313317
184,882,965,V64,3.616965677313317
184,917,965,V27,4.882215518422521
184,783,965,V21,10.498093903671007
184,783,965,V24,10.498093903671007
184,783,659,V28,5.809594285895007
184,783,659,V29,5.809594285895007
184,783,659,V31,5.809594285895007
184,1276,1013,V53,8.190822817543284
184,1276,1013,V66,8.190822817543284
184,1276,1013,V69,8.190822817543284
184,849,931,V22,4.4061387562478425
184,849,931,V23,4.4061387562478425
184,1435,1229,V49,10.197737357480824
184,535,708,V34,4.548441137468074
184,849,885,V30,6.749102957431653
186,882,965,V52,3.616965677313317
186,882,965,V64,3.616965677313317
186,834,965,V21,3.83986736177262
186,834,965,V24,3.83986736177262
186,1068,1106,V67,4.880745078525951
186,1068,1106,V176,4.880745078525951
188,1068,1106,V23,4.880745078525951
188,1068,1106,V176,4.880745078525951
190,931,1106,V53,5.283575443416337
192,917,834,V31,3.617203703030827
192,965,834,V30,3.83986736177262
194,965,882,V27,3.616965677313317
196,965,882,V62,3.616965677313317
196,965,882,V73,3.616965677313317
196,1013,882,V34,3.839767699909249
196,708,882,V30,4.837510953567602
196,708,834,V31,4.389831624444016
196,708,834,V37,4.389831624444016
196,931,885,V87,3.0617002345235647
198,965,882,V62,3.616965677313317
198,965,882,V73,3.616965677313317
202,931,885,V87,3.0617002345235647
204,1102,885,V74,5.875878565174106
204,672,885,V71,5.876204136119103
204,672,885,V87,5.876204136119103
204,1091,965,V22,4.388654712140797
204,1091,965,V38,4.388654712140797
204,1068,1106,V79,4.880745078525951
204,783,659,V24,5.809594285895007
206,1013,882,V21,3.839767699909249
206,708,882,V71,4.837510953567602
206,708,882,V74,4.837510953567602
206,672,882,V88,7.316385892068044
206,1182,882,V62,7.841474878454721
206,1091,882,V59,7.965381677815221
206,849,885,V23,6.749102957431653
206,1229,885,V31,8.89559413156451
206,1229,885,V41,8.89559413156451
206,1091,834,V68,6.739095652327052
206,1091,834,V76,6.739095652327052
206,783,834,V22,7.689481736045675
206,783,659,V24,5.809594285895007
206,1229,931,V50,8.28950012214804
206,1229,1102,V58,3.8392690799482057
208,1013,931,V48,4.405443882921528
208,672,931,V31,6.73915242731767
208,672,931,V50,6.73915242731767
208,672,931,V89,6.73915242731767
208,1068,931,V27,8.304853837171269
208,783,965,V22,10.498093903671007
208,783,965,V24,10.498093903671007
208,783,965,V29,10.498093903671007
208,783,965,V30,10.498093903671007
208,508,885,V42,13.808114395759947
208,508,885,V44,13.808114395759947
208,359,535,V21,5.855067293961566
208,359,535,V25,5.855067293961566
208,783,659,V32,5.809594285895007
208,783,834,V34,7.689481736045675
208,1296,1182,V384,14.636346421121209
208,783,1091,V35,10.241109598832232
208,508,1106,V51,16.025446935620938
208,783,882,V36,12.561839638690564
208,783,917,V37,5.8083597500151045
210,783,834,V21,7.689481736045675
210,783,834,V23,7.689481736045675
210,783,834,V24,7.689481736045675
210,783,834,V27,7.689481736045675
210,783,834,V29,7.689481736045675
210,1013,885,V51,3.46869779664105
210,1013,885,V83,3.46869779664105
210,849,885,V31,6.749102957431653
210,508,885,V78,13.808114395759947
210,359,535,V81,5.855067293961566
210,359,535,V82,5.855067293961566
210,196,535,V405,10.089384951575544
210,783,659,V30,5.809594285895007
210,783,659,V32,5.809594285895007
210,783,659,V33,5.809594285895007
210,508,1276,V92,20.81243366468926
210,508,1276,V178,20.81243366468926
210,508,672,V179,8.81713559460697
210,508,672,V180,8.81713559460697
210,783,965,V34,10.498093903671007
210,783,965,V37,10.498093903671007
210,508,931,V183,12.961089805583503
210,508,855,V327,9.342303526295408
210,783,1091,V41,10.241109598832232
212,882,1068,V44,14.033707701296978
212,882,1068,V51,14.033707701296978
212,882,1068,V78,14.033707701296978
212,508,1068,V377,14.486601263726737
212,1182,885,V35,8.662721360426067
212,659,885,V46,11.84843418422244
212,508,1102,V504,17.327384898394307
212,508,1102,V534,17.327384898394307
212,508,849,V576,9.342303526294996
212,196,849,V406,18.33505576468225
212,783,708,V22,10.697285568723771
212,1296,1229,V385,18.186956046651705
214,882,885,V25,2.852794790784161
214,882,885,V39,2.852794790784161
214,882,885,V45,2.852794790784161
214,882,885,V46,2.852794790784161
214,783,708,V21,10.697285568723771
214,783,708,V22,10.697285568723771
214,783,708,V23,10.697285568723771
214,783,659,V26,5.809594285895007
214,783,659,V27,5.809594285895007
214,783,659,V28,5.809594285895007
214,783,834,V29,7.689481736045675
214,1276,1229,V40,3.959637309104105
216,834,965,V25,3.83986736177262
216,834,965,V27,3.83986736177262
216,834,965,V29,3.83986736177262
216,783,965,V21,10.498093903671007
216,783,965,V26,10.498093903671007
216,1276,1102,V40,4.836798739646007
216,1276,1102,V377,4.836798739646007
216,783,1102,V28,18.800951364959644
216,359,708,V35,10.088438580081291
216,783,708,V30,10.697285568723771
216,783,708,V31,10.697285568723771
216,783,917,V22,5.8083597500151045
216,783,917,V32,5.8083597500151045
216,783,1091,V33,10.241109598832232
216,196,849,V407,18.33505576468225
216,783,1013,V36,15.308499342485224
216,783,1106,V37,22.318447076891776
216,196,535,V408,10.089384951575544
218,834,659,V35,5.284552964469467
218,783,659,V23,5.809594285895007
218,783,659,V24,5.809594285895007
218,783,659,V25,5.809594285895007
218,783,659,V26,5.809594285895007
218,882,708,V40,4.837510953567602
218,882,708,V327,4.837510953567602
218,882,708,V377,4.837510953567602
218,783,708,V29,10.697285568723771
218,196,535,V409,10.089384951575544
218,196,535,V410,10.089384951575544
218,196,535,V411,10.089384951575544
218,1106,672,V28,11.752082528572066
218,1229,855,V34,15.901554341364076
218,1182,931,V38,9.422487826577225
218,783,885,V31,15.378166398318458
218,783,965,V33,10.498093903671007
220,885,931,V28,3.0617002345235647
220,1013,931,V27,4.405443882921528
220,1013,931,V32,4.405443882921528
220,1013,931,V38,4.405443882921528
220,1182,1091,V21,5.24631154396119
220,1013,1091,V39,7.92275625179966
220,783,1091,V23,10.241109598832232
220,1296,1398,V386,15.359029036692972
220,1296,1398,V387,15.359029036692972
220,1296,1398,V388,15.359029036692972
220,783,659,V25,5.809594285895007
220,783,659,V26,5.809594285895007
220,783,1102,V37,18.800951364959644
222,885,931,V31,3.0617002345235647
222,885,931,V32,3.0617002345235647
222,885,882,V410,2.852794790784161
222,834,965,V22,3.83986736177262
222,1013,1102,V44,3.616251246210677
224,834,708,V25,4.389831624444016
224,834,708,V28,4.389831624444016
224,882,708,V44,4.837510953567602
224,885,931,V34,3.0617002345235647
224,885,931,V36,3.0617002345235647
224,1106,1102,V38,3.80171314717607
226,885,1013,V36,3.46869779664105
228,882,965,V25,3.616965677313317
228,882,965,V29,3.616965677313317
228,882,965,V34,3.616965677313317
228,882,885,V36,2.852794790784161
228,882,885,V54,2.852794790784161
228,882,708,V60,4.837510953567602
228,882,708,V79,4.837510953567602
228,1276,1370,V35,7.918112864657469
230,882,834,V34,4.883195120135012
230,882,834,V47,4.883195120135012
230,1091,834,V21,6.739095652327052
230,1091,834,V42,6.739095652327052
230,1091,834,V49,6.739095652327052
230,535,708,V39,4.548441137468074
230,535,708,V79,4.548441137468074
230,535,708,V82,4.548441137468074
230,783,659,V22,5.809594285895007
230,783,659,V23,5.809594285895007
230,1276,1106,V40,4.836798739645476
232,849,672,V27,6.511836392511076
232,849,672,V70,6.511836392511076
232,708,672,V21,6.751878981086827
232,882,672,V26,7.316385892068044
232,882,672,V41,7.316385892068044
232,882,672,V42,7.316385892068044
232,882,672,V47,7.316385892068044
232,882,965,V49,3.616965677313317
232,882,965,V56,3.616965677313317
232,882,965,V57,3.616965677313317
232,783,659,V22,5.809594285895007
232,1229,1102,V86,3.8392690799482057
234,783,659,V28,5.809594285895007
234,783,659,V29,5.809594285895007
234,535,708,V22,4.548441137468074
234,882,834,V34,4.883195120135012
234,1068,1370,V55,7.841426035905807
236,834,965,V22,3.83986736177262
236,1091,965,V80,4.388654712140797
236,535,708,V62,4.548441137468074
236,783,917,V29,5.8083597500151045
236,855,849,V31,5.706192977162224
238,834,965,V34,3.83986736177262
238,834,965,V38,3.83986736177262
238,885,882,V23,2.852794790784161
240,1013,882,V34,3.839767699909249
244,965,834,V23,3.83986736177262
246,1229,1182,V25,3.960024365898536
246,783,659,V77,5.809594285895007
248,885,882,V62,2.852794790784161
248,885,882,V71,2.852794790784161
250,917,834,V23,3.617203703030827
252,965,834,V97,3.83986736177262
252,965,834,V103,3.83986736177262
252,965,834,V106,3.83986736177262
252,708,834,V34,4.389831624444016
252,708,834,V60,4.389831624444016
252,1091,834,V22,6.739095652327052
252,1091,834,V57,6.739095652327052
252,672,508,V62,8.81713559460697
252,672,508,V86,8.81713559460697
252,1013,882,V105,3.839767699909249
252,1102,882,V55,7.314751476768936
252,1229,1182,V68,3.960024365898536
252,783,659,V23,5.809594285895007
252,1102,885,V74,5.875878565174106
254,708,834,V32,4.389831624444016
254,1091,834,V85,6.739095652327052
254,1091,834,V89,6.739095652327052
254,1091,834,V104,6.739095652327052
254,783,659,V22,5.809594285895007
254,783,659,V23,5.809594285895007
254,783,659,V28,5.809594285895007
254,1102,882,V79,7.314751476768936
254,1229,965,V57,8.77672016628073
254,849,885,V98,6.749102957431653
256,783,834,V21,7.689481736045675
256,783,834,V22,7.689481736045675
256,783,834,V23,7.689481736045675
256,783,659,V28,5.809594285895007
256,783,659,V29,5.809594285895007
256,783,659,V32,5.809594285895007
256,672,882,V94,7.316385892068044
256,535,882,V93,9.342211452816104
256,1276,1102,V25,4.836798739646007
256,1276,1102,V75,4.836798739646007
256,1435,1229,V24,10.197737357480824
256,1435,1229,V26,10.197737357480824
256,783,965,V33,10.498093903671007
256,1435,1182,V27,8.189653224238826
256,849,931,V108,4.4061387562478425
256,855,508,V35,9.342303526295408
258,1102,965,V24,8.304116264398273
258,1102,965,V26,8.304116264398273
258,783,965,V21,10.498093903671007
258,783,965,V22,10.498093903671007
258,783,965,V23,10.498093903671007
258,783,965,V28,10.498093903671007
258,783,965,V29,10.498093903671007
258,783,965,V32,10.498093903671007
258,1276,1229,V45,3.959637309104105
258,1398,1229,V377,5.282433425576492
258,1435,1091,V37,8.895594131564904
258,1435,1091,V41,8.895594131564904
258,855,508,V80,9.342303526295408
258,535,1013,V46,13.123524045686974
258,783,917,V34,5.8083597500151045
258,783,834,V36,7.689481736045675
258,783,659,V38,5.809594285895007
260,1435,1398,V42,5.805514364498899
260,1435,1398,V47,5.805514364498899
260,1435,1398,V51,5.805514364498899
260,1435,1398,V58,5.805514364498899
260,1435,1398,V61,5.805514364498899
260,1435,1398,V70,5.805514364498899
260,1435,1398,V72,5.805514364498899
260,1435,1398,V90,5.805514364498899
260,1296,1398,V390,15.359029036692972
260,783,885,V21,15.378166398318458
260,783,885,V22,15.378166398318458
260,783,885,V25,15.378166398318458
260,783,834,V27,7.689481736045675
260,783,834,V32,7.689481736045675
260,1296,1182,V391,14.636346421121209
260,1296,1182,V392,14.636346421121209
260,783,917,V33,5.8083597500151045
260,783,917,V37,5.8083597500151045
260,783,659,V41,5.809594285895007
260,783,1091,V54,10.241109598832232
260,359,708,V52,10.088438580081291
260,783,1106,V57,22.318447076891776
260,783,1102,V74,18.800951364959644
260,359,535,V63,5.855067293961566
262,783,834,V27,7.689481736045675
262,783,834,V30,7.689481736045675
262,783,834,V31,7.689481736045675
262,783,834,V32,7.689481736045675
262,783,834,V34,7.689481736045675
262,783,834,V36,7.689481736045675
262,783,834,V46,7.689481736045675
262,783,834,V54,7.689481736045675
262,783,834,V75,7.689481736045675
262,783,834,V98,7.689481736045675
262,783,834,V108,7.689481736045675
262,783,834,V121,7.689481736045675
262,783,834,V122,7.689481736045675
262,783,834,V123,7.689481736045675
262,783,834,V124,7.689481736045675
262,783,834,V125,7.689481736045675
262,783,834,V126,7.689481736045675
262,1182,965,V21,5.875748248781206
262,1182,965,V24,5.875748248781206
262,1182,965,V25,5.875748248781206
262,1102,1013,V51,3.616251246210677
262,1102,1013,V58,3.616251246210677
262,1182,1091,V26,5.24631154396119
262,1102,882,V61,7.314751476768936
262,1102,1106,V70,3.80171314717607
262,1102,672,V72,11.119492664455636
264,1182,1091,V28,5.24631154396119
264,1182,1091,V29,5.24631154396119
264,1182,1091,V39,5.24631154396119
264,1182,1091,V40,5.24631154396119
264,1182,1091,V45,5.24631154396119
264,882,708,V21,4.837510953567602
264,885,708,V22,6.511469320496247
264,885,708,V27,6.511469320496247
264,1102,1276,V58,4.836798739646007
264,1102,1276,V90,4.836798739646007
264,783,659,V41,5.809594285895007
264,783,659,V42,5.809594285895007
264,885,672,V30,5.876204136119103
264,885,1013,V31,3.46869779664105
264,885,931,V32,3.0617002345235647
264,1102,1106,V119,3.80171314717607
266,783,659,V23,5.809594285895007
266,783,659,V35,5.809594285895007
266,783,659,V42,5.809594285895007
266,1102,1276,V33,4.836798739646007
266,1102,1276,V57,4.836798739646007
266,1102,1276,V74,4.836798739646007
266,885,834,V24,7.688685710981335
266,885,834,V36,7.688685710981335
266,885,834,V46,7.688685710981335
266,1102,1106,V80,3.80171314717607
266,1102,1106,V93,3.80171314717607
266,885,1106,V54,7.965381677815221
266,885,882,V75,2.852794790784161
266,885,882,V108,2.852794790784161
266,783,917,V45,5.8083597500151045
266,783,917,V47,5.8083597500151045
266,1182,965,V39,5.875748248781206
266,1182,965,V40,5.875748248781206
266,885,1013,V110,3.46869779664105
266,535,708,V25,4.548441137468074
266,1182,1229,V43,3.960024365898536
266,885,1068,V119,11.364565785437158
266,885,849,V377,6.749102957431653
268,708,834,V22,4.389831624444016
268,708,834,V24,4.389831624444016
268,708,834,V26,4.389831624444016
268,708,834,V46,4.389831624444016
268,708,834,V123,4.389831624444016
268,708,834,V124,4.389831624444016
268,882,965,V34,3.616965677313317
268,882,965,V75,3.616965677313317
268,882,965,V90,3.616965677313317
268,882,965,V108,3.616965677313317
268,1102,1106,V54,3.80171314717607
268,1102,1276,V134,4.836798739646007
268,931,855,V41,9.765900232263595
268,1182,1091,V95,5.24631154396119
268,1102,1229,V135,3.8392690799482057
270,882,834,V28,4.883195120135012
270,882,834,V39,4.883195120135012
270,882,834,V75,4.883195120135012
270,882,834,V90,4.883195120135012
270,882,834,V117,4.883195120135012
270,882,834,V128,4.883195120135012
270,882,834,V139,4.883195120135012
270,659,834,V23,5.284552964469467
270,659,834,V24,5.284552964469467
270,931,1106,V32,5.283575443416337
270,885,1106,V27,7.965381677815221
270,885,1106,V51,7.965381677815221
270,885,1106,V54,7.965381677815221
270,535,708,V21,4.548441137468074
270,535,708,V25,4.548441137468074
270,535,708,V30,4.548441137468074
270,885,1102,V110,5.875878565174106
270,1182,1102,V94,6.120304815079837
270,1182,1102,V95,6.120304815079837
270,1182,1013,V97,5.283249325636405
270,1182,1013,V99,5.283249325636405
270,1182,965,V101,5.875748248781206
270,535,672,V38,8.311483007291683
272,1013,965,V94,4.881725510082577
272,1182,965,V63,5.875748248781206
272,1182,965,V95,5.875748248781206
272,1182,965,V103,5.875748248781206
272,659,834,V21,5.284552964469467
272,659,834,V42,5.284552964469467
272,659,834,V46,5.284552964469467
272,535,708,V111,4.548441137468074
272,659,708,V58,5.815596432206299
272,659,708,V89,5.815596432206299
272,931,882,V38,5.812636165404913
272,931,882,V48,5.812636165404913
272,931,882,V49,5.812636165404913
274,1102,1229,V25,3.8392690799482057
274,1102,1229,V27,3.8392690799482057
274,1102,1229,V97,3.8392690799482057
274,1102,1229,V110,3.8392690799482057
274,708,882,V38,4.837510953567602
274,931,882,V32,5.812636165404913
274,931,882,V35,5.812636165404913
274,931,882,V37,5.812636165404913
274,1091,965,V47,4.388654712140797
274,1182,965,V30,5.875748248781206
274,659,834,V46,5.284552964469467
274,659,834,V111,5.284552964469467
274,931,849,V41,4.4061387562478425
274,931,849,V51,4.4061387562478425
274,931,885,V54,3.0617002345235647
276,885,882,V38,2.852794790784161
276,885,882,V50,2.852794790784161
276,885,882,V54,2.852794790784161
276,931,882,V41,5.812636165404913
276,535,708,V58,4.548441137468074
276,535,708,V151,4.548441137468074
276,659,708,V63,5.815596432206299
276,855,849,V40,5.706192977162224
276,855,849,V44,5.706192977162224
276,1276,1229,V27,3.959637309104105
276,1276,1229,V95,3.959637309104105
276,783,917,V22,5.8083597500151045
276,783,917,V23,5.8083597500151045
276,1068,1370,V122,7.841426035905807
276,1068,1370,V131,7.841426035905807
276,1182,965,V25,5.875748248781206
276,1182,965,V29,5.875748248781206
276,1276,1106,V110,4.836798739645476
276,1182,1013,V83,5.283249325636405
278,834,708,V23,4.389831624444016
278,535,708,V21,4.548441137468074
278,535,708,V58,4.548441137468074
278,535,708,V63,4.548441137468074
278,535,708,V84,4.548441137468074
278,1276,1229,V55,3.959637309104105
278,855,849,V45,5.706192977162224
278,965,917,V38,4.882215518422521
278,1182,1091,V72,5.24631154396119
280,965,1091,V32,4.388654712140797
280,1182,1091,V107,5.24631154396119
282,965,1091,V32,4.388654712140797
282,834,917,V28,3.617203703030827
284,1182,1091,V47,5.24631154396119
286,672,849,V44,6.511836392511076
286,1102,1106,V83,3.80171314717607
300,783,659,V21,5.809594285895007
300,783,659,V22,5.809594285895007
300,783,659,V23,5.809594285895007
300,783,659,V24,5.809594285895007
300,783,659,V25,5.809594285895007
300,783,659,V29,5.809594285895007
300,1091,965,V84,4.388654712140797
300,1091,965,V97,4.388654712140797
300,1091,965,V130,4.388654712140797
300,1091,965,V137,4.388654712140797
300,1091,965,V139,4.388654712140797
300,1013,965,V27,4.881725510082577
300,783,917,V30,5.8083597500151045
300,783,917,V31,5.8083597500151045
300,783,834,V32,7.689481736045675
300,783,834,V37,7.689481736045675
300,931,885,V40,3.0617002345235647
300,931,885,V108,3.0617002345235647
300,855,849,V44,5.706192977162224
300,855,849,V107,5.706192977162224
300,1013,882,V74,3.839767699909249
300,1013,882,V90,3.839767699909249
300,1102,1106,V60,3.80171314717607
300,1102,1068,V83,8.626274418583195
302,359,535,V28,5.855067293961566
302,359,535,V105,5.855067293961566
302,359,535,V106,5.855067293961566
302,359,535,V133,5.855067293961566
302,672,535,V48,8.311483007291683
302,672,535,V56,8.311483007291683
302,672,535,V63,8.311483007291683
302,672,535,V113,8.311483007291683
302,882,834,V27,4.883195120135012
302,882,834,V33,4.883195120135012
302,882,834,V39,4.883195120135012
302,783,834,V21,7.689481736045675
302,783,834,V22,7.689481736045675
302,783,834,V23,7.689481736045675
302,783,834,V24,7.689481736045675
302,1013,965,V98,4.881725510082577
302,1013,965,V132,4.881725510082577
302,1013,965,V144,4.881725510082577
302,1182,965,V53,5.875748248781206
302,783,917,V25,5.8083597500151045
302,783,917,V29,5.8083597500151045
302,783,917,V30,5.8083597500151045
302,1276,849,V26,11.479314497557898
302,1276,849,V54,11.479314497557898
302,1276,849,V64,11.479314497557898
302,1276,1229,V107,3.959637309104105
302,1182,1229,V94,3.960024365898536
302,1182,1229,V114,3.960024365898536
302,1182,1106,V115,9.760018472127422
302,1182,1106,V121,9.760018472127422
302,1182,1068,V123,14.6407627195109
302,1182,1068,V129,14.6407627195109
302,783,659,V31,5.809594285895007
302,1398,855,V85,20.980478449683208
304,1091,834,V77,6.739095652327052
304,1091,834,V78,6.739095652327052
304,1091,834,V79,6.739095652327052
304,1091,834,V81,6.739095652327052
304,1102,1229,V94,3.8392690799482057
304,1182,1229,V68,3.960024365898536
304,1182,1229,V70,3.960024365898536
304,1182,931,V71,9.422487826577225
304,1398,931,V86,13.495077260547856
304,1398,931,V87,13.495077260547856
304,196,535,V412,10.089384951575544
304,196,535,V413,10.089384951575544
304,196,535,V414,10.089384951575544
304,783,659,V25,5.809594285895007
304,783,659,V27,5.809594285895007
304,1398,885,V102,13.644566108710274
304,1398,885,V135,13.644566108710274
304,783,1013,V28,15.308499342485224
304,783,1013,V30,15.308499342485224
304,783,965,V31,10.498093903671007
304,196,855,V415,21.34835696919556
304,1296,1276,V393,21.877690070284505
304,783,708,V32,10.697285568723771
304,783,1106,V33,22.318447076891776
306,1102,1068,V21,8.626274418583195
306,1102,1068,V114,8.626274418583195
306,1276,1068,V46,8.66943360865319
306,1276,1229,V66,3.959637309104105
306,1276,1229,V74,3.959637309104105
306,1182,1398,V41,5.640321895106829
306,1182,1398,V43,5.640321895106829
306,834,882,V26,4.883195120135012
306,1182,882,V45,7.841474878454721
306,1276,931,V84,8.946223146223524
306,1276,931,V95,8.946223146223524
306,1276,849,V97,11.479314497557898
306,1276,849,V103,11.479314497557898
306,1276,855,V104,14.029505033457104
306,1182,885,V47,8.662721360426067
306,1182,1013,V49,5.283249325636405
306,196,672,V416,12.560440507679765
308,1276,1229,V108,3.959637309104105
308,1182,1229,V50,3.960024365898536
308,1182,1229,V51,3.960024365898536
308,1182,1229,V52,3.960024365898536
308,965,885,V74,6.123119155303686
308,965,885,V134,6.123119155303686
308,849,885,V21,6.749102957431653
308,1182,885,V55,8.662721360426067
308,783,659,V22,5.809594285895007
308,783,659,V23,5.809594285895007
308,783,659,V24,5.809594285895007
308,1182,1102,V57,6.120304815079837
308,1182,1102,V58,6.120304815079837
308,1182,1102,V62,6.120304815079837
308,1182,1013,V71,5.283249325636405
308,1182,1013,V72,5.283249325636405
308,783,708,V25,10.697285568723771
308,783,708,V28,10.697285568723771
308,1182,882,V75,7.841474878454721
308,1182,882,V88,7.841474878454721
310,931,885,V45,3.0617002345235647
310,1182,885,V39,8.662721360426067
310,1182,885,V121,8.662721360426067
310,1182,885,V153,8.662721360426067
310,855,885,V95,12.412669367198909
310,783,708,V23,10.697285568723771
310,783,708,V24,10.697285568723771
310,783,708,V25,10.697285568723771
310,783,708,V26,10.697285568723771
310,783,834,V27,7.689481736045675
310,783,834,V28,7.689481736045675
310,783,834,V30,7.689481736045675
310,783,834,V32,7.689481736045675
310,783,882,V33,12.561839638690564
310,783,882,V40,12.561839638690564
310,1435,1013,V111,13.46916483615337
310,1370,1276,V31,7.918112864657469
310,196,535,V417,10.089384951575544
310,196,508,V418,13.049555197753463
310,783,965,V41,10.498093903671007
312,1102,1013,V63,3.616251246210677
312,917,1013,V37,9.763940751913996
312,917,1013,V93,9.763940751913996
312,659,1013,V23,13.022203254976295
312,659,1013,V25,13.022203254976295
312,659,1013,V46,13.022203254976295
312,659,1013,V48,13.022203254976295
312,196,535,V419,10.089384951575544
312,566,535,V59,11.474227573045091
312,566,535,V61,11.474227573045091
312,566,535,V65,11.474227573045091
312,783,965,V27,10.498093903671007
312,783,965,V28,10.498093903671007
312,783,965,V30,10.498093903671007
312,783,834,V32,7.689481736045675
312,1435,1276,V112,13.12435356350428
312,1435,1068,V116,21.475755781759403
312,1435,1229,V124,10.197737357480824
314,965,1091,V24,4.388654712140797
314,965,1091,V25,4.388654712140797
314,965,1091,V27,4.388654712140797
314,965,1091,V28,4.388654712140797
314,659,535,V67,5.810827883107414
314,965,535,V30,11.11949266445603
314,965,535,V46,11.11949266445603
314,783,834,V22,7.689481736045675
314,783,834,V23,7.689481736045675
314,1102,1106,V37,3.80171314717607
314,1102,1106,V63,3.80171314717607
314,1102,882,V70,7.314751476768936
314,783,882,V26,12.561839638690564
314,783,885,V29,15.378166398318458
314,783,885,V31,15.378166398318458
314,783,1013,V33,15.308499342485224
314,783,672,V34,17.445012141301472
316,659,708,V49,5.815596432206299
316,659,708,V78,5.815596432206299
316,965,708,V50,6.739138237495128
316,965,708,V63,6.739138237495128
316,783,708,V24,10.697285568723771
316,783,708,V27,10.697285568723771
316,783,708,V34,10.697285568723771
316,783,708,V36,10.697285568723771
316,1091,834,V28,6.739095652327052
316,783,834,V25,7.689481736045675
316,783,834,V39,7.689481736045675
316,1102,885,V41,5.875878565174106
316,1102,885,V114,5.875878565174106
316,1102,885,V124,5.875878565174106
316,783,882,V40,12.561839638690564
316,783,882,V45,12.561839638690564
316,783,1106,V47,22.318447076891776
316,783,672,V48,17.445012141301472
316,1296,1182,V394,14.636346421121209
316,783,917,V53,5.8083597500151045
318,885,882,V28,2.852794790784161
318,708,882,V23,4.837510953567602
318,708,882,V27,4.837510953567602
318,708,882,V30,4.837510953567602
318,708,882,V32,4.837510953567602
318,708,834,V45,4.389831624444016
318,708,834,V58,4.389831624444016
318,1091,834,V34,6.739095652327052
318,1091,834,V36,6.739095652327052
318,783,659,V22,5.809594285895007
318,783,659,V24,5.809594285895007
318,783,659,V33,5.809594285895007
318,1182,1229,V44,3.960024365898536
318,1398,1229,V21,5.282433425576492
318,1398,1229,V68,5.282433425576492
318,1091,917,V49,4.837115435970083
318,1091,917,V50,4.837115435970083
318,1068,1276,V86,8.66943360865319
318,931,1276,V29,8.946223146223524
318,931,1013,V40,4.405443882921528
318,1091,1013,V52,7.92275625179966
318,1091,1102,V63,10.454710779351652
318,359,508,V62,19.329739943907907
318,566,535,V73,11.474227573045091
318,1091,672,V78,15.266297177818483
320,885,882,V46,2.852794790784161
320,885,882,V52,2.852794790784161
320,708,882,V36,4.837510953567602
320,834,882,V63,4.883195120135012
320,834,917,V71,3.617203703030827
320,783,917,V22,5.8083597500151045
320,783,659,V24,5.809594285895007
320,783,659,V25,5.809594285895007
320,1229,931,V37,8.28950012214804
320,1229,931,V39,8.28950012214804
320,783,1091,V26,10.241109598832232
320,783,1091,V27,10.241109598832232
320,1068,1106,V21,4.880745078525951
322,1102,885,V44,5.875878565174106
322,1102,885,V47,5.875878565174106
322,1102,885,V57,5.875878565174106
322,708,885,V36,6.511469320496247
322,708,885,V45,6.511469320496247
322,708,885,V64,6.511469320496247
322,708,882,V74,4.837510953567602
322,708,882,V89,4.837510953567602
322,834,882,V23,4.883195120135012
322,1229,1182,V52,3.960024365898536
322,834,1182,V28,9.674230674179531
322,834,1182,V41,9.674230674179531
322,834,672,V46,10.50082625207165
322,834,672,V48,10.50082625207165
322,834,965,V50,3.83986736177262
322,834,965,V88,3.83986736177262
322,1068,1370,V75,7.841426035905807
322,1068,1276,V103,8.66943360865319
322,783,931,V29,18.3740064075405
322,783,1013,V30,15.308499342485224
322,783,917,V32,5.8083597500151045
324,1229,1276,V55,3.959637309104105
324,1229,1276,V112,3.959637309104105
324,1106,1276,V21,4.836798739645476
324,1068,1370,V43,7.841426035905807
326,1229,1276,V28,3.959637309104105
326,1229,1276,V29,3.959637309104105
326,1229,1276,V70,3.959637309104105
326,1102,1276,V23,4.836798739646007
326,1102,1398,V52,9.118728510486134
326,1102,1398,V81,9.118728510486134
326,1102,1398,V394,9.118728510486134
326,1013,1398,V30,10.186376382121452
326,965,885,V31,6.123119155303686
326,965,885,V47,6.123119155303686
326,965,882,V57,3.616965677313317
326,1068,931,V43,8.304853837171269
328,931,849,V43,4.4061387562478425
330,672,849,V30,6.511836392511076
330,672,849,V36,6.511836392511076
330,885,882,V31,2.852794790784161
330,885,882,V89,2.852794790784161
330,1102,1013,V29,3.616251246210677
330,1102,1013,V73,3.616251246210677
330,1068,1370,V42,7.841426035905807
330,1106,931,V38,5.283575443416337
332,885,1013,V49,3.46869779664105
332,1229,1182,V22,3.960024365898536
334,834,708,V24,4.389831624444016
334,1102,1013,V108,3.616251246210677
334,965,882,V29,3.616965677313317
336,965,882,V29,3.616965677313317
336,1229,1182,V31,3.960024365898536
338,885,882,V29,2.852794790784161
340,965,882,V24,3.616965677313317
340,965,882,V25,3.616965677313317
340,1013,882,V93,3.839767699909249
340,931,882,V41,5.812636165404913
340,917,834,V32,3.617203703030827
340,917,834,V56,3.617203703030827
340,917,834,V61,3.617203703030827
340,931,885,V42,3.0617002345235647
342,1229,1276,V25,3.959637309104105
342,1229,1276,V35,3.959637309104105
342,965,882,V41,3.616965677313317
342,535,708,V26,4.548441137468074
344,885,882,V29,2.852794790784161
346,1229,1276,V25,3.959637309104105
346,1229,1276,V67,3.959637309104105
346,965,882,V41,3.616965677313317
346,535,708,V27,4.548441137468074
348,783,659,V25,5.809594285895007
348,783,659,V26,5.809594285895007
348,783,659,V27,5.809594285895007
348,783,659,V29,5.809594285895007
348,1106,1276,V24,4.836798739645476
348,1106,1276,V55,4.836798739645476
348,1106,1276,V73,4.836798739645476
348,931,882,V38,5.812636165404913
348,931,882,V64,5.812636165404913
348,1102,882,V40,7.314751476768936
348,535,708,V99,4.548441137468074
348,535,708,V109,4.548441137468074
348,535,708,V123,4.548441137468074
348,783,834,V31,7.689481736045675
348,783,834,V33,7.689481736045675
348,783,834,V34,7.689481736045675
348,1102,965,V42,8.304116264398273
348,1102,885,V59,5.875878565174106
348,1435,1091,V60,8.895594131564904
348,1102,1013,V78,3.616251246210677
350,1102,882,V73,7.314751476768936
350,1102,882,V110,7.314751476768936
350,1102,882,V122,7.314751476768936
350,672,882,V50,7.316385892068044
350,672,882,V52,7.316385892068044
350,672,882,V66,7.316385892068044
350,672,882,V97,7.316385892068044
350,1106,1276,V36,4.836798739645476
350,1106,1276,V48,4.836798739645476
350,1106,1276,V107,4.836798739645476
350,1398,1276,V23,7.438993890374081
350,1398,1276,V70,7.438993890374081
350,1398,1182,V112,5.640321895106829
350,1398,1182,V116,5.640321895106829
350,1435,1182,V62,8.189653224238826
350,672,1182,V101,14.511820279616508
350,672,708,V102,6.751878981086827
350,672,708,V106,6.751878981086827
350,359,708,V56,10.088438580081291
350,783,659,V21,5.809594285895007
350,783,659,V22,5.809594285895007
350,783,659,V24,5.809594285895007
350,783,1091,V25,10.241109598832232
350,783,1091,V26,10.241109598832232
350,783,1091,V27,10.241109598832232
350,783,834,V28,7.689481736045675
350,783,834,V30,7.689481736045675
350,855,508,V47,9.342303526295408
350,359,508,V65,19.329739943907907
350,1296,1229,V397,18.186956046651705
350,1296,1229,V398,18.186956046651705
350,783,965,V31,10.498093903671007
350,783,917,V32,5.8083597500151045
350,783,931,V33,18.3740064075405
350,783,885,V34,15.378166398318458
350,359,535,V69,5.855067293961566
350,783,1013,V35,15.308499342485224
352,882,931,V44,5.812636165404913
352,882,931,V55,5.812636165404913
352,882,931,V71,5.812636165404913
352,882,931,V73,5.812636165404913
352,882,931,V74,5.812636165404913
352,783,931,V21,18.3740064075405
352,783,931,V22,18.3740064075405
352,783,931,V23,18.3740064075405
352,783,965,V24,10.498093903671007
352,783,965,V25,10.498093903671007
352,783,965,V26,10.498093903671007
352,783,965,V27,10.498093903671007
352,783,965,V28,10.498093903671007
352,1296,1229,V399,18.186956046651705
352,783,1229,V32,18.841160835534616
352,783,1229,V37,18.841160835534616
352,783,1229,V38,18.841160835534616
352,783,1091,V29,10.241109598832232
352,783,1091,V39,10.241109598832232
352,783,834,V40,7.689481736045675
352,359,708,V86,10.088438580081291
352,783,659,V41,5.809594285895007
352,783,1013,V43,15.308499342485224
352,783,1398,V45,19.874616662347663
352,359,535,V98,5.855067293961566
354,1102,931,V33,4.548251915941359
354,855,931,V46,9.765900232263595
354,834,931,V55,10.694040075602611
354,783,931,V24,18.3740064075405
354,359,708,V113,10.088438580081291
354,783,708,V26,10.697285568723771
354,783,708,V27,10.697285568723771
354,783,1091,V30,10.241109598832232
354,783,1091,V32,10.241109598832232
354,783,1091,V38,10.241109598832232
354,783,1398,V41,19.874616662347663
354,783,1398,V42,19.874616662347663
354,783,1398,V44,19.874616662347663
354,783,659,V47,5.809594285895007
354,783,659,V48,5.809594285895007
354,783,1182,V50,15.175538880502293
354,783,1182,V51,15.175538880502293
354,783,849,V52,21.903135562742808
354,783,849,V56,21.903135562742808
354,783,1068,V57,26.525178301273773
354,783,1068,V58,26.525178301273773
354,566,535,V92,11.474227573045091
354,566,535,V94,11.474227573045091
354,783,965,V59,10.498093903671007
354,783,965,V61,10.498093903671007
354,783,1013,V62,15.308499342485224
354,783,882,V63,12.561839638690564
354,783,885,V64,15.378166398318458
354,783,1106,V65,22.318447076891776
356,834,965,V25,3.83986736177262
356,834,965,V29,3.83986736177262
356,834,965,V43,3.83986736177262
356,834,965,V45,3.83986736177262
356,834,965,V61,3.83986736177262
356,834,965,V63,3.83986736177262
356,1229,1276,V39,3.959637309104105
356,1229,1276,V65,3.959637309104105
356,1229,1276,V67,3.959637309104105
356,1182,1276,V40,7.919661523440269
356,1182,1276,V51,7.919661523440269
356,1068,1276,V56,8.66943360865319
356,834,1013,V68,8.005172893624191
356,834,1013,V92,8.005172893624191
356,834,1013,V94,8.005172893624191
356,834,659,V114,5.284552964469467
356,834,659,V397,5.284552964469467
356,783,931,V21,18.3740064075405
356,783,931,V22,18.3740064075405
356,783,708,V23,10.697285568723771
356,783,849,V28,21.903135562742808
356,783,672,V26,17.445012141301472
356,783,1435,V30,17.957022310236383
356,783,1398,V31,19.874616662347663
356,566,535,V105,11.474227573045091
358,1229,1276,V34,3.959637309104105
358,1229,1276,V40,3.959637309104105
358,1229,1276,V51,3.959637309104105
358,882,965,V22,3.616965677313317
358,882,965,V29,3.616965677313317
358,1106,931,V39,5.283575443416337
358,882,931,V45,5.812636165404913
358,834,1182,V35,9.674230674179531
358,834,1182,V114,9.674230674179531
358,834,1102,V397,11.614659746948035
358,708,1102,V32,12.01896382682808
358,783,1091,V23,10.241109598832232
358,708,672,V52,6.751878981086827
360,783,1091,V21,10.241109598832232
360,783,1091,V30,10.241109598832232
360,708,965,V59,6.739138237495128
360,708,965,V92,6.739138237495128
360,849,1068,V28,6.736061142863373
360,1102,1068,V44,8.626274418583195
360,1102,1106,V51,3.80171314717607
360,1276,1370,V35,7.918112864657469
360,708,882,V94,4.837510953567602
360,1276,931,V56,8.946223146223524
360,659,359,V24,7.84162119104212
360,659,535,V84,5.810827883107414
360,783,1013,V33,15.308499342485224
360,783,1182,V36,15.175538880502293
360,783,885,V37,15.378166398318458
362,708,535,V49,4.548441137468074
362,708,535,V74,4.548441137468074
362,708,535,V77,4.548441137468074
362,708,535,V94,4.548441137468074
362,659,535,V39,5.810827883107414
362,931,882,V51,5.812636165404913
362,931,882,V55,5.812636165404913
362,931,882,V56,5.812636165404913
362,1229,882,V34,9.341474227178574
362,849,885,V28,6.749102957431653
362,849,885,V45,6.749102957431653
362,1106,885,V33,7.965381677815221
362,1229,1102,V73,3.8392690799482057
362,1398,1102,V68,9.118728510486134
362,659,1102,V48,16.62723071775665
362,659,834,V60,5.284552964469467
362,659,834,V75,5.284552964469467
362,659,834,V117,5.284552964469467
362,783,1276,V36,22.606377139254327
362,783,1091,V27,10.241109598832232
362,783,965,V35,10.498093903671007
362,783,1068,V37,26.525178301273773
364,783,834,V21,7.689481736045675
364,783,834,V38,7.689481736045675
364,783,834,V40,7.689481736045675
364,783,834,V41,7.689481736045675
364,1013,1091,V22,7.92275625179966
364,1229,1091,V73,9.180034524729397
364,1229,1091,V82,9.180034524729397
364,1106,1276,V36,4.836798739645476
364,1102,1276,V25,4.836798739646007
364,1102,965,V66,8.304116264398273
364,1102,965,V89,8.304116264398273
364,931,885,V32,3.0617002345235647
364,931,885,V45,3.0617002345235647
364,359,535,V80,5.855067293961566
364,359,535,V84,5.855067293961566
364,783,1435,V42,17.957022310236383
364,783,659,V28,5.809594285895007
366,885,882,V30,2.852794790784161
366,885,882,V32,2.852794790784161
366,834,882,V21,4.883195120135012
366,834,708,V29,4.389831624444016
366,834,708,V50,4.389831624444016
368,885,965,V33,6.123119155303686
368,885,965,V50,6.123119155303686
368,885,965,V57,6.123119155303686
368,885,965,V64,6.123119155303686
368,885,965,V80,6.123119155303686
368,1106,931,V36,5.283575443416337
368,1106,931,V52,5.283575443416337
368,1229,931,V26,8.28950012214804
368,783,708,V22,10.697285568723771
368,783,708,V24,10.697285568723771
368,1229,1013,V69,5.640389822593795
368,1229,1013,V72,5.640389822593795
368,1068,672,V37,13.168317290084476
368,783,917,V27,5.8083597500151045
368,1398,855,V53,20.980478449683208
368,783,834,V34,7.689481736045675
370,882,885,V36,2.852794790784161
370,882,885,V58,2.852794790784161
370,1102,885,V25,5.875878565174106
370,1102,885,V26,5.875878565174106
370,1106,1276,V34,4.836798739645476
370,1102,1276,V47,4.836798739646007
370,1102,1276,V55,4.836798739646007
370,849,1182,V54,13.728760504847472
370,783,1182,V35,15.175538880502293
370,783,1182,V38,15.175538880502293
370,535,931,V28,13.170081658182124
370,1370,931,V50,14.0283994658549
370,1370,931,V57,14.0283994658549
370,783,708,V40,10.697285568723771
370,783,708,V42,10.697285568723771
370,783,917,V23,5.8083597500151045
370,783,917,V43,5.8083597500151045
370,783,834,V45,7.689481736045675
370,783,965,V48,10.498093903671007
372,659,834,V21,5.284552964469467
372,659,834,V32,5.284552964469467
372,659,834,V49,5.284552964469467
372,1091,1182,V36,5.24631154396119
372,885,1182,V24,8.662721360426067
372,535,708,V30,4.548441137468074
372,535,708,V46,4.548441137468074
372,885,1102,V29,5.875878565174106
372,885,1102,V57,5.875878565174106
372,885,1013,V91,3.46869779664105
372,1068,1013,V44,11.461019980924313
372,659,965,V104,9.121352246650094
374,1229,1182,V39,3.960024365898536
374,1398,1182,V35,5.640321895106829
374,535,708,V60,4.548441137468074
374,659,359,V73,7.84162119104212
374,1068,849,V87,6.736061142863373
374,783,1296,V22,13.644692409583532
374,1102,931,V29,4.548251915941359
376,659,834,V30,5.284552964469467
376,659,834,V74,5.284552964469467
376,659,834,V82,5.284552964469467
376,659,834,V92,5.284552964469467
376,659,834,V94,5.284552964469467
376,783,834,V27,7.689481736045675
376,1013,965,V24,4.881725510082577
376,1013,965,V55,4.881725510082577
376,1102,965,V36,8.304116264398273
376,931,965,V28,8.628970001760946
376,1229,1182,V21,3.960024365898536
376,1229,1091,V32,9.180034524729397
376,1276,672,V54,15.682986279658085
378,965,834,V24,3.83986736177262
378,965,834,V28,3.83986736177262
378,965,834,V36,3.83986736177262
378,882,834,V41,4.883195120135012
378,882,834,V74,4.883195120135012
378,882,834,V90,4.883195120135012
378,659,834,V46,5.284552964469467
378,1091,834,V32,6.739095652327052
378,1229,1182,V35,3.960024365898536
378,1229,1182,V57,3.960024365898536
378,1068,1106,V45,4.880745078525951
378,931,849,V54,4.4061387562478425
380,1229,1102,V26,3.8392690799482057
380,931,1102,V63,4.548251915941359
380,931,1102,V71,4.548251915941359
380,849,1102,V47,8.191991396325179
380,849,1106,V54,6.739095652327052
380,849,1106,V60,6.739095652327052
380,535,708,V22,4.548441137468074
380,535,708,V27,4.548441137468074
380,917,834,V23,3.617203703030827
380,659,834,V28,5.284552964469467
380,1091,1013,V89,7.92275625179966
382,965,834,V21,3.83986736177262
382,708,834,V22,4.389831624444016
382,708,834,V36,4.389831624444016
382,1102,1106,V54,3.80171314717607
382,1229,1276,V43,3.959637309104105
384,1229,1276,V32,3.959637309104105
384,1229,1276,V45,3.959637309104105
384,882,885,V23,2.852794790784161
384,882,885,V41,2.852794790784161
386,882,965,V28,3.616965677313317
386,1091,965,V43,4.388654712140797
394,1102,1229,V45,3.8392690799482057
396,1091,965,V99,4.388654712140797
396,1091,965,V104,4.388654712140797
396,1091,965,V105,4.388654712140797
396,1013,965,V37,4.881725510082577
396,917,965,V28,4.882215518422521
396,1102,965,V102,8.304116264398273
396,931,965,V69,8.628970001760946
396,783,965,V23,10.498093903671007
396,783,834,V25,7.689481736045675
396,783,834,V27,7.689481736045675
396,783,834,V31,7.689481736045675
396,1106,1276,V65,4.836798739645476
396,1398,1276,V59,7.438993890374081
396,1398,1229,V62,5.282433425576492
396,1398,1229,V63,5.282433425576492
396,535,708,V84,4.548441137468074
396,783,659,V32,5.809594285895007
398,783,834,V21,7.689481736045675
398,783,834,V22,7.689481736045675
398,783,834,V23,7.689481736045675
398,783,834,V24,7.689481736045675
398,783,834,V25,7.689481736045675
398,783,834,V26,7.689481736045675
398,1398,1229,V89,5.282433425576492
398,1370,1229,V64,11.877749718768223
398,849,1229,V48,12.017793437809017
398,849,1229,V71,12.017793437809017
398,672,1229,V56,14.57987655243148
398,672,1229,V74,14.57987655243148
398,783,965,V27,10.498093903671007
398,783,965,V28,10.498093903671007
398,783,965,V30,10.498093903671007
398,783,965,V31,10.498093903671007
398,672,1276,V87,15.682986279658085
398,672,1276,V90,15.682986279658085
398,672,1276,V96,15.682986279658085
398,359,508,V44,19.329739943907907
398,783,508,V32,25.93420023872912
398,783,508,V33,25.93420023872912
398,783,931,V34,18.3740064075405
398,783,931,V35,18.3740064075405
398,783,931,V36,18.3740064075405
398,783,1068,V37,26.525178301273773
398,783,1068,V38,26.525178301273773
398,783,1102,V39,18.800951364959644
398,783,1102,V40,18.800951364959644
398,783,1013,V42,15.308499342485224
398,783,1013,V43,15.308499342485224
398,783,708,V45,10.697285568723771
398,783,659,V46,5.809594285895007
398,783,882,V47,12.561839638690564
398,783,1182,V49,15.175538880502293
398,783,885,V50,15.378166398318458
398,783,1091,V51,10.241109598832232
400,849,931,V32,4.4061387562478425
400,1276,931,V29,8.946223146223524
400,1276,931,V39,8.946223146223524
400,1276,931,V48,8.946223146223524
400,1276,931,V64,8.946223146223524
400,1276,931,V89,8.946223146223524
400,783,931,V21,18.3740064075405
400,783,931,V22,18.3740064075405
400,783,1091,V24,10.241109598832232
400,783,1091,V25,10.241109598832232
400,783,1091,V26,10.241109598832232
400,783,1091,V30,10.241109598832232
400,783,1182,V31,15.175538880502293
400,783,1182,V33,15.175538880502293
400,783,1182,V36,15.175538880502293
400,783,885,V37,15.378166398318458
400,783,885,V38,15.378166398318458
400,783,885,V41,15.378166398318458
400,783,834,V43,7.689481736045675
400,783,834,V44,7.689481736045675
400,783,834,V45,7.689481736045675
400,566,535,V83,11.474227573045091
400,566,535,V101,11.474227573045091
400,566,535,V106,11.474227573045091
400,783,659,V46,5.809594285895007
400,783,659,V49,5.809594285895007
400,783,1229,V50,18.841160835534616
400,783,1229,V51,18.841160835534616
400,783,1106,V52,22.318447076891776
400,783,1013,V54,15.308499342485224
402,885,849,V37,6.749102957431653
402,708,849,V22,11.8916662824573
402,708,849,V23,11.8916662824573
402,708,849,V41,11.8916662824573
402,783,849,V24,21.903135562742808
402,783,965,V25,10.498093903671007
402,783,965,V26,10.498093903671007
402,783,965,V28,10.498093903671007
402,783,965,V34,10.498093903671007
402,783,931,V35,18.3740064075405
402,783,931,V42,18.3740064075405
402,783,931,V44,18.3740064075405
402,783,931,V45,18.3740064075405
402,783,1276,V46,22.606377139254327
402,783,1276,V49,22.606377139254327
402,783,1276,V50,22.606377139254327
402,783,672,V54,17.445012141301472
402,783,672,V56,17.445012141301472
402,783,672,V59,17.445012141301472
402,783,1068,V62,26.525178301273773
402,783,1068,V63,26.525178301273773
402,783,1068,V65,26.525178301273773
402,783,882,V66,12.561839638690564
402,783,882,V67,12.561839638690564
402,783,882,V68,12.561839638690564
402,783,508,V69,25.93420023872912
402,783,508,V70,25.93420023872912
402,566,535,V127,11.474227573045091
402,566,535,V140,11.474227573045091
402,783,1013,V71,15.308499342485224
402,783,834,V72,7.689481736045675
402,783,659,V73,5.809594285895007
402,783,1102,V74,18.800951364959644
402,783,1106,V75,22.318447076891776
402,783,1229,V76,18.841160835534616
404,882,965,V26,3.616965677313317
404,882,965,V34,3.616965677313317
404,882,965,V44,3.616965677313317
404,1182,965,V33,5.875748248781206
404,1370,1276,V62,7.918112864657469
404,1182,1276,V38,7.919661523440269
404,708,834,V24,4.389831624444016
404,708,834,V25,4.389831624444016
404,708,535,V37,4.548441137468074
404,885,535,V32,10.569431103772471
404,1182,931,V40,9.422487826577225
404,1182,931,V72,9.422487826577225
404,855,1013,V21,14.035043934320278
404,855,1229,V35,15.901554341364076
406,783,834,V23,7.689481736045675
406,783,834,V26,7.689481736045675
406,783,834,V27,7.689481736045675
406,783,834,V28,7.689481736045675
406,783,834,V29,7.689481736045675
406,783,834,V30,7.689481736045675
406,1013,931,V22,4.405443882921528
406,855,931,V42,9.765900232263595
406,1370,931,V80,14.0283994658549
406,783,931,V31,18.3740064075405
406,783,885,V33,15.378166398318458
406,783,885,V34,15.378166398318458
406,783,885,V40,15.378166398318458
406,783,885,V43,15.378166398318458
406,783,882,V46,12.561839638690564
406,783,882,V47,12.561839638690564
406,783,882,V48,12.561839638690564
406,783,1091,V49,10.241109598832232
406,783,1091,V51,10.241109598832232
406,783,1091,V54,10.241109598832232
406,783,1106,V56,22.318447076891776
406,783,1106,V57,22.318447076891776
406,783,1106,V58,22.318447076891776
406,783,659,V59,5.809594285895007
406,783,1398,V61,19.874616662347663
406,566,535,V356,11.474227573045091
408,965,834,V43,3.83986736177262
408,882,834,V29,4.883195120135012
408,882,834,V30,4.883195120135012
408,882,834,V34,4.883195120135012
408,882,834,V40,4.883195120135012
408,783,834,V36,7.689481736045675
408,783,834,V47,7.689481736045675
408,783,834,V52,7.689481736045675
408,783,834,V53,7.689481736045675
408,1013,708,V24,8.663428210145081
408,783,708,V55,10.697285568723771
408,783,708,V57,10.697285568723771
408,783,708,V62,10.697285568723771
408,849,885,V31,6.749102957431653
408,849,885,V41,6.749102957431653
408,849,885,V42,6.749102957431653
408,783,659,V49,5.809594285895007
408,783,659,V63,5.809594285895007
408,1182,1229,V23,3.960024365898536
408,1106,1229,V35,6.605818539698737
408,855,672,V70,11.369656353246375
408,783,1276,V64,22.606377139254327
408,783,1398,V65,19.874616662347663
410,965,882,V33,3.616965677313317
410,965,882,V48,3.616965677313317
410,708,882,V22,4.837510953567602
410,708,882,V24,4.837510953567602
410,708,882,V28,4.837510953567602
410,931,1276,V41,8.946223146223524
410,931,1276,V44,8.946223146223524
410,1091,1276,V21,13.129287540581574
410,855,1276,V50,14.029505033457104
410,708,1013,V77,8.663428210145081
410,708,1013,V86,8.663428210145081
410,855,1013,V58,14.035043934320278
410,783,1013,V29,15.308499342485224
410,783,659,V30,5.809594285895007
410,783,659,V32,5.809594285895007
410,783,1102,V36,18.800951364959644
410,783,1102,V39,18.800951364959644
410,783,1398,V51,19.874616662347663
410,783,1229,V52,18.841160835534616
410,783,1106,V53,22.318447076891776
412,1182,1435,V85,8.189653224238826
412,1013,1435,V23,13.46916483615337
412,1013,1435,V57,13.46916483615337
412,1102,1435,V31,13.72369573679552
412,1102,1435,V35,13.72369573679552
412,882,1435,V21,15.539169801979478
412,882,1435,V59,15.539169801979478
412,931,1435,V29,17.55186674578995
412,783,834,V26,7.689481736045675
412,783,834,V27,7.689481736045675
412,783,834,V34,7.689481736045675
412,783,834,V39,7.689481736045675
412,783,834,V40,7.689481736045675
412,783,834,V42,7.689481736045675
412,783,659,V32,5.809594285895007
412,783,659,V45,5.809594285895007
412,783,659,V47,5.809594285895007
412,931,1276,V38,8.946223146223524
412,535,1276,V37,21.16000916395143
412,783,708,V55,10.697285568723771
412,783,708,V56,10.697285568723771
412,783,885,V60,15.378166398318458
412,783,1229,V61,18.841160835534616
414,834,708,V26,4.389831624444016
414,834,708,V39,4.389831624444016
414,834,708,V45,4.389831624444016
414,1276,1068,V36,8.66943360865319
414,1276,1068,V38,8.66943360865319
414,1276,1068,V41,8.66943360865319
414,1091,1435,V59,8.895594131564904
414,1091,1435,V85,8.895594131564904
414,965,1435,V58,12.559207082683258
414,1276,1229,V52,3.959637309104105
414,885,855,V46,12.412669367198909
414,885,931,V53,3.0617002345235647
414,885,1398,V60,13.644566108710274
414,783,1013,V27,15.308499342485224
414,783,882,V42,12.561839638690564
414,566,359,V102,9.428696666120482
414,783,1102,V54,18.800951364959644
416,1091,834,V21,6.739095652327052
416,1091,834,V35,6.739095652327052
416,1091,834,V58,6.739095652327052
416,783,834,V30,7.689481736045675
416,783,834,V34,7.689481736045675
416,783,834,V37,7.689481736045675
416,783,834,V44,7.689481736045675
416,783,834,V47,7.689481736045675
416,672,882,V48,7.316385892068044
416,672,882,V84,7.316385892068044
416,1276,882,V100,12.01740314095659
416,783,882,V50,12.561839638690564
416,783,882,V55,12.561839638690564
416,783,882,V62,12.561839638690564
416,783,882,V63,12.561839638690564
416,566,535,V107,11.474227573045091
416,566,535,V357,11.474227573045091
416,566,535,V358,11.474227573045091
416,566,535,V359,11.474227573045091
416,1435,931,V23,17.55186674578995
416,1435,931,V31,17.55186674578995
416,783,1182,V64,15.175538880502293
416,783,1182,V65,15.175538880502293
416,783,708,V67,10.697285568723771
416,783,708,V69,10.697285568723771
416,783,659,V71,5.809594285895007
416,783,965,V73,10.498093903671007
416,783,885,V75,15.378166398318458
416,783,1102,V76,18.800951364959644
416,783,1068,V77,26.525178301273773
416,783,1229,V78,18.841160835534616
418,917,834,V64,3.617203703030827
418,965,834,V67,3.83986736177262
418,965,834,V99,3.83986736177262
418,708,834,V107,4.389831624444016
418,708,834,V109,4.389831624444016
418,882,834,V32,4.883195120135012
418,882,834,V50,4.883195120135012
418,882,834,V95,4.883195120135012
418,659,834,V69,5.284552964469467
418,659,834,V105,5.284552964469467
418,1091,834,V51,6.739095652327052
418,1091,1182,V66,5.24631154396119
418,1091,1182,V76,5.24631154396119
418,1102,1013,V24,3.616251246210677
418,1102,1013,V28,3.616251246210677
418,1102,885,V54,5.875878565174106
418,1102,1229,V53,3.8392690799482057
418,1106,931,V22,5.283575443416337
418,1276,1068,V36,8.66943360865319
420,1229,1182,V53,3.960024365898536
420,965,1182,V24,5.875748248781206
420,965,1182,V80,5.875748248781206
420,965,1182,V82,5.875748248781206
420,965,834,V105,3.83986736177262
420,965,834,V107,3.83986736177262
420,882,834,V21,4.883195120135012
420,882,1013,V22,3.839767699909249
420,882,1013,V43,3.839767699909249
422,708,834,V95,4.389831624444016
422,882,834,V21,4.883195120135012
422,882,834,V41,4.883195120135012
422,882,834,V54,4.883195120135012
422,659,834,V45,5.284552964469467
422,659,834,V73,5.284552964469467
422,659,834,V84,5.284552964469467
422,1091,834,V58,6.739095652327052
422,1091,834,V68,6.739095652327052
422,783,834,V27,7.689481736045675
422,783,834,V29,7.689481736045675
422,783,834,V30,7.689481736045675
422,783,834,V32,7.689481736045675
422,783,834,V34,7.689481736045675
422,783,834,V35,7.689481736045675
422,783,834,V37,7.689481736045675
422,1106,931,V64,5.283575443416337
422,672,931,V23,6.73915242731767
422,1276,931,V25,8.946223146223524
422,1276,931,V69,8.946223146223524
422,1276,931,V96,8.946223146223524
424,882,965,V28,3.616965677313317
424,882,965,V43,3.616965677313317
424,882,965,V69,3.616965677313317
424,917,965,V51,4.882215518422521
424,708,834,V68,4.389831624444016
424,708,834,V79,4.389831624444016
424,708,834,V86,4.389831624444016
424,708,834,V117,4.389831624444016
424,885,931,V25,3.0617002345235647
424,885,1013,V57,3.46869779664105
426,885,1013,V62,3.46869779664105
426,1068,1370,V26,7.841426035905807
426,965,834,V53,3.83986736177262
428,917,834,V83,3.617203703030827
428,708,834,V38,4.389831624444016
428,659,834,V97,5.284552964469467
428,1091,834,V57,6.739095652327052
428,1091,834,V80,6.739095652327052
428,1091,834,V96,6.739095652327052
428,885,834,V51,7.688685710981335
428,885,965,V92,6.123119155303686
428,885,965,V94,6.123119155303686
428,885,965,V116,6.123119155303686
428,849,931,V23,4.4061387562478425
428,1102,931,V48,4.548251915941359
430,917,834,V83,3.617203703030827
430,965,834,V38,3.83986736177262
430,965,834,V43,3.83986736177262
430,965,834,V51,3.83986736177262
430,965,834,V57,3.83986736177262
430,965,834,V62,3.83986736177262
430,708,834,V66,4.389831624444016
434,965,882,V35,3.616965677313317
434,965,882,V38,3.616965677313317
434,965,834,V57,3.83986736177262
434,965,834,V96,3.83986736177262
436,1013,882,V32,3.839767699909249
436,1013,882,V38,3.839767699909249
436,931,885,V48,3.0617002345235647
438,965,882,V32,3.616965677313317
438,1013,882,V40,3.839767699909249
438,1013,882,V65,3.839767699909249
438,1013,882,V69,3.839767699909249
440,965,882,V40,3.616965677313317
442,708,882,V73,4.837510953567602
442,708,882,V96,4.837510953567602
442,708,882,V118,4.837510953567602
444,535,708,V43,4.548441137468074
444,535,708,V80,4.548441137468074
444,535,708,V82,4.548441137468074
444,1229,1276,V51,3.959637309104105
444,1229,1276,V85,3.959637309104105
444,783,659,V21,5.809594285895007
444,783,659,V23,5.809594285895007
444,1091,965,V115,4.388654712140797
444,1102,965,V66,8.304116264398273
444,1229,1398,V87,5.282433425576492
444,1229,1182,V95,3.960024365898536
444,931,885,V32,3.0617002345235647
446,1106,1276,V51,4.836798739645476
446,1106,1276,V73,4.836798739645476
446,1106,1276,V75,4.836798739645476
446,1106,1276,V99,4.836798739645476
446,1106,1276,V107,4.836798739645476
446,1106,1276,V108,4.836798739645476
446,1106,1276,V120,4.836798739645476
446,1106,1276,V122,4.836798739645476
446,882,965,V32,3.616965677313317
446,783,965,V21,10.498093903671007
446,783,965,V22,10.498093903671007
446,783,965,V23,10.498093903671007
446,783,965,V27,10.498093903671007
446,1435,1182,V30,8.189653224238826
446,1435,1182,V34,8.189653224238826
446,1435,1182,V37,8.189653224238826
446,1435,1182,V41,8.189653224238826
446,783,834,V29,7.689481736045675
446,783,834,V31,7.689481736045675
446,783,834,V33,7.689481736045675
446,783,834,V39,7.689481736045675
446,849,931,V35,4.4061387562478425
446,849,931,V83,4.4061387562478425
446,1435,1398,V45,5.805514364498899
446,672,885,V26,5.876204136119103
446,783,659,V43,5.809594285895007
446,535,708,V114,4.548441137468074
446,1435,1091,V58,8.895594131564904
448,1182,965,V73,5.875748248781206
448,1182,965,V108,5.875748248781206
448,1182,965,V120,5.875748248781206
448,1182,965,V122,5.875748248781206
448,672,931,V36,6.73915242731767
448,672,931,V38,6.73915242731767
448,672,931,V64,6.73915242731767
448,855,931,V25,9.765900232263595
448,783,659,V21,5.809594285895007
448,783,659,V22,5.809594285895007
448,783,834,V24,7.689481736045675
448,783,834,V27,7.689481736045675
448,535,708,V61,4.548441137468074
448,535,882,V143,9.342211452816104
448,1435,1276,V68,13.12435356350428
448,535,1013,V144,13.123524045686974
450,917,882,V46,7.68788945836583
450,1182,882,V129,7.841474878454721
450,783,882,V21,12.561839638690564
450,783,882,V22,12.561839638690564
450,1435,1276,V86,13.12435356350428
450,508,1276,V84,20.81243366468926
450,508,1276,V89,20.81243366468926
450,508,1276,V103,20.81243366468926
450,783,1013,V23,15.308499342485224
450,783,1013,V24,15.308499342485224
450,783,1013,V28,15.308499342485224
450,783,1013,V29,15.308499342485224
450,783,659,V30,5.809594285895007
450,783,659,V31,5.809594285895007
450,783,659,V32,5.809594285895007
450,783,834,V33,7.689481736045675
450,783,834,V34,7.689481736045675
450,783,834,V35,7.689481736045675
450,783,885,V37,15.378166398318458
450,783,885,V39,15.378166398318458
450,783,885,V40,15.378166398318458
450,359,849,V102,20.280567075307232
450,359,849,V106,20.280567075307232
450,783,1091,V41,10.241109598832232
450,783,1068,V42,26.525178301273773
450,359,672,V110,13.82150748825628
450,783,965,V43,10.498093903671007
452,882,931,V21,5.812636165404913
452,882,931,V22,5.812636165404913
452,882,931,V35,5.812636165404913
452,1182,931,V41,9.422487826577225
452,1182,965,V59,5.875748248781206
452,783,965,V23,10.498093903671007
452,783,965,V24,10.498093903671007
452,783,965,V27,10.498093903671007
452,359,708,V116,10.088438580081291
452,359,708,V119,10.088438580081291
452,359,708,V124,10.088438580081291
452,783,834,V30,7.689481736045675
452,783,834,V31,7.689481736045675
452,783,834,V33,7.689481736045675
452,855,1013,V102,14.035043934320278
452,359,849,V131,20.280567075307232
454,1102,1013,V25,3.616251246210677
454,1102,1013,V89,3.616251246210677
454,882,1013,V26,3.839767699909249
454,882,1013,V40,3.839767699909249
454,834,708,V21,4.389831624444016
454,834,708,V61,4.389831624444016
454,834,708,V124,4.389831624444016
454,659,708,V30,5.815596432206299
454,1068,931,V22,8.304853837171269
454,1182,931,V41,9.422487826577225
454,783,931,V24,18.3740064075405
454,783,931,V27,18.3740064075405
454,783,965,V28,10.498093903671007
454,783,965,V31,10.498093903671007
454,783,965,V32,10.498093903671007
454,783,1091,V33,10.241109598832232
454,783,1091,V34,10.241109598832232
454,359,535,V29,5.855067293961566
454,566,535,V126,11.474227573045091
454,783,1398,V37,19.874616662347663
454,783,1398,V38,19.874616662347663
454,783,917,V39,5.8083597500151045
454,783,1106,V42,22.318447076891776
454,783,672,V43,17.445012141301472
456,849,931,V128,4.4061387562478425
456,882,931,V32,5.812636165404913
456,882,931,V45,5.812636165404913
456,882,931,V56,5.812636165404913
456,882,931,V65,5.812636165404913
456,882,1013,V66,3.839767699909249
456,882,1013,V67,3.839767699909249
456,882,1013,V69,3.839767699909249
456,882,1013,V70,3.839767699909249
456,882,1013,V71,3.839767699909249
456,783,659,V23,5.809594285895007
456,783,659,V25,5.809594285895007
456,783,659,V29,5.809594285895007
456,783,659,V33,5.809594285895007
456,783,659,V36,5.809594285895007
456,882,708,V72,4.837510953567602
456,882,708,V74,4.837510953567602
456,882,965,V75,3.616965677313317
456,882,965,V76,3.616965677313317
456,882,672,V77,7.316385892068044
456,1182,1091,V30,5.24631154396119
456,1182,1106,V53,9.760018472127422
456,882,535,V78,9.342211452816104
456,1182,1276,V61,7.919661523440269
458,783,917,V23,5.8083597500151045
458,783,917,V29,5.8083597500151045
458,783,917,V33,5.8083597500151045
458,783,917,V34,5.8083597500151045
458,885,931,V27,3.0617002345235647
458,885,931,V32,3.0617002345235647
458,885,931,V45,3.0617002345235647
458,882,672,V21,7.316385892068044
458,882,672,V41,7.316385892068044
458,882,672,V49,7.316385892068044
458,882,965,V57,3.616965677313317
458,882,965,V66,3.616965677313317
458,882,1276,V77,12.01740314095659
458,882,1276,V88,12.01740314095659
458,882,834,V90,4.883195120135012
458,882,834,V91,4.883195120135012
458,882,1182,V92,7.841474878454721
458,882,1091,V119,7.965381677815221
458,783,659,V35,5.809594285895007
458,1435,1229,V38,10.197737357480824
458,783,1370,V39,30.28578929187396
460,882,834,V25,4.883195120135012
460,882,834,V40,4.883195120135012
460,882,834,V53,4.883195120135012
460,882,834,V56,4.883195120135012
460,882,834,V72,4.883195120135012
460,882,834,V74,4.883195120135012
460,882,834,V88,4.883195120135012
460,882,834,V97,4.883195120135012
460,359,855,V46,25.072383606119217
460,359,855,V54,25.072383606119217
460,359,855,V111,25.072383606119217
460,783,849,V26,21.903135562742808
460,783,849,V30,21.903135562742808
460,783,1091,V28,10.241109598832232
460,783,1091,V33,10.241109598832232
460,783,917,V22,5.8083597500151045
460,783,708,V34,10.697285568723771
460,783,659,V35,5.809594285895007
460,783,1398,V37,19.874616662347663
460,783,965,V39,10.498093903671007
462,917,834,V22,3.617203703030827
462,917,834,V68,3.617203703030827
462,917,834,V94,3.617203703030827
462,917,834,V96,3.617203703030827
462,917,834,V115,3.617203703030827
462,1106,849,V91,6.739095652327052
462,885,849,V27,6.749102957431653
462,965,849,V25,12.803650760757485
462,1398,1370,V37,14.289920547900731
462,1182,1370,V29,15.837773174985912
462,1182,1068,V81,14.6407627195109
462,1182,1068,V87,14.6407627195109
462,965,1091,V39,4.388654712140797
462,965,1091,V53,4.388654712140797
462,965,1013,V56,4.881725510082577
462,1182,1229,V106,3.960024365898536
464,1106,1229,V99,6.605818539698737
464,931,1229,V24,8.28950012214804
464,931,1370,V25,14.0283994658549
464,931,1370,V27,14.0283994658549
464,885,672,V42,5.876204136119103
464,885,672,V119,5.876204136119103
464,931,1068,V91,8.304853837171269
464,965,1068,V28,16.31300252904951
464,708,855,V36,17.44323648533522
464,965,882,V31,3.616965677313317
464,917,834,V78,3.617203703030827
464,965,1102,V32,8.304116264398273
464,708,849,V75,11.8916662824573
466,965,882,V22,3.616965677313317
466,834,882,V59,4.883195120135012
466,834,882,V65,4.883195120135012
466,1102,882,V32,7.314751476768936
466,1102,882,V58,7.314751476768936
466,1106,1370,V30,8.775541653972592
466,1398,1370,V99,14.289920547900731
466,917,1370,V121,24.523345191869613
466,917,1370,V122,24.523345191869613
466,917,1229,V123,13.03447967117419
466,659,1229,V112,17.8420518180728
466,783,1182,V21,15.175538880502293
466,535,885,V60,10.569431103772471
466,535,1013,V80,13.123524045686974
468,535,708,V64,4.548441137468074
468,535,708,V67,4.548441137468074
468,1276,1102,V57,4.836798739646007
468,885,1102,V44,5.875878565174106
468,1068,849,V28,6.736061142863373
468,885,849,V65,6.749102957431653
468,965,1182,V39,5.875748248781206
470,965,834,V64,3.83986736177262
470,882,834,V37,4.883195120135012
470,659,834,V59,5.284552964469467
470,659,834,V75,5.284552964469467
470,783,834,V22,7.689481736045675
470,783,834,V23,7.689481736045675
470,783,834,V24,7.689481736045675
470,783,834,V26,7.689481736045675
470,783,834,V29,7.689481736045675
470,783,834,V31,7.689481736045675
470,535,708,V61,4.548441137468074
470,535,708,V103,4.548441137468074
470,672,708,V50,6.751878981086827
470,1102,885,V55,5.875878565174106
470,1102,885,V57,5.875878565174106
470,508,885,V42,13.808114395759947
470,508,931,V60,12.961089805583503
470,1370,931,V25,14.0283994658549
470,783,1182,V32,15.175538880502293
470,1370,1229,V27,11.877749718768223
472,931,849,V21,4.4061387562478425
472,855,849,V28,5.706192977162224
472,882,885,V25,2.852794790784161
472,882,885,V51,2.852794790784161
472,882,708,V55,4.837510953567602
472,1106,1102,V68,3.80171314717607
472,1091,1182,V46,5.24631154396119
474,882,834,V22,4.883195120135012
474,882,834,V31,4.883195120135012
474,882,834,V50,4.883195120135012
474,882,834,V58,4.883195120135012
474,882,834,V60,4.883195120135012
474,882,834,V73,4.883195120135012
474,882,834,V76,4.883195120135012
474,535,708,V59,4.548441137468074
474,535,708,V71,4.548441137468074
474,1102,931,V39,4.548251915941359
474,1102,931,V124,4.548251915941359
474,882,965,V116,3.616965677313317
474,1182,965,V32,5.875748248781206
474,1106,1276,V27,4.836798739645476
474,672,885,V57,5.876204136119103
476,659,834,V29,5.284552964469467
476,659,834,V31,5.284552964469467
476,659,834,V42,5.284552964469467
476,659,834,V55,5.284552964469467
476,659,834,V59,5.284552964469467
476,1091,834,V45,6.739095652327052
476,885,834,V21,7.688685710981335
476,1106,931,V56,5.283575443416337
476,1106,931,V65,5.283575443416337
476,1182,965,V52,5.875748248781206
476,1106,1102,V68,3.80171314717607
476,855,849,V36,5.706192977162224
478,834,708,V21,4.389831624444016
478,834,708,V22,4.389831624444016
478,834,708,V47,4.389831624444016
478,885,931,V32,3.0617002345235647
478,885,1013,V39,3.46869779664105
478,882,965,V42,3.616965677313317
480,882,965,V59,3.616965677313317
480,882,965,V65,3.616965677313317
480,882,965,V73,3.616965677313317
480,708,834,V21,4.389831624444016
482,885,882,V87,2.852794790784161
482,708,882,V22,4.837510953567602
482,708,882,V31,4.837510953567602
482,708,882,V93,4.837510953567602
482,849,931,V32,4.4061387562478425
482,1102,931,V99,4.548251915941359
482,1102,931,V101,4.548251915941359
482,1091,965,V42,4.388654712140797
482,1091,965,V111,4.388654712140797
484,885,882,V59,2.852794790784161
484,885,882,V65,2.852794790784161
484,885,882,V94,2.852794790784161
484,965,882,V42,3.616965677313317
484,1013,882,V31,3.839767699909249
484,1013,931,V93,4.405443882921528
486,885,882,V93,2.852794790784161
486,885,882,V94,2.852794790784161
486,965,882,V31,3.616965677313317
486,708,882,V123,4.837510953567602
486,849,931,V52,4.4061387562478425
486,849,931,V60,4.4061387562478425
490,885,882,V31,2.852794790784161
490,885,882,V42,2.852794790784161
490,885,882,V47,2.852794790784161
490,1013,882,V94,3.839767699909249
490,834,708,V101,4.389831624444016
492,1091,965,V39,4.388654712140797
492,1091,965,V56,4.388654712140797
492,1091,965,V113,4.388654712140797
492,917,965,V82,4.882215518422521
492,1102,882,V32,7.314751476768936
492,672,882,V29,7.316385892068044
492,672,882,V49,7.316385892068044
492,535,708,V59,4.548441137468074
492,535,708,V65,4.548441137468074
492,1229,1182,V22,3.960024365898536
492,1229,1182,V53,3.960024365898536
492,1106,931,V68,5.283575443416337
492,672,885,V61,5.876204136119103
492,783,659,V21,5.809594285895007
492,1229,1013,V74,5.640389822593795
494,885,834,V29,7.688685710981335
494,783,834,V21,7.689481736045675
494,783,834,V22,7.689481736045675
494,783,834,V24,7.689481736045675
494,783,834,V25,7.689481736045675
494,783,834,V26,7.689481736045675
494,783,834,V27,7.689481736045675
494,783,834,V31,7.689481736045675
494,783,834,V32,7.689481736045675
494,783,834,V40,7.689481736045675
494,535,708,V120,4.548441137468074
494,535,708,V135,4.548441137468074
494,672,708,V86,6.751878981086827
494,672,708,V92,6.751878981086827
494,359,708,V43,10.088438580081291
494,783,965,V42,10.498093903671007
494,783,965,V47,10.498093903671007
494,783,965,V53,10.498093903671007
494,783,965,V56,10.498093903671007
494,1106,1182,V60,9.760018472127422
494,1068,1182,V41,14.6407627195109
494,783,659,V59,5.809594285895007
496,708,965,V32,6.739138237495128
496,1102,965,V22,8.304116264398273
496,783,965,V24,10.498093903671007
496,783,965,V25,10.498093903671007
496,783,965,V26,10.498093903671007
496,783,965,V27,10.498093903671007
496,783,965,V29,10.498093903671007
496,783,965,V36,10.498093903671007
496,672,931,V38,6.73915242731767
496,1276,931,V34,8.946223146223524
496,1276,931,V50,8.946223146223524
496,1276,931,V77,8.946223146223524
496,1276,931,V81,8.946223146223524
496,1276,931,V83,8.946223146223524
496,783,834,V40,7.689481736045675
496,783,834,V41,7.689481736045675
496,783,834,V48,7.689481736045675
496,1276,1013,V87,8.190822817543284
496,1276,1013,V97,8.190822817543284
496,1276,1013,V101,8.190822817543284
496,1276,1106,V102,4.836798739645476
496,1276,1106,V103,4.836798739645476
496,1276,1229,V105,3.959637309104105
496,1276,882,V107,12.01740314095659
496,783,659,V49,5.809594285895007
498,359,535,V45,5.855067293961566
498,359,535,V46,5.855067293961566
498,359,535,V70,5.855067293961566
498,1013,965,V86,4.881725510082577
498,783,965,V21,10.498093903671007
498,783,965,V23,10.498093903671007
498,783,882,V24,12.561839638690564
498,783,882,V25,12.561839638690564
498,1435,1398,V51,5.805514364498899
498,1435,1398,V52,5.805514364498899
498,1435,1182,V54,8.189653224238826
498,1435,1182,V55,8.189653224238826
498,855,885,V37,12.412669367198909
498,855,1106,V64,9.423483175173253
498,1435,1229,V57,10.197737357480824
500,882,885,V22,2.852794790784161
500,882,885,V24,2.852794790784161
500,882,885,V28,2.852794790784161
500,882,885,V95,2.852794790784161
500,1013,1091,V87,7.92275625179966
500,1435,1091,V62,8.895594131564904
500,1435,1091,V66,8.895594131564904
500,1435,1091,V67,8.895594131564904
500,783,965,V21,10.498093903671007
500,783,965,V23,10.498093903671007
500,783,965,V26,10.498093903671007
500,783,965,V27,10.498093903671007
500,855,931,V71,9.765900232263595
500,855,931,V80,9.765900232263595
500,508,931,V44,12.961089805583503
500,783,1398,V29,19.874616662347663
500,783,1398,V32,19.874616662347663
500,783,1398,V34,19.874616662347663
500,783,1229,V36,18.841160835534616
500,783,1229,V37,18.841160835534616
500,508,1102,V63,17.327384898394307
500,508,1102,V69,17.327384898394307
500,359,849,V89,20.280567075307232
500,359,849,V90,20.280567075307232
500,359,672,V108,13.82150748825628
500,359,672,V109,13.82150748825628
500,783,1068,V38,26.525178301273773
500,783,1068,V40,26.525178301273773
500,783,1182,V41,15.175538880502293
500,783,659,V42,5.809594285895007
500,783,708,V43,10.697285568723771
502,882,885,V29,2.852794790784161
502,931,885,V37,3.0617002345235647
502,849,885,V44,6.749102957431653
502,1106,885,V57,7.965381677815221
502,783,965,V23,10.498093903671007
502,783,965,V24,10.498093903671007
502,783,965,V33,10.498093903671007
502,535,672,V22,8.311483007291683
502,535,672,V31,8.311483007291683
502,535,1229,V74,18.68368505463088
502,783,1091,V36,10.241109598832232
502,783,1068,V38,26.525178301273773
504,708,834,V70,4.389831624444016
504,1091,834,V68,6.739095652327052
504,885,834,V21,7.688685710981335
504,783,834,V23,7.689481736045675
504,783,834,V27,7.689481736045675
504,359,535,V91,5.855067293961566
504,566,535,V56,11.474227573045091
504,566,535,V82,11.474227573045091
504,566,535,V128,11.474227573045091
504,1013,965,V63,4.881725510082577
504,931,965,V26,8.628970001760946
504,931,965,V31,8.628970001760946
504,931,965,V37,8.628970001760946
504,931,1229,V45,8.28950012214804
504,931,1276,V108,8.946223146223524
504,783,917,V33,5.8083597500151045
504,783,659,V36,5.809594285895007
504,849,672,V22,6.511836392511076
506,1102,1370,V25,11.609712853230407
506,1102,1370,V28,11.609712853230407
506,1102,1370,V74,11.609712853230407
506,1102,1370,V75,11.609712853230407
506,1102,1370,V95,11.609712853230407
506,931,1370,V104,14.0283994658549
506,1398,1370,V41,14.289920547900731
506,1398,1370,V102,14.289920547900731
506,708,1370,V44,23.22363821092988
506,708,1370,V45,23.22363821092988
506,708,1370,V59,23.22363821092988
506,708,1370,V68,23.22363821092988
506,708,1370,V70,23.22363821092988
506,659,1370,V57,28.188316311763668
506,783,1370,V39,30.28578929187396
506,783,1370,V40,30.28578929187396
506,783,1370,V42,30.28578929187396
506,783,1370,V46,30.28578929187396
506,783,1370,V52,30.28578929187396
506,783,1370,V54,30.28578929187396
506,783,1370,V56,30.28578929187396
506,783,1370,V58,30.28578929187396
506,783,1091,V27,10.241109598832232
506,783,1091,V60,10.241109598832232
506,783,1091,V61,10.241109598832232
506,783,1091,V62,10.241109598832232
506,783,1091,V64,10.241109598832232
506,783,1091,V66,10.241109598832232
506,783,1091,V67,10.241109598832232
506,783,1091,V69,10.241109598832232
506,783,1091,V73,10.241109598832232
506,783,965,V77,10.498093903671007
506,783,965,V78,10.498093903671007
506,783,965,V79,10.498093903671007
506,783,965,V80,10.498093903671007
506,783,965,V81,10.498093903671007
506,783,1276,V82,22.606377139254327
506,783,1276,V83,22.606377139254327
506,783,1276,V84,22.606377139254327
506,783,882,V85,12.561839638690564
506,783,882,V86,12.561839638690564
506,783,882,V87,12.561839638690564
506,783,849,V88,21.903135562742808
506,783,849,V89,21.903135562742808
506,783,1068,V90,26.525178301273773
506,783,1229,V91,18.841160835534616
506,783,917,V92,5.8083597500151045
506,783,885,V93,15.378166398318458
506,783,1106,V94,22.318447076891776
506,566,535,V48,11.474227573045091
506,783,672,V96,17.445012141301472
508,1102,1370,V25,11.609712853230407
508,1102,1370,V28,11.609712853230407
508,1102,1370,V39,11.609712853230407
508,1102,1370,V41,11.609712853230407
508,1102,1370,V44,11.609712853230407
508,1102,1370,V45,11.609712853230407
508,1102,1370,V46,11.609712853230407
508,1102,1370,V52,11.609712853230407
508,708,535,V36,4.548441137468074
508,708,535,V61,4.548441137468074
508,359,535,V50,5.855067293961566
508,359,535,V53,5.855067293961566
508,783,834,V21,7.689481736045675
508,783,834,V26,7.689481736045675
508,783,834,V33,7.689481736045675
508,1102,1013,V40,3.616251246210677
508,1102,1013,V42,3.616251246210677
508,1102,1013,V54,3.616251246210677
508,931,885,V35,3.0617002345235647
508,931,885,V51,3.0617002345235647
508,931,885,V88,3.0617002345235647
508,931,849,V89,4.4061387562478425
508,672,849,V22,6.511836392511076
508,1102,1106,V56,3.80171314717607
508,1102,1229,V57,3.8392690799482057
508,783,917,V37,5.8083597500151045
508,1102,508,V58,17.327384898394307
508,1102,1276,V59,4.836798739646007
510,1102,1013,V43,3.616251246210677
510,1102,1013,V68,3.616251246210677
510,1102,1013,V70,3.616251246210677
510,1102,1013,V74,3.616251246210677
510,1102,1013,V75,3.616251246210677
510,882,965,V24,3.616965677313317
510,882,965,V26,3.616965677313317
510,882,965,V32,3.616965677313317
510,882,965,V35,3.616965677313317
510,882,885,V51,2.852794790784161
510,882,885,V54,2.852794790784161
510,931,849,V25,4.4061387562478425
510,931,849,V28,4.4061387562478425
510,708,535,V27,4.548441137468074
510,659,535,V23,5.810827883107414
510,1102,1229,V95,3.8392690799482057
512,931,849,V28,4.4061387562478425
512,931,849,V39,4.4061387562478425
512,1102,1229,V101,3.8392690799482057
512,1182,1398,V34,5.640321895106829
512,708,535,V23,4.548441137468074
512,931,672,V44,6.73915242731767
512,1068,1370,V22,7.841426035905807
514,882,885,V61,2.852794790784161
514,882,885,V73,2.852794790784161
514,882,885,V90,2.852794790784161
514,882,885,V99,2.852794790784161
514,931,885,V28,3.0617002345235647
514,931,885,V36,3.0617002345235647
514,931,885,V45,3.0617002345235647
514,931,885,V46,3.0617002345235647
514,931,885,V52,3.0617002345235647
514,1013,885,V25,3.46869779664105
514,965,885,V24,6.123119155303686
514,965,885,V33,6.123119155303686
514,965,885,V34,6.123119155303686
514,965,885,V37,6.123119155303686
514,965,885,V51,6.123119155303686
514,965,885,V63,6.123119155303686
514,965,885,V68,6.123119155303686
514,849,885,V22,6.749102957431653
514,834,885,V21,7.688685710981335
514,834,885,V26,7.688685710981335
514,834,885,V42,7.688685710981335
514,834,885,V43,7.688685710981335
514,834,885,V54,7.688685710981335
514,834,885,V86,7.688685710981335
514,834,885,V96,7.688685710981335
514,917,885,V59,10.518632362833186
514,855,885,V49,12.412669367198909
514,783,885,V31,15.378166398318458
514,783,885,V35,15.378166398318458
514,783,885,V38,15.378166398318458
514,783,885,V41,15.378166398318458
514,1435,1398,V40,5.805514364498899
514,783,1398,V47,19.874616662347663
514,783,1102,V48,18.800951364959644
516,882,885,V55,2.852794790784161
516,965,885,V30,6.123119155303686
516,965,885,V67,6.123119155303686
516,965,885,V88,6.123119155303686
516,965,885,V102,6.123119155303686
516,708,885,V21,6.511469320496247
516,708,885,V24,6.511469320496247
516,708,885,V26,6.511469320496247
516,708,885,V31,6.511469320496247
516,708,885,V33,6.511469320496247
516,708,885,V34,6.511469320496247
516,708,885,V35,6.511469320496247
516,708,885,V36,6.511469320496247
516,708,885,V37,6.511469320496247
516,708,885,V42,6.511469320496247
516,708,885,V43,6.511469320496247
516,1106,1013,V56,7.015517581545067
516,1106,1013,V95,7.015517581545067
516,708,1013,V45,8.663428210145081
516,917,1398,V111,14.401452675022565
516,708,1398,V46,17.892467590192613
516,708,672,V49,6.751878981086827
516,855,1276,V124,14.029505033457104
516,708,834,V38,4.389831624444016
518,882,885,V26,2.852794790784161
518,882,885,V33,2.852794790784161
518,882,885,V36,2.852794790784161
518,1102,1182,V39,6.120304815079837
518,1102,1182,V49,6.120304815079837
518,882,1182,V65,7.841474878454721
518,1276,1229,V48,3.959637309104105
518,1276,1229,V89,3.959637309104105
518,882,965,V95,3.616965677313317
518,882,965,V99,3.616965677313317
518,834,659,V31,5.284552964469467
518,849,672,V25,6.511836392511076
518,1106,931,V47,5.283575443416337
520,882,965,V26,3.616965677313317
520,882,965,V51,3.616965677313317
520,882,965,V66,3.616965677313317
520,783,659,V23,5.809594285895007
520,783,659,V32,5.809594285895007
520,1106,1276,V60,4.836798739645476
520,1106,1276,V64,4.836798739645476
520,1102,1229,V83,3.8392690799482057
522,1106,1276,V64,4.836798739645476
522,1106,1276,V97,4.836798739645476
522,1102,1276,V45,4.836798739646007
522,1182,1276,V75,7.919661523440269
522,885,1276,V36,10.705394585658723
522,885,1276,V39,10.705394585658723
522,885,1276,V42,10.705394585658723
522,917,965,V62,4.882215518422521
522,917,965,V99,4.882215518422521
522,885,965,V47,6.123119155303686
522,708,965,V21,6.739138237495128
522,708,965,V22,6.739138237495128
522,708,965,V28,6.739138237495128
522,708,834,V32,4.389831624444016
522,708,834,V34,4.389831624444016
522,708,834,V35,4.389831624444016
522,708,834,V41,4.389831624444016
522,708,834,V43,4.389831624444016
522,708,834,V50,4.389831624444016
522,783,659,V31,5.809594285895007
522,783,659,V44,5.809594285895007
522,708,882,V52,4.837510953567602
522,708,882,V54,4.837510953567602
522,1435,1398,V40,5.805514364498899
522,849,1398,V76,17.29967050146656
522,849,1229,V93,12.017793437809017
522,708,1229,V55,14.16486062369625
524,1229,1182,V40,3.960024365898536
526,708,834,V50,4.389831624444016
526,708,834,V51,4.389831624444016
526,708,834,V59,4.389831624444016
526,708,834,V68,4.389831624444016
528,917,834,V30,3.617203703030827
528,708,834,V89,4.389831624444016
528,882,834,V21,4.883195120135012
530,965,834,V21,3.83986736177262
530,882,834,V24,4.883195120135012
532,882,965,V35,3.616965677313317
534,885,882,V40,2.852794790784161
534,885,882,V49,2.852794790784161
536,885,882,V40,2.852794790784161
536,885,882,V49,2.852794790784161
536,885,882,V52,2.852794790784161
536,885,882,V53,2.852794790784161
536,885,882,V56,2.852794790784161
536,1013,882,V22,3.839767699909249
536,1013,882,V74,3.839767699909249
536,708,882,V24,4.837510953567602
538,1229,1276,V45,3.959637309104105
538,1229,1276,V55,3.959637309104105
538,885,882,V22,2.852794790784161
540,885,882,V24,2.852794790784161
540,885,882,V60,2.852794790784161
540,965,882,V70,3.616965677313317
540,1229,1276,V87,3.959637309104105
540,1229,1276,V95,3.959637309104105
540,535,708,V30,4.548441137468074
540,535,708,V51,4.548441137468074
540,783,659,V22,5.809594285895007
542,965,882,V22,3.616965677313317
542,965,882,V97,3.616965677313317
542,1013,882,V40,3.839767699909249
542,1102,1276,V41,4.836798739646007
542,1102,1276,V47,4.836798739646007
542,1102,1276,V55,4.836798739646007
542,834,708,V21,4.389831624444016
542,535,708,V61,4.548441137468074
542,535,708,V82,4.548441137468074
542,1102,1229,V58,3.8392690799482057
542,1102,1229,V63,3.8392690799482057
542,1102,1229,V71,3.8392690799482057
542,783,659,V23,5.809594285895007
542,783,659,V24,5.809594285895007
542,1013,885,V49,3.46869779664105
542,672,885,V91,5.876204136119103
542,849,931,V25,4.4061387562478425
542,849,1106,V44,6.739095652327052
544,1102,1229,V47,3.8392690799482057
544,1182,1229,V35,3.960024365898536
544,1182,1229,V60,3.960024365898536
544,1398,1229,V28,5.282433425576492
544,1398,1229,V50,5.282433425576492
544,1398,1229,V54,5.282433425576492
544,1398,1229,V80,5.282433425576492
544,1398,1229,V83,5.282433425576492
544,849,931,V46,4.4061387562478425
544,849,931,V64,4.4061387562478425
544,849,931,V73,4.4061387562478425
544,849,931,V75,4.4061387562478425
544,1091,965,V90,4.388654712140797
544,1091,965,V96,4.388654712140797
544,1091,965,V106,4.388654712140797
544,1091,834,V114,6.739095652327052
544,783,834,V21,7.689481736045675
544,783,834,V24,7.689481736045675
544,672,885,V107,5.876204136119103
544,672,885,V116,5.876204136119103
544,1398,1276,V103,7.438993890374081
544,359,708,V84,10.088438580081291
544,855,1068,V43,5.87594370452583
544,783,659,V25,5.809594285895007
546,1435,1398,V48,5.805514364498899
546,1102,1398,V23,9.118728510486134
546,1102,1398,V28,9.118728510486134
546,1102,1398,V35,9.118728510486134
546,1102,1398,V50,9.118728510486134
546,1102,1398,V54,9.118728510486134
546,1102,1398,V80,9.118728510486134
546,1102,1398,V83,9.118728510486134
546,1102,1398,V97,9.118728510486134
546,849,1013,V43,8.811582411969269
546,849,1013,V85,8.811582411969269
546,783,1013,V21,15.308499342485224
546,783,1013,V24,15.308499342485224
546,783,1013,V25,15.308499342485224
546,783,659,V22,5.809594285895007
546,783,659,V31,5.809594285895007
546,783,659,V32,5.809594285895007
546,783,659,V33,5.809594285895007
546,783,834,V34,7.689481736045675
546,783,834,V36,7.689481736045675
546,783,834,V37,7.689481736045675
546,508,931,V77,12.961089805583503
546,508,931,V86,12.961089805583503
546,783,885,V38,15.378166398318458
546,783,885,V39,15.378166398318458
546,783,1106,V40,22.318447076891776
546,783,1106,V41,22.318447076891776
546,783,882,V42,12.561839638690564
546,783,1276,V45,22.606377139254327
546,783,1182,V47,15.175538880502293
546,359,708,V98,10.088438580081291
546,783,535,V49,11.620421645142477
546,783,965,V51,10.498093903671007
548,1102,1398,V28,9.118728510486134
548,1102,1398,V35,9.118728510486134
548,1102,1398,V48,9.118728510486134
548,1102,1398,V50,9.118728510486134
548,1102,1398,V54,9.118728510486134
548,1102,1398,V58,9.118728510486134
548,1102,1398,V77,9.118728510486134
548,1102,1398,V80,9.118728510486134
548,1102,1398,V83,9.118728510486134
548,1102,1398,V88,9.118728510486134
548,965,1398,V38,11.479089287938937
548,885,1398,V21,13.644566108710274
548,885,1229,V25,8.89559413156451
548,885,1229,V29,8.89559413156451
548,708,1229,V34,14.16486062369625
548,672,1229,V39,14.57987655243148
548,783,834,V26,7.689481736045675
548,783,834,V27,7.689481736045675
548,783,834,V31,7.689481736045675
548,783,1013,V32,15.308499342485224
548,783,1013,V33,15.308499342485224
548,783,535,V41,11.620421645142477
548,783,659,V45,5.809594285895007
548,783,882,V46,12.561839638690564
548,783,1276,V57,22.606377139254327
550,1102,1229,V25,3.8392690799482057
550,1102,1229,V29,3.8392690799482057
550,1102,1229,V34,3.8392690799482057
550,1102,1229,V39,3.8392690799482057
550,882,965,V59,3.616965677313317
550,1091,965,V55,4.388654712140797
550,1182,965,V47,5.875748248781206
550,885,965,V45,6.123119155303686
550,1068,1276,V21,8.66943360865319
550,1068,1276,V28,8.66943360865319
550,849,931,V43,4.4061387562478425
550,849,931,V53,4.4061387562478425
550,708,834,V49,4.389831624444016
550,783,917,V22,5.8083597500151045
550,783,659,V24,5.809594285895007
550,783,566,V26,5.876334276322891
550,1068,1106,V35,4.880745078525951
552,834,708,V61,4.389831624444016
552,882,708,V36,4.837510953567602
552,931,708,V43,9.423506251261468
552,931,708,V45,9.423506251261468
552,931,708,V53,9.423506251261468
552,783,708,V27,10.697285568723771
552,783,659,V28,5.809594285895007
552,783,659,V29,5.809594285895007
552,783,659,V30,5.809594285895007
552,783,659,V31,5.809594285895007
552,783,659,V32,5.809594285895007
552,1091,965,V69,4.388654712140797
552,1091,965,V70,4.388654712140797
552,783,965,V33,10.498093903671007
552,783,965,V34,10.498093903671007
552,1068,1229,V38,11.360488351411393
552,1068,1229,V48,11.360488351411393
552,1068,1229,V50,11.360488351411393
552,1068,1229,V54,11.360488351411393
552,1068,1276,V58,8.66943360865319
552,1068,1276,V77,8.66943360865319
552,1068,1276,V80,8.66943360865319
552,1068,1013,V83,11.461019980924313
552,783,1013,V37,15.308499342485224
552,783,1013,V39,15.308499342485224
552,783,1102,V41,18.800951364959644
552,783,1102,V44,18.800951364959644
552,783,849,V46,21.903135562742808
552,783,849,V47,21.903135562742808
552,566,535,V26,11.474227573045091
554,882,535,V23,9.342211452816104
554,882,535,V43,9.342211452816104
554,965,535,V38,11.11949266445603
554,965,535,V98,11.11949266445603
554,965,535,V360,11.11949266445603
554,1013,931,V33,4.405443882921528
554,1013,931,V39,4.405443882921528
554,1013,931,V48,4.405443882921528
554,849,672,V26,6.511836392511076
554,849,672,V46,6.511836392511076
554,849,672,V47,6.511836392511076
554,783,1182,V22,15.175538880502293
554,783,1182,V27,15.175538880502293
554,783,1102,V35,18.800951364959644
554,783,917,V34,5.8083597500151045
554,783,1091,V36,10.241109598832232
554,783,1229,V40,18.841160835534616
554,783,834,V44,7.689481736045675
556,1013,1182,V61,5.283249325636405
556,931,1182,V26,9.422487826577225
556,1106,1182,V41,9.760018472127422
556,708,1182,V43,12.26833953852524
556,708,1182,V44,12.26833953852524
556,849,1182,V39,13.728760504847472
556,849,1182,V51,13.728760504847472
556,849,1182,V57,13.728760504847472
556,783,659,V25,5.809594285895007
556,783,659,V29,5.809594285895007
556,783,659,V32,5.809594285895007
556,783,659,V34,5.809594285895007
556,783,659,V36,5.809594285895007
556,672,885,V33,5.876204136119103
556,849,885,V72,6.749102957431653
556,535,885,V23,10.569431103772471
556,535,885,V38,10.569431103772471
556,783,834,V37,7.689481736045675
556,783,834,V45,7.689481736045675
556,783,834,V48,7.689481736045675
556,1068,1102,V47,8.626274418583195
556,535,1102,V67,16.335498592300418
556,783,359,V49,12.499801205497114
556,783,1229,V50,18.841160835534616
558,708,834,V28,4.389831624444016
558,882,834,V33,4.883195120135012
558,783,834,V29,7.689481736045675
558,783,834,V30,7.689481736045675
558,1229,1182,V26,3.960024365898536
558,1229,1182,V43,3.960024365898536
558,1229,1182,V44,3.960024365898536
558,1102,1013,V35,3.616251246210677
558,931,1013,V24,4.405443882921528
558,931,1013,V59,4.405443882921528
558,1091,965,V27,4.388654712140797
558,931,965,V60,8.628970001760946
558,931,849,V91,4.4061387562478425
558,783,535,V32,11.620421645142477
558,1229,1276,V57,3.959637309104105
560,882,885,V21,2.852794790784161
560,882,885,V60,2.852794790784161
560,882,885,V72,2.852794790784161
560,882,885,V76,2.852794790784161
560,965,834,V22,3.83986736177262
560,965,834,V27,3.83986736177262
560,965,834,V30,3.83986736177262
560,882,834,V78,4.883195120135012
560,882,708,V95,4.837510953567602
560,882,708,V96,4.837510953567602
560,882,708,V103,4.837510953567602
560,1102,1276,V23,4.836798739646007
560,783,917,V25,5.8083597500151045
560,882,1398,V109,13.343391197346763
560,931,1013,V63,4.405443882921528
560,1068,1229,V53,11.360488351411393
562,659,708,V34,5.815596432206299
562,659,708,V104,5.815596432206299
562,659,708,V105,5.815596432206299
562,965,708,V33,6.739138237495128
562,965,708,V75,6.739138237495128
562,672,708,V29,6.751878981086827
562,783,834,V26,7.689481736045675
562,783,834,V28,7.689481736045675
562,783,834,V31,7.689481736045675
562,783,834,V32,7.689481736045675
562,1013,1091,V81,7.92275625179966
562,783,1091,V36,10.241109598832232
562,1102,1276,V23,4.836798739646007
562,1102,931,V47,4.548251915941359
562,672,885,V85,5.876204136119103
564,931,1102,V47,4.548251915941359
564,931,1102,V60,4.548251915941359
564,882,1102,V25,7.314751476768936
564,882,1102,V32,7.314751476768936
564,882,1102,V84,7.314751476768936
564,849,1102,V30,8.191991396325179
564,672,885,V92,5.876204136119103
564,965,885,V33,6.123119155303686
564,965,885,V34,6.123119155303686
564,783,834,V28,7.689481736045675
564,783,834,V31,7.689481736045675
564,783,535,V37,11.620421645142477
564,783,535,V38,11.620421645142477
564,849,1182,V101,13.728760504847472
564,783,917,V35,5.8083597500151045
564,783,566,V36,5.876334276322891
564,783,1091,V39,10.241109598832232
564,783,708,V40,10.697285568723771
566,834,535,V31,8.012842951904279
566,1106,1276,V93,4.836798739645476
568,708,834,V66,4.389831624444016
568,882,834,V24,4.883195120135012
568,1102,1013,V25,3.616251246210677
568,1398,1182,V39,5.640321895106829
568,783,566,V22,5.876334276322891
570,1013,1182,V44,5.283249325636405
570,1102,1229,V32,3.8392690799482057
572,885,931,V25,3.0617002345235647
572,1229,1398,V32,5.282433425576492
572,885,1013,V37,3.46869779664105
574,931,849,V25,4.4061387562478425
578,1102,1229,V61,3.8392690799482057
588,834,708,V44,4.389831624444016
588,834,708,V82,4.389831624444016
588,834,708,V92,4.389831624444016
588,834,708,V96,4.389831624444016
588,834,708,V99,4.389831624444016
588,834,708,V106,4.389831624444016
588,834,708,V107,4.389831624444016
588,834,708,V108,4.389831624444016
588,965,708,V33,6.739138237495128
588,965,708,V38,6.739138237495128
588,359,535,V31,5.855067293961566
588,359,535,V80,5.855067293961566
588,672,535,V46,8.311483007291683
588,672,535,V52,8.311483007291683
588,672,535,V53,8.311483007291683
588,672,535,V69,8.311483007291683
588,965,882,V54,3.616965677313317
588,965,882,V71,3.616965677313317
588,965,882,V78,3.616965677313317
588,965,882,V81,3.616965677313317
588,1013,1229,V45,5.640389822593795
588,1013,1229,V64,5.640389822593795
588,931,1229,V47,8.28950012214804
588,1068,1370,V49,7.841426035905807
588,931,1276,V56,8.946223146223524
588,783,566,V21,5.876334276322891
590,783,834,V21,7.689481736045675
590,783,834,V23,7.689481736045675
590,783,834,V24,7.689481736045675
590,783,834,V25,7.689481736045675
590,783,834,V26,7.689481736045675
590,783,834,V27,7.689481736045675
590,783,834,V28,7.689481736045675
590,783,834,V29,7.689481736045675
590,783,834,V30,7.689481736045675
590,783,834,V31,7.689481736045675
590,783,965,V32,10.498093903671007
590,783,965,V33,10.498093903671007
590,783,965,V34,10.498093903671007
590,783,965,V35,10.498093903671007
590,783,965,V36,10.498093903671007
590,783,965,V37,10.498093903671007
590,849,1276,V98,11.479314497557898
590,855,1276,V55,14.029505033457104
590,855,1276,V74,14.029505033457104
590,672,1276,V76,15.682986279658085
590,672,885,V93,5.876204136119103
590,783,885,V38,15.378166398318458
590,783,885,V39,15.378166398318458
590,783,885,V40,15.378166398318458
590,783,659,V41,5.809594285895007
590,783,659,V42,5.809594285895007
590,783,659,V43,5.809594285895007
590,783,659,V44,5.809594285895007
590,783,535,V46,11.620421645142477
590,783,535,V48,11.620421645142477
590,783,535,V49,11.620421645142477
590,783,1435,V50,17.957022310236383
590,783,1435,V51,17.957022310236383
590,783,1102,V52,18.800951364959644
590,783,1102,V53,18.800951364959644
590,783,359,V56,12.499801205497114
590,783,1091,V57,10.241109598832232
590,783,1398,V58,19.874616662347663
590,783,1106,V59,22.318447076891776
592,885,1091,V21,10.203820878312005
592,783,1091,V25,10.241109598832232
592,783,1091,V26,10.241109598832232
592,783,1091,V27,10.241109598832232
592,1276,1182,V23,7.919661523440269
592,1276,1182,V52,7.919661523440269
592,1276,1182,V55,7.919661523440269
592,1276,1182,V76,7.919661523440269
592,783,1229,V28,18.841160835534616
592,783,1229,V29,18.841160835534616
592,783,1229,V34,18.841160835534616
592,783,882,V35,12.561839638690564
592,783,882,V36,12.561839638690564
592,783,1398,V37,19.874616662347663
592,783,1398,V39,19.874616662347663
592,783,917,V40,5.8083597500151045
592,783,931,V41,18.3740064075405
592,783,834,V42,7.689481736045675
592,783,359,V43,12.499801205497114
592,783,566,V44,5.876334276322891
592,783,535,V45,11.620421645142477
594,1091,834,V42,6.739095652327052
594,783,834,V22,7.689481736045675
594,783,834,V23,7.689481736045675
594,783,834,V25,7.689481736045675
594,783,834,V30,7.689481736045675
594,783,834,V31,7.689481736045675
594,783,834,V32,7.689481736045675
594,1276,1229,V37,3.959637309104105
594,1182,1229,V26,3.960024365898536
594,1182,1229,V29,3.960024365898536
594,1182,1229,V39,3.960024365898536
594,1182,1229,V52,3.960024365898536
594,783,931,V33,18.3740064075405
594,783,931,V38,18.3740064075405
594,783,931,V40,18.3740064075405
594,783,931,V43,18.3740064075405
594,783,708,V46,10.697285568723771
594,783,708,V47,10.697285568723771
594,783,708,V48,10.697285568723771
594,783,885,V49,15.378166398318458
594,783,885,V50,15.378166398318458
594,783,885,V51,15.378166398318458
594,783,1398,V53,19.874616662347663
594,783,1398,V54,19.874616662347663
594,783,1398,V55,19.874616662347663
594,783,917,V56,5.8083597500151045
594,783,917,V57,5.8083597500151045
594,783,849,V58,21.903135562742808
594,783,849,V59,21.903135562742808
594,783,566,V60,5.876334276322891
594,783,566,V61,5.876334276322891
594,783,965,V63,10.498093903671007
594,783,965,V67,10.498093903671007
594,783,1106,V69,22.318447076891776
594,783,672,V70,17.445012141301472
594,783,1102,V71,18.800951364959644
594,783,535,V72,11.620421645142477
594,783,1013,V73,15.308499342485224
596,834,659,V39,5.284552964469467
596,783,659,V27,5.809594285895007
596,783,659,V33,5.809594285895007
596,1276,1102,V22,4.836798739646007
596,1276,1102,V26,4.836798739646007
596,1276,1102,V29,4.836798739646007
596,965,1013,V21,4.881725510082577
596,1182,1013,V25,5.283249325636405
596,1276,1229,V37,3.959637309104105
596,1276,1229,V52,3.959637309104105
596,708,359,V30,10.088438580081291
596,1276,1370,V69,7.918112864657469
596,855,1068,V65,5.87594370452583
596,1276,931,V70,8.946223146223524
596,1182,885,V32,8.662721360426067
596,783,566,V40,5.876334276322891
596,783,535,V45,11.620421645142477
598,965,834,V36,3.83986736177262
598,882,834,V21,4.883195120135012
598,882,834,V32,4.883195120135012
598,885,1013,V22,3.46869779664105
598,882,1013,V35,3.839767699909249
598,855,1068,V24,5.87594370452583
598,882,1068,V43,14.033707701296978
598,783,917,V26,5.8083597500151045
598,659,535,V40,5.810827883107414
598,1182,931,V41,9.422487826577225
600,931,1229,V24,8.28950012214804
600,931,1229,V34,8.28950012214804
600,659,1229,V21,17.8420518180728
600,659,1229,V54,17.8420518180728
600,659,1229,V57,17.8420518180728
600,659,834,V62,5.284552964469467
600,783,834,V22,7.689481736045675
600,783,834,V25,7.689481736045675
600,783,834,V27,7.689481736045675
600,783,834,V28,7.689481736045675
600,783,882,V29,12.561839638690564
600,783,882,V30,12.561839638690564
600,783,882,V31,12.561839638690564
600,783,882,V33,12.561839638690564
600,783,1068,V38,26.525178301273773
600,783,1068,V39,26.525178301273773
600,783,1068,V41,26.525178301273773
600,783,672,V44,17.445012141301472
600,783,672,V45,17.445012141301472
600,783,1370,V46,30.28578929187396
600,783,1370,V47,30.28578929187396
600,783,1276,V48,22.606377139254327
600,783,1276,V49,22.606377139254327
600,783,1013,V50,15.308499342485224
600,783,1435,V51,17.957022310236383
600,783,1182,V52,15.175538880502293
600,783,535,V55,11.620421645142477
602,1106,1370,V41,8.775541653972592
602,1398,1370,V48,14.289920547900731
602,885,1370,V26,16.72338167333642
602,783,1370,V27,30.28578929187396
602,783,1370,V28,30.28578929187396
602,783,1370,V35,30.28578929187396
602,783,1370,V42,30.28578929187396
602,783,1370,V47,30.28578929187396
602,783,1370,V51,30.28578929187396
602,783,1370,V56,30.28578929187396
602,783,1370,V58,30.28578929187396
602,783,1370,V59,30.28578929187396
602,783,1370,V62,30.28578929187396
602,783,1370,V66,30.28578929187396
602,783,1370,V67,30.28578929187396
602,783,1370,V69,30.28578929187396
602,783,1370,V70,30.28578929187396
602,783,1370,V71,30.28578929187396
602,783,1370,V72,30.28578929187396
602,783,1370,V73,30.28578929187396
602,783,1370,V74,30.28578929187396
602,783,1370,V75,30.28578929187396
602,783,1370,V78,30.28578929187396
602,783,1370,V79,30.28578929187396
602,783,1370,V80,30.28578929187396
602,783,1370,V81,30.28578929187396
602,783,1370,V82,30.28578929187396
602,783,1370,V83,30.28578929187396
602,783,1370,V84,30.28578929187396
602,783,1370,V86,30.28578929187396
602,783,1370,V89,30.28578929187396
602,783,834,V54,7.689481736045675
602,783,834,V55,7.689481736045675
602,783,834,V90,7.689481736045675
602,783,834,V92,7.689481736045675
602,783,834,V94,7.689481736045675
602,783,834,V96,7.689481736045675
602,783,834,V97,7.689481736045675
602,783,834,V98,7.689481736045675
602,783,931,V99,18.3740064075405
602,783,931,V100,18.3740064075405
602,783,931,V102,18.3740064075405
602,783,931,V105,18.3740064075405
602,783,672,V106,17.445012141301472
602,783,672,V107,17.445012141301472
602,783,708,V108,10.697285568723771
602,783,708,V109,10.697285568723771
602,783,1068,V110,26.525178301273773
602,783,1068,V111,26.525178301273773
602,783,1276,V112,22.606377139254327
602,783,1276,V113,22.606377139254327
602,783,1229,V114,18.841160835534616
602,783,1091,V115,10.241109598832232
602,783,1102,V116,18.800951364959644
602,783,849,V117,21.903135562742808
602,783,1182,V118,15.175538880502293
602,783,965,V119,10.498093903671007
604,1068,1370,V39,7.841426035905807
604,1068,1370,V107,7.841426035905807
604,1106,1370,V21,8.775541653972592
604,1106,1370,V53,8.775541653972592
604,1106,1370,V91,8.775541653972592
604,849,1370,V68,14.16435382667801
604,849,1370,V99,14.16435382667801
604,849,1370,V101,14.16435382667801
604,849,1370,V105,14.16435382667801
604,885,1370,V50,16.72338167333642
604,882,1370,V24,18.783825554252072
604,965,1370,V22,19.81745132026361
604,965,1370,V48,19.81745132026361
604,965,1102,V42,8.304116264398273
604,965,1102,V52,8.304116264398273
604,834,917,V25,3.617203703030827
604,834,659,V31,5.284552964469467
604,965,1276,V56,12.284417645367478
604,1091,1182,V32,5.24631154396119
606,1102,1370,V32,11.609712853230407
606,1102,1370,V56,11.609712853230407
606,849,1370,V23,14.16435382667801
606,849,1370,V116,14.16435382667801
606,849,1370,V130,14.16435382667801
606,885,931,V44,3.0617002345235647
606,885,931,V45,3.0617002345235647
606,885,931,V80,3.0617002345235647
606,885,931,V93,3.0617002345235647
606,1370,1276,V21,7.918112864657469
606,885,1276,V126,10.705394585658723
606,708,672,V33,6.751878981086827
606,965,672,V27,10.884705359638655
606,965,1182,V31,5.875748248781206
606,834,659,V28,5.284552964469467
606,965,1068,V57,16.31300252904951
606,965,1013,V53,4.881725510082577
608,834,659,V24,5.284552964469467
608,834,659,V26,5.284552964469467
608,834,659,V35,5.284552964469467
608,1229,1182,V52,3.960024365898536
610,1102,1013,V42,3.616251246210677
610,1102,1013,V45,3.616251246210677
610,783,659,V25,5.809594285895007
610,783,659,V28,5.809594285895007
610,1229,1182,V52,3.960024365898536
610,708,535,V102,4.548441137468074
610,882,885,V61,2.852794790784161
610,965,834,V58,3.83986736177262
612,882,708,V25,4.837510953567602
612,882,708,V60,4.837510953567602
612,882,708,V63,4.837510953567602
612,1013,931,V45,4.405443882921528
612,849,931,V33,4.4061387562478425
612,1229,1182,V49,3.960024365898536
612,783,1296,V29,13.644692409583532
614,965,834,V21,3.83986736177262
614,965,834,V28,3.83986736177262
614,965,834,V35,3.83986736177262
614,965,834,V52,3.83986736177262
614,965,834,V59,3.83986736177262
614,965,834,V68,3.83986736177262
614,1013,885,V53,3.46869779664105
614,1013,885,V76,3.46869779664105
614,1102,885,V100,5.875878565174106
614,1102,885,V119,5.875878565174106
616,1102,1229,V75,3.8392690799482057
616,1102,1229,V126,3.8392690799482057
616,1276,1229,V30,3.959637309104105
616,1276,1229,V38,3.959637309104105
616,1276,1229,V125,3.959637309104105
616,1182,1229,V29,3.960024365898536
616,1398,1229,V42,5.282433425576492
616,1398,1229,V97,5.282433425576492
616,965,1229,V69,8.77672016628073
616,965,1229,V70,8.77672016628073
616,965,1229,V73,8.77672016628073
616,965,1229,V79,8.77672016628073
616,965,1229,V83,8.77672016628073
616,965,1229,V98,8.77672016628073
616,965,1229,V99,8.77672016628073
616,965,1229,V106,8.77672016628073
616,965,1229,V109,8.77672016628073
616,965,1229,V118,8.77672016628073
616,965,1229,V120,8.77672016628073
616,965,1229,V131,8.77672016628073
616,885,1013,V25,3.46869779664105
616,885,1013,V35,3.46869779664105
616,885,1013,V53,3.46869779664105
618,1229,1276,V28,3.959637309104105
618,1229,1276,V42,3.959637309104105
620,1091,1182,V36,5.24631154396119
620,1091,1182,V52,5.24631154396119
620,917,834,V58,3.617203703030827
620,1102,1229,V35,3.8392690799482057
622,917,834,V110,3.617203703030827
622,965,834,V25,3.83986736177262
622,965,834,V66,3.83986736177262
622,965,834,V70,3.83986736177262
622,965,834,V86,3.83986736177262
624,965,834,V66,3.83986736177262
624,1229,1182,V28,3.960024365898536
626,882,965,V38,3.616965677313317
628,708,834,V54,4.389831624444016
630,1229,1276,V58,3.959637309104105
632,885,882,V70,2.852794790784161
634,965,834,V40,3.83986736177262
634,885,882,V74,2.852794790784161
634,1229,1276,V141,3.959637309104105
634,1091,1182,V28,5.24631154396119
636,708,834,V86,4.389831624444016
636,708,834,V96,4.389831624444016
636,708,834,V119,4.389831624444016
636,708,834,V134,4.389831624444016
636,708,834,V143,4.389831624444016
636,659,834,V26,5.284552964469467
636,659,834,V29,5.284552964469467
636,659,834,V30,5.284552964469467
636,659,834,V55,5.284552964469467
636,659,834,V78,5.284552964469467
636,659,834,V88,5.284552964469467
636,659,834,V105,5.284552964469467
636,1435,1398,V111,5.805514364498899
636,1102,1398,V35,9.118728510486134
636,1102,1398,V36,9.118728510486134
636,1091,965,V64,4.388654712140797
636,1091,965,V71,4.388654712140797
636,1091,965,V110,4.388654712140797
636,1102,1229,V42,3.8392690799482057
636,1102,1229,V70,3.8392690799482057
636,1013,1229,V68,5.640389822593795
636,1091,1182,V132,5.24631154396119
636,1091,1182,V145,5.24631154396119
636,1370,1276,V23,7.918112864657469
636,1013,1276,V79,8.190822817543284
636,885,882,V74,2.852794790784161
636,931,849,V59,4.4061387562478425
638,1276,1229,V26,3.959637309104105
638,1276,1229,V29,3.959637309104105
638,1013,1229,V91,5.640389822593795
638,1013,1229,V164,5.640389822593795
638,1013,1229,V166,5.640389822593795
638,931,1229,V84,8.28950012214804
638,885,1229,V36,8.89559413156451
638,885,1229,V61,8.89559413156451
638,885,1229,V74,8.89559413156451
638,1091,834,V30,6.739095652327052
638,1091,834,V55,6.739095652327052
638,1091,834,V78,6.739095652327052
638,1091,834,V88,6.739095652327052
638,1091,834,V105,6.739095652327052
638,885,834,V97,7.688685710981335
638,885,834,V98,7.688685710981335
638,885,834,V99,7.688685710981335
638,1068,855,V46,5.87594370452583
638,1068,855,V48,5.87594370452583
638,1068,855,V50,5.87594370452583
638,1068,855,V57,5.87594370452583
638,1068,855,V87,5.87594370452583
638,885,1182,V100,8.662721360426067
638,885,1182,V101,8.662721360426067
638,885,1182,V102,8.662721360426067
638,885,965,V106,6.123119155303686
638,885,965,V109,6.123119155303686
638,885,965,V115,6.123119155303686
638,1068,1106,V103,4.880745078525951
638,1068,1106,V108,4.880745078525951
638,1068,1106,V122,4.880745078525951
638,535,708,V123,4.548441137468074
640,1068,1106,V128,4.880745078525951
640,1068,1106,V129,4.880745078525951
640,1068,1106,V133,4.880745078525951
640,783,917,V22,5.8083597500151045
640,783,917,V23,5.8083597500151045
640,783,917,V24,5.8083597500151045
640,885,931,V125,3.0617002345235647
640,885,931,V126,3.0617002345235647
640,885,931,V131,3.0617002345235647
640,885,834,V138,7.688685710981335
640,885,834,V139,7.688685710981335
640,1182,1398,V78,5.640321895106829
640,1182,1398,V88,5.640321895106829
640,535,708,V116,4.548441137468074
640,535,708,V142,4.548441137468074
640,672,849,V45,6.511836392511076
640,672,849,V67,6.511836392511076
640,1182,1276,V105,7.919661523440269
640,672,508,V83,8.81713559460697
640,783,659,V25,5.809594285895007
640,885,1091,V146,10.203820878312005
642,708,834,V48,4.389831624444016
642,708,834,V87,4.389831624444016
642,885,834,V27,7.688685710981335
642,885,834,V46,7.688685710981335
642,885,834,V50,7.688685710981335
642,885,834,V160,7.688685710981335
642,885,834,V161,7.688685710981335
642,1102,1229,V36,3.8392690799482057
642,1276,1229,V129,3.959637309104105
642,1106,1229,V42,6.605818539698737
642,1435,1229,V117,10.197737357480824
642,672,1229,V124,14.57987655243148
642,783,1091,V21,10.241109598832232
642,783,1091,V22,10.241109598832232
642,783,1091,V23,10.241109598832232
642,783,1091,V24,10.241109598832232
642,783,965,V25,10.498093903671007
642,783,965,V26,10.498093903671007
642,783,965,V28,10.498093903671007
642,783,917,V30,5.8083597500151045
642,783,931,V33,18.3740064075405
642,783,1013,V35,15.308499342485224
642,783,659,V37,5.809594285895007
644,1276,1398,V78,7.438993890374081
644,1276,1398,V91,7.438993890374081
644,783,1398,V21,19.874616662347663
644,783,1398,V22,19.874616662347663
644,783,1398,V23,19.874616662347663
644,783,1398,V24,19.874616662347663
644,783,1398,V25,19.874616662347663
644,783,1398,V26,19.874616662347663
644,783,1398,V30,19.874616662347663
644,783,1398,V32,19.874616662347663
644,783,1398,V34,19.874616662347663
644,783,1398,V35,19.874616662347663
644,783,1398,V42,19.874616662347663
644,783,1398,V44,19.874616662347663
644,783,1398,V45,19.874616662347663
644,783,1398,V47,19.874616662347663
644,783,1398,V49,19.874616662347663
644,783,1398,V51,19.874616662347663
644,783,1398,V52,19.874616662347663
644,783,1398,V53,19.874616662347663
644,783,1398,V54,19.874616662347663
644,783,1398,V55,19.874616662347663
644,783,1398,V58,19.874616662347663
644,783,1398,V59,19.874616662347663
644,783,1398,V60,19.874616662347663
644,783,1398,V61,19.874616662347663
644,783,1398,V62,19.874616662347663
644,783,1398,V63,19.874616662347663
644,783,1398,V64,19.874616662347663
644,783,1398,V65,19.874616662347663
644,783,1398,V66,19.874616662347663
644,783,1398,V68,19.874616662347663
644,783,1398,V69,19.874616662347663
644,359,535,V72,5.855067293961566
644,359,535,V81,5.855067293961566
644,359,535,V90,5.855067293961566
644,783,1068,V70,26.525178301273773
644,783,1068,V71,26.525178301273773
644,783,1068,V73,26.525178301273773
644,783,659,V74,5.809594285895007
644,783,659,V75,5.809594285895007
644,783,1091,V76,10.241109598832232
644,783,1091,V77,10.241109598832232
644,783,965,V79,10.498093903671007
644,359,849,V93,20.280567075307232
644,359,708,V104,10.088438580081291
644,783,1102,V80,18.800951364959644
644,783,1229,V82,18.841160835534616
646,882,965,V40,3.616965677313317
646,882,965,V41,3.616965677313317
646,882,965,V81,3.616965677313317
646,834,965,V30,3.83986736177262
646,834,965,V32,3.83986736177262
646,834,965,V34,3.83986736177262
646,834,965,V36,3.83986736177262
646,834,917,V45,3.617203703030827
646,834,917,V61,3.617203703030827
646,1106,931,V93,5.283575443416337
646,1182,931,V49,9.422487826577225
646,834,672,V63,10.50082625207165
646,834,672,V64,10.50082625207165
646,834,508,V65,19.29831547550127
646,1182,1398,V51,5.640321895106829
648,1102,885,V76,5.875878565174106
648,965,885,V30,6.123119155303686
648,965,885,V93,6.123119155303686
648,834,885,V28,7.688685710981335
648,834,885,V32,7.688685710981335
648,834,885,V36,7.688685710981335
648,834,708,V54,4.389831624444016
648,834,708,V68,4.389831624444016
648,1182,1068,V35,14.6407627195109
648,1182,1068,V52,14.6407627195109
648,834,882,V69,4.883195120135012
648,1182,1276,V53,7.919661523440269
648,783,566,V22,5.876334276322891
648,834,672,V78,10.50082625207165
650,659,708,V54,5.815596432206299
650,659,708,V55,5.815596432206299
650,965,708,V63,6.739138237495128
650,965,708,V75,6.739138237495128
650,931,708,V78,9.423506251261468
650,783,708,V24,10.697285568723771
650,1229,1013,V51,5.640389822593795
650,1106,1013,V53,7.015517581545067
650,1091,1013,V23,7.92275625179966
650,783,1013,V25,15.308499342485224
650,783,1013,V27,15.308499342485224
650,783,834,V22,7.689481736045675
650,783,834,V29,7.689481736045675
650,783,834,V33,7.689481736045675
650,783,1276,V34,22.606377139254327
650,783,1276,V37,22.606377139254327
650,783,535,V36,11.620421645142477
650,783,535,V40,11.620421645142477
650,783,882,V41,12.561839638690564
650,783,1370,V44,30.28578929187396
652,965,834,V23,3.83986736177262
652,965,834,V25,3.83986736177262
652,965,834,V26,3.83986736177262
652,708,834,V63,4.389831624444016
652,659,834,V33,5.284552964469467
652,885,834,V27,7.688685710981335
652,885,834,V55,7.688685710981335
652,931,1370,V93,14.0283994658549
652,885,1370,V68,16.72338167333642
652,1435,1370,V51,20.067774326898714
652,783,1370,V21,30.28578929187396
652,783,1370,V28,30.28578929187396
652,783,1370,V32,30.28578929187396
652,783,1013,V39,15.308499342485224
652,783,1013,V43,15.308499342485224
652,783,1182,V45,15.175538880502293
652,783,1182,V46,15.175538880502293
652,783,882,V47,12.561839638690564
652,783,882,V48,12.561839638690564
652,783,1091,V49,10.241109598832232
652,783,1091,V52,10.241109598832232
652,783,917,V56,5.8083597500151045
652,783,672,V58,17.445012141301472
654,965,834,V22,3.83986736177262
654,965,834,V42,3.83986736177262
654,965,834,V58,3.83986736177262
654,965,834,V97,3.83986736177262
654,708,834,V24,4.389831624444016
654,708,834,V30,4.389831624444016
654,885,834,V50,7.688685710981335
654,1182,1276,V41,7.919661523440269
654,1182,1276,V45,7.919661523440269
654,1013,1276,V35,8.190822817543284
654,1013,1276,V43,8.190822817543284
654,1013,1276,V51,8.190822817543284
654,1013,1276,V68,8.190822817543284
654,535,672,V36,8.311483007291683
654,855,672,V75,11.369656353246375
654,783,1106,V23,22.318447076891776
654,783,1106,V26,22.318447076891776
654,783,1068,V27,26.525178301273773
654,783,1068,V31,26.525178301273773
654,783,931,V33,18.3740064075405
654,783,931,V40,18.3740064075405
654,783,1370,V46,30.28578929187396
654,783,1370,V48,30.28578929187396
654,783,917,V49,5.8083597500151045
654,783,659,V55,5.809594285895007
654,783,1091,V56,10.241109598832232
656,1068,1370,V31,7.841426035905807
656,1102,1370,V26,11.609712853230407
656,1102,1370,V48,11.609712853230407
656,1229,1370,V37,11.877749718768223
656,1398,1370,V164,14.289920547900731
656,885,1370,V24,16.72338167333642
656,885,1370,V39,16.72338167333642
656,885,1370,V40,16.72338167333642
656,885,1370,V41,16.72338167333642
656,885,1370,V81,16.72338167333642
656,885,1370,V95,16.72338167333642
656,882,1370,V33,18.783825554252072
656,882,1370,V42,18.783825554252072
656,965,1370,V47,19.81745132026361
656,535,1370,V75,27.18900163167172
656,783,1370,V53,30.28578929187396
656,783,1370,V55,30.28578929187396
656,783,1370,V61,30.28578929187396
656,783,1370,V62,30.28578929187396
656,783,1370,V63,30.28578929187396
656,783,1370,V64,30.28578929187396
656,783,1370,V65,30.28578929187396
656,783,834,V25,7.689481736045675
656,783,834,V43,7.689481736045675
656,783,834,V49,7.689481736045675
656,783,834,V66,7.689481736045675
656,783,834,V67,7.689481736045675
656,783,834,V69,7.689481736045675
656,1102,1106,V28,3.80171314717607
656,783,1106,V74,22.318447076891776
656,783,931,V76,18.3740064075405
656,783,931,V77,18.3740064075405
656,783,1182,V79,15.175538880502293
656,783,1182,V82,15.175538880502293
656,783,1276,V83,22.606377139254327
656,783,659,V84,5.809594285895007
658,882,708,V34,4.837510953567602
658,882,708,V46,4.837510953567602
658,885,708,V36,6.511469320496247
658,965,708,V21,6.739138237495128
658,965,708,V52,6.739138237495128
658,965,834,V27,3.83986736177262
658,783,834,V29,7.689481736045675
658,783,834,V30,7.689481736045675
658,783,834,V54,7.689481736045675
658,783,834,V57,7.689481736045675
658,1106,1276,V28,4.836798739645476
658,1106,1276,V31,4.836798739645476
658,1106,1276,V33,4.836798739645476
658,1106,1276,V37,4.836798739645476
658,783,1091,V59,10.241109598832232
658,783,566,V66,5.876334276322891
658,783,917,V67,5.8083597500151045
658,849,931,V45,4.4061387562478425
658,1068,1370,V44,7.841426035905807
660,882,885,V25,2.852794790784161
660,882,885,V29,2.852794790784161
660,931,885,V45,3.0617002345235647
660,1013,885,V54,3.46869779664105
660,659,834,V91,5.284552964469467
660,783,834,V49,7.689481736045675
660,783,834,V50,7.689481736045675
660,783,834,V56,7.689481736045675
660,1229,1276,V68,3.959637309104105
660,1106,1276,V26,4.836798739645476
660,1106,1276,V39,4.836798739645476
660,535,708,V34,4.548441137468074
660,535,708,V36,4.548441137468074
660,1013,965,V58,4.881725510082577
660,1102,965,V23,8.304116264398273
660,1398,1182,V51,5.640321895106829
660,783,917,V57,5.8083597500151045
660,1106,1068,V40,4.880745078525951
662,849,931,V29,4.4061387562478425
662,849,931,V33,4.4061387562478425
662,849,931,V43,4.4061387562478425
662,849,931,V45,4.4061387562478425
662,849,931,V74,4.4061387562478425
662,849,931,V76,4.4061387562478425
662,965,834,V23,3.83986736177262
662,965,834,V30,3.83986736177262
662,882,834,V36,4.883195120135012
662,882,885,V54,2.852794790784161
662,1102,1013,V31,3.616251246210677
662,535,708,V21,4.548441137468074
664,965,882,V49,3.616965677313317
664,965,882,V58,3.616965677313317
664,931,882,V45,5.812636165404913
664,1102,882,V37,7.314751476768936
664,659,834,V23,5.284552964469467
664,659,834,V52,5.284552964469467
664,659,834,V71,5.284552964469467
664,1068,849,V24,6.736061142863373
664,1106,849,V41,6.739095652327052
664,1106,849,V42,6.739095652327052
664,1106,885,V47,7.965381677815221
664,1106,885,V48,7.965381677815221
664,783,566,V28,5.876334276322891
664,535,672,V50,8.311483007291683
664,1106,1370,V53,8.775541653972592
666,917,834,V23,3.617203703030827
666,965,834,V31,3.83986736177262
666,965,834,V52,3.83986736177262
666,965,834,V74,3.83986736177262
666,1091,834,V70,6.739095652327052
666,783,834,V40,7.689481736045675
666,1068,855,V53,5.87594370452583
666,1068,855,V114,5.87594370452583
666,1068,1370,V115,7.841426035905807
666,535,708,V48,4.548441137468074
668,882,834,V27,4.883195120135012
668,659,834,V30,5.284552964469467
668,659,834,V71,5.284552964469467
668,1091,834,V81,6.739095652327052
668,885,834,V45,7.688685710981335
668,1013,965,V36,4.881725510082577
668,1182,965,V22,5.875748248781206
668,1182,965,V26,5.875748248781206
668,885,965,V91,6.123119155303686
668,535,708,V48,4.548441137468074
670,1229,1276,V27,3.959637309104105
670,885,882,V22,2.852794790784161
670,885,931,V40,3.0617002345235647
672,885,882,V31,2.852794790784161
672,885,882,V70,2.852794790784161
672,885,882,V92,2.852794790784161
672,885,882,V98,2.852794790784161
672,885,882,V104,2.852794790784161
672,885,882,V106,2.852794790784161
672,885,882,V121,2.852794790784161
672,1013,931,V47,4.405443882921528
672,1013,931,V68,4.405443882921528
672,1013,931,V79,4.405443882921528
672,965,834,V36,3.83986736177262
672,965,834,V48,3.83986736177262
672,1091,834,V30,6.739095652327052
672,672,849,V21,6.511836392511076
672,672,849,V22,6.511836392511076
674,885,882,V40,2.852794790784161
674,885,882,V57,2.852794790784161
674,965,882,V23,3.616965677313317
674,965,834,V30,3.83986736177262
674,965,834,V47,3.83986736177262
674,965,834,V53,3.83986736177262
676,965,834,V36,3.83986736177262
676,1102,885,V25,5.875878565174106
676,1091,917,V45,4.837115435970083
682,1091,1182,V83,5.24631154396119
682,1091,1182,V112,5.24631154396119
682,1398,1182,V29,5.640321895106829
682,1398,1182,V30,5.640321895106829
682,1398,1182,V31,5.640321895106829
682,1398,1182,V37,5.640321895106829
682,1398,1182,V41,5.640321895106829
682,1398,1182,V44,5.640321895106829
682,1398,1182,V56,5.640321895106829
682,1398,1182,V58,5.640321895106829
682,1398,1182,V60,5.640321895106829
682,1102,1229,V36,3.8392690799482057
682,1102,1229,V54,3.8392690799482057
682,1102,1229,V71,3.8392690799482057
682,1102,1229,V72,3.8392690799482057
682,1102,1229,V78,3.8392690799482057
682,1102,1229,V89,3.8392690799482057
682,1102,1229,V124,3.8392690799482057
682,1102,1229,V125,3.8392690799482057
682,1276,1229,V27,3.959637309104105
682,965,834,V47,3.83986736177262
682,965,834,V48,3.83986736177262
682,855,849,V55,5.706192977162224
684,1106,1276,V75,4.836798739645476
684,1106,1276,V77,4.836798739645476
684,1106,1276,V95,4.836798739645476
684,1106,1276,V97,4.836798739645476
684,1398,1276,V29,7.438993890374081
684,1398,1276,V37,7.438993890374081
684,1398,1276,V41,7.438993890374081
684,1398,1276,V44,7.438993890374081
684,1398,1276,V54,7.438993890374081
684,1398,1276,V56,7.438993890374081
684,885,834,V21,7.688685710981335
684,885,834,V23,7.688685710981335
684,783,834,V22,7.689481736045675
684,783,834,V25,7.689481736045675
684,783,834,V26,7.689481736045675
684,783,834,V27,7.689481736045675
684,783,834,V31,7.689481736045675
684,783,659,V32,5.809594285895007
684,783,659,V35,5.809594285895007
684,783,659,V36,5.809594285895007
684,783,659,V39,5.809594285895007
684,672,849,V49,6.511836392511076
684,672,849,V50,6.511836392511076
684,672,849,V82,6.511836392511076
684,1398,1229,V58,5.282433425576492
684,1398,1229,V60,5.282433425576492
684,1398,1229,V64,5.282433425576492
684,1398,1182,V71,5.640321895106829
684,1398,1182,V72,5.640321895106829
684,1068,1102,V43,8.626274418583195
684,1068,1102,V61,8.626274418583195
684,672,882,V101,7.316385892068044
684,535,882,V119,9.342211452816104
684,1398,1013,V76,10.186376382121452
684,1398,1091,V78,9.6478124773512
684,783,965,V42,10.498093903671007
686,783,834,V21,7.689481736045675
686,783,834,V22,7.689481736045675
686,783,834,V23,7.689481736045675
686,783,834,V25,7.689481736045675
686,783,834,V26,7.689481736045675
686,783,834,V27,7.689481736045675
686,783,659,V28,5.809594285895007
686,783,659,V30,5.809594285895007
686,783,659,V31,5.809594285895007
686,783,659,V32,5.809594285895007
686,783,659,V33,5.809594285895007
686,1276,882,V56,12.01740314095659
686,783,882,V35,12.561839638690564
686,783,882,V39,12.561839638690564
686,783,882,V40,12.561839638690564
686,783,882,V43,12.561839638690564
686,1068,931,V114,8.304853837171269
686,1068,931,V120,8.304853837171269
686,1068,931,V126,8.304853837171269
686,508,931,V69,12.961089805583503
686,783,708,V45,10.697285568723771
686,783,708,V47,10.697285568723771
686,783,708,V48,10.697285568723771
686,783,708,V49,10.697285568723771
686,783,965,V50,10.498093903671007
686,783,965,V55,10.498093903671007
686,783,965,V58,10.498093903671007
686,783,965,V59,10.498093903671007
686,783,535,V60,11.620421645142477
686,783,535,V61,11.620421645142477
686,783,535,V62,11.620421645142477
686,783,535,V63,11.620421645142477
686,1398,1182,V29,5.640321895106829
686,1398,1182,V34,5.640321895106829
686,1398,1182,V37,5.640321895106829
686,783,672,V66,17.445012141301472
686,783,672,V68,17.445012141301472
686,783,672,V76,17.445012141301472
686,1398,1229,V41,5.282433425576492
686,1398,1229,V44,5.282433425576492
686,1398,885,V54,13.644566108710274
686,1398,1013,V71,10.186376382121452
688,1102,885,V41,5.875878565174106
688,965,885,V22,6.123119155303686
688,965,885,V54,6.123119155303686
688,1398,885,V44,13.644566108710274
688,1398,885,V72,13.644566108710274
688,1398,885,V75,13.644566108710274
688,1398,885,V77,13.644566108710274
688,1398,885,V89,13.644566108710274
688,1398,885,V91,13.644566108710274
688,783,882,V21,12.561839638690564
688,783,882,V23,12.561839638690564
688,783,882,V25,12.561839638690564
688,783,882,V26,12.561839638690564
688,783,882,V27,12.561839638690564
688,783,882,V28,12.561839638690564
688,1398,931,V95,13.495077260547856
688,1398,931,V97,13.495077260547856
688,1398,931,V109,13.495077260547856
688,1398,931,V112,13.495077260547856
688,1398,931,V113,13.495077260547856
688,1398,931,V116,13.495077260547856
688,1398,849,V117,17.29967050146656
688,1398,849,V124,17.29967050146656
688,1435,849,V46,21.760964392715465
688,1435,849,V51,21.760964392715465
688,1435,849,V52,21.760964392715465
688,783,659,V29,5.809594285895007
688,783,659,V32,5.809594285895007
688,783,659,V33,5.809594285895007
688,783,659,V35,5.809594285895007
688,783,535,V36,11.620421645142477
688,783,535,V37,11.620421645142477
688,783,535,V39,11.620421645142477
688,783,535,V40,11.620421645142477
688,1435,1276,V57,13.12435356350428
688,1435,1276,V67,13.12435356350428
688,1435,1276,V73,13.12435356350428
688,1435,1276,V74,13.12435356350428
688,783,708,V42,10.697285568723771
688,783,708,V43,10.697285568723771
688,1435,1229,V79,10.197737357480824
688,1435,1229,V86,10.197737357480824
688,1435,1106,V87,16.79895041123717
688,783,917,V45,5.8083597500151045
688,1435,1091,V90,8.895594131564904
688,1435,1013,V93,13.46916483615337
688,1435,1370,V98,20.067774326898714
690,708,535,V40,4.548441137468074
690,882,535,V23,9.342211452816104
690,885,535,V25,10.569431103772471
690,885,931,V22,3.0617002345235647
690,849,931,V42,4.4061387562478425
690,1102,931,V34,4.548251915941359
690,1102,855,V76,12.404917058701368
690,1435,855,V99,26.06628411335739
690,1435,855,V106,26.06628411335739
690,783,965,V24,10.498093903671007
690,783,965,V29,10.498093903671007
690,783,965,V30,10.498093903671007
690,1435,1013,V118,13.46916483615337
690,783,566,V32,5.876334276322891
690,1435,1068,V123,21.475755781759403
692,885,535,V117,10.569431103772471
692,783,535,V21,11.620421645142477
692,783,535,V24,11.620421645142477
692,783,535,V25,11.620421645142477
692,783,535,V26,11.620421645142477
692,783,834,V27,7.689481736045675
692,783,834,V28,7.689481736045675
692,783,834,V29,7.689481736045675
692,783,659,V32,5.809594285895007
692,783,659,V33,5.809594285895007
692,783,659,V35,5.809594285895007
692,1182,1091,V44,5.24631154396119
692,1182,1091,V50,5.24631154396119
692,1182,1091,V75,5.24631154396119
692,1435,1398,V131,5.805514364498899
692,1435,1398,V132,5.805514364498899
692,1435,1398,V133,5.805514364498899
692,1106,1229,V51,6.605818539698737
692,1435,1229,V134,10.197737357480824
692,1435,1229,V135,10.197737357480824
692,783,708,V37,10.697285568723771
692,783,708,V39,10.697285568723771
692,783,708,V43,10.697285568723771
692,1068,931,V54,8.304853837171269
692,1068,931,V98,8.304853837171269
692,783,882,V45,12.561839638690564
692,783,882,V47,12.561839638690564
692,1068,1102,V99,8.626274418583195
692,1435,1102,V136,13.72369573679552
692,1435,849,V137,21.760964392715465
692,1435,1370,V138,20.067774326898714
692,783,566,V48,5.876334276322891
694,1013,965,V23,4.881725510082577
694,1013,965,V98,4.881725510082577
694,1182,965,V50,5.875748248781206
694,1182,965,V92,5.875748248781206
694,1182,965,V118,5.875748248781206
694,885,965,V34,6.123119155303686
694,885,965,V43,6.123119155303686
694,783,917,V21,5.8083597500151045
694,783,917,V24,5.8083597500151045
694,659,834,V48,5.284552964469467
694,885,834,V47,7.688685710981335
694,885,535,V75,10.569431103772471
694,885,535,V99,10.569431103772471
694,1102,1370,V31,11.609712853230407
694,931,882,V33,5.812636165404913
694,931,708,V54,9.423506251261468
696,931,849,V59,4.4061387562478425
696,1106,849,V42,6.739095652327052
696,834,849,V34,14.265481524111957
696,1435,1370,V139,20.067774326898714
696,1435,1370,V140,20.067774326898714
696,1435,1276,V141,13.12435356350428
696,1435,1276,V142,13.12435356350428
696,834,885,V32,7.688685710981335
696,834,885,V35,7.688685710981335
696,834,965,V37,3.83986736177262
696,834,965,V48,3.83986736177262
696,834,1091,V55,6.739095652327052
696,359,535,V53,5.855067293961566
696,1435,1182,V143,8.189653224238826
696,783,1013,V26,15.308499342485224
698,834,965,V23,3.83986736177262
698,834,965,V29,3.83986736177262
698,834,965,V37,3.83986736177262
698,1182,965,V33,5.875748248781206
698,1182,965,V70,5.875748248781206
698,1106,1102,V133,3.80171314717607
698,1182,1102,V71,6.120304815079837
698,1182,1229,V73,3.960024365898536
698,783,659,V21,5.809594285895007
700,885,931,V25,3.0617002345235647
700,885,931,V43,3.0617002345235647
700,882,834,V57,4.883195120135012
700,1091,834,V70,6.739095652327052
700,1229,1102,V22,3.8392690799482057
700,1276,1102,V62,4.836798739646007
700,1182,1013,V73,5.283249325636405
700,1370,1068,V31,7.841426035905807
700,783,917,V24,5.8083597500151045
702,965,834,V23,3.83986736177262
702,965,834,V57,3.83986736177262
702,708,834,V35,4.389831624444016
702,783,834,V24,7.689481736045675
702,1013,1182,V26,5.283249325636405
702,1013,1182,V56,5.283249325636405
702,1013,1182,V65,5.283249325636405
702,1276,1182,V67,7.919661523440269
702,783,1091,V27,10.241109598832232
702,783,1091,V28,10.241109598832232
702,783,1091,V30,10.241109598832232
702,783,1091,V33,10.241109598832232
702,855,849,V31,5.706192977162224
702,672,849,V32,6.511836392511076
702,1276,885,V71,10.705394585658723
702,1276,885,V124,10.705394585658723
702,783,917,V34,5.8083597500151045
702,783,535,V36,11.620421645142477
702,1276,882,V132,12.01740314095659
702,783,931,V39,18.3740064075405
702,783,1106,V40,22.318447076891776
704,1102,1229,V22,3.8392690799482057
704,1102,1229,V43,3.8392690799482057
704,931,1229,V32,8.28950012214804
704,931,1229,V39,8.28950012214804
704,931,1229,V105,8.28950012214804
704,931,1229,V108,8.28950012214804
704,885,1229,V29,8.89559413156451
704,885,1229,V56,8.89559413156451
704,708,834,V21,4.389831624444016
704,885,834,V65,7.688685710981335
704,783,834,V24,7.689481736045675
704,783,834,V27,7.689481736045675
704,783,834,V30,7.689481736045675
704,672,1276,V97,15.682986279658085
704,783,1182,V42,15.175538880502293
704,783,917,V35,5.8083597500151045
704,783,849,V48,21.903135562742808
706,1398,1182,V92,5.640321895106829
706,965,1182,V37,5.875748248781206
706,965,1182,V46,5.875748248781206
706,931,885,V49,3.0617002345235647
706,931,885,V61,3.0617002345235647
706,1102,885,V43,5.875878565174106
706,1102,1229,V107,3.8392690799482057
706,1276,1229,V29,3.959637309104105
706,708,535,V22,4.548441137468074
706,834,659,V21,5.284552964469467
706,1068,1106,V28,4.880745078525951
708,882,885,V24,2.852794790784161
708,882,885,V46,2.852794790784161
708,882,885,V86,2.852794790784161
708,1102,885,V25,5.875878565174106
708,1102,885,V52,5.875878565174106
708,1102,885,V107,5.875878565174106
708,1102,885,V124,5.875878565174106
708,672,885,V23,5.876204136119103
708,672,885,V95,5.876204136119103
708,965,885,V51,6.123119155303686
708,708,885,V34,6.511469320496247
708,708,885,V39,6.511469320496247
708,708,885,V56,6.511469320496247
708,849,931,V36,4.4061387562478425
708,849,931,V48,4.4061387562478425
708,1068,931,V28,8.304853837171269
708,1068,931,V31,8.304853837171269
708,1276,1106,V91,4.836798739645476
708,855,1106,V74,9.423483175173253
708,708,1106,V75,14.476051732619457
708,708,1182,V83,12.26833953852524
708,708,1182,V105,12.26833953852524
708,783,834,V27,7.689481736045675
710,885,931,V25,3.0617002345235647
710,882,965,V23,3.616965677313317
710,1102,1276,V69,4.836798739646007
712,708,882,V44,4.837510953567602
712,708,882,V59,4.837510953567602
712,708,882,V77,4.837510953567602
712,834,882,V34,4.883195120135012
712,834,965,V37,3.83986736177262
712,834,965,V39,3.83986736177262
712,1102,931,V74,4.548251915941359
712,1102,885,V75,5.875878565174106
714,1102,1229,V23,3.8392690799482057
714,1102,1229,V36,3.8392690799482057
716,931,885,V35,3.0617002345235647
716,931,885,V45,3.0617002345235647
716,931,885,V79,3.0617002345235647
716,1229,1182,V63,3.960024365898536
718,965,882,V45,3.616965677313317
718,965,882,V61,3.616965677313317
718,708,882,V63,4.837510953567602
718,708,882,V75,4.837510953567602
718,708,882,V91,4.837510953567602
718,1068,855,V37,5.87594370452583
718,931,885,V53,3.0617002345235647
720,1229,1276,V40,3.959637309104105
720,1229,1276,V44,3.959637309104105
720,1229,1276,V54,3.959637309104105
720,1229,1276,V76,3.959637309104105
720,1229,1276,V77,3.959637309104105
720,1229,1276,V122,3.959637309104105
720,1229,1276,V131,3.959637309104105
720,1102,1013,V23,3.616251246210677
720,1102,1013,V30,3.616251246210677
720,1102,1013,V36,3.616251246210677
720,708,882,V61,4.837510953567602
720,708,882,V75,4.837510953567602
722,1106,1276,V37,4.836798739645476
722,1106,1276,V48,4.836798739645476
722,1102,1276,V41,4.836798739646007
722,1102,1276,V56,4.836798739646007
722,1102,1276,V63,4.836798739646007
722,1102,1276,V68,4.836798739646007
722,1102,1276,V70,4.836798739646007
722,1102,1276,V82,4.836798739646007
722,1102,1276,V91,4.836798739646007
722,1102,1276,V97,4.836798739646007
722,885,1013,V36,3.46869779664105
722,1102,1013,V106,3.616251246210677
722,965,882,V23,3.616965677313317
724,885,882,V37,2.852794790784161
724,885,882,V45,2.852794790784161
724,885,882,V48,2.852794790784161
724,885,882,V53,2.852794790784161
724,885,882,V56,2.852794790784161
724,917,834,V69,3.617203703030827
724,917,834,V84,3.617203703030827
724,965,834,V36,3.83986736177262
724,965,834,V49,3.83986736177262
724,1102,1276,V113,4.836798739646007
724,1102,1276,V119,4.836798739646007
726,885,1013,V45,3.46869779664105
726,885,882,V48,2.852794790784161
728,885,882,V63,2.852794790784161
728,885,882,V68,2.852794790784161
730,885,882,V68,2.852794790784161
730,885,882,V86,2.852794790784161
730,1102,1229,V129,3.8392690799482057
732,783,659,V22,5.809594285895007
732,783,659,V25,5.809594285895007
732,783,659,V27,5.809594285895007
732,783,659,V32,5.809594285895007
732,783,659,V35,5.809594285895007
732,783,659,V37,5.809594285895007
732,1398,1229,V102,5.282433425576492
732,1398,1229,V106,5.282433425576492
732,1398,1229,V122,5.282433425576492
732,931,1229,V50,8.28950012214804
732,931,1229,V62,8.28950012214804
732,965,834,V45,3.83986736177262
732,708,834,V23,4.389831624444016
732,708,834,V28,4.389831624444016
732,1068,1276,V121,8.66943360865319
732,1068,1276,V123,8.66943360865319
732,885,882,V91,2.852794790784161
732,708,882,V39,4.837510953567602
732,1068,1106,V126,4.880745078525951
734,535,708,V36,4.548441137468074
734,535,708,V86,4.548441137468074
734,535,708,V114,4.548441137468074
734,535,708,V115,4.548441137468074
734,535,708,V117,4.548441137468074
734,535,708,V130,4.548441137468074
734,672,708,V52,6.751878981086827
734,931,1229,V132,8.28950012214804
734,931,1229,V134,8.28950012214804
734,1091,1229,V29,9.180034524729397
734,1091,1229,V34,9.180034524729397
734,1091,1229,V53,9.180034524729397
734,1091,1229,V55,9.180034524729397
734,783,659,V21,5.809594285895007
734,783,659,V22,5.809594285895007
734,783,659,V23,5.809594285895007
734,783,659,V24,5.809594285895007
734,1091,965,V78,4.388654712140797
734,1091,965,V80,4.388654712140797
734,1091,965,V83,4.388654712140797
734,1091,965,V88,4.388654712140797
734,1091,834,V105,6.739095652327052
734,1091,834,V111,6.739095652327052
734,1091,834,V128,6.739095652327052
734,1091,882,V137,7.965381677815221
734,783,882,V25,12.561839638690564
734,783,882,V27,12.561839638690564
734,783,1398,V28,19.874616662347663
734,783,1398,V31,19.874616662347663
734,508,1276,V64,20.81243366468926
734,508,1276,V67,20.81243366468926
734,783,1182,V32,15.175538880502293
734,783,1435,V33,17.957022310236383
734,508,1102,V79,17.327384898394307
734,508,849,V85,9.342303526294996
736,1013,1229,V40,5.640389822593795
736,1013,1229,V41,5.640389822593795
736,1013,1229,V44,5.640389822593795
736,849,1229,V119,12.017793437809017
736,834,659,V21,5.284552964469467
736,834,659,V22,5.284552964469467
736,834,659,V24,5.284552964469467
736,834,659,V36,5.284552964469467
736,834,965,V52,3.83986736177262
736,834,965,V85,3.83986736177262
736,834,965,V114,3.83986736177262
736,834,965,V115,3.83986736177262
736,359,535,V68,5.855067293961566
736,359,535,V89,5.855067293961566
736,359,535,V96,5.855067293961566
736,834,535,V117,8.012842951904279
736,783,1182,V26,15.175538880502293
736,783,1182,V28,15.175538880502293
736,783,1182,V29,15.175538880502293
736,783,708,V31,10.697285568723771
736,783,708,V33,10.697285568723771
736,783,708,V34,10.697285568723771
736,783,1091,V35,10.241109598832232
736,783,1091,V37,10.241109598832232
736,783,1091,V39,10.241109598832232
736,783,931,V45,18.3740064075405
736,783,931,V46,18.3740064075405
736,783,1102,V47,18.800951364959644
736,783,1102,V48,18.800951364959644
736,783,882,V49,12.561839638690564
736,783,1398,V50,19.874616662347663
738,783,882,V21,12.561839638690564
738,783,882,V22,12.561839638690564
738,783,882,V24,12.561839638690564
738,783,882,V25,12.561839638690564
738,783,882,V26,12.561839638690564
738,783,882,V29,12.561839638690564
738,783,931,V30,18.3740064075405
738,783,931,V32,18.3740064075405
738,783,931,V36,18.3740064075405
738,783,931,V40,18.3740064075405
738,783,885,V41,15.378166398318458
738,783,885,V43,15.378166398318458
738,783,885,V44,15.378166398318458
738,783,885,V48,15.378166398318458
738,783,708,V52,10.697285568723771
738,783,708,V53,10.697285568723771
738,566,535,V54,11.474227573045091
738,783,855,V59,27.60378823743443
738,783,834,V62,7.689481736045675
738,783,1091,V63,10.241109598832232
738,1296,1398,V34,15.359029036692972
738,783,1106,V64,22.318447076891776
738,783,1013,V65,15.308499342485224
738,783,1229,V66,18.841160835534616
740,783,834,V21,7.689481736045675
740,783,834,V24,7.689481736045675
740,783,834,V27,7.689481736045675
740,783,834,V31,7.689481736045675
740,783,834,V42,7.689481736045675
740,783,834,V45,7.689481736045675
740,783,834,V47,7.689481736045675
740,783,834,V49,7.689481736045675
740,783,834,V52,7.689481736045675
740,783,834,V53,7.689481736045675
740,783,834,V54,7.689481736045675
740,783,834,V55,7.689481736045675
740,783,834,V57,7.689481736045675
740,783,834,V59,7.689481736045675
740,783,834,V64,7.689481736045675
740,783,834,V67,7.689481736045675
740,783,834,V68,7.689481736045675
740,783,834,V79,7.689481736045675
740,783,834,V80,7.689481736045675
740,783,834,V81,7.689481736045675
740,783,834,V82,7.689481736045675
740,783,834,V84,7.689481736045675
740,783,834,V85,7.689481736045675
740,783,834,V86,7.689481736045675
740,783,834,V88,7.689481736045675
740,783,834,V89,7.689481736045675
740,783,834,V90,7.689481736045675
740,783,834,V91,7.689481736045675
740,783,834,V92,7.689481736045675
740,783,834,V93,7.689481736045675
740,783,834,V94,7.689481736045675
740,783,834,V95,7.689481736045675
740,783,834,V96,7.689481736045675
740,783,834,V97,7.689481736045675
740,783,834,V98,7.689481736045675
740,783,834,V99,7.689481736045675
740,1276,1068,V23,8.66943360865319
740,1276,1068,V65,8.66943360865319
740,1276,1068,V71,8.66943360865319
740,783,1068,V100,26.525178301273773
740,783,1106,V102,22.318447076891776
740,783,1106,V103,22.318447076891776
740,783,1106,V104,22.318447076891776
740,783,917,V105,5.8083597500151045
740,783,917,V106,5.8083597500151045
740,783,917,V108,5.8083597500151045
740,783,931,V109,18.3740064075405
740,783,931,V110,18.3740064075405
740,783,931,V111,18.3740064075405
740,783,535,V112,11.620421645142477
740,783,535,V113,11.620421645142477
740,783,1013,V114,15.308499342485224
740,783,1013,V115,15.308499342485224
740,783,1229,V116,18.841160835534616
740,783,885,V117,15.378166398318458
740,783,1091,V118,10.241109598832232
740,783,882,V121,12.561839638690564
742,834,917,V31,3.617203703030827
742,834,917,V36,3.617203703030827
742,834,917,V44,3.617203703030827
742,834,708,V59,4.389831624444016
742,882,708,V25,4.837510953567602
742,783,659,V23,5.809594285895007
742,965,1091,V21,4.388654712140797
742,882,1013,V62,3.839767699909249
742,783,566,V26,5.876334276322891
744,882,885,V41,2.852794790784161
744,882,885,V65,2.852794790784161
744,1182,885,V32,8.662721360426067
744,1276,885,V111,10.705394585658723
744,1276,931,V119,8.946223146223524
744,1276,931,V124,8.946223146223524
744,783,931,V22,18.3740064075405
744,783,1370,V24,30.28578929187396
744,783,1370,V27,30.28578929187396
744,783,1068,V34,26.525178301273773
744,783,1068,V37,26.525178301273773
744,783,1229,V26,18.841160835534616
744,783,1229,V36,18.841160835534616
744,783,1106,V39,22.318447076891776
744,783,834,V42,7.689481736045675
744,783,659,V43,5.809594285895007
744,783,1102,V47,18.800951364959644
744,359,535,V29,5.855067293961566
746,882,885,V44,2.852794790784161
746,882,885,V52,2.852794790784161
746,931,885,V33,3.0617002345235647
746,931,885,V41,3.0617002345235647
746,1182,885,V45,8.662721360426067
746,359,708,V35,10.088438580081291
746,359,708,V57,10.088438580081291
746,359,708,V58,10.088438580081291
746,359,708,V68,10.088438580081291
746,1182,965,V27,5.875748248781206
746,783,965,V23,10.498093903671007
746,783,965,V28,10.498093903671007
746,1276,1229,V71,3.959637309104105
746,1276,1229,V128,3.959637309104105
746,783,659,V30,5.809594285895007
746,783,659,V40,5.809594285895007
746,783,1091,V48,10.241109598832232
746,359,672,V72,13.82150748825628
746,783,1102,V49,18.800951364959644
746,783,1068,V50,26.525178301273773
748,783,659,V22,5.809594285895007
748,783,659,V31,5.809594285895007
748,783,659,V35,5.809594285895007
748,783,659,V40,5.809594285895007
748,708,834,V29,4.389831624444016
748,885,834,V36,7.688685710981335
748,783,834,V42,7.689481736045675
748,1013,1229,V21,5.640389822593795
748,1013,1229,V26,5.640389822593795
748,1013,1229,V37,5.640389822593795
748,359,535,V77,5.855067293961566
748,359,535,V78,5.855067293961566
748,1013,1091,V49,7.92275625179966
748,1106,1102,V32,3.80171314717607
748,931,849,V45,4.4061387562478425
748,783,965,V43,10.498093903671007
750,1102,1276,V32,4.836798739646007
750,1013,1276,V33,8.190822817543284
750,1013,1276,V41,8.190822817543284
750,1013,882,V59,3.839767699909249
750,708,882,V83,4.837510953567602
750,1068,931,V34,8.304853837171269
750,708,1370,V113,23.22363821092988
750,708,1229,V131,14.16486062369625
752,1182,1370,V24,15.837773174985912
752,1182,1370,V57,15.837773174985912
752,965,1370,V42,19.81745132026361
752,965,882,V21,3.616965677313317
752,965,882,V43,3.616965677313317
752,965,882,V59,3.616965677313317
752,917,834,V29,3.617203703030827
752,965,834,V63,3.83986736177262
752,659,834,V22,5.284552964469467
752,535,1106,V69,18.41773778392903
752,783,1106,V30,22.318447076891776
752,783,1102,V23,18.800951364959644
752,783,1013,V34,15.308499342485224
752,783,1276,V35,22.606377139254327
754,965,834,V45,3.83986736177262
754,965,834,V63,3.83986736177262
754,659,834,V22,5.284552964469467
754,885,834,V29,7.688685710981335
754,885,834,V104,7.688685710981335
754,783,834,V25,7.689481736045675
754,783,834,V28,7.689481736045675
754,783,834,V31,7.689481736045675
754,783,834,V32,7.689481736045675
754,783,834,V36,7.689481736045675
754,783,834,V39,7.689481736045675
754,783,834,V40,7.689481736045675
754,783,834,V41,7.689481736045675
754,849,1013,V49,8.811582411969269
754,849,1013,V53,8.811582411969269
754,535,882,V109,9.342211452816104
754,849,882,V57,9.574606006915822
754,849,931,V24,4.4061387562478425
754,1068,931,V26,8.304853837171269
754,359,708,V66,10.088438580081291
754,783,1182,V44,15.175538880502293
754,855,1229,V55,15.901554341364076
754,783,1091,V47,10.241109598832232
756,885,882,V21,2.852794790784161
756,885,882,V51,2.852794790784161
756,885,882,V120,2.852794790784161
756,1229,1276,V35,3.959637309104105
756,1229,1276,V47,3.959637309104105
756,965,834,V54,3.83986736177262
756,708,834,V29,4.389831624444016
756,849,672,V42,6.511836392511076
758,917,834,V87,3.617203703030827
758,965,834,V51,3.83986736177262
758,965,834,V57,3.83986736177262
758,659,834,V138,5.284552964469467
758,931,885,V24,3.0617002345235647
758,931,885,V26,3.0617002345235647
758,931,885,V28,3.0617002345235647
758,1229,1276,V35,3.959637309104105
758,849,672,V49,6.511836392511076
760,882,834,V50,4.883195120135012
760,882,834,V54,4.883195120135012
760,882,834,V56,4.883195120135012
760,882,834,V60,4.883195120135012
760,882,834,V62,4.883195120135012
760,659,834,V68,5.284552964469467
760,659,834,V116,5.284552964469467
760,1091,834,V27,6.739095652327052
760,535,708,V42,4.548441137468074
760,535,708,V61,4.548441137468074
760,535,708,V105,4.548441137468074
760,535,708,V106,4.548441137468074
760,931,885,V26,3.0617002345235647
760,931,885,V31,3.0617002345235647
760,931,885,V45,3.0617002345235647
760,1091,965,V53,4.388654712140797
760,1013,965,V32,4.881725510082577
760,1102,965,V33,8.304116264398273
760,1102,1276,V43,4.836798739646007
760,783,566,V22,5.876334276322891
760,1068,1370,V38,7.841426035905807
762,1102,1106,V30,3.80171314717607
762,1102,1106,V38,3.80171314717607
762,1229,1370,V43,11.877749718768223
762,965,882,V32,3.616965677313317
764,965,834,V42,3.83986736177262
764,708,834,V50,4.389831624444016
764,708,834,V53,4.389831624444016
764,708,834,V104,4.389831624444016
764,659,834,V40,5.284552964469467
764,1091,834,V28,6.739095652327052
764,1091,834,V33,6.739095652327052
764,1091,834,V52,6.739095652327052
764,1091,834,V66,6.739095652327052
764,1091,834,V116,6.739095652327052
764,1091,834,V128,6.739095652327052
764,783,834,V23,7.689481736045675
764,783,834,V29,7.689481736045675
764,783,834,V35,7.689481736045675
764,783,834,V36,7.689481736045675
764,783,834,V37,7.689481736045675
764,783,834,V41,7.689481736045675
764,783,834,V44,7.689481736045675
764,783,834,V51,7.689481736045675
764,931,885,V39,3.0617002345235647
764,1102,1106,V38,3.80171314717607
766,708,834,V31,4.389831624444016
766,708,834,V116,4.389831624444016
766,708,834,V124,4.389831624444016
766,882,834,V32,4.883195120135012
766,882,965,V39,3.616965677313317
766,882,965,V52,3.616965677313317
766,1068,1370,V43,7.841426035905807
768,708,834,V48,4.389831624444016
768,708,834,V67,4.389831624444016
768,708,834,V143,4.389831624444016
768,882,834,V31,4.883195120135012
768,882,834,V32,4.883195120135012
768,882,834,V43,4.883195120135012
768,882,834,V111,4.883195120135012
768,882,834,V116,4.883195120135012
768,1398,1435,V24,5.805514364498899
768,1398,1435,V25,5.805514364498899
768,1398,1435,V126,5.805514364498899
768,1091,917,V23,4.837115435970083
770,965,834,V107,3.83986736177262
770,882,834,V25,4.883195120135012
770,882,834,V31,4.883195120135012
770,1013,885,V47,3.46869779664105
772,708,834,V25,4.389831624444016
772,1091,834,V28,6.739095652327052
772,1013,882,V56,3.839767699909249
772,1013,882,V61,3.839767699909249
772,1013,885,V66,3.46869779664105
776,1229,1276,V30,3.959637309104105
776,1229,1276,V47,3.959637309104105
776,1229,1276,V54,3.959637309104105
776,1229,1276,V77,3.959637309104105
776,1182,1435,V55,8.189653224238826
778,885,882,V32,2.852794790784161
778,965,882,V55,3.616965677313317
778,1013,882,V24,3.839767699909249
778,659,834,V37,5.284552964469467
780,1091,965,V112,4.388654712140797
780,1091,965,V144,4.388654712140797
780,1091,965,V146,4.388654712140797
780,1013,965,V78,4.881725510082577
780,1013,965,V87,4.881725510082577
780,1013,965,V106,4.881725510082577
780,1013,965,V117,4.881725510082577
780,1229,1182,V141,3.960024365898536
780,1229,1182,V145,3.960024365898536
780,1013,1182,V119,5.283249325636405
780,783,659,V22,5.809594285895007
780,783,659,V24,5.809594285895007
780,783,659,V26,5.809594285895007
780,885,834,V37,7.688685710981335
780,783,834,V28,7.689481736045675
780,1106,1276,V35,4.836798739645476
780,1013,882,V135,3.839767699909249
780,1013,931,V143,4.405443882921528
782,885,834,V28,7.688685710981335
782,885,834,V72,7.688685710981335
782,885,834,V108,7.688685710981335
782,885,834,V153,7.688685710981335
782,783,834,V21,7.689481736045675
782,783,834,V22,7.689481736045675
782,783,834,V24,7.689481736045675
782,783,965,V26,10.498093903671007
782,783,965,V27,10.498093903671007
782,783,965,V31,10.498093903671007
782,783,965,V32,10.498093903671007
782,783,965,V35,10.498093903671007
782,783,965,V38,10.498093903671007
782,783,659,V39,5.809594285895007
782,783,659,V40,5.809594285895007
782,783,659,V42,5.809594285895007
782,783,659,V46,5.809594285895007
782,783,659,V48,5.809594285895007
782,1106,931,V43,5.283575443416337
782,1106,931,V52,5.283575443416337
782,1106,931,V126,5.283575443416337
782,672,931,V25,6.73915242731767
782,535,708,V34,4.548441137468074
782,359,708,V75,10.088438580081291
782,359,708,V79,10.088438580081291
782,359,708,V80,10.088438580081291
782,1398,1229,V30,5.282433425576492
782,1398,1229,V47,5.282433425576492
782,1398,1276,V54,7.438993890374081
782,1398,1182,V77,5.640321895106829
782,1398,1091,V115,9.6478124773512
782,1068,1102,V63,8.626274418583195
784,783,834,V21,7.689481736045675
784,783,834,V22,7.689481736045675
784,783,834,V28,7.689481736045675
784,783,834,V29,7.689481736045675
784,1068,931,V142,8.304853837171269
784,508,931,V85,12.961089805583503
784,783,931,V31,18.3740064075405
784,783,931,V32,18.3740064075405
784,359,849,V82,20.280567075307232
784,359,849,V84,20.280567075307232
784,359,849,V86,20.280567075307232
784,359,849,V88,20.280567075307232
784,783,1398,V33,19.874616662347663
784,783,1398,V34,19.874616662347663
784,783,1398,V39,19.874616662347663
784,359,535,V89,5.855067293961566
784,359,535,V90,5.855067293961566
784,783,1229,V40,18.841160835534616
784,783,1229,V42,18.841160835534616
784,783,659,V45,5.809594285895007
784,783,659,V46,5.809594285895007
784,783,1182,V47,15.175538880502293
784,783,885,V48,15.378166398318458
784,783,1091,V49,10.241109598832232
786,885,834,V22,7.688685710981335
786,783,834,V25,7.689481736045675
786,783,834,V29,7.689481736045675
786,783,834,V34,7.689481736045675
786,783,834,V35,7.689481736045675
786,783,834,V37,7.689481736045675
786,783,1091,V38,10.241109598832232
786,783,1091,V40,10.241109598832232
786,783,1091,V43,10.241109598832232
786,783,1091,V45,10.241109598832232
786,783,1091,V51,10.241109598832232
786,783,1091,V54,10.241109598832232
786,783,1370,V61,30.28578929187396
786,783,1370,V62,30.28578929187396
786,783,1370,V64,30.28578929187396
786,783,1370,V65,30.28578929187396
786,783,659,V66,5.809594285895007
786,783,659,V67,5.809594285895007
786,783,659,V68,5.809594285895007
786,783,1229,V69,18.841160835534616
786,783,1229,V70,18.841160835534616
786,359,855,V91,25.072383606119217
786,359,855,V92,25.072383606119217
786,783,965,V71,10.498093903671007
786,783,965,V72,10.498093903671007
786,359,849,V93,20.280567075307232
786,783,1276,V73,22.606377139254327
786,783,1106,V75,22.318447076891776
786,359,535,V94,5.855067293961566
786,783,1013,V76,15.308499342485224
788,1276,1229,V42,3.959637309104105
788,1182,1229,V38,3.960024365898536
788,1182,1229,V40,3.960024365898536
788,1182,1229,V45,3.960024365898536
788,1182,1013,V51,5.283249325636405
788,1182,1013,V61,5.283249325636405
788,1182,1013,V62,5.283249325636405
788,1182,1013,V64,5.283249325636405
788,708,834,V21,4.389831624444016
788,708,834,V46,4.389831624444016
788,783,1106,V22,22.318447076891776
788,783,1106,V25,22.318447076891776
788,783,965,V24,10.498093903671007
788,783,965,V26,10.498093903671007
788,783,659,V27,5.809594285895007
788,783,659,V28,5.809594285895007
788,359,535,V96,5.855067293961566
788,359,535,V97,5.855067293961566
788,783,1370,V29,30.28578929187396
788,783,1370,V30,30.28578929187396
788,783,931,V33,18.3740064075405
788,783,885,V35,15.378166398318458
788,783,1398,V37,19.874616662347663
788,783,1068,V39,26.525178301273773
790,1102,1013,V22,3.616251246210677
790,1102,1013,V52,3.616251246210677
790,1102,1013,V66,3.616251246210677
790,1102,1013,V85,3.616251246210677
790,882,1013,V29,3.839767699909249
790,931,885,V33,3.0617002345235647
790,1182,885,V37,8.662721360426067
790,783,885,V21,15.378166398318458
790,359,708,V98,10.088438580081291
790,359,708,V99,10.088438580081291
790,783,659,V23,5.809594285895007
790,783,659,V27,5.809594285895007
790,783,1229,V31,18.841160835534616
790,783,1229,V34,18.841160835534616
790,783,1370,V41,30.28578929187396
790,783,1106,V43,22.318447076891776
790,783,1091,V40,10.241109598832232
790,359,672,V101,13.82150748825628
790,783,1068,V46,26.525178301273773
792,1276,1229,V25,3.959637309104105
792,1276,1229,V33,3.959637309104105
792,1182,1229,V65,3.960024365898536
792,931,1229,V45,8.28950012214804
792,931,1229,V52,8.28950012214804
792,931,1229,V68,8.28950012214804
792,931,1229,V75,8.28950012214804
792,1370,1229,V41,11.877749718768223
792,708,965,V38,6.739138237495128
792,783,965,V26,10.498093903671007
792,783,965,V28,10.498093903671007
792,783,965,V42,10.498093903671007
792,783,965,V47,10.498093903671007
792,783,965,V48,10.498093903671007
792,783,834,V49,7.689481736045675
792,783,834,V54,7.689481736045675
792,783,834,V56,7.689481736045675
792,783,834,V57,7.689481736045675
792,783,1091,V60,10.241109598832232
792,783,1091,V61,10.241109598832232
792,359,535,V103,5.855067293961566
792,359,535,V122,5.855067293961566
792,783,917,V62,5.8083597500151045
792,783,885,V63,15.378166398318458
792,1370,1398,V111,14.289920547900731
792,1370,1106,V112,8.775541653972592
794,708,834,V30,4.389831624444016
794,708,834,V55,4.389831624444016
794,708,834,V109,4.389831624444016
794,882,834,V23,4.883195120135012
794,359,535,V125,5.855067293961566
794,359,535,V129,5.855067293961566
794,1102,1182,V22,6.120304815079837
794,1102,1182,V33,6.120304815079837
794,885,1013,V35,3.46869779664105
794,882,1013,V27,3.839767699909249
794,882,965,V32,3.616965677313317
794,882,965,V48,3.616965677313317
794,783,659,V21,5.809594285895007
794,882,672,V75,7.316385892068044
796,882,965,V26,3.616965677313317
796,882,965,V42,3.616965677313317
796,708,965,V95,6.739138237495128
796,1102,965,V25,8.304116264398273
796,1106,1276,V59,4.836798739645476
796,1102,1276,V34,4.836798739646007
796,783,834,V21,7.689481736045675
796,783,834,V24,7.689481736045675
796,783,659,V29,5.809594285895007
796,1102,1229,V45,3.8392690799482057
798,965,834,V28,3.83986736177262
798,965,834,V42,3.83986736177262
798,708,834,V61,4.389831624444016
798,708,834,V93,4.389831624444016
798,708,834,V95,4.389831624444016
798,708,834,V142,4.389831624444016
798,1091,1182,V40,5.24631154396119
798,1102,1182,V33,6.120304815079837
798,1102,1182,V68,6.120304815079837
798,1102,1182,V81,6.120304815079837
798,882,1182,V23,7.841474878454721
798,1435,1229,V80,10.197737357480824
798,1435,1229,V94,10.197737357480824
798,1068,1229,V38,11.360488351411393
798,1068,1229,V131,11.360488351411393
798,359,535,V133,5.855067293961566
798,359,535,V136,5.855067293961566
798,359,535,V137,5.855067293961566
798,1370,855,V114,13.377197086368376
798,1370,1276,V115,7.918112864657469
798,783,917,V21,5.8083597500151045
798,783,885,V27,15.378166398318458
800,1229,1276,V38,3.959637309104105
800,1229,1276,V70,3.959637309104105
800,1370,1276,V117,7.918112864657469
800,1370,1276,V118,7.918112864657469
800,1370,1276,V119,7.918112864657469
800,1370,1276,V120,7.918112864657469
800,1370,1276,V121,7.918112864657469
800,882,885,V57,2.852794790784161
800,882,885,V62,2.852794790784161
800,1013,885,V26,3.46869779664105
800,1013,885,V35,3.46869779664105
800,708,834,V22,4.389831624444016
800,708,834,V27,4.389831624444016
800,708,834,V39,4.389831624444016
800,708,834,V69,4.389831624444016
800,1068,931,V43,8.304853837171269
800,1068,931,V83,8.304853837171269
800,1182,931,V33,9.422487826577225
800,783,917,V23,5.8083597500151045
800,783,917,V24,5.8083597500151045
800,708,965,V99,6.739138237495128
800,783,965,V25,10.498093903671007
800,359,535,V138,5.855067293961566
800,566,535,V44,11.474227573045091
800,1370,849,V123,14.16435382667801
800,1370,855,V124,13.377197086368376
802,1106,1102,V38,3.80171314717607
802,931,1102,V33,4.548251915941359
802,931,1102,V37,4.548251915941359
802,931,1102,V57,4.548251915941359
802,1068,849,V43,6.736061142863373
802,1068,849,V83,6.736061142863373
802,885,1013,V21,3.46869779664105
802,885,1013,V22,3.46869779664105
802,965,917,V24,4.882215518422521
802,965,1091,V25,4.388654712140797
802,1398,1276,V111,7.438993890374081
804,885,931,V63,3.0617002345235647
804,885,931,V96,3.0617002345235647
804,885,931,V97,3.0617002345235647
804,834,708,V50,4.389831624444016
804,834,708,V79,4.389831624444016
804,855,849,V41,5.706192977162224
804,1229,1276,V28,3.959637309104105
804,885,1013,V103,3.46869779664105
806,885,882,V38,2.852794790784161
806,885,882,V63,2.852794790784161
806,885,882,V93,2.852794790784161
806,1013,882,V21,3.839767699909249
806,1013,882,V22,3.839767699909249
806,931,882,V35,5.812636165404913
806,931,882,V96,5.812636165404913
806,931,882,V141,5.812636165404913
806,1182,882,V23,7.841474878454721
806,1091,882,V52,7.965381677815221
806,1091,882,V72,7.965381677815221
806,535,882,V64,9.342211452816104
806,659,965,V44,9.121352246650094
806,659,965,V82,9.121352246650094
806,659,965,V84,9.121352246650094
806,659,834,V99,5.284552964469467
806,783,834,V24,7.689481736045675
806,1106,1276,V37,4.836798739645476
806,535,672,V128,8.311483007291683
806,1106,1068,V43,4.880745078525951
808,931,882,V64,5.812636165404913
808,931,882,V87,5.812636165404913
808,931,882,V91,5.812636165404913
808,931,882,V101,5.812636165404913
808,931,882,V114,5.812636165404913
808,535,708,V39,4.548441137468074
808,535,708,V97,4.548441137468074
808,535,708,V123,4.548441137468074
808,535,708,V131,4.548441137468074
808,1091,965,V21,4.388654712140797
808,1091,965,V23,4.388654712140797
808,1091,834,V33,6.739095652327052
808,1091,834,V35,6.739095652327052
808,1229,1276,V26,3.959637309104105
808,931,1013,V128,4.405443882921528
808,1106,1068,V61,4.880745078525951
810,849,931,V27,4.4061387562478425
810,1102,931,V28,4.548251915941359
810,1102,931,V54,4.548251915941359
810,1106,931,V30,5.283575443416337
810,1106,931,V57,5.283575443416337
810,1106,931,V68,5.283575443416337
810,1091,834,V63,6.739095652327052
810,1091,834,V93,6.739095652327052
810,1091,834,V94,6.739095652327052
810,1091,834,V96,6.739095652327052
810,1068,855,V49,5.87594370452583
810,1091,965,V117,4.388654712140797
810,1398,1276,V37,7.438993890374081
810,672,885,V39,5.876204136119103
810,1182,1013,V46,5.283249325636405
812,834,882,V24,4.883195120135012
812,834,882,V63,4.883195120135012
812,672,885,V27,5.876204136119103
812,1068,855,V49,5.87594370452583
812,1106,931,V91,5.283575443416337
812,834,708,V96,4.389831624444016
812,1229,1013,V21,5.640389822593795
812,1091,965,V61,4.388654712140797
812,672,849,V60,6.511836392511076
814,535,708,V65,4.548441137468074
814,535,708,V82,4.548441137468074
814,535,708,V97,4.548441137468074
814,535,708,V123,4.548441137468074
814,535,708,V131,4.548441137468074
814,882,708,V48,4.837510953567602
814,672,708,V28,6.751878981086827
814,1013,931,V21,4.405443882921528
814,1091,965,V51,4.388654712140797
816,885,882,V46,2.852794790784161
816,708,882,V28,4.837510953567602
816,834,882,V24,4.883195120135012
816,834,882,V51,4.883195120135012
816,1102,882,V27,7.314751476768936
816,1102,882,V43,7.314751476768936
816,1102,882,V61,7.314751476768936
816,1106,931,V26,5.283575443416337
816,1106,931,V54,5.283575443416337
816,672,931,V38,6.73915242731767
816,1068,855,V64,5.87594370452583
816,783,659,V22,5.809594285895007
818,965,882,V23,3.616965677313317
818,1013,882,V33,3.839767699909249
818,1013,885,V75,3.46869779664105
818,1102,885,V26,5.875878565174106
818,783,659,V30,5.809594285895007
818,917,834,V29,3.617203703030827
820,1091,965,V35,4.388654712140797
820,917,965,V36,4.882215518422521
820,917,965,V53,4.882215518422521
820,885,931,V26,3.0617002345235647
822,1229,1398,V39,5.282433425576492
822,1229,1398,V81,5.282433425576492
822,1229,1398,V85,5.282433425576492
822,1182,1398,V63,5.640321895106829
822,1182,1398,V70,5.640321895106829
822,1182,1398,V114,5.640321895106829
822,1435,1398,V25,5.805514364498899
822,1435,1398,V41,5.805514364498899
822,1435,1398,V47,5.805514364498899
822,1435,1398,V82,5.805514364498899
822,1435,1398,V111,5.805514364498899
822,1276,1398,V37,7.438993890374081
822,1276,1398,V87,7.438993890374081
822,1276,1398,V112,7.438993890374081
822,1276,1398,V128,7.438993890374081
822,1102,1398,V56,9.118728510486134
822,1091,1398,V35,9.6478124773512
822,885,882,V29,2.852794790784161
822,885,882,V33,2.852794790784161
822,885,882,V44,2.852794790784161
822,834,965,V27,3.83986736177262
824,885,882,V46,2.852794790784161
824,885,882,V53,2.852794790784161
824,885,882,V55,2.852794790784161
826,708,882,V45,4.837510953567602
826,708,882,V50,4.837510953567602
826,708,882,V59,4.837510953567602
826,849,931,V22,4.4061387562478425
826,834,659,V46,5.284552964469467
828,1106,1276,V25,4.836798739645476
828,1106,1276,V35,4.836798739645476
828,1106,1276,V37,4.836798739645476
828,1106,1276,V38,4.836798739645476
828,917,834,V84,3.617203703030827
828,885,834,V45,7.688685710981335
828,783,834,V22,7.689481736045675
828,783,834,V26,7.689481736045675
828,1013,882,V23,3.839767699909249
828,1182,965,V55,5.875748248781206
828,849,931,V24,4.4061387562478425
828,783,659,V29,5.809594285895007
830,1106,1276,V39,4.836798739645476
830,1106,1276,V56,4.836798739645476
830,1106,1276,V63,4.836798739645476
830,1106,1276,V65,4.836798739645476
830,885,834,V23,7.688685710981335
830,783,834,V22,7.689481736045675
830,783,834,V24,7.689481736045675
830,783,834,V25,7.689481736045675
830,1102,965,V42,8.304116264398273
830,783,965,V26,10.498093903671007
830,783,965,V27,10.498093903671007
830,1106,1182,V70,9.760018472127422
830,1106,1182,V77,9.760018472127422
830,1106,1398,V81,11.562838367297022
830,1106,1398,V82,11.562838367297022
830,672,882,V21,7.316385892068044
830,849,931,V28,4.4061387562478425
830,535,708,V98,4.548441137468074
830,783,1091,V33,10.241109598832232
832,882,834,V70,4.883195120135012
832,783,834,V21,7.689481736045675
832,783,834,V22,7.689481736045675
832,783,834,V23,7.689481736045675
832,783,834,V24,7.689481736045675
832,783,834,V25,7.689481736045675
832,672,708,V68,6.751878981086827
832,359,708,V78,10.088438580081291
832,359,708,V80,10.088438580081291
832,1102,1182,V32,6.120304815079837
832,1102,1182,V47,6.120304815079837
832,1102,1182,V56,6.120304815079837
832,1102,965,V63,8.304116264398273
832,1102,965,V65,8.304116264398273
832,849,931,V61,4.4061387562478425
832,1106,931,V87,5.283575443416337
832,1106,1229,V88,6.605818539698737
832,1106,1229,V91,6.605818539698737
832,1106,1276,V111,4.836798739645476
832,783,1091,V26,10.241109598832232
832,783,917,V27,5.8083597500151045
832,783,659,V28,5.809594285895007
832,1106,1398,V112,11.562838367297022
834,882,885,V61,2.852794790784161
834,882,885,V92,2.852794790784161
834,672,885,V39,5.876204136119103
834,1106,885,V69,7.965381677815221
834,1106,885,V114,7.965381677815221
834,1106,885,V120,7.965381677815221
834,1106,931,V121,5.283575443416337
834,1068,931,V79,8.304853837171269
834,1068,931,V90,8.304853837171269
834,1068,931,V101,8.304853837171269
834,1068,931,V145,8.304853837171269
834,783,917,V21,5.8083597500151045
834,783,917,V23,5.8083597500151045
834,783,917,V25,5.8083597500151045
834,1276,1013,V43,8.190822817543284
834,1276,1013,V48,8.190822817543284
834,1276,1013,V51,8.190822817543284
834,783,965,V27,10.498093903671007
834,783,965,V28,10.498093903671007
834,783,965,V29,10.498093903671007
834,1276,1182,V52,7.919661523440269
834,1276,1182,V54,7.919661523440269
834,508,849,V57,9.342303526294996
834,508,849,V60,9.342303526294996
834,1276,1102,V55,4.836798739646007
834,1276,1102,V62,4.836798739646007
834,783,659,V30,5.809594285895007
834,1276,1398,V64,7.438993890374081
834,1370,1229,V126,11.877749718768223
836,1102,1106,V65,3.80171314717607
836,1229,1106,V24,6.605818539698737
836,885,1106,V55,7.965381677815221
836,783,659,V22,5.809594285895007
836,783,659,V23,5.809594285895007
836,672,1182,V60,14.511820279616508
836,783,1182,V28,15.175538880502293
836,508,931,V83,12.961089805583503
836,783,931,V29,18.3740064075405
836,359,708,V113,10.088438580081291
836,359,708,V132,10.088438580081291
836,783,1013,V30,15.308499342485224
836,783,1013,V32,15.308499342485224
836,783,1398,V33,19.874616662347663
836,359,535,V139,5.855067293961566
836,783,965,V26,10.498093903671007
838,965,834,V25,3.83986736177262
838,1091,834,V31,6.739095652327052
838,1091,834,V52,6.739095652327052
838,783,834,V30,7.689481736045675
838,783,834,V35,7.689481736045675
838,783,659,V22,5.809594285895007
838,783,659,V36,5.809594285895007
838,783,659,V38,5.809594285895007
838,783,659,V39,5.809594285895007
838,1102,882,V65,7.314751476768936
838,1102,882,V126,7.314751476768936
838,1102,1276,V140,4.836798739646007
838,849,672,V55,6.511836392511076
838,783,1182,V40,15.175538880502293
838,783,708,V41,10.697285568723771
838,783,885,V42,15.378166398318458
840,882,535,V26,9.342211452816104
840,566,535,V56,11.474227573045091
840,783,535,V25,11.620421645142477
840,783,535,V30,11.620421645142477
840,783,535,V31,11.620421645142477
840,1091,834,V33,6.739095652327052
840,1091,834,V41,6.739095652327052
840,1091,834,V45,6.739095652327052
840,783,834,V32,7.689481736045675
840,1102,965,V28,8.304116264398273
840,1102,965,V40,8.304116264398273
840,783,965,V35,10.498093903671007
840,783,965,V36,10.498093903671007
840,783,659,V38,5.809594285895007
840,783,659,V39,5.809594285895007
840,783,708,V43,10.697285568723771
840,783,708,V44,10.697285568723771
840,508,885,V34,13.808114395759947
840,783,885,V46,15.378166398318458
840,783,1398,V48,19.874616662347663
840,783,1106,V50,22.318447076891776
840,783,1013,V51,15.308499342485224
840,783,1229,V52,18.841160835534616
842,783,659,V30,5.809594285895007
842,783,659,V33,5.809594285895007
842,783,659,V38,5.809594285895007
842,783,659,V48,5.809594285895007
842,1182,1398,V47,5.640321895106829
842,1435,1398,V70,5.805514364498899
842,1276,1398,V50,7.438993890374081
842,1276,1398,V67,7.438993890374081
842,882,1013,V29,3.839767699909249
842,882,1013,V61,3.839767699909249
842,855,1229,V57,15.901554341364076
842,783,1229,V49,18.841160835534616
842,783,834,V52,7.689481736045675
842,783,834,V54,7.689481736045675
842,783,1106,V62,22.318447076891776
842,783,672,V64,17.445012141301472
842,783,566,V66,5.876334276322891
842,783,849,V73,21.903135562742808
842,783,931,V75,18.3740064075405
844,1276,1398,V60,7.438993890374081
844,1106,1398,V62,11.562838367297022
844,931,1398,V24,13.495077260547856
844,931,1398,V29,13.495077260547856
844,885,1398,V23,13.644566108710274
844,1068,1398,V73,16.00213801732287
844,783,1398,V32,19.874616662347663
844,783,1398,V33,19.874616662347663
844,783,1398,V36,19.874616662347663
844,783,1398,V38,19.874616662347663
844,783,1398,V40,19.874616662347663
844,783,1398,V41,19.874616662347663
844,783,1398,V44,19.874616662347663
844,783,1398,V45,19.874616662347663
844,783,1398,V48,19.874616662347663
844,783,1398,V50,19.874616662347663
844,535,672,V47,8.311483007291683
844,535,672,V67,8.311483007291683
844,783,672,V21,17.445012141301472
844,783,672,V35,17.445012141301472
844,783,672,V39,17.445012141301472
844,783,1229,V51,18.841160835534616
844,783,1229,V54,18.841160835534616
844,783,1229,V56,18.841160835534616
844,783,1229,V66,18.841160835534616
844,783,659,V22,5.809594285895007
844,783,659,V25,5.809594285895007
844,783,659,V68,5.809594285895007
844,783,1013,V69,15.308499342485224
844,783,1013,V75,15.308499342485224
844,783,1013,V81,15.308499342485224
844,783,849,V82,21.903135562742808
844,783,849,V84,21.903135562742808
844,783,855,V85,27.60378823743443
844,783,359,V86,12.499801205497114
844,783,1091,V87,10.241109598832232
844,783,882,V89,12.561839638690564
844,783,1182,V90,15.175538880502293
844,783,708,V91,10.697285568723771
846,882,1398,V28,13.343391197346763
846,882,1398,V67,13.343391197346763
846,882,1398,V70,13.343391197346763
846,882,1398,V77,13.343391197346763
846,931,1398,V27,13.495077260547856
846,885,1398,V47,13.644566108710274
846,783,834,V29,7.689481736045675
846,783,834,V31,7.689481736045675
846,783,834,V32,7.689481736045675
846,1068,672,V49,13.168317290084476
846,783,672,V37,17.445012141301472
846,783,849,V42,21.903135562742808
846,783,849,V54,21.903135562742808
846,783,659,V41,5.809594285895007
846,783,1229,V56,18.841160835534616
846,783,708,V59,10.697285568723771
846,783,1091,V60,10.241109598832232
848,965,834,V31,3.83986736177262
848,965,834,V63,3.83986736177262
848,708,834,V30,4.389831624444016
848,882,834,V22,4.883195120135012
848,882,834,V26,4.883195120135012
848,882,834,V29,4.883195120135012
848,882,834,V55,4.883195120135012
848,659,834,V41,5.284552964469467
848,783,834,V23,7.689481736045675
848,783,834,V25,7.689481736045675
848,783,834,V36,7.689481736045675
848,783,834,V38,7.689481736045675
848,783,834,V43,7.689481736045675
848,783,834,V45,7.689481736045675
848,1398,1276,V27,7.438993890374081
848,1398,1276,V28,7.438993890374081
848,1398,1276,V33,7.438993890374081
848,931,1102,V21,4.548251915941359
848,1398,1102,V40,9.118728510486134
848,1398,1013,V44,10.186376382121452
848,783,1013,V46,15.308499342485224
848,783,1229,V60,18.841160835534616
848,783,1229,V61,18.841160835534616
848,783,855,V62,27.60378823743443
848,783,849,V64,21.903135562742808
850,708,834,V25,4.389831624444016
850,708,834,V53,4.389831624444016
850,708,834,V81,4.389831624444016
850,882,834,V35,4.883195120135012
850,1182,1229,V94,3.960024365898536
850,1182,1229,V107,3.960024365898536
850,1182,1229,V108,3.960024365898536
850,1106,1102,V28,3.80171314717607
850,931,1102,V34,4.548251915941359
850,882,535,V79,9.342211452816104
850,882,535,V87,9.342211452816104
850,1182,1276,V109,7.919661523440269
850,931,1013,V54,4.405443882921528
852,535,708,V34,4.548441137468074
852,535,708,V91,4.548441137468074
852,885,708,V93,6.511469320496247
852,931,849,V21,4.4061387562478425
852,855,849,V62,5.706192977162224
852,1276,849,V27,11.479314497557898
852,783,834,V24,7.689481736045675
852,783,834,V26,7.689481736045675
852,783,834,V31,7.689481736045675
852,1229,508,V60,21.160461207920985
852,1182,508,V68,22.22162695868352
852,783,917,V33,5.8083597500151045
852,1182,672,V79,14.511820279616508
852,1182,882,V83,7.841474878454721
852,1182,1068,V110,14.6407627195109
854,1182,1091,V112,5.24631154396119
854,1182,1091,V113,5.24631154396119
854,834,708,V25,4.389831624444016
854,882,965,V31,3.616965677313317
856,882,965,V22,3.616965677313317
856,834,965,V25,3.83986736177262
856,834,965,V29,3.83986736177262
856,834,965,V35,3.83986736177262
856,1013,965,V30,4.881725510082577
856,535,708,V52,4.548441137468074
856,535,708,V71,4.548441137468074
856,1013,708,V54,8.663428210145081
856,931,708,V24,9.423506251261468
856,931,885,V65,3.0617002345235647
856,931,885,V86,3.0617002345235647
856,931,885,V87,3.0617002345235647
856,783,659,V23,5.809594285895007
856,783,659,V26,5.809594285895007
856,783,659,V33,5.809594285895007
856,931,1102,V104,4.548251915941359
856,1276,1102,V56,4.836798739646007
856,1182,1102,V112,6.120304815079837
856,1182,1229,V113,3.960024365898536
858,1229,1398,V80,5.282433425576492
858,1013,1398,V87,10.186376382121452
858,1013,1398,V88,10.186376382121452
858,1013,1398,V92,10.186376382121452
858,1013,1398,V105,10.186376382121452
858,965,1398,V115,11.479089287938937
858,882,1398,V35,13.343391197346763
858,882,1398,V52,13.343391197346763
858,882,1398,V54,13.343391197346763
858,882,1398,V71,13.343391197346763
858,882,1398,V83,13.343391197346763
858,882,1398,V101,13.343391197346763
858,882,1398,V111,13.343391197346763
858,882,1398,V119,13.343391197346763
858,783,659,V23,5.809594285895007
858,783,659,V34,5.809594285895007
858,783,659,V36,5.809594285895007
858,931,849,V42,4.4061387562478425
858,855,849,V21,5.706192977162224
858,1068,1276,V27,8.66943360865319
858,917,1091,V47,4.837115435970083
858,882,834,V25,4.883195120135012
860,882,885,V28,2.852794790784161
860,882,885,V29,2.852794790784161
860,708,834,V131,4.389831624444016
860,882,834,V30,4.883195120135012
860,882,1013,V31,3.839767699909249
860,882,1013,V52,3.839767699909249
860,882,965,V69,3.616965677313317
860,882,965,V71,3.616965677313317
860,1229,1398,V34,5.282433425576492
860,1229,1102,V77,3.8392690799482057
862,882,965,V24,3.616965677313317
862,882,965,V28,3.616965677313317
862,882,965,V31,3.616965677313317
862,882,1013,V34,3.839767699909249
862,882,1013,V35,3.839767699909249
862,882,1013,V75,3.839767699909249
864,882,1013,V55,3.839767699909249
864,882,965,V75,3.616965677313317
872,885,1013,V41,3.46869779664105
874,882,965,V30,3.616965677313317
874,882,965,V45,3.616965677313317
876,1182,1091,V71,5.24631154396119
876,885,1091,V38,10.203820878312005
876,885,1091,V47,10.203820878312005
876,885,1091,V75,10.203820878312005
876,885,1013,V88,3.46869779664105
876,1102,1013,V46,3.616251246210677
876,931,882,V66,5.812636165404913
876,931,882,V69,5.812636165404913
876,659,535,V33,5.810827883107414
876,359,535,V63,5.855067293961566
876,931,965,V81,8.628970001760946
876,783,834,V21,7.689481736045675
878,882,834,V33,4.883195120135012
878,882,834,V35,4.883195120135012
878,885,834,V46,7.688685710981335
878,783,834,V21,7.689481736045675
878,783,834,V22,7.689481736045675
878,783,834,V23,7.689481736045675
878,783,834,V25,7.689481736045675
878,359,535,V96,5.855067293961566
878,359,535,V97,5.855067293961566
878,359,535,V126,5.855067293961566
878,566,535,V107,11.474227573045091
878,566,535,V123,11.474227573045091
878,931,965,V99,8.628970001760946
878,931,965,V133,8.628970001760946
878,931,965,V134,8.628970001760946
878,783,965,V26,10.498093903671007
878,783,965,V27,10.498093903671007
878,1276,1229,V34,3.959637309104105
878,1106,1229,V24,6.605818539698737
878,1106,1229,V31,6.605818539698737
878,1106,1229,V53,6.605818539698737
878,1106,1229,V55,6.605818539698737
878,1106,1013,V68,7.015517581545067
878,1106,1013,V115,7.015517581545067
878,1106,1013,V127,7.015517581545067
878,1106,1013,V128,7.015517581545067
878,783,1091,V28,10.241109598832232
878,783,1091,V29,10.241109598832232
878,783,1091,V30,10.241109598832232
878,783,659,V32,5.809594285895007
878,783,659,V36,5.809594285895007
878,783,659,V37,5.809594285895007
878,783,917,V38,5.8083597500151045
878,783,917,V39,5.8083597500151045
878,783,708,V40,10.697285568723771
880,885,931,V127,3.0617002345235647
880,1068,931,V94,8.304853837171269
880,1068,931,V102,8.304853837171269
880,1276,931,V31,8.946223146223524
880,855,931,V106,9.765900232263595
880,783,931,V22,18.3740064075405
880,783,1013,V23,15.308499342485224
880,783,1013,V25,15.308499342485224
880,783,1013,V27,15.308499342485224
880,783,1013,V28,15.308499342485224
880,783,1229,V29,18.841160835534616
880,783,1229,V30,18.841160835534616
880,783,1229,V33,18.841160835534616
880,783,1102,V34,18.800951364959644
880,783,1102,V35,18.800951364959644
880,783,1102,V36,18.800951364959644
880,783,917,V37,5.8083597500151045
880,783,917,V39,5.8083597500151045
880,783,659,V40,5.809594285895007
880,783,659,V42,5.809594285895007
880,783,535,V44,11.620421645142477
880,783,535,V45,11.620421645142477
880,783,1398,V46,19.874616662347663
880,783,1398,V47,19.874616662347663
880,783,708,V48,10.697285568723771
880,783,708,V49,10.697285568723771
880,783,566,V50,5.876334276322891
880,783,566,V51,5.876334276322891
880,783,965,V52,10.498093903671007
880,783,965,V53,10.498093903671007
880,783,834,V54,7.689481736045675
880,783,882,V55,12.561839638690564
882,965,917,V21,4.882215518422521
882,965,917,V30,4.882215518422521
882,783,917,V23,5.8083597500151045
882,783,917,V25,5.8083597500151045
882,783,917,V26,5.8083597500151045
882,783,917,V28,5.8083597500151045
882,783,917,V29,5.8083597500151045
882,1102,931,V27,4.548251915941359
882,1102,931,V34,4.548251915941359
882,1102,931,V35,4.548251915941359
882,1276,931,V46,8.946223146223524
882,783,931,V31,18.3740064075405
882,783,1435,V32,17.957022310236383
882,783,1435,V36,17.957022310236383
882,783,1435,V37,17.957022310236383
882,783,1091,V38,10.241109598832232
882,783,1091,V39,10.241109598832232
882,359,849,V45,20.280567075307232
882,783,849,V40,21.903135562742808
882,783,566,V41,5.876334276322891
882,783,566,V42,5.876334276322891
882,783,535,V43,11.620421645142477
882,783,535,V50,11.620421645142477
882,783,1398,V51,19.874616662347663
882,783,1229,V55,18.841160835534616
882,783,882,V60,12.561839638690564
882,783,1182,V62,15.175538880502293
882,783,659,V65,5.809594285895007
884,834,708,V48,4.389831624444016
884,834,708,V59,4.389831624444016
884,882,708,V23,4.837510953567602
884,1013,931,V60,4.405443882921528
884,882,931,V25,5.812636165404913
884,1182,1276,V39,7.919661523440269
884,1182,1276,V61,7.919661523440269
884,882,885,V26,2.852794790784161
884,882,885,V28,2.852794790784161
884,855,1106,V45,9.423483175173253
884,882,672,V49,7.316385892068044
886,1182,1276,V57,7.919661523440269
886,1182,1276,V80,7.919661523440269
886,1068,1276,V60,8.66943360865319
886,931,1276,V25,8.946223146223524
886,882,885,V31,2.852794790784161
886,882,885,V67,2.852794790784161
886,931,885,V27,3.0617002345235647
886,931,885,V45,3.0617002345235647
886,965,1398,V53,11.479089287938937
886,849,1398,V40,17.29967050146656
886,783,1398,V21,19.874616662347663
886,783,917,V22,5.8083597500151045
886,783,917,V28,5.8083597500151045
886,659,834,V65,5.284552964469467
886,783,834,V30,7.689481736045675
886,359,535,V72,5.855067293961566
886,359,535,V81,5.855067293961566
886,783,1091,V33,10.241109598832232
886,783,566,V34,5.876334276322891
886,855,672,V70,11.369656353246375
888,659,834,V72,5.284552964469467
888,783,834,V26,7.689481736045675
888,783,834,V27,7.689481736045675
888,783,834,V32,7.689481736045675
888,783,834,V35,7.689481736045675
888,783,834,V36,7.689481736045675
888,783,834,V37,7.689481736045675
888,783,834,V38,7.689481736045675
888,783,834,V39,7.689481736045675
888,783,834,V40,7.689481736045675
888,783,834,V43,7.689481736045675
888,931,882,V29,5.812636165404913
888,931,882,V54,5.812636165404913
888,931,882,V67,5.812636165404913
888,931,882,V83,5.812636165404913
888,783,535,V44,11.620421645142477
888,783,535,V45,11.620421645142477
888,783,535,V46,11.620421645142477
888,1229,672,V21,14.57987655243148
888,1229,672,V57,14.57987655243148
888,783,885,V47,15.378166398318458
888,783,885,V48,15.378166398318458
888,783,1068,V49,26.525178301273773
888,783,917,V50,5.8083597500151045
888,783,855,V51,27.60378823743443
888,783,566,V52,5.876334276322891
888,783,1106,V55,22.318447076891776
888,783,965,V56,10.498093903671007
890,1102,1013,V23,3.616251246210677
890,1102,1013,V42,3.616251246210677
890,882,1013,V27,3.839767699909249
890,659,535,V39,5.810827883107414
890,359,535,V46,5.855067293961566
890,1276,1182,V25,7.919661523440269
890,783,1182,V26,15.175538880502293
890,783,1091,V30,10.241109598832232
890,783,1091,V33,10.241109598832232
890,359,708,V129,10.088438580081291
890,783,1106,V34,22.318447076891776
890,783,1068,V35,26.525178301273773
890,783,1229,V37,18.841160835534616
892,965,834,V30,3.83986736177262
892,965,834,V33,3.83986736177262
892,885,834,V22,7.688685710981335
892,885,834,V27,7.688685710981335
892,885,834,V36,7.688685710981335
892,783,708,V37,10.697285568723771
892,783,708,V38,10.697285568723771
892,783,708,V41,10.697285568723771
892,1229,931,V31,8.28950012214804
892,1229,931,V49,8.28950012214804
892,1182,1013,V26,5.283249325636405
892,1068,1013,V29,11.461019980924313
892,783,882,V43,12.561839638690564
892,783,1091,V44,10.241109598832232
892,1068,849,V35,6.736061142863373
892,783,672,V47,17.445012141301472
894,965,834,V30,3.83986736177262
894,965,834,V32,3.83986736177262
894,965,834,V33,3.83986736177262
894,965,834,V36,3.83986736177262
894,965,834,V39,3.83986736177262
894,708,834,V37,4.389831624444016
894,783,834,V23,7.689481736045675
894,783,834,V41,7.689481736045675
894,783,834,V42,7.689481736045675
894,1370,1276,V24,7.918112864657469
894,1068,1276,V95,8.66943360865319
894,783,1276,V43,22.606377139254327
894,783,1182,V47,15.175538880502293
894,783,1182,V48,15.175538880502293
894,783,1229,V50,18.841160835534616
894,783,1229,V51,18.841160835534616
894,783,882,V46,12.561839638690564
894,783,882,V56,12.561839638690564
894,783,1102,V59,18.800951364959644
894,783,885,V57,15.378166398318458
894,783,931,V60,18.3740064075405
896,1013,882,V29,3.839767699909249
896,834,882,V30,4.883195120135012
896,931,882,V80,5.812636165404913
896,1102,882,V35,7.314751476768936
896,1106,1276,V53,4.836798739645476
896,849,1276,V55,11.479314497557898
896,783,917,V21,5.8083597500151045
896,783,917,V26,5.8083597500151045
896,535,708,V25,4.548441137468074
896,659,708,V28,5.815596432206299
896,849,885,V77,6.749102957431653
898,882,1013,V30,3.839767699909249
898,882,1013,V35,3.839767699909249
898,834,708,V26,4.389831624444016
900,917,834,V68,3.617203703030827
900,917,834,V69,3.617203703030827
900,917,834,V108,3.617203703030827
900,917,834,V109,3.617203703030827
900,882,834,V30,4.883195120135012
900,882,834,V38,4.883195120135012
900,882,834,V48,4.883195120135012
900,882,965,V54,3.616965677313317
900,882,965,V60,3.616965677313317
900,882,965,V75,3.616965677313317
900,882,965,V84,3.616965677313317
900,1229,1276,V23,3.959637309104105
900,1229,1276,V53,3.959637309104105
900,849,931,V25,4.4061387562478425
900,849,508,V50,9.342303526294996
900,1229,1091,V55,9.180034524729397
900,1229,1013,V81,5.640389822593795
900,849,885,V103,6.749102957431653
902,1229,1182,V36,3.960024365898536
902,1229,1182,V67,3.960024365898536
902,1229,1182,V92,3.960024365898536
902,885,931,V25,3.0617002345235647
902,885,931,V35,3.0617002345235647
902,885,931,V70,3.0617002345235647
902,882,965,V33,3.616965677313317
902,882,965,V54,3.616965677313317
902,834,1091,V30,6.739095652327052
902,1229,1276,V113,3.959637309104105
904,708,834,V26,4.389831624444016
904,708,834,V75,4.389831624444016
904,708,834,V81,4.389831624444016
904,708,834,V87,4.389831624444016
904,708,834,V88,4.389831624444016
904,659,834,V46,5.284552964469467
904,659,834,V69,5.284552964469467
904,659,834,V83,5.284552964469467
904,659,834,V86,5.284552964469467
904,659,834,V108,5.284552964469467
904,659,834,V109,5.284552964469467
904,885,931,V60,3.0617002345235647
904,1013,965,V41,4.881725510082577
904,1182,1091,V36,5.24631154396119
906,708,834,V44,4.389831624444016
906,708,834,V68,4.389831624444016
906,708,834,V75,4.389831624444016
906,708,834,V81,4.389831624444016
906,708,834,V86,4.389831624444016
906,708,834,V87,4.389831624444016
906,708,834,V88,4.389831624444016
906,885,931,V73,3.0617002345235647
906,1102,931,V48,4.548251915941359
906,1106,931,V31,5.283575443416337
906,1106,931,V45,5.283575443416337
906,1106,931,V54,5.283575443416337
906,708,882,V101,4.837510953567602
906,708,882,V108,4.837510953567602
906,672,882,V25,7.316385892068044
906,672,882,V103,7.316385892068044
906,672,849,V112,6.511836392511076
906,1068,849,V22,6.736061142863373
906,1068,849,V60,6.736061142863373
906,783,659,V21,5.809594285895007
906,783,659,V28,5.809594285895007
906,1091,965,V30,4.388654712140797
906,1091,965,V36,4.388654712140797
906,1068,855,V69,5.87594370452583
906,1068,1370,V93,7.841426035905807
908,885,882,V73,2.852794790784161
908,885,882,V76,2.852794790784161
908,885,882,V84,2.852794790784161
908,708,882,V75,4.837510953567602
908,783,659,V29,5.809594285895007
908,783,659,V32,5.809594285895007
908,917,834,V55,3.617203703030827
908,1102,1013,V41,3.616251246210677
910,965,882,V30,3.616965677313317
910,965,882,V41,3.616965677313317
910,965,882,V79,3.616965677313317
910,965,882,V103,3.616965677313317
910,708,882,V88,4.837510953567602
910,708,834,V93,4.389831624444016
910,659,834,V32,5.284552964469467
910,1091,834,V105,6.739095652327052
910,849,855,V24,5.706192977162224
910,1068,1370,V66,7.841426035905807
912,917,834,V34,3.617203703030827
912,917,834,V39,3.617203703030827
912,965,882,V29,3.616965677313317
914,917,834,V63,3.617203703030827
914,931,885,V43,3.0617002345235647
918,882,965,V37,3.616965677313317
918,882,965,V47,3.616965677313317
922,1229,1182,V23,3.960024365898536
922,917,834,V87,3.617203703030827
922,1091,965,V53,4.388654712140797
924,1013,965,V37,4.881725510082577
924,1013,965,V76,4.881725510082577
924,1102,965,V75,8.304116264398273
924,1102,965,V90,8.304116264398273
924,1102,882,V93,7.314751476768936
924,1102,882,V116,7.314751476768936
924,1102,885,V122,5.875878565174106
924,672,885,V40,5.876204136119103
924,1229,1182,V94,3.960024365898536
924,1398,1182,V92,5.640321895106829
924,783,917,V21,5.8083597500151045
924,535,708,V119,4.548441137468074
924,659,834,V134,5.284552964469467
926,882,965,V26,3.616965677313317
926,885,965,V43,6.123119155303686
926,885,965,V75,6.123119155303686
926,1102,965,V90,8.304116264398273
926,849,931,V39,4.4061387562478425
926,849,931,V45,4.4061387562478425
926,849,931,V48,4.4061387562478425
926,849,931,V54,4.4061387562478425
926,783,834,V21,7.689481736045675
926,783,834,V23,7.689481736045675
926,783,834,V25,7.689481736045675
926,783,834,V27,7.689481736045675
926,1276,1229,V102,3.959637309104105
926,1276,1229,V103,3.959637309104105
926,1276,1229,V105,3.959637309104105
926,1276,1229,V121,3.959637309104105
926,783,917,V29,5.8083597500151045
926,783,917,V30,5.8083597500151045
926,783,917,V33,5.8083597500151045
926,783,659,V34,5.809594285895007
926,783,659,V35,5.809594285895007
926,783,659,V36,5.809594285895007
926,359,535,V24,5.855067293961566
926,359,535,V49,5.855067293961566
926,359,535,V61,5.855067293961566
926,849,855,V66,5.706192977162224
926,1068,855,V111,5.87594370452583
926,1435,1091,V80,8.895594131564904
926,783,1091,V41,10.241109598832232
926,1106,1182,V32,9.760018472127422
926,1106,1182,V40,9.760018472127422
926,672,708,V84,6.751878981086827
926,1106,1398,V42,11.562838367297022
926,783,566,V46,5.876334276322891
926,1106,1013,V57,7.015517581545067
928,885,965,V21,6.123119155303686
928,885,965,V39,6.123119155303686
928,885,965,V84,6.123119155303686
928,783,965,V22,10.498093903671007
928,783,965,V23,10.498093903671007
928,783,965,V25,10.498093903671007
928,783,965,V26,10.498093903671007
928,783,834,V27,7.689481736045675
928,783,834,V28,7.689481736045675
928,783,834,V29,7.689481736045675
928,783,834,V30,7.689481736045675
928,849,931,V32,4.4061387562478425
928,849,931,V108,4.4061387562478425
928,1106,931,V106,5.283575443416337
928,672,882,V114,7.316385892068044
928,672,882,V123,7.316385892068044
928,1106,1182,V113,9.760018472127422
928,672,1182,V126,14.511820279616508
928,508,1276,V64,20.81243366468926
928,508,1276,V69,20.81243366468926
928,783,708,V31,10.697285568723771
928,783,708,V33,10.697285568723771
928,783,659,V34,5.809594285895007
928,783,659,V35,5.809594285895007
928,783,1398,V36,19.874616662347663
928,783,1398,V37,19.874616662347663
928,508,855,V124,9.342303526295408
930,1229,1398,V44,5.282433425576492
930,1013,1398,V108,10.186376382121452
930,783,1398,V22,19.874616662347663
930,783,1398,V23,19.874616662347663
930,783,1398,V25,19.874616662347663
930,783,1398,V26,19.874616662347663
930,783,1398,V28,19.874616662347663
930,783,1398,V30,19.874616662347663
930,783,1398,V31,19.874616662347663
930,783,1398,V33,19.874616662347663
930,783,1398,V35,19.874616662347663
930,783,1398,V37,19.874616662347663
930,783,1398,V38,19.874616662347663
930,783,1398,V39,19.874616662347663
930,783,1398,V40,19.874616662347663
930,783,834,V41,7.689481736045675
930,783,834,V42,7.689481736045675
930,783,834,V43,7.689481736045675
930,783,834,V46,7.689481736045675
930,783,834,V48,7.689481736045675
930,783,882,V49,12.561839638690564
930,783,882,V53,12.561839638690564
930,783,882,V54,12.561839638690564
930,783,885,V55,15.378166398318458
930,783,885,V56,15.378166398318458
930,783,885,V57,15.378166398318458
930,783,1276,V59,22.606377139254327
930,783,1276,V60,22.606377139254327
930,783,965,V61,10.498093903671007
930,783,965,V62,10.498093903671007
930,783,931,V63,18.3740064075405
930,783,931,V65,18.3740064075405
930,783,1182,V66,15.175538880502293
930,783,1182,V67,15.175538880502293
930,783,708,V68,10.697285568723771
930,783,708,V70,10.697285568723771
930,783,1102,V71,18.800951364959644
930,783,1102,V72,18.800951364959644
930,783,566,V73,5.876334276322891
930,783,566,V75,5.876334276322891
930,783,535,V76,11.620421645142477
930,783,535,V77,11.620421645142477
930,783,1091,V79,10.241109598832232
930,783,659,V80,5.809594285895007
930,783,849,V81,21.903135562742808
930,783,1068,V82,26.525178301273773
932,1102,1398,V72,9.118728510486134
932,882,1398,V41,13.343391197346763
932,917,1398,V69,14.401452675022565
932,917,1398,V71,14.401452675022565
932,917,1398,V106,14.401452675022565
932,708,1398,V23,17.892467590192613
932,708,535,V22,4.548441137468074
932,708,535,V25,4.548441137468074
932,708,834,V26,4.389831624444016
932,708,834,V33,4.389831624444016
932,708,931,V39,9.423506251261468
932,783,1370,V21,30.28578929187396
932,783,1182,V24,15.175538880502293
932,783,1068,V27,26.525178301273773
934,882,885,V35,2.852794790784161
934,1102,885,V36,5.875878565174106
934,1102,885,V60,5.875878565174106
934,783,659,V28,5.809594285895007
934,783,659,V29,5.809594285895007
934,1091,1182,V44,5.24631154396119
934,1102,1370,V68,11.609712853230407
934,1102,1229,V78,3.8392690799482057
934,1091,1398,V59,9.6478124773512
934,965,834,V54,3.83986736177262
934,849,672,V51,6.511836392511076
936,708,672,V31,6.751878981086827
936,708,672,V41,6.751878981086827
936,708,508,V78,15.31833200998228
936,783,566,V22,5.876334276322891
936,834,359,V29,12.378619633278529
936,1276,1398,V68,7.438993890374081
936,882,1013,V24,3.839767699909249
938,882,885,V31,2.852794790784161
938,882,885,V35,2.852794790784161
938,882,885,V40,2.852794790784161
938,882,885,V47,2.852794790784161
938,882,885,V51,2.852794790784161
938,1102,1013,V76,3.616251246210677
938,965,1013,V30,4.881725510082577
938,965,1013,V36,4.881725510082577
938,965,1013,V43,4.881725510082577
938,965,834,V44,3.83986736177262
938,965,834,V45,3.83986736177262
938,965,834,V55,3.83986736177262
938,965,834,V69,3.83986736177262
938,965,1229,V70,8.77672016628073
938,965,1229,V77,8.77672016628073
938,965,1229,V83,8.77672016628073
938,965,1276,V91,12.284417645367478
938,965,1276,V92,12.284417645367478
938,783,659,V21,5.809594285895007
938,783,659,V25,5.809594285895007
938,965,672,V96,10.884705359638655
938,965,931,V99,8.628970001760946
940,965,885,V42,6.123119155303686
940,965,885,V44,6.123119155303686
940,965,885,V69,6.123119155303686
940,1276,1102,V70,4.836798739646007
940,1276,1102,V77,4.836798739646007
940,1276,1102,V99,4.836798739646007
940,965,1013,V130,4.881725510082577
940,965,1013,V131,4.881725510082577
940,965,1013,V132,4.881725510082577
940,659,535,V21,5.810827883107414
940,659,535,V22,5.810827883107414
940,1276,1229,V102,3.959637309104105
940,1276,1229,V108,3.959637309104105
940,1091,1182,V26,5.24631154396119
942,1102,1229,V66,3.8392690799482057
942,1276,1229,V83,3.959637309104105
942,1276,1229,V91,3.959637309104105
942,1276,1229,V130,3.959637309104105
942,965,834,V36,3.83986736177262
942,965,834,V50,3.83986736177262
942,965,834,V61,3.83986736177262
942,965,834,V63,3.83986736177262
942,931,885,V31,3.0617002345235647
942,965,885,V77,6.123119155303686
942,855,1106,V60,9.423483175173253
942,965,1106,V103,11.884713829537391
942,659,535,V25,5.810827883107414
942,659,535,V55,5.810827883107414
942,1091,1182,V59,5.24631154396119
942,659,708,V56,5.815596432206299
944,931,885,V40,3.0617002345235647
944,965,885,V49,6.123119155303686
944,965,885,V51,6.123119155303686
944,965,885,V54,6.123119155303686
944,965,1229,V99,8.77672016628073
944,965,1229,V108,8.77672016628073
944,1091,917,V46,4.837115435970083
944,855,849,V32,5.706192977162224
944,965,1013,V118,4.881725510082577
946,1229,1182,V54,3.960024365898536
946,1091,1182,V48,5.24631154396119
946,1091,1182,V67,5.24631154396119
946,855,849,V65,5.706192977162224
946,882,849,V40,9.574606006915822
946,965,834,V22,3.83986736177262
946,965,834,V49,3.83986736177262
946,882,1102,V51,7.314751476768936
946,965,1102,V95,8.304116264398273
946,965,1106,V131,11.884713829537391
946,1091,1106,V68,14.256423283017469
946,708,885,V50,6.511469320496247
946,1091,1398,V75,9.6478124773512
948,965,834,V38,3.83986736177262
948,965,834,V48,3.83986736177262
948,965,834,V67,3.83986736177262
948,708,834,V21,4.389831624444016
948,708,834,V59,4.389831624444016
948,708,834,V97,4.389831624444016
948,708,834,V104,4.389831624444016
948,708,834,V109,4.389831624444016
948,708,535,V135,4.548441137468074
948,659,535,V40,5.810827883107414
948,1091,917,V86,4.837115435970083
948,882,885,V45,2.852794790784161
948,1229,1398,V51,5.282433425576492
950,1013,931,V57,4.405443882921528
950,1102,931,V29,4.548251915941359
950,1102,931,V68,4.548251915941359
950,672,849,V42,6.511836392511076
950,672,849,V46,6.511836392511076
950,659,708,V28,5.815596432206299
950,659,708,V67,5.815596432206299
950,965,882,V34,3.616965677313317
950,1102,1106,V100,3.80171314717607
952,849,855,V29,5.706192977162224
952,849,855,V51,5.706192977162224
952,849,855,V68,5.706192977162224
952,1068,855,V32,5.87594370452583
952,1068,855,V53,5.87594370452583
952,1068,855,V89,5.87594370452583
952,882,834,V34,4.883195120135012
952,882,834,V56,4.883195120135012
952,1102,885,V57,5.875878565174106
952,1102,885,V86,5.875878565174106
952,672,1370,V52,20.171661634090945
954,965,834,V30,3.83986736177262
954,708,834,V47,4.389831624444016
954,1091,834,V75,6.739095652327052
954,1091,834,V81,6.739095652327052
954,885,882,V39,2.852794790784161
954,1013,882,V29,3.839767699909249
954,783,659,V22,5.809594285895007
954,1102,1106,V37,3.80171314717607
956,965,834,V26,3.83986736177262
956,965,834,V54,3.83986736177262
956,849,855,V28,5.706192977162224
956,849,855,V43,5.706192977162224
958,965,834,V47,3.83986736177262
958,965,834,V91,3.83986736177262
958,965,834,V114,3.83986736177262
958,708,834,V39,4.389831624444016
958,708,834,V42,4.389831624444016
958,885,931,V26,3.0617002345235647
958,885,931,V44,3.0617002345235647
958,1013,931,V32,4.405443882921528
958,1106,1276,V23,4.836798739645476
958,849,855,V43,5.706192977162224
958,1102,1229,V24,3.8392690799482057
960,708,834,V64,4.389831624444016
960,708,834,V75,4.389831624444016
960,1102,1229,V83,3.8392690799482057
960,1102,1229,V98,3.8392690799482057
960,882,965,V34,3.616965677313317
960,882,965,V42,3.616965677313317
960,783,659,V40,5.809594285895007
964,1013,931,V34,4.405443882921528
964,965,834,V42,3.83986736177262
970,1013,885,V34,3.46869779664105
972,1091,965,V111,4.388654712140797
972,1091,965,V113,4.388654712140797
972,1091,965,V115,4.388654712140797
972,1091,965,V117,4.388654712140797
972,1091,965,V121,4.388654712140797
972,1091,965,V122,4.388654712140797
972,708,834,V55,4.389831624444016
972,708,834,V69,4.389831624444016
972,708,834,V125,4.389831624444016
972,708,834,V127,4.389831624444016
972,1013,885,V54,3.46869779664105
972,1013,885,V102,3.46869779664105
972,1013,885,V116,3.46869779664105
972,1013,1102,V119,3.616251246210677
972,1013,1102,V120,3.616251246210677
972,1106,1102,V56,3.80171314717607
972,708,882,V128,4.837510953567602
972,672,882,V64,7.316385892068044
972,1276,1229,V83,3.959637309104105
972,1182,1229,V89,3.960024365898536
972,849,931,V53,4.4061387562478425
972,783,917,V21,5.8083597500151045
972,783,659,V23,5.809594285895007
974,783,834,V21,7.689481736045675
974,783,834,V22,7.689481736045675
974,783,834,V23,7.689481736045675
974,783,834,V25,7.689481736045675
974,783,834,V26,7.689481736045675
974,783,834,V27,7.689481736045675
974,783,834,V28,7.689481736045675
974,783,834,V29,7.689481736045675
974,1182,1229,V118,3.960024365898536
974,1106,1229,V70,6.605818539698737
974,1106,1229,V85,6.605818539698737
974,1106,1229,V91,6.605818539698737
974,1435,1229,V87,10.197737357480824
974,1435,1229,V107,10.197737357480824
974,849,1229,V54,12.017793437809017
974,783,965,V31,10.498093903671007
974,783,965,V32,10.498093903671007
974,783,965,V33,10.498093903671007
974,783,965,V34,10.498093903671007
974,783,965,V35,10.498093903671007
974,783,965,V36,10.498093903671007
974,849,931,V61,4.4061387562478425
974,849,931,V75,4.4061387562478425
974,849,931,V84,4.4061387562478425
974,849,931,V100,4.4061387562478425
974,672,931,V105,6.73915242731767
974,672,931,V109,6.73915242731767
974,672,885,V114,5.876204136119103
974,535,885,V41,10.569431103772471
974,535,885,V72,10.569431103772471
974,535,885,V90,10.569431103772471
974,535,885,V97,10.569431103772471
974,783,659,V37,5.809594285895007
974,783,659,V38,5.809594285895007
974,783,659,V39,5.809594285895007
974,783,659,V40,5.809594285895007
974,783,659,V43,5.809594285895007
974,508,1102,V65,17.327384898394307
974,783,1102,V44,18.800951364959644
974,783,1102,V47,18.800951364959644
974,783,1102,V48,18.800951364959644
974,359,708,V66,10.088438580081291
974,359,708,V73,10.088438580081291
974,783,1398,V50,19.874616662347663
974,783,1398,V51,19.874616662347663
974,783,1013,V52,15.308499342485224
974,783,1013,V53,15.308499342485224
974,783,1296,V55,13.644692409583532
976,931,965,V72,8.628970001760946
976,783,965,V22,10.498093903671007
976,783,965,V23,10.498093903671007
976,783,965,V25,10.498093903671007
976,783,965,V26,10.498093903671007
976,783,965,V27,10.498093903671007
976,359,708,V77,10.088438580081291
976,359,708,V88,10.088438580081291
976,359,708,V94,10.088438580081291
976,783,708,V28,10.697285568723771
976,783,834,V29,7.689481736045675
976,783,834,V30,7.689481736045675
976,849,1229,V66,12.017793437809017
976,783,1229,V31,18.841160835534616
976,783,885,V32,15.378166398318458
976,783,885,V33,15.378166398318458
976,783,1182,V35,15.175538880502293
976,783,1182,V37,15.175538880502293
976,783,917,V38,5.8083597500151045
976,783,1091,V39,10.241109598832232
976,783,882,V40,12.561839638690564
978,1182,931,V35,9.422487826577225
978,917,931,V39,13.311633056624624
978,783,931,V22,18.3740064075405
978,783,931,V23,18.3740064075405
978,783,931,V24,18.3740064075405
978,783,1091,V25,10.241109598832232
978,783,1091,V26,10.241109598832232
978,783,1091,V27,10.241109598832232
978,783,849,V30,21.903135562742808
978,783,849,V34,21.903135562742808
978,783,849,V36,21.903135562742808
978,783,1102,V38,18.800951364959644
978,783,1102,V41,18.800951364959644
978,783,1106,V42,22.318447076891776
978,783,1106,V43,22.318447076891776
978,783,1229,V44,18.841160835534616
978,783,1229,V45,18.841160835534616
978,783,885,V46,15.378166398318458
978,783,885,V47,15.378166398318458
978,783,508,V49,25.93420023872912
978,566,535,V86,11.474227573045091
978,783,965,V50,10.498093903671007
980,885,1398,V22,13.644566108710274
980,885,1398,V23,13.644566108710274
980,834,1398,V40,15.216349824005198
980,783,1398,V21,19.874616662347663
980,783,1398,V26,19.874616662347663
980,783,1398,V28,19.874616662347663
980,783,1398,V29,19.874616662347663
980,783,1398,V31,19.874616662347663
980,783,1398,V38,19.874616662347663
980,783,1398,V42,19.874616662347663
980,783,1398,V51,19.874616662347663
980,783,965,V54,10.498093903671007
980,783,965,V55,10.498093903671007
980,783,965,V57,10.498093903671007
980,783,965,V60,10.498093903671007
980,783,965,V61,10.498093903671007
980,783,965,V62,10.498093903671007
980,783,965,V64,10.498093903671007
980,783,965,V65,10.498093903671007
980,783,965,V70,10.498093903671007
980,783,965,V71,10.498093903671007
980,783,882,V72,12.561839638690564
980,783,882,V73,12.561839638690564
980,783,882,V75,12.561839638690564
980,783,882,V76,12.561839638690564
980,783,882,V77,12.561839638690564
980,855,1102,V34,12.404917058701368
980,783,1102,V78,18.800951364959644
980,783,1102,V79,18.800951364959644
980,783,1102,V80,18.800951364959644
980,783,931,V81,18.3740064075405
980,783,931,V83,18.3740064075405
980,783,931,V84,18.3740064075405
980,783,931,V85,18.3740064075405
980,783,1229,V86,18.841160835534616
980,783,1229,V87,18.841160835534616
980,783,1229,V88,18.841160835534616
980,783,1229,V89,18.841160835534616
980,783,1106,V91,22.318447076891776
980,783,1106,V92,22.318447076891776
980,783,1106,V93,22.318447076891776
980,783,849,V94,21.903135562742808
980,783,849,V95,21.903135562742808
980,783,849,V98,21.903135562742808
980,566,535,V96,11.474227573045091
980,783,535,V100,11.620421645142477
980,783,1013,V102,15.308499342485224
980,783,1013,V103,15.308499342485224
980,783,708,V104,10.697285568723771
980,783,708,V105,10.697285568723771
982,885,931,V50,3.0617002345235647
982,885,931,V66,3.0617002345235647
982,1229,1398,V35,5.282433425576492
982,1102,1398,V21,9.118728510486134
982,1102,1276,V26,4.836798739646007
982,659,535,V68,5.810827883107414
982,885,672,V95,5.876204136119103
982,1013,882,V52,3.839767699909249
984,834,917,V60,3.617203703030827
984,834,917,V72,3.617203703030827
984,1091,917,V21,4.837115435970083
984,783,708,V24,10.697285568723771
984,783,708,V25,10.697285568723771
984,783,708,V27,10.697285568723771
984,1102,882,V22,7.314751476768936
984,1102,882,V28,7.314751476768936
984,1102,882,V29,7.314751476768936
984,783,359,V30,12.499801205497114
984,783,359,V32,12.499801205497114
984,1182,965,V51,5.875748248781206
984,1182,965,V93,5.875748248781206
984,783,535,V33,11.620421645142477
984,1182,1398,V103,5.640321895106829
984,1102,1013,V31,3.616251246210677
986,885,882,V54,2.852794790784161
986,885,882,V93,2.852794790784161
986,834,882,V25,4.883195120135012
986,834,882,V27,4.883195120135012
986,834,965,V41,3.83986736177262
986,834,965,V51,3.83986736177262
986,1091,965,V102,4.388654712140797
986,1102,1276,V23,4.836798739646007
986,1102,1276,V38,4.836798739646007
986,1102,1276,V40,4.836798739646007
986,659,535,V32,5.810827883107414
986,659,535,V64,5.810827883107414
986,1102,1182,V42,6.120304815079837
986,1102,508,V66,17.327384898394307
986,783,672,V29,17.445012141301472
988,1013,882,V29,3.839767699909249
988,1013,882,V38,3.839767699909249
988,931,882,V24,5.812636165404913
988,931,882,V50,5.812636165404913
988,931,882,V84,5.812636165404913
988,783,834,V32,7.689481736045675
988,783,834,V34,7.689481736045675
988,783,834,V35,7.689481736045675
988,783,834,V36,7.689481736045675
988,783,834,V37,7.689481736045675
988,1229,1182,V26,3.960024365898536
988,1102,1182,V40,6.120304815079837
988,1102,1182,V47,6.120304815079837
988,1435,1182,V111,8.189653224238826
988,1435,1182,V117,8.189653224238826
988,931,1276,V85,8.946223146223524
988,931,1276,V93,8.946223146223524
988,1435,1276,V118,13.12435356350428
988,1435,1276,V119,13.12435356350428
988,566,535,V33,11.474227573045091
988,783,535,V39,11.620421645142477
988,783,672,V41,17.445012141301472
988,783,672,V43,17.445012141301472
988,783,708,V44,10.697285568723771
988,783,708,V45,10.697285568723771
988,1435,849,V120,21.760964392715465
988,1435,1106,V121,16.79895041123717
988,1435,1068,V122,21.475755781759403
990,1013,1102,V32,3.616251246210677
990,1013,1102,V44,3.616251246210677
990,1013,1102,V102,3.616251246210677
990,1013,1102,V112,3.616251246210677
990,1106,1102,V35,3.80171314717607
990,1229,1102,V28,3.8392690799482057
990,1229,1276,V83,3.959637309104105
990,1229,1276,V93,3.959637309104105
990,882,708,V24,4.837510953567602
990,882,708,V29,4.837510953567602
990,931,1068,V30,8.304853837171269
990,965,1182,V21,5.875748248781206
990,659,359,V57,7.84162119104212
990,882,885,V33,2.852794790784161
990,965,1091,V42,4.388654712140797
990,931,849,V37,4.4061387562478425
992,965,834,V27,3.83986736177262
992,965,834,V35,3.83986736177262
992,965,834,V42,3.83986736177262
992,659,834,V76,5.284552964469467
992,885,834,V63,7.688685710981335
992,931,849,V22,4.4061387562478425
992,931,849,V38,4.4061387562478425
992,931,849,V41,4.4061387562478425
992,1013,1182,V40,5.283249325636405
992,1102,1182,V23,6.120304815079837
992,783,708,V25,10.697285568723771
992,783,708,V26,10.697285568723771
992,1106,1229,V34,6.605818539698737
992,1106,1229,V93,6.605818539698737
992,783,535,V28,11.620421645142477
994,834,965,V29,3.83986736177262
994,834,965,V35,3.83986736177262
994,931,885,V54,3.0617002345235647
994,834,1091,V42,6.739095652327052
994,1229,1370,V34,11.877749718768223
996,834,708,V27,4.389831624444016
996,834,708,V57,4.389831624444016
996,834,708,V71,4.389831624444016
996,882,708,V109,4.837510953567602
996,1435,1091,V123,8.895594131564904
996,1229,1091,V32,9.180034524729397
996,1229,1091,V59,9.180034524729397
996,783,917,V21,5.8083597500151045
998,882,885,V38,2.852794790784161
998,672,885,V60,5.876204136119103
998,1229,885,V89,8.89559413156451
998,1229,885,V90,8.89559413156451
998,1229,885,V91,8.89559413156451
998,1229,965,V93,8.77672016628073
998,1229,965,V102,8.77672016628073
998,1229,965,V119,8.77672016628073
998,855,931,V33,9.765900232263595
998,855,931,V37,9.765900232263595
998,855,931,V57,9.765900232263595
998,535,708,V27,4.548441137468074
998,535,708,V42,4.548441137468074
998,659,1182,V63,14.91126931871612
998,659,1182,V100,14.91126931871612
998,783,834,V21,7.689481736045675
998,783,1091,V25,10.241109598832232
998,855,849,V65,5.706192977162224
998,535,1013,V69,13.123524045686974
1000,882,885,V37,2.852794790784161
1000,882,885,V38,2.852794790784161
1000,882,885,V41,2.852794790784161
1000,882,885,V60,2.852794790784161
1000,882,885,V91,2.852794790784161
1000,1013,885,V29,3.46869779664105
1000,672,885,V53,5.876204136119103
1000,672,885,V71,5.876204136119103
1000,535,885,V52,10.569431103772471
1000,535,885,V59,10.569431103772471
1000,535,885,V85,10.569431103772471
1000,535,708,V23,4.548441137468074
1000,659,708,V75,5.815596432206299
1000,783,708,V25,10.697285568723771
1000,783,708,V26,10.697285568723771
1000,783,708,V28,10.697285568723771
1000,783,708,V30,10.697285568723771
1000,783,965,V31,10.498093903671007
1000,783,965,V39,10.498093903671007
1000,783,965,V40,10.498093903671007
1000,508,931,V22,12.961089805583503
1000,508,931,V48,12.961089805583503
1000,508,849,V88,9.342303526294996
1002,965,834,V27,3.83986736177262
1002,965,834,V32,3.83986736177262
1002,965,834,V37,3.83986736177262
1002,965,834,V41,3.83986736177262
1002,882,708,V22,4.837510953567602
1002,882,708,V26,4.837510953567602
1002,882,708,V30,4.837510953567602
1002,1106,1276,V50,4.836798739645476
1002,849,672,V36,6.511836392511076
1002,1091,917,V64,4.837115435970083
1004,917,834,V27,3.617203703030827
1004,917,834,V32,3.617203703030827
1004,708,834,V42,4.389831624444016
1004,882,834,V21,4.883195120135012
1004,1102,1229,V61,3.8392690799482057
1004,1102,1229,V72,3.8392690799482057
1004,1102,1229,V85,3.8392690799482057
1004,1068,1370,V47,7.841426035905807
1006,1102,1229,V38,3.8392690799482057
1006,1276,1229,V50,3.959637309104105
1006,1276,1229,V51,3.959637309104105
1006,1276,1229,V53,3.959637309104105
1006,1276,1229,V56,3.959637309104105
1006,882,965,V21,3.616965677313317
1006,882,965,V26,3.616965677313317
1006,882,965,V30,3.616965677313317
1006,1091,965,V25,4.388654712140797
1006,1091,834,V67,6.739095652327052
1006,1091,834,V68,6.739095652327052
1006,1091,834,V72,6.739095652327052
1006,885,931,V29,3.0617002345235647
1006,849,931,V22,4.4061387562478425
1006,849,931,V52,4.4061387562478425
1006,535,708,V28,4.548441137468074
1008,1091,965,V50,4.388654712140797
1008,1091,965,V51,4.388654712140797
1008,1102,1229,V41,3.8392690799482057
1008,1013,885,V38,3.46869779664105
1010,885,882,V38,2.852794790784161
1010,885,882,V50,2.852794790784161
1010,1013,882,V39,3.839767699909249
1010,708,882,V28,4.837510953567602
1010,708,882,V61,4.837510953567602
1010,708,882,V72,4.837510953567602
1010,849,931,V25,4.4061387562478425
1010,849,931,V26,4.4061387562478425
1010,1398,1435,V75,5.805514364498899
1010,917,834,V64,3.617203703030827
1012,885,882,V28,2.852794790784161
1012,885,1013,V39,3.46869779664105
1012,1091,965,V21,4.388654712140797
1014,885,882,V50,2.852794790784161
1014,885,882,V61,2.852794790784161
1014,708,834,V64,4.389831624444016
1016,885,1013,V68,3.46869779664105
1016,885,1013,V70,3.46869779664105
1016,885,1013,V72,3.46869779664105
1016,885,1013,V73,3.46869779664105
1016,885,882,V76,2.852794790784161
1016,1102,1229,V71,3.8392690799482057
1018,965,882,V21,3.616965677313317
1020,1276,1229,V25,3.959637309104105
1020,1276,1229,V91,3.959637309104105
1020,1276,1229,V112,3.959637309104105
1020,1398,1229,V72,5.282433425576492
1020,1398,1229,V73,5.282433425576492
1020,1106,1229,V28,6.605818539698737
1020,1106,1229,V60,6.605818539698737
1020,1106,1229,V65,6.605818539698737
1020,1106,1229,V83,6.605818539698737
1020,1091,1229,V56,9.180034524729397
1020,1091,1229,V75,9.180034524729397
1020,1091,1229,V81,9.180034524729397
1020,1091,1229,V82,9.180034524729397
1020,1091,1229,V87,9.180034524729397
1020,1068,1229,V22,11.360488351411393
1020,1068,1229,V84,11.360488351411393
1020,1068,1229,V94,11.360488351411393
1020,1068,1229,V102,11.360488351411393
1020,849,1229,V26,12.017793437809017
1020,849,1229,V32,12.017793437809017
1020,672,1229,V49,14.57987655243148
1020,672,1229,V89,14.57987655243148
1020,855,1229,V92,15.901554341364076
1020,783,1229,V23,18.841160835534616
1020,783,1229,V24,18.841160835534616
1020,783,1229,V29,18.841160835534616
1020,783,1229,V34,18.841160835534616
1020,783,1229,V35,18.841160835534616
1020,783,1229,V37,18.841160835534616
1020,783,1229,V40,18.841160835534616
1020,783,1229,V41,18.841160835534616
1020,783,1229,V43,18.841160835534616
1020,783,1229,V47,18.841160835534616
1020,783,1229,V52,18.841160835534616
1020,783,1229,V54,18.841160835534616
1020,783,1229,V55,18.841160835534616
1020,783,1229,V61,18.841160835534616
1020,783,1229,V63,18.841160835534616
1020,783,1229,V64,18.841160835534616
1020,783,1229,V85,18.841160835534616
1020,783,1229,V90,18.841160835534616
1020,783,1229,V95,18.841160835534616
1020,783,1229,V97,18.841160835534616
1020,783,1229,V106,18.841160835534616
1020,783,1229,V107,18.841160835534616
1020,783,1229,V108,18.841160835534616
1020,783,1229,V110,18.841160835534616
1020,783,1229,V111,18.841160835534616
1020,783,1229,V113,18.841160835534616
1020,783,1229,V114,18.841160835534616
1020,783,1229,V115,18.841160835534616
1020,783,1229,V117,18.841160835534616
1020,783,1229,V118,18.841160835534616
1020,783,1229,V120,18.841160835534616
1020,783,1229,V122,18.841160835534616
1020,783,1229,V124,18.841160835534616
1020,783,1229,V126,18.841160835534616
1020,783,1229,V128,18.841160835534616
1020,783,1229,V129,18.841160835534616
1020,783,1229,V130,18.841160835534616
1020,783,1229,V131,18.841160835534616
1020,783,1229,V132,18.841160835534616
1020,783,1229,V133,18.841160835534616
1020,783,1229,V134,18.841160835534616
1020,783,1229,V135,18.841160835534616
1020,783,1229,V136,18.841160835534616
1020,783,1229,V137,18.841160835534616
1020,783,1229,V138,18.841160835534616
1020,783,1229,V139,18.841160835534616
1020,783,1229,V140,18.841160835534616
1020,783,965,V141,10.498093903671007
1020,783,965,V142,10.498093903671007
1020,783,965,V143,10.498093903671007
1020,783,965,V144,10.498093903671007
1020,783,834,V145,7.689481736045675
1020,783,834,V146,7.689481736045675
1020,783,834,V147,7.689481736045675
1020,783,1013,V148,15.308499342485224
1020,783,1013,V149,15.308499342485224
1020,783,882,V150,12.561839638690564
1020,783,882,V151,12.561839638690564
1020,783,917,V152,5.8083597500151045
1020,508,931,V39,12.961089805583503
1020,508,1102,V45,17.327384898394307
1022,783,834,V27,7.689481736045675
1022,783,834,V30,7.689481736045675
1022,783,834,V31,7.689481736045675
1022,783,834,V36,7.689481736045675
1022,783,834,V38,7.689481736045675
1022,783,834,V42,7.689481736045675
1022,783,834,V44,7.689481736045675
1022,783,834,V45,7.689481736045675
1022,783,834,V46,7.689481736045675
1022,783,834,V50,7.689481736045675
1022,783,834,V53,7.689481736045675
1022,783,834,V57,7.689481736045675
1022,1276,1229,V33,3.959637309104105
1022,1276,1229,V98,3.959637309104105
1022,1398,1229,V22,5.282433425576492
1022,1398,1229,V23,5.282433425576492
1022,1398,1229,V24,5.282433425576492
1022,1398,1229,V25,5.282433425576492
1022,1398,1229,V26,5.282433425576492
1022,1398,1229,V28,5.282433425576492
1022,783,659,V59,5.809594285895007
1022,783,659,V62,5.809594285895007
1022,783,659,V67,5.809594285895007
1022,783,659,V68,5.809594285895007
1022,783,659,V69,5.809594285895007
1022,783,659,V70,5.809594285895007
1022,783,659,V71,5.809594285895007
1022,783,659,V76,5.809594285895007
1022,783,965,V77,10.498093903671007
1022,783,965,V79,10.498093903671007
1022,783,965,V80,10.498093903671007
1022,783,965,V86,10.498093903671007
1022,783,965,V88,10.498093903671007
1022,508,931,V48,12.961089805583503
1022,508,931,V51,12.961089805583503
1022,508,931,V66,12.961089805583503
1022,508,931,V78,12.961089805583503
1022,1398,885,V29,13.644566108710274
1022,1398,885,V34,13.644566108710274
1022,1398,885,V35,13.644566108710274
1022,1398,885,V37,13.644566108710274
1022,1398,849,V40,17.29967050146656
1022,1398,849,V41,17.29967050146656
1022,359,708,V109,10.088438580081291
1022,1398,1091,V43,9.6478124773512
1022,1398,855,V47,20.980478449683208
1022,1398,1182,V49,5.640321895106829
1022,783,672,V96,17.445012141301472
1024,1398,1276,V52,7.438993890374081
1024,1398,1276,V54,7.438993890374081
1024,1398,1276,V55,7.438993890374081
1024,1398,1276,V56,7.438993890374081
1024,1398,1276,V60,7.438993890374081
1024,1398,1276,V61,7.438993890374081
1024,1398,1276,V63,7.438993890374081
1024,1398,1276,V64,7.438993890374081
1024,1398,1276,V65,7.438993890374081
1024,1398,1276,V72,7.438993890374081
1024,783,834,V21,7.689481736045675
1024,783,834,V22,7.689481736045675
1024,783,834,V23,7.689481736045675
1024,783,834,V24,7.689481736045675
1024,783,834,V25,7.689481736045675
1024,783,834,V27,7.689481736045675
1024,783,708,V30,10.697285568723771
1024,783,708,V31,10.697285568723771
1024,783,708,V33,10.697285568723771
1024,783,708,V35,10.697285568723771
1024,783,882,V36,12.561839638690564
1024,783,882,V37,12.561839638690564
1024,783,882,V38,12.561839638690564
1024,783,882,V42,12.561839638690564
1024,1398,1229,V73,5.282433425576492
1024,1398,1229,V75,5.282433425576492
1024,1398,1229,V81,5.282433425576492
1024,783,965,V44,10.498093903671007
1024,783,965,V45,10.498093903671007
1024,783,965,V46,10.498093903671007
1024,783,535,V48,11.620421645142477
1024,783,535,V50,11.620421645142477
1024,783,535,V51,11.620421645142477
1024,783,659,V53,5.809594285895007
1024,783,659,V57,5.809594285895007
1024,1398,885,V82,13.644566108710274
1024,1398,885,V83,13.644566108710274
1024,783,917,V59,5.8083597500151045
1024,1398,855,V84,20.980478449683208
1024,1398,931,V85,13.495077260547856
1024,783,508,V62,25.93420023872912
1024,1398,1091,V87,9.6478124773512
1024,783,566,V66,5.876334276322891
1026,1398,1229,V89,5.282433425576492
1026,1398,1229,V92,5.282433425576492
1026,1398,1229,V94,5.282433425576492
1026,931,882,V26,5.812636165404913
1026,931,882,V28,5.812636165404913
1026,1398,1276,V95,7.438993890374081
1026,1398,1276,V97,7.438993890374081
1026,931,1106,V41,5.283575443416337
1026,931,1106,V52,5.283575443416337
1026,931,1102,V54,4.548251915941359
1026,931,1102,V55,4.548251915941359
1026,931,1013,V61,4.405443882921528
1026,931,1013,V63,4.405443882921528
1026,783,566,V21,5.876334276322891
1026,359,535,V116,5.855067293961566
1026,931,708,V64,9.423506251261468
1026,783,659,V22,5.809594285895007
1026,1398,1091,V102,9.6478124773512
1026,1398,849,V106,17.29967050146656
1026,1398,1068,V107,16.00213801732287
1026,783,965,V23,10.498093903671007
1028,882,834,V55,4.883195120135012
1028,783,834,V23,7.689481736045675
1028,783,834,V24,7.689481736045675
1028,783,834,V25,7.689481736045675
1028,783,834,V27,7.689481736045675
1028,783,834,V31,7.689481736045675
1028,783,834,V32,7.689481736045675
1028,783,834,V33,7.689481736045675
1028,783,834,V34,7.689481736045675
1028,1102,1229,V41,3.8392690799482057
1028,1182,1229,V29,3.960024365898536
1028,1182,1229,V61,3.960024365898536
1028,1398,1229,V110,5.282433425576492
1028,1398,1229,V111,5.282433425576492
1028,1398,1276,V113,7.438993890374081
1028,1398,1276,V114,7.438993890374081
1028,1398,1276,V115,7.438993890374081
1028,1398,1276,V117,7.438993890374081
1028,783,659,V35,5.809594285895007
1028,783,659,V36,5.809594285895007
1028,783,659,V37,5.809594285895007
1028,1370,1106,V95,8.775541653972592
1028,1398,1106,V118,11.562838367297022
1028,783,535,V39,11.620421645142477
1028,783,535,V42,11.620421645142477
1028,783,672,V44,17.445012141301472
1028,783,672,V45,17.445012141301472
1028,783,566,V46,5.876334276322891
1028,1398,1091,V120,9.6478124773512
1028,1398,931,V122,13.495077260547856
1028,1398,1013,V124,10.186376382121452
1028,783,917,V48,5.8083597500151045
1028,783,965,V49,10.498093903671007
1030,882,834,V26,4.883195120135012
1030,882,834,V40,4.883195120135012
1030,882,834,V88,4.883195120135012
1030,783,834,V24,7.689481736045675
1030,783,834,V25,7.689481736045675
1030,783,834,V27,7.689481736045675
1030,783,834,V28,7.689481736045675
1030,783,834,V29,7.689481736045675
1030,1182,965,V63,5.875748248781206
1030,1182,965,V71,5.875748248781206
1030,1182,965,V76,5.875748248781206
1030,1182,965,V91,5.875748248781206
1030,1182,965,V93,5.875748248781206
1030,1182,965,V109,5.875748248781206
1030,1182,965,V119,5.875748248781206
1030,535,708,V128,4.548441137468074
1030,535,708,V129,4.548441137468074
1030,783,708,V30,10.697285568723771
1030,783,708,V31,10.697285568723771
1030,1398,1276,V65,7.438993890374081
1030,1398,1276,V103,7.438993890374081
1030,1398,1276,V133,7.438993890374081
1030,783,659,V21,5.809594285895007
1030,783,659,V32,5.809594285895007
1030,783,659,V33,5.809594285895007
1030,1182,1013,V121,5.283249325636405
1030,849,1013,V95,8.811582411969269
1030,1398,1013,V134,10.186376382121452
1030,1068,885,V97,11.364565785437158
1030,1398,885,V135,13.644566108710274
1030,1398,1229,V136,5.282433425576492
1030,1398,931,V137,13.495077260547856
1030,783,672,V35,17.445012141301472
1032,882,885,V26,2.852794790784161
1032,882,885,V36,2.852794790784161
1032,882,885,V88,2.852794790784161
1032,882,885,V89,2.852794790784161
1032,1229,1276,V42,3.959637309104105
1032,1106,1276,V27,4.836798739645476
1032,1102,1276,V54,4.836798739646007
1032,917,1091,V48,4.837115435970083
1032,1182,1091,V67,5.24631154396119
1032,1182,1091,V80,5.24631154396119
1032,849,508,V105,9.342303526294996
1032,882,708,V93,4.837510953567602
1032,882,672,V109,7.316385892068044
1032,1102,1370,V65,11.609712853230407
1032,882,1068,V128,14.033707701296978
1034,1276,1398,V65,7.438993890374081
1034,1013,1398,V30,10.186376382121452
1034,1013,1398,V38,10.186376382121452
1034,1013,1398,V119,10.186376382121452
1034,931,1398,V23,13.495077260547856
1034,931,1398,V89,13.495077260547856
1034,885,1398,V26,13.644566108710274
1034,885,1398,V36,13.644566108710274
1034,885,1398,V92,13.644566108710274
1034,917,965,V78,4.882215518422521
1034,783,965,V22,10.498093903671007
1034,783,965,V24,10.498093903671007
1034,783,1182,V25,15.175538880502293
1034,783,1182,V28,15.175538880502293
1034,783,535,V29,11.620421645142477
1034,783,535,V31,11.620421645142477
1034,931,882,V35,5.812636165404913
1034,783,882,V33,12.561839638690564
1034,783,834,V34,7.689481736045675
1034,783,834,V37,7.689481736045675
1034,855,1370,V113,13.377197086368376
1034,783,1068,V39,26.525178301273773
1036,1013,882,V53,3.839767699909249
1036,917,882,V96,7.68788945836583
1036,1091,882,V26,7.965381677815221
1036,1091,882,V36,7.965381677815221
1036,1091,882,V65,7.965381677815221
1036,1091,882,V66,7.965381677815221
1036,1091,882,V83,7.965381677815221
1036,659,834,V21,5.284552964469467
1036,659,834,V37,5.284552964469467
1036,783,834,V31,7.689481736045675
1036,783,834,V32,7.689481736045675
1036,783,834,V34,7.689481736045675
1036,849,885,V84,6.749102957431653
1036,783,885,V40,15.378166398318458
1036,783,885,V41,15.378166398318458
1036,783,708,V42,10.697285568723771
1036,783,708,V43,10.697285568723771
1036,783,535,V44,11.620421645142477
1036,783,1370,V45,30.28578929187396
1036,783,1068,V46,26.525178301273773
1036,783,1102,V47,18.800951364959644
1036,1091,965,V38,4.388654712140797
1036,783,1229,V48,18.841160835534616
1038,885,672,V35,5.876204136119103
1038,885,672,V36,5.876204136119103
1038,885,931,V39,3.0617002345235647
1038,885,508,V40,13.808114395759947
1038,885,1013,V41,3.46869779664105
1038,834,965,V31,3.83986736177262
1038,885,1106,V97,7.965381677815221
1040,882,965,V26,3.616965677313317
1040,882,965,V65,3.616965677313317
1040,882,965,V79,3.616965677313317
1040,783,917,V24,5.8083597500151045
1040,783,917,V29,5.8083597500151045
1040,659,834,V21,5.284552964469467
1040,659,834,V56,5.284552964469467
1040,931,1106,V41,5.283575443416337
1040,931,1106,V85,5.283575443416337
1042,917,834,V24,3.617203703030827
1042,917,834,V26,3.617203703030827
1042,917,834,V29,3.617203703030827
1042,917,834,V79,3.617203703030827
1042,882,834,V45,4.883195120135012
1042,882,834,V77,4.883195120135012
1042,1182,1398,V25,5.640321895106829
1042,1013,1102,V38,3.616251246210677
1044,882,885,V21,2.852794790784161
1044,931,885,V35,3.0617002345235647
1044,931,885,V51,3.0617002345235647
1044,931,885,V64,3.0617002345235647
1044,931,885,V78,3.0617002345235647
1044,834,708,V31,4.389831624444016
1044,659,708,V26,5.815596432206299
1044,1229,1102,V22,3.8392690799482057
1044,1182,1435,V25,8.189653224238826
1044,931,1013,V81,4.405443882921528
1046,965,882,V39,3.616965677313317
1046,965,882,V53,3.616965677313317
1046,965,882,V55,3.616965677313317
1046,965,882,V56,3.616965677313317
1046,1229,1102,V22,3.8392690799482057
1046,931,1102,V29,4.548251915941359
1046,1182,1102,V30,6.120304815079837
1046,849,1102,V36,8.191991396325179
1046,917,834,V52,3.617203703030827
1046,965,834,V62,3.83986736177262
1046,965,834,V65,3.83986736177262
1046,659,708,V45,5.815596432206299
1046,659,708,V94,5.815596432206299
1046,1398,1276,V78,7.438993890374081
1046,849,1106,V63,6.739095652327052
1048,1106,1276,V35,4.836798739645476
1048,1106,1276,V41,4.836798739645476
1048,1106,1276,V78,4.836798739645476
1048,535,708,V26,4.548441137468074
1048,535,708,V32,4.548441137468074
1048,1013,931,V30,4.405443882921528
1048,659,834,V66,5.284552964469467
1050,917,834,V76,3.617203703030827
1050,659,834,V73,5.284552964469467
1050,1091,834,V44,6.739095652327052
1050,1091,834,V59,6.739095652327052
1050,1091,834,V68,6.739095652327052
1050,1013,885,V31,3.46869779664105
1050,1102,885,V22,5.875878565174106
1050,1102,885,V29,5.875878565174106
1050,849,931,V83,4.4061387562478425
1050,849,931,V84,4.4061387562478425
1050,1229,1182,V36,3.960024365898536
1050,1229,1182,V89,3.960024365898536
1050,1091,965,V72,4.388654712140797
1050,1068,1370,V35,7.841426035905807
1052,672,885,V22,5.876204136119103
1052,708,885,V48,6.511469320496247
1052,849,885,V26,6.749102957431653
1052,849,885,V84,6.749102957431653
1052,1091,834,V57,6.739095652327052
1052,1091,834,V72,6.739095652327052
1052,1091,834,V73,6.739095652327052
1052,1068,1370,V38,7.841426035905807
1052,1068,1370,V86,7.841426035905807
1052,1276,1370,V30,7.918112864657469
1052,1091,882,V76,7.965381677815221
1052,1091,882,V79,7.965381677815221
1052,1106,931,V41,5.283575443416337
1054,885,931,V22,3.0617002345235647
1054,885,931,V26,3.0617002345235647
1054,849,931,V41,4.4061387562478425
1054,849,931,V64,4.4061387562478425
1054,1091,965,V32,4.388654712140797
1056,965,882,V22,3.616965677313317
1056,917,834,V28,3.617203703030827
1056,1013,885,V29,3.46869779664105
1058,965,882,V29,3.616965677313317
1058,1013,882,V41,3.839767699909249
1058,708,882,V24,4.837510953567602
1058,708,882,V67,4.837510953567602
1058,917,834,V92,3.617203703030827
1058,708,834,V69,4.389831624444016
1058,931,885,V34,3.0617002345235647
1060,965,882,V32,3.616965677313317
1060,1013,882,V28,3.839767699909249
1060,708,834,V22,4.389831624444016
1060,708,834,V84,4.389831624444016
1062,965,882,V22,3.616965677313317
1062,965,882,V32,3.616965677313317
1062,965,882,V33,3.616965677313317
1064,885,882,V32,2.852794790784161
1066,931,885,V24,3.0617002345235647
1068,708,882,V59,4.837510953567602
1068,672,882,V29,7.316385892068044
1068,672,882,V32,7.316385892068044
1068,783,659,V23,5.809594285895007
1068,783,659,V25,5.809594285895007
1068,783,659,V30,5.809594285895007
1068,1276,1106,V66,4.836798739645476
1068,1276,1106,V71,4.836798739645476
1068,855,1068,V24,5.87594370452583
1068,672,885,V42,5.876204136119103
1068,1435,1091,V40,8.895594131564904
1068,1229,1102,V88,3.8392690799482057
1070,783,834,V21,7.689481736045675
1070,783,834,V22,7.689481736045675
1070,783,834,V23,7.689481736045675
1070,783,834,V24,7.689481736045675
1070,783,834,V25,7.689481736045675
1070,783,834,V27,7.689481736045675
1070,783,834,V28,7.689481736045675
1070,783,834,V31,7.689481736045675
1070,783,834,V33,7.689481736045675
1070,783,659,V34,5.809594285895007
1070,783,659,V37,5.809594285895007
1070,783,659,V38,5.809594285895007
1070,783,659,V39,5.809594285895007
1070,783,659,V40,5.809594285895007
1070,849,931,V26,4.4061387562478425
1070,849,931,V43,4.4061387562478425
1070,849,931,V53,4.4061387562478425
1070,672,931,V68,6.73915242731767
1070,672,931,V87,6.73915242731767
1070,783,965,V44,10.498093903671007
1070,783,965,V45,10.498093903671007
1070,783,965,V46,10.498093903671007
1070,783,965,V47,10.498093903671007
1070,783,965,V48,10.498093903671007
1070,783,917,V52,5.8083597500151045
1070,783,917,V54,5.8083597500151045
1070,672,708,V94,6.751878981086827
1070,359,708,V51,10.088438580081291
1070,359,535,V60,5.855067293961566
1070,359,535,V70,5.855067293961566
1070,855,885,V86,12.412669367198909
1070,855,508,V96,9.342303526295408
1070,783,882,V56,12.561839638690564
1070,1398,1106,V41,11.562838367297022
1070,1398,1013,V77,10.186376382121452
1070,1435,1229,V49,10.197737357480824
1072,885,931,V35,3.0617002345235647
1072,885,931,V43,3.0617002345235647
1072,885,931,V77,3.0617002345235647
1072,882,931,V29,5.812636165404913
1072,882,931,V30,5.812636165404913
1072,882,931,V44,5.812636165404913
1072,882,931,V47,5.812636165404913
1072,783,917,V21,5.8083597500151045
1072,783,917,V22,5.8083597500151045
1072,783,917,V23,5.8083597500151045
1072,359,535,V93,5.855067293961566
1072,566,535,V121,11.474227573045091
1072,783,535,V24,11.620421645142477
1072,783,1229,V25,18.841160835534616
1072,783,1229,V26,18.841160835534616
1072,783,1229,V27,18.841160835534616
1072,783,1091,V28,10.241109598832232
1072,783,1091,V31,10.241109598832232
1072,783,1091,V32,10.241109598832232
1072,783,834,V33,7.689481736045675
1072,783,834,V34,7.689481736045675
1072,783,965,V37,10.498093903671007
1072,783,965,V38,10.498093903671007
1072,783,1182,V39,15.175538880502293
1072,783,1182,V40,15.175538880502293
1072,783,1013,V45,15.308499342485224
1072,783,1013,V46,15.308499342485224
1072,783,659,V48,5.809594285895007
1072,783,849,V49,21.903135562742808
1072,783,1106,V51,22.318447076891776
1074,885,834,V45,7.688685710981335
1074,783,834,V21,7.689481736045675
1074,783,834,V23,7.689481736045675
1074,783,834,V24,7.689481736045675
1074,783,834,V27,7.689481736045675
1074,783,917,V28,5.8083597500151045
1074,783,917,V31,5.8083597500151045
1074,783,917,V35,5.8083597500151045
1074,783,917,V37,5.8083597500151045
1074,1102,1276,V25,4.836798739646007
1074,1182,1276,V26,7.919661523440269
1074,1182,1276,V32,7.919661523440269
1074,783,1276,V38,22.606377139254327
1074,783,931,V39,18.3740064075405
1074,783,931,V40,18.3740064075405
1074,783,931,V43,18.3740064075405
1074,783,882,V47,12.561839638690564
1074,783,882,V48,12.561839638690564
1074,783,882,V53,12.561839638690564
1074,783,1398,V54,19.874616662347663
1074,783,1398,V60,19.874616662347663
1074,783,1229,V62,18.841160835534616
1074,783,1229,V63,18.841160835534616
1074,783,708,V64,10.697285568723771
1074,783,708,V65,10.697285568723771
1074,783,1013,V66,15.308499342485224
1074,783,1013,V67,15.308499342485224
1074,783,535,V68,11.620421645142477
1074,783,965,V69,10.498093903671007
1074,783,508,V70,25.93420023872912
1074,783,849,V71,21.903135562742808
1076,834,882,V22,4.883195120135012
1076,834,882,V24,4.883195120135012
1076,834,882,V28,4.883195120135012
1076,834,882,V47,4.883195120135012
1076,834,882,V48,4.883195120135012
1076,1102,931,V25,4.548251915941359
1076,1102,931,V36,4.548251915941359
1076,783,931,V21,18.3740064075405
1076,783,1276,V23,22.606377139254327
1076,783,1276,V31,22.606377139254327
1076,783,1276,V33,22.606377139254327
1076,783,1013,V35,15.308499342485224
1076,783,1013,V37,15.308499342485224
1076,783,1106,V41,22.318447076891776
1076,783,1106,V44,22.318447076891776
1076,783,965,V45,10.498093903671007
1076,783,965,V49,10.498093903671007
1076,783,917,V53,5.8083597500151045
1076,783,566,V57,5.876334276322891
1076,783,659,V59,5.809594285895007
1076,783,1068,V61,26.525178301273773
1076,783,1229,V68,18.841160835534616
1078,885,931,V28,3.0617002345235647
1078,885,931,V35,3.0617002345235647
1078,885,931,V38,3.0617002345235647
1078,885,931,V42,3.0617002345235647
1078,885,931,V55,3.0617002345235647
1078,885,931,V56,3.0617002345235647
1078,885,1229,V67,8.89559413156451
1078,1091,1229,V53,9.180034524729397
1078,882,1229,V22,9.341474227178574
1078,849,1276,V25,11.479314497557898
1078,882,1276,V24,12.01740314095659
1078,882,1013,V34,3.839767699909249
1078,672,1013,V37,9.341935125969725
1078,672,1182,V66,14.511820279616508
1078,659,1068,V82,23.191895237490503
1080,882,834,V36,4.883195120135012
1080,882,834,V47,4.883195120135012
1080,783,834,V27,7.689481736045675
1080,783,834,V29,7.689481736045675
1080,783,834,V30,7.689481736045675
1080,783,834,V31,7.689481736045675
1080,931,708,V38,9.423506251261468
1080,783,708,V32,10.697285568723771
1080,783,708,V33,10.697285568723771
1080,783,708,V39,10.697285568723771
1080,783,708,V41,10.697285568723771
1080,1276,1229,V24,3.959637309104105
1080,1068,1229,V23,11.360488351411393
1080,855,1229,V52,15.901554341364076
1080,783,965,V43,10.498093903671007
1080,783,965,V44,10.498093903671007
1080,783,965,V46,10.498093903671007
1080,783,659,V49,5.809594285895007
1080,783,659,V51,5.809594285895007
1080,783,917,V53,5.8083597500151045
1080,783,885,V55,15.378166398318458
1080,783,1102,V56,18.800951364959644
1080,783,535,V57,11.620421645142477
1080,783,1013,V60,15.308499342485224
1082,965,834,V44,3.83986736177262
1082,965,834,V89,3.83986736177262
1082,882,834,V21,4.883195120135012
1082,882,834,V27,4.883195120135012
1082,882,834,V30,4.883195120135012
1082,885,1013,V28,3.46869779664105
1082,882,1013,V43,3.839767699909249
1082,882,1013,V46,3.839767699909249
1082,882,1013,V47,3.839767699909249
1082,931,1106,V48,5.283575443416337
1082,931,1106,V56,5.283575443416337
1082,882,1106,V55,10.203820878312005
1082,882,1106,V60,10.203820878312005
1082,672,1276,V71,15.682986279658085
1082,672,1276,V75,15.682986279658085
1082,783,1276,V35,22.606377139254327
1082,783,1091,V39,10.241109598832232
1082,783,1091,V41,10.241109598832232
1082,783,1091,V42,10.241109598832232
1082,783,1182,V51,15.175538880502293
1082,783,1182,V52,15.175538880502293
1082,783,1182,V57,15.175538880502293
1082,783,708,V53,10.697285568723771
1082,783,708,V61,10.697285568723771
1082,783,917,V31,5.8083597500151045
1082,783,566,V32,5.876334276322891
1082,783,1068,V63,26.525178301273773
1084,672,885,V62,5.876204136119103
1084,672,885,V92,5.876204136119103
1084,1182,885,V28,8.662721360426067
1084,1182,885,V40,8.662721360426067
1084,1182,885,V42,8.662721360426067
1084,1182,885,V51,8.662721360426067
1084,1182,1013,V41,5.283249325636405
1084,1068,1013,V25,11.461019980924313
1084,783,708,V29,10.697285568723771
1084,783,659,V33,5.809594285895007
1084,783,1091,V34,10.241109598832232
1084,1068,1102,V48,8.626274418583195
1084,783,834,V38,7.689481736045675
1086,965,535,V25,11.11949266445603
1086,965,535,V49,11.11949266445603
1086,783,535,V21,11.620421645142477
1086,931,708,V62,9.423506251261468
1086,783,708,V30,10.697285568723771
1086,1091,834,V31,6.739095652327052
1086,783,834,V36,7.689481736045675
1086,1182,1229,V23,3.960024365898536
1086,1182,1229,V86,3.960024365898536
1086,1182,1013,V95,5.283249325636405
1086,1182,1276,V96,7.919661523440269
1088,917,834,V43,3.617203703030827
1088,885,834,V40,7.688685710981335
1088,783,834,V27,7.689481736045675
1088,783,834,V34,7.689481736045675
1088,783,834,V36,7.689481736045675
1088,783,834,V39,7.689481736045675
1088,783,834,V45,7.689481736045675
1088,783,834,V46,7.689481736045675
1088,783,834,V52,7.689481736045675
1088,783,834,V54,7.689481736045675
1088,783,834,V55,7.689481736045675
1088,849,931,V28,4.4061387562478425
1088,849,931,V29,4.4061387562478425
1088,1102,931,V48,4.548251915941359
1088,672,931,V51,6.73915242731767
1088,672,931,V97,6.73915242731767
1088,855,931,V90,9.765900232263595
1088,566,535,V32,11.474227573045091
1088,783,535,V56,11.620421645142477
1088,783,535,V60,11.620421645142477
1088,783,708,V61,10.697285568723771
1088,783,708,V62,10.697285568723771
1088,783,1229,V63,18.841160835534616
1088,783,1229,V68,18.841160835534616
1088,783,1091,V69,10.241109598832232
1088,783,1091,V70,10.241109598832232
1088,783,659,V44,5.809594285895007
1088,783,1276,V71,22.606377139254327
1090,965,834,V42,3.83986736177262
1090,965,834,V43,3.83986736177262
1090,965,834,V45,3.83986736177262
1090,965,834,V52,3.83986736177262
1090,965,834,V103,3.83986736177262
1090,882,834,V30,4.883195120135012
1090,882,834,V38,4.883195120135012
1090,882,834,V46,4.883195120135012
1090,882,834,V54,4.883195120135012
1090,1102,1106,V53,3.80171314717607
1090,1276,1106,V35,4.836798739645476
1090,1276,1106,V57,4.836798739645476
1090,1276,1106,V71,4.836798739645476
1090,1276,1106,V79,4.836798739645476
1090,882,708,V76,4.837510953567602
1090,882,708,V77,4.837510953567602
1090,882,708,V92,4.837510953567602
1090,882,885,V111,2.852794790784161
1090,931,885,V48,3.0617002345235647
1090,931,885,V51,3.0617002345235647
1090,783,535,V25,11.620421645142477
1090,783,535,V32,11.620421645142477
1092,708,834,V30,4.389831624444016
1092,1091,834,V46,6.739095652327052
1092,783,659,V21,5.809594285895007
1092,783,917,V31,5.8083597500151045
1092,672,535,V113,8.311483007291683
1094,882,834,V22,4.883195120135012
1094,882,834,V23,4.883195120135012
1094,882,834,V27,4.883195120135012
1094,882,834,V46,4.883195120135012
1094,882,834,V48,4.883195120135012
1094,882,965,V91,3.616965677313317
1094,882,965,V92,3.616965677313317
1094,1091,965,V31,4.388654712140797
1094,1013,965,V85,4.881725510082577
1094,535,708,V25,4.548441137468074
1094,672,708,V41,6.751878981086827
1094,783,708,V33,10.697285568723771
1094,1102,885,V35,5.875878565174106
1094,783,566,V34,5.876334276322891
1094,1102,1106,V71,3.80171314717607
1094,1068,849,V28,6.736061142863373
1096,708,834,V21,4.389831624444016
1096,708,834,V25,4.389831624444016
1096,659,834,V22,5.284552964469467
1096,659,834,V27,5.284552964469467
1096,1013,965,V92,4.881725510082577
1096,1102,965,V70,8.304116264398273
1096,1102,965,V79,8.304116264398273
1096,931,882,V64,5.812636165404913
1096,1102,882,V83,7.314751476768936
1096,1435,1296,V110,10.066515186960627
1096,1229,1276,V62,3.959637309104105
1098,708,535,V41,4.548441137468074
1098,708,535,V68,4.548441137468074
1098,882,965,V24,3.616965677313317
1098,882,965,V28,3.616965677313317
1098,1068,855,V29,5.87594370452583
1098,917,834,V99,3.617203703030827
1100,885,931,V52,3.0617002345235647
1100,849,931,V44,4.4061387562478425
1100,1102,931,V25,4.548251915941359
1100,1102,1106,V83,3.80171314717607
1100,1102,1013,V118,3.616251246210677
1100,882,965,V27,3.616965677313317
1102,1102,931,V67,4.548251915941359
1102,1102,931,V104,4.548251915941359
1102,1102,931,V116,4.548251915941359
1102,1102,931,V122,4.548251915941359
1102,1102,931,V132,4.548251915941359
1102,1106,931,V65,5.283575443416337
1102,882,965,V27,3.616965677313317
1102,882,965,V33,3.616965677313317
1102,882,965,V41,3.616965677313317
1102,1182,965,V63,5.875748248781206
1102,1182,965,V73,5.875748248781206
1102,672,885,V93,5.876204136119103
1102,708,885,V64,6.511469320496247
1102,708,885,V100,6.511469320496247
1102,1182,1091,V80,5.24631154396119
1102,1182,1091,V97,5.24631154396119
1104,882,965,V33,3.616965677313317
1108,965,882,V29,3.616965677313317
1108,965,882,V33,3.616965677313317
1108,965,882,V83,3.616965677313317
1108,1013,882,V36,3.839767699909249
1110,965,882,V81,3.616965677313317
1110,965,882,V82,3.616965677313317
1110,1013,882,V41,3.839767699909249
1110,1013,882,V44,3.839767699909249
1110,1013,882,V73,3.839767699909249
1110,1013,882,V89,3.839767699909249
1110,1435,1296,V112,10.066515186960627
1112,965,882,V41,3.616965677313317
1112,965,882,V44,3.616965677313317
1112,1013,882,V129,3.839767699909249
1112,708,882,V30,4.837510953567602
1114,708,882,V77,4.837510953567602
1114,708,882,V106,4.837510953567602
1114,1102,1013,V108,3.616251246210677
1116,931,882,V33,5.812636165404913
1116,931,882,V47,5.812636165404913
1116,931,882,V63,5.812636165404913
1116,931,882,V65,5.812636165404913
1116,931,882,V77,5.812636165404913
1116,931,882,V82,5.812636165404913
1116,1102,882,V121,7.314751476768936
1116,672,882,V31,7.316385892068044
1116,783,917,V21,5.8083597500151045
1116,783,917,V22,5.8083597500151045
1116,783,917,V23,5.8083597500151045
1116,659,834,V30,5.284552964469467
1116,659,834,V44,5.284552964469467
1116,659,834,V98,5.284552964469467
1116,1182,1091,V41,5.24631154396119
1116,1182,1091,V56,5.24631154396119
1116,1229,1091,V28,9.180034524729397
1116,672,708,V43,6.751878981086827
1118,783,834,V21,7.689481736045675
1118,783,834,V22,7.689481736045675
1118,783,834,V23,7.689481736045675
1118,672,849,V70,6.511836392511076
1118,672,849,V94,6.511836392511076
1118,672,849,V96,6.511836392511076
1118,359,535,V114,5.855067293961566
1118,359,535,V134,5.855067293961566
1118,566,535,V135,11.474227573045091
1118,1229,965,V108,8.77672016628073
1118,783,965,V26,10.498093903671007
1118,783,965,V27,10.498093903671007
1118,1106,1013,V102,7.015517581545067
1118,1106,882,V125,10.203820878312005
1118,783,659,V28,5.809594285895007
1118,1276,1102,V45,4.836798739646007
1120,783,965,V22,10.498093903671007
1120,783,965,V24,10.498093903671007
1120,783,965,V25,10.498093903671007
1120,783,965,V26,10.498093903671007
1120,783,965,V30,10.498093903671007
1120,783,965,V31,10.498093903671007
1120,783,834,V33,7.689481736045675
1120,783,834,V35,7.689481736045675
1120,783,834,V36,7.689481736045675
1120,1276,882,V45,12.01740314095659
1120,1276,882,V100,12.01740314095659
1120,1276,882,V111,12.01740314095659
1120,1276,1102,V118,4.836798739646007
1120,1276,1102,V131,4.836798739646007
1120,1068,1102,V72,8.626274418583195
1120,783,917,V38,5.8083597500151045
1120,783,917,V39,5.8083597500151045
1120,1068,1106,V86,4.880745078525951
1120,1068,1106,V90,4.880745078525951
1120,783,535,V40,11.620421645142477
1120,783,535,V41,11.620421645142477
1120,1068,672,V93,13.168317290084476
1120,1068,672,V103,13.168317290084476
1120,1068,1182,V115,14.6407627195109
1120,783,1091,V42,10.241109598832232
1120,1068,931,V126,8.304853837171269
1120,783,659,V43,5.809594285895007
1120,1068,849,V130,6.736061142863373
1120,1370,1229,V87,11.877749718768223
1122,535,708,V103,4.548441137468074
1122,1013,708,V30,8.663428210145081
1122,359,708,V41,10.088438580081291
1122,783,708,V21,10.697285568723771
1122,783,708,V22,10.697285568723771
1122,783,708,V23,10.697285568723771
1122,783,965,V26,10.498093903671007
1122,783,965,V27,10.498093903671007
1122,783,965,V28,10.498093903671007
1122,783,965,V32,10.498093903671007
1122,783,965,V35,10.498093903671007
1122,1106,882,V63,10.203820878312005
1122,1276,882,V24,12.01740314095659
1122,1276,1229,V25,3.959637309104105
1122,783,1229,V36,18.841160835534616
1122,783,1182,V37,15.175538880502293
1122,783,931,V38,18.3740064075405
1122,783,659,V42,5.809594285895007
1122,783,508,V43,25.93420023872912
1124,882,885,V23,2.852794790784161
1124,882,885,V26,2.852794790784161
1124,882,885,V27,2.852794790784161
1124,1013,885,V31,3.46869779664105
1124,1013,885,V49,3.46869779664105
1124,1068,885,V118,11.364565785437158
1124,659,885,V34,11.84843418422244
1124,783,1229,V30,18.841160835534616
1124,783,1229,V33,18.841160835534616
1124,783,1229,V37,18.841160835534616
1124,783,1229,V39,18.841160835534616
1124,783,1229,V40,18.841160835534616
1124,783,708,V46,10.697285568723771
1124,783,708,V52,10.697285568723771
1124,783,708,V53,10.697285568723771
1124,783,708,V54,10.697285568723771
1124,783,965,V55,10.498093903671007
1124,783,965,V56,10.498093903671007
1124,783,1091,V57,10.241109598832232
1124,783,1091,V59,10.241109598832232
1124,783,1106,V60,22.318447076891776
1124,783,1106,V61,22.318447076891776
1124,783,1276,V62,22.606377139254327
1124,783,931,V63,18.3740064075405
1124,783,1182,V64,15.175538880502293
1124,783,672,V65,17.445012141301472
1126,1106,1276,V34,4.836798739645476
1126,1102,1276,V33,4.836798739646007
1126,1102,1276,V39,4.836798739646007
1126,882,708,V23,4.837510953567602
1126,882,708,V26,4.837510953567602
1126,882,708,V27,4.837510953567602
1126,882,834,V30,4.883195120135012
1126,882,834,V35,4.883195120135012
1126,783,834,V21,7.689481736045675
1126,783,917,V24,5.8083597500151045
1126,783,917,V36,5.8083597500151045
1126,1102,885,V40,5.875878565174106
1126,1102,885,V49,5.875878565174106
1126,566,535,V47,11.474227573045091
1126,783,535,V42,11.620421645142477
1126,1102,1229,V60,3.8392690799482057
1126,1102,1229,V64,3.8392690799482057
1126,783,965,V44,10.498093903671007
1126,783,965,V46,10.498093903671007
1126,1068,855,V38,5.87594370452583
1126,783,659,V41,5.809594285895007
1128,882,708,V21,4.837510953567602
1128,882,708,V30,4.837510953567602
1128,882,708,V32,4.837510953567602
1128,882,885,V35,2.852794790784161
1128,882,885,V90,2.852794790784161
1128,1013,885,V25,3.46869779664105
1128,783,659,V27,5.809594285895007
1128,783,659,V28,5.809594285895007
1128,783,834,V34,7.689481736045675
1128,783,834,V39,7.689481736045675
1128,1013,1091,V64,7.92275625179966
1128,783,535,V46,11.620421645142477
1128,1013,1229,V69,5.640389822593795
1130,1106,1229,V23,6.605818539698737
1130,1106,1229,V33,6.605818539698737
1130,1106,1229,V62,6.605818539698737
1130,1106,1229,V68,6.605818539698737
1130,885,931,V22,3.0617002345235647
1130,885,931,V25,3.0617002345235647
1130,885,931,V45,3.0617002345235647
1130,965,708,V26,6.739138237495128
1130,965,708,V36,6.739138237495128
1130,1106,1276,V70,4.836798739645476
1130,1106,1276,V78,4.836798739645476
1130,1091,1182,V64,5.24631154396119
1130,849,855,V61,5.706192977162224
1130,1068,1102,V43,8.626274418583195
1130,359,535,V42,5.855067293961566
1130,783,1013,V31,15.308499342485224
1132,885,708,V32,6.511469320496247
1132,885,708,V56,6.511469320496247
1132,885,708,V69,6.511469320496247
1132,672,708,V42,6.751878981086827
1132,783,708,V23,10.697285568723771
1132,783,708,V33,10.697285568723771
1132,783,708,V34,10.697285568723771
1132,783,708,V37,10.697285568723771
1132,783,708,V39,10.697285568723771
1132,1102,882,V54,7.314751476768936
1132,1102,882,V70,7.314751476768936
1132,1091,882,V114,7.965381677815221
1132,849,882,V22,9.574606006915822
1132,783,882,V44,12.561839638690564
1132,783,882,V48,12.561839638690564
1132,783,882,V49,12.561839638690564
1132,1068,1182,V73,14.6407627195109
1132,783,1182,V52,15.175538880502293
1132,783,1182,V53,15.175538880502293
1132,783,1398,V60,19.874616662347663
1132,783,1106,V63,22.318447076891776
1132,783,834,V64,7.689481736045675
1132,783,1229,V65,18.841160835534616
1132,783,931,V66,18.3740064075405
1134,917,834,V47,3.617203703030827
1134,917,834,V76,3.617203703030827
1134,708,834,V40,4.389831624444016
1134,708,834,V44,4.389831624444016
1134,708,834,V49,4.389831624444016
1134,708,834,V70,4.389831624444016
1134,708,834,V126,4.389831624444016
1134,1102,882,V31,7.314751476768936
1134,1102,882,V55,7.314751476768936
1134,659,882,V27,9.424155624926374
1134,659,882,V38,9.424155624926374
1134,849,885,V22,6.749102957431653
1134,849,885,V43,6.749102957431653
1134,1106,885,V63,7.965381677815221
1134,1276,885,V29,10.705394585658723
1134,1276,931,V53,8.946223146223524
1134,659,931,V64,14.893741670685255
1134,659,965,V80,9.121352246650094
1134,783,965,V24,10.498093903671007
1134,359,855,V46,25.072383606119217
1136,708,834,V38,4.389831624444016
1136,882,834,V27,4.883195120135012
1136,882,834,V39,4.883195120135012
1136,1229,1276,V25,3.959637309104105
1136,1106,1276,V62,4.836798739645476
1136,882,885,V51,2.852794790784161
1136,882,885,V53,2.852794790784161
1136,1068,855,V45,5.87594370452583
1136,931,1013,V28,4.405443882921528
1138,1013,885,V53,3.46869779664105
1138,1106,885,V68,7.965381677815221
1138,1106,885,V73,7.965381677815221
1138,659,672,V89,12.368643675107524
1138,659,672,V95,12.368643675107524
1138,1068,855,V45,5.87594370452583
1138,1091,1398,V36,9.6478124773512
1138,917,882,V71,7.68788945836583
1138,659,708,V63,5.815596432206299
1138,783,834,V24,7.689481736045675
1138,1068,1102,V61,8.626274418583195
1140,849,931,V45,4.4061387562478425
1140,1068,931,V37,8.304853837171269
1140,1068,931,V53,8.304853837171269
1140,1182,931,V25,9.422487826577225
1140,659,834,V81,5.284552964469467
1140,783,834,V23,7.689481736045675
1140,783,834,V29,7.689481736045675
1140,783,834,V30,7.689481736045675
1140,508,855,V46,9.342303526295408
1140,535,708,V27,4.548441137468074
1140,535,1102,V51,16.335498592300418
1140,535,882,V78,9.342211452816104
1140,783,1106,V31,22.318447076891776
1140,783,1013,V32,15.308499342485224
1140,783,965,V33,10.498093903671007
1142,834,708,V23,4.389831624444016
1142,834,708,V62,4.389831624444016
1142,834,708,V63,4.389831624444016
1142,834,708,V96,4.389831624444016
1142,672,849,V24,6.511836392511076
1142,1106,849,V31,6.739095652327052
1142,1106,849,V61,6.739095652327052
1142,508,849,V92,9.342303526294996
1142,882,885,V72,2.852794790784161
1142,882,885,V81,2.852794790784161
1142,882,1091,V84,7.965381677815221
1142,359,535,V40,5.855067293961566
1142,882,965,V86,3.616965677313317
1144,882,885,V27,2.852794790784161
1144,882,885,V39,2.852794790784161
1144,882,885,V62,2.852794790784161
1144,882,885,V71,2.852794790784161
1146,965,834,V40,3.83986736177262
1146,965,834,V47,3.83986736177262
1146,965,834,V60,3.83986736177262
1146,1102,1013,V48,3.616251246210677
1146,1102,1013,V62,3.616251246210677
1146,965,882,V66,3.616965677313317
1146,849,931,V37,4.4061387562478425
1148,708,834,V23,4.389831624444016
1148,708,834,V40,4.389831624444016
1148,882,834,V39,4.883195120135012
1148,882,834,V47,4.883195120135012
1148,849,855,V31,5.706192977162224
1148,882,965,V60,3.616965677313317
1150,1013,882,V23,3.839767699909249
1150,1013,882,V47,3.839767699909249
1150,708,882,V39,4.837510953567602
1150,708,882,V40,4.837510953567602
1150,708,882,V55,4.837510953567602
1150,917,834,V35,3.617203703030827
1150,783,834,V36,7.689481736045675
1152,885,882,V23,2.852794790784161
1152,885,882,V47,2.852794790784161
1152,965,882,V63,3.616965677313317
1152,965,882,V120,3.616965677313317
1152,965,882,V121,3.616965677313317
1152,1013,882,V76,3.839767699909249
1152,931,882,V48,5.812636165404913
1152,931,882,V77,5.812636165404913
1152,931,882,V81,5.812636165404913
1152,931,882,V91,5.812636165404913
1152,783,834,V38,7.689481736045675
1152,783,834,V45,7.689481736045675
1152,535,708,V79,4.548441137468074
1152,783,659,V86,5.809594285895007
1152,1229,1102,V22,3.8392690799482057
1154,885,882,V39,2.852794790784161
1154,885,882,V51,2.852794790784161
1156,834,708,V22,4.389831624444016
1156,535,708,V72,4.548441137468074
1156,885,882,V55,2.852794790784161
1158,965,882,V36,3.616965677313317
1158,1013,882,V45,3.839767699909249
1158,1013,882,V71,3.839767699909249
1158,931,885,V38,3.0617002345235647
1162,1013,882,V45,3.839767699909249
1162,1013,882,V76,3.839767699909249
1162,1091,965,V39,4.388654712140797
1162,1091,965,V48,4.388654712140797
1162,917,834,V72,3.617203703030827
1164,659,834,V27,5.284552964469467
1164,659,834,V38,5.284552964469467
1164,783,834,V21,7.689481736045675
1164,931,965,V59,8.628970001760946
1164,931,965,V60,8.628970001760946
1164,931,965,V64,8.628970001760946
1164,931,882,V71,5.812636165404913
1164,931,882,V76,5.812636165404913
1164,931,882,V86,5.812636165404913
1164,931,885,V97,3.0617002345235647
1164,931,885,V116,3.0617002345235647
1164,672,885,V35,5.876204136119103
1164,672,708,V40,6.751878981086827
1164,672,708,V47,6.751878981086827
1166,783,834,V21,7.689481736045675
1166,783,834,V22,7.689481736045675
1166,783,834,V25,7.689481736045675
1166,783,834,V27,7.689481736045675
1166,783,834,V28,7.689481736045675
1166,783,834,V29,7.689481736045675
1166,1229,965,V88,8.77672016628073
1166,1229,965,V114,8.77672016628073
1166,1229,965,V118,8.77672016628073
1166,1435,1091,V66,8.895594131564904
1166,1435,1091,V90,8.895594131564904
1166,849,931,V52,4.4061387562478425
1166,849,931,V54,4.4061387562478425
1166,1276,1013,V62,8.190822817543284
1166,1276,1013,V104,8.190822817543284
1166,1276,1106,V115,4.836798739645476
1168,672,882,V96,7.316385892068044
1168,672,882,V108,7.316385892068044
1168,672,882,V109,7.316385892068044
1168,849,882,V91,9.574606006915822
1168,849,882,V111,9.574606006915822
1168,783,965,V21,10.498093903671007
1168,783,965,V22,10.498093903671007
1168,783,965,V27,10.498093903671007
1168,783,834,V28,7.689481736045675
1168,783,834,V30,7.689481736045675
1168,849,931,V113,4.4061387562478425
1168,1068,931,V68,8.304853837171269
1168,359,708,V24,10.088438580081291
1168,359,708,V73,10.088438580081291
1168,566,535,V26,11.474227573045091
1168,566,535,V117,11.474227573045091
1168,1276,1229,V103,3.959637309104105
1168,1276,1229,V133,3.959637309104105
1168,783,1091,V32,10.241109598832232
1168,783,1091,V34,10.241109598832232
1168,1068,1102,V98,8.626274418583195
1168,855,1102,V31,12.404917058701368
1168,783,917,V35,5.8083597500151045
1168,783,1013,V37,15.308499342485224
1170,849,931,V100,4.4061387562478425
1170,849,931,V113,4.4061387562478425
1170,965,931,V32,8.628970001760946
1170,965,931,V91,8.628970001760946
1170,708,931,V24,9.423506251261468
1170,708,931,V29,9.423506251261468
1170,708,1229,V30,14.16486062369625
1170,783,1229,V21,18.841160835534616
1170,783,1229,V25,18.841160835534616
1170,783,1229,V26,18.841160835534616
1170,783,882,V27,12.561839638690564
1170,783,882,V28,12.561839638690564
1170,783,882,V33,12.561839638690564
1170,783,917,V34,5.8083597500151045
1170,783,917,V35,5.8083597500151045
1170,783,834,V37,7.689481736045675
1170,783,834,V39,7.689481736045675
1170,783,1013,V41,15.308499342485224
1170,783,1013,V42,15.308499342485224
1170,508,1106,V92,16.025446935620938
1170,508,885,V95,13.808114395759947
1170,783,659,V43,5.809594285895007
1170,783,1091,V44,10.241109598832232
1170,783,535,V45,11.620421645142477
1172,708,834,V27,4.389831624444016
1172,882,834,V44,4.883195120135012
1172,882,834,V91,4.883195120135012
1172,783,834,V24,7.689481736045675
1172,783,834,V25,7.689481736045675
1172,783,834,V30,7.689481736045675
1172,783,834,V33,7.689481736045675
1172,783,834,V34,7.689481736045675
1172,783,834,V35,7.689481736045675
1172,1276,1229,V26,3.959637309104105
1172,1276,1229,V31,3.959637309104105
1172,1182,1229,V23,3.960024365898536
1172,783,1229,V40,18.841160835534616
1172,783,1229,V45,18.841160835534616
1172,783,1229,V51,18.841160835534616
1172,783,1229,V52,18.841160835534616
1172,508,1106,V99,16.025446935620938
1172,783,1106,V53,22.318447076891776
1172,783,1106,V54,22.318447076891776
1172,783,1106,V55,22.318447076891776
1172,783,535,V56,11.620421645142477
1172,783,535,V57,11.620421645142477
1172,783,535,V59,11.620421645142477
1172,783,1013,V60,15.308499342485224
1172,783,1013,V61,15.308499342485224
1172,783,1013,V62,15.308499342485224
1172,783,965,V63,10.498093903671007
1172,783,965,V64,10.498093903671007
1172,783,965,V65,10.498093903671007
1172,783,1398,V66,19.874616662347663
1172,783,1398,V67,19.874616662347663
1172,783,931,V68,18.3740064075405
1172,783,931,V70,18.3740064075405
1172,783,855,V71,27.60378823743443
1172,783,1102,V72,18.800951364959644
1172,783,885,V73,15.378166398318458
1174,882,965,V22,3.616965677313317
1174,882,965,V42,3.616965677313317
1174,882,885,V53,2.852794790784161
1174,882,885,V56,2.852794790784161
1174,834,1091,V27,6.739095652327052
1174,834,1091,V65,6.739095652327052
1174,783,659,V23,5.809594285895007
1174,783,659,V28,5.809594285895007
1174,1102,1106,V26,3.80171314717607
1174,1013,931,V21,4.405443882921528
1174,708,535,V24,4.548441137468074
1174,783,917,V31,5.8083597500151045
1176,882,885,V42,2.852794790784161
1176,931,885,V49,3.0617002345235647
1176,931,885,V56,3.0617002345235647
1176,834,535,V22,8.012842951904279
1176,834,535,V27,8.012842951904279
1176,783,535,V23,11.620421645142477
1176,783,1091,V37,10.241109598832232
1176,1102,1229,V26,3.8392690799482057
1176,1102,1398,V33,9.118728510486134
1176,1102,965,V38,8.304116264398273
1178,885,882,V23,2.852794790784161
1178,885,882,V81,2.852794790784161
1178,965,882,V21,3.616965677313317
1178,1013,882,V26,3.839767699909249
1178,1102,1229,V32,3.8392690799482057
1178,1102,1229,V45,3.8392690799482057
1178,1102,1229,V53,3.8392690799482057
1178,917,1091,V37,4.837115435970083
1178,917,1091,V75,4.837115435970083
1178,1068,1106,V29,4.880745078525951
1178,1013,1106,V31,7.015517581545067
1178,672,931,V87,6.73915242731767
1178,708,931,V42,9.423506251261468
1178,783,1182,V25,15.175538880502293
1178,783,1398,V30,19.874616662347663
1180,1013,882,V53,3.839767699909249
1180,708,882,V23,4.837510953567602
1180,708,882,V27,4.837510953567602
1180,708,882,V76,4.837510953567602
1180,931,882,V42,5.812636165404913
1180,931,882,V60,5.812636165404913
1180,783,834,V24,7.689481736045675
1180,783,834,V32,7.689481736045675
1180,783,834,V34,7.689481736045675
1180,783,834,V36,7.689481736045675
1180,783,535,V39,11.620421645142477
1180,783,535,V40,11.620421645142477
1180,1182,1435,V25,8.189653224238826
1180,849,1068,V26,6.736061142863373
1180,783,359,V46,12.499801205497114
1180,1102,885,V29,5.875878565174106
1180,849,672,V87,6.511836392511076
1182,659,834,V32,5.284552964469467
1182,659,834,V34,5.284552964469467
1182,783,834,V28,7.689481736045675
1182,783,834,V30,7.689481736045675
1182,783,834,V35,7.689481736045675
1182,1276,1229,V33,3.959637309104105
1182,1276,1229,V43,3.959637309104105
1182,1276,1229,V77,3.959637309104105
1182,1013,1229,V21,5.640389822593795
1182,849,885,V31,6.749102957431653
1182,783,885,V37,15.378166398318458
1182,783,885,V38,15.378166398318458
1182,783,1102,V41,18.800951364959644
1182,783,1102,V44,18.800951364959644
1182,783,1102,V46,18.800951364959644
1182,783,917,V48,5.8083597500151045
1182,783,917,V49,5.8083597500151045
1182,783,359,V52,12.499801205497114
1182,783,708,V53,10.697285568723771
1182,783,1091,V55,10.241109598832232
1182,783,566,V59,5.876334276322891
1184,931,849,V42,4.4061387562478425
1184,885,849,V29,6.749102957431653
1184,834,1091,V28,6.739095652327052
1184,1229,1276,V21,3.959637309104105
1186,834,965,V30,3.83986736177262
1186,834,965,V53,3.83986736177262
1186,1013,965,V23,4.881725510082577
1186,1013,965,V29,4.881725510082577
1186,1182,965,V25,5.875748248781206
1186,885,882,V35,2.852794790784161
1186,885,882,V38,2.852794790784161
1186,885,882,V44,2.852794790784161
1186,885,882,V60,2.852794790784161
1186,1106,849,V24,6.739095652327052
1186,1106,849,V78,6.739095652327052
1186,885,849,V88,6.749102957431653
1186,708,672,V62,6.751878981086827
1186,535,672,V80,8.311483007291683
1186,1276,1102,V21,4.836798739646007
1188,882,965,V23,3.616965677313317
1188,783,965,V28,10.498093903671007
1188,783,965,V33,10.498093903671007
1188,783,965,V34,10.498093903671007
1188,1106,849,V21,6.739095652327052
1188,1106,849,V37,6.739095652327052
1188,1106,849,V42,6.739095652327052
1188,508,849,V86,9.342303526294996
1188,1276,1102,V22,4.836798739646007
1188,1276,1102,V47,4.836798739646007
1188,783,1102,V36,18.800951364959644
1188,783,931,V40,18.3740064075405
1188,783,931,V41,18.3740064075405
1188,783,834,V46,7.689481736045675
1188,783,834,V49,7.689481736045675
1188,783,1229,V51,18.841160835534616
1188,783,1398,V52,19.874616662347663
1190,882,965,V45,3.616965677313317
1190,882,965,V73,3.616965677313317
1190,1013,965,V23,4.881725510082577
1190,1013,965,V25,4.881725510082577
1190,1013,965,V53,4.881725510082577
1190,1182,965,V65,5.875748248781206
1190,783,659,V22,5.809594285895007
1190,783,659,V29,5.809594285895007
1190,783,659,V49,5.809594285895007
1190,1229,1102,V31,3.8392690799482057
1192,885,882,V46,2.852794790784161
1192,885,882,V47,2.852794790784161
1192,1013,882,V25,3.839767699909249
1192,783,834,V48,7.689481736045675
1192,783,834,V49,7.689481736045675
1192,783,834,V55,7.689481736045675
1192,931,849,V36,4.4061387562478425
1192,783,917,V62,5.8083597500151045
1192,1276,1106,V30,4.836798739645476
1194,882,885,V25,2.852794790784161
1194,931,885,V38,3.0617002345235647
1194,931,885,V41,3.0617002345235647
1194,931,885,V48,3.0617002345235647
1194,1013,1102,V23,3.616251246210677
1194,1013,1102,V28,3.616251246210677
1194,1276,1106,V51,4.836798739645476
1194,965,1091,V49,4.388654712140797
1196,535,359,V32,5.855067293961566
1196,917,834,V40,3.617203703030827
1198,1013,1102,V31,3.616251246210677
1198,1013,1102,V35,3.616251246210677
1198,535,708,V34,4.548441137468074
1198,917,834,V107,3.617203703030827
1198,931,849,V39,4.4061387562478425
1200,885,882,V46,2.852794790784161
1200,885,882,V63,2.852794790784161
1200,885,882,V79,2.852794790784161
1202,885,882,V46,2.852794790784161
1202,885,882,V51,2.852794790784161
1202,885,882,V62,2.852794790784161
1202,885,882,V106,2.852794790784161
1202,1013,882,V39,3.839767699909249
1204,885,882,V46,2.852794790784161
1204,834,965,V48,3.83986736177262
1206,885,882,V48,2.852794790784161
1210,1013,882,V44,3.839767699909249
1210,834,965,V51,3.83986736177262
1212,1091,965,V69,4.388654712140797
1212,1013,965,V96,4.881725510082577
1212,1013,965,V122,4.881725510082577
1212,1013,965,V123,4.881725510082577
1212,659,834,V98,5.284552964469467
1212,659,834,V118,5.284552964469467
1212,659,834,V119,5.284552964469467
1212,931,885,V61,3.0617002345235647
1212,931,885,V62,3.0617002345235647
1212,931,885,V87,3.0617002345235647
1212,535,708,V103,4.548441137468074
1212,535,708,V113,4.548441137468074
1212,931,882,V90,5.812636165404913
1212,783,917,V22,5.8083597500151045
1212,535,359,V126,5.855067293961566
1212,1398,1435,V52,5.805514364498899
1214,834,965,V31,3.83986736177262
1214,1182,965,V77,5.875748248781206
1214,1182,965,V79,5.875748248781206
1214,1182,965,V82,5.875748248781206
1214,1182,965,V92,5.875748248781206
1214,672,882,V60,7.316385892068044
1214,672,882,V64,7.316385892068044
1214,672,882,V66,7.316385892068044
1214,672,882,V76,7.316385892068044
1214,672,882,V81,7.316385892068044
1214,783,917,V21,5.8083597500151045
1214,783,917,V22,5.8083597500151045
1214,783,917,V25,5.8083597500151045
1214,783,917,V27,5.8083597500151045
1214,1276,1229,V70,3.959637309104105
1214,1276,1229,V86,3.959637309104105
1214,1182,1229,V111,3.960024365898536
1214,1106,1229,V23,6.605818539698737
1214,783,659,V28,5.809594285895007
1214,783,659,V29,5.809594285895007
1214,783,659,V30,5.809594285895007
1214,1106,1102,V109,3.80171314717607
1214,1068,1102,V42,8.626274418583195
1214,672,1013,V84,9.341935125969725
1214,672,1013,V110,9.341935125969725
1214,783,1435,V32,17.957022310236383
1214,855,849,V24,5.706192977162224
1214,783,1091,V33,10.241109598832232
1216,783,917,V22,5.8083597500151045
1216,783,917,V25,5.8083597500151045
1216,783,917,V27,5.8083597500151045
1216,783,917,V28,5.8083597500151045
1216,566,359,V102,9.428696666120482
1216,566,359,V112,9.428696666120482
1216,783,359,V29,12.499801205497114
1216,783,535,V35,11.620421645142477
1216,783,535,V37,11.620421645142477
1216,783,535,V38,11.620421645142477
1216,1276,1013,V23,8.190822817543284
1216,1276,1013,V42,8.190822817543284
1216,1276,1013,V61,8.190822817543284
1216,855,849,V78,5.706192977162224
1216,1068,849,V47,6.736061142863373
1216,1276,1229,V86,3.959637309104105
1216,1068,1229,V53,11.360488351411393
1216,508,931,V36,12.961089805583503
1216,508,931,V43,12.961089805583503
1216,783,885,V39,15.378166398318458
1216,783,885,V40,15.378166398318458
1216,783,1091,V41,10.241109598832232
1216,783,1091,V44,10.241109598832232
1216,783,834,V45,7.689481736045675
1216,783,834,V46,7.689481736045675
1216,783,1106,V48,22.318447076891776
1216,783,1106,V49,22.318447076891776
1216,783,659,V51,5.809594285895007
1216,783,1102,V52,18.800951364959644
1216,783,1435,V54,17.957022310236383
1216,783,965,V55,10.498093903671007
1218,885,849,V23,6.749102957431653
1218,1102,849,V52,8.191991396325179
1218,882,849,V33,9.574606006915822
1218,834,535,V25,8.012842951904279
1218,834,535,V27,8.012842951904279
1218,834,535,V37,8.012842951904279
1218,834,1229,V46,12.569063966979074
1218,834,1229,V47,12.569063966979074
1218,834,1229,V49,12.569063966979074
1218,783,1091,V21,10.241109598832232
1218,783,1091,V22,10.241109598832232
1218,783,1091,V24,10.241109598832232
1218,783,917,V26,5.8083597500151045
1218,783,917,V28,5.8083597500151045
1218,783,659,V29,5.809594285895007
1218,783,659,V30,5.809594285895007
1218,783,965,V31,10.498093903671007
1218,783,965,V32,10.498093903671007
1218,783,1013,V34,15.308499342485224
1218,783,1013,V35,15.308499342485224
1218,783,931,V36,18.3740064075405
1218,783,1182,V38,15.175538880502293
1220,834,965,V28,3.83986736177262
1220,834,965,V30,3.83986736177262
1220,834,965,V37,3.83986736177262
1220,834,965,V67,3.83986736177262
1220,834,965,V68,3.83986736177262
1220,1102,1229,V35,3.8392690799482057
1220,1102,1229,V46,3.8392690799482057
1220,1276,1229,V48,3.959637309104105
1220,708,1229,V62,14.16486062369625
1220,783,659,V21,5.809594285895007
1220,783,659,V22,5.809594285895007
1220,783,882,V25,12.561839638690564
1220,783,882,V29,12.561839638690564
1220,783,1106,V36,22.318447076891776
1220,783,1106,V38,22.318447076891776
1220,783,849,V39,21.903135562742808
1220,783,1435,V40,17.957022310236383
1220,783,885,V41,15.378166398318458
1220,783,1013,V42,15.308499342485224
1222,1013,882,V27,3.839767699909249
1222,708,882,V25,4.837510953567602
1222,708,882,V34,4.837510953567602
1222,834,882,V21,4.883195120135012
1222,834,882,V28,4.883195120135012
1222,834,882,V29,4.883195120135012
1222,834,659,V31,5.284552964469467
1222,783,659,V22,5.809594285895007
1222,783,659,V32,5.809594285895007
1222,1102,965,V23,8.304116264398273
1222,931,965,V33,8.628970001760946
1222,931,1229,V38,8.28950012214804
1222,931,1229,V61,8.28950012214804
1222,783,672,V35,17.445012141301472
1222,783,672,V40,17.445012141301472
1222,783,1276,V43,22.606377139254327
1222,783,1276,V44,22.606377139254327
1222,783,1106,V45,22.318447076891776
1222,783,1106,V46,22.318447076891776
1222,783,1068,V48,26.525178301273773
1222,566,359,V60,9.428696666120482
1224,1013,885,V25,3.46869779664105
1224,1013,885,V27,3.46869779664105
1224,1013,885,V28,3.46869779664105
1224,1013,885,V33,3.46869779664105
1224,849,885,V39,6.749102957431653
1224,1106,885,V30,7.965381677815221
1224,1182,885,V65,8.662721360426067
1224,917,885,V24,10.518632362833186
1224,783,885,V22,15.378166398318458
1224,783,885,V23,15.378166398318458
1224,783,834,V31,7.689481736045675
1224,783,834,V32,7.689481736045675
1224,783,834,V51,7.689481736045675
1224,783,834,V55,7.689481736045675
1224,783,834,V57,7.689481736045675
1224,783,834,V59,7.689481736045675
1224,783,834,V62,7.689481736045675
1224,783,834,V68,7.689481736045675
1224,783,882,V70,12.561839638690564
1224,783,882,V77,12.561839638690564
1224,783,882,V78,12.561839638690564
1224,783,882,V79,12.561839638690564
1224,783,882,V80,12.561839638690564
1224,783,882,V81,12.561839638690564
1224,783,882,V82,12.561839638690564
1224,783,931,V83,18.3740064075405
1224,783,931,V85,18.3740064075405
1224,783,931,V86,18.3740064075405
1224,783,708,V87,10.697285568723771
1224,783,708,V89,10.697285568723771
1224,783,708,V90,10.697285568723771
1224,783,1091,V91,10.241109598832232
1224,783,1091,V92,10.241109598832232
1224,783,1091,V93,10.241109598832232
1224,783,659,V94,5.809594285895007
1224,783,659,V95,5.809594285895007
1224,783,1370,V96,30.28578929187396
1224,783,1370,V97,30.28578929187396
1224,783,672,V98,17.445012141301472
1224,566,359,V64,9.428696666120482
1224,783,1435,V99,17.957022310236383
1224,783,1102,V100,18.800951364959644
1224,783,1068,V102,26.525178301273773
1224,783,1229,V103,18.841160835534616
1226,882,834,V83,4.883195120135012
1226,882,834,V85,4.883195120135012
1226,882,834,V98,4.883195120135012
1226,659,834,V54,5.284552964469467
1226,659,834,V63,5.284552964469467
1226,1068,1370,V48,7.841426035905807
1226,1182,1091,V34,5.24631154396119
1226,1013,1276,V37,8.190822817543284
1226,1068,1106,V61,4.880745078525951
1226,535,708,V64,4.548441137468074
1228,1102,1276,V30,4.836798739646007
1228,1102,1276,V46,4.836798739646007
1228,931,1276,V33,8.946223146223524
1228,885,1276,V22,10.705394585658723
1228,885,1229,V25,8.89559413156451
1228,885,1229,V29,8.89559413156451
1228,885,1229,V31,8.89559413156451
1228,882,1229,V42,9.341474227178574
1228,882,708,V43,4.837510953567602
1228,917,708,V34,7.967110892206104
1228,783,708,V24,10.697285568723771
1228,849,1013,V41,8.811582411969269
1228,849,1013,V52,8.811582411969269
1228,783,834,V27,7.689481736045675
1228,783,1435,V28,17.957022310236383
1228,783,659,V35,5.809594285895007
1230,917,834,V98,3.617203703030827
1230,882,834,V23,4.883195120135012
1230,882,834,V24,4.883195120135012
1230,882,834,V47,4.883195120135012
1230,783,834,V21,7.689481736045675
1230,783,834,V30,7.689481736045675
1230,783,834,V33,7.689481736045675
1230,783,885,V38,15.378166398318458
1230,783,885,V39,15.378166398318458
1230,783,885,V40,15.378166398318458
1230,783,1276,V42,22.606377139254327
1230,783,1276,V45,22.606377139254327
1230,783,535,V36,11.620421645142477
1230,783,535,V51,11.620421645142477
1230,783,931,V53,18.3740064075405
1230,783,1182,V54,15.175538880502293
1230,783,1013,V55,15.308499342485224
1230,783,1068,V56,26.525178301273773
1230,783,1229,V59,18.841160835534616
1232,708,834,V60,4.389831624444016
1232,708,834,V70,4.389831624444016
1232,659,834,V51,5.284552964469467
1232,783,834,V24,7.689481736045675
1232,783,834,V27,7.689481736045675
1232,783,834,V33,7.689481736045675
1232,783,834,V37,7.689481736045675
1232,783,834,V39,7.689481736045675
1232,783,834,V40,7.689481736045675
1232,1182,965,V26,5.875748248781206
1232,1182,965,V54,5.875748248781206
1232,1182,965,V57,5.875748248781206
1232,1102,965,V32,8.304116264398273
1232,931,965,V53,8.628970001760946
1232,783,965,V41,10.498093903671007
1232,849,885,V73,6.749102957431653
1232,849,885,V86,6.749102957431653
1232,1106,885,V22,7.965381677815221
1232,1106,885,V25,7.965381677815221
1232,1106,1276,V31,4.836798739645476
1232,1106,1276,V42,4.836798739645476
1232,855,1276,V48,14.029505033457104
1232,783,1276,V44,22.606377139254327
1232,783,1229,V46,18.841160835534616
1232,783,1229,V47,18.841160835534616
1232,783,1013,V56,15.308499342485224
1232,783,1013,V59,15.308499342485224
1232,783,672,V61,17.445012141301472
1232,783,1068,V64,26.525178301273773
1234,885,834,V24,7.688685710981335
1234,783,834,V26,7.689481736045675
1234,783,834,V43,7.689481736045675
1234,783,834,V55,7.689481736045675
1234,783,834,V57,7.689481736045675
1234,783,834,V59,7.689481736045675
1234,783,834,V64,7.689481736045675
1234,783,834,V65,7.689481736045675
1234,783,834,V66,7.689481736045675
1234,783,834,V67,7.689481736045675
1234,535,708,V36,4.548441137468074
1234,535,708,V41,4.548441137468074
1234,535,708,V51,4.548441137468074
1234,885,931,V33,3.0617002345235647
1234,1013,931,V45,4.405443882921528
1234,1102,882,V22,7.314751476768936
1234,1182,1229,V34,3.960024365898536
1236,965,834,V24,3.83986736177262
1236,882,834,V22,4.883195120135012
1236,659,834,V37,5.284552964469467
1236,659,834,V60,5.284552964469467
1236,783,834,V26,7.689481736045675
1236,783,834,V27,7.689481736045675
1236,783,834,V38,7.689481736045675
1236,783,834,V40,7.689481736045675
1236,783,834,V43,7.689481736045675
1236,783,834,V51,7.689481736045675
1236,783,834,V57,7.689481736045675
1236,535,708,V28,4.548441137468074
1236,535,708,V36,4.548441137468074
1236,535,708,V70,4.548441137468074
1236,535,708,V79,4.548441137468074
1236,1013,931,V54,4.405443882921528
1236,1013,931,V61,4.405443882921528
1236,1229,1398,V34,5.282433425576492
1238,849,931,V61,4.4061387562478425
1238,849,931,V64,4.4061387562478425
1238,834,708,V22,4.389831624444016
1238,834,708,V37,4.389831624444016
1238,834,882,V38,4.883195120135012
1238,1091,1296,V23,11.008827084803295
1240,1091,965,V27,4.388654712140797
1240,1091,965,V34,4.388654712140797
1240,1091,965,V104,4.388654712140797
1240,1182,965,V56,5.875748248781206
1240,1182,965,V80,5.875748248781206
1240,1182,965,V82,5.875748248781206
1240,1102,1106,V30,3.80171314717607
1240,1102,1106,V31,3.80171314717607
1240,1102,1106,V44,3.80171314717607
1240,1102,1106,V46,3.80171314717607
1240,1102,1106,V117,3.80171314717607
1240,885,1013,V61,3.46869779664105
1240,1182,1013,V84,5.283249325636405
1240,1182,1013,V92,5.283249325636405
1240,1182,1013,V106,5.283249325636405
1240,1229,1013,V42,5.640389822593795
1240,672,882,V33,7.316385892068044
1240,1229,882,V79,9.341474227178574
1240,535,882,V39,9.342211452816104
1240,535,882,V75,9.342211452816104
1240,535,708,V37,4.548441137468074
1240,535,708,V108,4.548441137468074
1240,659,708,V24,5.815596432206299
1240,849,931,V45,4.4061387562478425
1240,849,931,V52,4.4061387562478425
1242,1102,1106,V35,3.80171314717607
1242,1102,1106,V38,3.80171314717607
1242,1102,1106,V44,3.80171314717607
1242,882,885,V34,2.852794790784161
1242,1102,1229,V84,3.8392690799482057
1244,917,834,V76,3.617203703030827
1244,917,834,V88,3.617203703030827
1244,1182,1398,V23,5.640321895106829
1246,965,834,V24,3.83986736177262
1246,965,834,V38,3.83986736177262
1246,965,834,V59,3.83986736177262
1246,965,834,V66,3.83986736177262
1246,965,834,V84,3.83986736177262
1246,708,834,V30,4.389831624444016
1250,1102,1013,V28,3.616251246210677
1252,965,834,V23,3.83986736177262
1254,1102,1013,V35,3.616251246210677
1254,1102,1013,V83,3.616251246210677
1254,1102,1013,V88,3.616251246210677
1260,1102,1229,V106,3.8392690799482057
1260,1106,1229,V28,6.605818539698737
1260,1106,1229,V91,6.605818539698737
1260,965,1229,V38,8.77672016628073
1260,965,1229,V119,8.77672016628073
1260,1091,1229,V129,9.180034524729397
1260,708,834,V39,4.389831624444016
1260,708,834,V52,4.389831624444016
1260,882,885,V46,2.852794790784161
1260,882,885,V115,2.852794790784161
1260,882,1013,V128,3.839767699909249
1260,882,1013,V133,3.839767699909249
1260,783,1296,V21,13.644692409583532
1260,1068,1276,V48,8.66943360865319
1262,708,834,V76,4.389831624444016
1262,708,834,V87,4.389831624444016
1262,708,834,V93,4.389831624444016
1262,708,834,V97,4.389831624444016
1262,849,931,V107,4.4061387562478425
1262,849,931,V113,4.4061387562478425
1262,672,931,V55,6.73915242731767
1262,708,965,V103,6.739138237495128
1262,708,965,V112,6.739138237495128
1262,708,965,V127,6.739138237495128
1262,1068,1229,V49,11.360488351411393
1262,1068,1229,V54,11.360488351411393
1262,1068,1276,V69,8.66943360865319
1262,1068,1398,V72,16.00213801732287
1262,1068,1106,V82,4.880745078525951
1262,672,882,V65,7.316385892068044
1262,783,1435,V21,17.957022310236383
1262,672,885,V73,5.876204136119103
1262,1068,1102,V89,8.626274418583195
1262,783,566,V23,5.876334276322891
1264,783,834,V21,7.689481736045675
1264,783,834,V22,7.689481736045675
1264,783,834,V23,7.689481736045675
1264,783,834,V26,7.689481736045675
1264,783,834,V27,7.689481736045675
1264,783,834,V28,7.689481736045675
1264,783,1091,V30,10.241109598832232
1264,783,1091,V31,10.241109598832232
1264,783,1091,V32,10.241109598832232
1264,783,1091,V33,10.241109598832232
1264,783,1091,V34,10.241109598832232
1264,783,1091,V35,10.241109598832232
1264,672,931,V80,6.73915242731767
1264,672,931,V104,6.73915242731767
1264,672,931,V116,6.73915242731767
1264,1068,931,V82,8.304853837171269
1264,783,965,V36,10.498093903671007
1264,783,965,V37,10.498093903671007
1264,783,965,V38,10.498093903671007
1264,535,885,V65,10.569431103772471
1264,855,885,V47,12.412669367198909
1264,855,885,V63,12.412669367198909
1264,783,659,V39,5.809594285895007
1264,783,659,V40,5.809594285895007
1264,783,659,V41,5.809594285895007
1264,783,1398,V42,19.874616662347663
1264,783,1398,V43,19.874616662347663
1264,783,566,V44,5.876334276322891
1264,783,566,V45,5.876334276322891
1264,855,1229,V67,15.901554341364076
1264,855,1229,V81,15.901554341364076
1264,855,1106,V86,9.423483175173253
1264,783,917,V46,5.8083597500151045
1264,855,1102,V110,12.404917058701368
1264,508,1276,V92,20.81243366468926
1264,783,1182,V48,15.175538880502293
1264,783,1013,V49,15.308499342485224
1266,882,1091,V87,7.965381677815221
1266,882,1091,V97,7.965381677815221
1266,783,1091,V22,10.241109598832232
1266,855,1229,V118,15.901554341364076
1266,783,1229,V23,18.841160835534616
1266,783,1229,V24,18.841160835534616
1266,359,849,V33,20.280567075307232
1266,359,849,V68,20.280567075307232
1266,359,849,V98,20.280567075307232
1266,783,659,V25,5.809594285895007
1266,783,659,V26,5.809594285895007
1266,783,659,V27,5.809594285895007
1266,783,1106,V29,22.318447076891776
1266,783,1106,V30,22.318447076891776
1266,783,1013,V31,15.308499342485224
1266,783,1013,V32,15.308499342485224
1266,783,1276,V34,22.606377139254327
1266,783,672,V35,17.445012141301472
1266,783,917,V36,5.8083597500151045
1266,783,535,V37,11.620421645142477
1266,783,965,V40,10.498093903671007
1268,885,931,V28,3.0617002345235647
1268,885,931,V38,3.0617002345235647
1268,855,931,V68,9.765900232263595
1268,834,931,V31,10.694040075602611
1268,834,965,V59,3.83986736177262
1268,834,965,V86,3.83986736177262
1268,834,965,V100,3.83986736177262
1268,783,965,V21,10.498093903671007
1268,783,659,V25,5.809594285895007
1268,783,659,V26,5.809594285895007
1268,783,659,V27,5.809594285895007
1268,783,1013,V29,15.308499342485224
1268,783,1013,V30,15.308499342485224
1268,783,1013,V35,15.308499342485224
1268,783,508,V37,25.93420023872912
1268,783,508,V39,25.93420023872912
1268,783,708,V42,10.697285568723771
1268,783,708,V46,10.697285568723771
1268,783,1091,V47,10.241109598832232
1268,783,1102,V48,18.800951364959644
1270,1106,1102,V30,3.80171314717607
1270,1106,1102,V33,3.80171314717607
1270,882,1102,V46,7.314751476768936
1270,834,1102,V26,11.614659746948035
1270,834,659,V39,5.284552964469467
1270,834,659,V86,5.284552964469467
1270,783,659,V23,5.809594285895007
1270,783,1182,V25,15.175538880502293
1270,783,1182,V27,15.175538880502293
1270,783,1182,V32,15.175538880502293
1270,783,1398,V44,19.874616662347663
1270,783,1398,V49,19.874616662347663
1270,783,917,V48,5.8083597500151045
1270,783,1068,V51,26.525178301273773
1270,783,1229,V57,18.841160835534616
1272,965,834,V35,3.83986736177262
1272,659,834,V23,5.284552964469467
1272,1091,834,V43,6.739095652327052
1272,885,834,V24,7.688685710981335
1272,885,834,V26,7.688685710981335
1272,783,834,V22,7.689481736045675
1272,783,834,V29,7.689481736045675
1272,1106,1102,V66,3.80171314717607
1272,1106,1102,V67,3.80171314717607
1272,1106,1102,V82,3.80171314717607
1272,1182,1229,V27,3.960024365898536
1272,783,566,V34,5.876334276322891
1272,783,708,V41,10.697285568723771
1272,1182,672,V44,14.511820279616508
1274,917,834,V27,3.617203703030827
1274,965,834,V29,3.83986736177262
1274,965,834,V31,3.83986736177262
1274,965,834,V33,3.83986736177262
1274,965,834,V44,3.83986736177262
1274,965,834,V49,3.83986736177262
1274,1091,834,V60,6.739095652327052
1274,931,882,V46,5.812636165404913
1274,1102,882,V36,7.314751476768936
1274,1229,882,V30,9.341474227178574
1274,783,882,V22,12.561839638690564
1274,783,882,V25,12.561839638690564
1274,783,885,V26,15.378166398318458
1274,783,885,V28,15.378166398318458
1274,783,885,V34,15.378166398318458
1274,783,659,V42,5.809594285895007
1274,783,659,V43,5.809594285895007
1274,783,535,V47,11.620421645142477
1274,783,1068,V51,26.525178301273773
1274,783,855,V53,27.60378823743443
1274,783,1182,V54,15.175538880502293
1274,783,566,V57,5.876334276322891
1274,783,1106,V59,22.318447076891776
1274,783,1013,V64,15.308499342485224
1276,917,1091,V45,4.837115435970083
1276,882,1091,V30,7.965381677815221
1276,882,1091,V59,7.965381677815221
1276,708,535,V27,4.548441137468074
1276,359,535,V56,5.855067293961566
1276,849,1013,V62,8.811582411969269
1276,783,1013,V28,15.308499342485224
1276,783,1276,V31,22.606377139254327
1276,783,1276,V37,22.606377139254327
1276,783,834,V35,7.689481736045675
1276,783,834,V42,7.689481736045675
1276,783,566,V43,5.876334276322891
1276,783,659,V44,5.809594285895007
1276,783,672,V49,17.445012141301472
1276,783,965,V57,10.498093903671007
1276,783,931,V60,18.3740064075405
1278,1106,1276,V40,4.836798739645476
1278,1106,1276,V64,4.836798739645476
1278,1102,1276,V31,4.836798739646007
1278,1398,1276,V32,7.438993890374081
1278,931,1229,V26,8.28950012214804
1278,882,885,V21,2.852794790784161
1278,931,1068,V39,8.304853837171269
1278,659,535,V44,5.810827883107414
1278,931,1182,V60,9.422487826577225
1278,834,965,V35,3.83986736177262
1280,708,535,V27,4.548441137468074
1280,708,535,V44,4.548441137468074
1280,359,535,V88,5.855067293961566
1280,359,535,V106,5.855067293961566
1280,965,882,V35,3.616965677313317
1280,917,882,V42,7.68788945836583
1280,849,885,V67,6.749102957431653
1280,849,885,V108,6.749102957431653
1280,1091,1296,V30,11.008827084803295
1280,917,834,V45,3.617203703030827
1280,1229,1102,V26,3.8392690799482057
1282,1106,1102,V83,3.80171314717607
1282,1229,1102,V26,3.8392690799482057
1282,1229,1182,V31,3.960024365898536
1282,1229,1182,V32,3.960024365898536
1282,672,885,V24,5.876204136119103
1282,965,834,V56,3.83986736177262
1284,882,885,V69,2.852794790784161
1284,882,885,V94,2.852794790784161
1284,882,885,V95,2.852794790784161
1284,672,849,V35,6.511836392511076
1284,1068,849,V39,6.736061142863373
1284,834,965,V24,3.83986736177262
1284,1091,965,V31,4.388654712140797
1284,1276,855,V72,14.029505033457104
1286,882,834,V28,4.883195120135012
1286,882,834,V60,4.883195120135012
1286,882,834,V69,4.883195120135012
1286,882,834,V78,4.883195120135012
1286,882,885,V99,2.852794790784161
1286,1106,885,V26,7.965381677815221
1286,1106,885,V64,7.965381677815221
1286,1276,1102,V83,4.836798739646007
1286,1068,1102,V42,8.626274418583195
1286,1091,849,V37,16.610443180087024
1286,1091,849,V38,16.610443180087024
1286,659,1229,V27,17.8420518180728
1286,659,1229,V44,17.8420518180728
1286,659,1182,V52,14.91126931871612
1286,659,1182,V75,14.91126931871612
1286,659,931,V82,14.893741670685255
1286,783,1435,V21,17.957022310236383
1286,659,672,V90,12.368643675107524
1288,708,834,V49,4.389831624444016
1288,708,834,V67,4.389831624444016
1288,1091,834,V53,6.739095652327052
1288,1091,834,V56,6.739095652327052
1288,783,834,V22,7.689481736045675
1288,783,834,V23,7.689481736045675
1288,783,834,V25,7.689481736045675
1288,783,834,V29,7.689481736045675
1288,783,834,V30,7.689481736045675
1288,1102,882,V42,7.314751476768936
1288,1102,882,V83,7.314751476768936
1288,1102,882,V93,7.314751476768936
1288,1182,882,V21,7.841474878454721
1290,1276,1106,V41,4.836798739645476
1290,1276,1106,V80,4.836798739645476
1290,535,708,V24,4.548441137468074
1290,1091,1296,V23,11.008827084803295
1290,885,672,V26,5.876204136119103
1290,1068,1370,V38,7.841426035905807
1290,885,1013,V83,3.46869779664105
1292,1102,1013,V56,3.616251246210677
1292,1102,1013,V63,3.616251246210677
1292,1102,1013,V66,3.616251246210677
1294,1013,882,V66,3.839767699909249
1294,1013,882,V81,3.839767699909249
1294,708,882,V24,4.837510953567602
1294,931,885,V25,3.0617002345235647
1294,931,885,V53,3.0617002345235647
1294,834,965,V42,3.83986736177262
1296,917,834,V70,3.617203703030827
1296,882,885,V53,2.852794790784161
1298,917,834,V94,3.617203703030827
1298,708,834,V118,4.389831624444016
1298,882,834,V22,4.883195120135012
1298,882,965,V43,3.616965677313317
1298,1091,965,V47,4.388654712140797
1298,931,885,V24,3.0617002345235647
1304,931,885,V22,3.0617002345235647
1306,535,708,V59,4.548441137468074
1306,882,834,V22,4.883195120135012
1306,931,885,V41,3.0617002345235647
1306,1091,965,V67,4.388654712140797
1308,1091,965,V80,4.388654712140797
1308,1091,965,V87,4.388654712140797
1308,1013,965,V47,4.881725510082577
1308,1013,965,V53,4.881725510082577
1308,1013,965,V66,4.881725510082577
1308,1182,965,V23,5.875748248781206
1308,1182,965,V28,5.875748248781206
1308,535,708,V112,4.548441137468074
1308,535,708,V117,4.548441137468074
1308,855,1068,V51,5.87594370452583
1308,855,1068,V54,5.87594370452583
1308,885,834,V27,7.688685710981335
1308,885,882,V67,2.852794790784161
1310,917,834,V31,3.617203703030827
1310,783,834,V25,7.689481736045675
1310,783,834,V27,7.689481736045675
1310,783,834,V29,7.689481736045675
1310,783,834,V30,7.689481736045675
1310,1013,965,V86,4.881725510082577
1310,1182,965,V98,5.875748248781206
1310,1182,965,V125,5.875748248781206
1310,783,965,V32,10.498093903671007
1310,1435,1091,V64,8.895594131564904
1310,1435,1091,V103,8.895594131564904
1310,1435,1091,V120,8.895594131564904
1310,1398,1091,V56,9.6478124773512
1310,672,708,V26,6.751878981086827
1310,672,708,V65,6.751878981086827
1310,672,708,V81,6.751878981086827
1310,783,659,V36,5.809594285895007
1310,783,659,V40,5.809594285895007
1310,783,659,V41,5.809594285895007
1310,849,1102,V24,8.191991396325179
1310,849,1102,V37,8.191991396325179
1310,359,535,V79,5.855067293961566
1310,359,535,V102,5.855067293961566
1310,849,1068,V38,6.736061142863373
1310,1398,1276,V69,7.438993890374081
1310,849,931,V42,4.4061387562478425
1310,1398,1229,V75,5.282433425576492
1312,672,535,V82,8.311483007291683
1312,783,535,V25,11.620421645142477
1312,783,535,V26,11.620421645142477
1312,783,535,V27,11.620421645142477
1312,783,535,V29,11.620421645142477
1312,783,535,V30,11.620421645142477
1312,783,535,V31,11.620421645142477
1312,1182,1229,V115,3.960024365898536
1312,849,1229,V42,12.017793437809017
1312,849,1229,V72,12.017793437809017
1312,849,1229,V92,12.017793437809017
1312,849,1229,V93,12.017793437809017
1312,783,659,V32,5.809594285895007
1312,783,659,V33,5.809594285895007
1312,783,659,V35,5.809594285895007
1312,783,659,V36,5.809594285895007
1312,849,931,V106,4.4061387562478425
1312,783,931,V38,18.3740064075405
1312,783,931,V39,18.3740064075405
1312,783,882,V40,12.561839638690564
1312,783,882,V41,12.561839638690564
1312,783,882,V43,12.561839638690564
1312,783,834,V45,7.689481736045675
1312,783,834,V46,7.689481736045675
1312,783,834,V47,7.689481736045675
1312,783,917,V49,5.8083597500151045
1312,783,917,V51,5.8083597500151045
1312,783,885,V52,15.378166398318458
1312,783,885,V53,15.378166398318458
1312,783,1091,V54,10.241109598832232
1312,783,1091,V55,10.241109598832232
1312,783,1276,V56,22.606377139254327
1312,783,708,V57,10.697285568723771
1312,783,1013,V59,15.308499342485224
1314,1276,1229,V72,3.959637309104105
1314,1182,1229,V24,3.960024365898536
1314,1182,1229,V37,3.960024365898536
1314,1182,1229,V55,3.960024365898536
1314,1182,1229,V89,3.960024365898536
1314,882,885,V41,2.852794790784161
1314,849,885,V38,6.749102957431653
1314,1182,885,V90,8.662721360426067
1314,783,885,V23,15.378166398318458
1314,783,834,V25,7.689481736045675
1314,783,834,V26,7.689481736045675
1314,783,834,V29,7.689481736045675
1314,783,659,V30,5.809594285895007
1314,783,659,V31,5.809594285895007
1314,783,917,V33,5.8083597500151045
1314,783,917,V34,5.8083597500151045
1314,783,1106,V35,22.318447076891776
1314,783,1106,V36,22.318447076891776
1314,783,1013,V42,15.308499342485224
1314,783,1091,V44,10.241109598832232
1314,783,566,V46,5.876334276322891
1316,1013,708,V36,8.663428210145081
1316,783,708,V22,10.697285568723771
1316,783,708,V24,10.697285568723771
1316,783,708,V32,10.697285568723771
1316,783,708,V33,10.697285568723771
1316,783,708,V34,10.697285568723771
1316,783,708,V38,10.697285568723771
1316,783,708,V40,10.697285568723771
1316,1276,1102,V44,4.836798739646007
1316,1182,1102,V27,6.120304815079837
1316,855,1068,V39,5.87594370452583
1316,855,1068,V66,5.87594370452583
1316,783,834,V43,7.689481736045675
1316,783,834,V46,7.689481736045675
1316,783,917,V47,5.8083597500151045
1316,783,849,V48,21.903135562742808
1316,783,1370,V49,30.28578929187396
1318,1106,1102,V29,3.80171314717607
1318,931,1102,V27,4.548251915941359
1318,1182,1102,V56,6.120304815079837
1318,882,1102,V22,7.314751476768936
1318,965,917,V43,4.882215518422521
1318,965,917,V60,4.882215518422521
1318,783,917,V33,5.8083597500151045
1318,783,659,V37,5.809594285895007
1318,783,659,V39,5.809594285895007
1318,783,659,V41,5.809594285895007
1318,882,1091,V23,7.965381677815221
1318,882,1091,V26,7.965381677815221
1318,882,1091,V30,7.965381677815221
1318,882,1013,V63,3.839767699909249
1318,708,1013,V36,8.663428210145081
1318,708,1013,V38,8.663428210145081
1318,708,834,V42,4.389831624444016
1318,783,834,V45,7.689481736045675
1318,783,1398,V46,19.874616662347663
1318,783,1398,V51,19.874616662347663
1318,783,672,V52,17.445012141301472
1318,783,1229,V55,18.841160835534616
1320,1106,931,V35,5.283575443416337
1320,1106,931,V44,5.283575443416337
1320,1229,931,V25,8.28950012214804
1320,1229,931,V27,8.28950012214804
1320,659,931,V39,14.893741670685255
1320,783,917,V21,5.8083597500151045
1320,783,917,V23,5.8083597500151045
1320,783,917,V26,5.8083597500151045
1320,783,1276,V31,22.606377139254327
1320,783,1276,V32,22.606377139254327
1320,783,1276,V34,22.606377139254327
1320,359,535,V37,5.855067293961566
1320,783,535,V42,11.620421645142477
1320,783,885,V43,15.378166398318458
1320,783,885,V47,15.378166398318458
1320,783,965,V54,10.498093903671007
1320,783,965,V57,10.498093903671007
1320,783,566,V60,5.876334276322891
1320,783,708,V65,10.697285568723771
1320,783,834,V66,7.689481736045675
1320,783,1398,V67,19.874616662347663
1320,783,849,V69,21.903135562742808
1322,882,885,V33,2.852794790784161
1322,882,885,V42,2.852794790784161
1322,882,885,V43,2.852794790784161
1322,882,885,V47,2.852794790784161
1322,882,965,V75,3.616965677313317
1322,834,965,V45,3.83986736177262
1322,1013,965,V56,4.881725510082577
1322,1182,965,V36,5.875748248781206
1322,1106,1276,V24,4.836798739645476
1322,1106,1276,V29,4.836798739645476
1322,1106,1276,V32,4.836798739645476
1322,1106,931,V34,5.283575443416337
1322,672,931,V27,6.73915242731767
1322,783,1091,V21,10.241109598832232
1322,783,1091,V23,10.241109598832232
1322,783,659,V26,5.809594285895007
1322,783,659,V28,5.809594285895007
1322,672,1102,V44,11.119492664455636
1322,783,1229,V41,18.841160835534616
1322,783,1398,V51,19.874616662347663
1324,1013,931,V39,4.405443882921528
1324,849,931,V35,4.4061387562478425
1324,1106,931,V40,5.283575443416337
1324,1182,931,V61,9.422487826577225
1324,1182,931,V67,9.422487826577225
1324,834,931,V33,10.694040075602611
1324,834,931,V44,10.694040075602611
1324,783,931,V28,18.3740064075405
1324,783,931,V48,18.3740064075405
1324,783,882,V36,12.561839638690564
1324,783,882,V49,12.561839638690564
1324,783,882,V51,12.561839638690564
1324,783,882,V52,12.561839638690564
1324,783,882,V55,12.561839638690564
1324,783,882,V56,12.561839638690564
1324,783,882,V57,12.561839638690564
1324,783,1276,V63,22.606377139254327
1324,783,1276,V65,22.606377139254327
1324,783,1276,V68,22.606377139254327
1324,783,1276,V71,22.606377139254327
1324,566,535,V60,11.474227573045091
1324,783,535,V73,11.620421645142477
1324,783,535,V76,11.620421645142477
1324,783,1091,V90,10.241109598832232
1324,783,1091,V92,10.241109598832232
1324,783,1091,V93,10.241109598832232
1324,783,885,V94,15.378166398318458
1324,783,885,V95,15.378166398318458
1324,783,659,V26,5.809594285895007
1324,783,659,V96,5.809594285895007
1324,783,1102,V97,18.800951364959644
1324,783,1102,V98,18.800951364959644
1324,783,708,V99,10.697285568723771
1324,783,855,V100,27.60378823743443
1326,834,1091,V34,6.739095652327052
1326,834,1091,V45,6.739095652327052
1326,834,1091,V47,6.739095652327052
1326,834,1091,V52,6.739095652327052
1326,849,931,V49,4.4061387562478425
1326,849,931,V56,4.4061387562478425
1326,849,931,V63,4.4061387562478425
1326,1102,1106,V28,3.80171314717607
1326,1102,1106,V32,3.80171314717607
1326,783,708,V22,10.697285568723771
1326,783,708,V25,10.697285568723771
1326,783,535,V40,11.620421645142477
1326,783,535,V41,11.620421645142477
1326,1102,965,V68,8.304116264398273
1326,783,965,V64,10.498093903671007
1326,1068,855,V46,5.87594370452583
1326,783,917,V30,5.8083597500151045
1326,1276,882,V37,12.01740314095659
1326,508,885,V60,13.808114395759947
1328,708,834,V25,4.389831624444016
1328,708,834,V40,4.389831624444016
1328,882,834,V37,4.883195120135012
1328,882,834,V38,4.883195120135012
1328,882,834,V42,4.883195120135012
1328,659,834,V57,5.284552964469467
1328,885,834,V23,7.688685710981335
1328,885,834,V36,7.688685710981335
1328,885,834,V48,7.688685710981335
1328,885,834,V56,7.688685710981335
1328,885,834,V60,7.688685710981335
1328,1013,931,V21,4.405443882921528
1328,1013,931,V43,4.405443882921528
1328,1013,931,V55,4.405443882921528
1328,1068,855,V91,5.87594370452583
1328,1013,1091,V90,7.92275625179966
1328,1102,965,V33,8.304116264398273
1328,1398,1182,V31,5.640321895106829
1330,885,834,V51,7.688685710981335
1330,885,834,V55,7.688685710981335
1330,783,834,V24,7.689481736045675
1330,783,834,V26,7.689481736045675
1330,783,834,V34,7.689481736045675
1330,783,834,V45,7.689481736045675
1330,783,834,V47,7.689481736045675
1330,1102,965,V39,8.304116264398273
1330,1102,965,V44,8.304116264398273
1330,1102,965,V54,8.304116264398273
1330,1102,965,V63,8.304116264398273
1330,1229,882,V88,9.341474227178574
1330,849,882,V28,9.574606006915822
1330,849,882,V113,9.574606006915822
1330,1398,1276,V64,7.438993890374081
1330,1068,1276,V32,8.66943360865319
1330,508,931,V72,12.961089805583503
1330,783,931,V52,18.3740064075405
1330,359,708,V83,10.088438580081291
1332,1102,1106,V31,3.80171314717607
1332,1102,1106,V64,3.80171314717607
1332,885,931,V33,3.0617002345235647
1332,882,965,V22,3.616965677313317
1334,885,931,V37,3.0617002345235647
1334,885,931,V49,3.0617002345235647
1334,882,931,V24,5.812636165404913
1334,882,931,V27,5.812636165404913
1334,882,931,V28,5.812636165404913
1334,1068,1106,V87,4.880745078525951
1334,882,1106,V34,10.203820878312005
1334,882,1182,V38,7.841474878454721
1334,882,1370,V45,18.783825554252072
1336,917,834,V77,3.617203703030827
1336,708,834,V102,4.389831624444016
1336,882,834,V28,4.883195120135012
1336,882,834,V29,4.883195120135012
1336,882,834,V49,4.883195120135012
1336,882,834,V52,4.883195120135012
1336,659,834,V39,5.284552964469467
1336,659,834,V44,5.284552964469467
1336,1013,965,V22,4.881725510082577
1336,1013,965,V59,4.881725510082577
1336,1013,965,V64,4.881725510082577
1336,1182,965,V38,5.875748248781206
1336,931,965,V37,8.628970001760946
1336,849,855,V27,5.706192977162224
1336,849,855,V35,5.706192977162224
1336,535,885,V26,10.569431103772471
1336,535,885,V81,10.569431103772471
1336,1068,1276,V32,8.66943360865319
1336,1068,1370,V43,7.841426035905807
1338,882,965,V24,3.616965677313317
1338,882,965,V64,3.616965677313317
1338,882,965,V70,3.616965677313317
1338,882,965,V77,3.616965677313317
1338,834,965,V22,3.83986736177262
1338,1068,1370,V45,7.841426035905807
1338,1068,1370,V73,7.841426035905807
1338,1102,1106,V32,3.80171314717607
1338,849,855,V35,5.706192977162224
1340,708,882,V29,4.837510953567602
1340,708,882,V39,4.837510953567602
1340,849,855,V27,5.706192977162224
1340,1102,885,V49,5.875878565174106
1340,1091,965,V23,4.388654712140797
1340,849,672,V47,6.511836392511076
1342,882,965,V23,3.616965677313317
1342,882,965,V29,3.616965677313317
1342,1091,965,V22,4.388654712140797
1342,1091,965,V24,4.388654712140797
1342,708,834,V51,4.389831624444016
1342,659,834,V44,5.284552964469467
1342,1106,1102,V32,3.80171314717607
1342,1106,1102,V37,3.80171314717607
1342,1229,1276,V34,3.959637309104105
1342,931,885,V52,3.0617002345235647
1344,1229,1276,V35,3.959637309104105
1344,1229,1276,V64,3.959637309104105
1344,1229,1276,V70,3.959637309104105
1344,931,849,V65,4.4061387562478425
1344,708,882,V39,4.837510953567602
1344,1091,965,V25,4.388654712140797
1346,931,885,V78,3.0617002345235647
1346,931,885,V82,3.0617002345235647
1346,931,885,V91,3.0617002345235647
1346,1091,965,V22,4.388654712140797
1348,1102,1229,V39,3.8392690799482057
1352,965,882,V22,3.616965677313317
1352,1013,882,V25,3.839767699909249
1354,708,882,V49,4.837510953567602
1354,1106,1276,V23,4.836798739645476
1354,1102,1229,V38,3.8392690799482057
1356,1068,855,V44,5.87594370452583
1356,1068,855,V127,5.87594370452583
1356,1068,855,V129,5.87594370452583
1356,508,855,V21,9.342303526295408
1356,508,855,V57,9.342303526295408
1356,508,855,V69,9.342303526295408
1356,508,855,V78,9.342303526295408
1356,508,855,V85,9.342303526295408
1356,1106,855,V27,9.423483175173253
1356,1106,855,V32,9.423483175173253
1356,1106,855,V68,9.423483175173253
1356,1106,855,V77,9.423483175173253
1356,1013,882,V70,3.839767699909249
1356,672,882,V110,7.316385892068044
1356,535,882,V131,9.342211452816104
1356,1106,882,V93,10.203820878312005
1356,1106,882,V98,10.203820878312005
1356,783,882,V1,12.561839638690564
1356,783,882,V22,12.561839638690564
1356,359,708,V114,10.088438580081291
1356,359,708,V115,10.088438580081291
1356,359,708,V119,10.088438580081291
1356,359,708,V120,10.088438580081291
1356,359,708,V122,10.088438580081291
1356,783,834,V23,7.689481736045675
1356,783,834,V24,7.689481736045675
1356,783,834,V26,7.689481736045675
1356,783,834,V30,7.689481736045675
1356,783,659,V31,5.809594285895007
1356,783,659,V33,5.809594285895007
1356,783,659,V35,5.809594285895007
1356,1398,931,V39,13.495077260547856
1356,783,965,V36,10.498093903671007
1358,1398,1229,V81,5.282433425576492
1358,1398,1229,V82,5.282433425576492
1358,1398,1229,V83,5.282433425576492
1358,1398,1229,V113,5.282433425576492
1358,1013,1229,V21,5.640389822593795
1358,1013,1229,V25,5.640389822593795
1358,1013,1229,V27,5.640389822593795
1358,1013,1229,V29,5.640389822593795
1358,783,834,V1,7.689481736045675
1358,783,834,V23,7.689481736045675
1358,783,834,V24,7.689481736045675
1358,783,834,V26,7.689481736045675
1358,783,834,V28,7.689481736045675
1358,1013,965,V32,4.881725510082577
1358,1013,965,V44,4.881725510082577
1358,1013,965,V57,4.881725510082577
1358,1013,965,V68,4.881725510082577
1358,1013,965,V69,4.881725510082577
1358,783,659,V30,5.809594285895007
1358,783,659,V31,5.809594285895007
1358,783,659,V33,5.809594285895007
1358,783,659,V34,5.809594285895007
1358,1013,708,V77,8.663428210145081
1358,1013,708,V78,8.663428210145081
1358,1013,708,V85,8.663428210145081
1358,1435,1182,V99,8.189653224238826
1358,1435,1182,V121,8.189653224238826
1358,783,1182,V35,15.175538880502293
1358,566,535,V112,11.474227573045091
1358,566,535,V118,11.474227573045091
1358,566,535,V123,11.474227573045091
1358,783,931,V37,18.3740064075405
1358,783,931,V39,18.3740064075405
1358,783,931,V41,18.3740064075405
1358,783,882,V42,12.561839638690564
1358,783,882,V43,12.561839638690564
1358,783,1091,V46,10.241109598832232
1358,783,1091,V47,10.241109598832232
1358,783,1068,V48,26.525178301273773
1358,783,1068,V49,26.525178301273773
1358,783,1276,V51,22.606377139254327
1358,783,917,V52,5.8083597500151045
1358,783,849,V53,21.903135562742808
1358,783,855,V54,27.60378823743443
1360,882,535,V38,9.342211452816104
1360,882,535,V40,9.342211452816104
1360,566,535,V125,11.474227573045091
1360,783,834,V1,7.689481736045675
1360,783,834,V21,7.689481736045675
1360,783,834,V24,7.689481736045675
1360,783,965,V26,10.498093903671007
1360,783,965,V28,10.498093903671007
1360,1276,1229,V25,3.959637309104105
1360,783,1229,V31,18.841160835534616
1360,783,931,V32,18.3740064075405
1360,783,931,V33,18.3740064075405
1360,783,708,V34,10.697285568723771
1360,783,659,V37,5.809594285895007
1360,783,885,V41,15.378166398318458
1360,783,672,V42,17.445012141301472
1360,783,1091,V43,10.241109598832232
1360,783,1013,V46,15.308499342485224
1362,708,834,V26,4.389831624444016
1362,885,834,V44,7.688685710981335
1362,783,834,V22,7.689481736045675
1362,783,834,V23,7.689481736045675
1362,783,834,V32,7.689481736045675
1362,783,834,V33,7.689481736045675
1362,783,834,V36,7.689481736045675
1362,783,834,V37,7.689481736045675
1362,1102,882,V29,7.314751476768936
1362,1102,882,V68,7.314751476768936
1362,1182,882,V25,7.841474878454721
1362,1182,882,V27,7.841474878454721
1362,1182,1229,V35,3.960024365898536
1362,1182,1229,V42,3.960024365898536
1362,783,1229,V43,18.841160835534616
1362,783,1229,V47,18.841160835534616
1362,783,855,V48,27.60378823743443
1362,783,855,V53,27.60378823743443
1362,783,855,V54,27.60378823743443
1362,783,849,V55,21.903135562742808
1362,783,849,V56,21.903135562742808
1362,783,849,V57,21.903135562742808
1362,783,1068,V59,26.525178301273773
1362,783,1068,V60,26.525178301273773
1362,783,1068,V61,26.525178301273773
1362,783,1091,V49,10.241109598832232
1362,783,1091,V62,10.241109598832232
1362,783,1276,V63,22.606377139254327
1362,783,1276,V64,22.606377139254327
1362,783,917,V65,5.8083597500151045
1362,783,917,V66,5.8083597500151045
1362,783,1013,V67,15.308499342485224
1362,783,1013,V69,15.308499342485224
1362,783,659,V70,5.809594285895007
1362,783,1435,V71,17.957022310236383
1362,783,1398,V72,19.874616662347663
1362,783,672,V73,17.445012141301472
1364,882,834,V23,4.883195120135012
1364,783,834,V1,7.689481736045675
1364,783,834,V27,7.689481736045675
1364,783,834,V29,7.689481736045675
1364,783,834,V30,7.689481736045675
1364,783,834,V34,7.689481736045675
1364,783,834,V35,7.689481736045675
1364,783,834,V36,7.689481736045675
1364,783,834,V37,7.689481736045675
1364,931,1102,V21,4.548251915941359
1364,931,1102,V25,4.548251915941359
1364,1182,1102,V32,6.120304815079837
1364,783,1102,V40,18.800951364959644
1364,783,965,V41,10.498093903671007
1364,783,965,V44,10.498093903671007
1364,783,965,V53,10.498093903671007
1364,783,965,V57,10.498093903671007
1364,783,849,V60,21.903135562742808
1364,783,849,V61,21.903135562742808
1364,783,849,V62,21.903135562742808
1364,783,1091,V64,10.241109598832232
1364,783,1091,V66,10.241109598832232
1364,783,708,V68,10.697285568723771
1364,783,708,V70,10.697285568723771
1364,783,535,V71,11.620421645142477
1364,783,535,V72,11.620421645142477
1364,783,1276,V73,22.606377139254327
1364,783,359,V76,12.499801205497114
1364,783,1229,V77,18.841160835534616
1364,783,855,V78,27.60378823743443
1364,783,1398,V79,19.874616662347663
1364,783,1013,V80,15.308499342485224
1366,783,834,V1,7.689481736045675
1366,783,834,V23,7.689481736045675
1366,783,834,V27,7.689481736045675
1366,783,834,V29,7.689481736045675
1366,1182,965,V28,5.875748248781206
1366,1182,965,V31,5.875748248781206
1366,1182,965,V43,5.875748248781206
1366,1182,882,V63,7.841474878454721
1366,1182,882,V64,7.841474878454721
1366,1106,885,V21,7.965381677815221
1366,1106,885,V25,7.965381677815221
1366,1106,849,V40,6.739095652327052
1366,1229,1013,V38,5.640389822593795
1366,783,917,V30,5.8083597500151045
1368,659,834,V1,5.284552964469467
1368,885,834,V25,7.688685710981335
1368,885,834,V64,7.688685710981335
1368,783,834,V30,7.689481736045675
1368,783,834,V34,7.689481736045675
1368,783,834,V36,7.689481736045675
1368,783,834,V37,7.689481736045675
1368,783,834,V38,7.689481736045675
1368,783,834,V39,7.689481736045675
1368,1182,1013,V66,5.283249325636405
1368,1229,1013,V32,5.640389822593795
1368,1229,1013,V65,5.640389822593795
1368,783,1013,V41,15.308499342485224
1368,783,708,V44,10.697285568723771
1368,783,708,V46,10.697285568723771
1368,783,708,V47,10.697285568723771
1368,783,882,V56,12.561839638690564
1368,783,882,V57,12.561839638690564
1368,783,849,V59,21.903135562742808
1368,783,1398,V67,19.874616662347663
1368,783,931,V68,18.3740064075405
1368,783,1276,V69,22.606377139254327
1368,783,965,V70,10.498093903671007
1370,834,708,V1,4.389831624444016
1370,834,708,V38,4.389831624444016
1370,834,708,V44,4.389831624444016
1370,1068,1106,V45,4.880745078525951
1370,849,1106,V54,6.739095652327052
1370,834,917,V46,3.617203703030827
1370,834,917,V56,3.617203703030827
1370,885,882,V31,2.852794790784161
1370,885,1102,V40,5.875878565174106
1370,1091,1013,V28,7.92275625179966
1370,834,931,V73,10.694040075602611
1372,882,834,V29,4.883195120135012
1372,1091,834,V43,6.739095652327052
1372,783,834,V21,7.689481736045675
1372,783,834,V22,7.689481736045675
1372,783,834,V26,7.689481736045675
1372,783,834,V31,7.689481736045675
1372,783,834,V33,7.689481736045675
1372,855,931,V55,9.765900232263595
1372,783,931,V34,18.3740064075405
1372,783,931,V35,18.3740064075405
1372,783,931,V36,18.3740064075405
1372,783,931,V39,18.3740064075405
1372,783,1276,V42,22.606377139254327
1372,783,1276,V47,22.606377139254327
1372,783,1276,V48,22.606377139254327
1372,783,1276,V52,22.606377139254327
1372,783,1276,V56,22.606377139254327
1372,783,1102,V60,18.800951364959644
1372,783,1102,V62,18.800951364959644
1372,783,1102,V63,18.800951364959644
1372,783,1102,V64,18.800951364959644
1372,783,1182,V44,15.175538880502293
1372,783,1182,V65,15.175538880502293
1372,783,1182,V70,15.175538880502293
1372,783,885,V71,15.378166398318458
1372,783,885,V72,15.378166398318458
1372,783,885,V75,15.378166398318458
1372,783,1229,V78,18.841160835534616
1372,783,1229,V79,18.841160835534616
1372,783,1229,V80,18.841160835534616
1372,783,708,V81,10.697285568723771
1372,783,708,V85,10.697285568723771
1372,783,708,V86,10.697285568723771
1372,783,1106,V87,22.318447076891776
1372,783,1106,V91,22.318447076891776
1372,783,917,V46,5.8083597500151045
1372,783,1013,V104,15.308499342485224
1374,882,885,V38,2.852794790784161
1374,882,885,V53,2.852794790784161
1374,882,885,V71,2.852794790784161
1374,882,885,V92,2.852794790784161
1374,834,917,V1,3.617203703030827
1374,834,917,V28,3.617203703030827
1374,834,708,V29,4.389831624444016
1374,834,708,V31,4.389831624444016
1374,1102,1013,V54,3.616251246210677
1374,659,535,V103,5.810827883107414
1376,834,965,V31,3.83986736177262
1376,834,965,V36,3.83986736177262
1376,1013,1182,V43,5.283249325636405
1376,1013,1182,V53,5.283249325636405
1376,834,1091,V46,6.739095652327052
1376,783,566,V22,5.876334276322891
1376,1106,1370,V64,8.775541653972592
1376,1106,1276,V68,4.836798739645476
1378,882,965,V21,3.616965677313317
1378,882,965,V36,3.616965677313317
1378,882,965,V38,3.616965677313317
1378,1106,1276,V75,4.836798739645476
1378,1106,1276,V78,4.836798739645476
1378,1106,1276,V80,4.836798739645476
1378,783,917,V1,5.8083597500151045
1378,783,917,V25,5.8083597500151045
1378,1182,1091,V53,5.24631154396119
1378,882,1091,V111,7.965381677815221
1378,783,834,V26,7.689481736045675
1378,849,672,V23,6.511836392511076
1380,783,659,V25,5.809594285895007
1380,783,659,V27,5.809594285895007
1380,783,659,V28,5.809594285895007
1380,1398,1182,V98,5.640321895106829
1380,965,1182,V38,5.875748248781206
1380,1102,1182,V45,6.120304815079837
1380,783,917,V29,5.8083597500151045
1380,783,917,V30,5.8083597500151045
1380,708,834,V21,4.389831624444016
1380,882,1091,V36,7.965381677815221
1382,708,834,V45,4.389831624444016
1382,708,834,V90,4.389831624444016
1382,708,834,V98,4.389831624444016
1382,885,834,V32,7.688685710981335
1382,783,834,V1,7.689481736045675
1382,1102,1013,V48,3.616251246210677
1382,931,882,V42,5.812636165404913
1382,783,917,V21,5.8083597500151045
1382,1102,1182,V62,6.120304815079837
1384,708,834,V24,4.389831624444016
1384,783,834,V25,7.689481736045675
1384,783,834,V29,7.689481736045675
1384,783,834,V30,7.689481736045675
1384,783,834,V31,7.689481736045675
1384,783,834,V32,7.689481736045675
1384,1102,1013,V48,3.616251246210677
1384,931,1013,V45,4.405443882921528
1384,931,1013,V60,4.405443882921528
1384,1106,1276,V54,4.836798739645476
1384,1106,1276,V55,4.836798739645476
1384,359,535,V28,5.855067293961566
1384,359,535,V37,5.855067293961566
1384,783,1296,V33,13.644692409583532
1384,931,882,V64,5.812636165404913
1384,931,1182,V73,9.422487826577225
1386,885,882,V37,2.852794790784161
1386,885,882,V70,2.852794790784161
1386,885,882,V77,2.852794790784161
1386,885,882,V102,2.852794790784161
1386,965,882,V1,3.616965677313317
1386,708,834,V28,4.389831624444016
1386,659,834,V66,5.284552964469467
1386,783,834,V35,7.689481736045675
1386,783,834,V38,7.689481736045675
1386,1229,1398,V46,5.282433425576492
1386,1229,1398,V55,5.282433425576492
1386,1229,1276,V97,3.959637309104105
1388,1229,1276,V38,3.959637309104105
1388,1229,1276,V61,3.959637309104105
1388,965,834,V30,3.83986736177262
1388,882,834,V1,4.883195120135012
1388,783,659,V39,5.809594285895007
1388,783,659,V40,5.809594285895007
1388,1182,1091,V33,5.24631154396119
1388,1182,1091,V54,5.24631154396119
1388,535,708,V79,4.548441137468074
1390,965,834,V39,3.83986736177262
1390,965,834,V48,3.83986736177262
1390,965,834,V76,3.83986736177262
1390,965,1091,V86,4.388654712140797
1390,965,1091,V103,4.388654712140797
1390,882,708,V36,4.837510953567602
1390,882,708,V37,4.837510953567602
1390,359,535,V73,5.855067293961566
