time_step,start,end,vehicle,distance
32,917,834,V53,3.617203703030827
40,917,834,V44,3.617203703030827
40,917,834,V92,3.617203703030827
40,917,834,V127,3.617203703030827
44,917,834,V63,3.617203703030827
44,917,834,V67,3.617203703030827
44,917,834,V69,3.617203703030827
44,917,834,V73,3.617203703030827
44,917,834,V82,3.617203703030827
44,917,834,V128,3.617203703030827
44,917,834,V129,3.617203703030827
48,917,834,V130,3.617203703030827
48,917,834,V131,3.617203703030827
48,917,834,V132,3.617203703030827
52,917,834,V133,3.617203703030827
52,917,834,V134,3.617203703030827
52,917,834,V135,3.617203703030827
52,917,834,V136,3.617203703030827
52,917,834,V137,3.617203703030827
52,917,834,V138,3.617203703030827
60,917,834,V139,3.617203703030827
60,917,834,V140,3.617203703030827
60,917,834,V141,3.617203703030827
60,917,834,V142,3.617203703030827
64,917,834,V145,3.617203703030827
64,917,834,V146,3.617203703030827
64,917,834,V147,3.617203703030827
64,917,834,V148,3.617203703030827
64,917,834,V149,3.617203703030827
64,917,834,V150,3.617203703030827
64,917,834,V151,3.617203703030827
64,917,834,V152,3.617203703030827
64,917,834,V153,3.617203703030827
64,917,834,V154,3.617203703030827
64,917,834,V155,3.617203703030827
64,917,834,V156,3.617203703030827
68,917,834,V49,3.617203703030827
68,917,834,V121,3.617203703030827
68,917,834,V158,3.617203703030827
68,783,659,V43,5.809594285895007
68,783,659,V52,5.809594285895007
68,783,659,V53,5.809594285895007
68,885,931,V48,3.0617002345235647
68,885,931,V117,3.0617002345235647
72,917,834,V213,3.617203703030827
72,917,834,V216,3.617203703030827
72,917,834,V219,3.617203703030827
72,917,834,V283,3.617203703030827
72,917,834,V366,3.617203703030827
72,917,834,V369,3.617203703030827
72,885,931,V56,3.0617002345235647
72,885,931,V171,3.0617002345235647
72,885,931,V264,3.0617002345235647
72,885,931,V265,3.0617002345235647
72,885,931,V300,3.0617002345235647
72,783,659,V42,5.809594285895007
76,917,834,V376,3.617203703030827
76,917,834,V377,3.617203703030827
76,917,834,V378,3.617203703030827
76,917,834,V401,3.617203703030827
76,917,834,V402,3.617203703030827
76,917,834,V404,3.617203703030827
76,917,834,V405,3.617203703030827
76,917,834,V441,3.617203703030827
76,917,834,V442,3.617203703030827
76,917,834,V443,3.617203703030827
76,917,834,V484,3.617203703030827
76,917,834,V486,3.617203703030827
76,917,834,V556,3.617203703030827
76,917,834,V562,3.617203703030827
76,917,834,V924,3.617203703030827
76,965,834,V55,3.83986736177262
76,965,834,V122,3.83986736177262
76,965,834,V309,3.83986736177262
80,917,834,V53,3.617203703030827
80,965,834,V82,3.83986736177262
80,965,834,V95,3.83986736177262
80,965,834,V96,3.83986736177262
80,965,834,V376,3.83986736177262
80,965,834,V524,3.83986736177262
80,965,834,V1115,3.83986736177262
80,965,834,V1116,3.83986736177262
80,965,834,V1117,3.83986736177262
80,965,834,V1118,3.83986736177262
80,965,834,V1119,3.83986736177262
80,708,834,V55,4.389831624444016
80,708,834,V103,4.389831624444016
80,708,834,V309,4.389831624444016
80,708,834,V310,4.389831624444016
80,708,834,V316,4.389831624444016
80,708,834,V317,4.389831624444016
80,708,834,V318,4.389831624444016
80,708,834,V319,4.389831624444016
84,965,834,V97,3.83986736177262
84,965,834,V1115,3.83986736177262
84,965,834,V1116,3.83986736177262
84,965,834,V1117,3.83986736177262
84,708,834,V56,4.389831624444016
84,708,834,V59,4.389831624444016
84,708,834,V365,4.389831624444016
84,708,834,V373,4.389831624444016
84,708,834,V374,4.389831624444016
84,708,834,V380,4.389831624444016
84,708,834,V387,4.389831624444016
84,708,834,V398,4.389831624444016
84,708,834,V482,4.389831624444016
84,708,834,V490,4.389831624444016
84,708,834,V496,4.389831624444016
84,708,834,V505,4.389831624444016
84,708,834,V521,4.389831624444016
84,708,834,V554,4.389831624444016
84,708,834,V557,4.389831624444016
84,708,834,V892,4.389831624444016
84,708,834,V913,4.389831624444016
84,708,834,V914,4.389831624444016
84,708,834,V937,4.389831624444016
84,708,834,V1045,4.389831624444016
84,708,834,V1086,4.389831624444016
84,882,834,V41,4.883195120135012
84,1091,834,V211,6.739095652327052
84,1091,834,V212,6.739095652327052
84,1091,834,V214,6.739095652327052
84,1091,834,V215,6.739095652327052
84,1091,834,V221,6.739095652327052
84,1091,834,V222,6.739095652327052
84,1091,834,V223,6.739095652327052
84,1091,834,V232,6.739095652327052
84,1091,834,V240,6.739095652327052
84,1091,834,V241,6.739095652327052
84,1091,834,V242,6.739095652327052
88,917,834,V51,3.617203703030827
88,917,834,V206,3.617203703030827
88,917,834,V211,3.617203703030827
88,917,834,V212,3.617203703030827
88,917,834,V214,3.617203703030827
88,917,834,V215,3.617203703030827
92,917,834,V221,3.617203703030827
92,917,834,V222,3.617203703030827
92,917,834,V223,3.617203703030827
92,917,834,V401,3.617203703030827
92,917,834,V937,3.617203703030827
92,917,834,V1045,3.617203703030827
92,708,834,V56,4.389831624444016
92,708,834,V61,4.389831624444016
92,708,834,V63,4.389831624444016
92,708,834,V125,4.389831624444016
92,708,834,V201,4.389831624444016
92,708,834,V214,4.389831624444016
92,882,965,V45,3.616965677313317
92,882,965,V51,3.616965677313317
92,882,965,V59,3.616965677313317
92,882,965,V82,3.616965677313317
92,882,965,V107,3.616965677313317
92,882,965,V206,3.616965677313317
100,965,834,V140,3.83986736177262
100,965,834,V144,3.83986736177262
104,965,834,V48,3.83986736177262
104,708,834,V74,4.389831624444016
104,708,834,V82,4.389831624444016
104,885,882,V63,2.852794790784161
104,885,882,V77,2.852794790784161
104,885,882,V151,2.852794790784161
108,1091,965,V92,4.388654712140797
108,1091,965,V110,4.388654712140797
108,1091,965,V123,4.388654712140797
108,1091,965,V130,4.388654712140797
108,1091,965,V146,4.388654712140797
108,1091,965,V148,4.388654712140797
108,1091,965,V249,4.388654712140797
108,1091,965,V281,4.388654712140797
108,1091,965,V282,4.388654712140797
108,1091,965,V284,4.388654712140797
108,1091,965,V289,4.388654712140797
108,1091,965,V290,4.388654712140797
108,1091,965,V321,4.388654712140797
108,1091,965,V322,4.388654712140797
108,885,882,V513,2.852794790784161
108,885,882,V514,2.852794790784161
108,885,882,V515,2.852794790784161
108,1091,917,V363,4.837115435970083
108,1091,917,V364,4.837115435970083
108,708,834,V373,4.389831624444016
108,783,659,V41,5.809594285895007
112,885,882,V322,2.852794790784161
112,885,882,V513,2.852794790784161
112,885,882,V520,2.852794790784161
112,885,882,V522,2.852794790784161
112,885,882,V526,2.852794790784161
112,885,882,V527,2.852794790784161
112,885,882,V543,2.852794790784161
112,885,882,V552,2.852794790784161
112,885,882,V563,2.852794790784161
112,783,659,V41,5.809594285895007
112,783,659,V42,5.809594285895007
112,783,659,V44,5.809594285895007
112,783,659,V45,5.809594285895007
112,783,659,V47,5.809594285895007
112,535,708,V125,4.548441137468074
112,1091,834,V214,6.739095652327052
112,1091,965,V367,4.388654712140797
116,885,882,V48,2.852794790784161
116,885,882,V221,2.852794790784161
116,885,882,V251,2.852794790784161
116,885,882,V301,2.852794790784161
116,885,882,V489,2.852794790784161
116,885,882,V647,2.852794790784161
116,885,882,V911,2.852794790784161
116,885,931,V912,3.0617002345235647
116,885,931,V931,3.0617002345235647
116,885,931,V1005,3.0617002345235647
116,885,931,V1082,3.0617002345235647
116,885,931,V1115,3.0617002345235647
116,885,931,V1116,3.0617002345235647
116,1013,931,V46,4.405443882921528
116,535,708,V918,4.548441137468074
116,535,708,V919,4.548441137468074
116,783,659,V41,5.809594285895007
116,1091,917,V370,4.837115435970083
116,1229,1276,V509,3.959637309104105
116,1091,834,V371,6.739095652327052
120,882,965,V43,3.616965677313317
120,882,965,V46,3.616965677313317
120,882,965,V59,3.616965677313317
120,882,965,V62,3.616965677313317
120,882,965,V67,3.616965677313317
120,882,708,V68,4.837510953567602
120,882,708,V72,4.837510953567602
120,882,708,V86,4.837510953567602
120,882,708,V118,4.837510953567602
120,882,834,V134,4.883195120135012
120,882,834,V221,4.883195120135012
120,882,834,V912,4.883195120135012
120,885,931,V251,3.0617002345235647
120,659,535,V301,5.810827883107414
124,1091,965,V79,4.388654712140797
124,1091,965,V372,4.388654712140797
124,1091,965,V392,4.388654712140797
124,1091,965,V393,4.388654712140797
124,1091,965,V394,4.388654712140797
124,1091,965,V395,4.388654712140797
124,1091,965,V488,4.388654712140797
124,1091,965,V504,4.388654712140797
124,1091,965,V521,4.388654712140797
124,659,535,V87,5.810827883107414
124,659,535,V221,5.810827883107414
124,359,535,V126,5.855067293961566
124,1013,931,V54,4.405443882921528
124,1013,931,V55,4.405443882921528
124,1013,931,V60,4.405443882921528
124,672,708,V53,6.751878981086827
124,1091,917,V554,4.837115435970083
124,1091,834,V557,6.739095652327052
128,1013,882,V67,3.839767699909249
128,1013,882,V275,3.839767699909249
128,1013,882,V557,3.839767699909249
128,1013,882,V951,3.839767699909249
128,1013,882,V952,3.839767699909249
128,834,965,V62,3.83986736177262
128,1091,965,V44,4.388654712140797
128,1091,965,V63,4.388654712140797
128,535,708,V53,4.548441137468074
128,659,708,V64,5.815596432206299
128,672,708,V81,6.751878981086827
128,1013,885,V953,3.46869779664105
128,1013,885,V954,3.46869779664105
128,1013,885,V955,3.46869779664105
128,1091,917,V301,4.837115435970083
128,1091,917,V574,4.837115435970083
132,882,965,V49,3.616965677313317
132,882,965,V50,3.616965677313317
132,882,965,V51,3.616965677313317
132,882,965,V177,3.616965677313317
132,1091,965,V44,4.388654712140797
132,1091,965,V381,4.388654712140797
132,1091,965,V577,4.388654712140797
132,1091,965,V578,4.388654712140797
132,1013,931,V60,4.405443882921528
132,1013,931,V950,4.405443882921528
132,1013,931,V1120,4.405443882921528
132,1013,931,V1166,4.405443882921528
132,535,708,V42,4.548441137468074
132,535,708,V55,4.548441137468074
132,535,708,V72,4.548441137468074
132,1091,917,V579,4.837115435970083
132,1091,917,V580,4.837115435970083
132,1102,885,V66,5.875878565174106
132,1102,885,V67,5.875878565174106
136,535,708,V56,4.548441137468074
136,535,708,V80,4.548441137468074
136,535,708,V84,4.548441137468074
136,849,931,V395,4.4061387562478425
140,965,834,V63,3.83986736177262
140,965,834,V66,3.83986736177262
140,965,834,V68,3.83986736177262
140,965,834,V81,3.83986736177262
140,965,834,V87,3.83986736177262
140,965,834,V90,3.83986736177262
140,965,834,V98,3.83986736177262
140,965,834,V106,3.83986736177262
140,965,834,V121,3.83986736177262
140,965,834,V243,3.83986736177262
140,965,834,V492,3.83986736177262
140,965,834,V579,3.83986736177262
140,965,834,V731,3.83986736177262
140,708,834,V44,4.389831624444016
140,1102,1013,V45,3.616251246210677
140,1102,1013,V76,3.616251246210677
140,1102,1013,V86,3.616251246210677
140,1102,1013,V104,3.616251246210677
140,1102,1013,V277,3.616251246210677
140,1102,1013,V395,3.616251246210677
140,1102,1013,V643,3.616251246210677
140,1102,1013,V645,3.616251246210677
140,1102,882,V651,7.314751476768936
140,1102,882,V652,7.314751476768936
140,1102,882,V653,7.314751476768936
140,1091,917,V102,4.837115435970083
144,885,882,V77,2.852794790784161
144,885,882,V96,2.852794790784161
144,885,882,V102,2.852794790784161
144,885,882,V121,2.852794790784161
144,1013,882,V79,3.839767699909249
144,1013,882,V180,3.839767699909249
144,1013,882,V181,3.839767699909249
144,708,834,V51,4.389831624444016
144,708,834,V55,4.389831624444016
144,708,834,V62,4.389831624444016
144,708,834,V64,4.389831624444016
144,708,834,V71,4.389831624444016
144,1229,1276,V57,3.959637309104105
144,1229,1276,V111,3.959637309104105
148,965,882,V62,3.616965677313317
148,965,882,V78,3.616965677313317
148,965,882,V101,3.616965677313317
148,965,882,V102,3.616965677313317
148,965,882,V605,3.616965677313317
148,708,834,V84,4.389831624444016
148,708,834,V118,4.389831624444016
148,708,834,V178,4.389831624444016
148,659,834,V93,5.284552964469467
148,931,885,V55,3.0617002345235647
148,931,885,V63,3.0617002345235647
152,965,882,V47,3.616965677313317
152,965,882,V101,3.616965677313317
152,917,834,V63,3.617203703030827
152,708,834,V111,4.389831624444016
152,931,885,V66,3.0617002345235647
156,1091,965,V129,4.388654712140797
156,1091,965,V583,4.388654712140797
156,1091,965,V584,4.388654712140797
156,1091,965,V585,4.388654712140797
156,1091,965,V586,4.388654712140797
156,1091,965,V587,4.388654712140797
156,1091,965,V588,4.388654712140797
156,1091,965,V589,4.388654712140797
156,1091,965,V590,4.388654712140797
156,1091,834,V591,6.739095652327052
156,1091,834,V592,6.739095652327052
156,1091,834,V593,6.739095652327052
156,1091,834,V594,6.739095652327052
156,1091,834,V595,6.739095652327052
156,1091,834,V596,6.739095652327052
156,1091,834,V597,6.739095652327052
156,931,882,V109,5.812636165404913
156,931,882,V118,5.812636165404913
156,931,882,V123,5.812636165404913
156,931,882,V178,5.812636165404913
156,931,882,V182,5.812636165404913
156,535,708,V101,4.548441137468074
156,535,708,V110,4.548441137468074
156,535,708,V113,4.548441137468074
156,535,708,V115,4.548441137468074
156,783,659,V44,5.809594285895007
156,783,659,V46,5.809594285895007
156,783,659,V48,5.809594285895007
156,783,659,V51,5.809594285895007
156,1091,917,V598,4.837115435970083
156,1091,917,V599,4.837115435970083
156,1091,917,V600,4.837115435970083
156,931,885,V604,3.0617002345235647
156,931,885,V655,3.0617002345235647
156,1102,885,V47,5.875878565174106
156,1102,1013,V72,3.616251246210677
160,1091,965,V861,4.388654712140797
160,1091,965,V913,4.388654712140797
160,1091,965,V914,4.388654712140797
160,1091,965,V940,4.388654712140797
160,1091,965,V942,4.388654712140797
160,1091,965,V944,4.388654712140797
160,1091,965,V946,4.388654712140797
160,1091,965,V947,4.388654712140797
160,1091,965,V956,4.388654712140797
160,708,834,V181,4.389831624444016
160,1091,834,V1002,6.739095652327052
160,1091,834,V1081,6.739095652327052
160,1091,834,V1086,6.739095652327052
160,1091,834,V1118,6.739095652327052
160,783,834,V41,7.689481736045675
160,783,659,V43,5.809594285895007
160,783,659,V44,5.809594285895007
160,783,659,V46,5.809594285895007
160,783,659,V47,5.809594285895007
160,783,659,V48,5.809594285895007
160,783,659,V51,5.809594285895007
160,849,931,V488,4.4061387562478425
160,849,931,V581,4.4061387562478425
160,849,931,V738,4.4061387562478425
160,849,931,V739,4.4061387562478425
160,849,931,V740,4.4061387562478425
160,1102,882,V81,7.314751476768936
160,1102,882,V98,7.314751476768936
160,1102,882,V114,7.314751476768936
160,1102,882,V119,7.314751476768936
160,1229,1276,V79,3.959637309104105
160,1229,1276,V182,3.959637309104105
160,1229,1276,V725,3.959637309104105
160,783,917,V55,5.8083597500151045
160,783,917,V56,5.8083597500151045
164,885,882,V42,2.852794790784161
164,885,882,V57,2.852794790784161
164,965,882,V62,3.616965677313317
164,965,882,V119,3.616965677313317
164,1102,882,V277,7.314751476768936
164,1102,882,V481,7.314751476768936
164,1102,882,V657,7.314751476768936
164,1102,882,V658,7.314751476768936
164,1102,882,V659,7.314751476768936
164,1102,882,V660,7.314751476768936
164,1102,882,V661,7.314751476768936
164,1102,882,V662,7.314751476768936
164,1102,882,V663,7.314751476768936
164,783,659,V41,5.809594285895007
164,783,659,V44,5.809594285895007
164,783,659,V45,5.809594285895007
164,783,659,V46,5.809594285895007
164,783,659,V47,5.809594285895007
164,783,917,V48,5.8083597500151045
164,783,917,V50,5.8083597500151045
164,783,917,V51,5.8083597500151045
164,783,917,V64,5.8083597500151045
164,783,834,V66,7.689481736045675
164,783,834,V67,7.689481736045675
164,783,834,V68,7.689481736045675
164,1182,1091,V84,5.24631154396119
164,1182,1091,V107,5.24631154396119
164,849,931,V744,4.4061387562478425
164,849,931,V745,4.4061387562478425
168,359,535,V54,5.855067293961566
168,359,535,V61,5.855067293961566
168,359,535,V71,5.855067293961566
168,359,535,V82,5.855067293961566
168,359,535,V141,5.855067293961566
168,882,885,V69,2.852794790784161
168,882,885,V182,2.852794790784161
168,882,885,V277,2.852794790784161
168,882,885,V725,2.852794790784161
168,965,834,V42,3.83986736177262
168,965,834,V62,3.83986736177262
168,882,834,V746,4.883195120135012
168,783,834,V44,7.689481736045675
168,1102,1013,V669,3.616251246210677
168,1102,1013,V670,3.616251246210677
168,1102,1013,V671,3.616251246210677
168,1229,1276,V57,3.959637309104105
168,1229,1276,V116,3.959637309104105
168,783,917,V45,5.8083597500151045
168,783,917,V46,5.8083597500151045
168,783,659,V47,5.809594285895007
168,783,659,V48,5.809594285895007
168,1182,1091,V130,5.24631154396119
168,672,708,V279,6.751878981086827
172,885,708,V63,6.511469320496247
172,885,708,V725,6.511469320496247
172,965,708,V41,6.739138237495128
172,672,708,V377,6.751878981086827
172,672,708,V406,6.751878981086827
172,672,708,V506,6.751878981086827
172,672,708,V510,6.751878981086827
172,672,708,V652,6.751878981086827
172,672,708,V660,6.751878981086827
172,1102,1013,V56,3.616251246210677
172,1102,1013,V184,3.616251246210677
172,1102,1013,V279,3.616251246210677
172,1102,1013,V671,3.616251246210677
172,1102,1013,V674,3.616251246210677
172,1182,1091,V72,5.24631154396119
172,1182,1091,V529,5.24631154396119
172,1182,1091,V559,5.24631154396119
172,1182,1091,V566,5.24631154396119
172,783,834,V44,7.689481736045675
172,783,834,V45,7.689481736045675
172,783,834,V47,7.689481736045675
172,783,834,V48,7.689481736045675
172,1229,1276,V865,3.959637309104105
172,1229,1276,V920,3.959637309104105
172,1229,1276,V1177,3.959637309104105
172,849,931,V749,4.4061387562478425
172,849,931,V750,4.4061387562478425
172,849,931,V751,4.4061387562478425
172,783,659,V49,5.809594285895007
172,783,659,V54,5.809594285895007
172,359,535,V233,5.855067293961566
176,931,885,V55,3.0617002345235647
176,931,885,V76,3.0617002345235647
176,931,885,V233,3.0617002345235647
176,1102,885,V180,5.875878565174106
176,1102,885,V677,5.875878565174106
176,659,535,V51,5.810827883107414
176,659,535,V63,5.810827883107414
176,834,917,V47,3.617203703030827
176,834,917,V67,3.617203703030827
176,1102,1013,V678,3.616251246210677
176,1102,1013,V679,3.616251246210677
180,535,708,V71,4.548441137468074
180,659,708,V49,5.815596432206299
180,659,708,V61,5.815596432206299
180,659,708,V74,5.815596432206299
180,659,708,V312,5.815596432206299
180,672,708,V45,6.751878981086827
180,672,708,V150,6.751878981086827
180,672,708,V731,6.751878981086827
180,672,708,V952,6.751878981086827
180,1013,882,V55,3.839767699909249
180,1013,882,V80,3.839767699909249
180,1013,882,V87,3.839767699909249
180,1013,882,V88,3.839767699909249
180,931,882,V75,5.812636165404913
180,931,885,V77,3.0617002345235647
180,931,885,V180,3.0617002345235647
180,931,885,V233,3.0617002345235647
184,834,708,V42,4.389831624444016
184,834,708,V61,4.389831624444016
184,834,708,V71,4.389831624444016
184,834,708,V74,4.389831624444016
184,535,708,V48,4.548441137468074
184,882,708,V80,4.837510953567602
184,672,708,V751,6.751878981086827
184,1091,965,V44,4.388654712140797
184,1091,965,V53,4.388654712140797
184,1091,965,V672,4.388654712140797
184,917,965,V150,4.882215518422521
184,1182,965,V79,5.875748248781206
184,1102,1013,V87,3.616251246210677
184,1102,1013,V847,3.616251246210677
184,1102,1013,V848,3.616251246210677
184,1102,1013,V850,3.616251246210677
184,783,659,V41,5.809594285895007
184,783,659,V47,5.809594285895007
184,783,659,V51,5.809594285895007
184,849,931,V72,4.4061387562478425
188,882,965,V55,3.616965677313317
188,834,965,V47,3.83986736177262
196,965,882,V47,3.616965677313317
196,965,882,V97,3.616965677313317
196,917,834,V677,3.617203703030827
200,965,882,V47,3.616965677313317
204,931,885,V55,3.0617002345235647
204,931,885,V559,3.0617002345235647
204,931,885,V731,3.0617002345235647
204,1013,885,V61,3.46869779664105
204,783,659,V44,5.809594285895007
204,783,659,V45,5.809594285895007
204,708,882,V67,4.837510953567602
204,708,834,V71,4.389831624444016
204,1091,965,V42,4.388654712140797
208,1013,885,V60,3.46869779664105
208,1013,885,V94,3.46869779664105
208,1013,885,V869,3.46869779664105
208,1102,885,V183,5.875878565174106
208,1102,885,V312,5.875878565174106
208,1102,885,V850,5.875878565174106
208,708,882,V61,4.837510953567602
208,708,882,V71,4.837510953567602
208,1102,882,V854,7.314751476768936
208,1102,882,V855,7.314751476768936
208,1102,882,V856,7.314751476768936
208,1102,882,V857,7.314751476768936
208,849,931,V41,4.4061387562478425
208,849,931,V51,4.4061387562478425
208,849,931,V728,4.4061387562478425
208,849,931,V749,4.4061387562478425
208,849,931,V754,4.4061387562478425
208,849,931,V755,4.4061387562478425
208,1091,834,V70,6.739095652327052
208,1091,834,V748,6.739095652327052
208,783,834,V42,7.689481736045675
208,783,834,V43,7.689481736045675
208,783,834,V44,7.689481736045675
208,783,834,V45,7.689481736045675
208,1182,965,V646,5.875748248781206
208,1182,965,V678,5.875748248781206
208,1182,965,V761,5.875748248781206
208,1182,965,V763,5.875748248781206
208,359,535,V46,5.855067293961566
208,359,535,V77,5.855067293961566
208,359,535,V96,5.855067293961566
208,783,659,V48,5.809594285895007
208,783,659,V49,5.809594285895007
208,783,917,V50,5.8083597500151045
212,882,885,V94,2.852794790784161
212,882,885,V312,2.852794790784161
212,882,885,V755,2.852794790784161
212,1102,885,V887,5.875878565174106
212,783,834,V41,7.689481736045675
212,783,834,V42,7.689481736045675
212,783,834,V43,7.689481736045675
212,359,535,V61,5.855067293961566
212,359,535,V77,5.855067293961566
212,359,535,V408,5.855067293961566
212,1182,965,V71,5.875748248781206
212,1182,965,V843,5.875748248781206
212,783,659,V44,5.809594285895007
212,672,708,V60,6.751878981086827
216,882,885,V60,2.852794790784161
216,882,885,V61,2.852794790784161
216,1102,885,V45,5.875878565174106
216,672,885,V101,5.876204136119103
216,672,885,V183,5.876204136119103
216,672,885,V751,5.876204136119103
216,834,708,V48,4.389831624444016
216,834,708,V77,4.389831624444016
216,834,708,V409,4.389831624444016
216,672,708,V847,6.751878981086827
216,672,708,V1008,6.751878981086827
216,1182,965,V845,5.875748248781206
216,1182,965,V863,5.875748248781206
216,1182,965,V866,5.875748248781206
216,1182,965,V933,5.875748248781206
216,1182,965,V941,5.875748248781206
216,783,659,V41,5.809594285895007
216,783,659,V42,5.809594285895007
216,783,659,V44,5.809594285895007
216,783,659,V51,5.809594285895007
216,783,917,V55,5.8083597500151045
216,783,917,V56,5.8083597500151045
216,1182,1013,V1003,5.283249325636405
216,1182,1091,V1117,5.24631154396119
216,849,931,V759,4.4061387562478425
216,359,535,V46,5.855067293961566
220,783,659,V41,5.809594285895007
220,783,659,V42,5.809594285895007
220,783,659,V44,5.809594285895007
220,783,659,V46,5.809594285895007
220,783,659,V47,5.809594285895007
220,783,659,V48,5.809594285895007
220,783,659,V55,5.809594285895007
220,882,708,V45,4.837510953567602
220,882,708,V60,4.837510953567602
220,672,708,V1010,6.751878981086827
220,672,708,V1011,6.751878981086827
220,672,708,V1012,6.751878981086827
220,359,535,V62,5.855067293961566
220,359,535,V410,5.855067293961566
220,359,535,V411,5.855067293961566
220,359,535,V412,5.855067293961566
220,359,535,V413,5.855067293961566
220,1013,931,V43,4.405443882921528
220,1013,931,V90,4.405443882921528
220,1013,931,V101,4.405443882921528
220,849,931,V50,4.4061387562478425
220,849,931,V188,4.4061387562478425
220,1182,1091,V277,5.24631154396119
220,1182,1091,V941,5.24631154396119
220,1435,1091,V86,8.895594131564904
220,783,834,V56,7.689481736045675
220,1106,1102,V49,3.80171314717607
224,885,931,V56,3.0617002345235647
224,885,931,V59,3.0617002345235647
224,885,931,V188,3.0617002345235647
224,1013,1102,V43,3.616251246210677
224,1013,1102,V45,3.616251246210677
224,834,708,V41,4.389831624444016
224,834,708,V46,4.389831624444016
224,882,965,V60,3.616965677313317
224,882,965,V62,3.616965677313317
228,882,965,V43,3.616965677313317
228,882,965,V73,3.616965677313317
228,882,965,V88,3.616965677313317
228,834,708,V41,4.389831624444016
228,834,708,V46,4.389831624444016
232,882,834,V41,4.883195120135012
232,882,834,V43,4.883195120135012
232,882,834,V52,4.883195120135012
232,882,834,V59,4.883195120135012
232,882,834,V64,4.883195120135012
232,882,834,V87,4.883195120135012
232,882,965,V88,3.616965677313317
232,882,965,V412,3.616965677313317
232,882,965,V871,3.616965677313317
232,882,965,V1012,3.616965677313317
232,783,659,V46,5.809594285895007
232,783,659,V115,5.809594285895007
232,783,659,V116,5.809594285895007
232,885,931,V85,3.0617002345235647
232,535,708,V60,4.548441137468074
232,1106,1102,V610,3.80171314717607
236,834,708,V88,4.389831624444016
236,834,708,V191,4.389831624444016
236,535,708,V45,4.548441137468074
236,783,659,V41,5.809594285895007
236,783,659,V60,5.809594285895007
236,1091,917,V61,4.837115435970083
240,834,965,V41,3.83986736177262
240,1091,965,V62,4.388654712140797
244,965,834,V42,3.83986736177262
248,1229,1182,V49,3.960024365898536
248,783,659,V46,5.809594285895007
252,917,834,V42,3.617203703030827
252,965,834,V141,3.83986736177262
252,965,834,V146,3.83986736177262
252,708,834,V59,4.389831624444016
252,708,834,V69,4.389831624444016
252,1091,834,V67,6.739095652327052
252,1091,834,V71,6.739095652327052
252,1091,834,V107,6.739095652327052
252,885,882,V88,2.852794790784161
252,885,882,V118,2.852794790784161
252,1229,1182,V92,3.960024365898536
252,783,659,V45,5.809594285895007
256,1091,834,V114,6.739095652327052
256,1091,834,V129,6.739095652327052
256,1091,834,V138,6.739095652327052
256,1091,834,V191,6.739095652327052
256,783,834,V41,7.689481736045675
256,783,834,V45,7.689481736045675
256,783,834,V46,7.689481736045675
256,783,659,V48,5.809594285895007
256,783,659,V54,5.809594285895007
256,783,659,V56,5.809594285895007
256,783,659,V57,5.809594285895007
256,783,659,V58,5.809594285895007
256,783,659,V59,5.809594285895007
256,1013,882,V70,3.839767699909249
256,1013,882,V140,3.839767699909249
256,672,882,V62,7.316385892068044
256,672,882,V121,7.316385892068044
256,1229,965,V107,8.77672016628073
256,1229,965,V1003,8.77672016628073
256,1229,1182,V1178,3.960024365898536
256,849,931,V61,4.4061387562478425
260,882,965,V189,3.616965677313317
260,1102,965,V872,8.304116264398273
260,1229,965,V611,8.77672016628073
260,1229,965,V1186,8.77672016628073
260,1229,965,V1187,8.77672016628073
260,1229,965,V1188,8.77672016628073
260,1229,965,V1189,8.77672016628073
260,1229,965,V1190,8.77672016628073
260,1229,965,V1191,8.77672016628073
260,672,885,V131,5.876204136119103
260,672,885,V1020,5.876204136119103
260,672,885,V1021,5.876204136119103
260,672,885,V1022,5.876204136119103
260,672,885,V1023,5.876204136119103
260,672,885,V1024,5.876204136119103
260,672,885,V1025,5.876204136119103
260,783,834,V41,7.689481736045675
260,783,834,V44,7.689481736045675
260,783,834,V45,7.689481736045675
260,783,834,V46,7.689481736045675
260,783,834,V47,7.689481736045675
260,783,917,V54,5.8083597500151045
260,783,917,V62,5.8083597500151045
260,783,917,V73,5.8083597500151045
260,783,659,V77,5.809594285895007
260,783,659,V106,5.809594285895007
260,783,659,V107,5.809594285895007
260,1435,1091,V97,8.895594131564904
260,1435,1091,V123,8.895594131564904
260,1435,1091,V279,8.895594131564904
260,1229,1182,V1192,3.960024365898536
260,1229,1182,V1193,3.960024365898536
260,1229,1013,V1194,5.640389822593795
264,885,834,V62,7.688685710981335
264,783,834,V41,7.689481736045675
264,783,834,V44,7.689481736045675
264,783,834,V45,7.689481736045675
264,783,834,V46,7.689481736045675
264,783,834,V48,7.689481736045675
264,783,834,V52,7.689481736045675
264,783,834,V54,7.689481736045675
264,783,834,V85,7.689481736045675
264,783,834,V97,7.689481736045675
264,783,834,V123,7.689481736045675
264,783,834,V127,7.689481736045675
264,783,834,V152,7.689481736045675
264,783,834,V156,7.689481736045675
264,783,834,V157,7.689481736045675
264,1182,1091,V113,5.24631154396119
264,1182,1091,V114,5.24631154396119
264,1182,1091,V115,5.24631154396119
264,1182,1091,V118,5.24631154396119
264,1182,1091,V119,5.24631154396119
264,1182,1091,V121,5.24631154396119
264,535,708,V43,4.548441137468074
264,535,708,V73,4.548441137468074
264,535,708,V132,4.548441137468074
264,535,708,V135,4.548441137468074
264,1102,1013,V93,3.616251246210677
264,1102,1013,V154,3.616251246210677
264,1102,1013,V612,3.616251246210677
264,783,659,V158,5.809594285895007
268,708,834,V82,4.389831624444016
268,708,834,V110,4.389831624444016
268,708,834,V113,4.389831624444016
268,708,834,V127,4.389831624444016
268,708,834,V170,4.389831624444016
268,882,834,V48,4.883195120135012
268,882,834,V53,4.883195120135012
268,882,834,V74,4.883195120135012
268,882,834,V80,4.883195120135012
268,882,834,V93,4.883195120135012
268,1182,965,V115,5.875748248781206
268,1182,965,V118,5.875748248781206
268,1182,965,V119,5.875748248781206
268,1182,965,V133,5.875748248781206
268,1182,965,V138,5.875748248781206
268,1182,965,V140,5.875748248781206
268,783,917,V42,5.8083597500151045
268,783,917,V56,5.8083597500151045
268,885,1013,V41,3.46869779664105
268,885,1013,V43,3.46869779664105
268,1182,1091,V141,5.24631154396119
272,885,834,V50,7.688685710981335
272,885,834,V77,7.688685710981335
272,885,834,V85,7.688685710981335
272,885,834,V97,7.688685710981335
272,885,834,V123,7.688685710981335
272,885,834,V129,7.688685710981335
272,885,834,V152,7.688685710981335
272,885,834,V156,7.688685710981335
272,885,834,V157,7.688685710981335
272,885,834,V163,7.688685710981335
272,885,834,V166,7.688685710981335
272,885,834,V171,7.688685710981335
272,885,834,V612,7.688685710981335
272,885,834,V878,7.688685710981335
272,1013,965,V43,4.881725510082577
272,1182,965,V41,5.875748248781206
272,1182,965,V115,5.875748248781206
272,1182,965,V141,5.875748248781206
272,1182,965,V143,5.875748248781206
272,1182,965,V144,5.875748248781206
272,1182,965,V145,5.875748248781206
272,535,708,V48,4.548441137468074
272,535,708,V106,4.548441137468074
272,535,708,V137,4.548441137468074
272,535,708,V148,4.548441137468074
272,535,708,V158,4.548441137468074
272,535,708,V173,4.548441137468074
272,535,708,V176,4.548441137468074
272,885,882,V1027,2.852794790784161
276,885,882,V44,2.852794790784161
276,885,882,V53,2.852794790784161
276,885,882,V77,2.852794790784161
276,885,882,V105,2.852794790784161
276,885,882,V146,2.852794790784161
276,885,882,V182,2.852794790784161
276,834,965,V48,3.83986736177262
276,834,965,V50,3.83986736177262
276,834,965,V102,3.83986736177262
276,834,965,V116,3.83986736177262
276,1102,1229,V139,3.8392690799482057
276,1102,1229,V165,3.8392690799482057
276,1102,1229,V186,3.8392690799482057
276,1102,1013,V614,3.616251246210677
276,1102,1013,V615,3.616251246210677
276,1102,1106,V616,3.80171314717607
276,1102,1106,V617,3.80171314717607
276,1091,917,V45,4.837115435970083
276,783,917,V41,5.8083597500151045
280,535,708,V74,4.548441137468074
280,535,708,V127,4.548441137468074
280,535,708,V129,4.548441137468074
280,535,708,V131,4.548441137468074
280,965,1091,V53,4.388654712140797
280,1182,1091,V97,5.24631154396119
280,1182,1091,V110,5.24631154396119
280,783,917,V41,5.8083597500151045
284,1182,1091,V54,5.24631154396119
284,1182,1091,V60,5.24631154396119
284,834,917,V137,3.617203703030827
288,1102,1106,V41,3.80171314717607
292,965,834,V59,3.83986736177262
300,1091,965,V147,4.388654712140797
300,1091,965,V175,4.388654712140797
300,1091,965,V176,4.388654712140797
300,1091,965,V190,4.388654712140797
300,1091,965,V191,4.388654712140797
300,783,834,V41,7.689481736045675
300,783,834,V42,7.689481736045675
300,783,834,V44,7.689481736045675
300,783,917,V45,5.8083597500151045
300,783,917,V47,5.8083597500151045
300,931,885,V50,3.0617002345235647
300,931,885,V65,3.0617002345235647
300,1013,882,V43,3.839767699909249
300,1013,882,V118,3.839767699909249
300,1102,1106,V64,3.80171314717607
300,931,849,V85,4.4061387562478425
304,1091,834,V87,6.739095652327052
304,1091,834,V88,6.739095652327052
304,1091,834,V92,6.739095652327052
304,1091,834,V95,6.739095652327052
304,783,834,V41,7.689481736045675
304,783,834,V42,7.689481736045675
304,783,834,V43,7.689481736045675
304,783,834,V44,7.689481736045675
304,783,834,V45,7.689481736045675
304,783,834,V47,7.689481736045675
304,783,834,V50,7.689481736045675
304,359,535,V52,5.855067293961566
304,359,535,V130,5.855067293961566
304,359,535,V140,5.855067293961566
304,359,535,V151,5.855067293961566
304,359,535,V180,5.855067293961566
304,359,535,V181,5.855067293961566
304,359,535,V415,5.855067293961566
304,359,535,V416,5.855067293961566
304,1102,1229,V64,3.8392690799482057
304,1102,1229,V153,3.8392690799482057
304,1102,1229,V189,3.8392690799482057
304,1102,1229,V617,3.8392690799482057
304,1102,1229,V879,3.8392690799482057
304,1102,1229,V880,3.8392690799482057
304,1102,1229,V957,3.8392690799482057
304,1013,965,V186,4.881725510082577
304,1182,965,V76,5.875748248781206
304,1182,965,V77,5.875748248781206
304,1182,965,V81,5.875748248781206
304,1182,965,V106,5.875748248781206
304,1182,965,V137,5.875748248781206
304,1102,1106,V1059,3.80171314717607
304,1102,1106,V1198,3.80171314717607
304,1276,1106,V46,4.836798739645476
304,931,885,V174,3.0617002345235647
304,931,885,V178,3.0617002345235647
304,931,885,V609,3.0617002345235647
304,783,659,V56,5.809594285895007
304,783,659,V57,5.809594285895007
304,783,659,V62,5.809594285895007
304,783,917,V63,5.8083597500151045
304,783,917,V65,5.8083597500151045
304,672,708,V119,6.751878981086827
304,672,708,V128,6.751878981086827
304,931,849,V614,4.4061387562478425
304,931,849,V1053,4.4061387562478425
308,1276,1229,V55,3.959637309104105
308,1276,1229,V69,3.959637309104105
308,1276,1229,V84,3.959637309104105
308,1276,1229,V101,3.959637309104105
308,1276,1229,V111,3.959637309104105
308,672,885,V168,5.876204136119103
308,672,885,V1030,5.876204136119103
308,672,885,V1031,5.876204136119103
308,672,885,V1032,5.876204136119103
308,1091,917,V44,4.837115435970083
308,965,917,V41,4.882215518422521
308,783,659,V42,5.809594285895007
308,783,659,V43,5.809594285895007
308,965,1013,V49,4.881725510082577
308,965,1013,V158,4.881725510082577
308,672,882,V1033,7.316385892068044
308,672,882,V1034,7.316385892068044
308,672,708,V1035,6.751878981086827
308,672,708,V1036,6.751878981086827
308,855,849,V154,5.706192977162224
308,783,834,V45,7.689481736045675
312,1102,1013,V62,3.616251246210677
312,931,1013,V52,4.405443882921528
312,1182,1013,V44,5.283249325636405
312,1182,1013,V66,5.283249325636405
312,1182,1013,V67,5.283249325636405
312,1182,1013,V68,5.283249325636405
312,1182,1013,V73,5.283249325636405
312,1182,1013,V74,5.283249325636405
312,917,834,V50,3.617203703030827
312,917,834,V51,3.617203703030827
312,917,834,V53,3.617203703030827
312,659,834,V56,5.284552964469467
312,659,834,V70,5.284552964469467
312,659,834,V159,5.284552964469467
312,659,834,V1033,5.284552964469467
312,359,535,V418,5.855067293961566
312,359,535,V419,5.855067293961566
312,359,535,V420,5.855067293961566
312,359,535,V421,5.855067293961566
312,359,535,V422,5.855067293961566
312,672,885,V178,5.876204136119103
312,672,885,V1038,5.876204136119103
312,672,885,V1039,5.876204136119103
312,672,885,V1040,5.876204136119103
312,672,708,V1168,6.751878981086827
312,672,708,V1193,6.751878981086827
312,359,708,V423,10.088438580081291
312,1182,882,V78,7.841474878454721
312,1182,882,V79,7.841474878454721
312,1182,1091,V80,5.24631154396119
312,1182,1091,V82,5.24631154396119
312,1276,1229,V123,3.959637309104105
312,1276,1229,V127,3.959637309104105
312,855,849,V183,5.706192977162224
312,1182,965,V83,5.875748248781206
316,931,885,V54,3.0617002345235647
316,1102,885,V47,5.875878565174106
316,1102,885,V65,5.875878565174106
316,1102,885,V68,5.875878565174106
316,1102,885,V71,5.875878565174106
316,1102,885,V73,5.875878565174106
316,1102,885,V127,5.875878565174106
316,965,885,V44,6.123119155303686
316,965,885,V52,6.123119155303686
316,659,708,V69,5.815596432206299
316,659,708,V166,5.815596432206299
316,659,708,V168,5.815596432206299
316,965,708,V59,6.739138237495128
316,965,708,V70,6.739138237495128
316,965,708,V87,6.739138237495128
316,965,708,V115,6.739138237495128
316,359,708,V43,10.088438580081291
316,1182,882,V58,7.841474878454721
316,1182,882,V102,7.841474878454721
316,1182,882,V105,7.841474878454721
316,1182,882,V106,7.841474878454721
316,1182,882,V107,7.841474878454721
316,359,535,V424,5.855067293961566
316,359,535,V425,5.855067293961566
316,359,535,V426,5.855067293961566
316,1276,1106,V46,4.836798739645476
316,1276,1106,V83,4.836798739645476
316,1276,1106,V135,4.836798739645476
316,783,834,V41,7.689481736045675
316,783,834,V42,7.689481736045675
316,783,834,V45,7.689481736045675
316,1276,1229,V139,3.959637309104105
316,1276,1229,V141,3.959637309104105
316,1182,1013,V110,5.283249325636405
316,508,672,V90,8.81713559460697
316,783,917,V50,5.8083597500151045
320,885,882,V41,2.852794790784161
320,885,882,V42,2.852794790784161
320,885,882,V44,2.852794790784161
320,885,882,V58,2.852794790784161
320,885,882,V65,2.852794790784161
320,885,882,V92,2.852794790784161
320,708,882,V52,4.837510953567602
320,1091,917,V61,4.837115435970083
320,1091,917,V87,4.837115435970083
320,783,917,V46,5.8083597500151045
320,783,917,V48,5.8083597500151045
320,783,659,V49,5.809594285895007
320,783,659,V64,5.809594285895007
320,783,659,V68,5.809594285895007
320,783,659,V71,5.809594285895007
320,708,535,V70,4.548441137468074
320,708,672,V115,6.751878981086827
320,1182,965,V50,5.875748248781206
320,783,834,V72,7.689481736045675
320,1276,1106,V79,4.836798739645476
324,1102,885,V107,5.875878565174106
324,1102,885,V135,5.875878565174106
324,708,885,V42,6.511469320496247
324,708,885,V51,6.511469320496247
324,708,885,V62,6.511469320496247
324,708,885,V70,6.511469320496247
324,1106,931,V79,5.283575443416337
324,1229,931,V57,8.28950012214804
324,1229,931,V80,8.28950012214804
324,708,882,V81,4.837510953567602
324,708,882,V84,4.837510953567602
324,708,882,V96,4.837510953567602
324,1182,1013,V46,5.283249325636405
324,535,672,V41,8.311483007291683
324,1229,1276,V117,3.959637309104105
328,1229,1276,V62,3.959637309104105
328,1229,1276,V132,3.959637309104105
328,1229,1276,V424,3.959637309104105
328,1229,1276,V1022,3.959637309104105
328,965,882,V41,3.616965677313317
328,708,882,V151,4.837510953567602
328,931,849,V43,4.4061387562478425
332,885,1013,V48,3.46869779664105
332,885,1013,V71,3.46869779664105
332,1102,1013,V47,3.616251246210677
332,1102,1013,V76,3.616251246210677
332,965,882,V75,3.616965677313317
332,834,882,V41,4.883195120135012
336,965,882,V59,3.616965677313317
336,834,659,V51,5.284552964469467
340,965,882,V90,3.616965677313317
340,965,882,V106,3.616965677313317
340,965,882,V180,3.616965677313317
340,834,882,V135,4.883195120135012
340,834,708,V139,4.389831624444016
344,965,882,V90,3.616965677313317
344,965,882,V132,3.616965677313317
344,834,882,V148,4.883195120135012
344,1229,1276,V42,3.959637309104105
344,1229,1276,V49,3.959637309104105
344,535,708,V44,4.548441137468074
348,1229,1276,V123,3.959637309104105
348,1229,1276,V129,3.959637309104105
348,1229,1276,V151,3.959637309104105
348,1229,1276,V176,3.959637309104105
348,1106,1276,V66,4.836798739645476
348,931,882,V59,5.812636165404913
348,931,882,V132,5.812636165404913
348,931,882,V148,5.812636165404913
348,1102,882,V64,7.314751476768936
348,535,708,V144,4.548441137468074
348,535,708,V153,4.548441137468074
348,535,708,V163,4.548441137468074
348,535,708,V165,4.548441137468074
348,783,659,V46,5.809594285895007
348,783,659,V48,5.809594285895007
348,783,659,V50,5.809594285895007
348,783,659,V51,5.809594285895007
348,917,965,V127,4.882215518422521
348,1182,965,V1023,5.875748248781206
348,783,834,V52,7.689481736045675
348,783,834,V55,7.689481736045675
348,1102,885,V71,5.875878565174106
348,1102,885,V80,5.875878565174106
348,1102,1013,V82,3.616251246210677
352,1102,931,V117,4.548251915941359
352,1102,931,V128,4.548251915941359
352,1102,931,V140,4.548251915941359
352,1102,931,V166,4.548251915941359
352,1102,931,V172,4.548251915941359
352,1102,931,V174,4.548251915941359
352,1102,931,V180,4.548251915941359
352,1106,931,V45,5.283575443416337
352,1106,1276,V137,4.836798739645476
352,1106,1276,V159,4.836798739645476
352,1106,1276,V160,4.836798739645476
352,1106,1276,V167,4.836798739645476
352,1398,1276,V84,7.438993890374081
352,1398,1276,V102,7.438993890374081
352,1398,1276,V111,7.438993890374081
352,783,965,V41,10.498093903671007
352,783,965,V42,10.498093903671007
352,783,965,V46,10.498093903671007
352,783,965,V47,10.498093903671007
352,783,965,V49,10.498093903671007
352,783,965,V50,10.498093903671007
352,783,965,V51,10.498093903671007
352,1398,1229,V173,5.282433425576492
352,1398,1229,V620,5.282433425576492
352,1398,1229,V621,5.282433425576492
352,1398,1229,V622,5.282433425576492
352,1398,1229,V623,5.282433425576492
352,1398,1229,V624,5.282433425576492
352,783,659,V52,5.809594285895007
352,783,659,V53,5.809594285895007
352,783,659,V54,5.809594285895007
352,783,659,V55,5.809594285895007
352,783,659,V56,5.809594285895007
352,1435,1091,V149,8.895594131564904
352,1435,1091,V150,8.895594131564904
352,1435,1091,V152,8.895594131564904
352,1435,1091,V156,8.895594131564904
352,1435,1091,V157,8.895594131564904
352,672,708,V114,6.751878981086827
352,672,708,V133,6.751878981086827
352,672,708,V146,6.751878981086827
352,672,708,V147,6.751878981086827
352,783,834,V58,7.689481736045675
352,783,834,V61,7.689481736045675
352,783,834,V63,7.689481736045675
352,783,834,V65,7.689481736045675
352,359,535,V44,5.855067293961566
352,359,535,V88,5.855067293961566
352,359,535,V106,5.855067293961566
352,672,1013,V184,9.341935125969725
352,672,1013,V185,9.341935125969725
352,855,849,V60,5.706192977162224
352,855,849,V67,5.706192977162224
352,672,882,V613,7.316385892068044
356,1229,931,V81,8.28950012214804
356,1229,931,V176,8.28950012214804
356,1068,931,V111,8.304853837171269
356,1068,931,V130,8.304853837171269
356,1068,931,V131,8.304853837171269
356,1068,931,V171,8.304853837171269
356,1068,931,V502,8.304853837171269
356,834,965,V57,3.83986736177262
356,834,965,V69,3.83986736177262
356,834,965,V80,3.83986736177262
356,834,965,V83,3.83986736177262
356,783,965,V41,10.498093903671007
356,783,965,V42,10.498093903671007
356,783,965,V43,10.498093903671007
356,359,708,V71,10.088438580081291
356,359,708,V119,10.088438580081291
356,359,708,V154,10.088438580081291
356,359,708,V158,10.088438580081291
356,359,708,V428,10.088438580081291
356,1398,1013,V629,10.186376382121452
356,1398,1013,V630,10.186376382121452
356,1398,1013,V631,10.186376382121452
356,1398,1013,V632,10.186376382121452
356,1068,885,V666,11.364565785437158
356,1068,885,V673,11.364565785437158
356,1068,885,V727,11.364565785437158
356,1068,885,V732,11.364565785437158
356,359,535,V429,5.855067293961566
356,359,535,V430,5.855067293961566
356,359,535,V431,5.855067293961566
356,359,535,V432,5.855067293961566
356,783,882,V44,12.561839638690564
356,783,882,V45,12.561839638690564
356,783,882,V46,12.561839638690564
356,783,882,V47,12.561839638690564
356,1398,1276,V633,7.438993890374081
356,1398,1276,V634,7.438993890374081
356,1398,1276,V635,7.438993890374081
356,1398,1276,V636,7.438993890374081
356,1435,1091,V447,8.895594131564904
356,1435,1091,V448,8.895594131564904
356,1435,1091,V449,8.895594131564904
356,783,659,V48,5.809594285895007
356,783,659,V49,5.809594285895007
356,783,659,V50,5.809594285895007
356,855,849,V145,5.706192977162224
356,855,849,V166,5.706192977162224
356,855,849,V172,5.706192977162224
360,882,965,V43,3.616965677313317
360,834,965,V44,3.83986736177262
360,834,965,V45,3.83986736177262
360,834,965,V47,3.83986736177262
360,834,965,V50,3.83986736177262
360,885,931,V111,3.0617002345235647
360,885,931,V430,3.0617002345235647
360,885,931,V620,3.0617002345235647
360,834,1091,V59,6.739095652327052
360,834,1091,V73,6.739095652327052
360,834,1091,V130,6.739095652327052
360,849,672,V192,6.511836392511076
360,1229,1182,V63,3.960024365898536
360,1229,1013,V81,5.640389822593795
364,708,535,V50,4.548441137468074
364,708,535,V70,4.548441137468074
364,708,535,V424,4.548441137468074
364,708,535,V434,4.548441137468074
364,708,535,V631,4.548441137468074
364,708,535,V632,4.548441137468074
364,708,535,V673,4.548441137468074
364,931,885,V83,3.0617002345235647
364,931,885,V111,3.0617002345235647
364,931,885,V130,3.0617002345235647
364,1102,885,V44,5.875878565174106
364,1229,1276,V41,3.959637309104105
364,1229,1276,V88,3.959637309104105
364,1229,1276,V620,3.959637309104105
364,1229,1182,V628,3.960024365898536
364,1229,1182,V634,3.960024365898536
364,1435,1091,V451,8.895594131564904
364,1435,1091,V452,8.895594131564904
364,1102,965,V69,8.304116264398273
364,659,965,V75,9.121352246650094
368,885,965,V44,6.123119155303686
368,885,965,V48,6.123119155303686
368,885,965,V50,6.123119155303686
368,885,965,V51,6.123119155303686
368,885,965,V75,6.123119155303686
368,885,965,V100,6.123119155303686
368,1102,882,V46,7.314751476768936
368,1229,882,V60,9.341474227178574
368,1229,1276,V96,3.959637309104105
368,1229,1013,V97,5.640389822593795
368,783,917,V43,5.8083597500151045
368,659,708,V79,5.815596432206299
368,1435,1091,V453,8.895594131564904
372,659,834,V44,5.284552964469467
372,659,834,V52,5.284552964469467
372,659,834,V53,5.284552964469467
372,659,834,V61,5.284552964469467
372,659,834,V82,5.284552964469467
372,659,834,V104,5.284552964469467
372,535,708,V68,4.548441137468074
372,535,708,V105,4.548441137468074
372,659,708,V171,5.815596432206299
372,659,708,V424,5.815596432206299
372,359,708,V430,10.088438580081291
372,359,708,V434,10.088438580081291
372,1398,1182,V65,5.640321895106829
372,1398,1182,V102,5.640321895106829
372,1398,1182,V630,5.640321895106829
372,1398,1182,V634,5.640321895106829
372,1398,1182,V638,5.640321895106829
372,1106,1276,V83,4.836798739645476
372,1106,1276,V94,4.836798739645476
372,1106,1276,V620,4.836798739645476
372,849,885,V63,6.749102957431653
372,1106,885,V627,7.965381677815221
372,1068,931,V80,8.304853837171269
372,1068,931,V86,8.304853837171269
372,1398,1013,V639,10.186376382121452
372,1398,1013,V640,10.186376382121452
372,783,917,V41,5.8083597500151045
372,508,672,V103,8.81713559460697
372,783,965,V42,10.498093903671007
376,659,834,V53,5.284552964469467
376,659,834,V68,5.284552964469467
376,659,834,V78,5.284552964469467
376,659,834,V89,5.284552964469467
376,1013,965,V72,4.881725510082577
376,1102,965,V49,8.304116264398273
376,1102,965,V98,8.304116264398273
376,1102,965,V434,8.304116264398273
376,1229,1182,V47,3.960024365898536
376,1229,1182,V56,3.960024365898536
376,1229,1182,V63,3.960024365898536
376,849,931,V57,4.4061387562478425
376,1435,1091,V454,8.895594131564904
376,535,672,V74,8.311483007291683
380,965,834,V57,3.83986736177262
380,882,834,V72,4.883195120135012
380,882,834,V77,4.883195120135012
380,659,834,V63,5.284552964469467
380,659,834,V89,5.284552964469467
380,659,834,V104,5.284552964469467
380,659,834,V106,5.284552964469467
380,1091,834,V71,6.739095652327052
380,1091,834,V93,6.739095652327052
380,1229,1102,V83,3.8392690799482057
380,1229,1102,V112,3.8392690799482057
380,1229,1102,V118,3.8392690799482057
380,1229,1102,V434,3.8392690799482057
380,1068,1106,V91,4.880745078525951
380,1068,1106,V92,4.880745078525951
380,1091,1182,V107,5.24631154396119
380,535,708,V73,4.548441137468074
384,965,834,V71,3.83986736177262
384,965,834,V132,3.83986736177262
384,708,834,V49,4.389831624444016
384,1229,1276,V92,3.959637309104105
384,1229,1276,V102,3.959637309104105
384,882,885,V43,2.852794790784161
388,1102,1106,V70,3.80171314717607
388,882,965,V43,3.616965677313317
396,882,965,V42,3.616965677313317
396,882,965,V86,3.616965677313317
396,1091,965,V121,4.388654712140797
396,1091,965,V127,4.388654712140797
396,1091,965,V137,4.388654712140797
396,1013,965,V93,4.881725510082577
396,917,965,V99,4.882215518422521
396,1102,965,V92,8.304116264398273
396,783,834,V41,7.689481736045675
396,783,834,V43,7.689481736045675
396,783,834,V44,7.689481736045675
396,783,834,V51,7.689481736045675
396,1106,1276,V49,4.836798739645476
396,1102,1276,V97,4.836798739646007
396,1398,1229,V78,5.282433425576492
396,1398,1229,V101,5.282433425576492
396,1398,1182,V112,5.640321895106829
396,783,659,V52,5.809594285895007
400,783,834,V41,7.689481736045675
400,783,834,V42,7.689481736045675
400,783,834,V43,7.689481736045675
400,783,834,V44,7.689481736045675
400,783,834,V45,7.689481736045675
400,783,834,V46,7.689481736045675
400,783,834,V47,7.689481736045675
400,783,834,V51,7.689481736045675
400,783,834,V52,7.689481736045675
400,1398,1229,V627,5.282433425576492
400,1398,1229,V633,5.282433425576492
400,1398,1229,V659,5.282433425576492
400,1398,1229,V679,5.282433425576492
400,1398,1229,V736,5.282433425576492
400,1398,1229,V750,5.282433425576492
400,1398,1229,V764,5.282433425576492
400,1398,1229,V849,5.282433425576492
400,849,931,V49,4.4061387562478425
400,849,931,V74,4.4061387562478425
400,849,931,V83,4.4061387562478425
400,849,931,V104,4.4061387562478425
400,849,931,V105,4.4061387562478425
400,672,931,V66,6.73915242731767
400,672,931,V81,6.73915242731767
400,672,931,V113,6.73915242731767
400,1398,1182,V875,5.640321895106829
400,1398,1182,V934,5.640321895106829
400,1398,1182,V955,5.640321895106829
400,1398,1182,V1001,5.640321895106829
400,1398,1182,V1043,5.640321895106829
400,672,885,V118,5.876204136119103
400,672,885,V123,5.876204136119103
400,1068,885,V1041,11.364565785437158
400,1068,885,V1045,11.364565785437158
400,1068,885,V1046,11.364565785437158
400,1435,1091,V119,8.895594131564904
400,1435,1091,V455,8.895594131564904
400,1435,1091,V456,8.895594131564904
400,1435,1091,V457,8.895594131564904
400,1435,1091,V458,8.895594131564904
400,783,965,V53,10.498093903671007
400,783,965,V54,10.498093903671007
400,783,965,V55,10.498093903671007
400,783,965,V56,10.498093903671007
400,783,659,V57,5.809594285895007
400,783,659,V60,5.809594285895007
400,783,659,V61,5.809594285895007
400,1068,1013,V1060,11.461019980924313
400,1068,1013,V1126,11.461019980924313
400,1068,1013,V1127,11.461019980924313
400,1068,1102,V1128,8.626274418583195
400,1068,1102,V1129,8.626274418583195
400,1068,1106,V1130,4.880745078525951
400,1068,1106,V1131,4.880745078525951
400,1370,1276,V48,7.918112864657469
400,783,882,V62,12.561839638690564
404,1182,965,V53,5.875748248781206
404,1182,965,V627,5.875748248781206
404,1182,965,V1001,5.875748248781206
404,1182,965,V1041,5.875748248781206
404,885,965,V69,6.123119155303686
404,885,965,V458,6.123119155303686
404,708,965,V51,6.739138237495128
404,708,965,V67,6.739138237495128
404,783,965,V41,10.498093903671007
404,1068,931,V73,8.304853837171269
404,1068,931,V1135,8.304853837171269
404,1068,931,V1136,8.304853837171269
404,1068,931,V1137,8.304853837171269
404,1068,931,V1138,8.304853837171269
404,1068,931,V1139,8.304853837171269
404,855,849,V66,5.706192977162224
404,855,849,V135,5.706192977162224
404,855,849,V142,5.706192977162224
404,855,849,V196,5.706192977162224
404,359,535,V95,5.855067293961566
404,359,535,V436,5.855067293961566
404,359,535,V437,5.855067293961566
404,359,535,V438,5.855067293961566
404,508,672,V70,8.81713559460697
404,508,672,V286,8.81713559460697
404,508,672,V325,8.81713559460697
404,783,834,V42,7.689481736045675
404,783,834,V43,7.689481736045675
404,783,834,V44,7.689481736045675
404,1370,1276,V50,7.918112864657469
404,1370,1276,V59,7.918112864657469
404,1370,1276,V100,7.918112864657469
404,1435,1229,V459,10.197737357480824
404,1435,1229,V460,10.197737357480824
404,1435,1229,V461,10.197737357480824
404,1068,1013,V1140,11.461019980924313
404,1068,1013,V1141,11.461019980924313
404,1068,1102,V1142,8.626274418583195
408,783,834,V41,7.689481736045675
408,783,834,V42,7.689481736045675
408,783,834,V43,7.689481736045675
408,783,834,V44,7.689481736045675
408,783,834,V46,7.689481736045675
408,783,834,V48,7.689481736045675
408,783,834,V50,7.689481736045675
408,783,834,V51,7.689481736045675
408,783,834,V54,7.689481736045675
408,783,834,V56,7.689481736045675
408,783,834,V58,7.689481736045675
408,783,834,V59,7.689481736045675
408,783,834,V63,7.689481736045675
408,783,834,V64,7.689481736045675
408,1013,885,V105,3.46869779664105
408,1102,885,V45,5.875878565174106
408,1068,885,V100,11.364565785437158
408,1068,885,V1145,11.364565785437158
408,1068,885,V1146,11.364565785437158
408,1068,885,V1147,11.364565785437158
408,783,659,V65,5.809594285895007
408,783,659,V67,5.809594285895007
408,783,659,V69,5.809594285895007
408,783,659,V70,5.809594285895007
408,783,659,V72,5.809594285895007
408,783,882,V73,12.561839638690564
408,783,882,V74,12.561839638690564
408,783,882,V85,12.561839638690564
408,783,882,V86,12.561839638690564
408,1068,931,V1148,8.304853837171269
408,1068,931,V1149,8.304853837171269
408,1068,931,V1150,8.304853837171269
408,1435,1091,V463,8.895594131564904
408,1435,1091,V464,8.895594131564904
408,1435,1398,V465,5.805514364498899
408,1435,1398,V466,5.805514364498899
408,1068,1106,V1151,4.880745078525951
408,1435,1182,V467,8.189653224238826
408,508,672,V326,8.81713559460697
408,1435,1229,V468,10.197737357480824
412,965,834,V44,3.83986736177262
412,965,834,V65,3.83986736177262
412,965,834,V81,3.83986736177262
412,965,834,V465,3.83986736177262
412,708,834,V68,4.389831624444016
412,882,834,V48,4.883195120135012
412,882,834,V50,4.883195120135012
412,1091,834,V469,6.739095652327052
412,1370,1276,V75,7.918112864657469
412,1370,1276,V1063,7.918112864657469
412,1370,1276,V1064,7.918112864657469
412,1370,1276,V1065,7.918112864657469
412,783,659,V41,5.809594285895007
412,783,659,V46,5.809594285895007
412,783,659,V47,5.809594285895007
412,783,659,V51,5.809594285895007
412,1068,1106,V1152,4.880745078525951
412,1068,1106,V1153,4.880745078525951
412,1182,1398,V55,5.640321895106829
412,931,885,V52,3.0617002345235647
412,931,1013,V57,4.405443882921528
416,672,882,V47,7.316385892068044
416,672,882,V85,7.316385892068044
416,672,882,V326,7.316385892068044
416,917,882,V87,7.68788945836583
416,1091,882,V82,7.965381677815221
416,1091,882,V98,7.965381677815221
416,1091,882,V474,7.965381677815221
416,1091,882,V475,7.965381677815221
416,849,882,V93,9.574606006915822
416,359,708,V440,10.088438580081291
416,359,708,V449,10.088438580081291
416,359,708,V485,10.088438580081291
416,359,708,V651,10.088438580081291
416,359,535,V725,5.855067293961566
416,359,535,V754,5.855067293961566
416,196,535,V801,10.089384951575544
416,196,535,V802,10.089384951575544
416,1276,1229,V471,3.959637309104105
416,1435,1229,V477,10.197737357480824
416,1435,1229,V478,10.197737357480824
416,849,1102,V1066,8.191991396325179
416,1068,1102,V1157,8.626274418583195
416,1068,931,V1158,8.304853837171269
416,1068,931,V1159,8.304853837171269
416,783,834,V41,7.689481736045675
416,783,834,V44,7.689481736045675
416,1435,1398,V479,5.805514364498899
416,783,965,V45,10.498093903671007
420,965,834,V45,3.83986736177262
420,965,834,V63,3.83986736177262
420,965,834,V77,3.83986736177262
420,708,834,V61,4.389831624444016
420,708,834,V94,4.389831624444016
420,882,834,V41,4.883195120135012
420,882,834,V44,4.883195120135012
420,882,834,V56,4.883195120135012
420,882,834,V64,4.883195120135012
420,882,834,V72,4.883195120135012
420,882,834,V93,4.883195120135012
420,659,834,V47,5.284552964469467
420,659,834,V57,5.284552964469467
420,659,834,V79,5.284552964469467
420,1091,834,V1060,6.739095652327052
420,783,834,V42,7.689481736045675
420,1102,1013,V89,3.616251246210677
420,1102,1013,V101,3.616251246210677
420,1102,1013,V1152,3.616251246210677
420,1106,1013,V59,7.015517581545067
420,1106,1013,V75,7.015517581545067
420,1276,1182,V43,7.919661523440269
420,1276,1182,V65,7.919661523440269
420,1276,1182,V92,7.919661523440269
420,1276,1182,V471,7.919661523440269
420,849,931,V95,4.4061387562478425
424,917,834,V49,3.617203703030827
424,965,834,V44,3.83986736177262
424,708,834,V48,4.389831624444016
424,882,834,V53,4.883195120135012
424,882,834,V59,4.883195120135012
424,882,834,V83,4.883195120135012
424,882,834,V89,4.883195120135012
424,659,834,V63,5.284552964469467
424,1091,834,V41,6.739095652327052
424,1091,834,V66,6.739095652327052
424,1091,834,V91,6.739095652327052
424,1091,834,V92,6.739095652327052
424,885,834,V43,7.688685710981335
424,885,834,V88,7.688685710981335
424,885,834,V95,7.688685710981335
424,783,834,V42,7.689481736045675
424,783,834,V47,7.689481736045675
424,783,834,V55,7.689481736045675
424,1102,931,V86,4.548251915941359
424,1102,931,V440,4.548251915941359
424,1102,931,V474,4.548251915941359
424,1102,931,V754,4.548251915941359
424,1106,931,V473,5.283575443416337
424,1068,931,V60,8.304853837171269
424,1276,1229,V478,3.959637309104105
424,855,849,V52,5.706192977162224
428,917,834,V70,3.617203703030827
428,917,834,V75,3.617203703030827
428,708,834,V41,4.389831624444016
428,708,834,V52,4.389831624444016
428,708,834,V55,4.389831624444016
428,708,834,V59,4.389831624444016
428,708,834,V110,4.389831624444016
428,882,834,V57,4.883195120135012
428,882,834,V72,4.883195120135012
428,659,834,V114,5.284552964469467
428,1091,965,V48,4.388654712140797
428,1091,965,V64,4.388654712140797
428,885,965,V54,6.123119155303686
428,885,931,V63,3.0617002345235647
428,885,931,V97,3.0617002345235647
428,885,1013,V113,3.46869779664105
428,1229,1182,V89,3.960024365898536
432,965,834,V45,3.83986736177262
432,965,834,V49,3.83986736177262
432,965,834,V52,3.83986736177262
432,965,834,V59,3.83986736177262
432,965,834,V79,3.83986736177262
432,965,834,V114,3.83986736177262
436,965,882,V57,3.616965677313317
436,965,882,V68,3.616965677313317
436,965,882,V101,3.616965677313317
436,917,834,V64,3.617203703030827
436,965,834,V133,3.83986736177262
436,931,885,V45,3.0617002345235647
440,965,882,V139,3.616965677313317
440,1013,882,V79,3.839767699909249
440,1013,882,V89,3.839767699909249
440,1013,882,V135,3.839767699909249
440,1013,882,V148,3.839767699909249
444,931,882,V113,5.812636165404913
444,931,882,V1067,5.812636165404913
444,672,882,V76,7.316385892068044
444,783,659,V45,5.809594285895007
444,783,659,V49,5.809594285895007
444,1229,1398,V142,5.282433425576492
444,1229,1276,V144,3.959637309104105
444,1229,1182,V471,3.960024365898536
444,1091,834,V111,6.739095652327052
444,1229,1013,V475,5.640389822593795
444,1091,965,V129,4.388654712140797
448,1106,1276,V60,4.836798739645476
448,1106,1276,V119,4.836798739645476
448,1106,1276,V477,4.836798739645476
448,1106,1276,V1066,4.836798739645476
448,1370,1276,V1069,7.918112864657469
448,1370,1276,V1070,7.918112864657469
448,1370,1276,V1071,7.918112864657469
448,1370,1276,V1072,7.918112864657469
448,1370,1276,V1073,7.918112864657469
448,783,965,V45,10.498093903671007
448,783,965,V48,10.498093903671007
448,783,965,V49,10.498093903671007
448,783,965,V50,10.498093903671007
448,783,965,V51,10.498093903671007
448,783,965,V52,10.498093903671007
448,783,965,V53,10.498093903671007
448,783,965,V55,10.498093903671007
448,783,965,V56,10.498093903671007
448,783,834,V57,7.689481736045675
448,783,834,V58,7.689481736045675
448,783,834,V59,7.689481736045675
448,783,834,V61,7.689481736045675
448,783,834,V63,7.689481736045675
448,783,834,V65,7.689481736045675
448,783,834,V66,7.689481736045675
448,783,834,V67,7.689481736045675
448,849,931,V108,4.4061387562478425
448,849,931,V198,4.4061387562478425
448,672,931,V79,6.73915242731767
448,672,931,V96,6.73915242731767
448,672,931,V137,6.73915242731767
448,855,931,V54,9.765900232263595
448,855,931,V69,9.765900232263595
448,783,659,V68,5.809594285895007
448,783,659,V70,5.809594285895007
448,783,659,V71,5.809594285895007
448,1435,1182,V44,8.189653224238826
448,1435,1182,V46,8.189653224238826
448,1370,1102,V1074,11.609712853230407
448,1370,1102,V1075,11.609712853230407
448,1435,1229,V47,10.197737357480824
448,1435,1229,V83,10.197737357480824
448,535,882,V62,9.342211452816104
448,535,882,V121,9.342211452816104
448,1435,1398,V88,5.805514364498899
448,1435,1091,V92,8.895594131564904
448,535,708,V127,4.548441137468074
448,783,917,V72,5.8083597500151045
452,1106,885,V60,7.965381677815221
452,1106,885,V449,7.965381677815221
452,1182,885,V73,8.662721360426067
452,1182,885,V83,8.662721360426067
452,535,885,V150,10.569431103772471
452,535,885,V473,10.569431103772471
452,855,885,V79,12.412669367198909
452,855,931,V97,9.765900232263595
452,855,931,V199,9.765900232263595
452,855,931,V200,9.765900232263595
452,855,931,V217,9.765900232263595
452,855,931,V218,9.765900232263595
452,855,931,V224,9.765900232263595
452,783,834,V41,7.689481736045675
452,783,834,V42,7.689481736045675
452,783,834,V44,7.689481736045675
452,783,834,V45,7.689481736045675
452,783,834,V46,7.689481736045675
452,1435,1013,V102,13.46916483615337
452,1435,1013,V105,13.46916483615337
452,1435,1013,V480,13.46916483615337
452,1435,1013,V511,13.46916483615337
452,1435,1013,V576,13.46916483615337
452,783,965,V47,10.498093903671007
452,783,965,V48,10.498093903671007
452,783,965,V49,10.498093903671007
452,783,965,V51,10.498093903671007
452,783,965,V52,10.498093903671007
452,1370,1276,V50,7.918112864657469
452,1370,1276,V1076,7.918112864657469
452,1370,1276,V1077,7.918112864657469
452,1370,1276,V1078,7.918112864657469
452,783,659,V53,5.809594285895007
452,783,659,V54,5.809594285895007
452,783,659,V55,5.809594285895007
452,359,708,V87,10.088438580081291
452,359,708,V93,10.088438580081291
452,359,708,V104,10.088438580081291
452,783,882,V56,12.561839638690564
452,783,882,V57,12.561839638690564
452,855,849,V244,5.706192977162224
452,855,849,V253,5.706192977162224
452,1435,1091,V625,8.895594131564904
452,508,672,V117,8.81713559460697
456,885,1013,V48,3.46869779664105
456,885,1013,V73,3.46869779664105
456,1102,1013,V198,3.616251246210677
456,1102,1013,V1069,3.616251246210677
456,882,1013,V54,3.839767699909249
456,882,1013,V63,3.839767699909249
456,882,1013,V65,3.839767699909249
456,882,1013,V67,3.839767699909249
456,882,1013,V72,3.839767699909249
456,882,931,V74,5.812636165404913
456,882,931,V76,5.812636165404913
456,882,931,V77,5.812636165404913
456,882,931,V81,5.812636165404913
456,882,931,V85,5.812636165404913
456,882,931,V86,5.812636165404913
456,882,931,V88,5.812636165404913
456,882,931,V89,5.812636165404913
456,834,708,V449,4.389831624444016
456,882,708,V90,4.837510953567602
456,882,708,V91,4.837510953567602
456,882,708,V92,4.837510953567602
456,882,708,V94,4.837510953567602
456,882,708,V96,4.837510953567602
456,882,708,V98,4.837510953567602
456,882,965,V100,3.616965677313317
456,882,965,V101,3.616965677313317
456,882,965,V106,3.616965677313317
456,882,965,V110,3.616965677313317
456,882,965,V111,3.616965677313317
456,882,965,V112,3.616965677313317
456,1182,1091,V68,5.24631154396119
456,1182,1091,V87,5.24631154396119
456,1182,1091,V93,5.24631154396119
456,1182,1091,V102,5.24631154396119
456,783,659,V41,5.809594285895007
456,783,659,V42,5.809594285895007
456,783,659,V44,5.809594285895007
456,783,659,V45,5.809594285895007
456,1182,1398,V104,5.640321895106829
456,1182,1398,V200,5.640321895106829
456,882,672,V113,7.316385892068044
456,508,672,V328,8.81713559460697
456,1370,1276,V1079,7.918112864657469
456,1068,1106,V50,4.880745078525951
456,359,535,V56,5.855067293961566
460,882,834,V41,4.883195120135012
460,882,834,V51,4.883195120135012
460,882,834,V53,4.883195120135012
460,882,834,V66,4.883195120135012
460,882,834,V78,4.883195120135012
460,882,834,V80,4.883195120135012
460,882,834,V90,4.883195120135012
460,783,917,V49,5.8083597500151045
460,783,917,V52,5.8083597500151045
460,783,917,V56,5.8083597500151045
460,783,917,V57,5.8083597500151045
460,783,917,V62,5.8083597500151045
460,885,672,V48,5.876204136119103
460,885,672,V50,5.876204136119103
460,885,672,V73,5.876204136119103
460,1370,1276,V473,7.918112864657469
460,882,1276,V91,12.01740314095659
460,783,659,V63,5.809594285895007
460,783,659,V64,5.809594285895007
460,882,1091,V102,7.965381677815221
460,882,1091,V108,7.965381677815221
460,882,965,V113,3.616965677313317
460,783,965,V68,10.498093903671007
460,855,849,V217,5.706192977162224
460,1435,1398,V200,5.805514364498899
464,917,834,V84,3.617203703030827
464,917,834,V135,3.617203703030827
464,917,834,V137,3.617203703030827
464,917,834,V138,3.617203703030827
464,917,834,V139,3.617203703030827
464,917,834,V142,3.617203703030827
464,917,834,V144,3.617203703030827
464,917,834,V145,3.617203703030827
464,1106,1068,V68,4.880745078525951
464,1106,1068,V104,4.880745078525951
464,855,1068,V260,5.87594370452583
464,855,1068,V261,5.87594370452583
464,855,849,V262,5.706192977162224
464,855,849,V263,5.706192977162224
464,855,849,V323,5.706192977162224
464,855,849,V383,5.706192977162224
464,855,1370,V641,13.377197086368376
464,855,1370,V724,13.377197086368376
464,855,1370,V735,13.377197086368376
464,1182,1229,V52,3.960024365898536
464,1182,1229,V58,3.960024365898536
464,1182,1229,V72,3.960024365898536
464,965,1091,V53,4.388654712140797
464,965,1091,V63,4.388654712140797
464,885,672,V73,5.876204136119103
464,885,672,V81,5.876204136119103
464,885,1102,V154,5.875878565174106
468,885,882,V104,2.852794790784161
468,965,882,V46,3.616965677313317
468,965,882,V65,3.616965677313317
468,1068,1370,V58,7.841426035905807
468,1106,1370,V117,8.775541653972592
468,1398,1229,V52,5.282433425576492
468,1398,1229,V151,5.282433425576492
468,931,1013,V95,4.405443882921528
468,931,1013,V156,4.405443882921528
468,855,849,V68,5.706192977162224
468,855,849,V742,5.706192977162224
468,965,1182,V84,5.875748248781206
472,535,708,V41,4.548441137468074
472,535,708,V42,4.548441137468074
472,535,708,V57,4.548441137468074
472,535,708,V59,4.548441137468074
472,965,834,V63,3.83986736177262
472,965,834,V104,3.83986736177262
472,965,834,V154,3.83986736177262
472,882,834,V43,4.883195120135012
472,882,885,V84,2.852794790784161
472,672,885,V49,5.876204136119103
472,1106,885,V67,7.965381677815221
472,855,849,V44,5.706192977162224
472,855,849,V96,5.706192977162224
472,1091,1182,V87,5.24631154396119
472,1276,1229,V105,3.959637309104105
476,882,834,V44,4.883195120135012
476,882,834,V63,4.883195120135012
476,882,834,V84,4.883195120135012
476,882,834,V86,4.883195120135012
476,882,834,V104,4.883195120135012
476,882,834,V130,4.883195120135012
476,882,834,V198,4.883195120135012
476,882,834,V323,4.883195120135012
476,659,834,V48,5.284552964469467
476,659,834,V93,5.284552964469467
476,659,834,V111,5.284552964469467
476,659,834,V157,5.284552964469467
476,659,834,V260,5.284552964469467
476,1091,834,V54,6.739095652327052
476,783,834,V42,7.689481736045675
476,783,834,V58,7.689481736045675
476,1102,931,V72,4.548251915941359
476,1106,931,V52,5.283575443416337
476,1106,931,V55,5.283575443416337
476,1106,931,V78,5.283575443416337
476,1106,931,V85,5.283575443416337
476,1106,931,V200,5.283575443416337
476,535,708,V47,4.548441137468074
476,535,708,V56,4.548441137468074
476,535,708,V61,4.548441137468074
476,535,708,V79,4.548441137468074
476,855,849,V958,5.706192977162224
476,855,849,V961,5.706192977162224
476,1182,965,V43,5.875748248781206
476,1182,965,V74,5.875748248781206
476,672,885,V60,5.876204136119103
476,672,885,V62,5.876204136119103
476,1229,1276,V83,3.959637309104105
480,882,965,V42,3.616965677313317
480,882,965,V43,3.616965677313317
480,882,965,V112,3.616965677313317
484,885,882,V47,2.852794790784161
484,885,882,V63,2.852794790784161
484,885,882,V74,2.852794790784161
484,885,882,V80,2.852794790784161
484,885,882,V97,2.852794790784161
484,885,882,V102,2.852794790784161
484,1013,882,V42,3.839767699909249
484,849,931,V41,4.4061387562478425
484,849,931,V79,4.4061387562478425
484,849,931,V95,4.4061387562478425
484,1102,931,V48,4.548251915941359
484,834,965,V57,3.83986736177262
488,885,882,V41,2.852794790784161
488,885,882,V43,2.852794790784161
488,885,882,V50,2.852794790784161
488,885,882,V74,2.852794790784161
488,885,931,V80,3.0617002345235647
488,1013,931,V42,4.405443882921528
492,834,882,V113,4.883195120135012
492,1102,882,V65,7.314751476768936
492,1102,882,V115,7.314751476768936
492,1102,882,V142,7.314751476768936
492,672,882,V48,7.316385892068044
492,672,882,V92,7.316385892068044
492,672,882,V112,7.316385892068044
492,1229,1182,V114,3.960024365898536
492,1229,1182,V133,3.960024365898536
492,1091,1182,V50,5.24631154396119
492,1091,965,V57,4.388654712140797
492,1091,965,V67,4.388654712140797
492,1091,965,V132,4.388654712140797
492,849,931,V63,4.4061387562478425
492,1106,1013,V104,7.015517581545067
496,917,834,V71,3.617203703030827
496,783,834,V42,7.689481736045675
496,783,834,V43,7.689481736045675
496,783,834,V45,7.689481736045675
496,783,834,V48,7.689481736045675
496,783,834,V50,7.689481736045675
496,783,834,V51,7.689481736045675
496,783,834,V55,7.689481736045675
496,783,834,V57,7.689481736045675
496,783,834,V63,7.689481736045675
496,783,834,V65,7.689481736045675
496,783,834,V67,7.689481736045675
496,783,834,V73,7.689481736045675
496,783,834,V74,7.689481736045675
496,1102,965,V154,8.304116264398273
496,783,965,V76,10.498093903671007
496,783,965,V91,10.498093903671007
496,783,965,V92,10.498093903671007
496,783,965,V104,10.498093903671007
496,783,965,V105,10.498093903671007
496,783,965,V106,10.498093903671007
496,783,965,V107,10.498093903671007
496,783,965,V108,10.498093903671007
496,783,965,V110,10.498093903671007
496,783,965,V113,10.498093903671007
496,783,965,V114,10.498093903671007
496,672,931,V59,6.73915242731767
496,672,931,V323,6.73915242731767
496,1276,931,V46,8.946223146223524
496,1276,931,V47,8.946223146223524
496,1276,931,V49,8.946223146223524
496,1276,931,V54,8.946223146223524
496,1276,931,V56,8.946223146223524
496,535,708,V137,4.548441137468074
496,359,708,V64,10.088438580081291
496,359,708,V66,10.088438580081291
496,1276,882,V58,12.01740314095659
496,1276,882,V61,12.01740314095659
496,1276,882,V80,12.01740314095659
496,1276,1013,V89,8.190822817543284
496,1276,1013,V90,8.190822817543284
496,1276,1013,V98,8.190822817543284
496,1276,1182,V102,7.919661523440269
496,1276,1182,V111,7.919661523440269
496,1276,1106,V117,4.836798739645476
496,855,1106,V60,9.423483175173253
496,1435,1229,V62,10.197737357480824
500,882,965,V63,3.616965677313317
500,882,965,V79,3.616965677313317
500,882,965,V83,3.616965677313317
500,834,965,V89,3.83986736177262
500,1013,965,V61,4.881725510082577
500,1013,965,V98,4.881725510082577
500,1435,1398,V70,5.805514364498899
500,1435,1398,V77,5.805514364498899
500,1435,1398,V82,5.805514364498899
500,1435,1398,V84,5.805514364498899
500,1435,1398,V88,5.805514364498899
500,917,885,V41,10.518632362833186
500,535,885,V115,10.569431103772471
500,855,885,V72,12.412669367198909
500,855,885,V78,12.412669367198909
500,855,885,V85,12.412669367198909
500,1435,1276,V93,13.12435356350428
500,1435,1276,V95,13.12435356350428
500,1435,1276,V121,13.12435356350428
500,1435,1182,V674,8.189653224238826
500,1435,1182,V867,8.189653224238826
500,1435,1182,V941,8.189653224238826
500,1435,1229,V1013,10.197737357480824
500,1435,1229,V1014,10.197737357480824
500,1435,1229,V1015,10.197737357480824
500,1435,1091,V1016,8.895594131564904
500,1435,1091,V1017,8.895594131564904
500,1435,1091,V1018,8.895594131564904
500,855,1102,V1052,12.404917058701368
500,855,1102,V1056,12.404917058701368
500,855,1102,V1068,12.404917058701368
500,855,849,V1112,5.706192977162224
500,855,849,V1135,5.706192977162224
500,508,849,V81,9.342303526294996
500,508,931,V96,12.961089805583503
500,508,931,V130,12.961089805583503
500,508,931,V152,12.961089805583503
500,508,672,V255,8.81713559460697
500,508,672,V329,8.81713559460697
500,783,659,V42,5.809594285895007
500,508,1068,V330,14.486601263726737
500,359,708,V69,10.088438580081291
504,882,965,V53,3.616965677313317
504,1013,965,V90,4.881725510082577
504,708,965,V84,6.739138237495128
504,931,965,V50,8.628970001760946
504,931,965,V51,8.628970001760946
504,931,965,V74,8.628970001760946
504,931,965,V77,8.628970001760946
504,931,965,V85,8.628970001760946
504,849,672,V64,6.511836392511076
504,849,672,V71,6.511836392511076
504,849,672,V96,6.511836392511076
504,931,672,V152,6.73915242731767
504,783,834,V41,7.689481736045675
504,783,834,V42,7.689481736045675
504,783,834,V44,7.689481736045675
504,783,834,V46,7.689481736045675
504,1435,1229,V1019,10.197737357480824
504,1296,1229,V769,18.186956046651705
504,508,885,V332,13.808114395759947
504,508,885,V333,13.808114395759947
504,359,535,V65,5.855067293961566
504,359,535,V94,5.855067293961566
504,508,1068,V334,14.486601263726737
504,508,1276,V335,20.81243366468926
504,783,917,V47,5.8083597500151045
508,1102,1370,V42,11.609712853230407
508,1102,1370,V73,11.609712853230407
508,1102,1370,V76,11.609712853230407
508,1102,1370,V112,11.609712853230407
508,1102,1370,V115,11.609712853230407
508,931,1370,V64,14.0283994658549
508,931,1370,V69,14.0283994658549
508,931,1370,V71,14.0283994658549
508,931,1370,V79,14.0283994658549
508,931,1370,V82,14.0283994658549
508,931,1370,V96,14.0283994658549
508,931,1370,V333,14.0283994658549
508,1398,1370,V56,14.289920547900731
508,1398,1370,V335,14.289920547900731
508,1182,1370,V55,15.837773174985912
508,672,1370,V332,20.171661634090945
508,508,1370,V337,22.320142899663864
508,508,1370,V338,22.320142899663864
508,508,1370,V339,22.320142899663864
508,508,1370,V340,22.320142899663864
508,508,1370,V341,22.320142899663864
508,508,1370,V342,22.320142899663864
508,508,1370,V343,22.320142899663864
508,508,1370,V344,22.320142899663864
508,508,1370,V345,22.320142899663864
508,508,1370,V346,22.320142899663864
508,508,1370,V347,22.320142899663864
508,508,1370,V348,22.320142899663864
508,508,1370,V349,22.320142899663864
508,508,1370,V350,22.320142899663864
508,508,1370,V351,22.320142899663864
508,783,1091,V41,10.241109598832232
508,783,1091,V43,10.241109598832232
508,783,1091,V44,10.241109598832232
508,783,1091,V45,10.241109598832232
508,783,1091,V47,10.241109598832232
508,783,1091,V50,10.241109598832232
508,783,1091,V53,10.241109598832232
508,783,1091,V57,10.241109598832232
508,783,1091,V58,10.241109598832232
508,359,535,V72,5.855067293961566
508,359,535,V75,5.855067293961566
508,359,535,V120,5.855067293961566
508,359,535,V122,5.855067293961566
508,359,535,V123,5.855067293961566
508,508,885,V352,13.808114395759947
508,508,885,V353,13.808114395759947
508,508,885,V354,13.808114395759947
508,508,885,V355,13.808114395759947
508,508,885,V356,13.808114395759947
508,783,965,V60,10.498093903671007
508,783,965,V63,10.498093903671007
508,783,965,V65,10.498093903671007
508,783,965,V67,10.498093903671007
508,508,849,V357,9.342303526294996
508,508,849,V358,9.342303526294996
508,508,849,V359,9.342303526294996
508,508,849,V360,9.342303526294996
508,508,1276,V389,20.81243366468926
508,508,1276,V474,20.81243366468926
508,508,1276,V557,20.81243366468926
508,508,1106,V647,16.025446935620938
508,508,1106,V729,16.025446935620938
508,508,1106,V1004,16.025446935620938
508,783,1013,V70,15.308499342485224
508,783,1013,V74,15.308499342485224
508,783,1013,V81,15.308499342485224
508,359,708,V128,10.088438580081291
508,359,708,V129,10.088438580081291
508,359,708,V139,10.088438580081291
508,783,834,V83,7.689481736045675
508,783,834,V85,7.689481736045675
508,783,834,V89,7.689481736045675
508,508,1068,V1061,14.486601263726737
508,783,917,V90,5.8083597500151045
508,1296,1229,V770,18.186956046651705
512,1102,1013,V46,3.616251246210677
512,1102,1013,V55,3.616251246210677
512,1102,1013,V56,3.616251246210677
512,931,849,V42,4.4061387562478425
512,931,849,V64,4.4061387562478425
512,931,849,V73,4.4061387562478425
512,708,535,V41,4.548441137468074
512,708,535,V43,4.548441137468074
512,708,535,V44,4.548441137468074
512,1102,1229,V69,3.8392690799482057
512,1102,1229,V71,3.8392690799482057
512,1102,1229,V76,3.8392690799482057
512,1102,1398,V96,9.118728510486134
512,1102,1398,V112,9.118728510486134
512,882,885,V63,2.852794790784161
512,882,885,V128,2.852794790784161
512,931,672,V79,6.73915242731767
512,1068,1370,V360,7.841426035905807
516,882,885,V56,2.852794790784161
516,882,885,V61,2.852794790784161
516,882,885,V78,2.852794790784161
516,882,885,V99,2.852794790784161
516,882,885,V333,2.852794790784161
516,882,885,V353,2.852794790784161
516,931,885,V64,3.0617002345235647
516,931,885,V73,3.0617002345235647
516,931,885,V79,3.0617002345235647
516,931,885,V100,3.0617002345235647
516,1102,885,V59,5.875878565174106
516,1102,885,V69,5.875878565174106
516,1102,885,V71,5.875878565174106
516,1102,885,V82,5.875878565174106
516,1102,885,V342,5.875878565174106
516,1102,885,V343,5.875878565174106
516,1102,885,V344,5.875878565174106
516,1102,885,V345,5.875878565174106
516,1102,885,V346,5.875878565174106
516,1102,885,V347,5.875878565174106
516,1102,885,V348,5.875878565174106
516,1102,885,V349,5.875878565174106
516,1102,885,V350,5.875878565174106
516,1102,885,V351,5.875878565174106
516,965,885,V81,6.123119155303686
516,965,885,V97,6.123119155303686
516,965,885,V110,6.123119155303686
516,965,885,V335,6.123119155303686
516,965,885,V357,6.123119155303686
516,708,885,V41,6.511469320496247
516,708,885,V44,6.511469320496247
516,708,885,V45,6.511469320496247
516,708,885,V50,6.511469320496247
516,708,885,V53,6.511469320496247
516,708,885,V80,6.511469320496247
516,708,885,V85,6.511469320496247
516,708,885,V122,6.511469320496247
516,708,885,V130,6.511469320496247
516,708,885,V358,6.511469320496247
516,834,885,V43,7.688685710981335
516,834,885,V46,7.688685710981335
516,834,885,V47,7.688685710981335
516,834,885,V146,7.688685710981335
516,834,885,V254,7.688685710981335
516,834,885,V334,7.688685710981335
516,1106,1013,V76,7.015517581545067
516,1106,1013,V338,7.015517581545067
516,1106,1013,V389,7.015517581545067
516,917,1013,V93,9.763940751913996
516,1435,1398,V112,5.805514364498899
516,1296,1398,V771,15.359029036692972
516,1296,1398,V772,15.359029036692972
516,855,1276,V54,14.029505033457104
516,855,1276,V72,14.029505033457104
516,535,672,V102,8.311483007291683
520,1102,1229,V60,3.8392690799482057
520,1102,1229,V70,3.8392690799482057
520,1102,1229,V72,3.8392690799482057
520,1102,1229,V96,3.8392690799482057
520,1102,1229,V102,3.8392690799482057
520,882,965,V51,3.616965677313317
520,882,965,V54,3.616965677313317
520,882,965,V88,3.616965677313317
520,882,965,V338,3.616965677313317
520,882,1182,V343,7.841474878454721
520,882,1182,V344,7.841474878454721
520,882,1182,V345,7.841474878454721
520,834,659,V79,5.284552964469467
520,783,659,V55,5.809594285895007
520,1106,1276,V62,4.836798739645476
520,1106,1276,V67,4.836798739645476
520,882,885,V346,2.852794790784161
524,917,834,V58,3.617203703030827
524,917,834,V111,3.617203703030827
524,708,834,V50,4.389831624444016
524,708,834,V53,4.389831624444016
524,708,834,V54,4.389831624444016
524,708,834,V55,4.389831624444016
524,1229,1276,V77,3.959637309104105
524,1229,1276,V344,3.959637309104105
524,1229,1276,V345,3.959637309104105
524,1435,1398,V67,5.805514364498899
524,1435,1398,V355,5.805514364498899
524,882,965,V62,3.616965677313317
524,882,965,V73,3.616965677313317
524,783,659,V47,5.809594285895007
528,917,834,V88,3.617203703030827
528,708,834,V57,4.389831624444016
528,708,834,V65,4.389831624444016
528,708,834,V69,4.389831624444016
528,708,834,V78,4.389831624444016
528,708,834,V80,4.389831624444016
528,708,834,V81,4.389831624444016
528,882,965,V44,3.616965677313317
528,882,965,V47,3.616965677313317
528,882,965,V58,3.616965677313317
528,882,965,V62,3.616965677313317
532,885,882,V59,2.852794790784161
536,885,882,V64,2.852794790784161
536,885,882,V69,2.852794790784161
536,885,882,V72,2.852794790784161
536,885,882,V78,2.852794790784161
536,885,882,V96,2.852794790784161
536,965,882,V60,3.616965677313317
536,1013,882,V346,3.839767699909249
536,1013,882,V347,3.839767699909249
536,708,882,V73,4.837510953567602
536,708,882,V85,4.837510953567602
536,708,882,V87,4.837510953567602
536,708,882,V90,4.837510953567602
540,1229,1276,V104,3.959637309104105
540,1229,1276,V113,3.959637309104105
540,1229,1276,V332,3.959637309104105
540,1229,1276,V348,3.959637309104105
540,1106,1276,V729,4.836798739645476
540,885,882,V47,2.852794790784161
540,885,882,V64,2.852794790784161
540,885,882,V73,2.852794790784161
540,885,882,V102,2.852794790784161
540,783,659,V50,5.809594285895007
540,783,659,V52,5.809594285895007
540,965,834,V43,3.83986736177262
544,1102,1229,V118,3.8392690799482057
544,1102,1229,V338,3.8392690799482057
544,1182,1229,V53,3.960024365898536
544,1182,1229,V87,3.960024365898536
544,1398,1229,V46,5.282433425576492
544,1398,1229,V62,5.282433425576492
544,1398,1229,V67,5.282433425576492
544,1398,1229,V76,5.282433425576492
544,1398,1229,V80,5.282433425576492
544,1398,1229,V111,5.282433425576492
544,1013,1229,V347,5.640389822593795
544,1091,1229,V121,9.180034524729397
544,1091,1229,V131,9.180034524729397
544,849,931,V41,4.4061387562478425
544,849,931,V54,4.4061387562478425
544,849,931,V66,4.4061387562478425
544,849,931,V68,4.4061387562478425
544,849,931,V83,4.4061387562478425
544,849,1276,V84,11.479314497557898
544,849,1276,V115,11.479314497557898
544,849,1276,V127,11.479314497557898
544,849,1276,V128,11.479314497557898
544,672,885,V74,5.876204136119103
544,672,885,V101,5.876204136119103
544,708,885,V254,6.511469320496247
544,708,885,V333,6.511469320496247
544,783,659,V43,5.809594285895007
544,783,659,V44,5.809594285895007
544,783,659,V47,5.809594285895007
544,708,882,V334,4.837510953567602
544,708,882,V335,4.837510953567602
544,708,882,V337,4.837510953567602
544,708,834,V342,4.389831624444016
544,708,834,V353,4.389831624444016
544,708,834,V357,4.389831624444016
544,1091,965,V341,4.388654712140797
544,1091,965,V344,4.388654712140797
544,708,965,V358,6.739138237495128
544,855,1068,V51,5.87594370452583
548,1102,1398,V46,9.118728510486134
548,1102,1398,V62,9.118728510486134
548,1102,1398,V67,9.118728510486134
548,1102,1398,V76,9.118728510486134
548,1102,1398,V80,9.118728510486134
548,1102,1398,V84,9.118728510486134
548,1102,1398,V111,9.118728510486134
548,1102,1398,V115,9.118728510486134
548,1102,1398,V120,9.118728510486134
548,1102,1398,V127,9.118728510486134
548,1102,1398,V128,9.118728510486134
548,1102,1398,V254,9.118728510486134
548,1102,1398,V347,9.118728510486134
548,1102,1398,V358,9.118728510486134
548,965,1398,V49,11.479089287938937
548,1296,1398,V773,15.359029036692972
548,1296,1398,V774,15.359029036692972
548,1296,1398,V775,15.359029036692972
548,1296,1398,V776,15.359029036692972
548,1296,1398,V777,15.359029036692972
548,1296,1398,V778,15.359029036692972
548,708,1013,V61,8.663428210145081
548,849,1013,V72,8.811582411969269
548,672,1013,V133,9.341935125969725
548,783,1013,V41,15.308499342485224
548,783,1013,V43,15.308499342485224
548,783,1013,V44,15.308499342485224
548,783,834,V47,7.689481736045675
548,783,834,V50,7.689481736045675
548,783,834,V52,7.689481736045675
548,783,834,V53,7.689481736045675
548,783,834,V54,7.689481736045675
548,783,834,V55,7.689481736045675
548,783,659,V59,5.809594285895007
548,783,659,V60,5.809594285895007
548,783,659,V63,5.809594285895007
548,783,659,V64,5.809594285895007
548,783,659,V65,5.809594285895007
548,1296,1229,V779,18.186956046651705
548,1296,1229,V780,18.186956046651705
548,1296,1229,V781,18.186956046651705
548,1296,1229,V782,18.186956046651705
548,508,1276,V48,20.81243366468926
548,508,1276,V91,20.81243366468926
548,508,1276,V103,20.81243366468926
548,508,931,V1079,12.961089805583503
548,508,931,V1120,12.961089805583503
548,783,882,V66,12.561839638690564
548,783,882,V68,12.561839638690564
548,508,1106,V1129,16.025446935620938
552,882,965,V47,3.616965677313317
552,882,965,V53,3.616965677313317
552,882,965,V74,3.616965677313317
552,882,965,V78,3.616965677313317
552,882,965,V82,3.616965677313317
552,834,965,V44,3.83986736177262
552,1091,965,V50,4.388654712140797
552,1091,965,V85,4.388654712140797
552,1102,1229,V46,3.8392690799482057
552,1102,1229,V61,3.8392690799482057
552,1102,1229,V103,3.8392690799482057
552,1102,1229,V111,3.8392690799482057
552,1102,1229,V120,3.8392690799482057
552,1102,1229,V254,3.8392690799482057
552,1102,1229,V347,3.8392690799482057
552,1102,1229,V780,3.8392690799482057
552,783,659,V41,5.809594285895007
552,783,659,V43,5.809594285895007
552,783,659,V48,5.809594285895007
552,783,659,V51,5.809594285895007
552,783,659,V52,5.809594285895007
552,783,659,V54,5.809594285895007
552,1102,1276,V781,4.836798739646007
552,1068,1276,V49,8.66943360865319
552,1068,1276,V84,8.66943360865319
552,931,1013,V93,4.405443882921528
552,1091,1013,V86,7.92275625179966
552,849,1013,V45,8.811582411969269
552,359,708,V107,10.088438580081291
552,359,708,V114,10.088438580081291
552,783,917,V57,5.8083597500151045
552,1068,1106,V115,4.880745078525951
556,1013,1182,V46,5.283249325636405
556,1013,1182,V50,5.283249325636405
556,965,1182,V45,5.875748248781206
556,965,1182,V48,5.875748248781206
556,882,1182,V42,7.841474878454721
556,1106,1182,V61,9.760018472127422
556,708,1182,V64,12.26833953852524
556,849,1182,V52,13.728760504847472
556,849,1182,V55,13.728760504847472
556,849,1182,V100,13.728760504847472
556,783,834,V41,7.689481736045675
556,783,834,V43,7.689481736045675
556,783,834,V47,7.689481736045675
556,783,834,V49,7.689481736045675
556,783,834,V51,7.689481736045675
556,783,659,V54,5.809594285895007
556,783,659,V57,5.809594285895007
556,783,659,V60,5.809594285895007
556,783,659,V65,5.809594285895007
556,783,659,V67,5.809594285895007
556,849,672,V115,6.511836392511076
556,196,672,V803,12.560440507679765
556,783,1091,V70,10.241109598832232
556,783,1091,V71,10.241109598832232
556,1068,1229,V127,11.360488351411393
556,1068,1229,V128,11.360488351411393
556,1068,1102,V358,8.626274418583195
556,1068,1102,V773,8.626274418583195
556,359,535,V260,5.855067293961566
556,1068,1276,V774,8.66943360865319
556,1068,931,V775,8.304853837171269
556,1068,885,V776,11.364565785437158
560,882,834,V62,4.883195120135012
560,882,834,V68,4.883195120135012
560,882,834,V69,4.883195120135012
560,882,834,V85,4.883195120135012
560,882,834,V95,4.883195120135012
560,882,834,V102,4.883195120135012
560,882,834,V105,4.883195120135012
560,659,834,V99,5.284552964469467
560,931,885,V66,3.0617002345235647
560,931,885,V80,3.0617002345235647
560,931,885,V94,3.0617002345235647
560,1229,1182,V48,3.960024365898536
560,1229,1182,V61,3.960024365898536
560,783,917,V41,5.8083597500151045
560,783,917,V42,5.8083597500151045
560,1102,1276,V54,4.836798739646007
560,1102,1276,V127,4.836798739646007
560,931,708,V115,9.423506251261468
560,931,708,V774,9.423506251261468
560,849,1013,V59,8.811582411969269
560,1068,1013,V58,11.461019980924313
560,359,535,V440,5.855067293961566
560,1296,1398,V783,15.359029036692972
564,882,708,V85,4.837510953567602
564,659,708,V75,5.815596432206299
564,659,708,V80,5.815596432206299
564,672,708,V89,6.751878981086827
564,672,708,V105,6.751878981086827
564,672,708,V115,6.751878981086827
564,1013,708,V54,8.663428210145081
564,783,834,V41,7.689481736045675
564,783,834,V42,7.689481736045675
564,783,834,V43,7.689481736045675
564,783,834,V47,7.689481736045675
564,783,834,V49,7.689481736045675
564,783,834,V50,7.689481736045675
564,849,885,V44,6.749102957431653
564,849,885,V66,6.749102957431653
564,849,885,V82,6.749102957431653
564,849,885,V358,6.749102957431653
564,849,885,V777,6.749102957431653
564,1229,1102,V45,3.8392690799482057
564,1068,1102,V74,8.626274418583195
564,1068,1102,V120,8.626274418583195
564,783,1102,V51,18.800951364959644
564,359,535,V477,5.855067293961566
564,359,535,V485,5.855067293961566
564,196,535,V804,10.089384951575544
564,1296,1182,V784,14.636346421121209
564,1296,1182,V785,14.636346421121209
564,783,931,V53,18.3740064075405
564,783,931,V59,18.3740064075405
564,783,1091,V60,10.241109598832232
564,783,917,V61,5.8083597500151045
568,965,834,V69,3.83986736177262
568,965,834,V75,3.83986736177262
568,1106,1276,V51,4.836798739645476
568,1102,1013,V63,3.616251246210677
568,1398,1182,V49,5.640321895106829
572,1106,1276,V45,4.836798739645476
572,1102,1398,V76,9.118728510486134
576,931,849,V44,4.4061387562478425
576,931,849,V47,4.4061387562478425
580,1102,1229,V88,3.8392690799482057
588,834,708,V80,4.389831624444016
588,834,708,V102,4.389831624444016
588,834,708,V104,4.389831624444016
588,834,708,V105,4.389831624444016
588,834,708,V112,4.389831624444016
588,834,708,V119,4.389831624444016
588,834,708,V122,4.389831624444016
588,834,708,V123,4.389831624444016
588,834,708,V128,4.389831624444016
588,359,535,V87,5.855067293961566
588,359,535,V485,5.855067293961566
588,672,535,V66,8.311483007291683
588,672,535,V90,8.311483007291683
588,672,535,V106,8.311483007291683
588,672,535,V109,8.311483007291683
588,672,535,V110,8.311483007291683
588,1013,1229,V54,5.640389822593795
588,1013,1229,V88,5.640389822593795
588,931,1229,V53,8.28950012214804
588,1068,1370,V65,7.841426035905807
588,931,1276,V118,8.946223146223524
588,849,1106,V79,6.739095652327052
592,965,834,V43,3.83986736177262
592,965,834,V46,3.83986736177262
592,965,834,V86,3.83986736177262
592,965,834,V777,3.83986736177262
592,783,834,V44,7.689481736045675
592,783,834,V45,7.689481736045675
592,783,834,V47,7.689481736045675
592,783,834,V48,7.689481736045675
592,783,834,V49,7.689481736045675
592,783,834,V50,7.689481736045675
592,783,834,V51,7.689481736045675
592,783,834,V52,7.689481736045675
592,783,834,V53,7.689481736045675
592,1276,1182,V54,7.919661523440269
592,672,1182,V440,14.511820279616508
592,1296,1182,V786,14.636346421121209
592,1296,1182,V787,14.636346421121209
592,1296,1182,V788,14.636346421121209
592,1296,1182,V789,14.636346421121209
592,783,1091,V55,10.241109598832232
592,783,1091,V56,10.241109598832232
592,783,1091,V57,10.241109598832232
592,783,1091,V58,10.241109598832232
592,783,1091,V59,10.241109598832232
592,196,535,V805,10.089384951575544
592,196,535,V806,10.089384951575544
592,196,535,V807,10.089384951575544
592,196,535,V808,10.089384951575544
592,783,659,V60,5.809594285895007
592,783,659,V61,5.809594285895007
592,783,659,V62,5.809594285895007
592,783,659,V63,5.809594285895007
592,855,1229,V93,15.901554341364076
592,855,1229,V94,15.901554341364076
592,1296,1229,V790,18.186956046651705
592,1296,1229,V791,18.186956046651705
592,1296,1398,V792,15.359029036692972
592,1296,1398,V793,15.359029036692972
592,1296,1398,V794,15.359029036692972
592,1296,1435,V795,10.066515186960627
592,1296,1435,V796,10.066515186960627
592,783,885,V64,15.378166398318458
592,783,885,V65,15.378166398318458
592,783,1102,V66,18.800951364959644
592,783,1102,V67,18.800951364959644
592,783,882,V68,12.561839638690564
592,783,882,V69,12.561839638690564
592,783,917,V70,5.8083597500151045
592,783,931,V71,18.3740064075405
592,566,359,V126,9.428696666120482
592,196,849,V809,18.33505576468225
592,783,1106,V72,22.318447076891776
596,1276,1229,V77,3.959637309104105
596,1276,1229,V78,3.959637309104105
596,1276,1229,V96,3.959637309104105
596,1182,1229,V56,3.960024365898536
596,1182,1229,V65,3.960024365898536
596,1182,1229,V66,3.960024365898536
596,1182,1229,V67,3.960024365898536
596,965,882,V70,3.616965677313317
596,1182,882,V79,7.841474878454721
596,1182,882,V80,7.841474878454721
596,1182,882,V116,7.841474878454721
596,1182,882,V440,7.841474878454721
596,1182,882,V786,7.841474878454721
596,1182,931,V790,9.422487826577225
596,855,931,V69,9.765900232263595
596,1091,931,V54,12.243987029703826
596,1091,931,V86,12.243987029703826
596,783,931,V41,18.3740064075405
596,783,1102,V42,18.800951364959644
596,783,1102,V43,18.800951364959644
596,783,1102,V44,18.800951364959644
596,783,1102,V45,18.800951364959644
596,783,1102,V46,18.800951364959644
596,783,834,V47,7.689481736045675
596,783,834,V48,7.689481736045675
596,783,834,V49,7.689481736045675
596,783,834,V50,7.689481736045675
596,783,885,V51,15.378166398318458
596,783,885,V52,15.378166398318458
596,783,885,V55,15.378166398318458
596,783,885,V58,15.378166398318458
596,1296,1398,V797,15.359029036692972
596,1296,1398,V798,15.359029036692972
596,1296,1398,V799,15.359029036692972
596,196,535,V810,10.089384951575544
596,196,535,V811,10.089384951575544
596,196,535,V812,10.089384951575544
596,783,1013,V59,15.308499342485224
596,783,1013,V61,15.308499342485224
596,783,1013,V64,15.308499342485224
596,783,708,V68,10.697285568723771
596,783,708,V72,10.697285568723771
596,783,708,V73,10.697285568723771
596,783,659,V74,5.809594285895007
596,783,659,V75,5.809594285895007
596,783,659,V85,5.809594285895007
596,196,849,V813,18.33505576468225
596,196,849,V814,18.33505576468225
596,783,1106,V87,22.318447076891776
596,783,1106,V88,22.318447076891776
596,783,917,V89,5.8083597500151045
596,196,672,V815,12.560440507679765
596,566,359,V140,9.428696666120482
596,783,1370,V90,30.28578929187396
596,196,1068,V816,24.999047730771046
600,882,834,V44,4.883195120135012
600,882,834,V785,4.883195120135012
600,659,834,V74,5.284552964469467
600,659,834,V100,5.284552964469467
600,659,834,V108,5.284552964469467
600,659,834,V130,5.284552964469467
600,659,834,V786,5.284552964469467
600,855,1068,V99,5.87594370452583
600,931,1068,V52,8.304853837171269
600,1276,1068,V96,8.66943360865319
600,885,1068,V55,11.364565785437158
600,783,1229,V41,18.841160835534616
600,783,1229,V43,18.841160835534616
600,783,1229,V45,18.841160835534616
600,783,1229,V46,18.841160835534616
600,783,1013,V47,15.308499342485224
600,783,1013,V48,15.308499342485224
600,783,1013,V49,15.308499342485224
600,783,917,V50,5.8083597500151045
600,783,917,V53,5.8083597500151045
600,196,672,V817,12.560440507679765
600,196,672,V818,12.560440507679765
600,783,1370,V54,30.28578929187396
600,783,1370,V56,30.28578929187396
600,783,1182,V57,15.175538880502293
600,783,1182,V59,15.175538880502293
600,196,849,V819,18.33505576468225
600,783,1091,V60,10.241109598832232
600,783,1435,V62,17.957022310236383
600,783,965,V63,10.498093903671007
604,1106,1370,V55,8.775541653972592
604,1106,1370,V88,8.775541653972592
604,1106,1370,V102,8.775541653972592
604,1106,1370,V791,8.775541653972592
604,1398,1370,V77,14.289920547900731
604,885,1370,V46,16.72338167333642
604,885,1370,V57,16.72338167333642
604,885,1370,V59,16.72338167333642
604,965,1370,V58,19.81745132026361
604,965,1370,V97,19.81745132026361
604,783,1370,V44,30.28578929187396
604,783,1370,V47,30.28578929187396
604,783,1370,V49,30.28578929187396
604,783,1370,V50,30.28578929187396
604,783,1370,V52,30.28578929187396
604,783,1370,V53,30.28578929187396
604,783,1370,V56,30.28578929187396
604,783,1370,V60,30.28578929187396
604,783,1370,V62,30.28578929187396
604,783,1370,V63,30.28578929187396
604,783,1370,V64,30.28578929187396
604,783,1370,V65,30.28578929187396
604,783,1370,V66,30.28578929187396
604,783,1370,V67,30.28578929187396
604,783,1370,V68,30.28578929187396
604,783,1370,V72,30.28578929187396
604,783,1370,V74,30.28578929187396
604,783,1370,V81,30.28578929187396
604,783,1370,V82,30.28578929187396
604,783,1370,V86,30.28578929187396
604,783,1370,V87,30.28578929187396
604,783,1370,V90,30.28578929187396
604,783,1370,V91,30.28578929187396
604,783,1370,V96,30.28578929187396
604,783,1370,V98,30.28578929187396
604,783,1370,V100,30.28578929187396
604,783,1370,V106,30.28578929187396
604,783,1370,V107,30.28578929187396
604,783,834,V43,7.689481736045675
604,783,834,V45,7.689481736045675
604,783,834,V54,7.689481736045675
604,783,834,V109,7.689481736045675
604,783,834,V110,7.689481736045675
604,783,834,V111,7.689481736045675
604,783,1182,V112,15.175538880502293
604,783,1182,V113,15.175538880502293
604,783,1182,V114,15.175538880502293
604,783,931,V115,18.3740064075405
604,783,931,V116,18.3740064075405
604,783,931,V117,18.3740064075405
604,196,672,V820,12.560440507679765
604,196,672,V821,12.560440507679765
604,783,1276,V118,22.606377139254327
604,783,1276,V119,22.606377139254327
604,783,1102,V120,18.800951364959644
604,783,1102,V121,18.800951364959644
604,783,1229,V122,18.841160835534616
604,783,917,V123,5.8083597500151045
604,783,708,V124,10.697285568723771
604,196,535,V822,10.089384951575544
604,783,659,V125,5.809594285895007
608,885,931,V42,3.0617002345235647
608,885,931,V70,3.0617002345235647
608,885,931,V73,3.0617002345235647
608,885,931,V108,3.0617002345235647
608,885,931,V129,3.0617002345235647
608,1276,1370,V117,7.918112864657469
608,1276,1370,V118,7.918112864657469
608,1276,1370,V138,7.918112864657469
608,1102,1370,V48,11.609712853230407
608,1102,1370,V69,11.609712853230407
608,834,659,V53,5.284552964469467
608,834,659,V60,5.284552964469467
608,834,659,V72,5.284552964469467
608,834,659,V74,5.284552964469467
608,1229,1182,V83,3.960024365898536
608,1229,1182,V113,3.960024365898536
608,849,1068,V75,6.736061142863373
608,849,1068,V89,6.736061142863373
608,885,672,V145,5.876204136119103
608,1102,1013,V78,3.616251246210677
612,849,931,V104,4.4061387562478425
612,849,931,V111,4.4061387562478425
612,849,931,V115,4.4061387562478425
612,783,659,V41,5.809594285895007
612,783,659,V42,5.809594285895007
612,1229,1276,V75,3.959637309104105
612,1229,1276,V157,3.959637309104105
612,882,885,V61,2.852794790784161
612,882,885,V63,2.852794790784161
612,1229,1182,V160,3.960024365898536
612,1229,1182,V161,3.960024365898536
612,882,535,V68,9.342211452816104
612,882,708,V79,4.837510953567602
612,965,834,V44,3.83986736177262
616,1102,1229,V76,3.8392690799482057
616,1102,1229,V99,3.8392690799482057
616,1102,1229,V121,3.8392690799482057
616,1102,1229,V136,3.8392690799482057
616,1102,1229,V139,3.8392690799482057
616,1182,1229,V133,3.960024365898536
616,1398,1229,V146,5.282433425576492
616,1398,1229,V152,5.282433425576492
616,1106,1229,V129,6.605818539698737
616,965,1229,V46,8.77672016628073
616,965,1229,V52,8.77672016628073
616,965,1229,V59,8.77672016628073
616,965,1229,V60,8.77672016628073
616,965,1229,V61,8.77672016628073
616,965,1229,V62,8.77672016628073
616,965,1229,V65,8.77672016628073
616,965,1229,V66,8.77672016628073
616,965,1229,V67,8.77672016628073
616,965,1229,V72,8.77672016628073
616,965,1229,V75,8.77672016628073
616,965,1229,V82,8.77672016628073
616,965,1229,V85,8.77672016628073
616,965,1229,V86,8.77672016628073
616,965,834,V87,3.83986736177262
616,965,834,V90,3.83986736177262
616,965,834,V97,3.83986736177262
616,965,834,V98,3.83986736177262
616,965,834,V100,3.83986736177262
616,965,834,V106,3.83986736177262
616,965,834,V107,3.83986736177262
616,882,1013,V64,3.839767699909249
616,882,1013,V71,3.839767699909249
620,1068,1370,V48,7.841426035905807
620,1068,1370,V83,7.841426035905807
620,1068,1370,V92,7.841426035905807
620,1102,1276,V71,4.836798739646007
620,1068,1276,V107,8.66943360865319
620,1091,1182,V42,5.24631154396119
620,1091,1182,V81,5.24631154396119
620,917,834,V84,3.617203703030827
624,917,834,V106,3.617203703030827
624,965,834,V60,3.83986736177262
624,965,834,V63,3.83986736177262
624,965,834,V64,3.83986736177262
624,965,834,V67,3.83986736177262
624,965,834,V80,3.83986736177262
624,1229,1182,V42,3.960024365898536
628,965,834,V42,3.83986736177262
632,1229,1276,V84,3.959637309104105
636,708,834,V80,4.389831624444016
636,708,834,V87,4.389831624444016
636,708,834,V96,4.389831624444016
636,708,834,V102,4.389831624444016
636,708,834,V150,4.389831624444016
636,708,834,V178,4.389831624444016
636,659,834,V45,5.284552964469467
636,659,834,V55,5.284552964469467
636,659,834,V68,5.284552964469467
636,659,834,V74,5.284552964469467
636,659,834,V78,5.284552964469467
636,659,834,V79,5.284552964469467
636,659,834,V127,5.284552964469467
636,1102,1276,V46,4.836798739646007
636,1102,1276,V61,4.836798739646007
636,1102,1276,V71,4.836798739646007
636,1091,1182,V67,5.24631154396119
636,1091,1182,V97,5.24631154396119
636,1091,1182,V98,5.24631154396119
636,1435,1398,V114,5.805514364498899
636,1102,1398,V72,9.118728510486134
636,1091,1398,V106,9.6478124773512
636,1091,965,V117,4.388654712140797
636,1013,1229,V128,5.640389822593795
640,1091,834,V78,6.739095652327052
640,1091,834,V79,6.739095652327052
640,1091,834,V127,6.739095652327052
640,1091,834,V154,6.739095652327052
640,885,834,V72,7.688685710981335
640,885,834,V88,7.688685710981335
640,885,834,V90,7.688685710981335
640,885,834,V91,7.688685710981335
640,885,834,V99,7.688685710981335
640,885,834,V100,7.688685710981335
640,1013,1229,V169,5.640389822593795
640,1013,1229,V186,5.640389822593795
640,1013,1229,V188,5.640389822593795
640,885,1229,V110,8.89559413156451
640,885,1229,V116,8.89559413156451
640,885,1229,V118,8.89559413156451
640,885,1229,V125,8.89559413156451
640,885,1229,V129,8.89559413156451
640,885,1229,V130,8.89559413156451
640,885,1229,V133,8.89559413156451
640,1068,1106,V83,4.880745078525951
640,1068,1106,V92,4.880745078525951
640,1068,1106,V120,4.880745078525951
640,1068,1106,V121,4.880745078525951
640,1068,1106,V151,4.880745078525951
640,1068,855,V157,5.87594370452583
640,1068,855,V170,5.87594370452583
640,672,855,V76,11.369656353246375
640,672,855,V104,11.369656353246375
640,672,855,V148,11.369656353246375
640,885,965,V136,6.123119155303686
640,885,965,V137,6.123119155303686
640,885,965,V139,6.123119155303686
640,885,965,V146,6.123119155303686
640,535,708,V82,4.548441137468074
640,535,708,V119,4.548441137468074
640,535,708,V131,4.548441137468074
640,885,1276,V152,10.705394585658723
640,885,1276,V160,10.705394585658723
640,885,1276,V165,10.705394585658723
640,783,917,V42,5.8083597500151045
640,783,917,V44,5.8083597500151045
640,783,917,V45,5.8083597500151045
640,885,1102,V167,5.875878565174106
640,885,1102,V171,5.875878565174106
640,885,931,V174,3.0617002345235647
640,885,931,V180,3.0617002345235647
640,885,1398,V183,13.644566108710274
640,672,1398,V153,19.49150074262076
640,672,508,V168,8.81713559460697
640,783,659,V46,5.809594285895007
640,535,849,V147,14.6134281539242
644,1435,1398,V126,5.805514364498899
644,1276,1398,V106,7.438993890374081
644,1102,1398,V92,9.118728510486134
644,783,1398,V41,19.874616662347663
644,783,1398,V42,19.874616662347663
644,783,1398,V43,19.874616662347663
644,783,1398,V45,19.874616662347663
644,783,1398,V46,19.874616662347663
644,783,1398,V47,19.874616662347663
644,783,1398,V54,19.874616662347663
644,783,1398,V55,19.874616662347663
644,783,1398,V56,19.874616662347663
644,783,1398,V57,19.874616662347663
644,783,1398,V58,19.874616662347663
644,783,1398,V59,19.874616662347663
644,783,1398,V60,19.874616662347663
644,783,1398,V61,19.874616662347663
644,783,1398,V62,19.874616662347663
644,783,1398,V63,19.874616662347663
644,783,1398,V64,19.874616662347663
644,783,1398,V65,19.874616662347663
644,783,1398,V66,19.874616662347663
644,783,1398,V67,19.874616662347663
644,783,1398,V69,19.874616662347663
644,783,1398,V70,19.874616662347663
644,783,1398,V71,19.874616662347663
644,783,1398,V72,19.874616662347663
644,783,1398,V73,19.874616662347663
644,783,1398,V74,19.874616662347663
644,783,1398,V75,19.874616662347663
644,783,1398,V76,19.874616662347663
644,783,1398,V77,19.874616662347663
644,783,1398,V78,19.874616662347663
644,783,834,V79,7.689481736045675
644,783,834,V80,7.689481736045675
644,783,834,V81,7.689481736045675
644,783,834,V84,7.689481736045675
644,783,834,V85,7.689481736045675
644,783,834,V86,7.689481736045675
644,783,834,V87,7.689481736045675
644,783,834,V88,7.689481736045675
644,783,834,V90,7.689481736045675
644,783,1229,V91,18.841160835534616
644,783,1229,V93,18.841160835534616
644,783,1229,V94,18.841160835534616
644,783,1229,V95,18.841160835534616
644,783,1229,V96,18.841160835534616
644,783,1091,V97,10.241109598832232
644,783,1091,V98,10.241109598832232
644,783,1091,V99,10.241109598832232
644,783,1091,V100,10.241109598832232
644,783,1091,V101,10.241109598832232
644,359,535,V105,5.855067293961566
644,359,535,V108,5.855067293961566
644,359,535,V112,5.855067293961566
644,359,535,V123,5.855067293961566
644,783,882,V102,12.561839638690564
644,783,882,V103,12.561839638690564
644,783,882,V107,12.561839638690564
644,783,882,V109,12.561839638690564
644,783,659,V110,5.809594285895007
644,783,659,V111,5.809594285895007
644,783,659,V113,5.809594285895007
644,783,965,V114,10.498093903671007
644,783,965,V115,10.498093903671007
644,783,965,V116,10.498093903671007
644,196,1068,V823,24.999047730771046
644,196,1068,V824,24.999047730771046
644,196,1068,V825,24.999047730771046
644,196,672,V826,12.560440507679765
644,196,672,V827,12.560440507679765
644,783,885,V117,15.378166398318458
644,783,885,V118,15.378166398318458
644,783,917,V119,5.8083597500151045
648,882,965,V83,3.616965677313317
648,882,965,V94,3.616965677313317
648,882,965,V109,3.616965677313317
648,882,965,V110,3.616965677313317
648,882,885,V112,2.852794790784161
648,882,885,V124,2.852794790784161
648,1102,885,V50,5.875878565174106
648,1102,885,V100,5.875878565174106
648,834,672,V43,10.50082625207165
648,834,672,V57,10.50082625207165
648,834,672,V63,10.50082625207165
648,834,917,V64,3.617203703030827
648,834,917,V65,3.617203703030827
648,1106,1068,V53,4.880745078525951
648,1276,1068,V80,8.66943360865319
648,196,508,V828,13.049555197753463
648,1182,1398,V41,5.640321895106829
648,1276,931,V81,8.946223146223524
648,834,708,V66,4.389831624444016
652,1102,1370,V82,11.609712853230407
652,931,1370,V57,14.0283994658549
652,931,1370,V64,14.0283994658549
652,931,1370,V75,14.0283994658549
652,931,1370,V86,14.0283994658549
652,1182,1370,V45,15.837773174985912
652,885,1370,V65,16.72338167333642
652,885,1370,V66,16.72338167333642
652,885,1013,V88,3.46869779664105
652,885,1013,V110,3.46869779664105
652,965,1013,V46,4.881725510082577
652,965,1013,V48,4.881725510082577
652,965,1013,V76,4.881725510082577
652,965,1013,V89,4.881725510082577
652,834,1013,V67,8.005172893624191
652,659,708,V44,5.815596432206299
652,659,708,V85,5.815596432206299
652,659,708,V116,5.815596432206299
652,783,708,V42,10.697285568723771
652,783,882,V47,12.561839638690564
652,783,882,V49,12.561839638690564
652,196,535,V829,10.089384951575544
652,196,849,V830,18.33505576468225
652,783,917,V50,5.8083597500151045
652,783,1091,V53,10.241109598832232
652,196,672,V831,12.560440507679765
656,1229,1370,V41,11.877749718768223
656,1229,1370,V63,11.877749718768223
656,1013,1370,V45,15.22257692845342
656,1013,1370,V57,15.22257692845342
656,1013,1370,V64,15.22257692845342
656,1013,1370,V65,15.22257692845342
656,1013,1370,V66,15.22257692845342
656,1182,1370,V43,15.837773174985912
656,885,1370,V72,16.72338167333642
656,882,1370,V76,18.783825554252072
656,965,1370,V46,19.81745132026361
656,965,1370,V47,19.81745132026361
656,965,1370,V48,19.81745132026361
656,965,1370,V54,19.81745132026361
656,965,1370,V75,19.81745132026361
656,965,1370,V80,19.81745132026361
656,965,1370,V83,19.81745132026361
656,965,1370,V101,19.81745132026361
656,965,1370,V108,19.81745132026361
656,783,1370,V44,30.28578929187396
656,783,1370,V49,30.28578929187396
656,783,1370,V50,30.28578929187396
656,783,1370,V51,30.28578929187396
656,783,1370,V52,30.28578929187396
656,783,834,V53,7.689481736045675
656,783,834,V55,7.689481736045675
656,783,834,V58,7.689481736045675
656,783,834,V69,7.689481736045675
656,783,834,V70,7.689481736045675
656,783,834,V77,7.689481736045675
656,783,834,V84,7.689481736045675
656,783,834,V85,7.689481736045675
656,783,834,V86,7.689481736045675
656,783,834,V87,7.689481736045675
656,783,834,V88,7.689481736045675
656,783,834,V89,7.689481736045675
656,783,834,V93,7.689481736045675
656,783,1276,V94,22.606377139254327
656,783,1276,V95,22.606377139254327
656,783,1276,V96,22.606377139254327
656,783,1276,V97,22.606377139254327
656,783,1276,V100,22.606377139254327
656,783,1276,V102,22.606377139254327
656,783,1276,V103,22.606377139254327
656,783,931,V104,18.3740064075405
656,783,931,V106,18.3740064075405
656,783,931,V107,18.3740064075405
656,783,931,V111,18.3740064075405
656,783,931,V112,18.3740064075405
656,783,659,V113,5.809594285895007
656,783,659,V114,5.809594285895007
656,783,659,V115,5.809594285895007
656,783,1106,V116,22.318447076891776
656,783,1106,V117,22.318447076891776
656,783,1106,V119,22.318447076891776
656,783,1102,V120,18.800951364959644
656,783,1102,V121,18.800951364959644
656,783,917,V122,5.8083597500151045
656,196,672,V832,12.560440507679765
656,196,1068,V833,24.999047730771046
656,783,1091,V123,10.241109598832232
660,882,834,V58,4.883195120135012
660,882,834,V73,4.883195120135012
660,882,834,V118,4.883195120135012
660,659,834,V133,5.284552964469467
660,885,834,V87,7.688685710981335
660,885,834,V89,7.688685710981335
660,783,834,V55,7.689481736045675
660,783,834,V60,7.689481736045675
660,783,834,V62,7.689481736045675
660,535,708,V53,4.548441137468074
660,1013,708,V104,8.663428210145081
660,359,708,V124,10.088438580081291
660,359,708,V126,10.088438580081291
660,783,708,V69,10.697285568723771
660,783,708,V70,10.697285568723771
660,1229,1276,V86,3.959637309104105
660,1106,1276,V43,4.836798739645476
660,1106,1276,V44,4.836798739645476
660,1106,1276,V45,4.836798739645476
660,1102,965,V41,8.304116264398273
660,1102,965,V63,8.304116264398273
660,1102,965,V82,8.304116264398273
660,1102,965,V83,8.304116264398273
660,783,917,V77,5.8083597500151045
660,783,917,V84,5.8083597500151045
660,1398,1182,V97,5.640321895106829
660,1435,1091,V67,8.895594131564904
664,849,931,V62,4.4061387562478425
664,849,931,V81,4.4061387562478425
664,849,931,V95,4.4061387562478425
664,849,931,V103,4.4061387562478425
664,1102,931,V43,4.548251915941359
664,965,834,V55,3.83986736177262
664,965,834,V56,3.83986736177262
664,965,834,V83,3.83986736177262
664,965,834,V89,3.83986736177262
664,1102,885,V45,5.875878565174106
664,1102,885,V90,5.875878565174106
664,965,885,V117,6.123119155303686
664,1229,1276,V86,3.959637309104105
664,1229,1276,V87,3.959637309104105
664,535,672,V69,8.311483007291683
664,535,672,V70,8.311483007291683
664,1068,1370,V75,7.841426035905807
664,1106,1370,V46,8.775541653972592
664,965,882,V133,3.616965677313317
664,965,882,V134,3.616965677313317
664,1398,1091,V44,9.6478124773512
664,1106,1013,V47,7.015517581545067
668,917,834,V89,3.617203703030827
668,882,834,V90,4.883195120135012
668,882,834,V96,4.883195120135012
668,882,834,V105,4.883195120135012
668,659,834,V63,5.284552964469467
668,659,834,V131,5.284552964469467
668,1091,834,V58,6.739095652327052
668,1091,834,V67,6.739095652327052
668,1091,834,V88,6.739095652327052
668,885,834,V55,7.688685710981335
668,885,834,V98,7.688685710981335
668,535,708,V56,4.548441137468074
668,535,708,V60,4.548441137468074
668,535,708,V81,4.548441137468074
668,1013,965,V45,4.881725510082577
668,1182,965,V44,5.875748248781206
668,1182,965,V46,5.875748248781206
668,1068,1370,V75,7.841426035905807
668,849,855,V43,5.706192977162224
668,885,931,V116,3.0617002345235647
672,885,882,V47,2.852794790784161
672,885,882,V54,2.852794790784161
672,885,882,V102,2.852794790784161
672,885,882,V103,2.852794790784161
672,885,882,V110,2.852794790784161
672,885,882,V115,2.852794790784161
672,885,882,V116,2.852794790784161
672,885,882,V122,2.852794790784161
672,1013,931,V51,4.405443882921528
672,1013,931,V78,4.405443882921528
672,1013,931,V141,4.405443882921528
672,1013,931,V147,4.405443882921528
672,965,834,V44,3.83986736177262
672,965,834,V56,3.83986736177262
672,965,834,V151,3.83986736177262
672,659,834,V67,5.284552964469467
672,672,849,V69,6.511836392511076
676,965,834,V44,3.83986736177262
676,965,834,V51,3.83986736177262
676,965,834,V56,3.83986736177262
676,965,834,V75,3.83986736177262
676,965,882,V78,3.616965677313317
676,965,882,V96,3.616965677313317
676,965,882,V112,3.616965677313317
676,1091,917,V45,4.837115435970083
676,855,849,V49,5.706192977162224
684,1091,1182,V145,5.24631154396119
684,1398,1182,V56,5.640321895106829
684,1398,1182,V84,5.640321895106829
684,1398,1182,V86,5.640321895106829
684,1398,1182,V95,5.640321895106829
684,1398,1182,V100,5.640321895106829
684,1398,1182,V101,5.640321895106829
684,1398,1182,V103,5.640321895106829
684,1398,1182,V110,5.640321895106829
684,1398,1182,V113,5.640321895106829
684,1398,1182,V116,5.640321895106829
684,1398,1182,V122,5.640321895106829
684,1398,1182,V125,5.640321895106829
684,1102,1229,V83,3.8392690799482057
684,1102,1229,V87,3.8392690799482057
684,1102,1229,V92,3.8392690799482057
684,1102,1229,V123,3.8392690799482057
684,1102,1229,V146,3.8392690799482057
684,1102,1229,V152,3.8392690799482057
684,1398,1229,V130,5.282433425576492
684,1398,1229,V135,5.282433425576492
684,1398,1229,V142,5.282433425576492
684,1398,1229,V150,5.282433425576492
684,1106,1229,V65,6.605818539698737
684,1106,1229,V66,6.605818539698737
684,1106,1229,V72,6.605818539698737
684,1106,1276,V74,4.836798739645476
684,1106,1276,V76,4.836798739645476
684,1106,1276,V80,4.836798739645476
684,1106,1276,V85,4.836798739645476
684,1106,1276,V99,4.836798739645476
684,1106,1276,V106,4.836798739645476
684,1106,1276,V108,4.836798739645476
684,1106,1276,V114,4.836798739645476
684,1068,1276,V70,8.66943360865319
684,1068,1276,V77,8.66943360865319
684,885,834,V78,7.688685710981335
684,885,834,V112,7.688685710981335
684,783,834,V42,7.689481736045675
684,783,834,V44,7.689481736045675
684,783,834,V45,7.689481736045675
684,783,834,V46,7.689481736045675
684,783,834,V49,7.689481736045675
684,783,834,V51,7.689481736045675
684,783,834,V52,7.689481736045675
684,672,849,V41,6.511836392511076
684,672,849,V47,6.511836392511076
684,672,849,V81,6.511836392511076
684,672,849,V105,6.511836392511076
684,783,965,V53,10.498093903671007
684,783,965,V54,10.498093903671007
684,783,965,V58,10.498093903671007
684,672,1013,V133,9.341935125969725
684,1068,1013,V79,11.461019980924313
684,535,882,V126,9.342211452816104
684,535,882,V144,9.342211452816104
684,783,659,V59,5.809594285895007
688,783,834,V42,7.689481736045675
688,783,834,V43,7.689481736045675
688,783,834,V44,7.689481736045675
688,783,834,V45,7.689481736045675
688,783,834,V46,7.689481736045675
688,783,834,V47,7.689481736045675
688,783,834,V49,7.689481736045675
688,783,834,V50,7.689481736045675
688,783,834,V51,7.689481736045675
688,783,834,V52,7.689481736045675
688,783,834,V53,7.689481736045675
688,1102,882,V83,7.314751476768936
688,783,882,V54,12.561839638690564
688,783,882,V56,12.561839638690564
688,783,882,V58,12.561839638690564
688,783,882,V59,12.561839638690564
688,783,882,V62,12.561839638690564
688,783,882,V63,12.561839638690564
688,783,882,V64,12.561839638690564
688,783,882,V65,12.561839638690564
688,783,882,V66,12.561839638690564
688,783,882,V67,12.561839638690564
688,783,659,V69,5.809594285895007
688,783,659,V72,5.809594285895007
688,783,659,V75,5.809594285895007
688,783,659,V77,5.809594285895007
688,783,659,V78,5.809594285895007
688,783,659,V79,5.809594285895007
688,783,659,V81,5.809594285895007
688,783,659,V82,5.809594285895007
688,783,659,V87,5.809594285895007
688,1068,931,V121,8.304853837171269
688,1068,931,V128,8.304853837171269
688,1068,931,V140,8.304853837171269
688,1068,931,V141,8.304853837171269
688,508,931,V107,12.961089805583503
688,1398,931,V57,13.495077260547856
688,1398,931,V70,13.495077260547856
688,1398,931,V74,13.495077260547856
688,1398,931,V76,13.495077260547856
688,1398,885,V80,13.644566108710274
688,1398,885,V84,13.644566108710274
688,1398,885,V85,13.644566108710274
688,1398,885,V86,13.644566108710274
688,1398,885,V92,13.644566108710274
688,1398,885,V95,13.644566108710274
688,1398,885,V99,13.644566108710274
688,1398,885,V100,13.644566108710274
688,196,535,V834,10.089384951575544
688,196,535,V835,10.089384951575544
688,196,535,V836,10.089384951575544
688,196,535,V837,10.089384951575544
688,196,535,V838,10.089384951575544
688,196,535,V839,10.089384951575544
688,566,535,V175,11.474227573045091
688,783,708,V90,10.697285568723771
688,783,708,V93,10.697285568723771
688,783,708,V96,10.697285568723771
688,783,708,V104,10.697285568723771
688,783,708,V105,10.697285568723771
688,783,708,V109,10.697285568723771
688,1398,849,V101,17.29967050146656
688,1398,849,V103,17.29967050146656
688,1398,849,V106,17.29967050146656
688,1398,849,V108,17.29967050146656
688,1398,849,V110,17.29967050146656
688,1398,1229,V113,5.282433425576492
688,1398,1229,V114,5.282433425576492
688,1398,1229,V116,5.282433425576492
688,1398,1229,V122,5.282433425576492
688,1398,1276,V123,7.438993890374081
688,1398,1276,V125,7.438993890374081
688,1398,1276,V130,7.438993890374081
688,1398,1276,V135,7.438993890374081
688,1398,1182,V142,5.640321895106829
688,1398,1182,V145,5.640321895106829
688,783,965,V112,10.498093903671007
688,783,965,V115,10.498093903671007
688,783,672,V118,17.445012141301472
688,783,672,V119,17.445012141301472
688,1398,1013,V146,10.186376382121452
688,1435,1013,V60,13.46916483615337
688,1435,1106,V61,16.79895041123717
688,783,917,V120,5.8083597500151045
688,1435,1370,V68,20.067774326898714
692,834,535,V54,8.012842951904279
692,885,535,V95,10.569431103772471
692,885,535,V105,10.569431103772471
692,566,535,V182,11.474227573045091
692,566,535,V695,11.474227573045091
692,566,535,V696,11.474227573045091
692,566,535,V697,11.474227573045091
692,566,535,V698,11.474227573045091
692,566,535,V699,11.474227573045091
692,1106,931,V106,5.283575443416337
692,1182,931,V100,9.422487826577225
692,1435,931,V73,17.55186674578995
692,1435,931,V88,17.55186674578995
692,1435,931,V89,17.55186674578995
692,1435,1398,V91,5.805514364498899
692,1435,1398,V94,5.805514364498899
692,1435,1398,V97,5.805514364498899
692,1435,1398,V98,5.805514364498899
692,1435,855,V102,26.06628411335739
692,1435,855,V117,26.06628411335739
692,1435,855,V131,26.06628411335739
692,1435,1091,V132,8.895594131564904
692,1435,1091,V137,8.895594131564904
692,1435,1091,V138,8.895594131564904
692,1435,1229,V154,10.197737357480824
692,1435,1229,V155,10.197737357480824
692,1435,1229,V156,10.197737357480824
692,783,882,V41,12.561839638690564
692,783,882,V42,12.561839638690564
692,783,882,V43,12.561839638690564
692,783,708,V45,10.697285568723771
692,783,708,V46,10.697285568723771
692,783,659,V47,5.809594285895007
692,783,659,V48,5.809594285895007
692,783,672,V49,17.445012141301472
692,1435,1370,V158,20.067774326898714
692,783,965,V51,10.498093903671007
696,834,965,V73,3.83986736177262
696,834,965,V78,3.83986736177262
696,834,965,V88,3.83986736177262
696,834,965,V92,3.83986736177262
696,1182,965,V123,5.875748248781206
696,1182,965,V132,5.875748248781206
696,885,965,V42,6.123119155303686
696,1102,965,V97,8.304116264398273
696,931,965,V68,8.628970001760946
696,931,965,V82,8.628970001760946
696,783,965,V41,10.498093903671007
696,566,535,V124,11.474227573045091
696,566,535,V700,11.474227573045091
696,566,535,V701,11.474227573045091
696,1068,849,V102,6.736061142863373
696,1068,849,V117,6.736061142863373
696,1106,849,V89,6.739095652327052
696,783,917,V43,5.8083597500151045
696,783,917,V46,5.8083597500151045
696,1435,1370,V159,20.067774326898714
696,1435,1370,V160,20.067774326898714
696,783,708,V49,10.697285568723771
696,783,708,V51,10.697285568723771
696,1435,1091,V161,8.895594131564904
696,1435,1276,V162,13.12435356350428
700,882,965,V47,3.616965677313317
700,882,965,V61,3.616965677313317
700,1091,965,V56,4.388654712140797
700,1182,965,V74,5.875748248781206
700,1276,1102,V62,4.836798739646007
700,1276,1102,V66,4.836798739646007
700,1276,1102,V80,4.836798739646007
700,885,931,V46,3.0617002345235647
700,885,931,V82,3.0617002345235647
700,885,1013,V92,3.46869779664105
700,855,1068,V63,5.87594370452583
700,783,917,V42,5.8083597500151045
700,783,659,V43,5.809594285895007
704,965,834,V41,3.83986736177262
704,965,834,V56,3.83986736177262
704,708,834,V77,4.389831624444016
704,708,834,V79,4.389831624444016
704,708,834,V111,4.389831624444016
704,708,834,V117,4.389831624444016
704,885,834,V46,7.688685710981335
704,885,834,V51,7.688685710981335
704,1102,1229,V63,3.8392690799482057
704,1102,1229,V162,3.8392690799482057
704,1013,1229,V62,5.640389822593795
704,931,1229,V54,8.28950012214804
704,931,1229,V64,8.28950012214804
704,931,1229,V107,8.28950012214804
704,885,1229,V83,8.89559413156451
704,885,1229,V91,8.89559413156451
704,1435,1091,V163,8.895594131564904
704,1435,1091,V164,8.895594131564904
704,1435,1091,V165,8.895594131564904
704,1435,1091,V166,8.895594131564904
704,672,849,V45,6.511836392511076
704,672,849,V90,6.511836392511076
704,885,849,V93,6.749102957431653
704,783,917,V42,5.8083597500151045
704,783,917,V43,5.8083597500151045
704,783,882,V44,12.561839638690564
704,566,535,V104,11.474227573045091
708,882,885,V44,2.852794790784161
708,882,885,V98,2.852794790784161
708,1013,885,V100,3.46869779664105
708,1013,885,V113,3.46869779664105
708,1102,885,V41,5.875878565174106
708,1102,885,V56,5.875878565174106
708,1102,885,V78,5.875878565174106
708,1102,885,V107,5.875878565174106
708,1102,885,V115,5.875878565174106
708,672,885,V79,5.876204136119103
708,672,885,V101,5.876204136119103
708,965,885,V46,6.123119155303686
708,965,885,V51,6.123119155303686
708,965,885,V55,6.123119155303686
708,708,885,V54,6.511469320496247
708,708,885,V60,6.511469320496247
708,708,885,V62,6.511469320496247
708,1398,1182,V97,5.640321895106829
708,1276,1182,V67,7.919661523440269
708,1276,1182,V68,7.919661523440269
708,1435,1182,V168,8.189653224238826
708,834,1182,V43,9.674230674179531
708,1068,1106,V45,4.880745078525951
708,1068,1106,V53,4.880745078525951
708,849,1106,V89,6.739095652327052
708,855,1106,V58,9.423483175173253
708,708,1229,V64,14.16486062369625
708,708,1229,V83,14.16486062369625
708,708,931,V91,9.423506251261468
708,708,931,V105,9.423506251261468
712,1102,885,V45,5.875878565174106
712,1102,885,V52,5.875878565174106
712,1102,885,V53,5.875878565174106
712,834,965,V41,3.83986736177262
712,834,965,V44,3.83986736177262
712,834,965,V48,3.83986736177262
712,849,931,V58,4.4061387562478425
712,849,931,V93,4.4061387562478425
712,708,882,V57,4.837510953567602
712,708,882,V61,4.837510953567602
716,931,885,V52,3.0617002345235647
716,931,885,V69,3.0617002345235647
720,965,882,V69,3.616965677313317
720,708,882,V45,4.837510953567602
720,708,882,V71,4.837510953567602
720,708,882,V85,4.837510953567602
720,708,882,V88,4.837510953567602
720,931,882,V103,5.812636165404913
720,931,882,V104,5.812636165404913
720,1229,1276,V54,3.959637309104105
720,1229,1276,V61,3.959637309104105
720,1229,1276,V65,3.959637309104105
720,1229,1276,V77,3.959637309104105
720,1229,1276,V106,3.959637309104105
720,1229,1276,V139,3.959637309104105
720,1229,1276,V143,3.959637309104105
720,1102,885,V42,5.875878565174106
720,1102,885,V49,5.875878565174106
720,1102,885,V55,5.875878565174106
720,1102,1013,V59,3.616251246210677
720,1102,1013,V64,3.616251246210677
720,1102,1013,V73,3.616251246210677
720,1068,855,V41,5.87594370452583
724,1106,1276,V41,4.836798739645476
724,1102,1276,V55,4.836798739646007
724,1102,1276,V81,4.836798739646007
724,1102,1276,V83,4.836798739646007
724,1102,1276,V86,4.836798739646007
724,1102,1276,V107,4.836798739646007
724,1102,1276,V108,4.836798739646007
724,1102,1276,V110,4.836798739646007
724,1102,1276,V117,4.836798739646007
724,1102,1276,V131,4.836798739646007
724,1102,1276,V134,4.836798739646007
724,1102,1276,V136,4.836798739646007
724,1102,1276,V140,4.836798739646007
724,885,882,V45,2.852794790784161
724,885,882,V69,2.852794790784161
724,885,882,V71,2.852794790784161
724,885,882,V104,2.852794790784161
724,965,882,V42,3.616965677313317
724,965,882,V49,3.616965677313317
724,917,834,V43,3.617203703030827
724,917,834,V67,3.617203703030827
724,965,834,V60,3.83986736177262
724,1102,1013,V142,3.616251246210677
724,931,1013,V56,4.405443882921528
724,1398,1229,V51,5.282433425576492
728,885,882,V66,2.852794790784161
728,885,882,V69,2.852794790784161
728,885,882,V71,2.852794790784161
728,885,1013,V107,3.46869779664105
732,783,659,V41,5.809594285895007
732,783,659,V43,5.809594285895007
732,783,659,V45,5.809594285895007
732,783,659,V51,5.809594285895007
732,783,659,V54,5.809594285895007
732,783,659,V55,5.809594285895007
732,783,659,V56,5.809594285895007
732,1398,1229,V139,5.282433425576492
732,1398,1229,V142,5.282433425576492
732,931,1229,V81,8.28950012214804
732,931,1229,V83,8.28950012214804
732,931,1229,V89,8.28950012214804
732,931,1229,V103,8.28950012214804
732,885,882,V108,2.852794790784161
732,885,882,V110,2.852794790784161
732,885,882,V117,2.852794790784161
732,885,882,V131,2.852794790784161
732,965,834,V107,3.83986736177262
732,965,834,V113,3.83986736177262
732,708,834,V44,4.389831624444016
732,708,834,V60,4.389831624444016
732,1068,1276,V119,8.66943360865319
732,1091,1182,V49,5.24631154396119
732,931,1102,V115,4.548251915941359
732,931,849,V125,4.4061387562478425
736,1013,1229,V46,5.640389822593795
736,1013,1229,V48,5.640389822593795
736,885,1229,V89,8.89559413156451
736,885,1229,V117,8.89559413156451
736,885,1229,V130,8.89559413156451
736,1091,1229,V98,9.180034524729397
736,1091,1229,V109,9.180034524729397
736,1091,1229,V111,9.180034524729397
736,1091,1229,V112,9.180034524729397
736,1091,1229,V124,9.180034524729397
736,1091,1229,V129,9.180034524729397
736,1091,965,V138,4.388654712140797
736,783,965,V41,10.498093903671007
736,783,965,V42,10.498093903671007
736,783,965,V43,10.498093903671007
736,783,965,V44,10.498093903671007
736,783,965,V45,10.498093903671007
736,783,965,V47,10.498093903671007
736,783,965,V49,10.498093903671007
736,783,965,V50,10.498093903671007
736,783,659,V51,5.809594285895007
736,783,659,V52,5.809594285895007
736,783,659,V53,5.809594285895007
736,783,659,V54,5.809594285895007
736,783,659,V55,5.809594285895007
736,783,659,V56,5.809594285895007
736,783,659,V58,5.809594285895007
736,783,659,V60,5.809594285895007
736,672,708,V73,6.751878981086827
736,359,708,V94,10.088438580081291
736,359,708,V95,10.088438580081291
736,359,708,V110,10.088438580081291
736,783,708,V61,10.697285568723771
736,783,708,V62,10.697285568723771
736,783,708,V63,10.697285568723771
736,783,708,V65,10.697285568723771
736,783,882,V66,12.561839638690564
736,783,882,V68,12.561839638690564
736,783,882,V69,12.561839638690564
736,783,882,V70,12.561839638690564
736,783,882,V71,12.561839638690564
736,783,882,V72,12.561839638690564
736,1068,931,V146,8.304853837171269
736,1068,931,V150,8.304853837171269
736,1068,931,V158,8.304853837171269
736,508,931,V82,12.961089805583503
736,508,931,V90,12.961089805583503
736,508,931,V91,12.961089805583503
736,783,1398,V76,19.874616662347663
736,783,1398,V77,19.874616662347663
736,783,1398,V78,19.874616662347663
736,783,1398,V79,19.874616662347663
736,508,1102,V123,17.327384898394307
736,783,1102,V80,18.800951364959644
736,783,1102,V81,18.800951364959644
736,783,1276,V83,22.606377139254327
736,783,1276,V84,22.606377139254327
736,783,1276,V85,22.606377139254327
736,783,1182,V86,15.175538880502293
736,783,1182,V87,15.175538880502293
736,783,1182,V88,15.175538880502293
736,783,834,V93,7.689481736045675
740,965,834,V41,3.83986736177262
740,965,834,V75,3.83986736177262
740,659,834,V63,5.284552964469467
740,783,834,V42,7.689481736045675
740,783,834,V43,7.689481736045675
740,783,834,V44,7.689481736045675
740,783,834,V45,7.689481736045675
740,783,834,V49,7.689481736045675
740,783,834,V50,7.689481736045675
740,783,834,V51,7.689481736045675
740,783,834,V53,7.689481736045675
740,783,834,V56,7.689481736045675
740,783,834,V57,7.689481736045675
740,783,834,V58,7.689481736045675
740,783,834,V60,7.689481736045675
740,783,834,V64,7.689481736045675
740,783,834,V65,7.689481736045675
740,783,834,V66,7.689481736045675
740,783,834,V67,7.689481736045675
740,783,834,V68,7.689481736045675
740,783,834,V69,7.689481736045675
740,783,834,V70,7.689481736045675
740,783,834,V72,7.689481736045675
740,783,834,V73,7.689481736045675
740,783,834,V76,7.689481736045675
740,783,834,V77,7.689481736045675
740,783,834,V80,7.689481736045675
740,783,834,V82,7.689481736045675
740,783,834,V83,7.689481736045675
740,783,834,V84,7.689481736045675
740,1276,931,V54,8.946223146223524
740,1276,931,V59,8.946223146223524
740,1276,931,V71,8.946223146223524
740,1276,931,V78,8.946223146223524
740,1276,931,V113,8.946223146223524
740,783,931,V85,18.3740064075405
740,783,931,V86,18.3740064075405
740,783,931,V88,18.3740064075405
740,783,885,V89,15.378166398318458
740,783,885,V90,15.378166398318458
740,783,885,V92,15.378166398318458
740,783,885,V93,15.378166398318458
740,783,885,V94,15.378166398318458
740,783,885,V95,15.378166398318458
740,783,885,V96,15.378166398318458
740,783,885,V98,15.378166398318458
740,783,1068,V103,26.525178301273773
740,783,1068,V108,26.525178301273773
740,783,1068,V109,26.525178301273773
740,783,1068,V110,26.525178301273773
740,783,1068,V111,26.525178301273773
740,783,882,V112,12.561839638690564
740,783,882,V117,12.561839638690564
740,783,882,V120,12.561839638690564
740,783,882,V121,12.561839638690564
740,783,882,V123,12.561839638690564
740,783,1106,V124,22.318447076891776
740,783,1106,V126,22.318447076891776
740,783,1106,V127,22.318447076891776
740,783,1106,V128,22.318447076891776
740,783,708,V129,10.697285568723771
740,783,708,V131,10.697285568723771
740,783,708,V133,10.697285568723771
740,783,1013,V134,15.308499342485224
740,783,1013,V135,15.308499342485224
740,783,1013,V136,15.308499342485224
740,783,917,V137,5.8083597500151045
740,783,917,V138,5.8083597500151045
740,783,917,V139,5.8083597500151045
740,783,855,V140,27.60378823743443
740,566,535,V703,11.474227573045091
740,783,1229,V141,18.841160835534616
740,783,1182,V142,15.175538880502293
740,783,1091,V143,10.241109598832232
740,783,1102,V144,18.800951364959644
740,783,849,V145,21.903135562742808
744,783,917,V43,5.8083597500151045
744,783,917,V47,5.8083597500151045
744,783,917,V48,5.8083597500151045
744,783,659,V51,5.809594285895007
744,783,659,V61,5.809594285895007
744,783,659,V62,5.809594285895007
744,359,535,V42,5.855067293961566
744,359,535,V44,5.855067293961566
744,1276,1370,V85,7.918112864657469
744,1276,1370,V113,7.918112864657469
744,1276,1229,V126,3.959637309104105
744,1182,1229,V41,3.960024365898536
744,849,1068,V54,6.736061142863373
744,882,1068,V100,14.033707701296978
744,882,1091,V102,7.965381677815221
744,882,1106,V142,10.203820878312005
744,359,708,V45,10.088438580081291
744,783,885,V71,15.378166398318458
748,783,659,V44,5.809594285895007
748,783,659,V45,5.809594285895007
748,783,659,V47,5.809594285895007
748,783,659,V51,5.809594285895007
748,783,659,V54,5.809594285895007
748,783,659,V62,5.809594285895007
748,882,965,V59,3.616965677313317
748,1013,965,V41,4.881725510082577
748,1013,965,V48,4.881725510082577
748,1013,965,V71,4.881725510082577
748,1013,965,V123,4.881725510082577
748,1013,885,V132,3.46869779664105
748,1106,885,V142,7.965381677815221
748,1182,885,V85,8.662721360426067
748,1182,885,V103,8.662721360426067
748,1276,885,V88,10.705394585658723
748,1068,1229,V118,11.360488351411393
748,1296,1229,V55,18.186956046651705
748,783,1229,V78,18.841160835534616
748,783,1229,V79,18.841160835534616
748,783,1091,V80,10.241109598832232
748,783,1091,V81,10.241109598832232
748,783,1102,V83,18.800951364959644
748,783,1102,V84,18.800951364959644
748,359,535,V50,5.855067293961566
748,359,535,V53,5.855067293961566
748,359,672,V56,13.82150748825628
748,359,708,V57,10.088438580081291
748,783,834,V86,7.689481736045675
748,359,849,V58,20.280567075307232
752,1182,1276,V75,7.919661523440269
752,1182,1276,V113,7.919661523440269
752,931,1276,V124,8.946223146223524
752,965,1276,V41,12.284417645367478
752,965,1370,V47,19.81745132026361
752,965,1370,V71,19.81745132026361
752,965,1370,V84,19.81745132026361
752,965,1370,V86,19.81745132026361
752,965,882,V118,3.616965677313317
752,917,882,V94,7.68788945836583
752,535,882,V137,9.342211452816104
752,659,1106,V54,19.6208363343578
752,783,1106,V42,22.318447076891776
752,783,834,V46,7.689481736045675
752,783,834,V50,7.689481736045675
752,783,1229,V51,18.841160835534616
756,965,834,V45,3.83986736177262
756,965,834,V57,3.83986736177262
756,965,834,V59,3.83986736177262
756,708,834,V99,4.389831624444016
756,659,834,V46,5.284552964469467
756,659,834,V153,5.284552964469467
756,1091,834,V78,6.739095652327052
756,885,834,V44,7.688685710981335
756,885,834,V48,7.688685710981335
756,885,834,V81,7.688685710981335
756,885,834,V97,7.688685710981335
756,885,834,V118,7.688685710981335
756,885,834,V121,7.688685710981335
756,783,834,V41,7.689481736045675
756,783,834,V47,7.689481736045675
756,1102,882,V54,7.314751476768936
756,535,882,V43,9.342211452816104
756,535,882,V77,9.342211452816104
756,535,882,V89,9.342211452816104
756,535,882,V94,9.342211452816104
756,535,882,V102,9.342211452816104
756,1106,1276,V42,4.836798739645476
756,1068,1276,V50,8.66943360865319
756,849,1182,V71,13.728760504847472
756,849,672,V76,6.511836392511076
760,917,834,V87,3.617203703030827
760,659,834,V56,5.284552964469467
760,659,834,V140,5.284552964469467
760,783,834,V47,7.689481736045675
760,783,834,V52,7.689481736045675
760,783,834,V53,7.689481736045675
760,783,834,V57,7.689481736045675
760,783,834,V71,7.689481736045675
760,783,834,V75,7.689481736045675
760,783,834,V85,7.689481736045675
760,783,834,V99,7.689481736045675
760,783,834,V113,7.689481736045675
760,931,885,V44,3.0617002345235647
760,931,885,V46,3.0617002345235647
760,931,885,V51,3.0617002345235647
760,931,885,V89,3.0617002345235647
760,1102,885,V50,5.875878565174106
760,849,885,V48,6.749102957431653
760,849,885,V79,6.749102957431653
760,535,708,V55,4.548441137468074
760,535,708,V76,4.548441137468074
760,535,708,V100,4.548441137468074
760,359,708,V49,10.088438580081291
760,1229,1276,V42,3.959637309104105
760,1398,1276,V80,7.438993890374081
760,849,672,V84,6.511836392511076
760,1068,1106,V127,4.880745078525951
760,855,1370,V92,13.377197086368376
760,783,965,V124,10.498093903671007
764,965,834,V47,3.83986736177262
764,965,834,V100,3.83986736177262
764,965,834,V128,3.83986736177262
764,708,834,V99,4.389831624444016
764,708,834,V127,4.389831624444016
764,882,834,V43,4.883195120135012
764,882,834,V45,4.883195120135012
764,882,834,V49,4.883195120135012
764,882,834,V59,4.883195120135012
764,659,834,V53,5.284552964469467
764,1091,834,V52,6.739095652327052
764,1091,834,V56,6.739095652327052
764,1091,834,V77,6.739095652327052
764,1091,834,V123,6.739095652327052
764,1091,834,V136,6.739095652327052
764,1091,834,V144,6.739095652327052
764,783,834,V80,7.689481736045675
764,783,834,V140,7.689481736045675
764,1102,1106,V44,3.80171314717607
764,1102,1106,V71,3.80171314717607
764,1102,1106,V94,3.80171314717607
764,1068,1370,V90,7.841426035905807
768,708,834,V49,4.389831624444016
768,708,834,V60,4.389831624444016
768,708,834,V100,4.389831624444016
768,708,834,V140,4.389831624444016
768,708,834,V150,4.389831624444016
768,708,834,V165,4.389831624444016
768,708,834,V170,4.389831624444016
768,882,834,V94,4.883195120135012
768,882,834,V118,4.883195120135012
768,1091,834,V57,6.739095652327052
768,1091,834,V109,6.739095652327052
768,1091,834,V134,6.739095652327052
768,1091,834,V149,6.739095652327052
768,1091,965,V160,4.388654712140797
768,1091,965,V164,4.388654712140797
768,1013,965,V46,4.881725510082577
768,1013,965,V54,4.881725510082577
768,1013,965,V75,4.881725510082577
768,1398,1435,V126,5.805514364498899
768,1398,1435,V155,5.805514364498899
768,1229,1435,V42,10.197737357480824
768,1068,1370,V48,7.841426035905807
768,783,917,V78,5.8083597500151045
772,965,834,V54,3.83986736177262
772,965,834,V78,3.83986736177262
772,882,834,V42,4.883195120135012
772,882,834,V46,4.883195120135012
772,882,834,V48,4.883195120135012
772,882,885,V109,2.852794790784161
772,882,885,V126,2.852794790784161
776,1229,1276,V77,3.959637309104105
776,1229,1276,V79,3.959637309104105
776,1229,1276,V88,3.959637309104105
776,1229,1276,V93,3.959637309104105
776,1182,1435,V75,8.189653224238826
780,1013,965,V101,4.881725510082577
780,1013,965,V109,4.881725510082577
780,1013,965,V124,4.881725510082577
780,1013,965,V136,4.881725510082577
780,1013,965,V141,4.881725510082577
780,885,834,V76,7.688685710981335
780,783,834,V41,7.689481736045675
780,783,834,V42,7.689481736045675
780,1229,1182,V144,3.960024365898536
780,1229,1182,V156,3.960024365898536
780,1013,1182,V150,5.283249325636405
780,1013,882,V166,3.839767699909249
780,1013,882,V167,3.839767699909249
780,783,659,V43,5.809594285895007
780,783,659,V44,5.809594285895007
780,1106,1276,V121,4.836798739645476
784,885,834,V41,7.688685710981335
784,885,834,V76,7.688685710981335
784,885,834,V161,7.688685710981335
784,783,834,V43,7.689481736045675
784,783,834,V44,7.689481736045675
784,783,834,V45,7.689481736045675
784,783,834,V47,7.689481736045675
784,783,834,V48,7.689481736045675
784,783,834,V49,7.689481736045675
784,783,834,V50,7.689481736045675
784,783,834,V51,7.689481736045675
784,783,834,V52,7.689481736045675
784,783,834,V53,7.689481736045675
784,1013,931,V141,4.405443882921528
784,1013,931,V143,4.405443882921528
784,1106,931,V164,5.283575443416337
784,1106,931,V165,5.283575443416337
784,672,931,V78,6.73915242731767
784,1068,931,V137,8.304853837171269
784,508,931,V96,12.961089805583503
784,1398,931,V93,13.495077260547856
784,783,931,V54,18.3740064075405
784,783,659,V55,5.809594285895007
784,783,659,V56,5.809594285895007
784,783,659,V57,5.809594285895007
784,783,659,V59,5.809594285895007
784,783,659,V60,5.809594285895007
784,783,659,V62,5.809594285895007
784,783,659,V63,5.809594285895007
784,783,965,V64,10.498093903671007
784,783,965,V75,10.498093903671007
784,783,965,V81,10.498093903671007
784,783,965,V84,10.498093903671007
784,783,965,V86,10.498093903671007
784,783,965,V87,10.498093903671007
784,359,535,V66,5.855067293961566
784,359,535,V67,5.855067293961566
784,359,535,V68,5.855067293961566
784,359,535,V69,5.855067293961566
784,783,1229,V88,18.841160835534616
784,783,1229,V90,18.841160835534616
784,783,1229,V91,18.841160835534616
784,783,1229,V92,18.841160835534616
784,783,1091,V94,10.241109598832232
784,783,1091,V97,10.241109598832232
784,783,1091,V98,10.241109598832232
784,783,882,V101,12.561839638690564
784,783,882,V106,12.561839638690564
784,783,882,V109,12.561839638690564
784,359,849,V70,20.280567075307232
784,359,849,V72,20.280567075307232
784,359,849,V73,20.280567075307232
784,359,708,V74,10.088438580081291
784,359,708,V82,10.088438580081291
784,783,1182,V110,15.175538880502293
784,783,1182,V111,15.175538880502293
784,783,1102,V112,18.800951364959644
784,783,1102,V113,18.800951364959644
788,882,834,V64,4.883195120135012
788,882,834,V66,4.883195120135012
788,783,834,V42,7.689481736045675
788,783,834,V43,7.689481736045675
788,783,834,V44,7.689481736045675
788,783,834,V45,7.689481736045675
788,783,834,V47,7.689481736045675
788,1102,1013,V61,3.616251246210677
788,783,1013,V48,15.308499342485224
788,783,1013,V49,15.308499342485224
788,783,1013,V50,15.308499342485224
788,783,1013,V51,15.308499342485224
788,783,1013,V52,15.308499342485224
788,783,1013,V53,15.308499342485224
788,783,1091,V54,10.241109598832232
788,783,1091,V56,10.241109598832232
788,783,1091,V59,10.241109598832232
788,783,1091,V62,10.241109598832232
788,783,1091,V63,10.241109598832232
788,783,1091,V67,10.241109598832232
788,783,1370,V68,30.28578929187396
788,783,1370,V69,30.28578929187396
788,783,1370,V70,30.28578929187396
788,783,1370,V71,30.28578929187396
788,783,1370,V73,30.28578929187396
788,783,1370,V74,30.28578929187396
788,783,1229,V75,18.841160835534616
788,783,1229,V76,18.841160835534616
788,783,1229,V78,18.841160835534616
788,783,1229,V81,18.841160835534616
788,783,1229,V82,18.841160835534616
788,783,1229,V84,18.841160835534616
788,783,659,V86,5.809594285895007
788,783,659,V87,5.809594285895007
788,783,659,V91,5.809594285895007
788,783,659,V92,5.809594285895007
788,783,659,V93,5.809594285895007
788,783,965,V94,10.498093903671007
788,783,965,V97,10.498093903671007
788,783,965,V103,10.498093903671007
788,783,965,V106,10.498093903671007
788,783,965,V109,10.498093903671007
788,359,535,V100,5.855067293961566
788,359,535,V102,5.855067293961566
788,783,1106,V110,22.318447076891776
788,783,1106,V111,22.318447076891776
788,783,931,V117,18.3740064075405
788,783,931,V120,18.3740064075405
788,783,1276,V123,22.606377139254327
788,359,855,V104,25.072383606119217
788,783,1182,V126,15.175538880502293
788,783,1068,V128,26.525178301273773
792,1102,1229,V72,3.8392690799482057
792,1102,1229,V111,3.8392690799482057
792,1102,1229,V123,3.8392690799482057
792,1276,1229,V78,3.959637309104105
792,1182,1229,V54,3.960024365898536
792,1182,1229,V56,3.960024365898536
792,1182,1229,V59,3.960024365898536
792,1182,1229,V67,3.960024365898536
792,1182,1229,V68,3.960024365898536
792,882,885,V55,2.852794790784161
792,882,885,V57,2.852794790784161
792,882,885,V94,2.852794790784161
792,882,885,V98,2.852794790784161
792,931,885,V76,3.0617002345235647
792,1182,965,V69,5.875748248781206
792,1182,965,V71,5.875748248781206
792,1182,965,V74,5.875748248781206
792,1182,965,V126,5.875748248781206
792,931,965,V117,8.628970001760946
792,1370,1013,V155,15.22257692845342
792,1370,1013,V156,15.22257692845342
792,1370,1013,V157,15.22257692845342
792,359,535,V105,5.855067293961566
792,359,535,V107,5.855067293961566
792,359,535,V108,5.855067293961566
792,783,659,V42,5.809594285895007
792,783,659,V43,5.809594285895007
792,783,834,V44,7.689481736045675
792,783,834,V45,7.689481736045675
792,359,672,V114,13.82150748825628
792,783,917,V47,5.8083597500151045
792,1370,1398,V159,14.289920547900731
792,783,1091,V49,10.241109598832232
792,1370,1106,V161,8.775541653972592
796,882,965,V48,3.616965677313317
796,882,965,V70,3.616965677313317
796,882,965,V71,3.616965677313317
796,882,965,V74,3.616965677313317
796,882,965,V109,3.616965677313317
796,885,965,V73,6.123119155303686
796,708,965,V62,6.739138237495128
796,708,834,V63,4.389831624444016
796,708,834,V91,4.389831624444016
796,708,834,V107,4.389831624444016
796,783,834,V42,7.689481736045675
796,783,834,V51,7.689481736045675
796,783,834,V55,7.689481736045675
796,783,834,V59,7.689481736045675
796,1102,1013,V44,3.616251246210677
796,1102,1013,V54,3.616251246210677
796,1102,1013,V56,3.616251246210677
796,359,535,V116,5.855067293961566
796,359,535,V119,5.855067293961566
796,1102,1276,V111,4.836798739646007
796,1102,1276,V150,4.836798739646007
796,931,1229,V41,8.28950012214804
796,931,1229,V57,8.28950012214804
796,783,659,V64,5.809594285895007
796,783,659,V65,5.809594285895007
796,783,1091,V67,10.241109598832232
796,931,672,V68,6.73915242731767
796,931,855,V98,9.765900232263595
796,931,1182,V134,9.422487826577225
796,1370,1068,V162,7.841426035905807
800,708,834,V50,4.389831624444016
800,708,834,V71,4.389831624444016
800,708,834,V74,4.389831624444016
800,708,834,V87,4.389831624444016
800,708,834,V91,4.389831624444016
800,708,834,V96,4.389831624444016
800,708,834,V100,4.389831624444016
800,882,834,V44,4.883195120135012
800,882,834,V55,4.883195120135012
800,1102,1276,V76,4.836798739646007
800,1102,1276,V105,4.836798739646007
800,1102,1276,V134,4.836798739646007
800,1370,1276,V167,7.918112864657469
800,1370,1276,V169,7.918112864657469
800,1370,1276,V171,7.918112864657469
800,1370,1276,V172,7.918112864657469
800,359,535,V122,5.855067293961566
800,359,535,V125,5.855067293961566
800,359,535,V133,5.855067293961566
800,359,535,V135,5.855067293961566
800,359,535,V139,5.855067293961566
800,1013,931,V54,4.405443882921528
800,1013,931,V57,4.405443882921528
800,882,931,V59,5.812636165404913
800,1068,931,V49,8.304853837171269
800,1068,885,V104,11.364565785437158
800,1068,885,V144,11.364565785437158
800,1068,885,V155,11.364565785437158
800,783,885,V42,15.378166398318458
800,1435,1182,V61,8.189653224238826
800,1435,1182,V79,8.189653224238826
800,783,1182,V43,15.175538880502293
800,783,917,V46,5.8083597500151045
800,783,917,V47,5.8083597500151045
800,783,917,V48,5.8083597500151045
800,1370,849,V173,14.16435382667801
800,1370,849,V174,14.16435382667801
800,359,849,V147,20.280567075307232
800,359,855,V151,25.072383606119217
800,359,855,V158,25.072383606119217
800,783,1229,V51,18.841160835534616
800,783,1229,V52,18.841160835534616
804,1106,1102,V76,3.80171314717607
804,1106,1102,V134,3.80171314717607
804,1229,1102,V155,3.8392690799482057
804,1398,1276,V154,7.438993890374081
804,1398,1276,V171,7.438993890374081
804,855,849,V94,5.706192977162224
804,855,849,V111,5.706192977162224
804,834,917,V119,3.617203703030827
804,965,1091,V41,4.388654712140797
804,885,1013,V52,3.46869779664105
808,885,882,V59,2.852794790784161
808,885,882,V99,2.852794790784161
808,885,882,V119,2.852794790784161
808,885,882,V122,2.852794790784161
808,885,882,V124,2.852794790784161
808,885,882,V134,2.852794790784161
808,885,882,V144,2.852794790784161
808,885,882,V147,2.852794790784161
808,885,882,V161,2.852794790784161
808,931,882,V44,5.812636165404913
808,931,882,V64,5.812636165404913
808,931,882,V76,5.812636165404913
808,931,882,V78,5.812636165404913
808,931,882,V104,5.812636165404913
808,931,882,V133,5.812636165404913
808,931,882,V140,5.812636165404913
808,1091,882,V56,7.965381677815221
808,1091,882,V66,7.965381677815221
808,659,834,V63,5.284552964469467
808,659,834,V93,5.284552964469467
808,659,834,V117,5.284552964469467
808,1091,834,V75,6.739095652327052
808,1091,834,V106,6.739095652327052
808,535,708,V72,4.548441137468074
808,535,708,V85,4.548441137468074
808,535,708,V88,4.548441137468074
808,535,708,V126,4.548441137468074
808,1229,1276,V52,3.959637309104105
808,1106,1276,V61,4.836798739645476
808,1091,965,V115,4.388654712140797
808,1091,965,V120,4.388654712140797
808,849,855,V135,5.706192977162224
808,1106,1013,V77,7.015517581545067
812,1102,931,V63,4.548251915941359
812,1102,931,V66,4.548251915941359
812,1106,931,V41,5.283575443416337
812,1106,931,V43,5.283575443416337
812,1106,931,V45,5.283575443416337
812,1106,885,V154,7.965381677815221
812,1182,885,V47,8.662721360426067
812,1229,885,V44,8.89559413156451
812,1229,885,V52,8.89559413156451
812,917,882,V93,7.68788945836583
812,1091,882,V78,7.965381677815221
812,1091,882,V99,7.965381677815221
812,1091,882,V122,7.965381677815221
812,1091,965,V133,4.388654712140797
812,1091,965,V144,4.388654712140797
812,1068,855,V68,5.87594370452583
812,1068,855,V77,5.87594370452583
812,1229,1013,V61,5.640389822593795
812,1229,1013,V76,5.640389822593795
812,535,708,V60,4.548441137468074
812,1068,849,V81,6.736061142863373
816,535,708,V67,4.548441137468074
816,535,708,V88,4.548441137468074
816,535,708,V98,4.548441137468074
816,535,708,V100,4.548441137468074
816,885,931,V64,3.0617002345235647
816,885,931,V93,3.0617002345235647
816,1102,931,V105,4.548251915941359
816,1102,931,V124,4.548251915941359
816,1102,882,V144,7.314751476768936
816,672,882,V43,7.316385892068044
816,1068,855,V82,5.87594370452583
816,1091,965,V119,4.388654712140797
816,1276,1229,V54,3.959637309104105
816,783,659,V47,5.809594285895007
820,834,965,V119,3.83986736177262
820,1091,965,V122,4.388654712140797
820,1091,965,V156,4.388654712140797
820,885,882,V45,2.852794790784161
820,885,882,V53,2.852794790784161
824,1229,1398,V54,5.282433425576492
824,1229,1398,V155,5.282433425576492
824,1182,1398,V56,5.640321895106829
824,1182,1398,V62,5.640321895106829
824,1182,1398,V99,5.640321895106829
824,1435,1398,V60,5.805514364498899
824,1435,1398,V65,5.805514364498899
824,1435,1398,V71,5.805514364498899
824,1435,1398,V92,5.805514364498899
824,1435,1398,V137,5.805514364498899
824,1276,1398,V66,7.438993890374081
824,1276,1398,V70,7.438993890374081
824,1102,1398,V45,9.118728510486134
824,1102,1398,V48,9.118728510486134
824,1102,1398,V124,9.118728510486134
824,1091,1398,V42,9.6478124773512
824,1091,1398,V91,9.6478124773512
824,885,882,V88,2.852794790784161
824,885,882,V107,2.852794790784161
824,1013,882,V47,3.839767699909249
824,1013,882,V53,3.839767699909249
824,1013,882,V59,3.839767699909249
824,708,882,V64,4.837510953567602
824,708,882,V97,4.837510953567602
828,885,882,V59,2.852794790784161
828,885,882,V64,2.852794790784161
828,672,882,V61,7.316385892068044
828,672,882,V63,7.316385892068044
828,1106,1276,V42,4.836798739645476
828,1106,1276,V44,4.836798739645476
828,1106,1276,V45,4.836798739645476
828,1106,1276,V48,4.836798739645476
828,917,834,V79,3.617203703030827
828,917,834,V87,3.617203703030827
828,917,834,V104,3.617203703030827
828,849,931,V47,4.4061387562478425
828,849,931,V88,4.4061387562478425
828,783,659,V43,5.809594285895007
828,783,659,V50,5.809594285895007
828,1182,965,V53,5.875748248781206
828,783,965,V51,10.498093903671007
832,783,834,V42,7.689481736045675
832,783,834,V43,7.689481736045675
832,783,834,V44,7.689481736045675
832,783,834,V46,7.689481736045675
832,783,834,V47,7.689481736045675
832,783,834,V48,7.689481736045675
832,783,834,V51,7.689481736045675
832,783,834,V53,7.689481736045675
832,1106,1276,V54,4.836798739645476
832,1106,1276,V65,4.836798739645476
832,1106,1276,V66,4.836798739645476
832,1106,1276,V70,4.836798739645476
832,1106,1276,V71,4.836798739645476
832,1106,1276,V76,4.836798739645476
832,535,708,V141,4.548441137468074
832,535,708,V145,4.548441137468074
832,672,708,V68,6.751878981086827
832,672,708,V69,6.751878981086827
832,672,708,V81,6.751878981086827
832,359,708,V83,10.088438580081291
832,1102,1182,V49,6.120304815079837
832,1106,1182,V77,9.760018472127422
832,1106,1182,V91,9.760018472127422
832,1106,1182,V92,9.760018472127422
832,1106,1182,V96,9.760018472127422
832,783,965,V56,10.498093903671007
832,783,965,V57,10.498093903671007
832,783,965,V59,10.498093903671007
832,783,965,V62,10.498093903671007
832,783,965,V67,10.498093903671007
832,783,1091,V73,10.241109598832232
832,783,1091,V75,10.241109598832232
832,783,1091,V78,10.241109598832232
832,849,931,V107,4.4061387562478425
832,849,931,V147,4.4061387562478425
832,1106,931,V99,5.283575443416337
832,1106,1398,V119,11.562838367297022
832,1106,1398,V124,11.562838367297022
832,1106,1398,V125,11.562838367297022
832,1106,1229,V132,6.605818539698737
832,1106,1229,V137,6.605818539698737
832,1106,1229,V155,6.605818539698737
832,1106,882,V164,10.203820878312005
832,783,882,V79,12.561839638690564
832,783,917,V82,5.8083597500151045
832,783,659,V85,5.809594285895007
836,1102,931,V97,4.548251915941359
836,1102,931,V132,4.548251915941359
836,1102,931,V137,4.548251915941359
836,882,931,V67,5.812636165404913
836,882,931,V69,5.812636165404913
836,882,931,V77,5.812636165404913
836,783,965,V41,10.498093903671007
836,783,965,V42,10.498093903671007
836,783,965,V43,10.498093903671007
836,783,965,V44,10.498093903671007
836,1276,1182,V89,7.919661523440269
836,1276,1182,V90,7.919661523440269
836,1276,1182,V98,7.919661523440269
836,1276,1182,V100,7.919661523440269
836,1276,1013,V103,8.190822817543284
836,1276,1013,V104,8.190822817543284
836,1276,1013,V109,8.190822817543284
836,1276,1013,V111,8.190822817543284
836,783,659,V45,5.809594285895007
836,783,659,V46,5.809594285895007
836,783,659,V47,5.809594285895007
836,783,917,V48,5.8083597500151045
836,783,917,V51,5.8083597500151045
836,783,917,V54,5.8083597500151045
836,1276,885,V112,10.705394585658723
836,1068,885,V108,11.364565785437158
836,1068,885,V115,11.364565785437158
836,783,1398,V55,19.874616662347663
836,783,1398,V56,19.874616662347663
836,783,834,V59,7.689481736045675
836,783,834,V61,7.689481736045675
836,508,1106,V80,16.025446935620938
836,508,1106,V94,16.025446935620938
836,359,708,V110,10.088438580081291
836,783,1229,V62,18.841160835534616
836,508,849,V102,9.342303526294996
840,1091,834,V50,6.739095652327052
840,1091,834,V90,6.739095652327052
840,1091,834,V98,6.739095652327052
840,783,834,V41,7.689481736045675
840,783,834,V43,7.689481736045675
840,783,834,V44,7.689481736045675
840,783,834,V46,7.689481736045675
840,783,659,V47,5.809594285895007
840,783,659,V49,5.809594285895007
840,783,659,V51,5.809594285895007
840,783,659,V54,5.809594285895007
840,783,659,V56,5.809594285895007
840,783,659,V59,5.809594285895007
840,359,535,V128,5.855067293961566
840,359,535,V139,5.855067293961566
840,672,535,V66,8.311483007291683
840,566,535,V75,11.474227573045091
840,566,535,V127,11.474227573045091
840,783,708,V61,10.697285568723771
840,783,708,V63,10.697285568723771
840,783,708,V67,10.697285568723771
840,783,708,V68,10.697285568723771
840,1102,1182,V55,6.120304815079837
840,1102,1182,V100,6.120304815079837
840,1102,965,V123,8.304116264398273
840,1102,965,V137,8.304116264398273
840,1068,931,V112,8.304853837171269
840,1435,1276,V60,13.12435356350428
840,508,885,V117,13.808114395759947
840,783,1398,V69,19.874616662347663
840,783,1106,V70,22.318447076891776
840,783,1013,V74,15.308499342485224
844,1276,1398,V60,7.438993890374081
844,1276,1398,V70,7.438993890374081
844,1276,1398,V87,7.438993890374081
844,783,1398,V41,19.874616662347663
844,783,1398,V43,19.874616662347663
844,783,1398,V44,19.874616662347663
844,783,1398,V45,19.874616662347663
844,783,1398,V46,19.874616662347663
844,783,1398,V47,19.874616662347663
844,783,1398,V49,19.874616662347663
844,783,1398,V50,19.874616662347663
844,783,1398,V51,19.874616662347663
844,783,1398,V54,19.874616662347663
844,783,1398,V56,19.874616662347663
844,783,1398,V59,19.874616662347663
844,783,1398,V61,19.874616662347663
844,783,1398,V62,19.874616662347663
844,783,1398,V64,19.874616662347663
844,783,1398,V66,19.874616662347663
844,783,1398,V67,19.874616662347663
844,783,659,V69,5.809594285895007
844,783,659,V73,5.809594285895007
844,783,659,V75,5.809594285895007
844,783,659,V86,5.809594285895007
844,783,659,V91,5.809594285895007
844,783,659,V92,5.809594285895007
844,783,659,V93,5.809594285895007
844,783,672,V96,17.445012141301472
844,783,672,V97,17.445012141301472
844,783,672,V98,17.445012141301472
844,783,672,V99,17.445012141301472
844,783,672,V101,17.445012141301472
844,783,672,V103,17.445012141301472
844,783,1229,V104,18.841160835534616
844,783,1229,V105,18.841160835534616
844,783,1229,V106,18.841160835534616
844,783,1229,V107,18.841160835534616
844,783,1229,V108,18.841160835534616
844,783,1229,V109,18.841160835534616
844,783,1013,V110,15.308499342485224
844,783,1013,V111,15.308499342485224
844,783,1013,V112,15.308499342485224
844,783,1013,V113,15.308499342485224
844,783,1013,V114,15.308499342485224
844,783,834,V115,7.689481736045675
844,783,834,V116,7.689481736045675
844,783,834,V117,7.689481736045675
844,783,849,V120,21.903135562742808
844,783,849,V121,21.903135562742808
844,783,849,V122,21.903135562742808
844,783,885,V123,15.378166398318458
844,783,885,V124,15.378166398318458
844,783,855,V125,27.60378823743443
844,783,931,V126,18.3740064075405
844,783,708,V127,10.697285568723771
848,965,834,V53,3.83986736177262
848,708,834,V64,4.389831624444016
848,708,834,V80,4.389831624444016
848,882,834,V63,4.883195120135012
848,882,834,V65,4.883195120135012
848,882,834,V69,4.883195120135012
848,882,834,V71,4.883195120135012
848,882,834,V83,4.883195120135012
848,882,834,V84,4.883195120135012
848,882,834,V112,4.883195120135012
848,882,834,V113,4.883195120135012
848,885,834,V88,7.688685710981335
848,783,834,V41,7.689481736045675
848,783,834,V43,7.689481736045675
848,783,834,V44,7.689481736045675
848,783,834,V45,7.689481736045675
848,783,834,V46,7.689481736045675
848,931,849,V114,4.4061387562478425
848,931,849,V119,4.4061387562478425
848,931,849,V121,4.4061387562478425
848,1182,1276,V109,7.919661523440269
848,1068,1276,V42,8.66943360865319
848,535,1276,V49,21.16000916395143
848,783,659,V47,5.809594285895007
848,783,659,V48,5.809594285895007
848,783,1102,V50,18.800951364959644
848,783,1102,V54,18.800951364959644
848,783,1013,V55,15.308499342485224
848,783,1013,V57,15.308499342485224
848,783,672,V59,17.445012141301472
848,783,1229,V60,18.841160835534616
852,882,834,V51,4.883195120135012
852,882,834,V88,4.883195120135012
852,882,834,V119,4.883195120135012
852,885,834,V71,7.688685710981335
852,885,834,V98,7.688685710981335
852,1182,1229,V59,3.960024365898536
852,1182,1229,V68,3.960024365898536
852,1182,1229,V75,3.960024365898536
852,535,708,V76,4.548441137468074
852,885,708,V103,6.511469320496247
852,931,708,V52,9.423506251261468
852,931,849,V109,4.4061387562478425
852,931,849,V114,4.4061387562478425
852,931,849,V124,4.4061387562478425
852,855,508,V91,9.342303526295408
852,931,508,V128,12.961089805583503
852,1182,672,V93,14.511820279616508
852,1182,672,V110,14.511820279616508
852,1182,1102,V116,6.120304815079837
852,1182,1102,V143,6.120304815079837
852,783,917,V41,5.8083597500151045
856,834,965,V81,3.83986736177262
856,1013,965,V72,4.881725510082577
856,1182,965,V145,5.875748248781206
856,1182,965,V146,5.875748248781206
856,1182,965,V147,5.875748248781206
856,1182,965,V148,5.875748248781206
856,931,885,V74,3.0617002345235647
856,931,885,V76,3.0617002345235647
856,931,885,V128,3.0617002345235647
856,931,885,V139,3.0617002345235647
856,535,708,V85,4.548441137468074
856,535,708,V119,4.548441137468074
856,535,708,V123,4.548441137468074
856,1276,1102,V60,4.836798739646007
856,1276,1102,V120,4.836798739646007
856,1068,1102,V101,8.626274418583195
856,783,1091,V42,10.241109598832232
856,783,1091,V43,10.241109598832232
856,783,659,V45,5.809594285895007
860,1229,1398,V43,5.282433425576492
860,1229,1398,V55,5.282433425576492
860,1229,1398,V70,5.282433425576492
860,1229,1398,V80,5.282433425576492
860,1182,1398,V42,5.640321895106829
860,1013,1398,V41,10.186376382121452
860,1106,1398,V74,11.562838367297022
860,882,1398,V44,13.343391197346763
860,882,1398,V61,13.343391197346763
860,882,1398,V64,13.343391197346763
860,882,1398,V65,13.343391197346763
860,882,1398,V69,13.343391197346763
860,882,1398,V78,13.343391197346763
860,882,1398,V81,13.343391197346763
860,882,1398,V85,13.343391197346763
860,882,1398,V86,13.343391197346763
860,882,885,V93,2.852794790784161
860,882,885,V96,2.852794790784161
860,783,659,V47,5.809594285895007
860,1068,1276,V52,8.66943360865319
864,882,965,V41,3.616965677313317
864,882,965,V42,3.616965677313317
864,882,965,V43,3.616965677313317
864,882,965,V49,3.616965677313317
864,882,965,V54,3.616965677313317
864,882,965,V55,3.616965677313317
864,882,1013,V61,3.839767699909249
864,882,1013,V64,3.839767699909249
864,882,1013,V65,3.839767699909249
872,885,1013,V55,3.46869779664105
876,1182,1091,V41,5.24631154396119
876,1182,1091,V45,5.24631154396119
876,882,1091,V119,7.965381677815221
876,882,1091,V122,7.965381677815221
876,882,1091,V126,7.965381677815221
876,708,834,V83,4.389831624444016
876,882,834,V127,4.883195120135012
876,882,834,V150,4.883195120135012
876,359,535,V59,5.855067293961566
876,359,535,V67,5.855067293961566
876,359,535,V77,5.855067293961566
876,885,965,V46,6.123119155303686
876,885,965,V49,6.123119155303686
876,885,1013,V108,3.46869779664105
876,885,1013,V112,3.46869779664105
876,1102,1229,V63,3.8392690799482057
876,1106,1229,V105,6.605818539698737
880,783,834,V41,7.689481736045675
880,783,834,V43,7.689481736045675
880,783,834,V44,7.689481736045675
880,783,834,V45,7.689481736045675
880,783,834,V46,7.689481736045675
880,783,834,V47,7.689481736045675
880,783,834,V48,7.689481736045675
880,783,834,V50,7.689481736045675
880,783,834,V51,7.689481736045675
880,1106,1229,V84,6.605818539698737
880,1106,1229,V119,6.605818539698737
880,1106,1229,V122,6.605818539698737
880,1106,1229,V126,6.605818539698737
880,1106,1229,V137,6.605818539698737
880,1106,1229,V145,6.605818539698737
880,1068,1229,V110,11.360488351411393
880,855,1229,V73,15.901554341364076
880,855,1229,V116,15.901554341364076
880,783,1013,V52,15.308499342485224
880,783,1013,V53,15.308499342485224
880,783,1013,V54,15.308499342485224
880,783,1013,V55,15.308499342485224
880,783,1013,V56,15.308499342485224
880,783,1013,V57,15.308499342485224
880,783,1013,V59,15.308499342485224
880,783,1013,V60,15.308499342485224
880,359,535,V106,5.855067293961566
880,566,535,V707,11.474227573045091
880,566,535,V708,11.474227573045091
880,566,535,V709,11.474227573045091
880,566,535,V710,11.474227573045091
880,566,535,V711,11.474227573045091
880,566,535,V712,11.474227573045091
880,783,965,V61,10.498093903671007
880,783,965,V62,10.498093903671007
880,783,965,V63,10.498093903671007
880,783,965,V64,10.498093903671007
880,783,965,V65,10.498093903671007
880,783,965,V66,10.498093903671007
880,783,965,V67,10.498093903671007
880,783,659,V68,5.809594285895007
880,783,659,V69,5.809594285895007
880,783,659,V70,5.809594285895007
880,783,659,V71,5.809594285895007
880,783,659,V72,5.809594285895007
880,783,659,V74,5.809594285895007
880,783,1091,V76,10.241109598832232
880,783,1091,V78,10.241109598832232
880,783,1091,V80,10.241109598832232
880,783,708,V81,10.697285568723771
880,783,708,V82,10.697285568723771
880,783,708,V83,10.697285568723771
880,783,917,V85,5.8083597500151045
880,783,917,V86,5.8083597500151045
880,783,917,V88,5.8083597500151045
880,783,1398,V89,19.874616662347663
880,783,1398,V91,19.874616662347663
880,783,1182,V92,15.175538880502293
880,783,1182,V93,15.175538880502293
880,783,849,V94,21.903135562742808
880,783,849,V96,21.903135562742808
880,783,1276,V97,22.606377139254327
880,783,1102,V98,18.800951364959644
884,834,917,V49,3.617203703030827
884,834,917,V50,3.617203703030827
884,834,917,V65,3.617203703030827
884,834,917,V82,3.617203703030827
884,834,917,V90,3.617203703030827
884,965,917,V63,4.882215518422521
884,965,917,V74,4.882215518422521
884,1013,931,V121,4.405443882921528
884,882,931,V56,5.812636165404913
884,882,931,V67,5.812636165404913
884,882,931,V93,5.812636165404913
884,882,931,V116,5.812636165404913
884,965,931,V87,8.628970001760946
884,1182,1435,V97,8.189653224238826
884,1182,1435,V111,8.189653224238826
884,965,1435,V107,12.559207082683258
884,359,708,V123,10.088438580081291
884,359,708,V133,10.088438580081291
884,783,708,V41,10.697285568723771
884,783,1091,V42,10.241109598832232
884,783,1091,V43,10.241109598832232
884,855,849,V115,5.706192977162224
884,783,849,V44,21.903135562742808
884,566,535,V715,11.474227573045091
884,566,535,V716,11.474227573045091
884,783,1398,V45,19.874616662347663
884,783,1106,V46,22.318447076891776
884,783,1276,V47,22.606377139254327
884,783,672,V48,17.445012141301472
888,783,834,V41,7.689481736045675
888,783,834,V43,7.689481736045675
888,783,834,V47,7.689481736045675
888,783,834,V49,7.689481736045675
888,783,834,V56,7.689481736045675
888,783,834,V59,7.689481736045675
888,783,834,V60,7.689481736045675
888,783,834,V65,7.689481736045675
888,783,834,V68,7.689481736045675
888,783,834,V69,7.689481736045675
888,783,834,V70,7.689481736045675
888,783,834,V72,7.689481736045675
888,783,834,V73,7.689481736045675
888,783,834,V74,7.689481736045675
888,783,834,V77,7.689481736045675
888,931,885,V51,3.0617002345235647
888,931,885,V67,3.0617002345235647
888,931,885,V75,3.0617002345235647
888,931,885,V93,3.0617002345235647
888,931,885,V96,3.0617002345235647
888,931,885,V99,3.0617002345235647
888,359,535,V62,5.855067293961566
888,566,535,V720,11.474227573045091
888,566,535,V725,11.474227573045091
888,783,535,V78,11.620421645142477
888,783,535,V79,11.620421645142477
888,1182,1276,V57,7.919661523440269
888,931,1276,V116,8.946223146223524
888,849,1276,V48,11.479314497557898
888,783,917,V80,5.8083597500151045
888,783,917,V81,5.8083597500151045
888,783,917,V83,5.8083597500151045
888,783,672,V84,17.445012141301472
888,783,672,V85,17.445012141301472
888,783,672,V86,17.445012141301472
888,783,1398,V87,19.874616662347663
888,783,1398,V88,19.874616662347663
888,783,965,V89,10.498093903671007
888,783,965,V90,10.498093903671007
888,783,882,V91,12.561839638690564
888,783,708,V92,10.697285568723771
888,783,1091,V94,10.241109598832232
892,885,1013,V59,3.46869779664105
892,885,1013,V94,3.46869779664105
892,1102,1013,V55,3.616251246210677
892,1102,1013,V99,3.616251246210677
892,965,834,V43,3.83986736177262
892,965,834,V52,3.83986736177262
892,659,834,V62,5.284552964469467
892,783,834,V41,7.689481736045675
892,359,708,V78,10.088438580081291
892,359,708,V79,10.088438580081291
892,783,708,V44,10.697285568723771
892,1229,1091,V87,9.180034524729397
892,1229,1091,V102,9.180034524729397
892,783,1091,V48,10.241109598832232
892,1276,882,V46,12.01740314095659
892,783,882,V49,12.561839638690564
892,783,882,V51,12.561839638690564
892,1068,1182,V114,14.6407627195109
892,783,1182,V53,15.175538880502293
892,783,1182,V54,15.175538880502293
892,566,535,V103,11.474227573045091
892,566,535,V110,11.474227573045091
892,783,931,V57,18.3740064075405
892,783,931,V60,18.3740064075405
892,783,1398,V61,19.874616662347663
892,783,1106,V63,22.318447076891776
892,783,849,V64,21.903135562742808
892,783,672,V65,17.445012141301472
896,965,834,V45,3.83986736177262
896,965,834,V46,3.83986736177262
896,965,834,V48,3.83986736177262
896,965,834,V86,3.83986736177262
896,965,834,V103,3.83986736177262
896,659,834,V74,5.284552964469467
896,659,834,V76,5.284552964469467
896,1106,1276,V51,4.836798739645476
896,1106,1276,V61,4.836798739645476
896,1102,1276,V47,4.836798739646007
896,1182,1276,V67,7.919661523440269
896,783,917,V41,5.8083597500151045
896,783,917,V42,5.8083597500151045
896,783,917,V43,5.8083597500151045
896,931,882,V81,5.812636165404913
896,535,882,V68,9.342211452816104
896,849,882,V88,9.574606006915822
896,783,708,V52,10.697285568723771
896,849,885,V109,6.749102957431653
896,1068,1229,V124,11.360488351411393
900,917,834,V46,3.617203703030827
900,917,834,V117,3.617203703030827
900,917,834,V127,3.617203703030827
900,917,834,V128,3.617203703030827
900,917,834,V129,3.617203703030827
900,882,834,V43,4.883195120135012
900,882,834,V45,4.883195120135012
900,882,834,V48,4.883195120135012
900,882,1013,V68,3.839767699909249
900,882,1013,V74,3.839767699909249
900,882,1013,V91,3.839767699909249
900,882,1013,V103,3.839767699909249
900,882,965,V106,3.616965677313317
900,1229,965,V50,8.77672016628073
900,1229,965,V51,8.77672016628073
900,1229,965,V67,8.77672016628073
900,535,708,V80,4.548441137468074
900,535,708,V83,4.548441137468074
900,1229,1276,V88,3.959637309104105
900,1229,1276,V135,3.959637309104105
900,849,931,V93,4.4061387562478425
900,849,931,V105,4.4061387562478425
900,849,885,V137,6.749102957431653
900,849,885,V138,6.749102957431653
900,1068,508,V87,14.486601263726737
900,1398,1091,V56,9.6478124773512
904,708,834,V74,4.389831624444016
904,708,834,V80,4.389831624444016
904,708,834,V85,4.389831624444016
904,708,834,V93,4.389831624444016
904,708,834,V97,4.389831624444016
904,882,834,V45,4.883195120135012
904,882,834,V46,4.883195120135012
904,882,834,V48,4.883195120135012
904,659,834,V83,5.284552964469467
904,659,834,V117,5.284552964469467
904,885,931,V41,3.0617002345235647
904,885,931,V50,3.0617002345235647
904,885,931,V51,3.0617002345235647
904,1013,931,V44,4.405443882921528
904,1013,965,V60,4.881725510082577
904,1013,965,V68,4.881725510082577
904,1013,1091,V70,7.92275625179966
908,708,834,V46,4.389831624444016
908,708,834,V48,4.389831624444016
908,708,834,V57,4.389831624444016
908,708,834,V69,4.389831624444016
908,708,834,V74,4.389831624444016
908,708,834,V78,4.389831624444016
908,708,834,V80,4.389831624444016
908,708,834,V83,4.389831624444016
908,708,834,V85,4.389831624444016
908,708,834,V86,4.389831624444016
908,708,834,V89,4.389831624444016
908,708,834,V93,4.389831624444016
908,1102,882,V42,7.314751476768936
908,1102,882,V54,7.314751476768936
908,1102,882,V55,7.314751476768936
908,672,882,V103,7.316385892068044
908,672,882,V123,7.316385892068044
908,672,882,V134,7.316385892068044
908,672,882,V136,7.316385892068044
908,1091,882,V60,7.965381677815221
908,1091,882,V101,7.965381677815221
908,1106,931,V49,5.283575443416337
908,1106,931,V52,5.283575443416337
908,1106,931,V63,5.283575443416337
908,1106,931,V71,5.283575443416337
908,1106,931,V94,5.283575443416337
908,1068,849,V50,6.736061142863373
908,1068,849,V59,6.736061142863373
908,1068,849,V67,6.736061142863373
908,1068,849,V72,6.736061142863373
908,1068,855,V75,5.87594370452583
908,1068,855,V76,5.87594370452583
908,1229,1013,V43,5.640389822593795
908,1229,1013,V45,5.640389822593795
908,1229,965,V77,8.77672016628073
908,783,965,V47,10.498093903671007
912,885,882,V42,2.852794790784161
912,885,882,V43,2.852794790784161
912,885,882,V45,2.852794790784161
912,885,882,V55,2.852794790784161
912,917,834,V47,3.617203703030827
912,917,834,V70,3.617203703030827
912,1068,1370,V76,7.841426035905807
912,1229,1182,V59,3.960024365898536
916,1229,1182,V119,3.960024365898536
924,1013,1182,V43,5.283249325636405
924,1013,1182,V59,5.283249325636405
924,1398,1182,V99,5.640321895106829
924,917,965,V134,4.882215518422521
924,1102,965,V62,8.304116264398273
924,1102,965,V64,8.304116264398273
924,659,834,V87,5.284552964469467
924,659,834,V143,5.284552964469467
924,931,885,V109,3.0617002345235647
928,885,965,V44,6.123119155303686
928,885,965,V62,6.123119155303686
928,1102,965,V64,8.304116264398273
928,1102,965,V81,8.304116264398273
928,1102,965,V104,8.304116264398273
928,783,965,V41,10.498093903671007
928,783,965,V42,10.498093903671007
928,783,965,V43,10.498093903671007
928,783,965,V46,10.498093903671007
928,783,965,V47,10.498093903671007
928,783,965,V48,10.498093903671007
928,783,834,V49,7.689481736045675
928,783,834,V50,7.689481736045675
928,783,834,V51,7.689481736045675
928,783,834,V52,7.689481736045675
928,783,834,V54,7.689481736045675
928,783,834,V55,7.689481736045675
928,783,834,V56,7.689481736045675
928,783,834,V61,7.689481736045675
928,849,931,V63,4.4061387562478425
928,849,931,V71,4.4061387562478425
928,849,931,V77,4.4061387562478425
928,849,931,V80,4.4061387562478425
928,849,931,V82,4.4061387562478425
928,849,931,V85,4.4061387562478425
928,849,931,V110,4.4061387562478425
928,783,659,V65,5.809594285895007
928,783,659,V66,5.809594285895007
928,783,659,V67,5.809594285895007
928,783,659,V68,5.809594285895007
928,783,659,V69,5.809594285895007
928,1106,1229,V109,6.605818539698737
928,1106,1229,V128,6.605818539698737
928,1106,1229,V131,6.605818539698737
928,1435,1229,V102,10.197737357480824
928,672,1229,V130,14.57987655243148
928,672,1182,V137,14.511820279616508
928,672,1182,V140,14.511820279616508
928,672,1182,V146,14.511820279616508
928,783,1182,V70,15.175538880502293
928,783,1182,V73,15.175538880502293
928,359,708,V53,10.088438580081291
928,359,708,V60,10.088438580081291
928,359,708,V103,10.088438580081291
928,783,708,V74,10.697285568723771
928,783,535,V75,11.620421645142477
928,783,535,V76,11.620421645142477
928,783,535,V78,11.620421645142477
928,783,535,V83,11.620421645142477
928,783,1398,V84,19.874616662347663
928,783,1398,V86,19.874616662347663
928,783,1398,V87,19.874616662347663
928,783,1398,V88,19.874616662347663
928,508,855,V79,9.342303526295408
928,508,855,V98,9.342303526295408
928,508,855,V116,9.342303526295408
928,783,917,V89,5.8083597500151045
928,783,917,V90,5.8083597500151045
928,783,917,V91,5.8083597500151045
928,783,1091,V93,10.241109598832232
928,783,1091,V94,10.241109598832232
928,783,1013,V96,15.308499342485224
928,783,1013,V97,15.308499342485224
928,783,882,V99,12.561839638690564
928,783,882,V100,12.561839638690564
928,783,566,V101,5.876334276322891
928,783,1068,V105,26.525178301273773
928,783,1276,V106,22.606377139254327
932,1013,1398,V88,10.186376382121452
932,1013,1398,V106,10.186376382121452
932,917,1398,V70,14.401452675022565
932,917,1398,V99,14.401452675022565
932,917,1398,V129,14.401452675022565
932,783,1398,V41,19.874616662347663
932,783,1398,V42,19.874616662347663
932,783,1398,V43,19.874616662347663
932,783,1398,V44,19.874616662347663
932,783,1398,V45,19.874616662347663
932,783,1398,V46,19.874616662347663
932,783,1398,V47,19.874616662347663
932,783,1398,V48,19.874616662347663
932,783,1398,V50,19.874616662347663
932,783,1398,V51,19.874616662347663
932,783,1398,V52,19.874616662347663
932,783,1398,V53,19.874616662347663
932,783,1398,V54,19.874616662347663
932,783,1398,V55,19.874616662347663
932,783,1398,V56,19.874616662347663
932,783,1398,V60,19.874616662347663
932,783,834,V61,7.689481736045675
932,783,834,V62,7.689481736045675
932,783,834,V64,7.689481736045675
932,783,834,V65,7.689481736045675
932,783,834,V66,7.689481736045675
932,783,834,V67,7.689481736045675
932,783,834,V74,7.689481736045675
932,783,834,V75,7.689481736045675
932,783,708,V76,10.697285568723771
932,783,708,V77,10.697285568723771
932,783,708,V78,10.697285568723771
932,783,708,V79,10.697285568723771
932,783,535,V80,11.620421645142477
932,783,535,V81,11.620421645142477
932,783,535,V83,11.620421645142477
932,783,535,V87,11.620421645142477
932,783,931,V89,18.3740064075405
932,783,931,V90,18.3740064075405
932,783,931,V92,18.3740064075405
932,783,1068,V93,26.525178301273773
932,783,1068,V94,26.525178301273773
932,783,1068,V96,26.525178301273773
932,783,965,V98,10.498093903671007
932,783,965,V101,10.498093903671007
932,783,566,V102,5.876334276322891
932,783,566,V103,5.876334276322891
932,783,1182,V104,15.175538880502293
932,783,1182,V105,15.175538880502293
932,783,885,V109,15.378166398318458
932,783,885,V110,15.378166398318458
932,783,1370,V113,30.28578929187396
932,783,1229,V114,18.841160835534616
936,834,659,V53,5.284552964469467
936,834,659,V70,5.284552964469467
936,783,659,V52,5.809594285895007
936,849,672,V71,6.511836392511076
936,708,672,V42,6.751878981086827
936,708,672,V43,6.751878981086827
936,1276,1398,V113,7.438993890374081
936,1102,1398,V63,9.118728510486134
936,1102,1013,V82,3.616251246210677
936,1102,1013,V97,3.616251246210677
936,882,1370,V79,18.783825554252072
936,708,508,V44,15.31833200998228
936,783,566,V60,5.876334276322891
936,965,1068,V49,16.31300252904951
936,1091,1182,V41,5.24631154396119
936,708,359,V45,10.088438580081291
936,965,885,V50,6.123119155303686
940,965,1013,V60,4.881725510082577
940,965,1013,V61,4.881725510082577
940,965,1013,V82,4.881725510082577
940,965,1013,V89,4.881725510082577
940,965,1013,V97,4.881725510082577
940,965,1013,V104,4.881725510082577
940,965,1013,V111,4.881725510082577
940,965,885,V117,6.123119155303686
940,965,885,V128,6.123119155303686
940,965,885,V129,6.123119155303686
940,965,885,V133,6.123119155303686
940,965,885,V135,6.123119155303686
940,965,1229,V137,8.77672016628073
940,965,1229,V138,8.77672016628073
940,965,1229,V144,8.77672016628073
940,965,1229,V148,8.77672016628073
940,965,931,V150,8.628970001760946
940,965,931,V151,8.628970001760946
940,965,931,V152,8.628970001760946
940,965,931,V153,8.628970001760946
940,965,834,V154,3.83986736177262
940,965,834,V155,3.83986736177262
940,708,535,V43,4.548441137468074
940,708,535,V47,4.548441137468074
940,1091,1182,V54,5.24631154396119
940,965,1102,V156,8.304116264398273
940,708,672,V48,6.751878981086827
944,931,885,V68,3.0617002345235647
944,931,885,V112,3.0617002345235647
944,931,885,V119,3.0617002345235647
944,931,885,V128,3.0617002345235647
944,931,885,V129,3.0617002345235647
944,965,885,V50,6.123119155303686
944,965,885,V51,6.123119155303686
944,965,885,V54,6.123119155303686
944,965,834,V60,3.83986736177262
944,965,834,V77,3.83986736177262
944,965,834,V97,3.83986736177262
944,965,834,V113,3.83986736177262
944,965,834,V138,3.83986736177262
944,965,834,V141,3.83986736177262
944,708,834,V88,4.389831624444016
944,1276,1229,V89,3.959637309104105
944,1276,1229,V137,3.959637309104105
944,1276,1229,V148,3.959637309104105
944,1091,1229,V62,9.180034524729397
944,1091,1229,V75,9.180034524729397
944,1091,1229,V101,9.180034524729397
944,855,1106,V57,9.423483175173253
944,708,535,V92,4.548441137468074
944,855,849,V59,5.706192977162224
944,1091,1013,V103,7.92275625179966
948,965,834,V54,3.83986736177262
948,965,834,V127,3.83986736177262
948,965,834,V138,3.83986736177262
948,708,834,V47,4.389831624444016
948,708,834,V57,4.389831624444016
948,708,834,V66,4.389831624444016
948,708,834,V90,4.389831624444016
948,708,834,V99,4.389831624444016
948,708,834,V106,4.389831624444016
948,708,834,V142,4.389831624444016
948,708,834,V143,4.389831624444016
948,1229,1182,V62,3.960024365898536
948,1091,1182,V145,5.24631154396119
948,1091,1182,V146,5.24631154396119
948,1091,1182,V160,5.24631154396119
948,882,885,V50,2.852794790784161
948,882,885,V51,2.852794790784161
948,882,885,V83,2.852794790784161
948,708,535,V152,4.548441137468074
948,659,535,V76,5.810827883107414
948,659,535,V87,5.810827883107414
948,1276,1398,V59,7.438993890374081
948,1276,1398,V137,7.438993890374081
948,855,1106,V67,9.423483175173253
948,882,1106,V112,10.203820878312005
948,672,849,V128,6.511836392511076
948,1091,917,V161,4.837115435970083
948,882,1013,V119,3.839767699909249
952,1068,855,V71,5.87594370452583
952,1068,855,V78,5.87594370452583
952,1068,855,V101,5.87594370452583
952,672,855,V49,11.369656353246375
952,672,855,V52,11.369656353246375
952,672,855,V53,11.369656353246375
952,1013,931,V134,4.405443882921528
952,1102,931,V50,4.548251915941359
952,1102,931,V63,4.548251915941359
952,1102,931,V83,4.548251915941359
952,672,849,V64,6.511836392511076
952,672,849,V142,6.511836392511076
952,882,849,V41,9.574606006915822
952,1229,1106,V67,6.605818539698737
952,882,1106,V65,10.203820878312005
952,965,834,V54,3.83986736177262
952,965,834,V112,3.83986736177262
952,882,885,V66,2.852794790784161
952,882,885,V89,2.852794790784161
952,659,708,V47,5.815596432206299
952,965,1370,V127,19.81745132026361
956,965,834,V44,3.83986736177262
956,965,834,V54,3.83986736177262
956,965,834,V59,3.83986736177262
956,965,834,V69,3.83986736177262
956,965,834,V102,3.83986736177262
956,849,855,V41,5.706192977162224
956,849,855,V50,5.706192977162224
960,708,834,V44,4.389831624444016
960,708,834,V64,4.389831624444016
960,708,834,V102,4.389831624444016
960,708,834,V128,4.389831624444016
960,708,834,V131,4.389831624444016
960,708,834,V132,4.389831624444016
960,1091,834,V114,6.739095652327052
960,1091,834,V143,6.739095652327052
960,1102,1229,V85,3.8392690799482057
960,1102,1229,V88,3.8392690799482057
960,1102,1229,V133,3.8392690799482057
960,885,931,V59,3.0617002345235647
960,885,931,V122,3.0617002345235647
960,1013,882,V49,3.839767699909249
960,1013,882,V52,3.839767699909249
960,849,855,V46,5.706192977162224
964,1013,931,V69,4.405443882921528
972,1091,965,V164,4.388654712140797
972,1091,965,V165,4.388654712140797
972,1091,965,V166,4.388654712140797
972,1091,965,V167,4.388654712140797
972,1091,965,V168,4.388654712140797
972,708,834,V44,4.389831624444016
972,708,834,V87,4.389831624444016
972,708,834,V100,4.389831624444016
972,1091,834,V169,6.739095652327052
972,1013,885,V120,3.46869779664105
972,1013,885,V126,3.46869779664105
972,1013,885,V135,3.46869779664105
972,1276,1229,V88,3.959637309104105
972,1182,1229,V63,3.960024365898536
972,1013,1102,V136,3.616251246210677
972,1013,1102,V137,3.616251246210677
972,1013,931,V142,4.405443882921528
972,783,917,V41,5.8083597500151045
976,783,965,V41,10.498093903671007
976,783,965,V48,10.498093903671007
976,783,965,V49,10.498093903671007
976,783,965,V50,10.498093903671007
976,783,965,V51,10.498093903671007
976,783,965,V52,10.498093903671007
976,783,965,V53,10.498093903671007
976,783,965,V54,10.498093903671007
976,783,965,V55,10.498093903671007
976,783,965,V56,10.498093903671007
976,783,965,V57,10.498093903671007
976,783,965,V59,10.498093903671007
976,783,965,V60,10.498093903671007
976,783,834,V62,7.689481736045675
976,783,834,V63,7.689481736045675
976,783,834,V64,7.689481736045675
976,783,834,V65,7.689481736045675
976,783,834,V66,7.689481736045675
976,783,834,V67,7.689481736045675
976,783,834,V68,7.689481736045675
976,783,834,V69,7.689481736045675
976,783,834,V70,7.689481736045675
976,783,834,V72,7.689481736045675
976,783,834,V73,7.689481736045675
976,783,834,V74,7.689481736045675
976,1106,1229,V109,6.605818539698737
976,1106,1229,V115,6.605818539698737
976,1106,1229,V121,6.605818539698737
976,1435,1229,V81,10.197737357480824
976,1435,1229,V94,10.197737357480824
976,849,1229,V86,12.017793437809017
976,849,1229,V90,12.017793437809017
976,849,1229,V105,12.017793437809017
976,849,1229,V112,12.017793437809017
976,672,885,V132,5.876204136119103
976,849,885,V118,6.749102957431653
976,849,885,V125,6.749102957431653
976,849,885,V129,6.749102957431653
976,849,885,V134,6.749102957431653
976,849,885,V135,6.749102957431653
976,849,885,V138,6.749102957431653
976,535,1102,V61,16.335498592300418
976,535,1102,V77,16.335498592300418
976,535,1102,V80,16.335498592300418
976,783,1102,V78,18.800951364959644
976,783,1102,V82,18.800951364959644
976,783,1102,V83,18.800951364959644
976,359,708,V75,10.088438580081291
976,359,708,V76,10.088438580081291
976,359,708,V79,10.088438580081291
976,359,708,V91,10.088438580081291
976,359,708,V96,10.088438580081291
976,783,708,V84,10.697285568723771
976,783,931,V85,18.3740064075405
976,783,931,V87,18.3740064075405
976,783,931,V89,18.3740064075405
976,783,931,V92,18.3740064075405
976,783,931,V93,18.3740064075405
976,783,659,V99,5.809594285895007
976,783,659,V100,5.809594285895007
976,783,659,V102,5.809594285895007
976,783,659,V103,5.809594285895007
976,783,1013,V104,15.308499342485224
976,783,1013,V106,15.308499342485224
976,783,1013,V111,15.308499342485224
976,783,1398,V113,19.874616662347663
976,783,1398,V114,19.874616662347663
976,783,1091,V116,10.241109598832232
976,783,1091,V119,10.241109598832232
976,783,882,V120,12.561839638690564
976,783,882,V122,12.561839638690564
976,783,1296,V126,13.644692409583532
976,783,917,V127,5.8083597500151045
976,783,1276,V128,22.606377139254327
976,783,1182,V131,15.175538880502293
980,834,1398,V64,15.216349824005198
980,834,1398,V87,15.216349824005198
980,834,1398,V105,15.216349824005198
980,783,1398,V42,19.874616662347663
980,783,1398,V43,19.874616662347663
980,783,1398,V44,19.874616662347663
980,783,1398,V46,19.874616662347663
980,783,1398,V47,19.874616662347663
980,783,1398,V48,19.874616662347663
980,783,1398,V49,19.874616662347663
980,783,1398,V50,19.874616662347663
980,783,931,V51,18.3740064075405
980,783,931,V52,18.3740064075405
980,783,931,V53,18.3740064075405
980,783,931,V54,18.3740064075405
980,783,931,V55,18.3740064075405
980,783,931,V57,18.3740064075405
980,783,931,V59,18.3740064075405
980,783,931,V60,18.3740064075405
980,783,931,V61,18.3740064075405
980,783,965,V62,10.498093903671007
980,783,965,V65,10.498093903671007
980,783,965,V66,10.498093903671007
980,783,965,V67,10.498093903671007
980,783,965,V68,10.498093903671007
980,783,965,V69,10.498093903671007
980,783,965,V72,10.498093903671007
980,783,1229,V73,18.841160835534616
980,783,1229,V74,18.841160835534616
980,783,1229,V75,18.841160835534616
980,783,1229,V76,18.841160835534616
980,783,1229,V77,18.841160835534616
980,783,1229,V79,18.841160835534616
980,783,849,V80,21.903135562742808
980,783,849,V81,21.903135562742808
980,783,849,V82,21.903135562742808
980,783,849,V83,21.903135562742808
980,783,849,V86,21.903135562742808
980,783,849,V88,21.903135562742808
980,783,882,V89,12.561839638690564
980,783,882,V90,12.561839638690564
980,783,882,V91,12.561839638690564
980,783,882,V92,12.561839638690564
980,783,882,V94,12.561839638690564
980,783,882,V96,12.561839638690564
980,783,1106,V99,22.318447076891776
980,783,1106,V103,22.318447076891776
980,783,1106,V104,22.318447076891776
980,783,1106,V108,22.318447076891776
980,783,1102,V109,18.800951364959644
980,783,1102,V110,18.800951364959644
980,783,1102,V111,18.800951364959644
980,783,1091,V112,10.241109598832232
980,783,1091,V113,10.241109598832232
980,566,535,V123,11.474227573045091
980,566,535,V124,11.474227573045091
980,783,708,V114,10.697285568723771
980,783,708,V115,10.697285568723771
980,783,1276,V118,22.606377139254327
980,783,885,V119,15.378166398318458
980,783,659,V120,5.809594285895007
984,834,965,V41,3.83986736177262
984,834,965,V51,3.83986736177262
984,1091,965,V74,4.388654712140797
984,1182,965,V61,5.875748248781206
984,1182,965,V112,5.875748248781206
984,1182,1398,V113,5.640321895106829
984,1276,1398,V104,7.438993890374081
984,1102,1398,V42,9.118728510486134
984,783,917,V44,5.8083597500151045
984,783,917,V55,5.8083597500151045
984,783,917,V57,5.8083597500151045
984,659,708,V115,5.815596432206299
984,885,708,V77,6.511469320496247
984,885,708,V81,6.511469320496247
984,885,535,V86,10.569431103772471
984,885,535,V88,10.569431103772471
984,783,359,V62,12.499801205497114
984,783,359,V63,12.499801205497114
984,1102,931,V43,4.548251915941359
984,1102,882,V46,7.314751476768936
988,931,882,V127,5.812636165404913
988,1102,882,V42,7.314751476768936
988,1102,882,V47,7.314751476768936
988,1102,882,V53,7.314751476768936
988,1102,882,V64,7.314751476768936
988,1102,882,V87,7.314751476768936
988,1102,882,V90,7.314751476768936
988,1102,882,V96,7.314751476768936
988,1102,882,V105,7.314751476768936
988,1102,882,V119,7.314751476768936
988,917,882,V122,7.68788945836583
988,1091,882,V92,7.965381677815221
988,1229,1276,V111,3.959637309104105
988,1229,1276,V113,3.959637309104105
988,1435,1276,V107,13.12435356350428
988,1435,1276,V134,13.12435356350428
988,1435,1276,V140,13.12435356350428
988,1435,1276,V141,13.12435356350428
988,1435,1182,V142,8.189653224238826
988,1435,1182,V143,8.189653224238826
988,1435,1182,V144,8.189653224238826
988,1435,1182,V145,8.189653224238826
988,659,1182,V62,14.91126931871612
988,566,535,V88,11.474227573045091
988,783,535,V41,11.620421645142477
988,783,535,V44,11.620421645142477
988,783,535,V48,11.620421645142477
988,855,672,V68,11.369656353246375
988,783,672,V49,17.445012141301472
988,783,672,V51,17.445012141301472
988,783,672,V52,17.445012141301472
988,783,965,V55,10.498093903671007
988,783,965,V56,10.498093903671007
988,783,965,V59,10.498093903671007
988,783,965,V60,10.498093903671007
988,783,708,V71,10.697285568723771
988,783,708,V73,10.697285568723771
988,783,885,V74,15.378166398318458
988,783,885,V75,15.378166398318458
988,783,508,V76,25.93420023872912
988,783,849,V79,21.903135562742808
988,783,1106,V80,22.318447076891776
992,965,834,V55,3.83986736177262
992,965,834,V59,3.83986736177262
992,965,834,V63,3.83986736177262
992,965,834,V87,3.83986736177262
992,882,834,V42,4.883195120135012
992,882,834,V60,4.883195120135012
992,882,834,V73,4.883195120135012
992,1013,1102,V46,3.616251246210677
992,1013,1102,V71,3.616251246210677
992,1013,1102,V74,3.616251246210677
992,1013,1102,V104,3.616251246210677
992,882,708,V85,4.837510953567602
992,882,708,V88,4.837510953567602
992,659,708,V50,5.815596432206299
992,659,708,V77,5.815596432206299
992,931,849,V49,4.4061387562478425
992,931,849,V51,4.4061387562478425
992,931,849,V52,4.4061387562478425
992,931,849,V53,4.4061387562478425
992,1106,1276,V93,4.836798739645476
992,1106,1276,V119,4.836798739645476
992,1106,1276,V134,4.836798739645476
992,885,1182,V91,8.662721360426067
992,885,1182,V105,8.662721360426067
992,885,1182,V117,8.662721360426067
992,659,359,V101,7.84162119104212
992,783,1091,V41,10.241109598832232
992,783,535,V43,11.620421645142477
992,931,1229,V61,8.28950012214804
996,834,1091,V42,6.739095652327052
996,834,1091,V49,6.739095652327052
996,834,1091,V59,6.739095652327052
996,834,1091,V63,6.739095652327052
996,834,708,V68,4.389831624444016
996,834,708,V85,4.389831624444016
996,834,708,V101,4.389831624444016
996,834,708,V108,4.389831624444016
996,1229,1370,V46,11.877749718768223
996,783,917,V44,5.8083597500151045
996,1013,965,V41,4.881725510082577
1000,1013,885,V43,3.46869779664105
1000,1013,885,V53,3.46869779664105
1000,672,885,V70,5.876204136119103
1000,672,885,V78,5.876204136119103
1000,672,885,V87,5.876204136119103
1000,1229,885,V49,8.89559413156451
1000,1229,885,V61,8.89559413156451
1000,1229,885,V76,8.89559413156451
1000,1229,885,V103,8.89559413156451
1000,1229,885,V104,8.89559413156451
1000,1229,885,V119,8.89559413156451
1000,1229,885,V123,8.89559413156451
1000,1229,885,V124,8.89559413156451
1000,1229,885,V131,8.89559413156451
1000,1229,885,V134,8.89559413156451
1000,1229,885,V135,8.89559413156451
1000,535,885,V63,10.569431103772471
1000,535,885,V64,10.569431103772471
1000,535,708,V65,4.548441137468074
1000,535,708,V69,4.548441137468074
1000,535,708,V85,4.548441137468074
1000,535,708,V105,4.548441137468074
1000,659,708,V42,5.815596432206299
1000,659,708,V81,5.815596432206299
1000,659,708,V82,5.815596432206299
1000,783,708,V44,10.697285568723771
1000,783,965,V47,10.498093903671007
1000,783,965,V55,10.498093903671007
1000,783,965,V59,10.498093903671007
1000,783,965,V73,10.498093903671007
1000,783,965,V74,10.498093903671007
1000,783,834,V77,7.689481736045675
1000,783,834,V80,7.689481736045675
1000,783,1182,V86,15.175538880502293
1000,783,1091,V88,10.241109598832232
1000,855,931,V72,9.765900232263595
1000,855,1102,V108,12.404917058701368
1004,917,834,V91,3.617203703030827
1004,965,834,V66,3.83986736177262
1004,965,834,V76,3.83986736177262
1004,965,834,V85,3.83986736177262
1004,965,834,V96,3.83986736177262
1004,882,834,V47,4.883195120135012
1004,882,834,V55,4.883195120135012
1004,882,834,V67,4.883195120135012
1004,1102,1229,V57,3.8392690799482057
1004,1102,1229,V64,3.8392690799482057
1004,1102,1229,V68,3.8392690799482057
1004,1276,1229,V49,3.959637309104105
1004,1068,1370,V72,7.841426035905807
1008,1102,1229,V43,3.8392690799482057
1008,1276,1229,V49,3.959637309104105
1008,1276,1229,V50,3.959637309104105
1008,1276,1229,V60,3.959637309104105
1008,1276,1229,V89,3.959637309104105
1008,1276,1229,V92,3.959637309104105
1008,882,965,V47,3.616965677313317
1008,882,965,V55,3.616965677313317
1008,882,965,V66,3.616965677313317
1008,882,965,V67,3.616965677313317
1008,882,965,V69,3.616965677313317
1008,882,965,V70,3.616965677313317
1008,885,931,V63,3.0617002345235647
1008,849,931,V61,4.4061387562478425
1008,849,931,V82,4.4061387562478425
1008,849,931,V104,4.4061387562478425
1008,535,708,V44,4.548441137468074
1008,535,708,V53,4.548441137468074
1008,882,834,V76,4.883195120135012
1012,917,834,V44,3.617203703030827
1012,708,834,V53,4.389831624444016
1012,708,834,V63,4.389831624444016
1012,708,834,V69,4.389831624444016
1012,885,882,V55,2.852794790784161
1012,885,882,V70,2.852794790784161
1012,885,882,V91,2.852794790784161
1012,885,882,V97,2.852794790784161
1012,885,931,V107,3.0617002345235647
1012,1398,1435,V99,5.805514364498899
1012,1091,965,V46,4.388654712140797
1016,885,1013,V91,3.46869779664105
1016,885,1013,V97,3.46869779664105
1016,885,1013,V108,3.46869779664105
1016,885,882,V115,2.852794790784161
1016,885,882,V117,2.852794790784161
1016,1102,1229,V53,3.8392690799482057
1020,1398,1229,V97,5.282433425576492
1020,1398,1229,V108,5.282433425576492
1020,1106,1229,V78,6.605818539698737
1020,1106,1229,V82,6.605818539698737
1020,1106,1229,V84,6.605818539698737
1020,1106,1229,V103,6.605818539698737
1020,1106,1229,V122,6.605818539698737
1020,885,1229,V115,8.89559413156451
1020,1091,1229,V60,9.180034524729397
1020,1091,1229,V64,9.180034524729397
1020,1091,1229,V66,9.180034524729397
1020,1091,1229,V68,9.180034524729397
1020,1091,1229,V80,9.180034524729397
1020,1091,1229,V83,9.180034524729397
1020,1091,1229,V88,9.180034524729397
1020,1091,1229,V89,9.180034524729397
1020,1091,1229,V92,9.180034524729397
1020,1091,1229,V99,9.180034524729397
1020,1091,1229,V100,9.180034524729397
1020,1091,1229,V106,9.180034524729397
1020,1068,1229,V93,11.360488351411393
1020,1068,1229,V94,11.360488351411393
1020,1068,1229,V104,11.360488351411393
1020,849,1229,V67,12.017793437809017
1020,849,1229,V125,12.017793437809017
1020,672,1229,V98,14.57987655243148
1020,855,1229,V111,15.901554341364076
1020,855,1229,V112,15.901554341364076
1020,855,1229,V113,15.901554341364076
1020,783,1229,V41,18.841160835534616
1020,783,1229,V42,18.841160835534616
1020,783,1229,V43,18.841160835534616
1020,783,1229,V46,18.841160835534616
1020,783,1229,V48,18.841160835534616
1020,783,1229,V49,18.841160835534616
1020,783,1229,V55,18.841160835534616
1020,783,1229,V59,18.841160835534616
1020,783,1229,V70,18.841160835534616
1020,783,1229,V71,18.841160835534616
1020,783,1229,V72,18.841160835534616
1020,783,1229,V75,18.841160835534616
1020,783,1229,V81,18.841160835534616
1020,783,1229,V87,18.841160835534616
1020,783,1229,V101,18.841160835534616
1020,783,1229,V105,18.841160835534616
1020,783,1229,V120,18.841160835534616
1020,783,1229,V130,18.841160835534616
1020,783,1229,V136,18.841160835534616
1020,783,1229,V138,18.841160835534616
1020,783,1229,V139,18.841160835534616
1020,783,1229,V142,18.841160835534616
1020,783,1229,V143,18.841160835534616
1020,783,1229,V144,18.841160835534616
1020,783,1229,V145,18.841160835534616
1020,783,1229,V148,18.841160835534616
1020,783,1229,V149,18.841160835534616
1020,783,1229,V150,18.841160835534616
1020,783,1229,V151,18.841160835534616
1020,783,1229,V152,18.841160835534616
1020,783,1229,V153,18.841160835534616
1020,783,1229,V154,18.841160835534616
1020,783,1229,V156,18.841160835534616
1020,783,1229,V157,18.841160835534616
1020,783,1229,V158,18.841160835534616
1020,783,1229,V159,18.841160835534616
1020,783,1229,V160,18.841160835534616
1020,783,1229,V161,18.841160835534616
1020,783,1229,V162,18.841160835534616
1020,783,1229,V163,18.841160835534616
1020,783,1229,V164,18.841160835534616
1020,783,965,V165,10.498093903671007
1020,783,965,V166,10.498093903671007
1020,783,965,V167,10.498093903671007
1020,783,965,V168,10.498093903671007
1020,783,882,V169,12.561839638690564
1020,783,882,V170,12.561839638690564
1020,783,882,V171,12.561839638690564
1020,783,834,V172,7.689481736045675
1020,783,834,V173,7.689481736045675
1020,783,834,V174,7.689481736045675
1020,783,1013,V175,15.308499342485224
1020,783,1013,V176,15.308499342485224
1020,783,917,V177,5.8083597500151045
1020,508,931,V51,12.961089805583503
1024,783,834,V47,7.689481736045675
1024,783,834,V52,7.689481736045675
1024,783,834,V53,7.689481736045675
1024,783,834,V56,7.689481736045675
1024,783,834,V57,7.689481736045675
1024,783,834,V61,7.689481736045675
1024,783,834,V62,7.689481736045675
1024,783,834,V63,7.689481736045675
1024,783,834,V65,7.689481736045675
1024,783,834,V69,7.689481736045675
1024,783,834,V72,7.689481736045675
1024,783,834,V73,7.689481736045675
1024,783,834,V76,7.689481736045675
1024,783,834,V79,7.689481736045675
1024,783,834,V85,7.689481736045675
1024,783,834,V86,7.689481736045675
1024,783,834,V91,7.689481736045675
1024,783,834,V96,7.689481736045675
1024,783,834,V97,7.689481736045675
1024,783,834,V102,7.689481736045675
1024,1398,1229,V41,5.282433425576492
1024,1398,1229,V42,5.282433425576492
1024,1398,1229,V43,5.282433425576492
1024,1398,1229,V46,5.282433425576492
1024,1398,1229,V48,5.282433425576492
1024,1398,1229,V49,5.282433425576492
1024,1398,1229,V55,5.282433425576492
1024,1398,1229,V59,5.282433425576492
1024,1398,1229,V60,5.282433425576492
1024,1398,1229,V64,5.282433425576492
1024,1398,1229,V66,5.282433425576492
1024,1398,1229,V67,5.282433425576492
1024,1398,1276,V68,7.438993890374081
1024,1398,1276,V70,7.438993890374081
1024,1398,1276,V71,7.438993890374081
1024,1398,1276,V75,7.438993890374081
1024,1398,1276,V80,7.438993890374081
1024,1398,1276,V81,7.438993890374081
1024,1398,1276,V82,7.438993890374081
1024,1398,1276,V83,7.438993890374081
1024,1398,1276,V84,7.438993890374081
1024,1398,1276,V87,7.438993890374081
1024,1398,1276,V88,7.438993890374081
1024,1398,1276,V89,7.438993890374081
1024,783,659,V107,5.809594285895007
1024,783,659,V108,5.809594285895007
1024,783,659,V109,5.809594285895007
1024,783,659,V116,5.809594285895007
1024,783,659,V117,5.809594285895007
1024,783,659,V118,5.809594285895007
1024,783,659,V119,5.809594285895007
1024,783,659,V123,5.809594285895007
1024,783,659,V124,5.809594285895007
1024,783,659,V127,5.809594285895007
1024,783,965,V132,10.498093903671007
1024,783,965,V133,10.498093903671007
1024,783,965,V134,10.498093903671007
1024,783,965,V135,10.498093903671007
1024,783,965,V137,10.498093903671007
1024,783,965,V140,10.498093903671007
1024,783,965,V155,10.498093903671007
1024,1398,885,V92,13.644566108710274
1024,1398,885,V93,13.644566108710274
1024,1398,885,V94,13.644566108710274
1024,1398,885,V98,13.644566108710274
1024,1398,885,V99,13.644566108710274
1024,1398,885,V100,13.644566108710274
1024,359,708,V146,10.088438580081291
1024,783,708,V165,10.697285568723771
1024,783,708,V166,10.697285568723771
1024,783,708,V167,10.697285568723771
1024,783,708,V168,10.697285568723771
1024,508,931,V77,12.961089805583503
1024,508,931,V90,12.961089805583503
1024,508,931,V110,12.961089805583503
1024,508,931,V121,12.961089805583503
1024,1398,1102,V101,9.118728510486134
1024,1398,1102,V103,9.118728510486134
1024,1398,1102,V104,9.118728510486134
1024,1398,1102,V105,9.118728510486134
1024,783,882,V172,12.561839638690564
1024,783,882,V173,12.561839638690564
1024,783,882,V174,12.561839638690564
1024,783,882,V175,12.561839638690564
1024,508,849,V128,9.342303526294996
1024,508,849,V141,9.342303526294996
1024,1398,849,V106,17.29967050146656
1024,783,535,V176,11.620421645142477
1024,783,535,V178,11.620421645142477
1024,783,535,V179,11.620421645142477
1024,1398,855,V111,20.980478449683208
1024,1398,855,V112,20.980478449683208
1024,1398,1182,V113,5.640321895106829
1024,783,672,V180,17.445012141301472
1024,783,917,V181,5.8083597500151045
1024,1398,1091,V115,9.6478124773512
1024,783,566,V182,5.876334276322891
1028,885,834,V112,7.688685710981335
1028,885,834,V175,7.688685710981335
1028,783,834,V41,7.689481736045675
1028,783,834,V43,7.689481736045675
1028,783,834,V44,7.689481736045675
1028,783,834,V46,7.689481736045675
1028,783,834,V47,7.689481736045675
1028,783,834,V48,7.689481736045675
1028,783,834,V50,7.689481736045675
1028,1102,1229,V81,3.8392690799482057
1028,1102,1229,V113,3.8392690799482057
1028,1398,1229,V122,5.282433425576492
1028,1398,1229,V125,5.282433425576492
1028,1398,1229,V126,5.282433425576492
1028,1398,1229,V130,5.282433425576492
1028,1398,1229,V136,5.282433425576492
1028,931,1106,V42,5.283575443416337
1028,931,1106,V60,5.283575443416337
1028,931,1106,V71,5.283575443416337
1028,931,1106,V75,5.283575443416337
1028,783,659,V51,5.809594285895007
1028,783,659,V52,5.809594285895007
1028,783,659,V53,5.809594285895007
1028,783,659,V55,5.809594285895007
1028,931,1013,V111,4.405443882921528
1028,931,1013,V114,4.405443882921528
1028,1398,1013,V138,10.186376382121452
1028,1398,1013,V139,10.186376382121452
1028,359,535,V54,5.855067293961566
1028,783,535,V56,11.620421645142477
1028,783,535,V57,11.620421645142477
1028,1398,1091,V142,9.6478124773512
1028,1398,1091,V143,9.6478124773512
1028,1398,1091,V144,9.6478124773512
1028,783,566,V59,5.876334276322891
1028,783,566,V61,5.876334276322891
1028,1398,1276,V145,7.438993890374081
1028,1398,1276,V148,7.438993890374081
1028,508,672,V147,8.81713559460697
1028,783,672,V62,17.445012141301472
1028,1398,1068,V149,16.00213801732287
1028,783,882,V63,12.561839638690564
1028,783,708,V65,10.697285568723771
1032,1102,885,V55,5.875878565174106
1032,1102,885,V81,5.875878565174106
1032,849,885,V87,6.749102957431653
1032,1182,885,V74,8.662721360426067
1032,1182,885,V79,8.662721360426067
1032,1182,885,V85,8.662721360426067
1032,1182,885,V86,8.662721360426067
1032,1182,885,V88,8.662721360426067
1032,1182,965,V91,5.875748248781206
1032,1182,965,V96,5.875748248781206
1032,1182,965,V102,5.875748248781206
1032,1182,965,V111,5.875748248781206
1032,1182,965,V114,5.875748248781206
1032,1182,965,V124,5.875748248781206
1032,783,965,V41,10.498093903671007
1032,783,965,V42,10.498093903671007
1032,783,834,V44,7.689481736045675
1032,783,834,V46,7.689481736045675
1032,783,834,V48,7.689481736045675
1032,783,834,V52,7.689481736045675
1032,783,834,V53,7.689481736045675
1032,783,834,V54,7.689481736045675
1032,783,834,V56,7.689481736045675
1032,783,834,V61,7.689481736045675
1032,1398,1276,V49,7.438993890374081
1032,1398,1276,V115,7.438993890374081
1032,1398,1276,V157,7.438993890374081
1032,1398,1276,V158,7.438993890374081
1032,1398,1276,V159,7.438993890374081
1032,1398,1276,V160,7.438993890374081
1032,1398,1276,V161,7.438993890374081
1032,535,708,V152,4.548441137468074
1032,783,708,V62,10.697285568723771
1032,783,708,V63,10.697285568723771
1032,783,708,V67,10.697285568723771
1032,783,708,V68,10.697285568723771
1032,1398,1013,V162,10.186376382121452
1032,1398,1013,V163,10.186376382121452
1032,783,1013,V70,15.308499342485224
1032,783,672,V71,17.445012141301472
1032,783,672,V72,17.445012141301472
1032,783,1091,V75,10.241109598832232
1032,783,1091,V76,10.241109598832232
1032,783,659,V80,5.809594285895007
1032,783,1106,V82,22.318447076891776
1032,783,508,V83,25.93420023872912
1032,783,1068,V92,26.525178301273773
1036,1091,1398,V100,9.6478124773512
1036,1091,1398,V104,9.6478124773512
1036,1013,1398,V41,10.186376382121452
1036,1013,1398,V42,10.186376382121452
1036,1013,1398,V44,10.186376382121452
1036,1013,1398,V67,10.186376382121452
1036,1013,1398,V111,10.186376382121452
1036,1106,1398,V86,11.562838367297022
1036,931,1398,V43,13.495077260547856
1036,931,1398,V51,13.495077260547856
1036,931,1398,V57,13.495077260547856
1036,931,1398,V147,13.495077260547856
1036,885,1182,V48,8.662721360426067
1036,917,1182,V88,9.422487826578177
1036,917,1182,V117,9.422487826578177
1036,849,1182,V82,13.728760504847472
1036,849,1182,V108,13.728760504847472
1036,783,965,V46,10.498093903671007
1036,783,965,V49,10.498093903671007
1036,783,965,V52,10.498093903671007
1036,783,965,V53,10.498093903671007
1036,783,965,V54,10.498093903671007
1036,783,834,V56,7.689481736045675
1036,783,834,V59,7.689481736045675
1036,783,834,V60,7.689481736045675
1036,783,834,V61,7.689481736045675
1036,783,535,V62,11.620421645142477
1036,783,535,V66,11.620421645142477
1036,855,1370,V64,13.377197086368376
1036,783,1370,V70,30.28578929187396
1036,783,1276,V75,22.606377139254327
1036,783,1276,V76,22.606377139254327
1036,783,1068,V77,26.525178301273773
1040,882,965,V49,3.616965677313317
1040,882,965,V56,3.616965677313317
1040,882,965,V63,3.616965677313317
1040,659,834,V74,5.284552964469467
1040,659,834,V89,5.284552964469467
1040,659,834,V106,5.284552964469467
1040,1091,917,V41,4.837115435970083
1040,1091,917,V42,4.837115435970083
1040,659,708,V126,5.815596432206299
1040,885,708,V55,6.511469320496247
1040,1276,1106,V50,4.836798739645476
1040,1276,1106,V75,4.836798739645476
1040,885,508,V61,13.808114395759947
1040,885,672,V73,5.876204136119103
1044,882,708,V49,4.837510953567602
1044,882,708,V55,4.837510953567602
1044,1229,1102,V138,3.8392690799482057
1044,931,1102,V68,4.548251915941359
1044,882,885,V74,2.852794790784161
1044,882,885,V77,2.852794790784161
1044,917,834,V41,3.617203703030827
1044,1182,1398,V46,5.640321895106829
1044,1182,1435,V48,8.189653224238826
1044,849,672,V47,6.511836392511076
1044,931,1013,V102,4.405443882921528
1048,917,834,V42,3.617203703030827
1048,917,834,V82,3.617203703030827
1048,917,834,V85,3.617203703030827
1048,965,834,V70,3.83986736177262
1048,965,834,V86,3.83986736177262
1048,965,834,V94,3.83986736177262
1048,659,834,V41,5.284552964469467
1048,659,834,V83,5.284552964469467
1048,1013,882,V92,3.839767699909249
1048,1013,882,V100,3.839767699909249
1048,931,882,V65,5.812636165404913
1048,672,882,V102,7.316385892068044
1048,1182,882,V46,7.841474878454721
1048,535,708,V91,4.548441137468074
1048,359,708,V88,10.088438580081291
1048,359,708,V126,10.088438580081291
1048,359,708,V130,10.088438580081291
1048,1106,1276,V50,4.836798739645476
1048,1106,1276,V59,4.836798739645476
1048,1182,1102,V76,6.120304815079837
1048,849,885,V74,6.749102957431653
1052,708,885,V115,6.511469320496247
1052,849,885,V49,6.749102957431653
1052,849,885,V53,6.749102957431653
1052,849,885,V124,6.749102957431653
1052,849,885,V130,6.749102957431653
1052,1106,885,V59,7.965381677815221
1052,917,834,V42,3.617203703030827
1052,917,834,V73,3.617203703030827
1052,1091,834,V41,6.739095652327052
1052,1091,834,V64,6.739095652327052
1052,1091,834,V66,6.739095652327052
1052,1068,1370,V63,7.841426035905807
1052,1068,1370,V75,7.841426035905807
1052,1068,1370,V108,7.841426035905807
1052,1106,931,V68,5.283575443416337
1056,1013,931,V73,4.405443882921528
1056,1013,931,V76,4.405443882921528
1056,849,931,V105,4.4061387562478425
1056,849,931,V109,4.4061387562478425
1056,917,834,V67,3.617203703030827
1056,917,834,V113,3.617203703030827
1056,708,834,V81,4.389831624444016
1056,708,882,V103,4.837510953567602
1056,672,882,V79,7.316385892068044
1056,1068,1370,V86,7.841426035905807
1060,965,882,V41,3.616965677313317
1060,965,882,V59,3.616965677313317
1060,965,882,V60,3.616965677313317
1060,1013,882,V47,3.839767699909249
1060,1013,882,V109,3.839767699909249
1060,708,882,V53,4.837510953567602
1060,708,834,V100,4.389831624444016
1060,708,834,V130,4.389831624444016
1060,1091,834,V82,6.739095652327052
1060,1091,834,V83,6.739095652327052
1064,885,882,V47,2.852794790784161
1064,885,882,V109,2.852794790784161
1064,885,882,V113,2.852794790784161
1064,965,882,V81,3.616965677313317
1068,931,885,V127,3.0617002345235647
1068,672,885,V41,5.876204136119103
1068,672,885,V55,5.876204136119103
1068,672,885,V109,5.876204136119103
1068,1276,1106,V71,4.836798739645476
1068,1276,1106,V75,4.836798739645476
1068,1276,1106,V94,4.836798739645476
1068,965,882,V47,3.616965677313317
1068,708,882,V63,4.837510953567602
1068,672,882,V114,7.316385892068044
1068,1229,1102,V102,3.8392690799482057
1068,1229,1102,V104,3.8392690799482057
1068,855,1068,V62,5.87594370452583
1068,855,1068,V85,5.87594370452583
1068,783,659,V42,5.809594285895007
1068,783,659,V48,5.809594285895007
1068,1229,1013,V112,5.640389822593795
1072,849,931,V128,4.4061387562478425
1072,882,931,V42,5.812636165404913
1072,882,931,V109,5.812636165404913
1072,1091,931,V131,12.243987029703826
1072,1398,931,V78,13.495077260547856
1072,1398,931,V107,13.495077260547856
1072,1435,931,V44,17.55186674578995
1072,1435,931,V69,17.55186674578995
1072,783,931,V41,18.3740064075405
1072,783,931,V46,18.3740064075405
1072,783,931,V47,18.3740064075405
1072,783,834,V48,7.689481736045675
1072,783,834,V49,7.689481736045675
1072,783,834,V50,7.689481736045675
1072,783,834,V51,7.689481736045675
1072,783,834,V53,7.689481736045675
1072,783,834,V55,7.689481736045675
1072,783,834,V56,7.689481736045675
1072,783,834,V57,7.689481736045675
1072,783,834,V59,7.689481736045675
1072,783,834,V60,7.689481736045675
1072,783,659,V61,5.809594285895007
1072,783,659,V62,5.809594285895007
1072,783,659,V63,5.809594285895007
1072,783,659,V64,5.809594285895007
1072,783,659,V65,5.809594285895007
1072,783,659,V66,5.809594285895007
1072,783,965,V68,10.498093903671007
1072,783,965,V70,10.498093903671007
1072,783,965,V71,10.498093903671007
1072,783,965,V72,10.498093903671007
1072,783,965,V73,10.498093903671007
1072,783,965,V75,10.498093903671007
1072,783,917,V76,5.8083597500151045
1072,783,917,V80,5.8083597500151045
1072,783,917,V81,5.8083597500151045
1072,783,917,V82,5.8083597500151045
1072,783,917,V83,5.8083597500151045
1072,359,535,V110,5.855067293961566
1072,566,535,V135,11.474227573045091
1072,783,535,V84,11.620421645142477
1072,783,535,V85,11.620421645142477
1072,783,1229,V86,18.841160835534616
1072,783,1229,V87,18.841160835534616
1072,783,1229,V88,18.841160835534616
1072,783,1229,V89,18.841160835534616
1072,783,885,V90,15.378166398318458
1072,783,885,V91,15.378166398318458
1072,783,885,V92,15.378166398318458
1072,783,708,V93,10.697285568723771
1072,783,708,V94,10.697285568723771
1072,783,708,V97,10.697285568723771
1072,783,1013,V98,15.308499342485224
1072,783,1013,V99,15.308499342485224
1072,783,1013,V100,15.308499342485224
1072,783,1106,V101,22.318447076891776
1072,783,1106,V102,22.318447076891776
1072,783,1182,V103,15.175538880502293
1072,783,1182,V104,15.175538880502293
1072,783,508,V105,25.93420023872912
1076,1091,834,V43,6.739095652327052
1076,1091,834,V83,6.739095652327052
1076,885,834,V41,7.688685710981335
1076,885,834,V42,7.688685710981335
1076,885,834,V46,7.688685710981335
1076,885,834,V47,7.688685710981335
1076,885,834,V54,7.688685710981335
1076,885,834,V69,7.688685710981335
1076,1102,931,V67,4.548251915941359
1076,1102,931,V87,4.548251915941359
1076,1102,931,V101,4.548251915941359
1076,1182,931,V55,9.422487826577225
1076,1182,931,V86,9.422487826577225
1076,783,931,V44,18.3740064075405
1076,783,931,V48,18.3740064075405
1076,783,931,V49,18.3740064075405
1076,783,882,V50,12.561839638690564
1076,783,882,V51,12.561839638690564
1076,783,882,V53,12.561839638690564
1076,783,882,V56,12.561839638690564
1076,783,882,V57,12.561839638690564
1076,783,882,V59,12.561839638690564
1076,783,882,V60,12.561839638690564
1076,783,1276,V62,22.606377139254327
1076,783,1276,V63,22.606377139254327
1076,783,1276,V66,22.606377139254327
1076,783,1276,V71,22.606377139254327
1076,783,1276,V72,22.606377139254327
1076,783,1276,V73,22.606377139254327
1076,783,1276,V75,22.606377139254327
1076,783,1229,V76,18.841160835534616
1076,783,1229,V77,18.841160835534616
1076,783,1229,V78,18.841160835534616
1076,783,1229,V79,18.841160835534616
1076,783,1229,V80,18.841160835534616
1076,783,1229,V81,18.841160835534616
1076,783,917,V82,5.8083597500151045
1076,783,917,V84,5.8083597500151045
1076,783,917,V85,5.8083597500151045
1076,783,917,V88,5.8083597500151045
1076,783,917,V89,5.8083597500151045
1076,783,1013,V90,15.308499342485224
1076,783,1013,V91,15.308499342485224
1076,783,1013,V94,15.308499342485224
1076,783,1013,V96,15.308499342485224
1076,783,965,V97,10.498093903671007
1076,783,965,V103,10.498093903671007
1076,783,965,V104,10.498093903671007
1076,783,965,V105,10.498093903671007
1076,783,1398,V107,19.874616662347663
1076,783,1398,V108,19.874616662347663
1076,783,1106,V110,22.318447076891776
1076,783,1106,V111,22.318447076891776
1076,783,535,V112,11.620421645142477
1076,783,508,V115,25.93420023872912
1076,783,566,V117,5.876334276322891
1076,783,659,V122,5.809594285895007
1076,783,1068,V123,26.525178301273773
1080,882,708,V47,4.837510953567602
1080,882,708,V59,4.837510953567602
1080,882,708,V62,4.837510953567602
1080,882,708,V76,4.837510953567602
1080,882,708,V97,4.837510953567602
1080,885,1013,V42,3.46869779664105
1080,885,1013,V48,3.46869779664105
1080,885,1013,V63,3.46869779664105
1080,885,1013,V92,3.46869779664105
1080,885,931,V94,3.0617002345235647
1080,672,931,V90,6.73915242731767
1080,672,931,V91,6.73915242731767
1080,672,1229,V106,14.57987655243148
1080,672,1229,V134,14.57987655243148
1080,783,1182,V43,15.175538880502293
1080,783,917,V44,5.8083597500151045
1080,783,834,V46,7.689481736045675
1080,855,1102,V74,12.404917058701368
1080,783,535,V50,11.620421645142477
1080,783,965,V51,10.498093903671007
1084,849,1276,V42,11.479314497557898
1084,882,1276,V51,12.01740314095659
1084,882,1276,V54,12.01740314095659
1084,882,1276,V61,12.01740314095659
1084,882,1276,V89,12.01740314095659
1084,882,1276,V90,12.01740314095659
1084,882,1276,V91,12.01740314095659
1084,855,1106,V115,9.423483175173253
1084,882,1106,V100,10.203820878312005
1084,882,1106,V105,10.203820878312005
1084,672,1106,V70,11.752082528572066
1084,672,1106,V75,11.752082528572066
1084,672,1013,V141,9.341935125969725
1084,783,1013,V43,15.308499342485224
1084,783,1013,V44,15.308499342485224
1084,783,1013,V46,15.308499342485224
1084,783,1013,V47,15.308499342485224
1084,783,834,V49,7.689481736045675
1084,783,834,V50,7.689481736045675
1084,783,834,V59,7.689481736045675
1084,783,834,V62,7.689481736045675
1084,783,834,V64,7.689481736045675
1084,783,1091,V67,10.241109598832232
1084,783,1091,V71,10.241109598832232
1084,783,1091,V72,10.241109598832232
1084,783,1091,V73,10.241109598832232
1084,783,708,V76,10.697285568723771
1084,783,708,V77,10.697285568723771
1084,783,708,V78,10.697285568723771
1084,783,708,V85,10.697285568723771
1084,783,885,V93,15.378166398318458
1084,783,885,V97,15.378166398318458
1084,783,885,V98,15.378166398318458
1084,783,659,V103,5.809594285895007
1084,783,659,V104,5.809594285895007
1084,783,1102,V106,18.800951364959644
1084,783,1102,V107,18.800951364959644
1084,783,1229,V108,18.841160835534616
1084,783,1229,V109,18.841160835534616
1084,783,917,V110,5.8083597500151045
1088,917,834,V57,3.617203703030827
1088,965,834,V43,3.83986736177262
1088,965,834,V44,3.83986736177262
1088,965,834,V83,3.83986736177262
1088,965,834,V103,3.83986736177262
1088,882,834,V49,4.883195120135012
1088,882,834,V86,4.883195120135012
1088,783,834,V41,7.689481736045675
1088,783,834,V42,7.689481736045675
1088,783,834,V46,7.689481736045675
1088,783,834,V50,7.689481736045675
1088,672,535,V47,8.311483007291683
1088,672,535,V125,8.311483007291683
1088,783,535,V53,11.620421645142477
1088,783,535,V54,11.620421645142477
1088,783,535,V55,11.620421645142477
1088,783,535,V56,11.620421645142477
1088,783,708,V59,10.697285568723771
1088,783,708,V61,10.697285568723771
1088,783,708,V62,10.697285568723771
1088,783,708,V63,10.697285568723771
1088,849,931,V77,4.4061387562478425
1088,849,931,V82,4.4061387562478425
1088,1102,931,V109,4.548251915941359
1088,1102,1229,V111,3.8392690799482057
1088,1276,1229,V106,3.959637309104105
1088,783,359,V64,12.499801205497114
1088,783,659,V71,5.809594285895007
1088,1182,1091,V65,5.24631154396119
1092,882,834,V105,4.883195120135012
1092,882,834,V128,4.883195120135012
1092,1091,834,V44,6.739095652327052
1092,783,834,V41,7.689481736045675
1092,783,834,V43,7.689481736045675
1092,783,834,V46,7.689481736045675
1092,783,834,V47,7.689481736045675
1092,783,834,V48,7.689481736045675
1092,783,834,V50,7.689481736045675
1092,783,834,V53,7.689481736045675
1092,783,834,V54,7.689481736045675
1092,1102,1106,V94,3.80171314717607
1092,1102,1106,V112,3.80171314717607
1092,1102,1106,V119,3.80171314717607
1092,1102,1106,V136,3.80171314717607
1092,931,885,V57,3.0617002345235647
1092,931,885,V68,3.0617002345235647
1092,931,885,V78,3.0617002345235647
1092,931,885,V101,3.0617002345235647
1092,672,535,V98,8.311483007291683
1092,783,659,V56,5.809594285895007
1092,783,917,V61,5.8083597500151045
1092,1013,708,V73,8.663428210145081
1096,882,834,V48,4.883195120135012
1096,882,834,V50,4.883195120135012
1096,882,834,V53,4.883195120135012
1096,882,834,V54,4.883195120135012
1096,882,834,V59,4.883195120135012
1096,882,834,V76,4.883195120135012
1096,882,834,V148,4.883195120135012
1096,659,834,V47,5.284552964469467
1096,885,708,V69,6.511469320496247
1096,672,708,V117,6.751878981086827
1096,1091,965,V51,4.388654712140797
1096,1182,965,V89,5.875748248781206
1096,783,566,V41,5.876334276322891
1096,1435,1296,V102,10.066515186960627
1096,1102,1106,V94,3.80171314717607
1100,917,834,V81,3.617203703030827
1100,708,834,V48,4.389831624444016
1100,708,834,V62,4.389831624444016
1100,708,834,V69,4.389831624444016
1100,882,965,V89,3.616965677313317
1100,1182,965,V64,5.875748248781206
1100,1182,965,V74,5.875748248781206
1100,1182,965,V91,5.875748248781206
1100,708,535,V71,4.548441137468074
1100,708,535,V76,4.548441137468074
1100,708,535,V137,4.548441137468074
1100,659,535,V47,5.810827883107414
1100,1102,931,V65,4.548251915941359
1100,1102,931,V87,4.548251915941359
1100,1102,931,V94,4.548251915941359
1100,1102,931,V119,4.548251915941359
1100,1102,1106,V127,3.80171314717607
1100,1102,885,V141,5.875878565174106
1100,1102,1013,V142,3.616251246210677
1104,882,965,V43,3.616965677313317
1104,882,965,V66,3.616965677313317
1104,882,965,V77,3.616965677313317
1104,882,965,V83,3.616965677313317
1104,882,965,V124,3.616965677313317
1104,1013,931,V99,4.405443882921528
1104,1013,931,V112,4.405443882921528
1104,1013,931,V137,4.405443882921528
1104,1102,931,V61,4.548251915941359
1104,1102,931,V63,4.548251915941359
1104,1182,1091,V75,5.24631154396119
1104,1182,1091,V78,5.24631154396119
1104,1102,885,V76,5.875878565174106
1108,965,882,V99,3.616965677313317
1108,931,885,V76,3.0617002345235647
1112,965,882,V119,3.616965677313317
1112,965,882,V137,3.616965677313317
1112,1013,882,V138,3.839767699909249
1112,1013,882,V141,3.839767699909249
1112,1013,882,V162,3.839767699909249
1112,708,882,V53,4.837510953567602
1112,834,882,V43,4.883195120135012
1112,931,882,V63,5.812636165404913
1112,931,882,V99,5.812636165404913
1112,931,882,V105,5.812636165404913
1112,1435,1296,V48,10.066515186960627
1112,931,885,V108,3.0617002345235647
1116,885,882,V76,2.852794790784161
1116,965,882,V43,3.616965677313317
1116,1102,882,V46,7.314751476768936
1116,672,882,V49,7.316385892068044
1116,672,882,V68,7.316385892068044
1116,672,882,V71,7.316385892068044
1116,672,882,V74,7.316385892068044
1116,672,882,V77,7.316385892068044
1116,672,882,V103,7.316385892068044
1116,672,882,V154,7.316385892068044
1116,1182,882,V89,7.841474878454721
1116,783,917,V41,5.8083597500151045
1116,783,917,V42,5.8083597500151045
1116,783,917,V47,5.8083597500151045
1116,659,834,V55,5.284552964469467
1116,659,834,V99,5.284552964469467
1116,659,834,V105,5.284552964469467
1116,1182,1091,V125,5.24631154396119
1116,1182,1091,V133,5.24631154396119
1116,1182,1091,V134,5.24631154396119
1116,1182,1013,V137,5.283249325636405
1116,535,708,V161,4.548441137468074
1120,783,965,V41,10.498093903671007
1120,783,965,V42,10.498093903671007
1120,783,965,V43,10.498093903671007
1120,783,965,V47,10.498093903671007
1120,783,965,V48,10.498093903671007
1120,783,965,V49,10.498093903671007
1120,783,965,V51,10.498093903671007
1120,783,834,V55,7.689481736045675
1120,783,834,V56,7.689481736045675
1120,783,834,V57,7.689481736045675
1120,783,834,V59,7.689481736045675
1120,783,834,V60,7.689481736045675
1120,783,834,V61,7.689481736045675
1120,359,535,V106,5.855067293961566
1120,359,535,V117,5.855067293961566
1120,359,535,V135,5.855067293961566
1120,566,535,V54,11.474227573045091
1120,783,535,V62,11.620421645142477
1120,783,535,V63,11.620421645142477
1120,1068,849,V91,6.736061142863373
1120,1068,849,V96,6.736061142863373
1120,1068,849,V101,6.736061142863373
1120,1068,849,V115,6.736061142863373
1120,1068,849,V116,6.736061142863373
1120,1276,882,V124,12.01740314095659
1120,1276,882,V127,12.01740314095659
1120,1276,882,V128,12.01740314095659
1120,1276,882,V129,12.01740314095659
1120,1276,1102,V136,4.836798739646007
1120,1276,1102,V143,4.836798739646007
1120,1276,1102,V146,4.836798739646007
1120,1276,1102,V152,4.836798739646007
1120,783,708,V64,10.697285568723771
1120,783,708,V65,10.697285568723771
1120,783,708,V66,10.697285568723771
1120,1068,672,V118,13.168317290084476
1120,1068,672,V121,13.168317290084476
1120,1068,672,V122,13.168317290084476
1120,783,917,V68,5.8083597500151045
1120,783,917,V69,5.8083597500151045
1120,783,659,V70,5.809594285895007
1120,783,659,V71,5.809594285895007
1120,1398,1013,V130,10.186376382121452
1120,1068,1182,V139,14.6407627195109
1120,1068,885,V151,11.364565785437158
1120,783,1091,V73,10.241109598832232
1120,1068,931,V153,8.304853837171269
1124,1013,965,V47,4.881725510082577
1124,1013,965,V48,4.881725510082577
1124,1013,965,V78,4.881725510082577
1124,1102,965,V43,8.304116264398273
1124,1102,965,V152,8.304116264398273
1124,783,965,V42,10.498093903671007
1124,783,965,V49,10.498093903671007
1124,535,708,V121,4.548441137468074
1124,359,708,V54,10.088438580081291
1124,783,708,V50,10.697285568723771
1124,783,708,V51,10.697285568723771
1124,783,708,V55,10.697285568723771
1124,783,708,V56,10.697285568723771
1124,783,708,V57,10.697285568723771
1124,1068,885,V116,11.364565785437158
1124,783,885,V59,15.378166398318458
1124,783,885,V60,15.378166398318458
1124,783,885,V61,15.378166398318458
1124,783,885,V63,15.378166398318458
1124,783,885,V64,15.378166398318458
1124,783,885,V65,15.378166398318458
1124,1370,1229,V87,11.877749718768223
1124,783,1229,V66,18.841160835534616
1124,783,1229,V67,18.841160835534616
1124,783,1229,V68,18.841160835534616
1124,783,1229,V69,18.841160835534616
1124,783,1229,V70,18.841160835534616
1124,783,1182,V71,15.175538880502293
1124,783,1182,V73,15.175538880502293
1124,783,931,V80,18.3740064075405
1124,783,931,V81,18.3740064075405
1124,783,1091,V82,10.241109598832232
1124,783,1091,V83,10.241109598832232
1124,783,508,V84,25.93420023872912
1124,783,1398,V86,19.874616662347663
1124,783,672,V88,17.445012141301472
1128,882,708,V43,4.837510953567602
1128,882,708,V60,4.837510953567602
1128,882,708,V61,4.837510953567602
1128,882,708,V65,4.837510953567602
1128,882,708,V68,4.837510953567602
1128,882,708,V88,4.837510953567602
1128,882,708,V92,4.837510953567602
1128,783,834,V41,7.689481736045675
1128,783,834,V44,7.689481736045675
1128,783,834,V46,7.689481736045675
1128,783,834,V49,7.689481736045675
1128,783,834,V50,7.689481736045675
1128,783,834,V51,7.689481736045675
1128,783,834,V54,7.689481736045675
1128,1013,885,V69,3.46869779664105
1128,1013,885,V73,3.46869779664105
1128,1013,885,V93,3.46869779664105
1128,1102,885,V63,5.875878565174106
1128,1102,1229,V66,3.8392690799482057
1128,1102,1229,V67,3.8392690799482057
1128,1102,1229,V71,3.8392690799482057
1128,783,659,V55,5.809594285895007
1128,783,659,V56,5.809594285895007
1128,566,535,V53,11.474227573045091
1128,783,535,V57,11.620421645142477
1128,1106,1276,V48,4.836798739645476
1128,849,855,V47,5.706192977162224
1128,783,917,V62,5.8083597500151045
1128,783,965,V64,10.498093903671007
1132,659,708,V74,5.815596432206299
1132,885,708,V42,6.511469320496247
1132,885,708,V60,6.511469320496247
1132,885,708,V63,6.511469320496247
1132,885,708,V67,6.511469320496247
1132,885,708,V69,6.511469320496247
1132,885,708,V98,6.511469320496247
1132,672,708,V47,6.751878981086827
1132,359,708,V53,10.088438580081291
1132,783,708,V41,10.697285568723771
1132,1102,1229,V87,3.8392690799482057
1132,1106,1229,V76,6.605818539698737
1132,1106,1229,V91,6.605818539698737
1132,1106,1229,V100,6.605818539698737
1132,1106,1229,V118,6.605818539698737
1132,1091,1182,V54,5.24631154396119
1132,1106,1182,V153,9.760018472127422
1132,1068,1182,V75,14.6407627195109
1132,1068,1182,V96,14.6407627195109
1132,1068,931,V136,8.304853837171269
1132,783,931,V43,18.3740064075405
1132,783,931,V46,18.3740064075405
1132,783,882,V49,12.561839638690564
1132,783,882,V50,12.561839638690564
1132,783,855,V51,27.60378823743443
1132,783,834,V57,7.689481736045675
1132,783,535,V61,11.620421645142477
1132,783,1013,V64,15.308499342485224
1136,917,834,V81,3.617203703030827
1136,917,834,V92,3.617203703030827
1136,708,834,V47,4.389831624444016
1136,708,834,V50,4.389831624444016
1136,708,834,V60,4.389831624444016
1136,708,834,V71,4.389831624444016
1136,1102,885,V64,5.875878565174106
1136,708,885,V73,6.511469320496247
1136,708,885,V79,6.511469320496247
1136,708,885,V97,6.511469320496247
1136,849,885,V51,6.749102957431653
1136,849,885,V55,6.749102957431653
1136,849,855,V56,5.706192977162224
1136,1068,855,V42,5.87594370452583
1136,1106,931,V48,5.283575443416337
1136,1106,931,V70,5.283575443416337
1136,1106,1276,V82,4.836798739645476
1136,1068,1276,V136,8.66943360865319
1136,1068,1013,V153,11.461019980924313
1140,659,834,V57,5.284552964469467
1140,659,834,V65,5.284552964469467
1140,659,834,V69,5.284552964469467
1140,659,834,V107,5.284552964469467
1140,659,834,V117,5.284552964469467
1140,783,834,V41,7.689481736045675
1140,783,834,V44,7.689481736045675
1140,849,931,V124,4.4061387562478425
1140,1068,931,V42,8.304853837171269
1140,1182,931,V67,9.422487826577225
1140,535,931,V71,13.170081658182124
1140,783,965,V47,10.498093903671007
1140,783,965,V49,10.498093903671007
1140,783,965,V50,10.498093903671007
1140,783,965,V51,10.498093903671007
1140,535,885,V86,10.569431103772471
1140,783,885,V53,15.378166398318458
1140,783,885,V54,15.378166398318458
1140,359,708,V61,10.088438580081291
1140,359,708,V70,10.088438580081291
1140,359,708,V89,10.088438580081291
1140,783,855,V55,27.60378823743443
1140,783,855,V59,27.60378823743443
1140,783,1102,V60,18.800951364959644
1140,783,1102,V63,18.800951364959644
1140,783,882,V68,12.561839638690564
1140,783,882,V84,12.561839638690564
1140,783,1013,V85,15.308499342485224
1140,783,1013,V87,15.308499342485224
1140,783,1398,V88,19.874616662347663
1140,783,672,V90,17.445012141301472
1144,882,885,V50,2.852794790784161
1144,882,885,V61,2.852794790784161
1144,882,885,V68,2.852794790784161
1144,882,885,V70,2.852794790784161
1144,882,885,V72,2.852794790784161
1144,882,885,V77,2.852794790784161
1144,1068,849,V53,6.736061142863373
1144,1106,849,V86,6.739095652327052
1144,834,708,V60,4.389831624444016
1148,965,834,V51,3.83986736177262
1148,965,834,V57,3.83986736177262
1148,965,834,V107,3.83986736177262
1148,882,834,V49,4.883195120135012
1148,849,855,V42,5.706192977162224
1152,965,882,V51,3.616965677313317
1152,965,882,V119,3.616965677313317
1152,965,882,V148,3.616965677313317
1152,965,882,V149,3.616965677313317
1152,1013,882,V49,3.839767699909249
1152,1013,882,V57,3.839767699909249
1152,1013,882,V84,3.839767699909249
1152,1013,882,V88,3.839767699909249
1152,931,882,V91,5.812636165404913
1152,931,882,V98,5.812636165404913
1152,917,834,V92,3.617203703030827
1152,783,834,V68,7.689481736045675
1152,783,834,V121,7.689481736045675
1152,783,834,V151,7.689481736045675
1152,535,708,V64,4.548441137468074
1156,885,882,V84,2.852794790784161
1156,885,882,V146,2.852794790784161
1156,885,882,V148,2.852794790784161
1156,885,882,V149,2.852794790784161
1156,1013,882,V68,3.839767699909249
1160,1013,882,V102,3.839767699909249
1160,931,882,V55,5.812636165404913
1160,931,882,V81,5.812636165404913
1164,931,882,V81,5.812636165404913
1164,931,882,V84,5.812636165404913
1164,931,882,V85,5.812636165404913
1164,931,882,V113,5.812636165404913
1164,931,882,V137,5.812636165404913
1164,1091,965,V107,4.388654712140797
1164,917,965,V111,4.882215518422521
1164,1102,965,V65,8.304116264398273
1164,1102,965,V78,8.304116264398273
1164,931,885,V146,3.0617002345235647
1164,931,885,V148,3.0617002345235647
1164,931,885,V149,3.0617002345235647
1164,672,885,V61,5.876204136119103
1164,659,834,V60,5.284552964469467
1164,659,834,V72,5.284552964469467
1164,783,834,V43,7.689481736045675
1164,535,708,V125,4.548441137468074
1164,672,708,V75,6.751878981086827
1168,885,834,V41,7.688685710981335
1168,885,834,V43,7.688685710981335
1168,783,834,V44,7.689481736045675
1168,783,834,V49,7.689481736045675
1168,783,834,V50,7.689481736045675
1168,783,834,V51,7.689481736045675
1168,783,834,V53,7.689481736045675
1168,783,834,V54,7.689481736045675
1168,783,834,V55,7.689481736045675
1168,1229,965,V145,8.77672016628073
1168,783,965,V56,10.498093903671007
1168,783,965,V57,10.498093903671007
1168,783,965,V59,10.498093903671007
1168,783,965,V60,10.498093903671007
1168,783,965,V61,10.498093903671007
1168,783,965,V62,10.498093903671007
1168,672,882,V109,7.316385892068044
1168,672,882,V110,7.316385892068044
1168,672,882,V134,7.316385892068044
1168,672,882,V135,7.316385892068044
1168,849,882,V46,9.574606006915822
1168,849,931,V93,4.4061387562478425
1168,849,931,V96,4.4061387562478425
1168,849,931,V114,4.4061387562478425
1168,849,931,V126,4.4061387562478425
1168,1435,1091,V64,8.895594131564904
1168,1435,1091,V132,8.895594131564904
1168,783,1091,V63,10.241109598832232
1168,359,708,V71,10.088438580081291
1168,783,708,V65,10.697285568723771
1168,783,708,V67,10.697285568723771
1168,566,535,V47,11.474227573045091
1168,566,535,V143,11.474227573045091
1168,1276,1013,V103,8.190822817543284
1168,1276,1013,V115,8.190822817543284
1168,783,917,V68,5.8083597500151045
1168,1276,1102,V117,4.836798739646007
1172,1276,1229,V117,3.959637309104105
1172,1276,1229,V129,3.959637309104105
1172,1068,1229,V86,11.360488351411393
1172,1068,1229,V127,11.360488351411393
1172,849,1229,V69,12.017793437809017
1172,708,1229,V48,14.16486062369625
1172,708,1229,V71,14.16486062369625
1172,708,1229,V139,14.16486062369625
1172,783,1229,V41,18.841160835534616
1172,783,1229,V42,18.841160835534616
1172,783,834,V43,7.689481736045675
1172,783,834,V44,7.689481736045675
1172,783,834,V47,7.689481736045675
1172,783,834,V49,7.689481736045675
1172,783,834,V51,7.689481736045675
1172,783,834,V54,7.689481736045675
1172,783,834,V55,7.689481736045675
1172,783,834,V56,7.689481736045675
1172,783,834,V57,7.689481736045675
1172,508,931,V83,12.961089805583503
1172,508,931,V90,12.961089805583503
1172,508,931,V97,12.961089805583503
1172,508,931,V130,12.961089805583503
1172,508,931,V153,12.961089805583503
1172,783,931,V59,18.3740064075405
1172,783,931,V60,18.3740064075405
1172,783,1106,V61,22.318447076891776
1172,783,1106,V62,22.318447076891776
1172,783,1106,V64,22.318447076891776
1172,783,1106,V65,22.318447076891776
1172,783,1106,V66,22.318447076891776
1172,783,1106,V75,22.318447076891776
1172,783,1013,V76,15.308499342485224
1172,783,1013,V77,15.308499342485224
1172,783,1013,V78,15.308499342485224
1172,783,1013,V79,15.308499342485224
1172,783,1013,V80,15.308499342485224
1172,783,535,V81,11.620421645142477
1172,783,535,V82,11.620421645142477
1172,783,535,V84,11.620421645142477
1172,783,535,V85,11.620421645142477
1172,783,885,V87,15.378166398318458
1172,783,885,V89,15.378166398318458
1172,783,885,V91,15.378166398318458
1172,783,917,V94,5.8083597500151045
1172,783,917,V98,5.8083597500151045
1172,783,1398,V99,19.874616662347663
1172,783,1398,V100,19.874616662347663
1172,783,1102,V101,18.800951364959644
1172,783,1102,V102,18.800951364959644
1172,783,659,V103,5.809594285895007
1172,783,1091,V104,10.241109598832232
1172,783,882,V105,12.561839638690564
1172,783,965,V107,10.498093903671007
1176,882,885,V56,2.852794790784161
1176,882,885,V69,2.852794790784161
1176,882,885,V101,2.852794790784161
1176,882,885,V102,2.852794790784161
1176,931,885,V78,3.0617002345235647
1176,834,1091,V106,6.739095652327052
1176,783,1091,V41,10.241109598832232
1176,783,1091,V43,10.241109598832232
1176,783,1091,V44,10.241109598832232
1176,708,535,V84,4.548441137468074
1176,708,535,V85,4.548441137468074
1176,783,535,V47,11.620421645142477
1176,783,535,V48,11.620421645142477
1176,783,659,V51,5.809594285895007
1176,783,659,V54,5.809594285895007
1176,783,659,V57,5.809594285895007
1176,1102,965,V42,8.304116264398273
1176,1102,965,V46,8.304116264398273
1176,1276,1398,V75,7.438993890374081
1176,1102,1106,V53,3.80171314717607
1180,965,882,V43,3.616965677313317
1180,1013,882,V46,3.839767699909249
1180,1013,882,V81,3.839767699909249
1180,1013,882,V93,3.839767699909249
1180,708,882,V47,4.837510953567602
1180,708,882,V48,4.837510953567602
1180,708,882,V69,4.837510953567602
1180,708,882,V77,4.837510953567602
1180,708,882,V101,4.837510953567602
1180,1102,1229,V53,3.8392690799482057
1180,1102,1229,V61,3.8392690799482057
1180,1102,1229,V75,3.8392690799482057
1180,1102,1229,V102,3.8392690799482057
1180,849,931,V82,4.4061387562478425
1180,849,931,V91,4.4061387562478425
1180,1102,931,V115,4.548251915941359
1180,783,834,V42,7.689481736045675
1180,783,834,V44,7.689481736045675
1180,783,834,V54,7.689481736045675
1180,1182,1398,V67,5.640321895106829
1180,1182,1435,V80,8.189653224238826
1180,783,1091,V57,10.241109598832232
1180,783,359,V59,12.499801205497114
1180,1276,885,V49,10.705394585658723
1180,783,535,V60,11.620421645142477
1184,1013,1102,V53,3.616251246210677
1184,1013,1102,V65,3.616251246210677
1184,1013,1102,V102,3.616251246210677
1184,931,1102,V49,4.548251915941359
1184,885,1091,V89,10.203820878312005
1184,885,1091,V109,10.203820878312005
1184,1276,1229,V42,3.959637309104105
1184,931,1229,V64,8.28950012214804
1184,659,834,V44,5.284552964469467
1184,659,834,V54,5.284552964469467
1184,659,535,V67,5.810827883107414
1184,659,535,V83,5.810827883107414
1184,783,359,V41,12.499801205497114
1184,931,708,V101,9.423506251261468
1184,783,566,V46,5.876334276322891
1184,783,1182,V50,15.175538880502293
1188,885,965,V48,6.123119155303686
1188,885,965,V78,6.123119155303686
1188,783,965,V41,10.498093903671007
1188,783,965,V42,10.498093903671007
1188,783,965,V51,10.498093903671007
1188,783,965,V59,10.498093903671007
1188,783,965,V60,10.498093903671007
1188,783,965,V64,10.498093903671007
1188,783,965,V68,10.498093903671007
1188,1106,849,V65,6.739095652327052
1188,1106,849,V86,6.739095652327052
1188,1106,849,V99,6.739095652327052
1188,1106,849,V108,6.739095652327052
1188,1276,849,V61,11.479314497557898
1188,1276,849,V63,11.479314497557898
1188,1276,849,V77,11.479314497557898
1188,535,882,V67,9.342211452816104
1188,535,882,V89,9.342211452816104
1188,1276,882,V102,12.01740314095659
1188,783,1229,V69,18.841160835534616
1188,783,1229,V73,18.841160835534616
1188,783,1229,V75,18.841160835534616
1188,783,1102,V76,18.800951364959644
1188,783,1102,V80,18.800951364959644
1188,783,1102,V82,18.800951364959644
1188,783,672,V83,17.445012141301472
1188,783,672,V87,17.445012141301472
1188,783,931,V88,18.3740064075405
1188,783,931,V90,18.3740064075405
1188,783,917,V92,5.8083597500151045
1188,783,1091,V96,10.241109598832232
1188,783,834,V97,7.689481736045675
1188,783,659,V98,5.809594285895007
1188,783,1398,V100,19.874616662347663
1192,1013,965,V41,4.881725510082577
1192,1013,965,V42,4.881725510082577
1192,1013,965,V47,4.881725510082577
1192,1013,965,V64,4.881725510082577
1192,1013,965,V68,4.881725510082577
1192,885,834,V66,7.688685710981335
1192,885,834,V81,7.688685710981335
1192,885,834,V100,7.688685710981335
1192,783,834,V49,7.689481736045675
1192,783,834,V62,7.689481736045675
1192,783,659,V69,5.809594285895007
1192,783,659,V71,5.809594285895007
1192,783,659,V72,5.809594285895007
1192,931,882,V54,5.812636165404913
1192,931,882,V65,5.812636165404913
1192,931,882,V80,5.812636165404913
1192,931,849,V82,4.4061387562478425
1192,931,849,V85,4.4061387562478425
1192,783,917,V76,5.8083597500151045
1192,1229,1102,V48,3.8392690799482057
1192,1276,1106,V44,4.836798739645476
1196,882,885,V41,2.852794790784161
1196,882,885,V64,2.852794790784161
1196,1013,1102,V79,3.616251246210677
1196,1013,1102,V87,3.616251246210677
1196,1276,1106,V74,4.836798739645476
1196,535,359,V61,5.855067293961566
1200,1013,1102,V103,3.616251246210677
1200,1013,1102,V106,3.616251246210677
1200,885,882,V114,2.852794790784161
1200,885,882,V121,2.852794790784161
1204,885,882,V91,2.852794790784161
1204,885,882,V128,2.852794790784161
1204,1013,882,V130,3.839767699909249
1204,1013,882,V146,3.839767699909249
1204,1013,882,V147,3.839767699909249
1204,834,882,V62,4.883195120135012
1204,834,965,V114,3.83986736177262
1208,885,882,V91,2.852794790784161
1212,1091,965,V81,4.388654712140797
1212,1013,965,V73,4.881725510082577
1212,1182,965,V51,5.875748248781206
1212,1182,965,V77,5.875748248781206
1212,1182,965,V92,5.875748248781206
1212,659,834,V140,5.284552964469467
1212,659,834,V143,5.284552964469467
1212,659,834,V157,5.284552964469467
1212,931,882,V66,5.812636165404913
1212,931,882,V102,5.812636165404913
1212,535,708,V124,4.548441137468074
1212,535,708,V134,4.548441137468074
1212,535,359,V142,5.855067293961566
1212,1398,1435,V59,5.805514364498899
1212,931,885,V111,3.0617002345235647
1216,783,917,V42,5.8083597500151045
1216,783,917,V43,5.8083597500151045
1216,783,917,V44,5.8083597500151045
1216,783,917,V46,5.8083597500151045
1216,783,917,V47,5.8083597500151045
1216,783,917,V48,5.8083597500151045
1216,783,917,V49,5.8083597500151045
1216,783,917,V50,5.8083597500151045
1216,1182,965,V121,5.875748248781206
1216,1182,965,V126,5.875748248781206
1216,1182,965,V136,5.875748248781206
1216,783,965,V51,10.498093903671007
1216,783,965,V53,10.498093903671007
1216,783,965,V54,10.498093903671007
1216,783,659,V55,5.809594285895007
1216,783,659,V56,5.809594285895007
1216,783,659,V57,5.809594285895007
1216,783,659,V59,5.809594285895007
1216,783,659,V61,5.809594285895007
1216,783,659,V62,5.809594285895007
1216,783,1091,V63,10.241109598832232
1216,783,1091,V64,10.241109598832232
1216,783,1091,V66,10.241109598832232
1216,783,1091,V68,10.241109598832232
1216,783,1091,V69,10.241109598832232
1216,672,882,V71,7.316385892068044
1216,672,882,V80,7.316385892068044
1216,672,882,V83,7.316385892068044
1216,672,882,V85,7.316385892068044
1216,1276,1229,V72,3.959637309104105
1216,1276,1229,V96,3.959637309104105
1216,1276,1229,V106,3.959637309104105
1216,1276,1229,V111,3.959637309104105
1216,672,1013,V113,9.341935125969725
1216,672,1013,V125,9.341935125969725
1216,672,1013,V127,9.341935125969725
1216,1068,1013,V60,11.461019980924313
1216,566,359,V122,9.428696666120482
1216,566,359,V133,9.428696666120482
1216,783,359,V73,12.499801205497114
1216,855,849,V67,5.706192977162224
1216,855,849,V86,5.706192977162224
1216,1068,849,V70,6.736061142863373
1216,783,834,V74,7.689481736045675
1216,783,834,V75,7.689481736045675
1216,783,834,V76,7.689481736045675
1216,1068,885,V123,11.364565785437158
1216,508,885,V93,13.808114395759947
1216,508,885,V94,13.808114395759947
1216,783,1435,V77,17.957022310236383
1216,783,1435,V79,17.957022310236383
1216,508,1102,V99,17.327384898394307
1216,783,1102,V81,18.800951364959644
1216,783,535,V82,11.620421645142477
1216,783,535,V84,11.620421645142477
1216,783,931,V87,18.3740064075405
1216,783,708,V88,10.697285568723771
1220,1276,1229,V90,3.959637309104105
1220,1276,1229,V100,3.959637309104105
1220,834,1229,V57,12.569063966979074
1220,834,1229,V59,12.569063966979074
1220,834,1229,V64,12.569063966979074
1220,834,1229,V71,12.569063966979074
1220,834,1229,V84,12.569063966979074
1220,834,965,V88,3.83986736177262
1220,834,965,V98,3.83986736177262
1220,834,965,V101,3.83986736177262
1220,834,965,V102,3.83986736177262
1220,834,965,V103,3.83986736177262
1220,708,965,V92,6.739138237495128
1220,708,965,V113,6.739138237495128
1220,783,882,V43,12.561839638690564
1220,783,882,V46,12.561839638690564
1220,783,882,V47,12.561839638690564
1220,783,882,V48,12.561839638690564
1220,783,882,V50,12.561839638690564
1220,783,849,V51,21.903135562742808
1220,783,849,V53,21.903135562742808
1220,783,849,V54,21.903135562742808
1220,783,849,V55,21.903135562742808
1220,783,1106,V56,22.318447076891776
1220,783,1106,V61,22.318447076891776
1220,783,1106,V62,22.318447076891776
1220,783,1106,V63,22.318447076891776
1220,783,1013,V65,15.308499342485224
1220,783,1013,V66,15.308499342485224
1220,783,931,V67,18.3740064075405
1220,783,931,V69,18.3740064075405
1220,783,535,V70,11.620421645142477
1220,783,535,V72,11.620421645142477
1220,783,659,V73,5.809594285895007
1220,783,659,V74,5.809594285895007
1220,783,1435,V75,17.957022310236383
1224,1013,885,V48,3.46869779664105
1224,1013,885,V50,3.46869779664105
1224,1013,885,V55,3.46869779664105
1224,1102,885,V62,5.875878565174106
1224,849,885,V53,6.749102957431653
1224,849,885,V54,6.749102957431653
1224,1106,885,V91,7.965381677815221
1224,1182,885,V85,8.662721360426067
1224,783,885,V49,15.378166398318458
1224,783,882,V57,12.561839638690564
1224,783,882,V59,12.561839638690564
1224,783,882,V63,12.561839638690564
1224,783,882,V65,12.561839638690564
1224,783,882,V66,12.561839638690564
1224,783,882,V69,12.561839638690564
1224,783,882,V72,12.561839638690564
1224,783,882,V73,12.561839638690564
1224,783,1091,V74,10.241109598832232
1224,783,1091,V75,10.241109598832232
1224,783,1091,V76,10.241109598832232
1224,783,1091,V78,10.241109598832232
1224,783,1091,V79,10.241109598832232
1224,783,659,V80,5.809594285895007
1224,783,659,V81,5.809594285895007
1224,783,659,V82,5.809594285895007
1224,783,659,V84,5.809594285895007
1224,783,834,V88,7.689481736045675
1224,783,834,V92,7.689481736045675
1224,783,834,V93,7.689481736045675
1224,783,834,V100,7.689481736045675
1224,783,965,V101,10.498093903671007
1224,783,965,V104,10.498093903671007
1224,783,672,V105,17.445012141301472
1224,783,672,V106,17.445012141301472
1224,566,359,V41,9.428696666120482
1224,566,359,V42,9.428696666120482
1224,783,1276,V107,22.606377139254327
1224,783,1276,V108,22.606377139254327
1224,783,1370,V109,30.28578929187396
1224,783,1370,V110,30.28578929187396
1224,783,1229,V111,18.841160835534616
1224,783,1068,V112,26.525178301273773
1224,783,1435,V113,17.957022310236383
1228,1102,1229,V49,3.8392690799482057
1228,1102,1229,V101,3.8392690799482057
1228,1182,1229,V113,3.960024365898536
1228,931,1229,V55,8.28950012214804
1228,931,1229,V71,8.28950012214804
1228,885,1229,V63,8.89559413156451
1228,885,1276,V69,10.705394585658723
1228,885,1276,V70,10.705394585658723
1228,849,1276,V53,11.479314497557898
1228,882,1276,V48,12.01740314095659
1228,882,1276,V73,12.01740314095659
1228,882,708,V100,4.837510953567602
1228,783,708,V42,10.697285568723771
1228,783,708,V44,10.697285568723771
1228,783,708,V47,10.697285568723771
1228,783,708,V50,10.697285568723771
1228,783,834,V51,7.689481736045675
1228,783,834,V54,7.689481736045675
1228,783,834,V57,7.689481736045675
1228,783,1370,V59,30.28578929187396
1228,783,1106,V61,22.318447076891776
1228,783,672,V65,17.445012141301472
1228,783,1435,V66,17.957022310236383
1228,783,659,V67,5.809594285895007
1232,917,834,V89,3.617203703030827
1232,708,834,V51,4.389831624444016
1232,882,834,V76,4.883195120135012
1232,882,834,V85,4.883195120135012
1232,659,834,V104,5.284552964469467
1232,783,834,V41,7.689481736045675
1232,783,834,V42,7.689481736045675
1232,783,834,V44,7.689481736045675
1232,783,834,V48,7.689481736045675
1232,783,834,V49,7.689481736045675
1232,783,834,V50,7.689481736045675
1232,783,834,V53,7.689481736045675
1232,783,834,V54,7.689481736045675
1232,783,834,V55,7.689481736045675
1232,783,834,V57,7.689481736045675
1232,783,834,V62,7.689481736045675
1232,849,885,V64,6.749102957431653
1232,849,885,V77,6.749102957431653
1232,849,885,V99,6.749102957431653
1232,1106,885,V69,7.965381677815221
1232,1106,885,V70,7.965381677815221
1232,1106,885,V71,7.965381677815221
1232,1106,885,V101,7.965381677815221
1232,1182,965,V46,5.875748248781206
1232,1182,965,V93,5.875748248781206
1232,783,965,V67,10.498093903671007
1232,783,965,V68,10.498093903671007
1232,783,965,V72,10.498093903671007
1232,783,965,V73,10.498093903671007
1232,855,1276,V59,14.029505033457104
1232,783,1276,V74,22.606377139254327
1232,783,1276,V75,22.606377139254327
1232,783,1276,V79,22.606377139254327
1232,783,1276,V81,22.606377139254327
1232,783,1229,V91,18.841160835534616
1232,783,1229,V92,18.841160835534616
1232,783,1229,V94,18.841160835534616
1232,783,1013,V97,15.308499342485224
1232,783,1013,V98,15.308499342485224
1232,783,535,V100,11.620421645142477
1232,783,1091,V102,10.241109598832232
1232,783,672,V103,17.445012141301472
1232,783,1068,V107,26.525178301273773
1236,882,834,V67,4.883195120135012
1236,659,834,V62,5.284552964469467
1236,659,834,V85,5.284552964469467
1236,1091,834,V81,6.739095652327052
1236,783,834,V46,7.689481736045675
1236,783,834,V49,7.689481736045675
1236,783,834,V50,7.689481736045675
1236,783,834,V53,7.689481736045675
1236,783,834,V54,7.689481736045675
1236,783,834,V55,7.689481736045675
1236,783,834,V56,7.689481736045675
1236,783,834,V57,7.689481736045675
1236,783,834,V61,7.689481736045675
1236,783,834,V63,7.689481736045675
1236,783,834,V64,7.689481736045675
1236,783,834,V78,7.689481736045675
1236,783,834,V83,7.689481736045675
1236,783,834,V86,7.689481736045675
1236,783,834,V88,7.689481736045675
1236,535,708,V93,4.548441137468074
1236,535,708,V100,4.548441137468074
1236,1013,708,V43,8.663428210145081
1236,1013,708,V72,8.663428210145081
1236,783,708,V90,10.697285568723771
1236,783,708,V98,10.697285568723771
1236,1102,931,V60,4.548251915941359
1236,1102,931,V70,4.548251915941359
1236,1102,931,V71,4.548251915941359
1236,1102,931,V77,4.548251915941359
1236,1229,1398,V105,5.282433425576492
1240,885,931,V47,3.0617002345235647
1240,885,931,V62,3.0617002345235647
1240,849,931,V70,4.4061387562478425
1240,849,931,V78,4.4061387562478425
1240,849,931,V111,4.4061387562478425
1240,535,708,V64,4.548441137468074
1240,535,708,V72,4.548441137468074
1240,535,708,V83,4.548441137468074
1240,535,708,V88,4.548441137468074
1240,535,708,V90,4.548441137468074
1240,1102,1106,V59,3.80171314717607
1240,1102,1106,V69,3.80171314717607
1240,1102,1106,V75,3.80171314717607
1240,1102,1106,V91,3.80171314717607
1240,1102,1106,V92,3.80171314717607
1240,1182,1013,V51,5.283249325636405
1240,1182,1013,V65,5.283249325636405
1240,1182,1013,V97,5.283249325636405
1240,1182,1013,V114,5.283249325636405
1240,1182,1013,V117,5.283249325636405
1240,1091,965,V101,4.388654712140797
1240,1091,965,V105,4.388654712140797
1240,1091,965,V120,4.388654712140797
1240,1091,965,V133,4.388654712140797
1240,1182,965,V129,5.875748248781206
1240,672,882,V56,7.316385892068044
1240,1229,882,V110,9.341474227178574
1240,535,882,V93,9.342211452816104
1240,783,1296,V43,13.644692409583532
1244,1102,1106,V56,3.80171314717607
1244,1102,1106,V67,3.80171314717607
1244,1102,1106,V75,3.80171314717607
1244,917,834,V80,3.617203703030827
1244,917,834,V84,3.617203703030827
1244,1182,1398,V43,5.640321895106829
1248,917,834,V112,3.617203703030827
1248,965,834,V66,3.83986736177262
1248,965,834,V85,3.83986736177262
1248,965,834,V90,3.83986736177262
1248,965,834,V103,3.83986736177262
1252,965,834,V105,3.83986736177262
1252,1102,1229,V67,3.8392690799482057
1256,885,1013,V69,3.46869779664105
1256,885,1013,V118,3.46869779664105
1256,1102,1013,V88,3.616251246210677
1256,1102,1013,V99,3.616251246210677
1260,1102,1229,V102,3.8392690799482057
1260,1102,1229,V109,3.8392690799482057
1260,1182,1229,V91,3.960024365898536
1260,1106,1229,V118,6.605818539698737
1260,931,1229,V160,8.28950012214804
1260,965,1229,V120,8.77672016628073
1260,882,885,V144,2.852794790784161
1260,882,885,V162,2.852794790784161
1260,882,885,V165,2.852794790784161
1260,965,834,V121,3.83986736177262
1260,965,834,V127,3.83986736177262
1260,1091,1013,V161,7.92275625179966
1260,708,1013,V72,8.663428210145081
1260,783,1296,V41,13.644692409583532
1260,1068,1276,V62,8.66943360865319
1264,708,834,V104,4.389831624444016
1264,708,834,V107,4.389831624444016
1264,708,834,V115,4.389831624444016
1264,708,834,V119,4.389831624444016
1264,708,834,V123,4.389831624444016
1264,708,834,V140,4.389831624444016
1264,708,834,V152,4.389831624444016
1264,708,834,V157,4.389831624444016
1264,708,834,V158,4.389831624444016
1264,783,834,V41,7.689481736045675
1264,849,931,V154,4.4061387562478425
1264,672,931,V70,6.73915242731767
1264,672,931,V76,6.73915242731767
1264,672,931,V84,6.73915242731767
1264,672,931,V90,6.73915242731767
1264,672,931,V111,6.73915242731767
1264,672,931,V122,6.73915242731767
1264,783,965,V46,10.498093903671007
1264,783,965,V47,10.498093903671007
1264,783,965,V48,10.498093903671007
1264,783,965,V50,10.498093903671007
1264,783,965,V51,10.498093903671007
1264,783,965,V53,10.498093903671007
1264,783,1091,V54,10.241109598832232
1264,783,1091,V55,10.241109598832232
1264,783,1091,V56,10.241109598832232
1264,783,1091,V57,10.241109598832232
1264,783,1091,V59,10.241109598832232
1264,783,1091,V60,10.241109598832232
1264,535,885,V43,10.569431103772471
1264,1068,885,V79,11.364565785437158
1264,1068,885,V89,11.364565785437158
1264,1068,885,V94,11.364565785437158
1264,1068,885,V97,11.364565785437158
1264,783,882,V61,12.561839638690564
1264,783,882,V62,12.561839638690564
1264,783,882,V63,12.561839638690564
1264,783,882,V64,12.561839638690564
1264,783,882,V65,12.561839638690564
1264,1068,1229,V141,11.360488351411393
1264,1068,1229,V153,11.360488351411393
1264,855,1229,V96,15.901554341364076
1264,855,1229,V113,15.901554341364076
1264,783,1182,V66,15.175538880502293
1264,783,1182,V67,15.175538880502293
1264,783,1182,V68,15.175538880502293
1264,783,1182,V69,15.175538880502293
1264,855,1276,V128,14.029505033457104
1264,855,1276,V132,14.029505033457104
1264,855,1276,V137,14.029505033457104
1264,783,1398,V71,19.874616662347663
1264,783,1398,V72,19.874616662347663
1264,783,1398,V73,19.874616662347663
1264,783,566,V74,5.876334276322891
1264,783,566,V75,5.876334276322891
1264,783,566,V78,5.876334276322891
1264,855,1102,V139,12.404917058701368
1264,508,1102,V108,17.327384898394307
1264,783,1435,V80,17.957022310236383
1264,783,917,V81,5.8083597500151045
1264,783,1106,V82,22.318447076891776
1264,783,659,V83,5.809594285895007
1264,783,1013,V86,15.308499342485224
1268,834,659,V90,5.284552964469467
1268,783,659,V42,5.809594285895007
1268,783,659,V43,5.809594285895007
1268,783,659,V46,5.809594285895007
1268,783,659,V48,5.809594285895007
1268,783,659,V50,5.809594285895007
1268,882,965,V68,3.616965677313317
1268,882,965,V81,3.616965677313317
1268,882,965,V96,3.616965677313317
1268,882,965,V139,3.616965677313317
1268,882,965,V158,3.616965677313317
1268,885,1091,V41,10.203820878312005
1268,885,1091,V54,10.203820878312005
1268,885,1091,V62,10.203820878312005
1268,783,1091,V51,10.241109598832232
1268,783,1013,V53,15.308499342485224
1268,783,1013,V55,15.308499342485224
1268,783,1013,V56,15.308499342485224
1268,783,1013,V57,15.308499342485224
1268,783,931,V59,18.3740064075405
1268,783,931,V60,18.3740064075405
1268,783,931,V64,18.3740064075405
1268,783,931,V65,18.3740064075405
1268,783,1276,V66,22.606377139254327
1268,783,1276,V70,22.606377139254327
1268,783,1276,V72,22.606377139254327
1268,359,849,V92,20.280567075307232
1268,359,849,V138,20.280567075307232
1268,783,508,V73,25.93420023872912
1268,783,508,V75,25.93420023872912
1268,783,1229,V76,18.841160835534616
1268,783,1229,V77,18.841160835534616
1268,783,708,V78,10.697285568723771
1268,783,708,V80,10.697285568723771
1268,783,1106,V82,22.318447076891776
1268,783,672,V83,17.445012141301472
1272,1106,1102,V46,3.80171314717607
1272,1106,1102,V56,3.80171314717607
1272,1106,1102,V60,3.80171314717607
1272,1276,1102,V41,4.836798739646007
1272,885,1102,V63,5.875878565174106
1272,1182,1102,V54,6.120304815079837
1272,1182,1102,V62,6.120304815079837
1272,882,1102,V96,7.314751476768936
1272,882,1102,V108,7.314751476768936
1272,1091,1102,V51,10.454710779351652
1272,855,1229,V92,15.901554341364076
1272,855,1229,V122,15.901554341364076
1272,783,1229,V42,18.841160835534616
1272,783,659,V43,5.809594285895007
1272,783,659,V48,5.809594285895007
1272,783,1013,V49,15.308499342485224
1272,783,917,V50,5.8083597500151045
1272,783,1398,V53,19.874616662347663
1272,783,566,V57,5.876334276322891
1272,359,708,V102,10.088438580081291
1272,783,834,V59,7.689481736045675
1272,783,672,V61,17.445012141301472
1276,917,834,V93,3.617203703030827
1276,965,834,V43,3.83986736177262
1276,965,834,V59,3.83986736177262
1276,783,834,V41,7.689481736045675
1276,783,834,V42,7.689481736045675
1276,783,834,V44,7.689481736045675
1276,783,834,V47,7.689481736045675
1276,783,834,V48,7.689481736045675
1276,1102,1013,V49,3.616251246210677
1276,1102,1013,V92,3.616251246210677
1276,849,1013,V46,8.811582411969269
1276,783,1013,V51,15.308499342485224
1276,783,659,V55,5.809594285895007
1276,783,659,V57,5.809594285895007
1276,783,659,V64,5.809594285895007
1276,783,882,V65,12.561839638690564
1276,783,882,V66,12.561839638690564
1276,783,885,V67,15.378166398318458
1276,783,885,V69,15.378166398318458
1276,783,566,V70,5.876334276322891
1276,783,566,V72,5.876334276322891
1276,359,535,V114,5.855067293961566
1276,783,535,V73,11.620421645142477
1276,783,1091,V74,10.241109598832232
1276,783,1091,V76,10.241109598832232
1276,783,1068,V79,26.525178301273773
1276,783,855,V80,27.60378823743443
1276,783,1276,V81,22.606377139254327
1276,783,1182,V82,15.175538880502293
1276,783,672,V88,17.445012141301472
1280,708,535,V53,4.548441137468074
1280,659,535,V57,5.810827883107414
1280,359,535,V130,5.855067293961566
1280,359,535,V131,5.855067293961566
1280,917,535,V94,11.080361971095948
1280,931,885,V56,3.0617002345235647
1280,931,885,V80,3.0617002345235647
1280,1013,885,V76,3.46869779664105
1280,1229,1276,V71,3.959637309104105
1280,1091,1296,V69,11.008827084803295
1280,965,882,V41,3.616965677313317
1280,917,834,V107,3.617203703030827
1284,882,885,V49,2.852794790784161
1284,882,885,V106,2.852794790784161
1284,931,885,V62,3.0617002345235647
1284,672,885,V41,5.876204136119103
1284,672,885,V80,5.876204136119103
1284,1229,1182,V44,3.960024365898536
1284,1229,1182,V86,3.960024365898536
1284,1229,1182,V100,3.960024365898536
1284,1106,1102,V71,3.80171314717607
1284,1106,1102,V117,3.80171314717607
1284,708,1013,V57,8.663428210145081
1284,708,1013,V60,8.663428210145081
1288,965,834,V41,3.83986736177262
1288,659,834,V46,5.284552964469467
1288,659,834,V53,5.284552964469467
1288,659,834,V93,5.284552964469467
1288,1091,834,V75,6.739095652327052
1288,1091,834,V78,6.739095652327052
1288,1091,834,V86,6.739095652327052
1288,1091,834,V101,6.739095652327052
1288,1091,834,V125,6.739095652327052
1288,783,834,V47,7.689481736045675
1288,783,834,V48,7.689481736045675
1288,783,834,V51,7.689481736045675
1288,1102,885,V81,5.875878565174106
1288,1102,885,V137,5.875878565174106
1288,1106,885,V67,7.965381677815221
1288,1276,1435,V55,13.12435356350428
1288,1106,672,V82,11.752082528572066
1288,1276,1182,V61,7.919661523440269
1288,1068,855,V79,5.87594370452583
1288,1068,849,V97,6.736061142863373
1292,885,1013,V66,3.46869779664105
1292,885,1013,V72,3.46869779664105
1292,1091,1296,V47,11.008827084803295
1292,1068,1370,V105,7.841426035905807
1292,1102,1106,V42,3.80171314717607
1296,931,885,V86,3.0617002345235647
1296,931,885,V93,3.0617002345235647
1296,1013,885,V56,3.46869779664105
1296,1013,882,V66,3.839767699909249
1296,917,834,V59,3.617203703030827
1296,1091,965,V55,4.388654712140797
1300,917,834,V73,3.617203703030827
1300,708,834,V130,4.389831624444016
1300,708,834,V136,4.389831624444016
1300,882,965,V59,3.616965677313317
1300,882,965,V93,3.616965677313317
1304,931,885,V46,3.0617002345235647
1308,1091,965,V78,4.388654712140797
1308,1091,965,V89,4.388654712140797
1308,1091,965,V109,4.388654712140797
1308,1013,965,V64,4.881725510082577
1308,1013,965,V88,4.881725510082577
1308,1013,965,V132,4.881725510082577
1308,1182,965,V43,5.875748248781206
1308,1182,965,V47,5.875748248781206
1308,855,1068,V97,5.87594370452583
1308,855,1068,V98,5.87594370452583
1308,849,1068,V50,6.736061142863373
1308,659,834,V80,5.284552964469467
1308,659,834,V112,5.284552964469467
1308,535,708,V102,4.548441137468074
1308,535,708,V111,4.548441137468074
1308,931,882,V108,5.812636165404913
1308,1102,882,V106,7.314751476768936
1312,359,535,V114,5.855067293961566
1312,359,535,V119,5.855067293961566
1312,672,535,V93,8.311483007291683
1312,672,535,V99,8.311483007291683
1312,672,535,V103,8.311483007291683
1312,783,535,V41,11.620421645142477
1312,783,535,V44,11.620421645142477
1312,783,535,V46,11.620421645142477
1312,783,535,V47,11.620421645142477
1312,783,834,V48,7.689481736045675
1312,783,834,V49,7.689481736045675
1312,783,834,V50,7.689481736045675
1312,783,834,V51,7.689481736045675
1312,783,834,V53,7.689481736045675
1312,783,834,V54,7.689481736045675
1312,783,834,V55,7.689481736045675
1312,783,834,V56,7.689481736045675
1312,1182,1229,V135,3.960024365898536
1312,1182,1229,V143,3.960024365898536
1312,1182,1229,V144,3.960024365898536
1312,1398,1229,V110,5.282433425576492
1312,1398,1229,V124,5.282433425576492
1312,1398,1229,V126,5.282433425576492
1312,1435,1229,V137,10.197737357480824
1312,1435,1229,V139,10.197737357480824
1312,1435,1091,V147,8.895594131564904
1312,783,1091,V59,10.241109598832232
1312,783,1091,V61,10.241109598832232
1312,783,1091,V62,10.241109598832232
1312,783,1091,V63,10.241109598832232
1312,783,1091,V64,10.241109598832232
1312,783,659,V65,5.809594285895007
1312,783,659,V66,5.809594285895007
1312,783,659,V67,5.809594285895007
1312,783,659,V68,5.809594285895007
1312,783,659,V69,5.809594285895007
1312,783,659,V70,5.809594285895007
1312,783,708,V71,10.697285568723771
1312,783,708,V72,10.697285568723771
1312,783,708,V73,10.697285568723771
1312,783,708,V74,10.697285568723771
1312,849,1276,V101,11.479314497557898
1312,849,1276,V105,11.479314497557898
1312,849,1276,V121,11.479314497557898
1312,849,1276,V122,11.479314497557898
1312,849,931,V123,4.4061387562478425
1312,849,931,V141,4.4061387562478425
1312,783,931,V75,18.3740064075405
1312,783,931,V76,18.3740064075405
1312,783,965,V77,10.498093903671007
1312,783,965,V78,10.498093903671007
1312,783,965,V79,10.498093903671007
1312,783,1102,V80,18.800951364959644
1312,783,1102,V83,18.800951364959644
1312,783,882,V84,12.561839638690564
1312,783,882,V85,12.561839638690564
1312,783,917,V86,5.8083597500151045
1312,783,885,V87,15.378166398318458
1316,783,834,V41,7.689481736045675
1316,783,834,V42,7.689481736045675
1316,783,834,V43,7.689481736045675
1316,783,834,V44,7.689481736045675
1316,783,834,V48,7.689481736045675
1316,783,834,V49,7.689481736045675
1316,783,834,V50,7.689481736045675
1316,535,708,V46,4.548441137468074
1316,535,708,V72,4.548441137468074
1316,783,708,V51,10.697285568723771
1316,783,708,V53,10.697285568723771
1316,783,708,V54,10.697285568723771
1316,783,708,V55,10.697285568723771
1316,783,708,V56,10.697285568723771
1316,1182,885,V62,8.662721360426067
1316,1182,885,V73,8.662721360426067
1316,1182,885,V92,8.662721360426067
1316,1182,885,V101,8.662721360426067
1316,1182,885,V105,8.662721360426067
1316,1182,885,V139,8.662721360426067
1316,1276,1229,V80,3.959637309104105
1316,1276,1229,V83,3.959637309104105
1316,1276,1229,V87,3.959637309104105
1316,1276,1229,V94,3.959637309104105
1316,1276,1229,V97,3.959637309104105
1316,783,917,V59,5.8083597500151045
1316,783,917,V60,5.8083597500151045
1316,783,917,V61,5.8083597500151045
1316,855,1068,V81,5.87594370452583
1316,855,1068,V107,5.87594370452583
1316,783,1068,V64,26.525178301273773
1316,783,882,V66,12.561839638690564
1316,783,882,V68,12.561839638690564
1316,783,882,V69,12.561839638690564
1316,783,659,V70,5.809594285895007
1316,783,659,V71,5.809594285895007
1316,783,965,V74,10.498093903671007
1316,783,965,V76,10.498093903671007
1316,783,566,V77,5.876334276322891
1316,783,1106,V78,22.318447076891776
1316,783,1091,V79,10.241109598832232
1316,783,1102,V82,18.800951364959644
1316,783,1370,V85,30.28578929187396
1320,783,917,V41,5.8083597500151045
1320,783,917,V42,5.8083597500151045
1320,783,917,V44,5.8083597500151045
1320,783,917,V48,5.8083597500151045
1320,783,917,V49,5.8083597500151045
1320,783,917,V59,5.8083597500151045
1320,783,917,V60,5.8083597500151045
1320,882,834,V43,4.883195120135012
1320,882,834,V50,4.883195120135012
1320,882,834,V63,4.883195120135012
1320,882,834,V72,4.883195120135012
1320,882,834,V80,4.883195120135012
1320,1106,931,V57,5.283575443416337
1320,882,931,V89,5.812636165404913
1320,882,931,V90,5.812636165404913
1320,882,931,V100,5.812636165404913
1320,882,931,V121,5.812636165404913
1320,882,1102,V124,7.314751476768936
1320,783,1102,V61,18.800951364959644
1320,783,1102,V64,18.800951364959644
1320,783,1102,V67,18.800951364959644
1320,783,1276,V68,22.606377139254327
1320,783,1276,V69,22.606377139254327
1320,783,1276,V71,22.606377139254327
1320,783,1276,V74,22.606377139254327
1320,783,1013,V77,15.308499342485224
1320,783,1013,V79,15.308499342485224
1320,783,1013,V81,15.308499342485224
1320,783,1398,V84,19.874616662347663
1320,783,1398,V85,19.874616662347663
1320,783,1398,V87,19.874616662347663
1320,783,659,V88,5.809594285895007
1320,783,659,V92,5.809594285895007
1320,783,1091,V94,10.241109598832232
1320,783,1091,V97,10.241109598832232
1320,359,535,V54,5.855067293961566
1320,783,535,V98,11.620421645142477
1320,783,1182,V106,15.175538880502293
1320,783,566,V107,5.876334276322891
1320,783,885,V108,15.378166398318458
1320,783,1229,V109,18.841160835534616
1324,849,931,V82,4.4061387562478425
1324,849,931,V119,4.4061387562478425
1324,1106,931,V56,5.283575443416337
1324,1106,931,V64,5.283575443416337
1324,1106,931,V73,5.283575443416337
1324,1106,931,V109,5.283575443416337
1324,1182,931,V62,9.422487826577225
1324,1182,931,V84,9.422487826577225
1324,1182,931,V85,9.422487826577225
1324,1182,1091,V87,5.24631154396119
1324,1182,1091,V99,5.24631154396119
1324,834,1091,V57,6.739095652327052
1324,834,1091,V59,6.739095652327052
1324,834,1091,V60,6.739095652327052
1324,834,1091,V66,6.739095652327052
1324,834,1276,V69,15.929463663685272
1324,834,1276,V77,15.929463663685272
1324,834,1276,V86,15.929463663685272
1324,834,1276,V89,15.929463663685272
1324,834,1276,V113,15.929463663685272
1324,783,1276,V42,22.606377139254327
1324,783,659,V43,5.809594285895007
1324,783,659,V44,5.809594285895007
1324,783,659,V47,5.809594285895007
1324,783,659,V48,5.809594285895007
1324,783,885,V51,15.378166398318458
1324,783,885,V53,15.378166398318458
1324,783,885,V61,15.378166398318458
1324,566,535,V107,11.474227573045091
1324,783,535,V65,11.620421645142477
1324,783,535,V68,11.620421645142477
1324,783,1102,V72,18.800951364959644
1324,783,1102,V75,18.800951364959644
1324,783,882,V76,12.561839638690564
1324,783,882,V78,12.561839638690564
1324,783,965,V79,10.498093903671007
1324,783,965,V80,10.498093903671007
1324,783,855,V81,27.60378823743443
1328,783,834,V41,7.689481736045675
1328,783,834,V43,7.689481736045675
1328,783,834,V44,7.689481736045675
1328,783,834,V47,7.689481736045675
1328,783,834,V48,7.689481736045675
1328,783,834,V49,7.689481736045675
1328,783,834,V57,7.689481736045675
1328,783,834,V59,7.689481736045675
1328,783,834,V60,7.689481736045675
1328,783,834,V67,7.689481736045675
1328,783,834,V68,7.689481736045675
1328,783,834,V70,7.689481736045675
1328,1013,931,V42,4.405443882921528
1328,1013,931,V56,4.405443882921528
1328,1013,931,V76,4.405443882921528
1328,1013,931,V87,4.405443882921528
1328,1013,931,V110,4.405443882921528
1328,1013,931,V120,4.405443882921528
1328,783,1091,V71,10.241109598832232
1328,783,1091,V73,10.241109598832232
1328,783,1091,V74,10.241109598832232
1328,783,1091,V82,10.241109598832232
1328,1102,965,V53,8.304116264398273
1328,1102,965,V63,8.304116264398273
1328,1102,965,V75,8.304116264398273
1328,1102,965,V77,8.304116264398273
1328,849,855,V61,5.706192977162224
1328,849,855,V81,5.706192977162224
1328,359,535,V104,5.855067293961566
1328,566,535,V96,11.474227573045091
1328,783,708,V84,10.697285568723771
1332,885,931,V63,3.0617002345235647
1332,885,931,V64,3.0617002345235647
1332,885,931,V69,3.0617002345235647
1332,885,931,V76,3.0617002345235647
1332,708,834,V71,4.389831624444016
1332,708,834,V73,4.389831624444016
1332,882,834,V82,4.883195120135012
1332,882,965,V104,3.616965677313317
1332,882,965,V105,3.616965677313317
1332,882,965,V110,3.616965677313317
1332,1102,1106,V55,3.80171314717607
1332,1102,1106,V66,3.80171314717607
1332,1229,1276,V62,3.959637309104105
1332,1229,1182,V115,3.960024365898536
1332,882,1091,V123,7.965381677815221
1336,882,834,V71,4.883195120135012
1336,659,834,V44,5.284552964469467
1336,659,834,V105,5.284552964469467
1336,659,834,V117,5.284552964469467
1336,659,834,V123,5.284552964469467
1336,783,834,V41,7.689481736045675
1336,783,834,V42,7.689481736045675
1336,783,834,V43,7.689481736045675
1336,783,834,V46,7.689481736045675
1336,783,834,V47,7.689481736045675
1336,783,834,V48,7.689481736045675
1336,783,834,V51,7.689481736045675
1336,1013,965,V93,4.881725510082577
1336,1013,965,V98,4.881725510082577
1336,1102,965,V62,8.304116264398273
1336,1102,965,V85,8.304116264398273
1336,783,965,V54,10.498093903671007
1336,783,965,V57,10.498093903671007
1336,783,965,V59,10.498093903671007
1336,783,965,V60,10.498093903671007
1336,1398,1276,V53,7.438993890374081
1336,1068,1276,V64,8.66943360865319
1336,1068,1276,V69,8.66943360865319
1336,1068,1370,V121,7.841426035905807
1336,1068,1370,V125,7.841426035905807
1336,849,931,V61,4.4061387562478425
1336,849,931,V81,4.4061387562478425
1336,1068,1106,V128,4.880745078525951
1336,849,1106,V88,6.739095652327052
1336,508,855,V50,9.342303526295408
1336,508,855,V65,9.342303526295408
1340,882,965,V48,3.616965677313317
1340,882,965,V61,3.616965677313317
1340,882,965,V81,3.616965677313317
1340,882,965,V82,3.616965677313317
1340,882,965,V93,3.616965677313317
1340,849,855,V72,5.706192977162224
1340,849,855,V98,5.706192977162224
1340,1068,1370,V53,7.841426035905807
1340,849,931,V110,4.4061387562478425
1344,834,965,V71,3.83986736177262
1344,1091,965,V61,4.388654712140797
1344,1091,965,V67,4.388654712140797
1344,1091,965,V79,4.388654712140797
1344,1091,965,V81,4.388654712140797
1344,1229,1276,V64,3.959637309104105
1344,1229,1276,V87,3.959637309104105
1344,1229,1276,V91,3.959637309104105
1348,931,885,V98,3.0617002345235647
1348,931,885,V110,3.0617002345235647
1348,931,885,V117,3.0617002345235647
1348,931,885,V129,3.0617002345235647
1348,1106,1276,V42,4.836798739645476
1356,1068,855,V128,5.87594370452583
1356,1068,855,V130,5.87594370452583
1356,1068,855,V143,5.87594370452583
1356,1068,855,V153,5.87594370452583
1356,1068,855,V163,5.87594370452583
1356,508,855,V42,9.342303526295408
1356,508,855,V56,9.342303526295408
1356,508,855,V80,9.342303526295408
1356,508,855,V94,9.342303526295408
1356,508,855,V103,9.342303526295408
1356,1106,855,V64,9.423483175173253
1356,1106,855,V72,9.423483175173253
1356,1013,882,V57,3.839767699909249
1356,1013,882,V70,3.839767699909249
1356,1013,882,V79,3.839767699909249
1356,1102,882,V61,7.314751476768936
1356,1102,882,V69,7.314751476768936
1356,1102,882,V123,7.314751476768936
1356,672,882,V144,7.316385892068044
1356,535,882,V146,9.342211452816104
1356,783,834,V1,7.689481736045675
1356,783,834,V41,7.689481736045675
1356,783,834,V43,7.689481736045675
1356,783,659,V44,5.809594285895007
1356,783,659,V46,5.809594285895007
1356,783,659,V47,5.809594285895007
1356,1398,1229,V75,5.282433425576492
1356,1106,931,V78,5.283575443416337
1356,535,708,V151,4.548441137468074
1356,1106,849,V83,6.739095652327052
1356,783,965,V48,10.498093903671007
1360,1398,1229,V125,5.282433425576492
1360,1398,1229,V134,5.282433425576492
1360,1013,1229,V42,5.640389822593795
1360,1013,1229,V48,5.640389822593795
1360,1013,1229,V56,5.640389822593795
1360,1013,1229,V64,5.640389822593795
1360,1013,1229,V72,5.640389822593795
1360,1013,1229,V80,5.640389822593795
1360,1013,1229,V94,5.640389822593795
1360,1013,1229,V103,5.640389822593795
1360,1013,1229,V143,5.640389822593795
1360,783,834,V1,7.689481736045675
1360,783,834,V41,7.689481736045675
1360,783,834,V43,7.689481736045675
1360,783,834,V44,7.689481736045675
1360,783,834,V46,7.689481736045675
1360,783,834,V47,7.689481736045675
1360,783,834,V51,7.689481736045675
1360,783,834,V53,7.689481736045675
1360,783,834,V54,7.689481736045675
1360,1013,965,V153,4.881725510082577
1360,783,965,V55,10.498093903671007
1360,783,965,V57,10.498093903671007
1360,783,965,V59,10.498093903671007
1360,783,965,V60,10.498093903671007
1360,783,965,V61,10.498093903671007
1360,783,659,V62,5.809594285895007
1360,783,659,V63,5.809594285895007
1360,783,659,V65,5.809594285895007
1360,783,659,V66,5.809594285895007
1360,783,659,V67,5.809594285895007
1360,359,535,V127,5.855067293961566
1360,359,535,V137,5.855067293961566
1360,359,535,V139,5.855067293961566
1360,359,535,V162,5.855067293961566
1360,566,535,V135,11.474227573045091
1360,783,708,V68,10.697285568723771
1360,783,708,V69,10.697285568723771
1360,783,708,V70,10.697285568723771
1360,783,708,V71,10.697285568723771
1360,1435,931,V136,17.55186674578995
1360,783,931,V73,18.3740064075405
1360,783,931,V74,18.3740064075405
1360,783,931,V76,18.3740064075405
1360,783,1276,V77,22.606377139254327
1360,783,1276,V78,22.606377139254327
1360,783,1276,V79,22.606377139254327
1360,783,1182,V81,15.175538880502293
1360,783,1182,V82,15.175538880502293
1360,783,1182,V83,15.175538880502293
1360,783,1091,V84,10.241109598832232
1360,783,1091,V85,10.241109598832232
1360,783,1068,V86,26.525178301273773
1360,783,1068,V87,26.525178301273773
1360,783,885,V89,15.378166398318458
1360,783,885,V90,15.378166398318458
1360,783,855,V91,27.60378823743443
1360,783,672,V92,17.445012141301472
1360,783,1102,V93,18.800951364959644
1364,885,834,V1,7.688685710981335
1364,783,834,V41,7.689481736045675
1364,783,834,V43,7.689481736045675
1364,783,834,V44,7.689481736045675
1364,783,834,V46,7.689481736045675
1364,783,834,V47,7.689481736045675
1364,783,834,V48,7.689481736045675
1364,783,834,V49,7.689481736045675
1364,783,834,V50,7.689481736045675
1364,783,834,V51,7.689481736045675
1364,783,834,V53,7.689481736045675
1364,783,834,V54,7.689481736045675
1364,783,834,V55,7.689481736045675
1364,783,834,V57,7.689481736045675
1364,783,834,V59,7.689481736045675
1364,1106,849,V77,6.739095652327052
1364,1106,849,V79,6.739095652327052
1364,1106,849,V89,6.739095652327052
1364,1106,849,V94,6.739095652327052
1364,1182,849,V92,13.728760504847472
1364,783,849,V60,21.903135562742808
1364,783,882,V61,12.561839638690564
1364,783,882,V62,12.561839638690564
1364,783,882,V63,12.561839638690564
1364,783,882,V64,12.561839638690564
1364,783,882,V65,12.561839638690564
1364,783,882,V66,12.561839638690564
1364,783,1091,V67,10.241109598832232
1364,783,1091,V68,10.241109598832232
1364,783,1091,V70,10.241109598832232
1364,783,1091,V71,10.241109598832232
1364,783,1091,V72,10.241109598832232
1364,783,965,V73,10.498093903671007
1364,783,965,V74,10.498093903671007
1364,783,965,V76,10.498093903671007
1364,783,965,V81,10.498093903671007
1364,783,965,V84,10.498093903671007
1364,783,855,V85,27.60378823743443
1364,783,855,V86,27.60378823743443
1364,783,855,V90,27.60378823743443
1364,783,855,V91,27.60378823743443
1364,783,1229,V97,18.841160835534616
1364,783,1229,V98,18.841160835534616
1364,783,1229,V99,18.841160835534616
1364,783,1068,V100,26.525178301273773
1364,783,1068,V101,26.525178301273773
1364,783,917,V102,5.8083597500151045
1364,783,917,V103,5.8083597500151045
1364,783,1013,V104,15.308499342485224
1364,783,1013,V105,15.308499342485224
1364,566,535,V157,11.474227573045091
1364,783,535,V106,11.620421645142477
1364,783,931,V107,18.3740064075405
1364,783,931,V108,18.3740064075405
1364,783,672,V109,17.445012141301472
1364,783,708,V110,10.697285568723771
1364,783,1398,V111,19.874616662347663
1364,783,1102,V112,18.800951364959644
1368,1091,834,V102,6.739095652327052
1368,783,834,V44,7.689481736045675
1368,783,834,V46,7.689481736045675
1368,783,834,V48,7.689481736045675
1368,783,834,V49,7.689481736045675
1368,783,834,V50,7.689481736045675
1368,783,834,V51,7.689481736045675
1368,783,834,V53,7.689481736045675
1368,783,834,V54,7.689481736045675
1368,783,834,V55,7.689481736045675
1368,783,834,V56,7.689481736045675
1368,783,834,V59,7.689481736045675
1368,783,834,V69,7.689481736045675
1368,1182,1013,V67,5.283249325636405
1368,1182,1013,V68,5.283249325636405
1368,1182,1013,V71,5.283249325636405
1368,1182,1013,V75,5.283249325636405
1368,1182,1013,V78,5.283249325636405
1368,1182,882,V82,7.841474878454721
1368,1182,882,V88,7.841474878454721
1368,1182,882,V96,7.841474878454721
1368,783,708,V70,10.697285568723771
1368,783,708,V72,10.697285568723771
1368,783,708,V73,10.697285568723771
1368,1182,965,V97,5.875748248781206
1368,1182,965,V98,5.875748248781206
1368,1229,965,V87,8.77672016628073
1368,1106,849,V86,6.739095652327052
1368,1229,849,V104,12.017793437809017
1368,783,917,V74,5.8083597500151045
1368,783,659,V76,5.809594285895007
1368,783,1068,V80,26.525178301273773
1368,783,1370,V81,30.28578929187396
1372,882,708,V47,4.837510953567602
1372,882,708,V48,4.837510953567602
1372,882,708,V49,4.837510953567602
1372,882,708,V70,4.837510953567602
1372,882,708,V102,4.837510953567602
1372,849,1102,V77,8.191991396325179
1372,1068,1102,V81,8.626274418583195
1372,1091,1102,V57,10.454710779351652
1372,1091,1102,V110,10.454710779351652
1372,855,1102,V104,12.404917058701368
1372,783,1276,V1,22.606377139254327
1372,783,1276,V42,22.606377139254327
1372,783,1276,V50,22.606377139254327
1372,783,1276,V55,22.606377139254327
1372,783,931,V56,18.3740064075405
1372,783,931,V59,18.3740064075405
1372,783,931,V60,18.3740064075405
1372,783,931,V61,18.3740064075405
1372,783,917,V63,5.8083597500151045
1372,783,917,V65,5.8083597500151045
1372,783,917,V68,5.8083597500151045
1372,783,1106,V69,22.318447076891776
1372,783,1106,V71,22.318447076891776
1372,783,1106,V73,22.318447076891776
1372,783,1013,V74,15.308499342485224
1372,783,1013,V79,15.308499342485224
1372,783,1013,V80,15.308499342485224
1372,783,1229,V85,18.841160835534616
1372,783,1229,V87,18.841160835534616
1372,783,1229,V88,18.841160835534616
1372,783,1182,V89,15.175538880502293
1372,783,1182,V90,15.175538880502293
1372,783,834,V91,7.689481736045675
1372,783,834,V94,7.689481736045675
1376,882,885,V1,2.852794790784161
1376,931,885,V51,3.0617002345235647
1376,931,885,V61,3.0617002345235647
1376,931,885,V90,3.0617002345235647
1376,1013,885,V80,3.46869779664105
1376,1106,1276,V42,4.836798739645476
1376,1106,1276,V73,4.836798739645476
1376,1106,1276,V74,4.836798739645476
1376,834,965,V48,3.83986736177262
1376,834,965,V49,3.83986736177262
1376,834,965,V63,3.83986736177262
1376,834,917,V70,3.617203703030827
1376,834,917,V85,3.617203703030827
1376,834,708,V91,4.389831624444016
1376,834,708,V103,4.389831624444016
1376,1013,1182,V82,5.283249325636405
1376,1013,1182,V119,5.283249325636405
1376,1398,1091,V64,9.6478124773512
1376,659,535,V43,5.810827883107414
1376,1106,1370,V104,8.775541653972592
1376,1102,1229,V50,3.8392690799482057
1380,783,917,V55,5.8083597500151045
1380,783,917,V56,5.8083597500151045
1380,783,917,V65,5.8083597500151045
1380,783,917,V68,5.8083597500151045
1380,1229,1182,V42,3.960024365898536
1380,1102,1182,V41,6.120304815079837
1380,1102,1182,V50,6.120304815079837
1380,1102,1182,V62,6.120304815079837
1380,1106,1276,V57,4.836798739645476
1380,1106,1276,V86,4.836798739645476
1380,1106,1276,V99,4.836798739645476
1380,882,1091,V47,7.965381677815221
1380,882,1091,V48,7.965381677815221
1380,882,1091,V49,7.965381677815221
1380,708,834,V59,4.389831624444016
1380,882,834,V80,4.883195120135012
1380,882,834,V105,4.883195120135012
1380,783,659,V69,5.809594285895007
1380,783,659,V70,5.809594285895007
1380,885,965,V63,6.123119155303686
1380,849,672,V44,6.511836392511076
1380,1102,1013,V72,3.616251246210677
1384,708,834,V62,4.389831624444016
1384,708,834,V75,4.389831624444016
1384,708,834,V96,4.389831624444016
1384,885,834,V63,7.688685710981335
1384,783,834,V42,7.689481736045675
1384,783,834,V43,7.689481736045675
1384,783,834,V48,7.689481736045675
1384,783,834,V49,7.689481736045675
1384,783,834,V50,7.689481736045675
1384,783,834,V55,7.689481736045675
1384,931,882,V1,5.812636165404913
1384,931,882,V61,5.812636165404913
1384,931,882,V81,5.812636165404913
1384,931,882,V84,5.812636165404913
1384,931,882,V104,5.812636165404913
1384,931,1013,V106,4.405443882921528
1384,931,1013,V123,4.405443882921528
1384,931,1013,V133,4.405443882921528
1384,1106,1013,V128,7.015517581545067
1384,1106,1276,V129,4.836798739645476
1384,1106,1276,V139,4.836798739645476
1384,359,535,V46,5.855067293961566
1384,359,535,V54,5.855067293961566
1384,783,917,V56,5.8083597500151045
1384,783,1296,V64,13.644692409583532
1388,965,834,V51,3.83986736177262
1388,965,834,V78,3.83986736177262
1388,882,834,V64,4.883195120135012
1388,882,834,V77,4.883195120135012
1388,885,834,V49,7.688685710981335
1388,1229,1276,V47,3.959637309104105
1388,1229,1276,V53,3.959637309104105
1388,1229,1276,V56,3.959637309104105
1388,1182,1091,V92,5.24631154396119
1388,1013,1091,V57,7.92275625179966
1388,885,931,V54,3.0617002345235647
1388,783,659,V1,5.809594285895007
