time_step,start,end,vehicle,distance
20,885,931,V29,3.0617002345235647
20,885,931,V123,3.0617002345235647
20,885,931,V258,3.0617002345235647
24,917,834,V24,3.617203703030827
24,917,834,V26,3.617203703030827
24,917,834,V27,3.617203703030827
24,917,834,V32,3.617203703030827
24,917,834,V33,3.617203703030827
24,917,834,V34,3.617203703030827
24,917,834,V35,3.617203703030827
24,917,834,V52,3.617203703030827
24,885,882,V28,2.852794790784161
24,885,882,V253,2.852794790784161
24,965,882,V29,3.616965677313317
24,1013,931,V471,4.405443882921528
28,917,834,V24,3.617203703030827
28,917,834,V70,3.617203703030827
28,917,834,V71,3.617203703030827
28,917,834,V72,3.617203703030827
28,917,834,V73,3.617203703030827
28,965,882,V37,3.616965677313317
28,965,882,V364,3.616965677313317
28,1013,885,V58,3.46869779664105
32,917,834,V32,3.617203703030827
32,917,834,V75,3.617203703030827
32,917,834,V76,3.617203703030827
32,917,834,V77,3.617203703030827
32,917,834,V78,3.617203703030827
32,917,834,V79,3.617203703030827
32,917,834,V80,3.617203703030827
32,917,834,V109,3.617203703030827
32,1013,885,V324,3.46869779664105
32,1013,885,V480,3.46869779664105
36,783,659,V21,5.809594285895007
36,783,659,V25,5.809594285895007
36,783,659,V28,5.809594285895007
36,783,659,V42,5.809594285895007
36,1013,931,V151,4.405443882921528
40,917,834,V26,3.617203703030827
40,917,834,V143,3.617203703030827
40,917,834,V186,3.617203703030827
40,885,931,V31,3.0617002345235647
40,882,965,V50,3.616965677313317
44,917,834,V42,3.617203703030827
44,917,834,V48,3.617203703030827
44,917,834,V59,3.617203703030827
44,917,834,V72,3.617203703030827
44,917,834,V189,3.617203703030827
44,917,834,V196,3.617203703030827
44,917,834,V197,3.617203703030827
44,1229,1276,V36,3.959637309104105
44,1229,1276,V54,3.959637309104105
44,1229,1276,V58,3.959637309104105
44,882,965,V23,3.616965677313317
44,882,965,V57,3.616965677313317
44,882,965,V136,3.616965677313317
44,885,1013,V40,3.46869779664105
48,917,834,V42,3.617203703030827
48,917,834,V198,3.617203703030827
48,917,834,V201,3.617203703030827
48,885,882,V26,2.852794790784161
52,885,882,V21,2.852794790784161
52,885,882,V36,2.852794790784161
52,885,882,V58,2.852794790784161
52,885,882,V65,2.852794790784161
52,885,882,V123,2.852794790784161
52,885,882,V125,2.852794790784161
52,885,882,V127,2.852794790784161
52,885,882,V196,2.852794790784161
52,917,834,V202,3.617203703030827
52,917,834,V204,3.617203703030827
52,917,834,V205,3.617203703030827
52,917,834,V221,3.617203703030827
52,917,834,V222,3.617203703030827
52,917,834,V223,3.617203703030827
56,885,882,V222,2.852794790784161
60,885,882,V26,2.852794790784161
60,885,882,V32,2.852794790784161
60,885,882,V40,2.852794790784161
60,885,882,V223,2.852794790784161
60,885,882,V224,2.852794790784161
60,885,882,V272,2.852794790784161
60,965,882,V273,3.616965677313317
60,917,834,V244,3.617203703030827
60,917,834,V246,3.617203703030827
60,917,834,V248,3.617203703030827
60,917,834,V249,3.617203703030827
60,783,659,V25,5.809594285895007
60,783,659,V27,5.809594285895007
64,708,834,V30,4.389831624444016
64,708,834,V158,4.389831624444016
64,708,834,V159,4.389831624444016
64,708,834,V160,4.389831624444016
64,708,834,V182,4.389831624444016
64,708,834,V185,4.389831624444016
64,708,834,V199,4.389831624444016
64,708,834,V203,4.389831624444016
64,708,834,V242,4.389831624444016
64,708,834,V249,4.389831624444016
64,708,834,V250,4.389831624444016
64,708,834,V277,4.389831624444016
64,708,834,V280,4.389831624444016
64,708,834,V325,4.389831624444016
64,783,659,V25,5.809594285895007
64,783,659,V26,5.809594285895007
64,783,659,V27,5.809594285895007
64,783,659,V31,5.809594285895007
64,783,659,V34,5.809594285895007
64,783,659,V35,5.809594285895007
64,783,659,V36,5.809594285895007
64,783,659,V39,5.809594285895007
64,783,659,V40,5.809594285895007
64,708,535,V452,4.548441137468074
64,708,535,V471,4.548441137468074
64,708,535,V476,4.548441137468074
64,708,535,V546,4.548441137468074
64,359,535,V113,5.855067293961566
64,359,535,V129,5.855067293961566
64,359,535,V202,5.855067293961566
64,359,535,V207,5.855067293961566
64,1013,931,V23,4.405443882921528
64,1013,931,V32,4.405443882921528
64,1013,931,V125,4.405443882921528
64,1013,931,V189,4.405443882921528
64,1013,931,V275,4.405443882921528
64,1013,931,V279,4.405443882921528
64,849,931,V109,4.4061387562478425
64,1102,885,V74,5.875878565174106
64,1102,885,V116,5.875878565174106
64,1102,885,V130,5.875878565174106
64,1102,885,V146,5.875878565174106
64,1102,885,V197,5.875878565174106
64,1102,885,V222,5.875878565174106
64,1102,885,V281,5.875878565174106
64,1091,965,V66,4.388654712140797
64,1091,965,V67,4.388654712140797
64,1091,965,V83,4.388654712140797
64,1102,882,V304,7.314751476768936
68,849,931,V256,4.4061387562478425
68,849,931,V276,4.4061387562478425
68,849,931,V284,4.4061387562478425
68,849,931,V327,4.4061387562478425
68,849,931,V366,4.4061387562478425
68,849,931,V367,4.4061387562478425
68,849,931,V368,4.4061387562478425
68,849,931,V369,4.4061387562478425
68,849,931,V370,4.4061387562478425
68,783,659,V21,5.809594285895007
68,783,659,V22,5.809594285895007
68,783,659,V23,5.809594285895007
68,783,659,V25,5.809594285895007
68,783,659,V27,5.809594285895007
68,783,659,V29,5.809594285895007
68,783,659,V30,5.809594285895007
68,783,659,V31,5.809594285895007
68,882,885,V32,2.852794790784161
68,882,885,V38,2.852794790784161
68,882,885,V74,2.852794790784161
68,882,885,V119,2.852794790784161
68,882,708,V331,4.837510953567602
68,882,708,V332,4.837510953567602
68,672,708,V76,6.751878981086827
68,672,708,V151,6.751878981086827
68,1102,1013,V84,3.616251246210677
68,1102,1013,V328,3.616251246210677
68,1102,1013,V338,3.616251246210677
68,1091,834,V104,6.739095652327052
68,1091,834,V105,6.739095652327052
68,1091,834,V106,6.739095652327052
68,359,535,V24,5.855067293961566
68,359,535,V209,5.855067293961566
68,359,535,V210,5.855067293961566
68,1091,965,V108,4.388654712140797
68,1091,965,V111,4.388654712140797
72,1091,834,V121,6.739095652327052
72,1091,834,V122,6.739095652327052
72,1091,834,V133,6.739095652327052
72,1091,834,V136,6.739095652327052
72,1091,834,V141,6.739095652327052
72,885,931,V32,3.0617002345235647
72,885,931,V36,3.0617002345235647
72,885,931,V64,3.0617002345235647
72,885,931,V74,3.0617002345235647
72,885,931,V279,3.0617002345235647
72,885,708,V332,6.511469320496247
72,885,708,V366,6.511469320496247
72,359,535,V51,5.855067293961566
72,359,535,V212,5.855067293961566
72,1229,1276,V26,3.959637309104105
72,783,659,V21,5.809594285895007
72,885,882,V367,2.852794790784161
72,1091,917,V142,4.837115435970083
72,1091,965,V144,4.388654712140797
76,1091,834,V162,6.739095652327052
76,1091,834,V183,6.739095652327052
76,1091,834,V184,6.739095652327052
76,1091,834,V186,6.739095652327052
76,1091,834,V187,6.739095652327052
76,1091,834,V188,6.739095652327052
76,1091,834,V190,6.739095652327052
76,1091,834,V191,6.739095652327052
76,1091,834,V192,6.739095652327052
76,1091,834,V193,6.739095652327052
76,1091,834,V194,6.739095652327052
76,1091,834,V195,6.739095652327052
76,1091,834,V206,6.739095652327052
76,1091,834,V251,6.739095652327052
76,1091,834,V252,6.739095652327052
76,1091,834,V253,6.739095652327052
76,1091,834,V255,6.739095652327052
76,1091,834,V258,6.739095652327052
76,1091,834,V259,6.739095652327052
76,1013,882,V34,3.839767699909249
76,931,882,V137,5.812636165404913
76,1102,882,V74,7.314751476768936
76,1102,882,V586,7.314751476768936
76,1102,882,V588,7.314751476768936
76,672,882,V371,7.316385892068044
76,672,708,V508,6.751878981086827
76,672,708,V509,6.751878981086827
76,672,708,V510,6.751878981086827
76,672,708,V511,6.751878981086827
76,1091,965,V260,4.388654712140797
76,1091,965,V261,4.388654712140797
76,1091,965,V262,4.388654712140797
76,1091,965,V263,4.388654712140797
76,359,535,V213,5.855067293961566
76,359,535,V214,5.855067293961566
76,1229,1276,V23,3.959637309104105
76,1229,1276,V38,3.959637309104105
76,1091,917,V266,4.837115435970083
80,965,834,V45,3.83986736177262
80,965,834,V51,3.83986736177262
80,965,834,V58,3.83986736177262
80,965,834,V77,3.83986736177262
80,965,834,V78,3.83986736177262
80,708,834,V142,4.389831624444016
80,882,834,V586,4.883195120135012
80,1091,834,V146,6.739095652327052
80,1091,834,V270,6.739095652327052
80,1091,834,V283,6.739095652327052
80,1091,834,V291,6.739095652327052
80,1091,834,V292,6.739095652327052
80,1091,834,V293,6.739095652327052
80,1091,834,V294,6.739095652327052
80,1091,834,V295,6.739095652327052
80,1091,834,V296,6.739095652327052
80,1091,834,V297,6.739095652327052
80,1229,1276,V23,3.959637309104105
80,1229,1276,V70,3.959637309104105
80,1229,1276,V447,3.959637309104105
80,1229,1276,V599,3.959637309104105
80,1106,1276,V39,4.836798739645476
80,1106,1276,V46,4.836798739645476
80,885,931,V68,3.0617002345235647
84,659,834,V22,5.284552964469467
84,1091,834,V365,6.739095652327052
84,1091,834,V428,6.739095652327052
84,1091,834,V502,6.739095652327052
84,1091,834,V541,6.739095652327052
84,783,834,V26,7.689481736045675
84,783,834,V29,7.689481736045675
84,783,834,V39,7.689481736045675
84,783,834,V45,7.689481736045675
84,783,834,V46,7.689481736045675
84,783,834,V51,7.689481736045675
84,783,834,V52,7.689481736045675
84,783,834,V56,7.689481736045675
84,783,834,V58,7.689481736045675
84,783,834,V60,7.689481736045675
84,783,834,V62,7.689481736045675
84,783,834,V64,7.689481736045675
84,783,834,V70,7.689481736045675
84,783,834,V77,7.689481736045675
84,783,834,V78,7.689481736045675
84,783,834,V81,7.689481736045675
84,783,834,V82,7.689481736045675
84,783,834,V107,7.689481736045675
84,783,834,V108,7.689481736045675
84,783,834,V109,7.689481736045675
84,783,834,V110,7.689481736045675
84,783,834,V111,7.689481736045675
84,783,834,V112,7.689481736045675
84,783,834,V113,7.689481736045675
84,783,834,V114,7.689481736045675
84,783,834,V115,7.689481736045675
84,783,834,V116,7.689481736045675
84,783,834,V119,7.689481736045675
84,783,834,V121,7.689481736045675
84,783,834,V122,7.689481736045675
84,783,834,V123,7.689481736045675
84,783,834,V124,7.689481736045675
84,1106,1276,V33,4.836798739645476
84,1106,1276,V34,4.836798739645476
84,1106,1276,V73,4.836798739645476
84,1102,885,V23,5.875878565174106
84,1102,885,V368,5.875878565174106
88,917,834,V22,3.617203703030827
88,917,834,V26,3.617203703030827
88,917,834,V29,3.617203703030827
88,917,834,V45,3.617203703030827
88,917,834,V52,3.617203703030827
88,917,834,V58,3.617203703030827
88,1106,1276,V67,4.836798739645476
88,1106,1276,V434,4.836798739645476
88,1106,1276,V435,4.836798739645476
92,917,834,V64,3.617203703030827
92,917,834,V77,3.617203703030827
92,917,834,V78,3.617203703030827
92,917,834,V81,3.617203703030827
92,917,834,V82,3.617203703030827
92,708,834,V46,4.389831624444016
92,708,834,V74,4.389831624444016
92,708,834,V107,4.389831624444016
92,708,834,V108,4.389831624444016
92,708,834,V109,4.389831624444016
92,708,834,V125,4.389831624444016
92,882,965,V22,3.616965677313317
92,882,965,V26,3.616965677313317
92,882,965,V43,3.616965677313317
92,882,965,V48,3.616965677313317
96,965,834,V188,3.83986736177262
100,708,834,V47,4.389831624444016
100,708,834,V53,4.389831624444016
104,708,834,V66,4.389831624444016
104,708,834,V103,4.389831624444016
104,708,834,V155,4.389831624444016
104,885,882,V53,2.852794790784161
108,1091,965,V65,4.388654712140797
108,1091,965,V74,4.388654712140797
108,1091,965,V116,4.388654712140797
108,1091,965,V119,4.388654712140797
108,1091,965,V121,4.388654712140797
108,1091,965,V122,4.388654712140797
108,1091,965,V123,4.388654712140797
108,1091,965,V124,4.388654712140797
108,1091,965,V136,4.388654712140797
108,1091,965,V183,4.388654712140797
108,1091,965,V189,4.388654712140797
108,1091,965,V212,4.388654712140797
108,1013,882,V187,3.839767699909249
108,1013,882,V257,3.839767699909249
108,708,882,V502,4.837510953567602
108,1091,917,V266,4.837115435970083
108,1091,917,V365,4.837115435970083
108,931,885,V37,3.0617002345235647
108,931,885,V129,3.0617002345235647
108,783,659,V21,5.809594285895007
108,783,659,V22,5.809594285895007
108,1229,1276,V150,3.959637309104105
108,783,834,V25,7.689481736045675
112,1102,882,V80,7.314751476768936
112,1102,882,V156,7.314751476768936
112,1102,882,V161,7.314751476768936
112,1102,882,V165,7.314751476768936
112,1102,882,V368,7.314751476768936
112,1102,882,V436,7.314751476768936
112,672,882,V61,7.316385892068044
112,672,882,V68,7.316385892068044
112,783,659,V21,5.809594285895007
112,783,659,V22,5.809594285895007
112,783,659,V23,5.809594285895007
112,783,659,V24,5.809594285895007
112,783,659,V25,5.809594285895007
112,1182,1013,V108,5.283249325636405
112,1229,1013,V298,5.640389822593795
112,1229,1013,V299,5.640389822593795
112,1229,1013,V335,5.640389822593795
112,672,885,V70,5.876204136119103
112,672,885,V84,5.876204136119103
112,672,885,V106,5.876204136119103
112,672,885,V110,5.876204136119103
112,849,931,V40,4.4061387562478425
112,849,931,V150,4.4061387562478425
112,849,931,V284,4.4061387562478425
112,535,708,V115,4.548441137468074
112,535,708,V130,4.548441137468074
112,535,708,V135,4.548441137468074
112,1229,965,V432,8.77672016628073
112,1229,965,V434,8.77672016628073
112,783,834,V28,7.689481736045675
116,885,882,V30,2.852794790784161
116,885,882,V33,2.852794790784161
116,885,882,V299,2.852794790784161
116,885,882,V376,2.852794790784161
116,885,882,V377,2.852794790784161
116,965,882,V133,3.616965677313317
116,672,882,V126,7.316385892068044
116,672,882,V131,7.316385892068044
116,783,834,V21,7.689481736045675
116,783,834,V22,7.689481736045675
116,783,834,V24,7.689481736045675
116,783,834,V26,7.689481736045675
116,783,834,V31,7.689481736045675
116,783,834,V36,7.689481736045675
116,783,834,V47,7.689481736045675
116,783,834,V48,7.689481736045675
116,1398,1229,V221,5.282433425576492
116,1398,1229,V279,5.282433425576492
116,1398,1229,V305,5.282433425576492
116,1398,1229,V306,5.282433425576492
116,1398,1229,V307,5.282433425576492
116,1398,1229,V308,5.282433425576492
116,1398,1229,V309,5.282433425576492
116,1106,1276,V107,4.836798739645476
116,1106,1276,V439,4.836798739645476
116,1106,1276,V440,4.836798739645476
116,672,708,V141,6.751878981086827
116,672,708,V512,6.751878981086827
116,672,708,V513,6.751878981086827
116,849,931,V49,4.4061387562478425
116,849,931,V70,4.4061387562478425
116,849,931,V84,4.4061387562478425
116,783,917,V50,5.8083597500151045
116,783,917,V51,5.8083597500151045
116,359,535,V25,5.855067293961566
116,359,535,V83,5.855067293961566
116,783,659,V53,5.809594285895007
120,659,535,V36,5.810827883107414
120,659,535,V110,5.810827883107414
120,359,535,V89,5.855067293961566
120,359,535,V109,5.855067293961566
120,359,535,V182,5.855067293961566
120,882,1013,V25,3.839767699909249
120,882,1013,V54,3.839767699909249
120,882,1013,V55,3.839767699909249
120,882,1013,V63,3.839767699909249
120,882,1013,V64,3.839767699909249
120,882,965,V66,3.616965677313317
120,882,965,V279,3.616965677313317
120,882,965,V335,3.616965677313317
120,882,965,V374,3.616965677313317
120,882,965,V380,3.616965677313317
120,849,931,V29,4.4061387562478425
120,849,931,V46,4.4061387562478425
120,849,931,V52,4.4061387562478425
120,849,931,V58,4.4061387562478425
120,1276,1106,V57,4.836798739645476
120,1276,1106,V221,4.836798739645476
120,1276,1106,V440,4.836798739645476
120,1068,1106,V149,4.880745078525951
120,882,708,V436,4.837510953567602
120,882,708,V512,4.837510953567602
120,882,708,V513,4.837510953567602
120,672,708,V516,6.751878981086827
120,1182,1091,V34,5.24631154396119
120,1182,1091,V35,5.24631154396119
120,672,885,V517,5.876204136119103
120,672,885,V518,5.876204136119103
124,834,965,V21,3.83986736177262
124,834,965,V40,3.83986736177262
124,885,965,V25,6.123119155303686
124,1102,965,V149,8.304116264398273
124,659,965,V142,9.121352246650094
124,783,965,V34,10.498093903671007
124,783,965,V35,10.498093903671007
124,783,965,V36,10.498093903671007
124,783,965,V37,10.498093903671007
124,672,931,V39,6.73915242731767
124,672,931,V68,6.73915242731767
124,672,931,V520,6.73915242731767
124,1276,1106,V31,4.836798739645476
124,1276,1106,V48,4.836798739645476
124,359,535,V216,5.855067293961566
124,359,535,V217,5.855067293961566
124,1276,1229,V376,3.959637309104105
124,1398,1229,V311,5.282433425576492
124,672,882,V545,7.316385892068044
128,834,882,V44,4.883195120135012
128,834,882,V50,4.883195120135012
128,1102,882,V31,7.314751476768936
128,1102,882,V33,7.314751476768936
128,1102,882,V48,7.314751476768936
128,1102,882,V71,7.314751476768936
128,1229,1182,V32,3.960024365898536
128,1229,1182,V39,3.960024365898536
128,1398,1182,V24,5.640321895106829
128,535,708,V38,4.548441137468074
128,659,708,V41,5.815596432206299
128,659,708,V89,5.815596432206299
128,1102,1106,V77,3.80171314717607
128,1068,1106,V69,4.880745078525951
128,1068,1106,V95,4.880745078525951
128,1398,1276,V313,7.438993890374081
128,1398,1276,V314,7.438993890374081
128,1068,885,V181,11.364565785437158
128,1068,885,V243,11.364565785437158
128,783,917,V21,5.8083597500151045
128,783,917,V23,5.8083597500151045
128,855,849,V97,5.706192977162224
128,855,849,V98,5.706192977162224
128,783,965,V25,10.498093903671007
128,783,965,V26,10.498093903671007
132,882,965,V33,3.616965677313317
132,882,965,V34,3.616965677313317
132,882,965,V57,3.616965677313317
132,1102,965,V71,8.304116264398273
132,1102,965,V72,8.304116264398273
132,783,965,V21,10.498093903671007
132,783,965,V22,10.498093903671007
132,783,965,V24,10.498093903671007
132,783,965,V25,10.498093903671007
132,1398,1182,V62,5.640321895106829
132,1398,1182,V315,5.640321895106829
132,1398,1182,V316,5.640321895106829
132,1398,1182,V317,5.640321895106829
132,1398,1182,V318,5.640321895106829
132,1398,1182,V319,5.640321895106829
132,1398,1182,V320,5.640321895106829
132,535,708,V48,4.548441137468074
132,535,708,V56,4.548441137468074
132,535,708,V66,4.548441137468074
132,535,708,V81,4.548441137468074
132,1068,931,V54,8.304853837171269
132,1068,931,V98,8.304853837171269
132,1068,931,V271,8.304853837171269
132,1068,931,V300,8.304853837171269
132,1398,1013,V323,10.186376382121452
132,1398,1013,V423,10.186376382121452
132,1398,1013,V427,10.186376382121452
132,1398,1013,V431,10.186376382121452
132,783,917,V32,5.8083597500151045
132,783,917,V36,5.8083597500151045
132,783,834,V37,7.689481736045675
132,783,834,V38,7.689481736045675
132,535,885,V83,10.569431103772471
132,1068,885,V313,11.364565785437158
132,855,849,V99,5.706192977162224
136,855,849,V40,5.706192977162224
136,855,849,V118,5.706192977162224
136,855,849,V138,5.706192977162224
136,855,849,V139,5.706192977162224
136,855,849,V140,5.706192977162224
136,855,849,V145,5.706192977162224
136,834,708,V25,4.389831624444016
136,535,708,V35,4.548441137468074
136,535,708,V44,4.548441137468074
136,1229,1102,V68,3.8392690799482057
136,1229,1102,V316,3.8392690799482057
136,1229,1102,V317,3.8392690799482057
136,672,931,V23,6.73915242731767
136,1068,931,V99,8.304853837171269
136,965,885,V31,6.123119155303686
140,965,834,V41,3.83986736177262
140,965,834,V52,3.83986736177262
140,965,834,V62,3.83986736177262
140,965,834,V72,3.83986736177262
140,965,834,V78,3.83986736177262
140,965,834,V89,3.83986736177262
140,965,834,V97,3.83986736177262
140,965,834,V139,3.83986736177262
140,965,834,V221,3.83986736177262
140,965,834,V243,3.83986736177262
140,965,834,V323,3.83986736177262
140,965,834,V423,3.83986736177262
140,708,834,V25,4.389831624444016
140,1102,1013,V94,3.616251246210677
140,1102,1013,V99,3.616251246210677
140,1102,1013,V145,3.616251246210677
140,1102,1013,V507,3.616251246210677
140,1091,1013,V65,7.92275625179966
140,1091,1013,V66,7.92275625179966
140,849,1013,V28,8.811582411969269
140,849,1013,V95,8.811582411969269
140,849,1013,V533,8.811582411969269
140,783,917,V26,5.8083597500151045
140,1398,1276,V27,7.438993890374081
140,672,882,V23,7.316385892068044
144,885,882,V39,2.852794790784161
144,885,882,V87,2.852794790784161
144,885,882,V94,2.852794790784161
144,885,882,V145,2.852794790784161
144,1013,882,V72,3.839767699909249
144,1013,882,V98,3.839767699909249
144,1013,882,V247,3.839767699909249
144,708,834,V24,4.389831624444016
144,708,834,V28,4.389831624444016
144,708,834,V31,4.389831624444016
144,708,834,V36,4.389831624444016
144,708,834,V68,4.389831624444016
144,1229,1276,V34,3.959637309104105
144,1102,1276,V26,4.836798739646007
144,1102,1276,V33,4.836798739646007
144,1102,1276,V47,4.836798739646007
148,965,882,V26,3.616965677313317
148,965,882,V39,3.616965677313317
148,965,882,V44,3.616965677313317
148,1013,882,V34,3.839767699909249
148,1013,882,V364,3.839767699909249
148,1013,882,V425,3.839767699909249
148,1013,882,V521,3.839767699909249
148,708,882,V78,4.837510953567602
148,708,834,V91,4.389831624444016
148,659,834,V85,5.284552964469467
148,659,834,V383,5.284552964469467
148,1229,1398,V104,5.282433425576492
148,1182,1398,V61,5.640321895106829
148,1182,1398,V94,5.640321895106829
148,931,885,V36,3.0617002345235647
152,965,834,V25,3.83986736177262
152,965,834,V34,3.83986736177262
152,931,885,V39,3.0617002345235647
156,783,834,V25,7.689481736045675
156,783,834,V27,7.689481736045675
156,783,834,V30,7.689481736045675
156,783,834,V31,7.689481736045675
156,783,834,V32,7.689481736045675
156,783,834,V33,7.689481736045675
156,783,834,V35,7.689481736045675
156,783,834,V37,7.689481736045675
156,1182,965,V103,5.875748248781206
156,1182,965,V507,5.875748248781206
156,1102,965,V26,8.304116264398273
156,1102,965,V56,8.304116264398273
156,1102,965,V61,8.304116264398273
156,1102,965,V72,8.304116264398273
156,1102,965,V83,8.304116264398273
156,783,659,V39,5.809594285895007
156,783,659,V44,5.809594285895007
156,783,659,V45,5.809594285895007
156,783,659,V50,5.809594285895007
156,783,659,V51,5.809594285895007
156,783,659,V52,5.809594285895007
156,1102,1013,V200,3.616251246210677
156,1102,1013,V221,3.616251246210677
156,1102,1013,V286,3.616251246210677
156,931,1013,V68,4.405443882921528
156,931,1013,V78,4.405443882921528
156,931,882,V85,5.812636165404913
156,931,882,V91,5.812636165404913
156,931,882,V93,5.812636165404913
156,931,882,V97,5.812636165404913
156,931,885,V100,3.0617002345235647
156,931,885,V117,3.0617002345235647
156,931,885,V254,3.0617002345235647
156,783,917,V53,5.8083597500151045
156,783,917,V55,5.8083597500151045
156,535,708,V75,4.548441137468074
156,535,708,V77,4.548441137468074
156,1435,1398,V59,5.805514364498899
156,1068,1106,V76,4.880745078525951
160,783,965,V21,10.498093903671007
160,783,965,V25,10.498093903671007
160,783,965,V26,10.498093903671007
160,783,965,V27,10.498093903671007
160,783,965,V30,10.498093903671007
160,783,965,V31,10.498093903671007
160,783,965,V32,10.498093903671007
160,783,965,V33,10.498093903671007
160,783,965,V34,10.498093903671007
160,783,834,V35,7.689481736045675
160,783,834,V36,7.689481736045675
160,783,834,V37,7.689481736045675
160,783,834,V38,7.689481736045675
160,783,834,V39,7.689481736045675
160,783,834,V40,7.689481736045675
160,783,659,V43,5.809594285895007
160,783,659,V44,5.809594285895007
160,783,659,V45,5.809594285895007
160,783,659,V46,5.809594285895007
160,783,659,V47,5.809594285895007
160,783,659,V48,5.809594285895007
160,672,882,V90,7.316385892068044
160,672,882,V96,7.316385892068044
160,672,882,V163,7.316385892068044
160,672,882,V243,7.316385892068044
160,672,882,V323,7.316385892068044
160,672,931,V382,6.73915242731767
160,1068,931,V526,8.304853837171269
160,1068,931,V545,8.304853837171269
160,1068,931,V550,8.304853837171269
160,1068,931,V566,8.304853837171269
160,1370,1276,V535,7.918112864657469
160,1370,1276,V536,7.918112864657469
160,1370,1276,V537,7.918112864657469
160,783,917,V50,5.8083597500151045
160,783,917,V51,5.8083597500151045
160,855,849,V89,5.706192977162224
160,855,849,V153,5.706192977162224
160,1435,1229,V60,10.197737357480824
160,1435,1091,V84,8.895594131564904
160,1068,1106,V567,4.880745078525951
160,1068,1013,V568,11.461019980924313
164,965,882,V31,3.616965677313317
164,535,882,V84,9.342211452816104
164,783,882,V21,12.561839638690564
164,783,882,V22,12.561839638690564
164,783,882,V24,12.561839638690564
164,783,882,V25,12.561839638690564
164,783,882,V26,12.561839638690564
164,783,882,V27,12.561839638690564
164,783,882,V30,12.561839638690564
164,783,882,V32,12.561839638690564
164,783,882,V33,12.561839638690564
164,783,882,V34,12.561839638690564
164,783,659,V36,5.809594285895007
164,783,659,V37,5.809594285895007
164,783,659,V38,5.809594285895007
164,783,659,V39,5.809594285895007
164,783,659,V40,5.809594285895007
164,783,917,V44,5.8083597500151045
164,783,917,V45,5.8083597500151045
164,783,917,V48,5.8083597500151045
164,783,917,V50,5.8083597500151045
164,783,834,V51,7.689481736045675
164,783,834,V58,7.689481736045675
164,783,834,V60,7.689481736045675
164,783,834,V61,7.689481736045675
164,1435,1091,V95,8.895594131564904
164,1435,1091,V226,8.895594131564904
164,1435,1091,V227,8.895594131564904
164,855,849,V427,5.706192977162224
164,855,849,V463,5.706192977162224
164,1068,1102,V571,8.626274418583195
164,1068,1102,V572,8.626274418583195
164,508,672,V29,8.81713559460697
164,508,672,V42,8.81713559460697
164,1068,931,V573,8.304853837171269
164,1068,931,V574,8.304853837171269
164,1370,1276,V538,7.918112864657469
164,1068,1106,V575,4.880745078525951
164,1068,885,V576,11.364565785437158
168,359,535,V65,5.855067293961566
168,359,535,V74,5.855067293961566
168,359,535,V80,5.855067293961566
168,359,535,V86,5.855067293961566
168,359,535,V218,5.855067293961566
168,855,849,V153,5.706192977162224
168,855,849,V474,5.706192977162224
168,855,849,V481,5.706192977162224
168,1068,849,V63,6.736061142863373
168,1182,1102,V52,6.120304815079837
168,882,1102,V24,7.314751476768936
168,882,1102,V43,7.314751476768936
168,965,1102,V21,8.304116264398273
168,1068,1106,V463,4.880745078525951
168,1068,1106,V571,4.880745078525951
168,1068,1106,V575,4.880745078525951
168,965,917,V27,4.882215518422521
168,965,917,V30,4.882215518422521
168,783,659,V25,5.809594285895007
168,783,659,V33,5.809594285895007
168,1398,1013,V47,10.186376382121452
168,1068,1013,V577,11.461019980924313
168,508,672,V49,8.81713559460697
168,508,672,V54,8.81713559460697
168,783,834,V35,7.689481736045675
168,783,834,V36,7.689481736045675
168,1370,1276,V539,7.918112864657469
168,1435,1091,V59,8.895594131564904
168,1068,885,V578,11.364565785437158
172,882,708,V23,4.837510953567602
172,882,708,V24,4.837510953567602
172,882,708,V39,4.837510953567602
172,885,708,V21,6.511469320496247
172,885,708,V34,6.511469320496247
172,965,708,V38,6.739138237495128
172,783,708,V25,10.697285568723771
172,783,708,V26,10.697285568723771
172,783,708,V27,10.697285568723771
172,783,834,V28,7.689481736045675
172,783,834,V29,7.689481736045675
172,783,834,V30,7.689481736045675
172,783,834,V33,7.689481736045675
172,783,834,V36,7.689481736045675
172,1435,1091,V230,8.895594131564904
172,1435,1091,V231,8.895594131564904
172,1435,1091,V232,8.895594131564904
172,1435,1091,V233,8.895594131564904
172,1106,1013,V538,7.015517581545067
172,1106,1013,V539,7.015517581545067
172,1398,1013,V229,10.186376382121452
172,1435,1013,V234,13.46916483615337
172,1435,1276,V235,13.12435356350428
172,1435,1276,V236,13.12435356350428
172,1435,1276,V237,13.12435356350428
172,508,931,V32,12.961089805583503
172,508,931,V70,12.961089805583503
172,508,931,V73,12.961089805583503
172,783,659,V41,5.809594285895007
172,783,659,V42,5.809594285895007
172,196,535,V401,10.089384951575544
172,508,855,V79,9.342303526295408
172,508,849,V82,9.342303526294996
172,508,1068,V92,14.486601263726737
176,931,885,V32,3.0617002345235647
176,931,885,V92,3.0617002345235647
176,931,885,V539,3.0617002345235647
176,1102,885,V44,5.875878565174106
176,1102,885,V220,5.875878565174106
176,965,885,V21,6.123119155303686
176,1182,1013,V31,5.283249325636405
176,1182,1013,V49,5.283249325636405
176,1106,1013,V45,7.015517581545067
176,1091,1013,V56,7.92275625179966
176,659,535,V24,5.810827883107414
176,659,535,V27,5.810827883107414
176,834,917,V23,3.617203703030827
176,834,917,V28,3.617203703030827
176,508,672,V140,8.81713559460697
180,834,708,V54,4.389831624444016
180,834,708,V59,4.389831624444016
180,659,708,V24,5.815596432206299
180,659,708,V53,5.815596432206299
180,659,708,V65,5.815596432206299
180,659,708,V73,5.815596432206299
180,917,708,V42,7.967110892206104
180,1013,708,V21,8.663428210145081
180,1013,708,V49,8.663428210145081
180,1013,882,V56,3.839767699909249
180,1013,882,V72,3.839767699909249
180,931,882,V44,5.812636165404913
180,1398,1229,V22,5.282433425576492
180,1398,1229,V47,5.282433425576492
180,1398,1229,V57,5.282433425576492
180,931,885,V52,3.0617002345235647
180,931,885,V55,3.0617002345235647
180,931,885,V92,3.0617002345235647
184,535,708,V34,4.548441137468074
184,535,708,V43,4.548441137468074
184,535,708,V54,4.548441137468074
184,882,708,V52,4.837510953567602
184,885,708,V59,6.511469320496247
184,672,708,V21,6.751878981086827
184,359,708,V25,10.088438580081291
184,1091,965,V140,4.388654712140797
184,1091,965,V229,4.388654712140797
184,1091,965,V232,4.388654712140797
184,783,965,V23,10.498093903671007
184,783,965,V26,10.498093903671007
184,783,965,V27,10.498093903671007
184,783,659,V28,5.809594285895007
184,783,659,V32,5.809594285895007
184,783,659,V33,5.809594285895007
184,1276,1013,V22,8.190822817543284
184,1276,1013,V47,8.190822817543284
184,1276,1013,V57,8.190822817543284
184,1276,1229,V75,3.959637309104105
184,1435,1229,V31,10.197737357480824
184,849,931,V37,4.4061387562478425
184,783,834,V39,7.689481736045675
188,1068,1106,V24,4.880745078525951
188,1068,1106,V48,4.880745078525951
188,1068,1106,V61,4.880745078525951
188,1068,1106,V79,4.880745078525951
188,834,965,V26,3.83986736177262
188,834,965,V27,3.83986736177262
196,885,882,V39,2.852794790784161
196,965,882,V27,3.616965677313317
196,965,882,V72,3.616965677313317
200,965,882,V48,3.616965677313317
200,931,885,V30,3.0617002345235647
204,931,885,V76,3.0617002345235647
204,931,885,V80,3.0617002345235647
204,1013,885,V31,3.46869779664105
204,1102,885,V39,5.875878565174106
204,1068,1106,V61,4.880745078525951
204,1068,1106,V82,4.880745078525951
204,783,659,V22,5.809594285895007
204,783,659,V26,5.809594285895007
204,708,882,V28,4.837510953567602
204,1091,965,V21,4.388654712140797
208,1013,882,V34,3.839767699909249
208,1013,882,V71,3.839767699909249
208,708,882,V29,4.837510953567602
208,708,882,V31,4.837510953567602
208,708,882,V39,4.837510953567602
208,672,882,V37,7.316385892068044
208,672,882,V67,7.316385892068044
208,672,885,V76,5.876204136119103
208,672,885,V220,5.876204136119103
208,849,885,V24,6.749102957431653
208,849,885,V64,6.749102957431653
208,849,885,V232,6.749102957431653
208,1229,885,V47,8.89559413156451
208,1229,931,V65,8.28950012214804
208,1229,931,V68,8.28950012214804
208,1229,931,V70,8.28950012214804
208,1068,931,V36,8.304853837171269
208,1068,931,V92,8.304853837171269
208,1068,931,V573,8.304853837171269
208,783,834,V21,7.689481736045675
208,783,834,V22,7.689481736045675
208,783,834,V26,7.689481736045675
208,783,834,V27,7.689481736045675
208,783,834,V30,7.689481736045675
208,783,834,V32,7.689481736045675
208,359,535,V23,5.855067293961566
208,359,535,V28,5.855067293961566
208,359,535,V84,5.855067293961566
208,359,535,V87,5.855067293961566
208,783,965,V33,10.498093903671007
208,783,965,V35,10.498093903671007
208,783,965,V38,10.498093903671007
208,783,965,V40,10.498093903671007
208,783,659,V41,5.809594285895007
208,783,659,V42,5.809594285895007
208,1435,1182,V45,8.189653224238826
208,508,1106,V51,16.025446935620938
212,882,885,V24,2.852794790784161
212,882,885,V36,2.852794790784161
212,882,885,V47,2.852794790784161
212,882,885,V64,2.852794790784161
212,1182,885,V34,8.662721360426067
212,1182,885,V44,8.662721360426067
212,508,1068,V60,14.486601263726737
212,508,1068,V74,14.486601263726737
212,508,1068,V89,14.486601263726737
212,508,1068,V90,14.486601263726737
212,783,834,V21,7.689481736045675
212,783,834,V22,7.689481736045675
212,783,834,V23,7.689481736045675
212,1435,1102,V58,13.72369573679552
212,1435,1102,V239,13.72369573679552
212,508,1102,V154,17.327384898394307
212,196,535,V402,10.089384951575544
212,196,535,V403,10.089384951575544
212,196,535,V404,10.089384951575544
212,508,931,V166,12.961089805583503
212,508,931,V167,12.961089805583503
212,508,849,V168,9.342303526294996
212,508,849,V169,9.342303526294996
212,783,965,V25,10.498093903671007
212,783,965,V26,10.498093903671007
212,508,855,V170,9.342303526295408
212,783,659,V27,5.809594285895007
212,508,672,V171,8.81713559460697
212,1296,1229,V384,18.186956046651705
212,783,708,V28,10.697285568723771
216,834,708,V74,4.389831624444016
216,834,708,V84,4.389831624444016
216,882,708,V34,4.837510953567602
216,882,708,V44,4.837510953567602
216,882,708,V51,4.837510953567602
216,783,708,V21,10.697285568723771
216,783,965,V22,10.498093903671007
216,783,965,V23,10.498093903671007
216,783,965,V24,10.498093903671007
216,783,965,V25,10.498093903671007
216,783,965,V26,10.498093903671007
216,783,659,V27,5.809594285895007
216,783,659,V29,5.809594285895007
216,783,659,V35,5.809594285895007
216,783,659,V37,5.809594285895007
216,1276,885,V60,10.705394585658723
216,508,885,V172,13.808114395759947
216,508,885,V173,13.808114395759947
216,196,535,V405,10.089384951575544
216,196,535,V406,10.089384951575544
216,783,917,V38,5.8083597500151045
216,783,917,V39,5.8083597500151045
216,508,1102,V174,17.327384898394307
216,508,1102,V175,17.327384898394307
216,508,1106,V176,16.025446935620938
220,783,659,V21,5.809594285895007
220,783,659,V22,5.809594285895007
220,783,659,V24,5.809594285895007
220,783,659,V26,5.809594285895007
220,783,659,V28,5.809594285895007
220,783,659,V29,5.809594285895007
220,783,659,V30,5.809594285895007
220,1013,931,V23,4.405443882921528
220,1013,931,V36,4.405443882921528
220,1013,931,V84,4.405443882921528
220,1013,931,V402,4.405443882921528
220,882,708,V25,4.837510953567602
220,882,708,V172,4.837510953567602
220,359,708,V33,10.088438580081291
220,1182,1091,V171,5.24631154396119
220,1435,1091,V240,8.895594131564904
220,783,1091,V32,10.241109598832232
220,1276,1398,V53,7.438993890374081
220,1106,1398,V31,11.562838367297022
220,1296,1398,V385,15.359029036692972
220,508,1102,V177,17.327384898394307
220,508,1102,V178,17.327384898394307
220,359,535,V40,5.855067293961566
220,508,855,V179,9.342303526295408
220,783,834,V37,7.689481736045675
224,885,931,V33,3.0617002345235647
224,885,931,V36,3.0617002345235647
224,885,931,V40,3.0617002345235647
224,885,931,V49,3.0617002345235647
224,834,708,V21,4.389831624444016
224,834,708,V25,4.389831624444016
224,834,708,V26,4.389831624444016
224,834,708,V34,4.389831624444016
224,882,965,V42,3.616965677313317
224,882,965,V167,3.616965677313317
224,834,965,V43,3.83986736177262
224,1013,1102,V46,3.616251246210677
224,1106,1102,V37,3.80171314717607
224,672,535,V47,8.311483007291683
228,882,965,V21,3.616965677313317
228,882,965,V33,3.616965677313317
228,834,708,V53,4.389831624444016
228,1276,1370,V44,7.918112864657469
232,882,834,V33,4.883195120135012
232,882,834,V49,4.883195120135012
232,882,834,V53,4.883195120135012
232,882,834,V54,4.883195120135012
232,882,834,V63,4.883195120135012
232,882,834,V177,4.883195120135012
232,882,834,V179,4.883195120135012
232,882,834,V220,4.883195120135012
232,849,672,V74,6.511836392511076
232,882,672,V405,7.316385892068044
232,535,672,V27,8.311483007291683
232,535,672,V38,8.311483007291683
232,535,672,V64,8.311483007291683
232,535,672,V67,8.311483007291683
232,508,672,V30,8.81713559460697
232,508,672,V184,8.81713559460697
232,783,659,V23,5.809594285895007
232,783,659,V25,5.809594285895007
232,783,659,V26,5.809594285895007
232,783,659,V32,5.809594285895007
232,1091,965,V28,4.388654712140797
232,1091,965,V48,4.388654712140797
232,1091,965,V50,4.388654712140797
232,1091,965,V70,4.388654712140797
232,359,708,V24,10.088438580081291
232,783,708,V37,10.697285568723771
232,783,708,V79,10.697285568723771
232,1229,1102,V78,3.8392690799482057
232,1276,1102,V29,4.836798739646007
232,1276,1106,V68,4.836798739645476
236,834,659,V41,5.284552964469467
236,1068,1370,V51,7.841426035905807
236,834,708,V48,4.389831624444016
236,834,917,V49,3.617203703030827
240,834,965,V93,3.83986736177262
240,1091,965,V47,4.388654712140797
244,965,834,V42,3.83986736177262
248,783,659,V34,5.809594285895007
252,917,834,V42,3.617203703030827
252,965,834,V98,3.83986736177262
252,965,834,V102,3.83986736177262
252,708,834,V25,4.389831624444016
252,708,834,V41,4.389831624444016
252,1091,834,V60,6.739095652327052
252,1091,834,V79,6.739095652327052
252,1091,834,V95,6.739095652327052
252,1229,1182,V82,3.960024365898536
252,783,659,V28,5.809594285895007
252,885,882,V35,2.852794790784161
256,1091,834,V99,6.739095652327052
256,783,834,V26,7.689481736045675
256,783,834,V27,7.689481736045675
256,783,834,V28,7.689481736045675
256,783,834,V34,7.689481736045675
256,783,834,V35,7.689481736045675
256,783,834,V37,7.689481736045675
256,783,659,V39,5.809594285895007
256,783,659,V40,5.809594285895007
256,783,659,V41,5.809594285895007
256,783,659,V42,5.809594285895007
256,783,659,V43,5.809594285895007
256,783,659,V45,5.809594285895007
256,1013,882,V63,3.839767699909249
256,1013,882,V101,3.839767699909249
256,1102,882,V179,7.314751476768936
256,672,882,V32,7.316385892068044
256,783,965,V47,10.498093903671007
256,783,965,V48,10.498093903671007
256,1276,1182,V53,7.919661523440269
256,849,931,V55,4.4061387562478425
260,882,965,V47,3.616965677313317
260,783,965,V21,10.498093903671007
260,783,965,V22,10.498093903671007
260,783,965,V26,10.498093903671007
260,783,965,V27,10.498093903671007
260,783,965,V28,10.498093903671007
260,783,965,V32,10.498093903671007
260,783,965,V34,10.498093903671007
260,783,965,V35,10.498093903671007
260,1435,1398,V30,5.805514364498899
260,1435,1398,V38,5.805514364498899
260,1435,1398,V62,5.805514364498899
260,1435,1398,V64,5.805514364498899
260,1435,1398,V67,5.805514364498899
260,1435,1398,V69,5.805514364498899
260,1435,1398,V74,5.805514364498899
260,1435,1398,V84,5.805514364498899
260,672,885,V54,5.876204136119103
260,849,885,V315,6.749102957431653
260,535,885,V106,10.569431103772471
260,855,885,V33,12.412669367198909
260,855,885,V36,12.412669367198909
260,855,885,V44,12.412669367198909
260,508,885,V504,13.808114395759947
260,783,834,V37,7.689481736045675
260,783,834,V43,7.689481736045675
260,783,834,V46,7.689481736045675
260,783,834,V48,7.689481736045675
260,783,834,V53,7.689481736045675
260,783,917,V70,5.8083597500151045
260,783,917,V87,5.8083597500151045
260,783,917,V89,5.8083597500151045
260,783,659,V93,5.809594285895007
260,783,659,V98,5.809594285895007
260,783,659,V99,5.809594285895007
260,1435,1091,V170,8.895594131564904
260,1435,1091,V184,8.895594131564904
260,1435,1091,V384,8.895594131564904
260,1435,1182,V385,8.189653224238826
260,1435,1182,V402,8.189653224238826
260,1296,1229,V387,18.186956046651705
260,508,1106,V531,16.025446935620938
260,783,1013,V101,15.308499342485224
264,885,834,V27,7.688685710981335
264,885,834,V70,7.688685710981335
264,885,834,V100,7.688685710981335
264,783,834,V26,7.689481736045675
264,783,834,V28,7.689481736045675
264,783,834,V29,7.689481736045675
264,783,834,V32,7.689481736045675
264,783,834,V35,7.689481736045675
264,783,834,V37,7.689481736045675
264,783,834,V43,7.689481736045675
264,783,834,V46,7.689481736045675
264,783,834,V48,7.689481736045675
264,783,834,V53,7.689481736045675
264,783,834,V68,7.689481736045675
264,783,834,V76,7.689481736045675
264,783,834,V77,7.689481736045675
264,783,834,V87,7.689481736045675
264,1182,1091,V33,5.24631154396119
264,1182,1091,V36,5.24631154396119
264,1182,1091,V39,5.24631154396119
264,1182,1091,V44,5.24631154396119
264,1182,1091,V54,5.24631154396119
264,1182,1091,V102,5.24631154396119
264,535,708,V23,4.548441137468074
264,535,708,V57,4.548441137468074
264,359,708,V83,10.088438580081291
264,783,708,V101,10.697285568723771
264,1102,1013,V30,3.616251246210677
264,1102,1013,V38,3.616251246210677
264,1102,1013,V62,3.616251246210677
264,1102,882,V64,7.314751476768936
264,1182,965,V103,5.875748248781206
264,1102,931,V67,4.548251915941359
264,1102,672,V69,11.119492664455636
264,1102,1229,V74,3.8392690799482057
264,1102,1276,V84,4.836798739646007
264,783,659,V105,5.809594285895007
264,1182,1106,V104,9.760018472127422
268,708,834,V23,4.389831624444016
268,708,834,V34,4.389831624444016
268,708,834,V57,4.389831624444016
268,708,834,V105,4.389831624444016
268,708,834,V123,4.389831624444016
268,708,834,V136,4.389831624444016
268,882,834,V29,4.883195120135012
268,882,834,V38,4.883195120135012
268,882,965,V46,3.616965677313317
268,882,965,V48,3.616965677313317
268,882,965,V54,3.616965677313317
268,882,965,V71,3.616965677313317
268,882,965,V103,3.616965677313317
268,1182,965,V21,5.875748248781206
268,1102,1106,V67,3.80171314717607
268,1102,1106,V89,3.80171314717607
268,1102,1106,V97,3.80171314717607
268,1102,1106,V104,3.80171314717607
268,1102,1106,V127,3.80171314717607
268,1102,1276,V133,4.836798739646007
268,1102,1276,V134,4.836798739646007
268,1102,1276,V135,4.836798739646007
268,1102,1276,V173,4.836798739646007
268,1182,1229,V33,3.960024365898536
268,1182,1229,V36,3.960024365898536
268,1182,1229,V40,3.960024365898536
268,885,1013,V26,3.46869779664105
268,885,1013,V27,3.46869779664105
268,885,1013,V28,3.46869779664105
268,783,917,V25,5.8083597500151045
268,783,917,V55,5.8083597500151045
268,508,855,V62,9.342303526295408
268,1182,1091,V108,5.24631154396119
268,885,849,V30,6.749102957431653
272,882,834,V26,4.883195120135012
272,659,834,V57,5.284552964469467
272,659,834,V103,5.284552964469467
272,659,834,V107,5.284552964469467
272,659,834,V123,5.284552964469467
272,885,834,V34,7.688685710981335
272,885,834,V37,7.688685710981335
272,885,834,V76,7.688685710981335
272,885,834,V77,7.688685710981335
272,885,834,V88,7.688685710981335
272,885,834,V89,7.688685710981335
272,885,834,V93,7.688685710981335
272,1182,965,V27,5.875748248781206
272,1182,965,V67,5.875748248781206
272,1182,965,V108,5.875748248781206
272,1182,965,V109,5.875748248781206
272,1182,965,V110,5.875748248781206
272,1182,965,V111,5.875748248781206
272,535,708,V54,4.548441137468074
272,535,708,V74,4.548441137468074
272,535,708,V95,4.548441137468074
272,535,708,V101,4.548441137468074
272,535,708,V136,4.548441137468074
272,885,708,V99,6.511469320496247
272,1102,1106,V53,3.80171314717607
272,1102,1106,V133,3.80171314717607
272,1102,1106,V135,3.80171314717607
272,885,672,V100,5.876204136119103
272,931,849,V30,4.4061387562478425
276,885,882,V31,2.852794790784161
276,885,882,V47,2.852794790784161
276,885,882,V53,2.852794790784161
276,885,882,V105,2.852794790784161
276,885,882,V122,2.852794790784161
276,885,882,V133,2.852794790784161
276,931,882,V30,5.812636165404913
276,931,882,V34,5.812636165404913
276,931,882,V54,5.812636165404913
276,931,882,V74,5.812636165404913
276,931,882,V87,5.812636165404913
276,931,882,V97,5.812636165404913
276,1276,1229,V124,3.959637309104105
276,1182,1229,V24,3.960024365898536
276,1182,1229,V33,3.960024365898536
276,1182,1229,V114,3.960024365898536
276,1182,1229,V115,3.960024365898536
276,1091,965,V132,4.388654712140797
276,1182,965,V116,5.875748248781206
276,1182,965,V117,5.875748248781206
276,1182,965,V118,5.875748248781206
276,931,849,V100,4.4061387562478425
276,931,849,V106,4.4061387562478425
276,931,849,V129,4.4061387562478425
276,535,708,V128,4.548441137468074
276,535,708,V156,4.548441137468074
276,659,708,V23,5.815596432206299
276,1068,1106,V22,4.880745078525951
276,1068,1106,V62,4.880745078525951
276,783,917,V21,5.8083597500151045
276,783,917,V27,5.8083597500151045
276,855,1370,V25,13.377197086368376
276,855,1370,V41,13.377197086368376
280,834,708,V23,4.389831624444016
280,834,708,V71,4.389831624444016
280,535,708,V21,4.548441137468074
280,965,1091,V30,4.388654712140797
280,1182,1091,V32,5.24631154396119
280,1182,1091,V41,5.24631154396119
280,783,917,V27,5.8083597500151045
280,931,849,V48,4.4061387562478425
284,965,1091,V30,4.388654712140797
284,1182,1091,V42,5.24631154396119
284,834,917,V90,3.617203703030827
288,931,849,V28,4.4061387562478425
288,1276,1106,V33,4.836798739645476
292,965,834,V27,3.83986736177262
300,1091,965,V111,4.388654712140797
300,1091,965,V118,4.388654712140797
300,1091,965,V128,4.388654712140797
300,1091,965,V139,4.388654712140797
300,1091,965,V140,4.388654712140797
300,1013,965,V30,4.881725510082577
300,783,659,V21,5.809594285895007
300,783,659,V22,5.809594285895007
300,783,659,V23,5.809594285895007
300,783,659,V25,5.809594285895007
300,783,834,V26,7.689481736045675
300,783,834,V31,7.689481736045675
300,783,834,V34,7.689481736045675
300,783,917,V35,5.8083597500151045
300,783,917,V36,5.8083597500151045
300,931,849,V24,4.4061387562478425
300,931,849,V106,4.4061387562478425
300,855,1068,V28,5.87594370452583
300,855,1068,V48,5.87594370452583
300,1102,1106,V44,3.80171314717607
304,882,834,V30,4.883195120135012
304,1091,834,V75,6.739095652327052
304,1091,834,V78,6.739095652327052
304,1091,834,V79,6.739095652327052
304,1091,834,V80,6.739095652327052
304,783,834,V21,7.689481736045675
304,783,834,V22,7.689481736045675
304,783,834,V23,7.689481736045675
304,783,834,V24,7.689481736045675
304,783,834,V25,7.689481736045675
304,783,834,V26,7.689481736045675
304,359,535,V37,5.855067293961566
304,359,535,V89,5.855067293961566
304,359,535,V125,5.855067293961566
304,672,535,V112,8.311483007291683
304,672,535,V124,8.311483007291683
304,672,535,V131,8.311483007291683
304,672,535,V137,8.311483007291683
304,196,535,V407,10.089384951575544
304,1102,1229,V44,3.8392690799482057
304,1276,1229,V29,3.959637309104105
304,1276,1229,V106,3.959637309104105
304,1276,1229,V145,3.959637309104105
304,1182,1229,V59,3.960024365898536
304,1182,1229,V60,3.960024365898536
304,1182,1229,V65,3.960024365898536
304,1013,965,V123,4.881725510082577
304,1013,965,V129,4.881725510082577
304,1182,965,V73,5.875748248781206
304,1182,965,V109,5.875748248781206
304,1182,965,V134,5.875748248781206
304,1182,965,V135,5.875748248781206
304,783,659,V28,5.809594285895007
304,783,659,V31,5.809594285895007
304,783,659,V34,5.809594285895007
304,783,659,V35,5.809594285895007
304,1182,1106,V315,9.760018472127422
304,1182,1106,V386,9.760018472127422
304,1398,1106,V82,11.562838367297022
304,1398,885,V87,13.644566108710274
304,1398,885,V91,13.644566108710274
304,1398,885,V92,13.644566108710274
304,1398,931,V116,13.495077260547856
304,783,931,V36,18.3740064075405
304,783,931,V40,18.3740064075405
304,783,917,V47,5.8083597500151045
304,783,917,V48,5.8083597500151045
304,196,849,V408,18.33505576468225
304,196,849,V409,18.33505576468225
304,783,708,V58,10.697285568723771
304,783,708,V88,10.697285568723771
304,196,1068,V410,24.999047730771046
304,196,855,V411,21.34835696919556
308,1276,1229,V97,3.959637309104105
308,1276,1229,V99,3.959637309104105
308,1276,1229,V100,3.959637309104105
308,1276,1229,V101,3.959637309104105
308,1276,1229,V104,3.959637309104105
308,965,885,V135,6.123119155303686
308,965,885,V138,6.123119155303686
308,965,885,V143,6.123119155303686
308,1182,885,V43,8.662721360426067
308,1276,1068,V105,8.66943360865319
308,1276,1068,V108,8.66943360865319
308,1276,1068,V111,8.66943360865319
308,1276,931,V115,8.946223146223524
308,1276,931,V117,8.946223146223524
308,1276,931,V118,8.946223146223524
308,1182,849,V45,13.728760504847472
308,1182,849,V46,13.728760504847472
308,1182,849,V49,13.728760504847472
308,1182,882,V50,7.841474878454721
308,1182,882,V51,7.841474878454721
308,1182,882,V52,7.841474878454721
308,1091,917,V134,4.837115435970083
308,783,917,V21,5.8083597500151045
308,783,659,V22,5.809594285895007
308,783,659,V23,5.809594285895007
308,1182,1013,V53,5.283249325636405
308,1182,1013,V55,5.283249325636405
308,783,708,V24,10.697285568723771
308,783,708,V25,10.697285568723771
308,783,834,V26,7.689481736045675
308,783,834,V28,7.689481736045675
312,931,1013,V24,4.405443882921528
312,931,1013,V37,4.405443882921528
312,1182,1013,V29,5.283249325636405
312,1182,1013,V68,5.283249325636405
312,1182,1013,V69,5.283249325636405
312,1182,1013,V70,5.283249325636405
312,1182,1013,V71,5.283249325636405
312,1182,1013,V76,5.283249325636405
312,659,535,V22,5.810827883107414
312,659,535,V25,5.810827883107414
312,659,535,V44,5.810827883107414
312,659,535,V113,5.810827883107414
312,659,535,V139,5.810827883107414
312,1182,885,V81,8.662721360426067
312,1182,885,V110,8.662721360426067
312,1182,885,V386,8.662721360426067
312,917,885,V26,10.518632362833186
312,917,708,V30,7.967110892206104
312,917,708,V62,7.967110892206104
312,783,708,V21,10.697285568723771
312,783,882,V23,12.561839638690564
312,783,882,V28,12.561839638690564
312,783,882,V33,12.561839638690564
312,1370,1276,V58,7.918112864657469
312,1435,1276,V121,13.12435356350428
312,783,834,V35,7.689481736045675
312,783,834,V42,7.689481736045675
312,783,965,V55,10.498093903671007
312,783,965,V57,10.498093903671007
312,1435,1068,V128,21.475755781759403
312,1435,1068,V132,21.475755781759403
312,1435,1091,V133,8.895594131564904
312,783,1091,V59,10.241109598832232
312,1296,1229,V388,18.186956046651705
312,1296,1229,V389,18.186956046651705
312,196,508,V412,13.049555197753463
312,1296,1398,V390,15.359029036692972
316,1102,885,V29,5.875878565174106
316,1102,885,V33,5.875878565174106
316,1102,885,V36,5.875878565174106
316,1102,885,V48,5.875878565174106
316,1102,885,V76,5.875878565174106
316,1102,885,V128,5.875878565174106
316,965,885,V24,6.123119155303686
316,965,885,V28,6.123119155303686
316,659,708,V21,5.815596432206299
316,659,708,V27,5.815596432206299
316,965,708,V37,6.739138237495128
316,965,708,V55,6.739138237495128
316,965,708,V73,6.739138237495128
316,965,708,V82,6.739138237495128
316,783,708,V22,10.697285568723771
316,783,834,V25,7.689481736045675
316,783,834,V26,7.689481736045675
316,783,834,V30,7.689481736045675
316,783,834,V32,7.689481736045675
316,783,834,V34,7.689481736045675
316,849,882,V31,9.574606006915822
316,783,882,V39,12.561839638690564
316,783,882,V41,12.561839638690564
316,783,882,V42,12.561839638690564
316,196,535,V413,10.089384951575544
316,196,535,V414,10.089384951575544
316,196,535,V415,10.089384951575544
316,783,1106,V43,22.318447076891776
316,783,1106,V44,22.318447076891776
316,196,672,V416,12.560440507679765
316,196,672,V417,12.560440507679765
316,783,1013,V46,15.308499342485224
316,1296,1229,V391,18.186956046651705
316,783,917,V47,5.8083597500151045
320,885,882,V28,2.852794790784161
320,885,882,V31,2.852794790784161
320,885,882,V36,2.852794790784161
320,885,882,V42,2.852794790784161
320,885,882,V47,2.852794790784161
320,885,882,V52,2.852794790784161
320,708,882,V22,4.837510953567602
320,783,659,V23,5.809594285895007
320,783,659,V24,5.809594285895007
320,783,659,V25,5.809594285895007
320,783,659,V29,5.809594285895007
320,783,659,V30,5.809594285895007
320,1091,917,V21,4.837115435970083
320,1091,917,V55,4.837115435970083
320,783,917,V32,5.8083597500151045
320,783,917,V34,5.8083597500151045
320,708,834,V26,4.389831624444016
320,708,834,V38,4.389831624444016
320,783,834,V35,7.689481736045675
320,1398,1276,V68,7.438993890374081
320,1068,1276,V43,8.66943360865319
320,1068,1013,V90,11.461019980924313
320,783,1013,V45,15.308499342485224
320,783,1106,V49,22.318447076891776
320,783,1106,V60,22.318447076891776
320,196,508,V418,13.049555197753463
320,359,535,V56,5.855067293961566
320,196,672,V419,12.560440507679765
320,783,965,V61,10.498093903671007
324,1102,885,V49,5.875878565174106
324,1102,885,V51,5.875878565174106
324,1102,885,V65,5.875878565174106
324,1102,885,V89,5.875878565174106
324,965,885,V24,6.123119155303686
324,708,885,V39,6.511469320496247
324,708,885,V56,6.511469320496247
324,1229,1276,V21,3.959637309104105
324,1229,1276,V31,3.959637309104105
324,1106,1276,V33,4.836798739645476
324,1106,1276,V60,4.836798739645476
324,1068,931,V45,8.304853837171269
324,1068,931,V50,8.304853837171269
324,1068,931,V104,8.304853837171269
324,1068,1370,V105,7.841426035905807
324,1398,1370,V83,14.289920547900731
324,1091,1182,V64,5.24631154396119
324,834,1182,V26,9.674230674179531
324,708,672,V62,6.751878981086827
324,708,882,V97,4.837510953567602
328,1229,1398,V24,5.282433425576492
328,1229,1398,V33,5.282433425576492
328,1229,1398,V56,5.282433425576492
328,1102,1398,V46,9.118728510486134
328,1102,1398,V109,9.118728510486134
328,1106,1276,V119,4.836798739645476
328,1013,1276,V52,8.190822817543284
328,1068,1276,V49,8.66943360865319
328,1068,1276,V65,8.66943360865319
328,708,882,V51,4.837510953567602
328,708,882,V57,4.837510953567602
328,931,849,V27,4.4061387562478425
332,885,1013,V41,3.46869779664105
332,885,1013,V55,3.46869779664105
332,1102,1013,V47,3.616251246210677
332,1102,1013,V49,3.616251246210677
332,965,882,V54,3.616965677313317
332,965,882,V66,3.616965677313317
332,834,882,V35,4.883195120135012
332,1068,1370,V83,7.841426035905807
332,1229,1182,V61,3.960024365898536
336,965,882,V38,3.616965677313317
336,1229,1182,V26,3.960024365898536
340,965,882,V26,3.616965677313317
340,965,882,V75,3.616965677313317
340,965,882,V101,3.616965677313317
340,834,882,V93,4.883195120135012
344,965,882,V26,3.616965677313317
344,965,882,V88,3.616965677313317
344,834,882,V97,4.883195120135012
344,1229,1276,V42,3.959637309104105
344,1229,1276,V48,3.959637309104105
344,834,708,V130,4.389831624444016
348,1229,1276,V82,3.959637309104105
348,1229,1276,V89,3.959637309104105
348,1229,1276,V119,3.959637309104105
348,1106,1276,V44,4.836798739645476
348,1106,1276,V76,4.836798739645476
348,931,882,V26,5.812636165404913
348,931,882,V34,5.812636165404913
348,931,882,V88,5.812636165404913
348,931,882,V104,5.812636165404913
348,535,708,V63,4.548441137468074
348,535,708,V92,4.548441137468074
348,535,708,V107,4.548441137468074
348,535,708,V123,4.548441137468074
348,783,659,V28,5.809594285895007
348,783,659,V31,5.809594285895007
348,783,659,V37,5.809594285895007
348,783,659,V39,5.809594285895007
348,917,965,V40,4.882215518422521
348,1102,965,V36,8.304116264398273
348,783,834,V43,7.689481736045675
348,783,834,V45,7.689481736045675
348,1102,885,V38,5.875878565174106
348,1102,885,V49,5.875878565174106
348,1435,1091,V80,8.895594131564904
348,1102,1013,V53,3.616251246210677
352,1106,1276,V54,4.836798739645476
352,1106,1276,V116,4.836798739645476
352,1102,1276,V36,4.836798739646007
352,1102,1276,V113,4.836798739646007
352,1102,1276,V117,4.836798739646007
352,1102,1276,V125,4.836798739646007
352,1102,1276,V127,4.836798739646007
352,1398,1276,V61,7.438993890374081
352,672,931,V33,6.73915242731767
352,672,931,V56,6.73915242731767
352,672,931,V64,6.73915242731767
352,672,931,V73,6.73915242731767
352,672,931,V83,6.73915242731767
352,672,931,V108,6.73915242731767
352,672,931,V109,6.73915242731767
352,855,931,V114,9.765900232263595
352,783,965,V23,10.498093903671007
352,783,965,V26,10.498093903671007
352,783,965,V27,10.498093903671007
352,783,965,V28,10.498093903671007
352,783,965,V29,10.498093903671007
352,783,965,V31,10.498093903671007
352,783,965,V32,10.498093903671007
352,1398,1229,V111,5.282433425576492
352,1435,1229,V106,10.197737357480824
352,1296,1229,V394,18.186956046651705
352,1296,1229,V395,18.186956046651705
352,1296,1229,V396,18.186956046651705
352,1296,1229,V397,18.186956046651705
352,783,1091,V37,10.241109598832232
352,783,1091,V38,10.241109598832232
352,783,1091,V39,10.241109598832232
352,783,1091,V40,10.241109598832232
352,783,1091,V41,10.241109598832232
352,359,708,V35,10.088438580081291
352,359,708,V67,10.088438580081291
352,359,708,V75,10.088438580081291
352,359,708,V87,10.088438580081291
352,783,659,V42,5.809594285895007
352,783,659,V43,5.809594285895007
352,783,659,V45,5.809594285895007
352,783,659,V47,5.809594285895007
352,783,834,V48,7.689481736045675
352,783,834,V49,7.689481736045675
352,783,834,V51,7.689481736045675
352,359,849,V99,20.280567075307232
352,359,849,V103,20.280567075307232
352,783,849,V53,21.903135562742808
352,1296,1182,V398,14.636346421121209
352,1296,1182,V399,14.636346421121209
352,783,508,V55,25.93420023872912
352,783,508,V57,25.93420023872912
352,783,882,V58,12.561839638690564
352,783,882,V62,12.561839638690564
352,783,1013,V63,15.308499342485224
352,783,1013,V65,15.308499342485224
352,783,1068,V66,26.525178301273773
352,783,1068,V68,26.525178301273773
352,783,885,V69,15.378166398318458
352,566,535,V72,11.474227573045091
356,834,965,V29,3.83986736177262
356,834,965,V36,3.83986736177262
356,834,965,V39,3.83986736177262
356,834,965,V40,3.83986736177262
356,834,965,V89,3.83986736177262
356,1229,965,V44,8.77672016628073
356,1229,965,V58,8.77672016628073
356,1229,931,V62,8.28950012214804
356,1229,931,V99,8.28950012214804
356,855,931,V66,9.765900232263595
356,783,931,V21,18.3740064075405
356,783,931,V22,18.3740064075405
356,783,931,V23,18.3740064075405
356,783,931,V24,18.3740064075405
356,783,708,V25,10.697285568723771
356,783,708,V26,10.697285568723771
356,783,708,V27,10.697285568723771
356,783,708,V28,10.697285568723771
356,783,659,V31,5.809594285895007
356,783,659,V32,5.809594285895007
356,783,659,V33,5.809594285895007
356,783,659,V34,5.809594285895007
356,783,882,V35,12.561839638690564
356,783,882,V37,12.561839638690564
356,783,882,V38,12.561839638690564
356,783,882,V41,12.561839638690564
356,783,1013,V42,15.308499342485224
356,783,1013,V43,15.308499342485224
356,783,1013,V46,15.308499342485224
356,783,1013,V47,15.308499342485224
356,783,1091,V48,10.241109598832232
356,783,1091,V49,10.241109598832232
356,783,1091,V50,10.241109598832232
356,783,849,V51,21.903135562742808
356,783,849,V52,21.903135562742808
356,783,849,V53,21.903135562742808
356,783,1398,V54,19.874616662347663
356,783,1398,V55,19.874616662347663
356,783,1398,V56,19.874616662347663
356,566,535,V84,11.474227573045091
356,566,535,V85,11.474227573045091
356,566,535,V86,11.474227573045091
356,783,1276,V57,22.606377139254327
356,783,1276,V59,22.606377139254327
356,783,1276,V60,22.606377139254327
356,783,1182,V63,15.175538880502293
356,783,1182,V64,15.175538880502293
356,783,1068,V65,26.525178301273773
356,783,1068,V67,26.525178301273773
356,783,885,V68,15.378166398318458
356,783,885,V70,15.378166398318458
356,783,1435,V72,17.957022310236383
360,882,965,V40,3.616965677313317
360,882,965,V54,3.616965677313317
360,882,965,V66,3.616965677313317
360,882,965,V70,3.616965677313317
360,834,965,V21,3.83986736177262
360,885,931,V46,3.0617002345235647
360,1229,931,V59,8.28950012214804
360,1229,931,V60,8.28950012214804
360,1229,931,V101,8.28950012214804
360,834,1091,V23,6.739095652327052
360,834,1091,V24,6.739095652327052
360,834,1091,V29,6.739095652327052
360,834,1091,V34,6.739095652327052
360,708,672,V35,6.751878981086827
360,659,359,V77,7.84162119104212
360,708,1106,V41,14.476051732619457
360,708,1370,V61,23.22363821092988
360,834,1182,V36,9.674230674179531
360,708,535,V73,4.548441137468074
360,834,1013,V39,8.005172893624191
360,834,1068,V44,18.901027647971706
360,834,1276,V50,15.929463663685272
364,708,535,V24,4.548441137468074
364,708,535,V52,4.548441137468074
364,659,535,V59,5.810827883107414
364,659,535,V71,5.810827883107414
364,659,535,V82,5.810827883107414
364,659,535,V84,5.810827883107414
364,359,535,V86,5.855067293961566
364,783,834,V25,7.689481736045675
364,783,834,V28,7.689481736045675
364,783,834,V32,7.689481736045675
364,783,834,V37,7.689481736045675
364,783,834,V38,7.689481736045675
364,783,834,V40,7.689481736045675
364,1013,882,V34,3.839767699909249
364,931,882,V22,5.812636165404913
364,931,882,V48,5.812636165404913
364,931,882,V55,5.812636165404913
364,931,882,V70,5.812636165404913
364,931,885,V76,3.0617002345235647
364,931,885,V79,3.0617002345235647
364,849,885,V39,6.749102957431653
364,849,885,V53,6.749102957431653
364,1229,1276,V35,3.959637309104105
364,1229,1276,V36,3.959637309104105
364,1229,1276,V85,3.959637309104105
364,1229,1182,V97,3.960024365898536
364,1398,1182,V42,5.640321895106829
364,783,1091,V43,10.241109598832232
364,783,1091,V44,10.241109598832232
364,1106,1435,V21,16.79895041123717
364,783,965,V45,10.498093903671007
368,834,965,V22,3.83986736177262
368,834,965,V34,3.83986736177262
368,834,965,V59,3.83986736177262
368,885,965,V48,6.123119155303686
368,885,965,V55,6.123119155303686
368,885,965,V57,6.123119155303686
368,885,931,V64,3.0617002345235647
368,885,931,V76,3.0617002345235647
368,885,1013,V78,3.46869779664105
368,885,1013,V83,3.46869779664105
368,783,917,V21,5.8083597500151045
368,849,855,V82,5.706192977162224
368,659,708,V108,5.815596432206299
372,882,834,V46,4.883195120135012
372,882,834,V72,4.883195120135012
372,659,834,V55,5.284552964469467
372,659,834,V70,5.284552964469467
372,783,834,V21,7.689481736045675
372,783,834,V24,7.689481736045675
372,783,834,V28,7.689481736045675
372,783,834,V32,7.689481736045675
372,1398,1182,V39,5.640321895106829
372,1102,1182,V36,6.120304815079837
372,1102,1182,V83,6.120304815079837
372,1106,1182,V23,9.760018472127422
372,1106,1182,V30,9.760018472127422
372,535,708,V25,4.548441137468074
372,535,708,V52,4.548441137468074
372,535,708,V54,4.548441137468074
372,783,708,V35,10.697285568723771
372,783,708,V38,10.697285568723771
372,1106,1276,V41,4.836798739645476
372,1106,1276,V58,4.836798739645476
372,1370,1276,V22,7.918112864657469
372,1068,931,V81,8.304853837171269
372,1370,931,V34,14.0283994658549
372,1370,931,V48,14.0283994658549
372,783,885,V43,15.378166398318458
372,783,885,V44,15.378166398318458
372,783,965,V51,10.498093903671007
372,783,965,V53,10.498093903671007
372,1370,1013,V59,15.22257692845342
372,783,1013,V57,15.308499342485224
372,783,917,V60,5.8083597500151045
372,783,1091,V61,10.241109598832232
372,783,672,V63,17.445012141301472
376,1013,965,V53,4.881725510082577
376,885,965,V50,6.123119155303686
376,1102,965,V44,8.304116264398273
376,1102,965,V54,8.304116264398273
376,1229,1182,V31,3.960024365898536
376,1229,1182,V33,3.960024365898536
376,1229,1182,V35,3.960024365898536
376,659,834,V40,5.284552964469467
376,659,834,V52,5.284552964469467
376,659,834,V67,5.284552964469467
376,783,1296,V23,13.644692409583532
376,1229,882,V43,9.341474227178574
376,849,672,V24,6.511836392511076
380,965,834,V21,3.83986736177262
380,965,834,V103,3.83986736177262
380,882,834,V35,4.883195120135012
380,659,834,V40,5.284552964469467
380,659,834,V70,5.284552964469467
380,659,834,V75,5.284552964469467
380,659,834,V95,5.284552964469467
380,659,834,V98,5.284552964469467
380,659,834,V99,5.284552964469467
380,1229,1102,V31,3.8392690799482057
380,1229,1102,V38,3.8392690799482057
380,1229,1102,V47,3.8392690799482057
380,1068,1106,V56,4.880745078525951
380,1068,1106,V93,4.880745078525951
380,535,708,V23,4.548441137468074
380,535,708,V27,4.548441137468074
380,1229,1182,V59,3.960024365898536
384,708,834,V35,4.389831624444016
384,708,834,V47,4.389831624444016
384,708,834,V53,4.389831624444016
384,1229,1276,V42,3.959637309104105
384,1229,1276,V60,3.959637309104105
384,882,885,V25,2.852794790784161
384,882,885,V32,2.852794790784161
388,1102,1106,V56,3.80171314717607
396,882,965,V44,3.616965677313317
396,882,965,V57,3.616965677313317
396,882,965,V59,3.616965677313317
396,1091,965,V83,4.388654712140797
396,1091,965,V86,4.388654712140797
396,1091,965,V92,4.388654712140797
396,1091,965,V106,4.388654712140797
396,1091,965,V108,4.388654712140797
396,917,834,V81,3.617203703030827
396,1091,834,V114,6.739095652327052
396,783,834,V22,7.689481736045675
396,783,834,V26,7.689481736045675
396,1106,1276,V47,4.836798739645476
396,1102,1276,V79,4.836798739646007
396,535,708,V82,4.548441137468074
396,535,708,V84,4.548441137468074
396,1102,1229,V107,3.8392690799482057
396,1398,1229,V66,5.282433425576492
396,1013,1182,V50,5.283249325636405
400,783,834,V21,7.689481736045675
400,783,834,V22,7.689481736045675
400,783,834,V23,7.689481736045675
400,783,834,V24,7.689481736045675
400,783,834,V25,7.689481736045675
400,783,834,V26,7.689481736045675
400,783,834,V27,7.689481736045675
400,783,834,V28,7.689481736045675
400,1398,1229,V69,5.282433425576492
400,1398,1229,V80,5.282433425576492
400,1398,1229,V85,5.282433425576492
400,1398,1229,V93,5.282433425576492
400,849,1229,V41,12.017793437809017
400,849,1229,V54,12.017793437809017
400,849,1229,V62,12.017793437809017
400,672,1229,V67,14.57987655243148
400,672,931,V90,6.73915242731767
400,672,931,V91,6.73915242731767
400,672,931,V103,6.73915242731767
400,672,931,V112,6.73915242731767
400,783,931,V29,18.3740064075405
400,783,931,V30,18.3740064075405
400,783,931,V32,18.3740064075405
400,783,931,V33,18.3740064075405
400,783,1182,V34,15.175538880502293
400,783,1182,V35,15.175538880502293
400,783,1182,V36,15.175538880502293
400,783,1182,V37,15.175538880502293
400,783,1182,V38,15.175538880502293
400,783,885,V39,15.378166398318458
400,783,885,V40,15.378166398318458
400,783,885,V42,15.378166398318458
400,783,885,V43,15.378166398318458
400,783,885,V44,15.378166398318458
400,783,1091,V45,10.241109598832232
400,783,1091,V46,10.241109598832232
400,783,1091,V47,10.241109598832232
400,783,1091,V48,10.241109598832232
400,783,1091,V49,10.241109598832232
400,783,965,V50,10.498093903671007
400,783,965,V51,10.498093903671007
400,783,965,V52,10.498093903671007
400,783,965,V53,10.498093903671007
400,783,508,V57,25.93420023872912
400,783,508,V58,25.93420023872912
400,783,508,V59,25.93420023872912
400,783,659,V60,5.809594285895007
400,783,659,V61,5.809594285895007
400,783,659,V64,5.809594285895007
400,783,1013,V65,15.308499342485224
400,783,1013,V66,15.308499342485224
400,783,1013,V68,15.308499342485224
400,566,535,V73,11.474227573045091
400,566,535,V96,11.474227573045091
400,566,535,V97,11.474227573045091
400,783,1068,V70,26.525178301273773
400,783,1068,V71,26.525178301273773
400,783,882,V72,12.561839638690564
400,783,882,V74,12.561839638690564
400,783,1102,V75,18.800951364959644
400,783,1102,V76,18.800951364959644
400,783,1276,V78,22.606377139254327
400,783,708,V79,10.697285568723771
400,783,1106,V81,22.318447076891776
404,1182,965,V36,5.875748248781206
404,1182,965,V37,5.875748248781206
404,1182,965,V84,5.875748248781206
404,885,965,V39,6.123119155303686
404,885,965,V76,6.123119155303686
404,708,965,V22,6.739138237495128
404,708,965,V32,6.739138237495128
404,708,965,V69,6.739138237495128
404,708,965,V86,6.739138237495128
404,783,931,V21,18.3740064075405
404,783,931,V23,18.3740064075405
404,783,931,V24,18.3740064075405
404,783,931,V25,18.3740064075405
404,783,931,V26,18.3740064075405
404,783,931,V27,18.3740064075405
404,783,834,V28,7.689481736045675
404,783,834,V31,7.689481736045675
404,783,834,V33,7.689481736045675
404,783,834,V34,7.689481736045675
404,783,834,V35,7.689481736045675
404,783,834,V38,7.689481736045675
404,566,535,V126,11.474227573045091
404,566,535,V152,11.474227573045091
404,566,535,V155,11.474227573045091
404,566,535,V354,11.474227573045091
404,566,535,V355,11.474227573045091
404,783,672,V41,17.445012141301472
404,783,672,V42,17.445012141301472
404,783,672,V43,17.445012141301472
404,783,1276,V45,22.606377139254327
404,783,1276,V46,22.606377139254327
404,783,1276,V48,22.606377139254327
404,783,508,V49,25.93420023872912
404,783,508,V50,25.93420023872912
404,783,1068,V51,26.525178301273773
404,783,1068,V52,26.525178301273773
404,783,849,V53,21.903135562742808
404,783,849,V54,21.903135562742808
404,783,1013,V55,15.308499342485224
404,783,1013,V56,15.308499342485224
404,783,882,V57,12.561839638690564
404,783,882,V58,12.561839638690564
404,783,1229,V59,18.841160835534616
404,783,1229,V60,18.841160835534616
404,783,1102,V62,18.800951364959644
404,783,1106,V63,22.318447076891776
408,783,834,V22,7.689481736045675
408,783,834,V23,7.689481736045675
408,783,834,V24,7.689481736045675
408,783,834,V26,7.689481736045675
408,783,834,V27,7.689481736045675
408,783,834,V28,7.689481736045675
408,783,834,V29,7.689481736045675
408,783,834,V31,7.689481736045675
408,783,834,V33,7.689481736045675
408,783,834,V35,7.689481736045675
408,783,834,V37,7.689481736045675
408,783,834,V38,7.689481736045675
408,1013,885,V54,3.46869779664105
408,1102,885,V57,5.875878565174106
408,855,885,V21,12.412669367198909
408,855,885,V30,12.412669367198909
408,855,885,V50,12.412669367198909
408,855,885,V65,12.412669367198909
408,783,659,V39,5.809594285895007
408,783,659,V40,5.809594285895007
408,783,659,V41,5.809594285895007
408,783,659,V42,5.809594285895007
408,783,659,V43,5.809594285895007
408,1370,931,V70,14.0283994658549
408,783,931,V44,18.3740064075405
408,783,931,V45,18.3740064075405
408,783,1091,V46,10.241109598832232
408,783,1091,V47,10.241109598832232
408,783,1398,V48,19.874616662347663
408,783,1398,V49,19.874616662347663
408,783,1229,V51,18.841160835534616
408,783,1229,V52,18.841160835534616
408,783,1106,V56,22.318447076891776
408,783,672,V58,17.445012141301472
408,783,882,V59,12.561839638690564
408,783,708,V60,10.697285568723771
408,783,1068,V62,26.525178301273773
412,965,834,V48,3.83986736177262
412,965,834,V51,3.83986736177262
412,965,834,V55,3.83986736177262
412,965,834,V57,3.83986736177262
412,708,834,V32,4.389831624444016
412,882,834,V26,4.883195120135012
412,882,834,V27,4.883195120135012
412,783,834,V24,7.689481736045675
412,1182,1435,V46,8.189653224238826
412,1182,1435,V49,8.189653224238826
412,1182,1435,V75,8.189653224238826
412,931,1435,V50,17.55186674578995
412,783,1435,V28,17.957022310236383
412,783,1435,V29,17.957022310236383
412,783,1435,V31,17.957022310236383
412,783,1435,V33,17.957022310236383
412,783,659,V34,5.809594285895007
412,783,659,V35,5.809594285895007
412,783,659,V37,5.809594285895007
412,783,659,V38,5.809594285895007
412,849,1276,V85,11.479314497557898
412,855,1276,V56,14.029505033457104
412,535,1276,V22,21.16000916395143
412,535,1276,V72,21.16000916395143
412,783,1106,V39,22.318447076891776
412,783,1106,V40,22.318447076891776
412,783,885,V41,15.378166398318458
412,783,885,V42,15.378166398318458
412,783,1398,V45,19.874616662347663
412,783,1229,V53,18.841160835534616
412,783,1013,V54,15.308499342485224
416,885,882,V21,2.852794790784161
416,885,882,V36,2.852794790784161
416,672,882,V34,7.316385892068044
416,672,882,V71,7.316385892068044
416,672,882,V90,7.316385892068044
416,917,882,V68,7.68788945836583
416,1091,882,V28,7.965381677815221
416,1091,882,V30,7.965381677815221
416,566,535,V102,11.474227573045091
416,566,535,V104,11.474227573045091
416,566,535,V356,11.474227573045091
416,566,535,V357,11.474227573045091
416,566,535,V358,11.474227573045091
416,783,708,V22,10.697285568723771
416,783,708,V23,10.697285568723771
416,783,708,V24,10.697285568723771
416,1091,1068,V31,19.042063967077485
416,1091,1068,V46,19.042063967077485
416,1091,1068,V49,19.042063967077485
416,783,1229,V26,18.841160835534616
416,783,1229,V27,18.841160835534616
416,783,1229,V29,18.841160835534616
416,783,1102,V32,18.800951364959644
416,783,1102,V35,18.800951364959644
416,783,931,V37,18.3740064075405
416,783,931,V38,18.3740064075405
416,783,834,V42,7.689481736045675
416,783,834,V43,7.689481736045675
416,783,1398,V47,19.874616662347663
416,783,1182,V48,15.175538880502293
420,965,834,V68,3.83986736177262
420,965,834,V78,3.83986736177262
420,708,834,V114,4.389831624444016
420,882,834,V23,4.883195120135012
420,882,834,V28,4.883195120135012
420,882,834,V30,4.883195120135012
420,659,834,V22,5.284552964469467
420,659,834,V34,5.284552964469467
420,659,834,V43,5.284552964469467
420,659,834,V69,5.284552964469467
420,659,834,V74,5.284552964469467
420,1091,834,V42,6.739095652327052
420,1091,834,V56,6.739095652327052
420,1091,834,V67,6.739095652327052
420,783,834,V25,7.689481736045675
420,783,834,V33,7.689481736045675
420,1102,1182,V27,6.120304815079837
420,1102,1182,V29,6.120304815079837
420,1102,1182,V48,6.120304815079837
420,1276,1182,V32,7.919661523440269
420,1276,1182,V35,7.919661523440269
420,1106,1013,V26,7.015517581545067
420,1106,1013,V36,7.015517581545067
420,1276,1013,V49,8.190822817543284
420,1276,1013,V51,8.190822817543284
420,1276,1013,V64,8.190822817543284
420,672,885,V41,5.876204136119103
420,849,885,V24,6.749102957431653
420,849,1068,V37,6.736061142863373
424,917,834,V55,3.617203703030827
424,708,834,V57,4.389831624444016
424,708,834,V70,4.389831624444016
424,882,834,V23,4.883195120135012
424,882,834,V26,4.883195120135012
424,882,834,V28,4.883195120135012
424,882,834,V34,4.883195120135012
424,882,834,V41,4.883195120135012
424,882,834,V42,4.883195120135012
424,882,834,V61,4.883195120135012
424,882,834,V63,4.883195120135012
424,882,834,V64,4.883195120135012
424,882,834,V107,4.883195120135012
424,1091,834,V29,6.739095652327052
424,1091,834,V83,6.739095652327052
424,885,834,V21,7.688685710981335
424,885,834,V27,7.688685710981335
424,885,834,V108,7.688685710981335
424,1102,931,V51,4.548251915941359
424,1102,931,V71,4.548251915941359
424,1102,931,V76,4.548251915941359
424,1102,931,V98,4.548251915941359
424,1106,931,V24,5.283575443416337
424,1229,931,V35,8.28950012214804
424,783,659,V25,5.809594285895007
424,783,659,V30,5.809594285895007
424,783,659,V32,5.809594285895007
424,1068,849,V38,6.736061142863373
428,917,834,V60,3.617203703030827
428,708,834,V73,4.389831624444016
428,708,834,V76,4.389831624444016
428,708,834,V83,4.389831624444016
428,708,834,V115,4.389831624444016
428,659,834,V64,5.284552964469467
428,659,834,V102,5.284552964469467
428,659,834,V108,5.284552964469467
428,1091,834,V24,6.739095652327052
428,1091,834,V72,6.739095652327052
428,885,834,V54,7.688685710981335
428,885,882,V65,2.852794790784161
428,885,882,V77,2.852794790784161
428,885,882,V101,2.852794790784161
428,849,931,V36,4.4061387562478425
428,1102,931,V33,4.548251915941359
428,1102,1013,V55,3.616251246210677
428,1068,1370,V46,7.841426035905807
428,1229,1182,V75,3.960024365898536
428,1068,855,V51,5.87594370452583
428,783,965,V30,10.498093903671007
432,917,834,V78,3.617203703030827
432,965,834,V24,3.83986736177262
432,965,834,V30,3.83986736177262
432,965,834,V35,3.83986736177262
432,965,834,V54,3.83986736177262
432,1013,1102,V73,3.616251246210677
436,917,834,V103,3.617203703030827
436,965,834,V43,3.83986736177262
436,965,882,V55,3.616965677313317
436,965,882,V102,3.616965677313317
440,965,882,V102,3.616965677313317
440,965,882,V133,3.616965677313317
440,965,882,V137,3.616965677313317
440,965,882,V143,3.616965677313317
440,1013,882,V54,3.839767699909249
444,931,882,V24,5.812636165404913
444,931,882,V133,5.812636165404913
444,931,882,V134,5.812636165404913
444,783,659,V22,5.809594285895007
444,783,659,V25,5.809594285895007
444,1091,965,V101,4.388654712140797
444,1091,965,V117,4.388654712140797
444,1229,1398,V95,5.282433425576492
444,1229,1182,V103,3.960024365898536
444,783,834,V27,7.689481736045675
444,1106,1102,V50,3.80171314717607
444,1106,1068,V66,4.880745078525951
448,783,965,V22,10.498093903671007
448,783,965,V25,10.498093903671007
448,783,965,V27,10.498093903671007
448,783,965,V31,10.498093903671007
448,783,965,V32,10.498093903671007
448,783,965,V33,10.498093903671007
448,783,965,V35,10.498093903671007
448,783,965,V36,10.498093903671007
448,783,965,V38,10.498093903671007
448,1106,1276,V45,4.836798739645476
448,1106,1276,V88,4.836798739645476
448,1106,1276,V108,4.836798739645476
448,849,1276,V37,11.479314497557898
448,849,1276,V60,11.479314497557898
448,849,1276,V124,11.479314497557898
448,1435,1276,V26,13.12435356350428
448,1435,1276,V28,13.12435356350428
448,1435,1276,V29,13.12435356350428
448,783,834,V39,7.689481736045675
448,783,834,V40,7.689481736045675
448,783,834,V43,7.689481736045675
448,783,834,V44,7.689481736045675
448,783,834,V47,7.689481736045675
448,783,834,V48,7.689481736045675
448,783,834,V49,7.689481736045675
448,783,834,V50,7.689481736045675
448,672,931,V52,6.73915242731767
448,672,931,V55,6.73915242731767
448,672,931,V100,6.73915242731767
448,855,931,V46,9.765900232263595
448,855,931,V53,9.765900232263595
448,855,931,V120,9.765900232263595
448,508,931,V62,12.961089805583503
448,1435,1182,V34,8.189653224238826
448,1435,1182,V41,8.189653224238826
448,1435,1182,V42,8.189653224238826
448,1435,1182,V61,8.189653224238826
448,783,659,V51,5.809594285895007
448,783,659,V54,5.809594285895007
448,783,659,V56,5.809594285895007
448,1435,1102,V63,13.72369573679552
448,535,1102,V24,16.335498592300418
448,508,1068,V68,14.486601263726737
448,508,1068,V111,14.486601263726737
448,783,1398,V58,19.874616662347663
448,783,1091,V59,10.241109598832232
448,535,708,V119,4.548441137468074
448,535,882,V122,9.342211452816104
448,783,917,V64,5.8083597500151045
452,1106,931,V52,5.283575443416337
452,1182,931,V23,9.422487826577225
452,1182,931,V26,9.422487826577225
452,1182,931,V67,9.422487826577225
452,1182,931,V108,9.422487826577225
452,1182,931,V124,9.422487826577225
452,535,885,V62,10.569431103772471
452,535,885,V128,10.569431103772471
452,535,885,V129,10.569431103772471
452,783,885,V21,15.378166398318458
452,783,885,V22,15.378166398318458
452,783,885,V24,15.378166398318458
452,783,882,V25,12.561839638690564
452,783,882,V27,12.561839638690564
452,783,882,V28,12.561839638690564
452,783,882,V29,12.561839638690564
452,783,882,V30,12.561839638690564
452,783,965,V31,10.498093903671007
452,783,965,V32,10.498093903671007
452,783,965,V33,10.498093903671007
452,783,965,V34,10.498093903671007
452,783,965,V36,10.498093903671007
452,783,834,V38,7.689481736045675
452,783,834,V39,7.689481736045675
452,783,834,V40,7.689481736045675
452,783,834,V41,7.689481736045675
452,783,834,V42,7.689481736045675
452,783,1276,V43,22.606377139254327
452,783,1276,V44,22.606377139254327
452,783,1276,V45,22.606377139254327
452,783,1276,V46,22.606377139254327
452,359,849,V82,20.280567075307232
452,359,849,V85,20.280567075307232
452,359,849,V86,20.280567075307232
452,359,849,V90,20.280567075307232
452,783,1013,V47,15.308499342485224
452,783,1013,V48,15.308499342485224
452,783,1013,V49,15.308499342485224
452,783,1013,V50,15.308499342485224
452,783,659,V51,5.809594285895007
452,783,659,V54,5.809594285895007
452,783,659,V55,5.809594285895007
452,783,1229,V57,18.841160835534616
452,783,1229,V58,18.841160835534616
452,783,1229,V59,18.841160835534616
452,359,708,V104,10.088438580081291
452,359,708,V105,10.088438580081291
452,359,708,V109,10.088438580081291
452,783,1091,V60,10.241109598832232
452,783,1091,V63,10.241109598832232
452,783,1068,V64,26.525178301273773
452,783,672,V65,17.445012141301472
456,885,1013,V62,3.46869779664105
456,1102,1013,V57,3.616251246210677
456,1102,1013,V61,3.616251246210677
456,882,1013,V22,3.839767699909249
456,882,1013,V37,3.839767699909249
456,882,1013,V50,3.839767699909249
456,882,1013,V55,3.839767699909249
456,882,1013,V56,3.839767699909249
456,882,1013,V80,3.839767699909249
456,834,708,V28,4.389831624444016
456,882,708,V81,4.837510953567602
456,882,708,V83,4.837510953567602
456,882,708,V84,4.837510953567602
456,882,708,V87,4.837510953567602
456,882,708,V89,4.837510953567602
456,882,708,V91,4.837510953567602
456,849,931,V85,4.4061387562478425
456,882,931,V92,5.812636165404913
456,882,931,V93,5.812636165404913
456,882,931,V95,5.812636165404913
456,882,931,V96,5.812636165404913
456,882,931,V98,5.812636165404913
456,882,931,V99,5.812636165404913
456,882,965,V100,3.616965677313317
456,882,965,V101,3.616965677313317
456,882,965,V102,3.616965677313317
456,882,965,V103,3.616965677313317
456,882,965,V106,3.616965677313317
456,882,965,V110,3.616965677313317
456,783,659,V24,5.809594285895007
456,783,659,V25,5.809594285895007
456,783,659,V27,5.809594285895007
456,783,659,V32,5.809594285895007
456,1182,1091,V23,5.24631154396119
456,1182,1091,V30,5.24631154396119
456,1182,1091,V58,5.24631154396119
456,1229,1398,V44,5.282433425576492
456,1229,1398,V46,5.282433425576492
456,359,535,V29,5.855067293961566
456,882,535,V113,9.342211452816104
456,882,672,V114,7.316385892068044
456,882,672,V115,7.316385892068044
456,1068,1106,V26,4.880745078525951
460,882,834,V34,4.883195120135012
460,882,834,V54,4.883195120135012
460,882,834,V55,4.883195120135012
460,882,834,V56,4.883195120135012
460,882,834,V81,4.883195120135012
460,882,834,V83,4.883195120135012
460,882,834,V84,4.883195120135012
460,783,917,V25,5.8083597500151045
460,783,917,V27,5.8083597500151045
460,783,917,V28,5.8083597500151045
460,783,917,V29,5.8083597500151045
460,783,917,V30,5.8083597500151045
460,885,672,V21,5.876204136119103
460,885,672,V22,5.876204136119103
460,885,672,V51,5.876204136119103
460,885,672,V73,5.876204136119103
460,1182,1276,V46,7.919661523440269
460,882,1276,V110,12.01740314095659
460,882,1276,V114,12.01740314095659
460,882,855,V118,15.256284869872443
460,359,855,V24,25.072383606119217
460,359,855,V53,25.072383606119217
460,783,965,V32,10.498093903671007
460,783,965,V35,10.498093903671007
460,783,965,V38,10.498093903671007
460,359,849,V66,20.280567075307232
460,783,849,V41,21.903135562742808
460,783,931,V45,18.3740064075405
460,783,931,V47,18.3740064075405
460,783,659,V48,5.809594285895007
460,783,659,V58,5.809594285895007
460,783,1091,V59,10.241109598832232
460,783,1091,V60,10.241109598832232
460,783,1013,V61,15.308499342485224
460,783,1398,V62,19.874616662347663
464,917,834,V74,3.617203703030827
464,917,834,V77,3.617203703030827
464,917,834,V104,3.617203703030827
464,917,834,V109,3.617203703030827
464,917,834,V130,3.617203703030827
464,917,834,V131,3.617203703030827
464,917,834,V132,3.617203703030827
464,1106,849,V35,6.739095652327052
464,1106,849,V61,6.739095652327052
464,885,849,V47,6.749102957431653
464,882,849,V22,9.574606006915822
464,1398,1370,V62,14.289920547900731
464,1182,1370,V30,15.837773174985912
464,1182,1370,V46,15.837773174985912
464,1182,1370,V60,15.837773174985912
464,1182,1229,V107,3.960024365898536
464,1182,1229,V137,3.960024365898536
464,965,1229,V59,8.77672016628073
464,965,1229,V64,8.77672016628073
464,882,1068,V43,14.033707701296978
464,965,1068,V71,16.31300252904951
464,965,1068,V86,16.31300252904951
464,965,855,V89,18.37212697718332
464,965,855,V98,18.37212697718332
464,965,1091,V106,4.388654712140797
464,965,1091,V110,4.388654712140797
464,965,1276,V115,12.284417645367478
464,917,1102,V133,13.13421609310346
464,917,672,V134,14.049836601297908
468,885,882,V26,2.852794790784161
468,885,882,V43,2.852794790784161
468,885,882,V76,2.852794790784161
468,1276,1370,V59,7.918112864657469
468,1276,1370,V64,7.918112864657469
468,1398,1182,V23,5.640321895106829
468,965,1182,V35,5.875748248781206
468,931,849,V60,4.4061387562478425
468,931,849,V61,4.4061387562478425
468,965,834,V51,3.83986736177262
468,965,1013,V90,4.881725510082577
468,1106,1229,V135,6.605818539698737
472,672,885,V105,5.876204136119103
472,1106,885,V47,7.965381677815221
472,1106,885,V49,7.965381677815221
472,1091,885,V35,10.203820878312005
472,535,885,V25,10.569431103772471
472,659,834,V21,5.284552964469467
472,659,834,V27,5.284552964469467
472,659,834,V102,5.284552964469467
472,659,834,V115,5.284552964469467
472,783,834,V23,7.689481736045675
472,535,708,V32,4.548441137468074
472,535,708,V54,4.548441137468074
472,535,708,V74,4.548441137468074
472,535,708,V80,4.548441137468074
472,855,849,V24,5.706192977162224
472,855,849,V86,5.706192977162224
472,783,965,V28,10.498093903671007
472,783,965,V29,10.498093903671007
472,783,1182,V30,15.175538880502293
472,855,1229,V109,15.901554341364076
476,882,834,V21,4.883195120135012
476,882,834,V22,4.883195120135012
476,882,834,V26,4.883195120135012
476,882,834,V29,4.883195120135012
476,882,834,V33,4.883195120135012
476,882,834,V50,4.883195120135012
476,882,834,V53,4.883195120135012
476,882,834,V60,4.883195120135012
476,882,834,V69,4.883195120135012
476,882,834,V73,4.883195120135012
476,1091,834,V39,6.739095652327052
476,783,834,V27,7.689481736045675
476,783,834,V35,7.689481736045675
476,783,834,V46,7.689481736045675
476,783,834,V47,7.689481736045675
476,535,708,V34,4.548441137468074
476,535,708,V44,4.548441137468074
476,535,708,V57,4.548441137468074
476,535,708,V65,4.548441137468074
476,1102,931,V104,4.548251915941359
476,1106,931,V28,5.283575443416337
476,1106,931,V41,5.283575443416337
476,1106,931,V43,5.283575443416337
476,1182,965,V30,5.875748248781206
476,1182,965,V49,5.875748248781206
476,1229,1276,V36,3.959637309104105
476,672,885,V75,5.876204136119103
476,855,849,V32,5.706192977162224
480,882,965,V28,3.616965677313317
480,882,965,V30,3.616965677313317
480,882,965,V35,3.616965677313317
480,882,965,V36,3.616965677313317
480,885,931,V29,3.0617002345235647
480,1229,1182,V22,3.960024365898536
484,885,882,V28,2.852794790784161
484,885,882,V33,2.852794790784161
484,885,882,V43,2.852794790784161
484,885,882,V53,2.852794790784161
484,885,882,V66,2.852794790784161
484,1013,882,V35,3.839767699909249
484,708,882,V31,4.837510953567602
484,708,882,V40,4.837510953567602
484,849,931,V44,4.4061387562478425
484,849,931,V56,4.4061387562478425
484,1102,931,V39,4.548251915941359
484,1102,931,V59,4.548251915941359
484,834,965,V27,3.83986736177262
488,885,882,V36,2.852794790784161
488,885,882,V39,2.852794790784161
488,885,882,V43,2.852794790784161
488,885,882,V59,2.852794790784161
488,885,931,V66,3.0617002345235647
488,849,931,V63,4.4061387562478425
492,834,882,V118,4.883195120135012
492,1102,882,V80,7.314751476768936
492,1102,882,V101,7.314751476768936
492,672,882,V44,7.316385892068044
492,672,882,V46,7.316385892068044
492,672,882,V67,7.316385892068044
492,672,882,V75,7.316385892068044
492,1091,965,V47,4.388654712140797
492,1091,965,V57,4.388654712140797
492,1091,965,V59,4.388654712140797
492,1229,1182,V30,3.960024365898536
492,1091,1182,V69,5.24631154396119
492,1106,931,V22,5.283575443416337
492,535,708,V28,4.548441137468074
496,783,834,V22,7.689481736045675
496,783,834,V28,7.689481736045675
496,783,834,V30,7.689481736045675
496,783,834,V31,7.689481736045675
496,783,834,V34,7.689481736045675
496,783,834,V36,7.689481736045675
496,783,834,V39,7.689481736045675
496,783,834,V43,7.689481736045675
496,783,834,V44,7.689481736045675
496,783,834,V46,7.689481736045675
496,783,834,V47,7.689481736045675
496,783,834,V52,7.689481736045675
496,783,834,V57,7.689481736045675
496,1102,965,V72,8.304116264398273
496,783,965,V59,10.498093903671007
496,783,965,V60,10.498093903671007
496,783,965,V69,10.498093903671007
496,783,965,V71,10.498093903671007
496,783,965,V76,10.498093903671007
496,783,965,V80,10.498093903671007
496,783,965,V93,10.498093903671007
496,783,965,V94,10.498093903671007
496,783,965,V96,10.498093903671007
496,783,965,V99,10.498093903671007
496,783,965,V100,10.498093903671007
496,672,931,V41,6.73915242731767
496,672,931,V119,6.73915242731767
496,1276,931,V23,8.946223146223524
496,1276,931,V26,8.946223146223524
496,1276,931,V27,8.946223146223524
496,1276,931,V33,8.946223146223524
496,359,708,V37,10.088438580081291
496,359,708,V45,10.088438580081291
496,359,708,V55,10.088438580081291
496,359,708,V62,10.088438580081291
496,1276,882,V40,12.01740314095659
496,1276,882,V56,12.01740314095659
496,1276,882,V63,12.01740314095659
496,1276,1013,V70,8.190822817543284
496,1276,1013,V73,8.190822817543284
496,1276,1013,V74,8.190822817543284
496,1276,1182,V79,7.919661523440269
496,1276,1182,V82,7.919661523440269
496,1276,1229,V83,3.959637309104105
496,1276,1106,V90,4.836798739645476
500,882,965,V29,3.616965677313317
500,882,965,V75,3.616965677313317
500,882,965,V90,3.616965677313317
500,1013,965,V56,4.881725510082577
500,1013,965,V60,4.881725510082577
500,917,965,V32,4.882215518422521
500,1435,1398,V38,5.805514364498899
500,1435,1398,V42,5.805514364498899
500,1435,1398,V49,5.805514364498899
500,1435,1398,V50,5.805514364498899
500,1435,1398,V53,5.805514364498899
500,855,885,V86,12.412669367198909
500,855,885,V89,12.412669367198909
500,855,885,V114,12.412669367198909
500,508,885,V51,13.808114395759947
500,508,885,V61,13.808114395759947
500,1435,1276,V54,13.12435356350428
500,1435,1276,V58,13.12435356350428
500,1435,1276,V64,13.12435356350428
500,783,1182,V22,15.175538880502293
500,783,1182,V23,15.175538880502293
500,783,1182,V24,15.175538880502293
500,783,1229,V26,18.841160835534616
500,783,1229,V27,18.841160835534616
500,783,1229,V28,18.841160835534616
500,783,1091,V31,10.241109598832232
500,783,1091,V33,10.241109598832232
500,783,1091,V34,10.241109598832232
500,508,849,V78,9.342303526294996
500,508,849,V127,9.342303526294996
500,508,849,V134,9.342303526294996
500,359,708,V81,10.088438580081291
500,359,708,V97,10.088438580081291
500,359,672,V98,13.82150748825628
500,359,672,V137,13.82150748825628
500,783,931,V35,18.3740064075405
500,783,931,V36,18.3740064075405
500,783,1102,V37,18.800951364959644
500,783,1102,V40,18.800951364959644
500,783,1068,V41,26.525178301273773
504,882,965,V22,3.616965677313317
504,882,965,V60,3.616965677313317
504,708,965,V38,6.739138237495128
504,708,965,V45,6.739138237495128
504,931,965,V21,8.628970001760946
504,931,965,V25,8.628970001760946
504,931,965,V51,8.628970001760946
504,931,965,V61,8.628970001760946
504,849,672,V62,6.511836392511076
504,849,672,V67,6.511836392511076
504,849,672,V84,6.511836392511076
504,359,672,V80,13.82150748825628
504,783,834,V23,7.689481736045675
504,783,834,V24,7.689481736045675
504,783,834,V26,7.689481736045675
504,783,834,V27,7.689481736045675
504,783,1229,V28,18.841160835534616
504,783,1229,V29,18.841160835534616
504,566,535,V55,11.474227573045091
504,566,535,V92,11.474227573045091
504,783,1068,V30,26.525178301273773
504,783,885,V31,15.378166398318458
504,783,917,V32,5.8083597500151045
504,783,1182,V33,15.175538880502293
508,1102,1370,V29,11.609712853230407
508,1102,1370,V36,11.609712853230407
508,1102,1370,V40,11.609712853230407
508,931,1370,V69,14.0283994658549
508,931,1370,V76,14.0283994658549
508,931,1370,V80,14.0283994658549
508,931,1370,V81,14.0283994658549
508,931,1370,V84,14.0283994658549
508,1398,1370,V37,14.289920547900731
508,1398,1370,V48,14.289920547900731
508,1182,1370,V33,15.837773174985912
508,672,1370,V30,20.171661634090945
508,783,1370,V21,30.28578929187396
508,783,1370,V22,30.28578929187396
508,783,1370,V23,30.28578929187396
508,783,1370,V24,30.28578929187396
508,783,1370,V25,30.28578929187396
508,783,1370,V26,30.28578929187396
508,783,1370,V32,30.28578929187396
508,783,1370,V35,30.28578929187396
508,783,1370,V38,30.28578929187396
508,783,1370,V41,30.28578929187396
508,783,1370,V43,30.28578929187396
508,783,1370,V44,30.28578929187396
508,783,1370,V45,30.28578929187396
508,783,1370,V49,30.28578929187396
508,783,1370,V51,30.28578929187396
508,783,1370,V53,30.28578929187396
508,783,1370,V54,30.28578929187396
508,783,1370,V55,30.28578929187396
508,783,1370,V57,30.28578929187396
508,783,1091,V60,10.241109598832232
508,783,1091,V61,10.241109598832232
508,783,1091,V62,10.241109598832232
508,783,1091,V64,10.241109598832232
508,783,1091,V68,10.241109598832232
508,783,1091,V73,10.241109598832232
508,783,1091,V75,10.241109598832232
508,783,1091,V77,10.241109598832232
508,783,885,V78,15.378166398318458
508,783,885,V86,15.378166398318458
508,783,885,V87,15.378166398318458
508,783,885,V88,15.378166398318458
508,783,885,V89,15.378166398318458
508,783,885,V90,15.378166398318458
508,783,885,V91,15.378166398318458
508,783,965,V92,10.498093903671007
508,783,965,V93,10.498093903671007
508,783,965,V94,10.498093903671007
508,783,965,V95,10.498093903671007
508,783,965,V96,10.498093903671007
508,359,535,V82,5.855067293961566
508,359,535,V83,5.855067293961566
508,566,535,V117,11.474227573045091
508,566,535,V121,11.474227573045091
508,566,535,V138,11.474227573045091
508,783,1276,V97,22.606377139254327
508,783,1276,V99,22.606377139254327
508,783,1276,V100,22.606377139254327
508,783,1276,V103,22.606377139254327
508,783,849,V104,21.903135562742808
508,783,849,V105,21.903135562742808
508,783,849,V106,21.903135562742808
508,783,849,V107,21.903135562742808
508,783,1106,V108,22.318447076891776
508,783,1106,V109,22.318447076891776
508,783,1106,V110,22.318447076891776
508,783,1106,V111,22.318447076891776
508,783,708,V112,10.697285568723771
508,783,708,V113,10.697285568723771
508,783,708,V114,10.697285568723771
508,783,708,V115,10.697285568723771
508,783,834,V118,7.689481736045675
508,783,834,V119,7.689481736045675
508,783,834,V120,7.689481736045675
508,783,1229,V122,18.841160835534616
508,783,1229,V123,18.841160835534616
508,783,917,V124,5.8083597500151045
508,783,917,V125,5.8083597500151045
508,783,882,V126,12.561839638690564
508,783,882,V127,12.561839638690564
508,783,1013,V129,15.308499342485224
508,783,1013,V130,15.308499342485224
508,783,1068,V131,26.525178301273773
508,783,508,V132,25.93420023872912
512,931,849,V21,4.4061387562478425
512,931,849,V22,4.4061387562478425
512,931,849,V23,4.4061387562478425
512,708,535,V27,4.548441137468074
512,708,535,V58,4.548441137468074
512,708,535,V60,4.548441137468074
512,1102,1013,V25,3.616251246210677
512,1102,1013,V29,3.616251246210677
512,1102,1229,V32,3.8392690799482057
512,1102,1229,V33,3.8392690799482057
512,882,885,V34,2.852794790784161
512,1182,1398,V95,5.640321895106829
512,931,672,V24,6.73915242731767
512,1068,1370,V104,7.841426035905807
516,882,885,V25,2.852794790784161
516,882,885,V29,2.852794790784161
516,882,885,V39,2.852794790784161
516,882,885,V96,2.852794790784161
516,882,885,V102,2.852794790784161
516,882,885,V116,2.852794790784161
516,882,885,V119,2.852794790784161
516,882,885,V120,2.852794790784161
516,882,885,V123,2.852794790784161
516,931,885,V21,3.0617002345235647
516,931,885,V23,3.0617002345235647
516,931,885,V26,3.0617002345235647
516,931,885,V30,3.0617002345235647
516,931,885,V45,3.0617002345235647
516,931,885,V49,3.0617002345235647
516,1102,885,V33,5.875878565174106
516,1102,885,V35,5.875878565174106
516,1102,885,V36,5.875878565174106
516,1102,885,V38,5.875878565174106
516,1102,885,V40,5.875878565174106
516,1102,885,V41,5.875878565174106
516,1102,885,V42,5.875878565174106
516,1102,885,V43,5.875878565174106
516,1102,885,V44,5.875878565174106
516,1102,885,V51,5.875878565174106
516,1102,885,V53,5.875878565174106
516,1102,885,V54,5.875878565174106
516,1102,885,V55,5.875878565174106
516,1102,885,V57,5.875878565174106
516,1102,885,V76,5.875878565174106
516,1102,885,V80,5.875878565174106
516,1102,885,V81,5.875878565174106
516,1102,885,V90,5.875878565174106
516,1102,885,V124,5.875878565174106
516,965,885,V37,6.123119155303686
516,965,885,V88,6.123119155303686
516,965,885,V125,6.123119155303686
516,965,885,V129,6.123119155303686
516,965,885,V137,6.123119155303686
516,965,885,V138,6.123119155303686
516,708,885,V47,6.511469320496247
516,708,885,V58,6.511469320496247
516,708,885,V60,6.511469320496247
516,708,885,V61,6.511469320496247
516,708,885,V62,6.511469320496247
516,1106,1013,V32,7.015517581545067
516,1106,1013,V48,7.015517581545067
516,1106,1013,V97,7.015517581545067
516,1106,1013,V108,7.015517581545067
516,834,1013,V34,8.005172893624191
516,917,1398,V103,14.401452675022565
516,917,1398,V133,14.401452675022565
516,834,1398,V75,15.216349824005198
516,834,1398,V87,15.216349824005198
516,855,1276,V59,14.029505033457104
516,855,1276,V70,14.029505033457104
516,708,672,V68,6.751878981086827
516,834,1091,V117,6.739095652327052
520,882,965,V32,3.616965677313317
520,882,965,V59,3.616965677313317
520,882,965,V89,3.616965677313317
520,882,965,V114,3.616965677313317
520,1102,1182,V66,6.120304815079837
520,1102,1182,V68,6.120304815079837
520,1102,1182,V79,6.120304815079837
520,1102,1229,V103,3.8392690799482057
520,1102,1229,V133,3.8392690799482057
520,1106,1229,V64,6.605818539698737
520,882,885,V119,2.852794790784161
520,882,885,V123,2.852794790784161
520,882,885,V126,2.852794790784161
520,834,659,V21,5.284552964469467
520,834,659,V49,5.284552964469467
520,1435,1398,V95,5.805514364498899
524,1229,1276,V69,3.959637309104105
524,1106,1276,V85,4.836798739645476
524,1106,1276,V93,4.836798739645476
524,1106,1276,V94,4.836798739645476
524,1106,1276,V109,4.836798739645476
524,1106,1276,V117,4.836798739645476
524,917,834,V48,3.617203703030827
524,917,834,V78,3.617203703030827
524,708,834,V25,4.389831624444016
524,708,834,V26,4.389831624444016
524,708,834,V30,4.389831624444016
524,708,834,V32,4.389831624444016
524,885,931,V34,3.0617002345235647
524,885,931,V63,3.0617002345235647
524,882,965,V75,3.616965677313317
524,882,965,V82,3.616965677313317
524,783,659,V21,5.809594285895007
524,1435,1398,V70,5.805514364498899
528,917,834,V28,3.617203703030827
528,708,834,V41,4.389831624444016
528,708,834,V42,4.389831624444016
528,708,834,V43,4.389831624444016
528,708,834,V44,4.389831624444016
528,708,834,V45,4.389831624444016
528,708,834,V47,4.389831624444016
528,882,965,V21,3.616965677313317
528,882,965,V25,3.616965677313317
528,882,965,V26,3.616965677313317
528,882,965,V30,3.616965677313317
532,1102,1106,V114,3.80171314717607
532,885,882,V29,2.852794790784161
536,885,882,V32,2.852794790784161
536,885,882,V46,2.852794790784161
536,885,882,V69,2.852794790784161
536,885,882,V103,2.852794790784161
536,965,882,V31,3.616965677313317
536,1013,882,V72,3.839767699909249
536,1013,882,V93,3.839767699909249
536,708,882,V53,4.837510953567602
536,708,882,V54,4.837510953567602
536,708,882,V55,4.837510953567602
536,708,882,V57,4.837510953567602
536,708,882,V58,4.837510953567602
540,885,882,V28,2.852794790784161
540,885,882,V29,2.852794790784161
540,885,882,V31,2.852794790784161
540,885,882,V32,2.852794790784161
540,1229,1276,V71,3.959637309104105
540,1229,1276,V95,3.959637309104105
540,1229,1276,V100,3.959637309104105
540,1229,1276,V135,3.959637309104105
540,783,659,V33,5.809594285895007
540,783,659,V35,5.809594285895007
540,1102,1106,V21,3.80171314717607
544,1182,1229,V57,3.960024365898536
544,1182,1229,V69,3.960024365898536
544,1398,1229,V34,5.282433425576492
544,1398,1229,V38,5.282433425576492
544,1398,1229,V41,5.282433425576492
544,1398,1229,V70,5.282433425576492
544,1398,1229,V105,5.282433425576492
544,1398,1229,V117,5.282433425576492
544,1013,1229,V103,5.640389822593795
544,1091,1229,V75,9.180034524729397
544,1091,1229,V78,9.180034524729397
544,1091,1229,V97,9.180034524729397
544,1091,1229,V112,9.180034524729397
544,849,1276,V23,11.479314497557898
544,849,1276,V45,11.479314497557898
544,849,1276,V47,11.479314497557898
544,849,1276,V48,11.479314497557898
544,783,659,V21,5.809594285895007
544,783,659,V26,5.809594285895007
544,783,659,V28,5.809594285895007
544,708,882,V90,4.837510953567602
544,708,882,V96,4.837510953567602
544,708,882,V102,4.837510953567602
544,849,931,V81,4.4061387562478425
544,849,931,V84,4.4061387562478425
544,849,931,V85,4.4061387562478425
544,708,834,V110,4.389831624444016
544,708,834,V116,4.389831624444016
544,708,834,V120,4.389831624444016
544,672,885,V122,5.876204136119103
544,672,885,V126,5.876204136119103
544,708,965,V124,6.739138237495128
544,708,965,V125,6.739138237495128
544,855,1068,V37,5.87594370452583
548,1435,1398,V108,5.805514364498899
548,1102,1398,V41,9.118728510486134
548,1102,1398,V45,9.118728510486134
548,1102,1398,V47,9.118728510486134
548,1102,1398,V48,9.118728510486134
548,1102,1398,V70,9.118728510486134
548,1102,1398,V75,9.118728510486134
548,1102,1398,V78,9.118728510486134
548,1102,1398,V81,9.118728510486134
548,1102,1398,V99,9.118728510486134
548,1102,1398,V103,9.118728510486134
548,1102,1398,V105,9.118728510486134
548,1102,1398,V117,9.118728510486134
548,1102,1398,V123,9.118728510486134
548,965,1398,V25,11.479089287938937
548,849,1398,V93,17.29967050146656
548,849,1398,V94,17.29967050146656
548,849,1398,V104,17.29967050146656
548,708,1398,V43,17.892467590192613
548,708,1398,V130,17.892467590192613
548,708,1398,V137,17.892467590192613
548,708,834,V138,4.389831624444016
548,708,834,V139,4.389831624444016
548,708,834,V145,4.389831624444016
548,783,834,V21,7.689481736045675
548,783,834,V23,7.689481736045675
548,783,834,V28,7.689481736045675
548,672,1013,V131,9.341935125969725
548,783,1013,V32,15.308499342485224
548,783,1013,V33,15.308499342485224
548,783,1013,V34,15.308499342485224
548,783,1013,V35,15.308499342485224
548,783,1013,V36,15.308499342485224
548,783,659,V38,5.809594285895007
548,783,659,V39,5.809594285895007
548,783,659,V40,5.809594285895007
548,783,659,V42,5.809594285895007
548,783,659,V44,5.809594285895007
548,508,1276,V27,20.81243366468926
548,508,1276,V83,20.81243366468926
548,783,1276,V46,22.606377139254327
548,783,1276,V49,22.606377139254327
548,783,1229,V50,18.841160835534616
548,783,1229,V51,18.841160835534616
548,783,1229,V52,18.841160835534616
548,783,1229,V53,18.841160835534616
548,783,931,V55,18.3740064075405
548,783,931,V56,18.3740064075405
548,783,1106,V57,22.318447076891776
548,783,1106,V59,22.318447076891776
548,783,882,V60,12.561839638690564
548,783,882,V61,12.561839638690564
552,882,965,V29,3.616965677313317
552,882,965,V55,3.616965677313317
552,882,965,V61,3.616965677313317
552,882,965,V69,3.616965677313317
552,882,965,V71,3.616965677313317
552,1091,965,V23,4.388654712140797
552,1091,965,V73,4.388654712140797
552,1091,965,V74,4.388654712140797
552,1102,1229,V49,3.8392690799482057
552,1102,1229,V51,3.8392690799482057
552,1102,1229,V52,3.8392690799482057
552,1102,1229,V57,3.8392690799482057
552,1102,1229,V78,3.8392690799482057
552,1102,1229,V81,3.8392690799482057
552,1102,1229,V99,3.8392690799482057
552,783,659,V27,5.809594285895007
552,783,659,V30,5.809594285895007
552,783,659,V32,5.809594285895007
552,783,659,V33,5.809594285895007
552,783,659,V34,5.809594285895007
552,783,659,V37,5.809594285895007
552,885,1013,V28,3.46869779664105
552,1102,1013,V103,3.616251246210677
552,1102,1013,V121,3.616251246210677
552,1068,1276,V25,8.66943360865319
552,1068,1276,V43,8.66943360865319
552,931,708,V50,9.423506251261468
552,359,708,V113,10.088438580081291
552,783,917,V38,5.8083597500151045
552,783,834,V44,7.689481736045675
552,1068,1106,V45,4.880745078525951
556,1013,1182,V23,5.283249325636405
556,1013,1182,V54,5.283249325636405
556,1013,1182,V58,5.283249325636405
556,1013,1182,V86,5.283249325636405
556,965,1182,V41,5.875748248781206
556,965,1182,V43,5.875748248781206
556,965,1182,V46,5.875748248781206
556,1106,1182,V45,9.760018472127422
556,849,1182,V21,13.728760504847472
556,849,1182,V36,13.728760504847472
556,783,659,V22,5.809594285895007
556,783,659,V24,5.809594285895007
556,783,659,V25,5.809594285895007
556,783,659,V26,5.809594285895007
556,783,659,V27,5.809594285895007
556,1068,1229,V47,11.360488351411393
556,1068,1229,V48,11.360488351411393
556,1068,1229,V50,11.360488351411393
556,849,885,V80,6.749102957431653
556,849,885,V91,6.749102957431653
556,849,885,V121,6.749102957431653
556,783,834,V29,7.689481736045675
556,783,834,V33,7.689481736045675
556,783,834,V34,7.689481736045675
556,783,1091,V35,10.241109598832232
556,783,1091,V37,10.241109598832232
556,1068,1276,V93,8.66943360865319
556,1068,1276,V94,8.66943360865319
556,1068,672,V104,13.168317290084476
556,1068,931,V117,8.304853837171269
556,1068,1102,V123,8.626274418583195
560,882,834,V36,4.883195120135012
560,882,834,V64,4.883195120135012
560,882,834,V81,4.883195120135012
560,882,834,V91,4.883195120135012
560,882,834,V102,4.883195120135012
560,659,834,V71,5.284552964469467
560,1102,1013,V27,3.616251246210677
560,1102,1013,V39,3.616251246210677
560,1102,1013,V70,3.616251246210677
560,931,1013,V38,4.405443882921528
560,931,885,V40,3.0617002345235647
560,931,885,V54,3.0617002345235647
560,931,885,V80,3.0617002345235647
560,849,885,V57,6.749102957431653
560,1229,1182,V23,3.960024365898536
560,1229,1182,V43,3.960024365898536
560,1091,917,V25,4.837115435970083
560,783,917,V21,5.8083597500151045
560,659,535,V74,5.810827883107414
560,1068,1276,V75,8.66943360865319
560,659,708,V77,5.815596432206299
560,1068,1398,V89,16.00213801732287
564,882,708,V25,4.837510953567602
564,882,708,V40,4.837510953567602
564,882,708,V57,4.837510953567602
564,882,708,V58,4.837510953567602
564,672,708,V54,6.751878981086827
564,783,708,V21,10.697285568723771
564,783,708,V23,10.697285568723771
564,783,708,V26,10.697285568723771
564,783,834,V32,7.689481736045675
564,783,834,V33,7.689481736045675
564,783,834,V34,7.689481736045675
564,783,834,V36,7.689481736045675
564,783,834,V41,7.689481736045675
564,783,834,V44,7.689481736045675
564,783,834,V45,7.689481736045675
564,1229,1102,V28,3.8392690799482057
564,849,1102,V38,8.191991396325179
564,849,1102,V53,8.191991396325179
564,849,1102,V61,8.191991396325179
564,849,1102,V68,8.191991396325179
564,849,885,V69,6.749102957431653
564,783,885,V51,15.378166398318458
564,783,885,V52,15.378166398318458
564,783,885,V55,15.378166398318458
564,783,535,V60,11.620421645142477
564,783,535,V62,11.620421645142477
564,783,535,V63,11.620421645142477
564,783,1091,V65,10.241109598832232
564,783,1091,V66,10.241109598832232
564,783,1182,V67,15.175538880502293
564,783,1182,V70,15.175538880502293
564,783,917,V71,5.8083597500151045
568,965,834,V24,3.83986736177262
568,965,834,V44,3.83986736177262
568,965,834,V49,3.83986736177262
568,1106,1276,V31,4.836798739645476
568,1398,1182,V50,5.640321895106829
572,1106,1276,V27,4.836798739645476
572,1102,1398,V61,9.118728510486134
576,931,849,V34,4.4061387562478425
576,931,849,V42,4.4061387562478425
580,1102,1229,V70,3.8392690799482057
588,834,708,V46,4.389831624444016
588,834,708,V84,4.389831624444016
588,834,708,V92,4.389831624444016
588,834,708,V95,4.389831624444016
588,834,708,V100,4.389831624444016
588,834,708,V101,4.389831624444016
588,834,708,V104,4.389831624444016
588,834,708,V108,4.389831624444016
588,359,535,V53,5.855067293961566
588,834,535,V110,8.012842951904279
588,672,535,V64,8.311483007291683
588,672,535,V68,8.311483007291683
588,672,535,V69,8.311483007291683
588,672,535,V72,8.311483007291683
588,672,535,V74,8.311483007291683
588,1102,1229,V99,3.8392690799482057
588,1013,1229,V32,5.640389822593795
588,1013,1229,V70,5.640389822593795
588,1068,1370,V54,7.841426035905807
588,931,1276,V75,8.946223146223524
588,783,566,V21,5.876334276322891
588,849,1106,V94,6.739095652327052
592,965,834,V26,3.83986736177262
592,965,834,V29,3.83986736177262
592,783,834,V21,7.689481736045675
592,783,834,V22,7.689481736045675
592,783,834,V27,7.689481736045675
592,783,834,V28,7.689481736045675
592,783,834,V30,7.689481736045675
592,783,834,V31,7.689481736045675
592,783,834,V32,7.689481736045675
592,783,834,V33,7.689481736045675
592,783,834,V34,7.689481736045675
592,783,834,V35,7.689481736045675
592,783,1091,V36,10.241109598832232
592,783,1091,V37,10.241109598832232
592,783,1091,V40,10.241109598832232
592,783,1091,V41,10.241109598832232
592,783,1091,V42,10.241109598832232
592,672,1182,V76,14.511820279616508
592,672,1182,V103,14.511820279616508
592,783,1182,V43,15.175538880502293
592,783,1182,V44,15.175538880502293
592,783,1182,V45,15.175538880502293
592,783,535,V46,11.620421645142477
592,783,535,V47,11.620421645142477
592,783,535,V48,11.620421645142477
592,783,535,V49,11.620421645142477
592,783,659,V50,5.809594285895007
592,783,659,V51,5.809594285895007
592,783,659,V52,5.809594285895007
592,783,659,V53,5.809594285895007
592,855,1229,V39,15.901554341364076
592,855,1229,V59,15.901554341364076
592,783,1229,V54,18.841160835534616
592,783,1229,V56,18.841160835534616
592,783,1398,V57,19.874616662347663
592,783,1398,V58,19.874616662347663
592,783,1398,V60,19.874616662347663
592,783,1435,V61,17.957022310236383
592,783,1435,V62,17.957022310236383
592,783,1102,V63,18.800951364959644
592,783,1102,V64,18.800951364959644
592,783,882,V65,12.561839638690564
592,783,882,V66,12.561839638690564
592,783,917,V67,5.8083597500151045
592,783,931,V68,18.3740064075405
592,783,359,V69,12.499801205497114
592,783,566,V70,5.876334276322891
592,783,849,V71,21.903135562742808
592,783,1106,V72,22.318447076891776
596,1091,834,V32,6.739095652327052
596,1091,834,V45,6.739095652327052
596,783,834,V21,7.689481736045675
596,783,834,V22,7.689481736045675
596,783,834,V23,7.689481736045675
596,783,834,V25,7.689481736045675
596,783,834,V26,7.689481736045675
596,783,834,V27,7.689481736045675
596,1182,1229,V38,3.960024365898536
596,1182,1229,V39,3.960024365898536
596,1182,1229,V41,3.960024365898536
596,1182,1229,V56,3.960024365898536
596,1182,1229,V60,3.960024365898536
596,1182,1229,V64,3.960024365898536
596,1182,885,V65,8.662721360426067
596,1182,885,V76,8.662721360426067
596,855,885,V74,12.412669367198909
596,783,885,V28,15.378166398318458
596,783,885,V29,15.378166398318458
596,783,885,V30,15.378166398318458
596,783,1102,V31,18.800951364959644
596,783,1102,V33,18.800951364959644
596,783,1102,V34,18.800951364959644
596,783,1102,V35,18.800951364959644
596,783,1102,V36,18.800951364959644
596,783,882,V37,12.561839638690564
596,783,882,V40,12.561839638690564
596,783,882,V42,12.561839638690564
596,783,882,V43,12.561839638690564
596,783,882,V44,12.561839638690564
596,783,931,V46,18.3740064075405
596,783,931,V47,18.3740064075405
596,783,931,V48,18.3740064075405
596,783,931,V49,18.3740064075405
596,783,708,V52,10.697285568723771
596,783,708,V53,10.697285568723771
596,783,708,V55,10.697285568723771
596,783,1398,V57,19.874616662347663
596,783,1398,V59,19.874616662347663
596,783,1398,V61,19.874616662347663
596,783,566,V62,5.876334276322891
596,783,566,V63,5.876334276322891
596,783,566,V66,5.876334276322891
596,783,1013,V69,15.308499342485224
596,783,1013,V71,15.308499342485224
596,783,1013,V72,15.308499342485224
596,783,659,V75,5.809594285895007
596,783,659,V86,5.809594285895007
596,783,659,V87,5.809594285895007
596,783,849,V88,21.903135562742808
596,783,849,V89,21.903135562742808
596,783,1106,V90,22.318447076891776
596,783,1106,V91,22.318447076891776
596,783,535,V92,11.620421645142477
596,783,535,V93,11.620421645142477
596,783,917,V94,5.8083597500151045
596,783,672,V95,17.445012141301472
596,783,359,V96,12.499801205497114
596,783,1370,V97,30.28578929187396
596,783,1068,V98,26.525178301273773
600,882,834,V38,4.883195120135012
600,882,834,V49,4.883195120135012
600,659,834,V29,5.284552964469467
600,659,834,V62,5.284552964469467
600,659,834,V70,5.284552964469467
600,659,834,V105,5.284552964469467
600,1276,1229,V39,3.959637309104105
600,1276,1229,V60,3.959637309104105
600,1276,1229,V64,3.959637309104105
600,1276,1229,V90,3.959637309104105
600,1276,1229,V91,3.959637309104105
600,855,1068,V73,5.87594370452583
600,885,1068,V54,11.364565785437158
600,659,1068,V116,23.191895237490503
600,783,1068,V22,26.525178301273773
600,783,1013,V23,15.308499342485224
600,783,1013,V25,15.308499342485224
600,783,1013,V26,15.308499342485224
600,783,917,V27,5.8083597500151045
600,783,917,V28,5.8083597500151045
600,783,672,V31,17.445012141301472
600,783,672,V32,17.445012141301472
600,783,1370,V33,30.28578929187396
600,783,1370,V35,30.28578929187396
600,783,535,V40,11.620421645142477
600,783,1091,V42,10.241109598832232
600,783,1435,V43,17.957022310236383
600,783,1182,V44,15.175538880502293
604,1106,1370,V39,8.775541653972592
604,1106,1370,V41,8.775541653972592
604,1106,1370,V54,8.775541653972592
604,1106,1370,V56,8.775541653972592
604,1398,1370,V80,14.289920547900731
604,885,1370,V44,16.72338167333642
604,965,1370,V21,19.81745132026361
604,965,1370,V60,19.81745132026361
604,965,1370,V73,19.81745132026361
604,783,1370,V24,30.28578929187396
604,783,1370,V26,30.28578929187396
604,783,1370,V27,30.28578929187396
604,783,1370,V28,30.28578929187396
604,783,1370,V29,30.28578929187396
604,783,1370,V30,30.28578929187396
604,783,1370,V32,30.28578929187396
604,783,1370,V34,30.28578929187396
604,783,1370,V38,30.28578929187396
604,783,1370,V42,30.28578929187396
604,783,1370,V43,30.28578929187396
604,783,1370,V45,30.28578929187396
604,783,1370,V46,30.28578929187396
604,783,1370,V47,30.28578929187396
604,783,1370,V48,30.28578929187396
604,783,1370,V49,30.28578929187396
604,783,1370,V52,30.28578929187396
604,783,1370,V53,30.28578929187396
604,783,1370,V55,30.28578929187396
604,783,1370,V57,30.28578929187396
604,783,1370,V61,30.28578929187396
604,783,1370,V63,30.28578929187396
604,783,1370,V65,30.28578929187396
604,783,1370,V66,30.28578929187396
604,783,1370,V68,30.28578929187396
604,783,1370,V69,30.28578929187396
604,783,1370,V70,30.28578929187396
604,783,1370,V71,30.28578929187396
604,783,1370,V74,30.28578929187396
604,783,834,V31,7.689481736045675
604,783,834,V33,7.689481736045675
604,783,834,V35,7.689481736045675
604,783,834,V75,7.689481736045675
604,783,1182,V76,15.175538880502293
604,783,1182,V77,15.175538880502293
604,783,1182,V78,15.175538880502293
604,783,931,V89,18.3740064075405
604,783,931,V91,18.3740064075405
604,783,931,V93,18.3740064075405
604,783,672,V95,17.445012141301472
604,783,672,V97,17.445012141301472
604,783,1276,V98,22.606377139254327
604,783,1276,V99,22.606377139254327
604,783,1102,V103,18.800951364959644
604,783,1102,V106,18.800951364959644
604,783,849,V108,21.903135562742808
604,783,917,V109,5.8083597500151045
604,783,659,V110,5.809594285895007
604,783,1068,V114,26.525178301273773
604,783,1229,V116,18.841160835534616
608,885,931,V23,3.0617002345235647
608,885,931,V50,3.0617002345235647
608,885,931,V58,3.0617002345235647
608,885,931,V79,3.0617002345235647
608,885,931,V81,3.0617002345235647
608,834,659,V101,5.284552964469467
608,783,659,V22,5.809594285895007
608,783,659,V25,5.809594285895007
608,783,659,V35,5.809594285895007
608,1276,1370,V76,7.918112864657469
608,1276,1370,V85,7.918112864657469
608,1276,1370,V111,7.918112864657469
608,1102,1370,V40,11.609712853230407
608,1229,1182,V75,3.960024365898536
608,1229,1182,V77,3.960024365898536
608,885,672,V95,5.876204136119103
608,708,535,V28,4.548441137468074
608,849,1068,V59,6.736061142863373
608,885,1013,V96,3.46869779664105
612,882,708,V22,4.837510953567602
612,882,708,V25,4.837510953567602
612,882,708,V32,4.837510953567602
612,1229,1182,V59,3.960024365898536
612,1229,1182,V75,3.960024365898536
612,1229,1276,V90,3.959637309104105
612,1229,1276,V110,3.959637309104105
612,849,931,V50,4.4061387562478425
612,849,931,V58,4.4061387562478425
612,1102,1013,V37,3.616251246210677
612,783,659,V23,5.809594285895007
612,882,535,V34,9.342211452816104
612,882,885,V43,2.852794790784161
612,783,1296,V29,13.644692409583532
616,1102,1229,V47,3.8392690799482057
616,1102,1229,V99,3.8392690799482057
616,1102,1229,V106,3.8392690799482057
616,1102,1229,V116,3.8392690799482057
616,1102,1229,V127,3.8392690799482057
616,1102,1229,V133,3.8392690799482057
616,1182,1229,V29,3.960024365898536
616,1398,1229,V75,5.282433425576492
616,1398,1229,V85,5.282433425576492
616,1106,1229,V43,6.605818539698737
616,965,1229,V21,8.77672016628073
616,965,1229,V26,8.77672016628073
616,965,1229,V28,8.77672016628073
616,965,1229,V30,8.77672016628073
616,965,1229,V34,8.77672016628073
616,965,1229,V38,8.77672016628073
616,965,1229,V40,8.77672016628073
616,965,1229,V44,8.77672016628073
616,965,1229,V48,8.77672016628073
616,965,1229,V49,8.77672016628073
616,965,1229,V57,8.77672016628073
616,965,1229,V63,8.77672016628073
616,965,1229,V65,8.77672016628073
616,965,1229,V66,8.77672016628073
616,965,834,V68,3.83986736177262
616,965,834,V69,3.83986736177262
616,965,834,V71,3.83986736177262
616,965,834,V73,3.83986736177262
616,965,834,V74,3.83986736177262
616,882,1013,V32,3.839767699909249
616,882,1013,V46,3.839767699909249
616,1068,1370,V31,7.841426035905807
616,882,885,V67,2.852794790784161
620,1068,1370,V41,7.841426035905807
620,1068,1370,V96,7.841426035905807
620,1068,1370,V97,7.841426035905807
620,1229,1276,V28,3.959637309104105
620,1102,1276,V129,4.836798739646007
620,1091,1182,V23,5.24631154396119
620,1091,1182,V60,5.24631154396119
620,917,834,V72,3.617203703030827
624,917,834,V121,3.617203703030827
624,965,834,V34,3.83986736177262
624,965,834,V44,3.83986736177262
624,965,834,V46,3.83986736177262
624,965,834,V48,3.83986736177262
624,965,834,V62,3.83986736177262
624,1229,1182,V23,3.960024365898536
628,965,834,V23,3.83986736177262
632,1229,1276,V29,3.959637309104105
636,708,834,V48,4.389831624444016
636,708,834,V52,4.389831624444016
636,708,834,V90,4.389831624444016
636,708,834,V102,4.389831624444016
636,708,834,V147,4.389831624444016
636,708,834,V161,4.389831624444016
636,659,834,V25,5.284552964469467
636,659,834,V43,5.284552964469467
636,659,834,V49,5.284552964469467
636,659,834,V59,5.284552964469467
636,659,834,V83,5.284552964469467
636,659,834,V91,5.284552964469467
636,659,834,V142,5.284552964469467
636,1102,1276,V32,4.836798739646007
636,1102,1276,V37,4.836798739646007
636,1102,1276,V40,4.836798739646007
636,1091,1182,V44,5.24631154396119
636,1091,1182,V68,5.24631154396119
636,1091,1182,V69,5.24631154396119
636,1435,1398,V87,5.805514364498899
636,1102,1398,V42,9.118728510486134
636,1091,1398,V71,9.6478124773512
636,885,882,V65,2.852794790784161
636,885,882,V66,2.852794790784161
636,1013,1229,V63,5.640389822593795
640,1091,834,V83,6.739095652327052
640,1091,834,V91,6.739095652327052
640,1091,834,V109,6.739095652327052
640,1091,834,V142,6.739095652327052
640,1091,834,V148,6.739095652327052
640,885,834,V42,7.688685710981335
640,885,834,V76,7.688685710981335
640,885,834,V80,7.688685710981335
640,885,834,V84,7.688685710981335
640,885,834,V85,7.688685710981335
640,885,834,V94,7.688685710981335
640,1013,1229,V110,5.640389822593795
640,1013,1229,V132,5.640389822593795
640,1013,1229,V135,5.640389822593795
640,1013,1229,V153,5.640389822593795
640,885,1229,V103,8.89559413156451
640,885,1229,V104,8.89559413156451
640,885,1229,V105,8.89559413156451
640,885,1229,V107,8.89559413156451
640,885,1229,V111,8.89559413156451
640,885,1229,V113,8.89559413156451
640,1068,1106,V57,4.880745078525951
640,1068,1106,V82,4.880745078525951
640,1068,1106,V96,4.880745078525951
640,1068,1106,V97,4.880745078525951
640,1068,1106,V98,4.880745078525951
640,1068,855,V106,5.87594370452583
640,1068,855,V141,5.87594370452583
640,672,855,V73,11.369656353246375
640,672,855,V74,11.369656353246375
640,672,855,V117,11.369656353246375
640,885,965,V116,6.123119155303686
640,885,965,V123,6.123119155303686
640,885,965,V124,6.123119155303686
640,885,965,V125,6.123119155303686
640,535,708,V23,4.548441137468074
640,535,708,V101,4.548441137468074
640,535,708,V136,4.548441137468074
640,885,1276,V127,10.705394585658723
640,885,1276,V131,10.705394585658723
640,885,1276,V133,10.705394585658723
640,783,917,V22,5.8083597500151045
640,783,917,V24,5.8083597500151045
640,783,917,V25,5.8083597500151045
640,885,931,V134,3.0617002345235647
640,885,931,V137,3.0617002345235647
640,885,931,V139,3.0617002345235647
640,783,659,V26,5.809594285895007
640,783,659,V27,5.809594285895007
640,885,1102,V160,5.875878565174106
640,885,1102,V162,5.875878565174106
640,672,1398,V119,19.49150074262076
640,672,1398,V144,19.49150074262076
640,535,508,V140,15.269109427523375
644,1435,1398,V144,5.805514364498899
644,1276,1398,V21,7.438993890374081
644,1276,1398,V71,7.438993890374081
644,1276,1398,V85,7.438993890374081
644,1276,1398,V94,7.438993890374081
644,1102,1398,V64,9.118728510486134
644,1106,1398,V156,11.562838367297022
644,931,1398,V32,13.495077260547856
644,783,1398,V25,19.874616662347663
644,783,1398,V26,19.874616662347663
644,783,1398,V27,19.874616662347663
644,783,1398,V28,19.874616662347663
644,783,1398,V30,19.874616662347663
644,783,1398,V31,19.874616662347663
644,783,1398,V33,19.874616662347663
644,783,1398,V36,19.874616662347663
644,783,1398,V37,19.874616662347663
644,783,1398,V38,19.874616662347663
644,783,1398,V39,19.874616662347663
644,783,1398,V40,19.874616662347663
644,783,1398,V41,19.874616662347663
644,783,1398,V42,19.874616662347663
644,783,1398,V43,19.874616662347663
644,783,1398,V45,19.874616662347663
644,783,1398,V46,19.874616662347663
644,783,1398,V47,19.874616662347663
644,783,1398,V48,19.874616662347663
644,783,1398,V50,19.874616662347663
644,783,1398,V51,19.874616662347663
644,783,1398,V52,19.874616662347663
644,783,1398,V53,19.874616662347663
644,783,1398,V54,19.874616662347663
644,783,1398,V55,19.874616662347663
644,783,834,V56,7.689481736045675
644,783,834,V57,7.689481736045675
644,783,834,V58,7.689481736045675
644,783,834,V59,7.689481736045675
644,783,834,V60,7.689481736045675
644,783,834,V61,7.689481736045675
644,783,834,V62,7.689481736045675
644,783,834,V63,7.689481736045675
644,783,834,V65,7.689481736045675
644,783,1229,V66,18.841160835534616
644,783,1229,V67,18.841160835534616
644,783,1229,V68,18.841160835534616
644,783,1229,V69,18.841160835534616
644,783,1229,V70,18.841160835534616
644,783,1091,V72,10.241109598832232
644,783,1091,V75,10.241109598832232
644,783,1091,V76,10.241109598832232
644,783,1091,V79,10.241109598832232
644,783,1091,V80,10.241109598832232
644,359,535,V77,5.855067293961566
644,359,535,V78,5.855067293961566
644,359,535,V89,5.855067293961566
644,359,535,V92,5.855067293961566
644,783,659,V81,5.809594285895007
644,783,659,V82,5.809594285895007
644,783,659,V83,5.809594285895007
644,783,882,V84,12.561839638690564
644,783,882,V86,12.561839638690564
644,783,882,V87,12.561839638690564
644,783,1068,V88,26.525178301273773
644,783,1068,V90,26.525178301273773
644,783,1068,V91,26.525178301273773
644,359,672,V118,13.82150748825628
644,359,672,V130,13.82150748825628
644,783,965,V93,10.498093903671007
644,783,965,V95,10.498093903671007
644,783,917,V96,5.8083597500151045
648,882,885,V35,2.852794790784161
648,882,885,V57,2.852794790784161
648,882,885,V84,2.852794790784161
648,882,885,V89,2.852794790784161
648,1102,885,V73,5.875878565174106
648,1102,885,V75,5.875878565174106
648,834,885,V21,7.688685710981335
648,834,965,V38,3.83986736177262
648,834,965,V39,3.83986736177262
648,834,965,V40,3.83986736177262
648,834,965,V41,3.83986736177262
648,834,672,V43,10.50082625207165
648,834,672,V45,10.50082625207165
648,834,672,V46,10.50082625207165
648,1276,931,V67,8.946223146223524
648,1182,931,V44,9.422487826577225
648,1182,931,V55,9.422487826577225
648,834,917,V47,3.617203703030827
648,834,917,V48,3.617203703030827
648,1182,1068,V64,14.6407627195109
648,1182,1068,V69,14.6407627195109
648,834,508,V50,19.29831547550127
648,659,359,V68,7.84162119104212
648,1182,1398,V144,5.640321895106829
648,834,708,V51,4.389831624444016
648,783,566,V22,5.876334276322891
652,1102,1370,V40,11.609712853230407
652,931,1370,V43,14.0283994658549
652,931,1370,V46,14.0283994658549
652,931,1370,V47,14.0283994658549
652,885,1370,V52,16.72338167333642
652,885,1370,V55,16.72338167333642
652,885,1370,V88,16.72338167333642
652,965,1370,V24,19.81745132026361
652,965,1013,V28,4.881725510082577
652,965,1013,V38,4.881725510082577
652,965,1013,V42,4.881725510082577
652,659,1013,V23,13.022203254976295
652,659,1013,V51,13.022203254976295
652,783,1013,V21,15.308499342485224
652,783,1013,V22,15.308499342485224
652,783,834,V27,7.689481736045675
652,783,834,V29,7.689481736045675
652,783,834,V30,7.689481736045675
652,783,834,V31,7.689481736045675
652,783,708,V32,10.697285568723771
652,783,708,V33,10.697285568723771
652,783,708,V34,10.697285568723771
652,783,882,V35,12.561839638690564
652,783,882,V36,12.561839638690564
652,783,1182,V41,15.175538880502293
652,783,1182,V44,15.175538880502293
652,783,1276,V45,22.606377139254327
652,783,917,V50,5.8083597500151045
652,783,1091,V54,10.241109598832232
652,783,535,V64,11.620421645142477
652,783,672,V66,17.445012141301472
656,1229,1370,V131,11.877749718768223
656,1013,1370,V24,15.22257692845342
656,1013,1370,V40,15.22257692845342
656,1013,1370,V43,15.22257692845342
656,1013,1370,V52,15.22257692845342
656,1013,1370,V55,15.22257692845342
656,1013,1370,V71,15.22257692845342
656,885,1370,V26,16.72338167333642
656,885,1370,V42,16.72338167333642
656,885,1370,V45,16.72338167333642
656,885,1370,V48,16.72338167333642
656,885,1370,V69,16.72338167333642
656,885,1370,V73,16.72338167333642
656,882,1370,V33,18.783825554252072
656,882,1370,V57,18.783825554252072
656,965,1370,V23,19.81745132026361
656,965,1370,V28,19.81745132026361
656,965,1370,V29,19.81745132026361
656,965,1370,V38,19.81745132026361
656,965,1370,V46,19.81745132026361
656,965,1370,V62,19.81745132026361
656,965,1370,V68,19.81745132026361
656,965,1370,V70,19.81745132026361
656,965,1370,V77,19.81745132026361
656,783,834,V22,7.689481736045675
656,783,834,V25,7.689481736045675
656,783,834,V30,7.689481736045675
656,783,834,V31,7.689481736045675
656,783,834,V34,7.689481736045675
656,783,834,V35,7.689481736045675
656,783,834,V36,7.689481736045675
656,783,834,V39,7.689481736045675
656,783,834,V44,7.689481736045675
656,783,834,V47,7.689481736045675
656,783,834,V49,7.689481736045675
656,783,834,V50,7.689481736045675
656,783,834,V51,7.689481736045675
656,783,1276,V53,22.606377139254327
656,783,1276,V56,22.606377139254327
656,783,1276,V58,22.606377139254327
656,783,1276,V59,22.606377139254327
656,783,1276,V60,22.606377139254327
656,783,1276,V61,22.606377139254327
656,783,1276,V74,22.606377139254327
656,783,1276,V75,22.606377139254327
656,783,1102,V82,18.800951364959644
656,783,1102,V84,18.800951364959644
656,783,1102,V87,18.800951364959644
656,783,1106,V89,22.318447076891776
656,783,1106,V93,22.318447076891776
656,783,1106,V94,22.318447076891776
656,783,931,V95,18.3740064075405
656,783,931,V96,18.3740064075405
656,783,931,V97,18.3740064075405
656,783,659,V98,5.809594285895007
656,783,659,V99,5.809594285895007
656,783,917,V100,5.8083597500151045
656,783,672,V101,17.445012141301472
656,783,1068,V102,26.525178301273773
656,783,1091,V103,10.241109598832232
660,882,834,V44,4.883195120135012
660,882,834,V78,4.883195120135012
660,882,834,V82,4.883195120135012
660,882,834,V85,4.883195120135012
660,659,834,V111,5.284552964469467
660,783,834,V21,7.689481736045675
660,783,834,V22,7.689481736045675
660,783,834,V25,7.689481736045675
660,783,834,V27,7.689481736045675
660,535,708,V54,4.548441137468074
660,359,708,V104,10.088438580081291
660,783,708,V30,10.697285568723771
660,783,708,V31,10.697285568723771
660,783,708,V32,10.697285568723771
660,783,708,V34,10.697285568723771
660,783,708,V35,10.697285568723771
660,1229,1276,V47,3.959637309104105
660,1229,1276,V56,3.959637309104105
660,1106,1276,V23,4.836798739645476
660,1106,1276,V24,4.836798739645476
660,1102,965,V26,8.304116264398273
660,1102,965,V48,8.304116264398273
660,1102,965,V58,8.304116264398273
660,1102,965,V59,8.304116264398273
660,783,917,V36,5.8083597500151045
660,783,917,V39,5.8083597500151045
660,1102,885,V73,5.875878565174106
660,1102,885,V75,5.875878565174106
660,783,566,V49,5.876334276322891
660,1398,1182,V53,5.640321895106829
664,849,931,V23,4.4061387562478425
664,849,931,V56,4.4061387562478425
664,849,931,V103,4.4061387562478425
664,849,931,V108,4.4061387562478425
664,1102,931,V80,4.548251915941359
664,965,834,V25,3.83986736177262
664,965,834,V27,3.83986736177262
664,965,834,V54,3.83986736177262
664,965,834,V58,3.83986736177262
664,1102,885,V81,5.875878565174106
664,965,885,V72,6.123119155303686
664,1106,885,V28,7.965381677815221
664,535,672,V22,8.311483007291683
664,535,672,V31,8.311483007291683
664,1068,1370,V45,7.841426035905807
664,1106,1370,V29,8.775541653972592
664,1229,882,V44,9.341474227178574
664,535,882,V32,9.342211452816104
664,1106,1276,V33,4.836798739645476
664,1106,1013,V38,7.015517581545067
664,1435,1091,V110,8.895594131564904
664,783,566,V21,5.876334276322891
668,659,834,V30,5.284552964469467
668,659,834,V53,5.284552964469467
668,659,834,V54,5.284552964469467
668,659,834,V73,5.284552964469467
668,659,834,V81,5.284552964469467
668,1091,834,V93,6.739095652327052
668,885,834,V27,7.688685710981335
668,885,834,V77,7.688685710981335
668,885,834,V92,7.688685710981335
668,885,834,V108,7.688685710981335
668,783,834,V21,7.689481736045675
668,783,834,V24,7.689481736045675
668,535,708,V39,4.548441137468074
668,535,708,V58,4.548441137468074
668,535,708,V60,4.548441137468074
668,535,708,V78,4.548441137468074
668,535,708,V100,4.548441137468074
668,535,708,V107,4.548441137468074
668,1068,1370,V28,7.841426035905807
668,849,855,V23,5.706192977162224
668,1229,1276,V48,3.959637309104105
668,1013,931,V44,4.405443882921528
668,1013,965,V63,4.881725510082577
672,885,882,V44,2.852794790784161
672,885,882,V48,2.852794790784161
672,885,882,V60,2.852794790784161
672,885,882,V71,2.852794790784161
672,885,882,V82,2.852794790784161
672,885,882,V84,2.852794790784161
672,885,882,V113,2.852794790784161
672,885,931,V116,3.0617002345235647
672,1013,931,V39,4.405443882921528
672,1013,931,V56,4.405443882921528
672,1013,931,V120,4.405443882921528
672,965,834,V49,3.83986736177262
672,965,834,V63,3.83986736177262
672,965,834,V74,3.83986736177262
672,672,849,V22,6.511836392511076
672,672,849,V25,6.511836392511076
676,965,834,V22,3.83986736177262
676,965,834,V25,3.83986736177262
676,965,834,V39,3.83986736177262
676,965,834,V42,3.83986736177262
676,965,882,V49,3.616965677313317
676,965,882,V74,3.616965677313317
676,965,882,V107,3.616965677313317
684,1102,1229,V50,3.8392690799482057
684,1102,1229,V51,3.8392690799482057
684,1102,1229,V53,3.8392690799482057
684,1102,1229,V59,3.8392690799482057
684,1102,1229,V72,3.8392690799482057
684,1102,1229,V132,3.8392690799482057
684,1398,1229,V44,5.282433425576492
684,1398,1229,V47,5.282433425576492
684,1398,1229,V48,5.282433425576492
684,1398,1229,V66,5.282433425576492
684,1398,1229,V67,5.282433425576492
684,1398,1229,V75,5.282433425576492
684,1398,1229,V78,5.282433425576492
684,1091,1182,V119,5.24631154396119
684,1091,1182,V120,5.24631154396119
684,1091,1182,V121,5.24631154396119
684,1398,1182,V81,5.640321895106829
684,1398,1182,V89,5.640321895106829
684,1398,1182,V90,5.640321895106829
684,1398,1182,V94,5.640321895106829
684,1398,1182,V102,5.640321895106829
684,1398,1182,V104,5.640321895106829
684,1398,1182,V110,5.640321895106829
684,1398,1182,V113,5.640321895106829
684,1106,1276,V62,4.836798739645476
684,1106,1276,V68,4.836798739645476
684,1106,1276,V69,4.836798739645476
684,1106,1276,V70,4.836798739645476
684,1106,1276,V79,4.836798739645476
684,1106,1276,V83,4.836798739645476
684,1106,1276,V86,4.836798739645476
684,1106,1276,V87,4.836798739645476
684,1106,1276,V98,4.836798739645476
684,1106,1276,V106,4.836798739645476
684,708,834,V111,4.389831624444016
684,708,834,V118,4.389831624444016
684,885,834,V100,7.688685710981335
684,885,834,V107,7.688685710981335
684,783,834,V21,7.689481736045675
684,783,834,V22,7.689481736045675
684,783,834,V24,7.689481736045675
684,783,834,V27,7.689481736045675
684,783,834,V29,7.689481736045675
684,855,849,V43,5.706192977162224
684,672,849,V36,6.511836392511076
684,672,849,V64,6.511836392511076
684,672,849,V71,6.511836392511076
684,783,659,V30,5.809594285895007
684,783,659,V32,5.809594285895007
684,783,659,V33,5.809594285895007
684,783,659,V34,5.809594285895007
684,783,965,V35,10.498093903671007
684,783,965,V38,10.498093903671007
684,783,965,V39,10.498093903671007
684,672,1013,V91,9.341935125969725
684,1398,1013,V115,10.186376382121452
684,783,882,V40,12.561839638690564
684,783,882,V41,12.561839638690564
688,783,882,V21,12.561839638690564
688,783,882,V22,12.561839638690564
688,783,882,V24,12.561839638690564
688,783,882,V25,12.561839638690564
688,783,882,V27,12.561839638690564
688,783,882,V28,12.561839638690564
688,783,882,V29,12.561839638690564
688,783,882,V30,12.561839638690564
688,783,882,V31,12.561839638690564
688,783,882,V32,12.561839638690564
688,783,882,V33,12.561839638690564
688,1068,931,V61,8.304853837171269
688,1068,931,V65,8.304853837171269
688,1068,931,V80,8.304853837171269
688,1068,931,V85,8.304853837171269
688,1068,931,V122,8.304853837171269
688,1068,931,V130,8.304853837171269
688,1068,931,V133,8.304853837171269
688,508,931,V95,12.961089805583503
688,1398,931,V47,13.495077260547856
688,1398,931,V48,13.495077260547856
688,1398,885,V50,13.644566108710274
688,1398,885,V51,13.644566108710274
688,1398,885,V53,13.644566108710274
688,1398,885,V55,13.644566108710274
688,1398,885,V59,13.644566108710274
688,1398,885,V62,13.644566108710274
688,1398,885,V66,13.644566108710274
688,1398,885,V68,13.644566108710274
688,1398,885,V69,13.644566108710274
688,1398,885,V70,13.644566108710274
688,783,834,V34,7.689481736045675
688,783,834,V35,7.689481736045675
688,783,834,V36,7.689481736045675
688,783,834,V38,7.689481736045675
688,783,834,V39,7.689481736045675
688,783,834,V40,7.689481736045675
688,783,834,V41,7.689481736045675
688,783,834,V44,7.689481736045675
688,783,834,V45,7.689481736045675
688,783,659,V46,5.809594285895007
688,783,659,V49,5.809594285895007
688,783,659,V52,5.809594285895007
688,783,659,V54,5.809594285895007
688,783,659,V57,5.809594285895007
688,783,659,V58,5.809594285895007
688,783,659,V60,5.809594285895007
688,783,659,V64,5.809594285895007
688,783,659,V67,5.809594285895007
688,783,535,V71,11.620421645142477
688,783,535,V73,11.620421645142477
688,783,535,V74,11.620421645142477
688,783,535,V75,11.620421645142477
688,783,535,V78,11.620421645142477
688,783,535,V82,11.620421645142477
688,783,535,V96,11.620421645142477
688,783,535,V100,11.620421645142477
688,783,535,V103,11.620421645142477
688,1398,1276,V72,7.438993890374081
688,1398,1276,V79,7.438993890374081
688,1398,1276,V81,7.438993890374081
688,1398,1276,V83,7.438993890374081
688,1398,1276,V86,7.438993890374081
688,1398,1276,V87,7.438993890374081
688,1398,849,V89,17.29967050146656
688,1398,849,V90,17.29967050146656
688,1398,849,V94,17.29967050146656
688,1398,849,V98,17.29967050146656
688,1398,849,V102,17.29967050146656
688,1398,849,V104,17.29967050146656
688,783,708,V105,10.697285568723771
688,783,708,V106,10.697285568723771
688,783,708,V107,10.697285568723771
688,783,708,V110,10.697285568723771
688,783,708,V111,10.697285568723771
688,1398,1229,V119,5.282433425576492
688,1398,1229,V120,5.282433425576492
688,1398,1229,V121,5.282433425576492
688,1398,1229,V132,5.282433425576492
688,1435,1182,V42,8.189653224238826
688,1435,1182,V56,8.189653224238826
688,1435,1182,V63,8.189653224238826
688,783,672,V112,17.445012141301472
688,783,672,V113,17.445012141301472
688,783,672,V114,17.445012141301472
688,783,965,V115,10.498093903671007
688,783,965,V116,10.498093903671007
688,783,965,V117,10.498093903671007
688,1435,1013,V76,13.46916483615337
688,1435,1013,V77,13.46916483615337
688,1435,1106,V84,16.79895041123717
688,783,917,V118,5.8083597500151045
688,1435,1091,V88,8.895594131564904
688,1435,1370,V92,20.067774326898714
692,885,535,V22,10.569431103772471
692,885,535,V32,10.569431103772471
692,885,535,V68,10.569431103772471
692,885,535,V81,10.569431103772471
692,885,535,V90,10.569431103772471
692,783,535,V21,11.620421645142477
692,783,535,V23,11.620421645142477
692,783,535,V25,11.620421645142477
692,783,535,V26,11.620421645142477
692,1102,931,V53,4.548251915941359
692,1106,931,V88,5.283575443416337
692,1276,931,V89,8.946223146223524
692,1276,931,V92,8.946223146223524
692,1182,855,V24,18.44721762394832
692,1182,855,V70,18.44721762394832
692,1182,855,V77,18.44721762394832
692,1435,1398,V93,5.805514364498899
692,1435,1398,V97,5.805514364498899
692,1435,1398,V99,5.805514364498899
692,1435,1229,V101,10.197737357480824
692,1435,1229,V108,10.197737357480824
692,1435,1229,V139,10.197737357480824
692,783,708,V27,10.697285568723771
692,783,708,V28,10.697285568723771
692,783,708,V29,10.697285568723771
692,783,566,V30,5.876334276322891
692,783,566,V31,5.876334276322891
692,1435,1091,V140,8.895594131564904
692,1435,1091,V141,8.895594131564904
692,783,882,V33,12.561839638690564
692,783,882,V34,12.561839638690564
692,783,659,V35,5.809594285895007
692,783,659,V36,5.809594285895007
692,783,672,V38,17.445012141301472
692,1435,1370,V142,20.067774326898714
692,783,834,V39,7.689481736045675
696,834,965,V23,3.83986736177262
696,834,965,V36,3.83986736177262
696,834,965,V53,3.83986736177262
696,834,965,V79,3.83986736177262
696,834,965,V88,3.83986736177262
696,834,965,V90,3.83986736177262
696,1182,965,V140,5.875748248781206
696,1102,965,V46,8.304116264398273
696,1102,965,V97,8.304116264398273
696,931,965,V58,8.628970001760946
696,931,965,V69,8.628970001760946
696,783,535,V24,11.620421645142477
696,783,535,V25,11.620421645142477
696,783,535,V30,11.620421645142477
696,783,917,V32,5.8083597500151045
696,783,917,V33,5.8083597500151045
696,1068,1370,V70,7.841426035905807
696,1068,1370,V77,7.841426035905807
696,1106,849,V57,6.739095652327052
696,1435,849,V143,21.760964392715465
696,783,708,V34,10.697285568723771
696,1435,1091,V145,8.895594131564904
696,1435,1276,V146,13.12435356350428
700,882,965,V39,3.616965677313317
700,1182,965,V21,5.875748248781206
700,1182,965,V63,5.875748248781206
700,1182,965,V64,5.875748248781206
700,1182,965,V65,5.875748248781206
700,1276,1102,V37,4.836798739646007
700,1276,1102,V45,4.836798739646007
700,1276,1102,V49,4.836798739646007
700,1276,1102,V54,4.836798739646007
700,885,1013,V22,3.46869779664105
700,1182,1013,V66,5.283249325636405
700,672,931,V26,6.73915242731767
700,672,931,V48,6.73915242731767
700,783,659,V24,5.809594285895007
700,855,1068,V80,5.87594370452583
700,783,917,V27,5.8083597500151045
704,965,834,V21,3.83986736177262
704,965,834,V25,3.83986736177262
704,965,834,V46,3.83986736177262
704,965,834,V90,3.83986736177262
704,708,834,V33,4.389831624444016
704,708,834,V67,4.389831624444016
704,885,834,V42,7.688685710981335
704,885,834,V48,7.688685710981335
704,885,834,V69,7.688685710981335
704,885,834,V84,7.688685710981335
704,1102,1229,V80,3.8392690799482057
704,1102,1229,V81,3.8392690799482057
704,1013,1229,V45,5.640389822593795
704,1013,1229,V56,5.640389822593795
704,931,1229,V87,8.28950012214804
704,931,1229,V89,8.28950012214804
704,931,1229,V93,8.28950012214804
704,1435,1182,V147,8.189653224238826
704,1435,1182,V148,8.189653224238826
704,1435,1182,V149,8.189653224238826
704,1435,1182,V151,8.189653224238826
704,1435,1091,V152,8.895594131564904
704,1435,1091,V153,8.895594131564904
704,1435,1091,V154,8.895594131564904
704,672,849,V55,6.511836392511076
704,1435,849,V155,21.760964392715465
704,1435,849,V156,21.760964392715465
704,783,917,V22,5.8083597500151045
704,783,917,V23,5.8083597500151045
704,566,535,V75,11.474227573045091
704,783,535,V26,11.620421645142477
704,783,882,V27,12.561839638690564
708,882,885,V27,2.852794790784161
708,882,885,V52,2.852794790784161
708,1013,885,V48,3.46869779664105
708,1102,885,V84,5.875878565174106
708,1102,885,V93,5.875878565174106
708,1102,885,V99,5.875878565174106
708,1102,885,V126,5.875878565174106
708,672,885,V74,5.876204136119103
708,672,885,V76,5.876204136119103
708,965,885,V32,6.123119155303686
708,965,885,V42,6.123119155303686
708,708,885,V25,6.511469320496247
708,708,885,V45,6.511469320496247
708,708,885,V47,6.511469320496247
708,1398,1182,V68,5.640321895106829
708,1276,1182,V58,7.919661523440269
708,1276,1182,V60,7.919661523440269
708,834,1182,V22,9.674230674179531
708,708,1182,V56,12.26833953852524
708,1068,1106,V37,4.880745078525951
708,1068,1106,V73,4.880745078525951
708,849,1106,V55,6.739095652327052
708,849,1106,V66,6.739095652327052
708,708,1229,V80,14.16486062369625
708,708,1229,V81,14.16486062369625
708,708,1229,V87,14.16486062369625
708,708,931,V89,9.423506251261468
708,708,931,V107,9.423506251261468
712,1102,885,V37,5.875878565174106
712,1102,885,V55,5.875878565174106
712,1102,885,V59,5.875878565174106
712,834,965,V25,3.83986736177262
712,834,965,V27,3.83986736177262
712,834,965,V32,3.83986736177262
712,849,931,V107,4.4061387562478425
712,1102,931,V68,4.548251915941359
712,708,882,V29,4.837510953567602
712,708,882,V44,4.837510953567602
716,931,885,V31,3.0617002345235647
716,931,885,V32,3.0617002345235647
720,1229,1276,V49,3.959637309104105
720,1229,1276,V72,3.959637309104105
720,1229,1276,V82,3.959637309104105
720,1229,1276,V84,3.959637309104105
720,1229,1276,V98,3.959637309104105
720,1229,1276,V124,3.959637309104105
720,1229,1276,V125,3.959637309104105
720,1106,1276,V43,4.836798739645476
720,965,882,V115,3.616965677313317
720,965,882,V117,3.616965677313317
720,708,882,V47,4.837510953567602
720,708,882,V68,4.837510953567602
720,708,882,V75,4.837510953567602
720,708,882,V99,4.837510953567602
720,931,882,V51,5.812636165404913
720,931,885,V97,3.0617002345235647
720,1102,885,V33,5.875878565174106
720,1102,1013,V35,3.616251246210677
720,1102,1013,V36,3.616251246210677
724,1102,1276,V47,4.836798739646007
724,1102,1276,V48,4.836798739646007
724,1102,1276,V52,4.836798739646007
724,1102,1276,V53,4.836798739646007
724,1102,1276,V54,4.836798739646007
724,1102,1276,V58,4.836798739646007
724,1102,1276,V66,4.836798739646007
724,1102,1276,V67,4.836798739646007
724,1102,1276,V68,4.836798739646007
724,1102,1276,V71,4.836798739646007
724,1102,1276,V78,4.836798739646007
724,1102,1276,V91,4.836798739646007
724,1102,1276,V111,4.836798739646007
724,885,882,V51,2.852794790784161
724,885,882,V99,2.852794790784161
724,885,882,V117,2.852794790784161
724,965,882,V21,3.616965677313317
724,965,882,V33,3.616965677313317
724,965,882,V36,3.616965677313317
724,917,834,V22,3.617203703030827
724,917,834,V76,3.617203703030827
724,965,834,V41,3.83986736177262
724,1102,1013,V112,3.616251246210677
724,1102,1013,V118,3.616251246210677
724,1102,1229,V121,3.8392690799482057
728,885,882,V21,2.852794790784161
728,885,882,V52,2.852794790784161
728,885,882,V58,2.852794790784161
728,885,1013,V66,3.46869779664105
732,783,659,V22,5.809594285895007
732,783,659,V24,5.809594285895007
732,783,659,V25,5.809594285895007
732,783,659,V27,5.809594285895007
732,783,659,V29,5.809594285895007
732,783,659,V32,5.809594285895007
732,783,659,V33,5.809594285895007
732,1398,1229,V112,5.282433425576492
732,1398,1229,V115,5.282433425576492
732,1398,1229,V124,5.282433425576492
732,931,1229,V48,8.28950012214804
732,931,1229,V53,8.28950012214804
732,931,1229,V55,8.28950012214804
732,885,882,V67,2.852794790784161
732,885,882,V71,2.852794790784161
732,885,882,V78,2.852794790784161
732,885,882,V91,2.852794790784161
732,708,834,V21,4.389831624444016
732,708,834,V41,4.389831624444016
732,708,834,V47,4.389831624444016
732,708,834,V75,4.389831624444016
732,1068,1276,V73,8.66943360865319
732,1091,1182,V39,5.24631154396119
732,931,1102,V57,4.548251915941359
732,931,849,V104,4.4061387562478425
736,1013,1229,V23,5.640389822593795
736,1013,1229,V36,5.640389822593795
736,885,1229,V53,8.89559413156451
736,885,1229,V78,8.89559413156451
736,885,1229,V81,8.89559413156451
736,885,1229,V97,8.89559413156451
736,1091,1229,V86,9.180034524729397
736,1091,1229,V88,9.180034524729397
736,1091,1229,V89,9.180034524729397
736,1091,1229,V95,9.180034524729397
736,1091,1229,V108,9.180034524729397
736,535,708,V110,4.548441137468074
736,672,708,V35,6.751878981086827
736,359,708,V26,10.088438580081291
736,359,708,V40,10.088438580081291
736,359,708,V50,10.088438580081291
736,783,708,V21,10.697285568723771
736,783,708,V22,10.697285568723771
736,783,708,V24,10.697285568723771
736,783,708,V25,10.697285568723771
736,783,708,V27,10.697285568723771
736,783,659,V29,5.809594285895007
736,783,659,V32,5.809594285895007
736,783,659,V33,5.809594285895007
736,783,659,V39,5.809594285895007
736,783,659,V41,5.809594285895007
736,783,659,V42,5.809594285895007
736,783,659,V43,5.809594285895007
736,783,659,V44,5.809594285895007
736,1091,965,V120,4.388654712140797
736,1091,965,V133,4.388654712140797
736,783,965,V45,10.498093903671007
736,783,965,V46,10.498093903671007
736,783,965,V47,10.498093903671007
736,783,965,V48,10.498093903671007
736,783,965,V49,10.498093903671007
736,783,965,V52,10.498093903671007
736,783,882,V54,12.561839638690564
736,783,882,V56,12.561839638690564
736,783,882,V57,12.561839638690564
736,783,882,V58,12.561839638690564
736,783,882,V59,12.561839638690564
736,783,882,V60,12.561839638690564
736,1068,1398,V114,16.00213801732287
736,1068,1398,V116,16.00213801732287
736,1068,1398,V128,16.00213801732287
736,1068,1398,V135,16.00213801732287
736,508,931,V31,12.961089805583503
736,508,931,V34,12.961089805583503
736,508,931,V37,12.961089805583503
736,508,931,V155,12.961089805583503
736,783,1102,V61,18.800951364959644
736,783,1102,V62,18.800951364959644
736,783,1102,V63,18.800951364959644
736,783,1182,V64,15.175538880502293
736,783,1182,V65,15.175538880502293
736,783,1182,V66,15.175538880502293
736,783,1276,V68,22.606377139254327
736,783,1276,V69,22.606377139254327
736,783,1276,V73,22.606377139254327
736,783,834,V75,7.689481736045675
736,783,834,V76,7.689481736045675
736,783,834,V77,7.689481736045675
740,965,834,V57,3.83986736177262
740,659,834,V39,5.284552964469467
740,783,834,V21,7.689481736045675
740,783,834,V22,7.689481736045675
740,783,834,V23,7.689481736045675
740,783,834,V24,7.689481736045675
740,783,834,V28,7.689481736045675
740,783,834,V29,7.689481736045675
740,783,834,V30,7.689481736045675
740,783,834,V31,7.689481736045675
740,783,834,V34,7.689481736045675
740,783,834,V37,7.689481736045675
740,783,834,V38,7.689481736045675
740,783,834,V40,7.689481736045675
740,783,834,V41,7.689481736045675
740,783,834,V45,7.689481736045675
740,783,834,V46,7.689481736045675
740,783,834,V47,7.689481736045675
740,783,834,V50,7.689481736045675
740,783,834,V51,7.689481736045675
740,783,834,V53,7.689481736045675
740,783,834,V54,7.689481736045675
740,783,834,V55,7.689481736045675
740,783,834,V56,7.689481736045675
740,783,834,V58,7.689481736045675
740,783,834,V59,7.689481736045675
740,783,834,V60,7.689481736045675
740,783,834,V61,7.689481736045675
740,783,834,V62,7.689481736045675
740,783,834,V64,7.689481736045675
740,1276,885,V33,10.705394585658723
740,1276,885,V49,10.705394585658723
740,1276,885,V73,10.705394585658723
740,1276,885,V92,10.705394585658723
740,1276,885,V110,10.705394585658723
740,783,885,V65,15.378166398318458
740,783,885,V67,15.378166398318458
740,783,931,V68,18.3740064075405
740,783,931,V69,18.3740064075405
740,783,931,V72,18.3740064075405
740,783,931,V75,18.3740064075405
740,783,931,V76,18.3740064075405
740,783,931,V77,18.3740064075405
740,783,882,V78,12.561839638690564
740,783,882,V86,12.561839638690564
740,783,882,V88,12.561839638690564
740,783,882,V89,12.561839638690564
740,783,1106,V93,22.318447076891776
740,783,1106,V95,22.318447076891776
740,783,1106,V97,22.318447076891776
740,783,1106,V99,22.318447076891776
740,783,1068,V100,26.525178301273773
740,783,1068,V101,26.525178301273773
740,783,1068,V103,26.525178301273773
740,783,1068,V104,26.525178301273773
740,783,1013,V105,15.308499342485224
740,783,1013,V106,15.308499342485224
740,783,1013,V107,15.308499342485224
740,783,917,V108,5.8083597500151045
740,783,917,V109,5.8083597500151045
740,783,917,V111,5.8083597500151045
740,783,708,V112,10.697285568723771
740,783,708,V114,10.697285568723771
740,783,849,V115,21.903135562742808
740,783,849,V116,21.903135562742808
740,1296,1229,V25,18.186956046651705
740,783,535,V117,11.620421645142477
740,783,1091,V118,10.241109598832232
744,834,917,V36,3.617203703030827
744,834,917,V68,3.617203703030827
744,834,917,V88,3.617203703030827
744,834,659,V98,5.284552964469467
744,783,659,V22,5.809594285895007
744,783,659,V25,5.809594285895007
744,882,885,V78,2.852794790784161
744,849,885,V75,6.749102957431653
744,849,885,V76,6.749102957431653
744,1276,1229,V77,3.959637309104105
744,1276,1229,V99,3.959637309104105
744,783,1229,V26,18.841160835534616
744,783,931,V27,18.3740064075405
744,783,931,V32,18.3740064075405
744,783,931,V33,18.3740064075405
744,359,708,V21,10.088438580081291
744,359,708,V24,10.088438580081291
744,359,535,V28,5.855067293961566
744,359,535,V30,5.855067293961566
744,783,1370,V42,30.28578929187396
744,783,1370,V48,30.28578929187396
744,783,1068,V52,26.525178301273773
744,783,1068,V61,26.525178301273773
744,783,566,V62,5.876334276322891
744,783,965,V63,10.498093903671007
744,783,1091,V67,10.241109598832232
744,783,1106,V84,22.318447076891776
744,783,1102,V85,18.800951364959644
748,783,659,V22,5.809594285895007
748,783,659,V23,5.809594285895007
748,783,659,V25,5.809594285895007
748,783,659,V28,5.809594285895007
748,783,659,V30,5.809594285895007
748,783,659,V34,5.809594285895007
748,882,965,V27,3.616965677313317
748,1013,965,V69,4.881725510082577
748,1013,965,V76,4.881725510082577
748,1013,965,V94,4.881725510082577
748,1106,1102,V26,3.80171314717607
748,931,1102,V77,4.548251915941359
748,931,1102,V104,4.548251915941359
748,1182,885,V29,8.662721360426067
748,1182,885,V42,8.662721360426067
748,1276,885,V85,10.705394585658723
748,1276,1229,V125,3.959637309104105
748,783,1229,V37,18.841160835534616
748,783,1229,V44,18.841160835534616
748,359,708,V35,10.088438580081291
748,359,708,V38,10.088438580081291
748,783,1091,V49,10.241109598832232
748,783,1091,V51,10.241109598832232
748,359,535,V39,5.855067293961566
748,359,535,V40,5.855067293961566
748,359,672,V41,13.82150748825628
748,783,834,V52,7.689481736045675
748,359,849,V43,20.280567075307232
752,1013,1370,V52,15.22257692845342
752,1013,1370,V87,15.22257692845342
752,1182,1370,V24,15.837773174985912
752,1182,1370,V96,15.837773174985912
752,965,1276,V21,12.284417645367478
752,965,1276,V27,12.284417645367478
752,965,1276,V29,12.284417645367478
752,917,834,V73,3.617203703030827
752,965,834,V34,3.83986736177262
752,965,834,V69,3.83986736177262
752,708,1229,V28,14.16486062369625
752,659,1229,V25,17.8420518180728
752,535,1106,V111,18.41773778392903
752,783,1106,V22,22.318447076891776
752,783,882,V30,12.561839638690564
752,783,882,V32,12.561839638690564
752,783,885,V36,15.378166398318458
756,965,834,V28,3.83986736177262
756,965,834,V35,3.83986736177262
756,965,834,V113,3.83986736177262
756,965,834,V116,3.83986736177262
756,708,834,V82,4.389831624444016
756,659,834,V69,5.284552964469467
756,659,834,V100,5.284552964469467
756,1091,834,V49,6.739095652327052
756,885,834,V23,7.688685710981335
756,885,834,V30,7.688685710981335
756,885,834,V34,7.688685710981335
756,885,834,V73,7.688685710981335
756,885,834,V114,7.688685710981335
756,783,834,V21,7.689481736045675
756,783,834,V27,7.689481736045675
756,1102,882,V22,7.314751476768936
756,1102,882,V26,7.314751476768936
756,1229,882,V25,9.341474227178574
756,1106,1276,V89,4.836798739645476
756,1068,1276,V41,8.66943360865319
756,1068,1276,V125,8.66943360865319
756,849,931,V24,4.4061387562478425
756,849,931,V36,4.4061387562478425
756,849,1182,V52,13.728760504847472
756,535,672,V32,8.311483007291683
760,917,834,V39,3.617203703030827
760,659,834,V22,5.284552964469467
760,659,834,V67,5.284552964469467
760,659,834,V117,5.284552964469467
760,783,834,V26,7.689481736045675
760,783,834,V28,7.689481736045675
760,783,834,V29,7.689481736045675
760,783,834,V30,7.689481736045675
760,783,834,V33,7.689481736045675
760,783,834,V34,7.689481736045675
760,783,834,V36,7.689481736045675
760,783,834,V62,7.689481736045675
760,931,885,V23,3.0617002345235647
760,931,885,V35,3.0617002345235647
760,931,885,V70,3.0617002345235647
760,931,885,V73,3.0617002345235647
760,931,885,V82,3.0617002345235647
760,931,885,V84,3.0617002345235647
760,931,885,V89,3.0617002345235647
760,535,708,V32,4.548441137468074
760,535,708,V38,4.548441137468074
760,535,708,V77,4.548441137468074
760,1102,882,V52,7.314751476768936
760,1229,882,V21,9.341474227178574
760,535,882,V124,9.342211452816104
760,1398,1276,V41,7.438993890374081
760,849,1276,V24,11.479314497557898
760,849,672,V27,6.511836392511076
760,849,672,V51,6.511836392511076
760,783,965,V63,10.498093903671007
760,783,965,V65,10.498093903671007
760,783,566,V66,5.876334276322891
760,849,1106,V55,6.739095652327052
760,855,1370,V75,13.377197086368376
764,965,834,V36,3.83986736177262
764,965,834,V62,3.83986736177262
764,965,834,V63,3.83986736177262
764,965,834,V68,3.83986736177262
764,882,834,V34,4.883195120135012
764,882,834,V51,4.883195120135012
764,882,834,V52,4.883195120135012
764,882,834,V73,4.883195120135012
764,882,834,V77,4.883195120135012
764,882,834,V103,4.883195120135012
764,882,834,V114,4.883195120135012
764,1091,834,V33,6.739095652327052
764,1091,834,V65,6.739095652327052
764,1091,834,V101,6.739095652327052
764,1091,834,V112,6.739095652327052
764,1091,834,V127,6.739095652327052
764,783,834,V69,7.689481736045675
764,783,834,V106,7.689481736045675
764,783,834,V124,7.689481736045675
764,1102,1106,V28,3.80171314717607
764,1102,1106,V41,3.80171314717607
764,1102,1106,V55,3.80171314717607
764,535,708,V23,4.548441137468074
764,535,708,V32,4.548441137468074
764,1102,1370,V78,11.609712853230407
768,708,834,V31,4.389831624444016
768,708,834,V62,4.389831624444016
768,708,834,V63,4.389831624444016
768,708,834,V68,4.389831624444016
768,708,834,V101,4.389831624444016
768,708,834,V105,4.389831624444016
768,708,834,V127,4.389831624444016
768,708,834,V131,4.389831624444016
768,708,834,V148,4.389831624444016
768,882,834,V36,4.883195120135012
768,882,834,V78,4.883195120135012
768,1091,834,V23,6.739095652327052
768,1091,834,V33,6.739095652327052
768,1398,1435,V48,5.805514364498899
768,1398,1435,V136,5.805514364498899
768,1091,1435,V70,8.895594131564904
768,1091,965,V76,4.388654712140797
768,1091,965,V124,4.388654712140797
768,1068,1370,V44,7.841426035905807
768,783,659,V21,5.809594285895007
768,1091,917,V129,4.837115435970083
768,931,885,V86,3.0617002345235647
772,882,834,V36,4.883195120135012
772,882,834,V48,4.883195120135012
772,882,834,V67,4.883195120135012
772,882,834,V70,4.883195120135012
772,659,834,V105,5.284552964469467
772,1013,885,V23,3.46869779664105
772,1013,885,V25,3.46869779664105
776,1229,1276,V24,3.959637309104105
776,1229,1276,V32,3.959637309104105
776,1229,1276,V39,3.959637309104105
776,1229,1276,V81,3.959637309104105
776,1182,1435,V31,8.189653224238826
780,1013,965,V68,4.881725510082577
780,1013,965,V75,4.881725510082577
780,1013,965,V82,4.881725510082577
780,1013,965,V100,4.881725510082577
780,1013,965,V109,4.881725510082577
780,1013,965,V112,4.881725510082577
780,885,882,V23,2.852794790784161
780,885,882,V105,2.852794790784161
780,1013,882,V122,3.839767699909249
780,1013,882,V124,3.839767699909249
780,708,834,V21,4.389831624444016
780,783,834,V22,7.689481736045675
780,783,834,V25,7.689481736045675
780,1229,1182,V110,3.960024365898536
780,1229,1182,V116,3.960024365898536
780,1229,1182,V119,3.960024365898536
780,1013,931,V144,4.405443882921528
780,1013,931,V145,4.405443882921528
780,783,659,V27,5.809594285895007
780,783,659,V29,5.809594285895007
780,1106,1276,V35,4.836798739645476
784,885,834,V22,7.688685710981335
784,885,834,V25,7.688685710981335
784,885,834,V68,7.688685710981335
784,783,834,V23,7.689481736045675
784,783,834,V27,7.689481736045675
784,783,834,V29,7.689481736045675
784,783,834,V30,7.689481736045675
784,783,834,V31,7.689481736045675
784,783,834,V33,7.689481736045675
784,783,834,V34,7.689481736045675
784,783,834,V35,7.689481736045675
784,783,834,V37,7.689481736045675
784,1013,931,V26,4.405443882921528
784,1106,931,V98,5.283575443416337
784,1106,931,V129,5.283575443416337
784,672,931,V36,6.73915242731767
784,672,931,V113,6.73915242731767
784,1068,931,V123,8.304853837171269
784,1068,931,V126,8.304853837171269
784,1276,931,V21,8.946223146223524
784,783,659,V38,5.809594285895007
784,783,659,V40,5.809594285895007
784,783,659,V42,5.809594285895007
784,783,659,V44,5.809594285895007
784,783,659,V45,5.809594285895007
784,783,659,V46,5.809594285895007
784,783,659,V47,5.809594285895007
784,783,965,V48,10.498093903671007
784,783,965,V49,10.498093903671007
784,783,965,V51,10.498093903671007
784,783,965,V52,10.498093903671007
784,783,965,V55,10.498093903671007
784,783,965,V61,10.498093903671007
784,508,849,V96,9.342303526294996
784,1398,849,V81,17.29967050146656
784,359,849,V53,20.280567075307232
784,359,849,V54,20.280567075307232
784,359,849,V56,20.280567075307232
784,783,1229,V63,18.841160835534616
784,783,1229,V65,18.841160835534616
784,783,1229,V66,18.841160835534616
784,783,1229,V67,18.841160835534616
784,783,1102,V70,18.800951364959644
784,783,1102,V76,18.800951364959644
784,783,1102,V82,18.800951364959644
784,359,535,V57,5.855067293961566
784,359,535,V58,5.855067293961566
784,359,535,V59,5.855067293961566
784,359,708,V60,10.088438580081291
784,359,708,V64,10.088438580081291
784,783,1182,V86,15.175538880502293
784,783,1182,V89,15.175538880502293
784,783,1091,V95,10.241109598832232
784,783,1091,V99,10.241109598832232
784,783,882,V100,12.561839638690564
784,783,882,V101,12.561839638690564
788,882,834,V26,4.883195120135012
788,783,834,V22,7.689481736045675
788,783,834,V23,7.689481736045675
788,783,834,V24,7.689481736045675
788,783,834,V27,7.689481736045675
788,783,834,V29,7.689481736045675
788,783,834,V30,7.689481736045675
788,783,834,V31,7.689481736045675
788,1102,1013,V63,3.616251246210677
788,783,1013,V33,15.308499342485224
788,783,1013,V34,15.308499342485224
788,783,1013,V35,15.308499342485224
788,783,1013,V36,15.308499342485224
788,783,1013,V37,15.308499342485224
788,783,1013,V41,15.308499342485224
788,783,1091,V44,10.241109598832232
788,783,1091,V45,10.241109598832232
788,783,1091,V46,10.241109598832232
788,783,1091,V47,10.241109598832232
788,783,1091,V48,10.241109598832232
788,783,1091,V51,10.241109598832232
788,783,1229,V52,18.841160835534616
788,783,1229,V55,18.841160835534616
788,783,1229,V56,18.841160835534616
788,783,1229,V57,18.841160835534616
788,783,1229,V58,18.841160835534616
788,783,1229,V59,18.841160835534616
788,783,1370,V60,30.28578929187396
788,783,1370,V61,30.28578929187396
788,783,1370,V62,30.28578929187396
788,783,1370,V64,30.28578929187396
788,783,1370,V65,30.28578929187396
788,783,1370,V67,30.28578929187396
788,783,659,V68,5.809594285895007
788,783,659,V70,5.809594285895007
788,783,659,V75,5.809594285895007
788,783,659,V76,5.809594285895007
788,783,659,V86,5.809594285895007
788,783,965,V89,10.498093903671007
788,783,965,V94,10.498093903671007
788,783,965,V95,10.498093903671007
788,783,965,V98,10.498093903671007
788,783,931,V99,18.3740064075405
788,783,931,V100,18.3740064075405
788,783,931,V101,18.3740064075405
788,783,1276,V102,22.606377139254327
788,783,1276,V105,22.606377139254327
788,359,855,V74,25.072383606119217
788,359,855,V78,25.072383606119217
788,783,1106,V108,22.318447076891776
788,783,1106,V112,22.318447076891776
788,359,535,V79,5.855067293961566
788,359,535,V80,5.855067293961566
788,783,1182,V113,15.175538880502293
788,783,1068,V116,26.525178301273773
792,1102,1229,V57,3.8392690799482057
792,1102,1229,V102,3.8392690799482057
792,1102,1229,V108,3.8392690799482057
792,1102,1229,V118,3.8392690799482057
792,1276,1229,V73,3.959637309104105
792,1182,1229,V34,3.960024365898536
792,1182,1229,V44,3.960024365898536
792,1182,1229,V47,3.960024365898536
792,1182,1229,V48,3.960024365898536
792,1182,965,V51,5.875748248781206
792,1182,965,V60,5.875748248781206
792,1182,965,V62,5.875748248781206
792,1182,965,V64,5.875748248781206
792,1182,965,V67,5.875748248781206
792,931,885,V52,3.0617002345235647
792,931,885,V79,3.0617002345235647
792,931,885,V100,3.0617002345235647
792,931,885,V112,3.0617002345235647
792,1182,1013,V113,5.283249325636405
792,708,1013,V28,8.663428210145081
792,1370,1013,V135,15.22257692845342
792,359,535,V83,5.855067293961566
792,359,535,V85,5.855067293961566
792,359,535,V87,5.855067293961566
792,1370,1106,V136,8.775541653972592
792,1370,1106,V138,8.775541653972592
792,783,1091,V21,10.241109598832232
792,783,1091,V22,10.241109598832232
792,783,834,V23,7.689481736045675
792,783,834,V24,7.689481736045675
792,783,659,V25,5.809594285895007
792,359,672,V88,13.82150748825628
792,783,917,V26,5.8083597500151045
792,1370,1398,V139,14.289920547900731
792,783,882,V27,12.561839638690564
796,708,834,V30,4.389831624444016
796,708,834,V49,4.389831624444016
796,708,834,V51,4.389831624444016
796,882,834,V40,4.883195120135012
796,882,834,V60,4.883195120135012
796,882,834,V61,4.883195120135012
796,882,834,V64,4.883195120135012
796,882,834,V95,4.883195120135012
796,882,965,V102,3.616965677313317
796,882,965,V131,3.616965677313317
796,882,965,V133,3.616965677313317
796,1102,965,V47,8.304116264398273
796,1102,965,V57,8.304116264398273
796,1102,965,V65,8.304116264398273
796,1102,965,V81,8.304116264398273
796,1102,1013,V108,3.616251246210677
796,931,1013,V66,4.405443882921528
796,931,1013,V99,4.405443882921528
796,931,1013,V104,4.405443882921528
796,783,659,V22,5.809594285895007
796,783,659,V23,5.809594285895007
796,783,659,V25,5.809594285895007
796,359,535,V91,5.855067293961566
796,359,535,V92,5.855067293961566
796,1106,1276,V28,4.836798739645476
796,1370,1276,V140,7.918112864657469
796,1370,1229,V142,11.877749718768223
796,1370,1229,V143,11.877749718768223
796,783,1182,V26,15.175538880502293
796,359,672,V93,13.82150748825628
796,1370,855,V144,13.377197086368376
796,1370,1068,V145,7.841426035905807
800,708,834,V45,4.389831624444016
800,708,834,V67,4.389831624444016
800,708,834,V86,4.389831624444016
800,708,834,V95,4.389831624444016
800,882,834,V66,4.883195120135012
800,783,834,V22,7.689481736045675
800,783,834,V23,7.689481736045675
800,783,834,V24,7.689481736045675
800,1102,1276,V38,4.836798739646007
800,1102,1276,V63,4.836798739646007
800,1370,1276,V148,7.918112864657469
800,1370,1276,V149,7.918112864657469
800,1370,1276,V151,7.918112864657469
800,1013,1276,V26,8.190822817543284
800,1013,1276,V57,8.190822817543284
800,359,535,V97,5.855067293961566
800,359,535,V111,5.855067293961566
800,359,535,V115,5.855067293961566
800,359,535,V117,5.855067293961566
800,359,535,V120,5.855067293961566
800,1013,1182,V61,5.283249325636405
800,1013,1182,V99,5.283249325636405
800,1435,1182,V39,8.189653224238826
800,1435,1182,V75,8.189653224238826
800,1068,1182,V21,14.6407627195109
800,1068,931,V27,8.304853837171269
800,1068,931,V74,8.304853837171269
800,1068,931,V100,8.304853837171269
800,783,931,V30,18.3740064075405
800,783,885,V33,15.378166398318458
800,783,885,V40,15.378166398318458
800,783,885,V41,15.378166398318458
800,783,885,V42,15.378166398318458
800,783,917,V44,5.8083597500151045
800,783,917,V47,5.8083597500151045
800,783,917,V48,5.8083597500151045
800,359,849,V132,20.280567075307232
800,783,849,V50,21.903135562742808
800,783,849,V51,21.903135562742808
800,783,855,V53,27.60378823743443
800,783,855,V55,27.60378823743443
800,783,1229,V60,18.841160835534616
800,783,1229,V62,18.841160835534616
804,1106,1102,V26,3.80171314717607
804,1106,1102,V57,3.80171314717607
804,1229,1102,V30,3.8392690799482057
804,1229,1276,V143,3.959637309104105
804,1398,1276,V63,7.438993890374081
804,855,849,V28,5.706192977162224
804,855,849,V90,5.706192977162224
804,834,917,V27,3.617203703030827
804,965,1091,V48,4.388654712140797
804,885,1013,V22,3.46869779664105
808,885,882,V26,2.852794790784161
808,885,882,V27,2.852794790784161
808,885,882,V33,2.852794790784161
808,885,882,V58,2.852794790784161
808,885,882,V86,2.852794790784161
808,885,882,V87,2.852794790784161
808,885,882,V88,2.852794790784161
808,885,882,V117,2.852794790784161
808,885,882,V130,2.852794790784161
808,931,882,V22,5.812636165404913
808,931,882,V25,5.812636165404913
808,931,882,V37,5.812636165404913
808,931,882,V40,5.812636165404913
808,659,834,V45,5.284552964469467
808,659,834,V85,5.284552964469467
808,659,834,V98,5.284552964469467
808,1091,834,V31,6.739095652327052
808,1091,834,V63,6.739095652327052
808,1091,965,V91,4.388654712140797
808,1091,965,V107,4.388654712140797
808,1091,965,V108,4.388654712140797
808,1091,965,V124,4.388654712140797
808,1106,1276,V30,4.836798739645476
808,1398,1276,V28,7.438993890374081
808,931,1013,V60,4.405443882921528
808,931,1013,V78,4.405443882921528
808,849,855,V51,5.706192977162224
812,1102,931,V57,4.548251915941359
812,1102,931,V83,4.548251915941359
812,1106,931,V28,5.283575443416337
812,917,882,V85,7.68788945836583
812,1182,882,V27,7.841474878454721
812,1182,882,V42,7.841474878454721
812,1106,885,V52,7.965381677815221
812,1106,885,V60,7.965381677815221
812,1106,885,V110,7.965381677815221
812,1068,855,V51,5.87594370452583
812,1068,855,V69,5.87594370452583
812,535,708,V24,4.548441137468074
812,535,708,V59,4.548441137468074
812,1229,1013,V23,5.640389822593795
812,1229,1013,V26,5.640389822593795
812,1068,849,V84,6.736061142863373
812,1091,965,V33,4.388654712140797
816,535,708,V62,4.548441137468074
816,535,708,V65,4.548441137468074
816,535,708,V76,4.548441137468074
816,535,708,V77,4.548441137468074
816,535,708,V91,4.548441137468074
816,885,931,V28,3.0617002345235647
816,885,931,V40,3.0617002345235647
816,1102,931,V27,4.548251915941359
816,1102,931,V105,4.548251915941359
816,672,882,V21,7.316385892068044
816,672,882,V37,7.316385892068044
816,672,882,V38,7.316385892068044
816,672,882,V64,7.316385892068044
816,917,834,V34,3.617203703030827
816,917,834,V78,3.617203703030827
816,1068,855,V45,5.87594370452583
820,885,882,V77,2.852794790784161
820,1013,882,V42,3.839767699909249
820,1013,882,V59,3.839767699909249
820,1013,882,V73,3.839767699909249
820,834,965,V26,3.83986736177262
820,834,965,V33,3.83986736177262
820,834,965,V53,3.83986736177262
820,1091,965,V32,4.388654712140797
820,783,659,V22,5.809594285895007
820,849,931,V21,4.4061387562478425
824,1229,1398,V25,5.282433425576492
824,1229,1398,V26,5.282433425576492
824,1229,1398,V56,5.282433425576492
824,1182,1398,V58,5.640321895106829
824,1182,1398,V79,5.640321895106829
824,1182,1398,V86,5.640321895106829
824,1435,1398,V29,5.805514364498899
824,1435,1398,V30,5.805514364498899
824,1435,1398,V44,5.805514364498899
824,1435,1398,V71,5.805514364498899
824,1435,1398,V89,5.805514364498899
824,1276,1398,V38,7.438993890374081
824,1276,1398,V61,7.438993890374081
824,1276,1398,V83,7.438993890374081
824,1102,1398,V27,9.118728510486134
824,1102,1398,V33,9.118728510486134
824,1102,1398,V47,9.118728510486134
824,885,882,V22,2.852794790784161
824,885,882,V59,2.852794790784161
824,885,882,V69,2.852794790784161
824,885,882,V77,2.852794790784161
824,708,882,V34,4.837510953567602
824,834,965,V91,3.83986736177262
828,708,882,V78,4.837510953567602
828,1102,882,V23,7.314751476768936
828,672,882,V60,7.316385892068044
828,672,882,V76,7.316385892068044
828,1106,1276,V25,4.836798739645476
828,1106,1276,V26,4.836798739645476
828,1106,1276,V27,4.836798739645476
828,1106,1276,V28,4.836798739645476
828,917,834,V80,3.617203703030827
828,1091,834,V85,6.739095652327052
828,1091,834,V87,6.739095652327052
828,849,931,V37,4.4061387562478425
828,849,931,V42,4.4061387562478425
828,783,659,V21,5.809594285895007
828,783,659,V24,5.809594285895007
828,1091,965,V88,4.388654712140797
832,1091,834,V130,6.739095652327052
832,885,834,V78,7.688685710981335
832,783,834,V22,7.689481736045675
832,783,834,V25,7.689481736045675
832,783,834,V27,7.689481736045675
832,783,834,V28,7.689481736045675
832,783,834,V30,7.689481736045675
832,783,834,V33,7.689481736045675
832,783,834,V34,7.689481736045675
832,783,834,V35,7.689481736045675
832,1106,1276,V44,4.836798739645476
832,1106,1276,V47,4.836798739645476
832,1106,1276,V50,4.836798739645476
832,1106,1276,V56,4.836798739645476
832,1106,1276,V57,4.836798739645476
832,1106,1276,V58,4.836798739645476
832,1102,965,V29,8.304116264398273
832,1102,965,V32,8.304116264398273
832,783,965,V36,10.498093903671007
832,783,965,V37,10.498093903671007
832,783,965,V39,10.498093903671007
832,783,965,V41,10.498093903671007
832,1106,1182,V61,9.760018472127422
832,1106,1182,V67,9.760018472127422
832,1106,1182,V71,9.760018472127422
832,1106,1182,V74,9.760018472127422
832,849,931,V108,4.4061387562478425
832,1106,931,V77,5.283575443416337
832,1106,931,V79,5.283575443416337
832,1106,1398,V83,11.562838367297022
832,1106,1398,V86,11.562838367297022
832,1106,1398,V89,11.562838367297022
832,1106,1229,V111,6.605818539698737
832,1106,1229,V115,6.605818539698737
832,1106,1229,V118,6.605818539698737
832,535,708,V122,4.548441137468074
832,535,708,V129,4.548441137468074
832,535,708,V131,4.548441137468074
832,535,882,V138,9.342211452816104
832,783,917,V42,5.8083597500151045
832,783,659,V45,5.809594285895007
836,1102,931,V118,4.548251915941359
836,882,931,V48,5.812636165404913
836,882,931,V77,5.812636165404913
836,672,931,V23,6.73915242731767
836,672,931,V63,6.73915242731767
836,1068,931,V116,8.304853837171269
836,1068,931,V119,8.304853837171269
836,1276,1182,V51,7.919661523440269
836,1276,1182,V52,7.919661523440269
836,1276,1182,V55,7.919661523440269
836,1276,1182,V62,7.919661523440269
836,1276,885,V65,10.705394585658723
836,1276,885,V66,10.705394585658723
836,1276,885,V70,10.705394585658723
836,1276,885,V75,10.705394585658723
836,783,1013,V22,15.308499342485224
836,783,1013,V24,15.308499342485224
836,783,1013,V25,15.308499342485224
836,783,1013,V26,15.308499342485224
836,783,834,V27,7.689481736045675
836,783,834,V28,7.689481736045675
836,783,834,V30,7.689481736045675
836,783,834,V32,7.689481736045675
836,783,659,V33,5.809594285895007
836,783,659,V34,5.809594285895007
836,783,659,V35,5.809594285895007
836,783,965,V36,10.498093903671007
836,783,965,V37,10.498093903671007
836,783,965,V38,10.498093903671007
836,359,708,V68,10.088438580081291
836,359,708,V73,10.088438580081291
836,359,708,V98,10.088438580081291
836,783,1398,V39,19.874616662347663
836,783,1398,V41,19.874616662347663
836,783,917,V42,5.8083597500151045
836,783,917,V44,5.8083597500151045
836,508,849,V82,9.342303526294996
836,508,849,V90,9.342303526294996
836,508,1106,V123,16.025446935620938
836,783,1229,V45,18.841160835534616
840,783,659,V22,5.809594285895007
840,783,659,V24,5.809594285895007
840,783,659,V25,5.809594285895007
840,783,659,V27,5.809594285895007
840,783,659,V29,5.809594285895007
840,783,659,V30,5.809594285895007
840,359,535,V120,5.855067293961566
840,566,535,V69,11.474227573045091
840,566,535,V106,11.474227573045091
840,783,535,V32,11.620421645142477
840,783,535,V33,11.620421645142477
840,1091,834,V21,6.739095652327052
840,1091,834,V40,6.739095652327052
840,1091,834,V42,6.739095652327052
840,1091,834,V47,6.739095652327052
840,783,708,V36,10.697285568723771
840,783,708,V37,10.697285568723771
840,783,708,V44,10.697285568723771
840,1091,965,V51,4.388654712140797
840,1091,965,V55,4.388654712140797
840,1102,885,V31,5.875878565174106
840,849,931,V116,4.4061387562478425
840,1102,1182,V39,6.120304815079837
840,1435,1398,V123,5.805514364498899
840,1102,1106,V41,3.80171314717607
840,1102,1013,V60,3.616251246210677
840,508,672,V92,8.81713559460697
844,1276,1398,V35,7.438993890374081
844,1276,1398,V41,7.438993890374081
844,1276,1398,V46,7.438993890374081
844,1068,1398,V50,16.00213801732287
844,783,1398,V21,19.874616662347663
844,783,1398,V22,19.874616662347663
844,783,1398,V24,19.874616662347663
844,783,1398,V27,19.874616662347663
844,783,1398,V28,19.874616662347663
844,783,1398,V29,19.874616662347663
844,783,1398,V30,19.874616662347663
844,783,1398,V32,19.874616662347663
844,783,1398,V37,19.874616662347663
844,783,1398,V38,19.874616662347663
844,783,1398,V40,19.874616662347663
844,783,1398,V45,19.874616662347663
844,783,1398,V47,19.874616662347663
844,783,1398,V48,19.874616662347663
844,783,1398,V51,19.874616662347663
844,783,1398,V53,19.874616662347663
844,783,659,V25,5.809594285895007
844,783,659,V55,5.809594285895007
844,783,659,V56,5.809594285895007
844,783,659,V57,5.809594285895007
844,783,659,V59,5.809594285895007
844,783,659,V60,5.809594285895007
844,783,659,V61,5.809594285895007
844,783,672,V63,17.445012141301472
844,783,672,V65,17.445012141301472
844,783,672,V67,17.445012141301472
844,783,672,V69,17.445012141301472
844,783,672,V70,17.445012141301472
844,783,672,V73,17.445012141301472
844,783,1229,V74,18.841160835534616
844,783,1229,V75,18.841160835534616
844,783,1229,V78,18.841160835534616
844,783,1229,V79,18.841160835534616
844,783,1229,V80,18.841160835534616
844,783,1229,V81,18.841160835534616
844,783,1013,V82,15.308499342485224
844,783,1013,V83,15.308499342485224
844,783,1013,V84,15.308499342485224
844,783,1013,V85,15.308499342485224
844,783,1013,V86,15.308499342485224
844,783,708,V87,10.697285568723771
844,783,708,V88,10.697285568723771
844,783,708,V89,10.697285568723771
844,783,849,V90,21.903135562742808
844,783,849,V91,21.903135562742808
844,783,849,V94,21.903135562742808
844,783,834,V95,7.689481736045675
844,783,834,V96,7.689481736045675
844,783,834,V97,7.689481736045675
844,783,1091,V98,10.241109598832232
844,783,1091,V99,10.241109598832232
844,783,882,V100,12.561839638690564
844,783,882,V102,12.561839638690564
844,783,917,V103,5.8083597500151045
844,783,855,V104,27.60378823743443
844,783,885,V105,15.378166398318458
844,783,535,V106,11.620421645142477
848,708,834,V23,4.389831624444016
848,708,834,V35,4.389831624444016
848,708,834,V68,4.389831624444016
848,882,834,V25,4.883195120135012
848,882,834,V31,4.883195120135012
848,882,834,V42,4.883195120135012
848,882,834,V44,4.883195120135012
848,882,834,V54,4.883195120135012
848,882,834,V64,4.883195120135012
848,882,834,V86,4.883195120135012
848,882,834,V102,4.883195120135012
848,882,834,V109,4.883195120135012
848,783,834,V22,7.689481736045675
848,783,834,V24,7.689481736045675
848,783,834,V26,7.689481736045675
848,783,834,V27,7.689481736045675
848,783,834,V28,7.689481736045675
848,931,849,V70,4.4061387562478425
848,931,849,V74,4.4061387562478425
848,931,849,V85,4.4061387562478425
848,1068,1276,V91,8.66943360865319
848,1068,1276,V92,8.66943360865319
848,535,1276,V21,21.16000916395143
848,535,1013,V29,13.123524045686974
848,535,1013,V50,13.123524045686974
848,783,672,V30,17.445012141301472
848,783,1229,V32,18.841160835534616
848,783,1102,V33,18.800951364959644
852,965,834,V27,3.83986736177262
852,882,834,V22,4.883195120135012
852,882,834,V24,4.883195120135012
852,885,834,V34,7.688685710981335
852,885,834,V58,7.688685710981335
852,783,834,V21,7.689481736045675
852,1182,1229,V33,3.960024365898536
852,1182,1229,V39,3.960024365898536
852,1182,1229,V56,3.960024365898536
852,931,849,V57,4.4061387562478425
852,931,849,V70,4.4061387562478425
852,931,849,V84,4.4061387562478425
852,855,508,V103,9.342303526295408
852,931,508,V90,12.961089805583503
852,931,672,V137,6.73915242731767
852,1182,672,V71,14.511820279616508
852,783,708,V23,10.697285568723771
852,783,708,V26,10.697285568723771
852,1182,1102,V122,6.120304815079837
852,1182,1102,V125,6.120304815079837
852,783,917,V29,5.8083597500151045
852,1182,1013,V126,5.283249325636405
852,1182,1068,V128,14.6407627195109
856,882,965,V24,3.616965677313317
856,882,965,V25,3.616965677313317
856,882,965,V28,3.616965677313317
856,834,965,V22,3.83986736177262
856,1013,965,V21,4.881725510082577
856,1013,965,V73,4.881725510082577
856,535,708,V65,4.548441137468074
856,535,708,V116,4.548441137468074
856,535,708,V126,4.548441137468074
856,931,708,V26,9.423506251261468
856,931,708,V55,9.423506251261468
856,931,885,V85,3.0617002345235647
856,931,885,V103,3.0617002345235647
856,1182,885,V130,8.662721360426067
856,783,659,V23,5.809594285895007
856,783,659,V29,5.809594285895007
856,783,659,V30,5.809594285895007
856,1182,1091,V131,5.24631154396119
856,1182,1091,V132,5.24631154396119
856,1276,1102,V32,4.836798739646007
856,1276,1102,V92,4.836798739646007
856,1068,1229,V52,11.360488351411393
856,855,849,V70,5.706192977162224
860,1229,1398,V29,5.282433425576492
860,1229,1398,V30,5.282433425576492
860,1229,1398,V33,5.282433425576492
860,1229,1398,V46,5.282433425576492
860,1229,1398,V49,5.282433425576492
860,1182,1398,V92,5.640321895106829
860,1013,1398,V26,10.186376382121452
860,1106,1398,V53,11.562838367297022
860,882,1398,V21,13.343391197346763
860,882,1398,V22,13.343391197346763
860,882,1398,V24,13.343391197346763
860,882,1398,V27,13.343391197346763
860,882,1398,V28,13.343391197346763
860,882,1398,V34,13.343391197346763
860,882,1398,V36,13.343391197346763
860,882,1398,V40,13.343391197346763
860,882,885,V45,2.852794790784161
860,882,885,V51,2.852794790784161
860,1068,1276,V32,8.66943360865319
860,917,834,V101,3.617203703030827
860,931,1102,V56,4.548251915941359
864,882,965,V21,3.616965677313317
864,882,965,V22,3.616965677313317
864,882,965,V24,3.616965677313317
864,882,965,V26,3.616965677313317
864,882,965,V28,3.616965677313317
864,882,1013,V29,3.839767699909249
864,882,1013,V30,3.839767699909249
864,882,1013,V34,3.839767699909249
872,885,1013,V24,3.46869779664105
876,1182,1091,V27,5.24631154396119
876,1182,1091,V32,5.24631154396119
876,882,1091,V86,7.965381677815221
876,882,1091,V87,7.965381677815221
876,882,1091,V91,7.965381677815221
876,882,965,V92,3.616965677313317
876,882,965,V98,3.616965677313317
876,882,965,V126,3.616965677313317
876,708,535,V53,4.548441137468074
876,708,535,V80,4.548441137468074
876,359,535,V41,5.855067293961566
876,885,1013,V26,3.46869779664105
876,885,1013,V31,3.46869779664105
876,885,1013,V104,3.46869779664105
876,1102,1229,V24,3.8392690799482057
876,1106,1229,V22,6.605818539698737
876,885,834,V106,7.688685710981335
876,783,659,V21,5.809594285895007
880,885,834,V126,7.688685710981335
880,783,834,V21,7.689481736045675
880,783,834,V22,7.689481736045675
880,783,834,V25,7.689481736045675
880,783,834,V27,7.689481736045675
880,783,834,V28,7.689481736045675
880,783,834,V29,7.689481736045675
880,783,834,V30,7.689481736045675
880,783,834,V32,7.689481736045675
880,1106,1229,V61,6.605818539698737
880,1106,1229,V86,6.605818539698737
880,1106,1229,V87,6.605818539698737
880,1106,1229,V97,6.605818539698737
880,1106,1229,V105,6.605818539698737
880,1068,1229,V85,11.360488351411393
880,855,1229,V76,15.901554341364076
880,783,1229,V33,18.841160835534616
880,783,1229,V34,18.841160835534616
880,359,535,V79,5.855067293961566
880,359,535,V100,5.855067293961566
880,359,535,V111,5.855067293961566
880,783,535,V36,11.620421645142477
880,783,535,V37,11.620421645142477
880,783,535,V38,11.620421645142477
880,783,535,V39,11.620421645142477
880,783,1013,V40,15.308499342485224
880,783,1013,V42,15.308499342485224
880,783,1013,V44,15.308499342485224
880,783,1013,V45,15.308499342485224
880,783,1013,V47,15.308499342485224
880,783,1013,V48,15.308499342485224
880,783,1013,V49,15.308499342485224
880,783,965,V50,10.498093903671007
880,783,965,V51,10.498093903671007
880,783,965,V52,10.498093903671007
880,783,965,V53,10.498093903671007
880,783,965,V54,10.498093903671007
880,783,965,V56,10.498093903671007
880,783,965,V57,10.498093903671007
880,783,659,V58,5.809594285895007
880,783,659,V60,5.809594285895007
880,783,659,V63,5.809594285895007
880,783,659,V64,5.809594285895007
880,783,659,V65,5.809594285895007
880,783,659,V66,5.809594285895007
880,783,917,V67,5.8083597500151045
880,783,917,V69,5.8083597500151045
880,783,917,V70,5.8083597500151045
880,783,917,V71,5.8083597500151045
880,783,1091,V73,10.241109598832232
880,783,1091,V74,10.241109598832232
880,783,1091,V75,10.241109598832232
880,783,708,V77,10.697285568723771
880,783,708,V80,10.697285568723771
880,783,708,V81,10.697285568723771
880,783,1398,V82,19.874616662347663
880,783,1398,V84,19.874616662347663
880,783,1182,V88,15.175538880502293
880,783,1182,V89,15.175538880502293
880,783,1276,V90,22.606377139254327
880,783,1102,V91,18.800951364959644
880,783,566,V94,5.876334276322891
880,783,849,V95,21.903135562742808
884,1013,931,V68,4.405443882921528
884,882,931,V47,5.812636165404913
884,882,931,V53,5.812636165404913
884,1068,931,V41,8.304853837171269
884,965,931,V24,8.628970001760946
884,965,931,V34,8.628970001760946
884,965,931,V56,8.628970001760946
884,834,917,V22,3.617203703030827
884,834,917,V70,3.617203703030827
884,834,917,V75,3.617203703030827
884,783,917,V21,5.8083597500151045
884,783,917,V23,5.8083597500151045
884,783,917,V25,5.8083597500151045
884,783,917,V27,5.8083597500151045
884,1182,1435,V101,8.189653224238826
884,783,1435,V28,17.957022310236383
884,783,1435,V29,17.957022310236383
884,359,708,V39,10.088438580081291
884,359,708,V108,10.088438580081291
884,783,708,V30,10.697285568723771
884,783,1091,V31,10.241109598832232
884,783,1091,V32,10.241109598832232
884,783,566,V33,5.876334276322891
884,783,566,V35,5.876334276322891
884,783,535,V36,11.620421645142477
884,783,535,V37,11.620421645142477
884,855,885,V59,12.412669367198909
884,855,885,V106,12.412669367198909
884,783,1398,V40,19.874616662347663
884,783,1102,V42,18.800951364959644
884,783,849,V44,21.903135562742808
884,783,672,V45,17.445012141301472
888,783,834,V21,7.689481736045675
888,783,834,V23,7.689481736045675
888,783,834,V25,7.689481736045675
888,783,834,V29,7.689481736045675
888,783,834,V31,7.689481736045675
888,783,834,V33,7.689481736045675
888,783,834,V36,7.689481736045675
888,783,834,V37,7.689481736045675
888,783,834,V39,7.689481736045675
888,783,834,V44,7.689481736045675
888,783,834,V45,7.689481736045675
888,931,885,V38,3.0617002345235647
888,931,885,V41,3.0617002345235647
888,931,885,V42,3.0617002345235647
888,931,885,V63,3.0617002345235647
888,1102,885,V34,5.875878565174106
888,359,535,V52,5.855067293961566
888,783,535,V47,11.620421645142477
888,783,535,V48,11.620421645142477
888,783,535,V49,11.620421645142477
888,783,535,V53,11.620421645142477
888,783,917,V57,5.8083597500151045
888,783,917,V60,5.8083597500151045
888,783,917,V66,5.8083597500151045
888,1102,672,V50,11.119492664455636
888,1182,672,V28,14.511820279616508
888,1182,672,V32,14.511820279616508
888,783,1398,V67,19.874616662347663
888,783,1398,V69,19.874616662347663
888,783,1276,V71,22.606377139254327
888,783,1276,V73,22.606377139254327
888,783,566,V74,5.876334276322891
888,783,566,V75,5.876334276322891
888,783,1068,V76,26.525178301273773
888,783,855,V77,27.60378823743443
888,783,708,V78,10.697285568723771
888,783,1091,V79,10.241109598832232
888,783,1106,V80,22.318447076891776
888,783,965,V81,10.498093903671007
892,917,834,V89,3.617203703030827
892,965,834,V61,3.83986736177262
892,965,834,V66,3.83986736177262
892,659,834,V22,5.284552964469467
892,885,834,V41,7.688685710981335
892,783,834,V21,7.689481736045675
892,1102,1013,V54,3.616251246210677
892,1229,1013,V35,5.640389822593795
892,1229,1013,V59,5.640389822593795
892,1068,1013,V97,11.461019980924313
892,783,1091,V23,10.241109598832232
892,783,1091,V25,10.241109598832232
892,783,1091,V29,10.241109598832232
892,359,708,V110,10.088438580081291
892,783,708,V30,10.697285568723771
892,783,708,V31,10.697285568723771
892,783,1182,V33,15.175538880502293
892,783,1182,V36,15.175538880502293
892,783,1182,V37,15.175538880502293
892,783,535,V38,11.620421645142477
892,783,535,V39,11.620421645142477
892,783,1398,V42,19.874616662347663
892,783,849,V44,21.903135562742808
892,783,672,V45,17.445012141301472
896,965,834,V23,3.83986736177262
896,965,834,V25,3.83986736177262
896,965,834,V38,3.83986736177262
896,965,834,V54,3.83986736177262
896,965,834,V60,3.83986736177262
896,659,834,V82,5.284552964469467
896,659,834,V92,5.284552964469467
896,1106,1276,V24,4.836798739645476
896,1106,1276,V30,4.836798739645476
896,1068,1276,V98,8.66943360865319
896,931,1276,V44,8.946223146223524
896,931,1276,V95,8.946223146223524
896,849,1276,V78,11.479314497557898
896,783,917,V21,5.8083597500151045
896,783,917,V27,5.8083597500151045
896,783,917,V28,5.8083597500151045
896,849,1229,V99,12.017793437809017
896,535,882,V35,9.342211452816104
896,783,708,V33,10.697285568723771
900,917,834,V38,3.617203703030827
900,917,834,V49,3.617203703030827
900,917,834,V55,3.617203703030827
900,917,834,V62,3.617203703030827
900,882,834,V21,4.883195120135012
900,882,834,V23,4.883195120135012
900,882,834,V25,4.883195120135012
900,1102,1013,V52,3.616251246210677
900,1229,1013,V35,5.640389822593795
900,1229,1013,V48,5.640389822593795
900,1229,1013,V70,5.640389822593795
900,1229,965,V71,8.77672016628073
900,1229,965,V78,8.77672016628073
900,659,965,V67,9.121352246650094
900,659,965,V83,9.121352246650094
900,849,931,V33,4.4061387562478425
900,849,931,V87,4.4061387562478425
900,849,931,V94,4.4061387562478425
900,1398,1276,V95,7.438993890374081
900,1068,508,V41,14.486601263726737
900,783,1091,V24,10.241109598832232
904,708,834,V68,4.389831624444016
904,708,834,V79,4.389831624444016
904,708,834,V80,4.389831624444016
904,708,834,V98,4.389831624444016
904,882,834,V52,4.883195120135012
904,882,834,V66,4.883195120135012
904,882,834,V70,4.883195120135012
904,882,834,V73,4.883195120135012
904,882,834,V87,4.883195120135012
904,659,834,V23,5.284552964469467
904,659,834,V25,5.284552964469467
904,885,931,V22,3.0617002345235647
904,1013,931,V35,4.405443882921528
904,1013,931,V60,4.405443882921528
904,1013,965,V67,4.881725510082577
904,1013,965,V71,4.881725510082577
904,1229,1091,V44,9.180034524729397
908,708,834,V23,4.389831624444016
908,708,834,V25,4.389831624444016
908,708,834,V32,4.389831624444016
908,708,834,V39,4.389831624444016
908,708,834,V68,4.389831624444016
908,708,834,V70,4.389831624444016
908,708,834,V73,4.389831624444016
908,708,834,V79,4.389831624444016
908,708,834,V80,4.389831624444016
908,1091,834,V52,6.739095652327052
908,1091,834,V67,6.739095652327052
908,1091,834,V104,6.739095652327052
908,885,834,V33,7.688685710981335
908,885,882,V35,2.852794790784161
908,885,882,V48,2.852794790784161
908,885,882,V50,2.852794790784161
908,885,882,V62,2.852794790784161
908,1102,882,V21,7.314751476768936
908,1102,882,V42,7.314751476768936
908,1102,882,V53,7.314751476768936
908,672,882,V64,7.316385892068044
908,672,882,V93,7.316385892068044
908,1106,931,V27,5.283575443416337
908,1106,931,V44,5.283575443416337
908,1106,931,V58,5.283575443416337
908,1106,931,V82,5.283575443416337
908,1106,931,V89,5.283575443416337
908,672,849,V106,6.511836392511076
908,1068,849,V22,6.736061142863373
908,1068,849,V31,6.736061142863373
908,1068,849,V51,6.736061142863373
908,1229,1013,V36,5.640389822593795
908,1229,1013,V99,5.640389822593795
908,1106,1013,V90,7.015517581545067
908,1068,855,V59,5.87594370452583
908,1068,855,V71,5.87594370452583
908,783,659,V29,5.809594285895007
908,783,659,V37,5.809594285895007
908,783,965,V41,10.498093903671007
912,885,882,V21,2.852794790784161
912,965,882,V36,3.616965677313317
912,965,882,V48,3.616965677313317
912,965,882,V50,3.616965677313317
912,1013,882,V52,3.839767699909249
912,1068,1370,V71,7.841426035905807
916,1229,1182,V42,3.960024365898536
920,882,965,V21,3.616965677313317
920,1091,965,V61,4.388654712140797
924,1013,965,V21,4.881725510082577
924,917,965,V87,4.882215518422521
924,917,965,V90,4.882215518422521
924,917,965,V99,4.882215518422521
924,708,965,V122,6.739138237495128
924,659,834,V125,5.284552964469467
924,659,834,V132,5.284552964469467
924,783,834,V22,7.689481736045675
924,783,834,V23,7.689481736045675
924,1398,1182,V97,5.640321895106829
924,1102,1182,V63,6.120304815079837
924,1102,1182,V94,6.120304815079837
924,931,885,V104,3.0617002345235647
924,1102,885,V101,5.875878565174106
924,1102,885,V106,5.875878565174106
924,672,882,V33,7.316385892068044
924,1435,1091,V56,8.895594131564904
928,885,965,V25,6.123119155303686
928,885,965,V79,6.123119155303686
928,885,965,V122,6.123119155303686
928,783,965,V22,10.498093903671007
928,783,965,V23,10.498093903671007
928,783,965,V24,10.498093903671007
928,783,965,V26,10.498093903671007
928,783,965,V28,10.498093903671007
928,783,965,V29,10.498093903671007
928,783,965,V30,10.498093903671007
928,783,965,V31,10.498093903671007
928,849,931,V34,4.4061387562478425
928,849,931,V39,4.4061387562478425
928,849,931,V51,4.4061387562478425
928,849,931,V64,4.4061387562478425
928,849,931,V71,4.4061387562478425
928,849,931,V82,4.4061387562478425
928,849,931,V86,4.4061387562478425
928,783,834,V33,7.689481736045675
928,783,834,V35,7.689481736045675
928,783,834,V36,7.689481736045675
928,783,834,V37,7.689481736045675
928,783,834,V38,7.689481736045675
928,783,834,V40,7.689481736045675
928,783,659,V41,5.809594285895007
928,783,659,V44,5.809594285895007
928,783,659,V45,5.809594285895007
928,783,659,V46,5.809594285895007
928,783,659,V48,5.809594285895007
928,1106,1182,V106,9.760018472127422
928,849,1182,V105,13.728760504847472
928,672,1182,V98,14.511820279616508
928,672,1182,V107,14.511820279616508
928,672,1182,V115,14.511820279616508
928,672,1229,V117,14.57987655243148
928,783,1229,V50,18.841160835534616
928,783,1229,V52,18.841160835534616
928,783,1229,V53,18.841160835534616
928,783,1398,V55,19.874616662347663
928,783,1398,V56,19.874616662347663
928,783,1398,V57,19.874616662347663
928,783,1398,V60,19.874616662347663
928,508,855,V59,9.342303526295408
928,508,855,V78,9.342303526295408
928,508,855,V109,9.342303526295408
928,783,917,V61,5.8083597500151045
928,783,917,V63,5.8083597500151045
928,783,917,V65,5.8083597500151045
928,359,708,V42,10.088438580081291
928,359,708,V47,10.088438580081291
928,359,708,V74,10.088438580081291
928,783,1091,V66,10.241109598832232
928,783,1091,V67,10.241109598832232
928,359,535,V76,5.855067293961566
928,783,535,V68,11.620421645142477
928,783,882,V69,12.561839638690564
928,783,882,V70,12.561839638690564
928,783,566,V75,5.876334276322891
932,1102,1398,V52,9.118728510486134
932,1013,1398,V70,10.186376382121452
932,1106,1398,V34,11.562838367297022
932,917,1398,V69,14.401452675022565
932,917,1398,V83,14.401452675022565
932,917,1398,V98,14.401452675022565
932,917,1398,V100,14.401452675022565
932,783,1398,V22,19.874616662347663
932,783,1398,V23,19.874616662347663
932,783,1398,V25,19.874616662347663
932,783,1398,V26,19.874616662347663
932,783,1398,V27,19.874616662347663
932,783,1398,V28,19.874616662347663
932,783,1398,V29,19.874616662347663
932,783,1398,V30,19.874616662347663
932,783,1398,V31,19.874616662347663
932,783,1398,V33,19.874616662347663
932,783,1398,V35,19.874616662347663
932,783,1398,V36,19.874616662347663
932,783,1398,V37,19.874616662347663
932,783,1398,V38,19.874616662347663
932,783,834,V39,7.689481736045675
932,783,834,V45,7.689481736045675
932,783,834,V46,7.689481736045675
932,783,834,V47,7.689481736045675
932,783,834,V49,7.689481736045675
932,783,834,V50,7.689481736045675
932,783,834,V51,7.689481736045675
932,783,834,V54,7.689481736045675
932,783,834,V59,7.689481736045675
932,783,834,V60,7.689481736045675
932,783,708,V61,10.697285568723771
932,783,708,V62,10.697285568723771
932,783,708,V63,10.697285568723771
932,783,708,V64,10.697285568723771
932,783,535,V65,11.620421645142477
932,783,535,V66,11.620421645142477
932,783,535,V67,11.620421645142477
932,783,535,V68,11.620421645142477
932,783,931,V71,18.3740064075405
932,783,931,V74,18.3740064075405
932,783,931,V75,18.3740064075405
932,783,1068,V76,26.525178301273773
932,783,1068,V78,26.525178301273773
932,783,1068,V79,26.525178301273773
932,783,882,V80,12.561839638690564
932,783,882,V82,12.561839638690564
932,783,965,V90,10.498093903671007
932,783,965,V92,10.498093903671007
932,783,566,V93,5.876334276322891
932,783,566,V94,5.876334276322891
932,783,1182,V95,15.175538880502293
932,783,1182,V96,15.175538880502293
932,783,885,V97,15.378166398318458
932,783,885,V99,15.378166398318458
932,783,1370,V101,30.28578929187396
936,834,659,V26,5.284552964469467
936,834,659,V55,5.284552964469467
936,834,659,V66,5.284552964469467
936,849,672,V42,6.511836392511076
936,708,672,V22,6.751878981086827
936,708,672,V23,6.751878981086827
936,1102,1398,V53,9.118728510486134
936,1102,1398,V89,9.118728510486134
936,882,885,V36,2.852794790784161
936,882,885,V37,2.852794790784161
936,1102,1013,V104,3.616251246210677
936,882,1013,V71,3.839767699909249
936,965,1370,V21,19.81745132026361
936,708,508,V25,15.31833200998228
936,783,566,V28,5.876334276322891
936,965,1068,V48,16.31300252904951
936,1091,1182,V33,5.24631154396119
936,708,359,V27,10.088438580081291
940,965,885,V24,6.123119155303686
940,965,885,V36,6.123119155303686
940,965,885,V51,6.123119155303686
940,965,885,V56,6.123119155303686
940,965,885,V63,6.123119155303686
940,965,885,V73,6.123119155303686
940,965,885,V82,6.123119155303686
940,965,885,V84,6.123119155303686
940,965,1013,V87,4.881725510082577
940,965,1013,V88,4.881725510082577
940,965,1013,V90,4.881725510082577
940,965,1013,V94,4.881725510082577
940,965,1013,V112,4.881725510082577
940,965,1013,V113,4.881725510082577
940,965,1013,V121,4.881725510082577
940,965,1229,V122,8.77672016628073
940,965,1229,V124,8.77672016628073
940,965,1229,V130,8.77672016628073
940,965,1229,V131,8.77672016628073
940,965,1229,V132,8.77672016628073
940,965,1229,V133,8.77672016628073
940,965,1229,V134,8.77672016628073
940,965,931,V135,8.628970001760946
940,965,931,V137,8.628970001760946
940,708,931,V29,9.423506251261468
940,708,931,V34,9.423506251261468
940,708,931,V35,9.423506251261468
940,1091,1182,V92,5.24631154396119
940,1091,1182,V105,5.24631154396119
940,1091,1102,V106,10.454710779351652
940,1091,1102,V109,10.454710779351652
940,708,535,V37,4.548441137468074
940,708,535,V38,4.548441137468074
940,708,672,V52,6.751878981086827
940,1091,1276,V115,13.129287540581574
940,708,882,V69,4.837510953567602
940,708,834,V70,4.389831624444016
944,965,834,V21,3.83986736177262
944,965,834,V22,3.83986736177262
944,965,834,V29,3.83986736177262
944,965,834,V41,3.83986736177262
944,965,834,V44,3.83986736177262
944,965,834,V67,3.83986736177262
944,965,834,V83,3.83986736177262
944,965,834,V85,3.83986736177262
944,965,834,V109,3.83986736177262
944,882,885,V46,2.852794790784161
944,882,885,V70,2.852794790784161
944,931,885,V24,3.0617002345235647
944,931,885,V36,3.0617002345235647
944,931,885,V51,3.0617002345235647
944,1102,1229,V100,3.8392690799482057
944,1276,1229,V87,3.959637309104105
944,1276,1229,V94,3.959637309104105
944,1276,1229,V106,3.959637309104105
944,1276,1106,V116,4.836798739645476
944,708,535,V39,4.548441137468074
944,1091,917,V31,4.837115435970083
944,931,849,V55,4.4061387562478425
944,931,1013,V63,4.405443882921528
948,965,834,V32,3.83986736177262
948,965,834,V67,3.83986736177262
948,965,834,V131,3.83986736177262
948,708,834,V53,4.389831624444016
948,708,834,V73,4.389831624444016
948,708,834,V82,4.389831624444016
948,708,834,V84,4.389831624444016
948,708,834,V87,4.389831624444016
948,882,834,V21,4.883195120135012
948,882,834,V24,4.883195120135012
948,1229,1182,V96,3.960024365898536
948,1091,1182,V38,5.24631154396119
948,1091,1182,V144,5.24631154396119
948,882,885,V29,2.852794790784161
948,882,885,V44,2.852794790784161
948,882,885,V46,2.852794790784161
948,659,535,V28,5.810827883107414
948,659,535,V30,5.810827883107414
948,659,535,V60,5.810827883107414
948,1276,1398,V52,7.438993890374081
948,1091,1398,V145,9.6478124773512
948,931,1106,V94,5.283575443416337
948,855,1106,V40,9.423483175173253
948,855,849,V75,5.706192977162224
948,882,1102,V51,7.314751476768936
948,1091,917,V146,4.837115435970083
948,882,1013,V77,3.839767699909249
952,1068,855,V62,5.87594370452583
952,1068,855,V64,5.87594370452583
952,1068,855,V86,5.87594370452583
952,672,855,V42,11.369656353246375
952,672,855,V47,11.369656353246375
952,1013,931,V45,4.405443882921528
952,1102,931,V29,4.548251915941359
952,1102,931,V49,4.548251915941359
952,1102,931,V70,4.548251915941359
952,1102,1106,V123,3.80171314717607
952,1276,1106,V31,4.836798739645476
952,965,834,V67,3.83986736177262
952,965,834,V96,3.83986736177262
952,672,885,V53,5.876204136119103
952,672,885,V54,5.876204136119103
952,672,849,V56,6.511836392511076
952,659,708,V37,5.815596432206299
952,1229,1370,V40,11.877749718768223
956,965,834,V39,3.83986736177262
956,965,834,V45,3.83986736177262
956,965,834,V57,3.83986736177262
956,965,834,V59,3.83986736177262
956,965,834,V91,3.83986736177262
956,849,855,V29,5.706192977162224
956,849,855,V46,5.706192977162224
960,708,834,V55,4.389831624444016
960,708,834,V57,4.389831624444016
960,708,834,V58,4.389831624444016
960,708,834,V77,4.389831624444016
960,708,834,V91,4.389831624444016
960,708,834,V99,4.389831624444016
960,1091,834,V24,6.739095652327052
960,1091,834,V82,6.739095652327052
960,1102,1229,V69,3.8392690799482057
960,1102,1229,V93,3.8392690799482057
960,1102,1229,V112,3.8392690799482057
960,885,931,V45,3.0617002345235647
960,885,931,V111,3.0617002345235647
960,849,855,V29,5.706192977162224
960,1013,882,V22,3.839767699909249
964,1013,931,V30,4.405443882921528
972,1091,965,V149,4.388654712140797
972,1091,965,V150,4.388654712140797
972,1091,965,V151,4.388654712140797
972,1091,965,V152,4.388654712140797
972,1013,965,V50,4.881725510082577
972,708,834,V24,4.389831624444016
972,708,834,V32,4.389831624444016
972,708,834,V33,4.389831624444016
972,783,834,V21,7.689481736045675
972,1013,885,V56,3.46869779664105
972,1013,885,V66,3.46869779664105
972,1013,885,V70,3.46869779664105
972,1276,1229,V69,3.959637309104105
972,1182,1229,V36,3.960024365898536
972,1013,1102,V86,3.616251246210677
972,1013,1102,V109,3.616251246210677
972,1013,931,V110,4.405443882921528
972,783,917,V22,5.8083597500151045
972,783,659,V23,5.809594285895007
976,783,965,V22,10.498093903671007
976,783,965,V25,10.498093903671007
976,783,965,V28,10.498093903671007
976,783,965,V30,10.498093903671007
976,783,965,V31,10.498093903671007
976,783,965,V32,10.498093903671007
976,783,965,V33,10.498093903671007
976,783,965,V34,10.498093903671007
976,783,965,V35,10.498093903671007
976,783,965,V37,10.498093903671007
976,783,965,V38,10.498093903671007
976,783,965,V39,10.498093903671007
976,783,965,V40,10.498093903671007
976,783,834,V41,7.689481736045675
976,783,834,V44,7.689481736045675
976,783,834,V46,7.689481736045675
976,783,834,V47,7.689481736045675
976,783,834,V48,7.689481736045675
976,783,834,V49,7.689481736045675
976,783,834,V50,7.689481736045675
976,783,834,V51,7.689481736045675
976,783,834,V52,7.689481736045675
976,783,834,V54,7.689481736045675
976,783,834,V55,7.689481736045675
976,783,834,V56,7.689481736045675
976,672,885,V91,5.876204136119103
976,672,885,V101,5.876204136119103
976,849,885,V45,6.749102957431653
976,849,885,V70,6.749102957431653
976,849,885,V75,6.749102957431653
976,849,885,V99,6.749102957431653
976,849,885,V115,6.749102957431653
976,849,885,V122,6.749102957431653
976,849,885,V124,6.749102957431653
976,1106,1229,V92,6.605818539698737
976,1106,1229,V93,6.605818539698737
976,1106,1229,V104,6.605818539698737
976,1435,1229,V53,10.197737357480824
976,1435,1229,V78,10.197737357480824
976,535,1229,V97,18.68368505463088
976,535,1229,V107,18.68368505463088
976,535,1229,V118,18.68368505463088
976,783,1229,V57,18.841160835534616
976,783,931,V58,18.3740064075405
976,783,931,V59,18.3740064075405
976,783,931,V60,18.3740064075405
976,783,931,V62,18.3740064075405
976,783,931,V64,18.3740064075405
976,783,931,V65,18.3740064075405
976,359,708,V76,10.088438580081291
976,359,708,V80,10.088438580081291
976,359,708,V81,10.088438580081291
976,359,708,V83,10.088438580081291
976,359,708,V98,10.088438580081291
976,783,708,V66,10.697285568723771
976,783,1102,V67,18.800951364959644
976,783,1102,V68,18.800951364959644
976,783,1102,V69,18.800951364959644
976,783,1102,V71,18.800951364959644
976,783,1102,V73,18.800951364959644
976,783,659,V74,5.809594285895007
976,783,659,V77,5.809594285895007
976,783,659,V82,5.809594285895007
976,783,659,V84,5.809594285895007
976,783,1398,V86,19.874616662347663
976,783,1398,V88,19.874616662347663
976,783,1013,V89,15.308499342485224
976,783,1013,V90,15.308499342485224
976,783,1091,V94,10.241109598832232
976,783,1091,V95,10.241109598832232
976,783,882,V96,12.561839638690564
976,783,882,V103,12.561839638690564
976,783,1296,V105,13.644692409583532
976,783,917,V108,5.8083597500151045
976,783,1276,V110,22.606377139254327
976,783,1182,V111,15.175538880502293
980,1182,1398,V75,5.640321895106829
980,1182,1398,V95,5.640321895106829
980,1276,1398,V25,7.438993890374081
980,783,1398,V21,19.874616662347663
980,783,1398,V22,19.874616662347663
980,783,1398,V24,19.874616662347663
980,783,1398,V27,19.874616662347663
980,783,1398,V28,19.874616662347663
980,783,1398,V29,19.874616662347663
980,783,1398,V30,19.874616662347663
980,783,1398,V31,19.874616662347663
980,783,965,V32,10.498093903671007
980,783,965,V33,10.498093903671007
980,783,965,V34,10.498093903671007
980,783,965,V35,10.498093903671007
980,783,965,V36,10.498093903671007
980,783,965,V37,10.498093903671007
980,783,965,V38,10.498093903671007
980,783,965,V39,10.498093903671007
980,783,965,V40,10.498093903671007
980,783,965,V41,10.498093903671007
980,783,931,V44,18.3740064075405
980,783,931,V45,18.3740064075405
980,783,931,V46,18.3740064075405
980,783,931,V47,18.3740064075405
980,783,931,V48,18.3740064075405
980,783,931,V49,18.3740064075405
980,783,931,V50,18.3740064075405
980,783,931,V51,18.3740064075405
980,783,1229,V52,18.841160835534616
980,783,1229,V53,18.841160835534616
980,783,1229,V54,18.841160835534616
980,783,1229,V55,18.841160835534616
980,783,1229,V57,18.841160835534616
980,783,1229,V58,18.841160835534616
980,783,1102,V59,18.800951364959644
980,783,1102,V67,18.800951364959644
980,783,1102,V71,18.800951364959644
980,783,1102,V73,18.800951364959644
980,783,849,V76,21.903135562742808
980,783,849,V78,21.903135562742808
980,783,849,V80,21.903135562742808
980,783,849,V81,21.903135562742808
980,783,1106,V82,22.318447076891776
980,783,1106,V83,22.318447076891776
980,783,1106,V84,22.318447076891776
980,783,1106,V85,22.318447076891776
980,783,882,V86,12.561839638690564
980,783,882,V88,12.561839638690564
980,783,882,V90,12.561839638690564
980,783,882,V91,12.561839638690564
980,566,535,V87,11.474227573045091
980,566,535,V106,11.474227573045091
980,783,1013,V93,15.308499342485224
980,783,1013,V94,15.308499342485224
980,783,659,V97,5.809594285895007
980,783,1091,V98,10.241109598832232
984,834,708,V39,4.389831624444016
984,834,708,V52,4.389831624444016
984,834,708,V88,4.389831624444016
984,659,708,V97,5.815596432206299
984,885,708,V35,6.511469320496247
984,885,882,V44,2.852794790784161
984,885,882,V45,2.852794790784161
984,885,882,V63,2.852794790784161
984,885,882,V76,2.852794790784161
984,1013,882,V67,3.839767699909249
984,1182,1398,V55,5.640321895106829
984,1102,1398,V21,9.118728510486134
984,1102,1398,V22,9.118728510486134
984,783,917,V23,5.8083597500151045
984,783,917,V24,5.8083597500151045
984,783,917,V25,5.8083597500151045
984,783,535,V32,11.620421645142477
984,783,535,V33,11.620421645142477
984,783,359,V36,12.499801205497114
984,783,359,V40,12.499801205497114
984,1102,965,V27,8.304116264398273
984,1102,965,V28,8.304116264398273
984,1102,931,V29,4.548251915941359
988,1013,882,V27,3.839767699909249
988,931,882,V24,5.812636165404913
988,931,882,V44,5.812636165404913
988,931,882,V83,5.812636165404913
988,1102,882,V51,7.314751476768936
988,1102,882,V56,7.314751476768936
988,1102,882,V75,7.314751476768936
988,1102,882,V78,7.314751476768936
988,1229,1276,V41,3.959637309104105
988,1102,1276,V90,4.836798739646007
988,1102,1276,V95,4.836798739646007
988,1435,1276,V96,13.12435356350428
988,1435,1276,V112,13.12435356350428
988,1435,1276,V123,13.12435356350428
988,1091,1182,V21,5.24631154396119
988,1435,1182,V125,8.189653224238826
988,1435,1182,V126,8.189653224238826
988,1435,1182,V127,8.189653224238826
988,1435,1182,V128,8.189653224238826
988,659,535,V30,5.810827883107414
988,917,535,V25,11.080361971095948
988,566,535,V45,11.474227573045091
988,783,535,V23,11.620421645142477
988,855,672,V64,11.369656353246375
988,783,672,V28,17.445012141301472
988,783,672,V29,17.445012141301472
988,783,672,V31,17.445012141301472
988,783,965,V32,10.498093903671007
988,783,965,V34,10.498093903671007
988,783,965,V39,10.498093903671007
988,783,965,V42,10.498093903671007
988,1435,849,V129,21.760964392715465
988,783,849,V47,21.903135562742808
988,783,708,V48,10.697285568723771
988,783,708,V50,10.697285568723771
988,783,508,V52,25.93420023872912
988,783,885,V53,15.378166398318458
992,965,834,V32,3.83986736177262
992,965,834,V88,3.83986736177262
992,965,834,V90,3.83986736177262
992,965,834,V94,3.83986736177262
992,965,834,V102,3.83986736177262
992,882,834,V24,4.883195120135012
992,1229,1276,V96,3.959637309104105
992,1106,1276,V38,4.836798739645476
992,1013,1276,V22,8.190822817543284
992,1013,1276,V33,8.190822817543284
992,1013,1276,V116,8.190822817543284
992,882,708,V50,4.837510953567602
992,882,708,V56,4.837510953567602
992,659,708,V34,5.815596432206299
992,659,708,V74,5.815596432206299
992,931,849,V27,4.4061387562478425
992,931,849,V28,4.4061387562478425
992,931,849,V31,4.4061387562478425
992,931,849,V64,4.4061387562478425
992,885,1182,V47,8.662721360426067
992,885,1182,V48,8.662721360426067
992,885,1182,V61,8.662721360426067
992,931,1102,V67,4.548251915941359
992,931,1102,V84,4.548251915941359
992,659,359,V76,7.84162119104212
992,783,1091,V21,10.241109598832232
992,783,535,V23,11.620421645142477
996,834,1091,V28,6.739095652327052
996,834,1091,V37,6.739095652327052
996,834,1091,V50,6.739095652327052
996,834,1091,V56,6.739095652327052
996,834,708,V71,4.389831624444016
996,834,708,V88,4.389831624444016
996,834,708,V90,4.389831624444016
996,834,708,V102,4.389831624444016
996,1013,1102,V21,3.616251246210677
996,1013,1102,V41,3.616251246210677
996,834,965,V112,3.83986736177262
996,1229,965,V63,8.77672016628073
996,1229,1370,V67,11.877749718768223
996,1229,885,V80,8.89559413156451
996,783,917,V22,5.8083597500151045
1000,882,885,V37,2.852794790784161
1000,882,885,V39,2.852794790784161
1000,882,885,V41,2.852794790784161
1000,672,885,V59,5.876204136119103
1000,672,885,V74,5.876204136119103
1000,672,885,V77,5.876204136119103
1000,1106,885,V47,7.965381677815221
1000,1229,885,V28,8.89559413156451
1000,1229,885,V31,8.89559413156451
1000,1229,885,V81,8.89559413156451
1000,1229,885,V84,8.89559413156451
1000,1229,885,V97,8.89559413156451
1000,1229,885,V100,8.89559413156451
1000,1229,885,V101,8.89559413156451
1000,1229,885,V103,8.89559413156451
1000,535,885,V36,10.569431103772471
1000,535,885,V50,10.569431103772471
1000,535,885,V73,10.569431103772471
1000,535,708,V88,4.548441137468074
1000,535,708,V108,4.548441137468074
1000,659,708,V87,5.815596432206299
1000,659,708,V89,5.815596432206299
1000,659,708,V91,5.815596432206299
1000,783,708,V22,10.697285568723771
1000,783,708,V23,10.697285568723771
1000,783,708,V24,10.697285568723771
1000,783,965,V25,10.498093903671007
1000,783,965,V29,10.498093903671007
1000,783,965,V34,10.498093903671007
1000,783,965,V35,10.498093903671007
1000,783,965,V38,10.498093903671007
1000,855,931,V64,9.765900232263595
1000,855,931,V66,9.765900232263595
1000,855,931,V71,9.765900232263595
1000,855,931,V78,9.765900232263595
1000,783,834,V44,7.689481736045675
1000,783,834,V48,7.689481736045675
1000,783,834,V52,7.689481736045675
1000,1435,1182,V95,8.189653224238826
1000,783,1091,V53,10.241109598832232
1000,508,1102,V27,17.327384898394307
1004,965,834,V31,3.83986736177262
1004,965,834,V37,3.83986736177262
1004,965,834,V41,3.83986736177262
1004,965,834,V50,3.83986736177262
1004,882,834,V22,4.883195120135012
1004,882,834,V25,4.883195120135012
1004,882,834,V29,4.883195120135012
1004,1102,1229,V27,3.8392690799482057
1004,1102,1229,V40,3.8392690799482057
1004,1102,1229,V55,3.8392690799482057
1004,1102,1229,V66,3.8392690799482057
1004,1068,1370,V62,7.841426035905807
1008,1102,1229,V59,3.8392690799482057
1008,1102,1229,V80,3.8392690799482057
1008,1276,1229,V25,3.959637309104105
1008,1276,1229,V28,3.959637309104105
1008,1276,1229,V37,3.959637309104105
1008,1276,1229,V55,3.959637309104105
1008,882,965,V22,3.616965677313317
1008,882,965,V30,3.616965677313317
1008,882,965,V31,3.616965677313317
1008,882,965,V49,3.616965677313317
1008,882,965,V50,3.616965677313317
1008,882,965,V53,3.616965677313317
1008,885,931,V52,3.0617002345235647
1008,849,931,V36,4.4061387562478425
1008,849,931,V71,4.4061387562478425
1008,849,931,V81,4.4061387562478425
1008,917,834,V29,3.617203703030827
1008,882,834,V67,4.883195120135012
1008,1091,834,V21,6.739095652327052
1008,535,708,V23,4.548441137468074
1008,535,708,V38,4.548441137468074
1012,885,882,V22,2.852794790784161
1012,885,882,V39,2.852794790784161
1012,885,882,V60,2.852794790784161
1012,885,882,V63,2.852794790784161
1012,885,882,V69,2.852794790784161
1012,1013,882,V28,3.839767699909249
1012,708,882,V23,4.837510953567602
1012,1398,1435,V42,5.805514364498899
1012,1091,1435,V24,8.895594131564904
1012,1091,965,V25,4.388654712140797
1016,885,1013,V23,3.46869779664105
1016,885,1013,V29,3.46869779664105
1016,885,1013,V39,3.46869779664105
1016,885,882,V49,2.852794790784161
1016,885,882,V60,2.852794790784161
1016,917,834,V74,3.617203703030827
1016,1102,1229,V67,3.8392690799482057
1020,1276,1229,V67,3.959637309104105
1020,1276,1229,V101,3.959637309104105
1020,1276,1229,V107,3.959637309104105
1020,1398,1229,V23,5.282433425576492
1020,1398,1229,V78,5.282433425576492
1020,1106,1229,V47,6.605818539698737
1020,1106,1229,V51,6.605818539698737
1020,1106,1229,V56,6.605818539698737
1020,1106,1229,V60,6.605818539698737
1020,1106,1229,V102,6.605818539698737
1020,1091,1229,V27,9.180034524729397
1020,1091,1229,V37,9.180034524729397
1020,1091,1229,V40,9.180034524729397
1020,1091,1229,V42,9.180034524729397
1020,1091,1229,V55,9.180034524729397
1020,1091,1229,V59,9.180034524729397
1020,1091,1229,V65,9.180034524729397
1020,1091,1229,V66,9.180034524729397
1020,1091,1229,V87,9.180034524729397
1020,1091,1229,V88,9.180034524729397
1020,1068,1229,V62,11.360488351411393
1020,1068,1229,V81,11.360488351411393
1020,1068,1229,V82,11.360488351411393
1020,849,1229,V35,12.017793437809017
1020,849,1229,V70,12.017793437809017
1020,708,1229,V90,14.16486062369625
1020,708,1229,V91,14.16486062369625
1020,672,1229,V94,14.57987655243148
1020,855,1229,V99,15.901554341364076
1020,535,1229,V110,18.68368505463088
1020,783,1229,V22,18.841160835534616
1020,783,1229,V25,18.841160835534616
1020,783,1229,V32,18.841160835534616
1020,783,1229,V33,18.841160835534616
1020,783,1229,V36,18.841160835534616
1020,783,1229,V38,18.841160835534616
1020,783,1229,V41,18.841160835534616
1020,783,1229,V44,18.841160835534616
1020,783,1229,V52,18.841160835534616
1020,783,1229,V53,18.841160835534616
1020,783,1229,V64,18.841160835534616
1020,783,1229,V76,18.841160835534616
1020,783,1229,V77,18.841160835534616
1020,783,1229,V80,18.841160835534616
1020,783,1229,V83,18.841160835534616
1020,783,1229,V95,18.841160835534616
1020,783,1229,V103,18.841160835534616
1020,783,1229,V114,18.841160835534616
1020,783,1229,V117,18.841160835534616
1020,783,1229,V118,18.841160835534616
1020,783,1229,V119,18.841160835534616
1020,783,1229,V120,18.841160835534616
1020,783,1229,V121,18.841160835534616
1020,783,1229,V122,18.841160835534616
1020,783,1229,V123,18.841160835534616
1020,783,1229,V124,18.841160835534616
1020,783,1229,V127,18.841160835534616
1020,783,1229,V128,18.841160835534616
1020,783,1229,V129,18.841160835534616
1020,783,1229,V130,18.841160835534616
1020,783,1229,V131,18.841160835534616
1020,783,1229,V133,18.841160835534616
1020,783,1229,V134,18.841160835534616
1020,783,1229,V135,18.841160835534616
1020,783,1229,V136,18.841160835534616
1020,783,1229,V137,18.841160835534616
1020,783,1229,V138,18.841160835534616
1020,783,1229,V139,18.841160835534616
1020,783,1229,V140,18.841160835534616
1020,783,1229,V141,18.841160835534616
1020,783,834,V142,7.689481736045675
1020,783,834,V143,7.689481736045675
1020,783,834,V144,7.689481736045675
1020,783,834,V145,7.689481736045675
1020,783,965,V146,10.498093903671007
1020,783,965,V147,10.498093903671007
1020,783,965,V148,10.498093903671007
1020,783,965,V149,10.498093903671007
1020,783,882,V150,12.561839638690564
1020,783,882,V151,12.561839638690564
1020,783,882,V152,12.561839638690564
1020,783,1013,V153,15.308499342485224
1020,783,1013,V154,15.308499342485224
1020,508,931,V34,12.961089805583503
1020,508,931,V50,12.961089805583503
1020,783,917,V155,5.8083597500151045
1020,508,1102,V57,17.327384898394307
1024,783,834,V29,7.689481736045675
1024,783,834,V30,7.689481736045675
1024,783,834,V31,7.689481736045675
1024,783,834,V34,7.689481736045675
1024,783,834,V36,7.689481736045675
1024,783,834,V39,7.689481736045675
1024,783,834,V45,7.689481736045675
1024,783,834,V46,7.689481736045675
1024,783,834,V48,7.689481736045675
1024,783,834,V49,7.689481736045675
1024,783,834,V54,7.689481736045675
1024,783,834,V57,7.689481736045675
1024,783,834,V61,7.689481736045675
1024,783,834,V63,7.689481736045675
1024,783,834,V69,7.689481736045675
1024,783,834,V71,7.689481736045675
1024,783,834,V73,7.689481736045675
1024,783,834,V74,7.689481736045675
1024,783,834,V75,7.689481736045675
1024,1398,1229,V22,5.282433425576492
1024,1398,1229,V23,5.282433425576492
1024,1398,1229,V25,5.282433425576492
1024,1398,1229,V27,5.282433425576492
1024,1398,1229,V32,5.282433425576492
1024,1398,1229,V33,5.282433425576492
1024,1398,1229,V35,5.282433425576492
1024,1398,1229,V37,5.282433425576492
1024,1398,1229,V38,5.282433425576492
1024,1398,1229,V40,5.282433425576492
1024,1398,1229,V41,5.282433425576492
1024,1398,1276,V42,7.438993890374081
1024,1398,1276,V47,7.438993890374081
1024,1398,1276,V51,7.438993890374081
1024,1398,1276,V52,7.438993890374081
1024,1398,1276,V53,7.438993890374081
1024,1398,1276,V55,7.438993890374081
1024,1398,1276,V56,7.438993890374081
1024,1398,1276,V59,7.438993890374081
1024,1398,1276,V60,7.438993890374081
1024,1398,1276,V62,7.438993890374081
1024,1398,1276,V64,7.438993890374081
1024,783,659,V85,5.809594285895007
1024,783,659,V86,5.809594285895007
1024,783,659,V89,5.809594285895007
1024,783,659,V93,5.809594285895007
1024,783,659,V96,5.809594285895007
1024,783,659,V97,5.809594285895007
1024,783,659,V100,5.809594285895007
1024,783,659,V101,5.809594285895007
1024,783,659,V106,5.809594285895007
1024,783,659,V109,5.809594285895007
1024,783,965,V111,10.498093903671007
1024,783,965,V112,10.498093903671007
1024,783,965,V113,10.498093903671007
1024,783,965,V115,10.498093903671007
1024,783,965,V116,10.498093903671007
1024,783,965,V125,10.498093903671007
1024,783,965,V126,10.498093903671007
1024,508,931,V92,12.961089805583503
1024,508,931,V98,12.961089805583503
1024,508,931,V104,12.961089805583503
1024,1398,931,V65,13.495077260547856
1024,1398,931,V66,13.495077260547856
1024,359,708,V132,10.088438580081291
1024,783,708,V143,10.697285568723771
1024,783,708,V144,10.697285568723771
1024,783,708,V145,10.697285568723771
1024,783,708,V146,10.697285568723771
1024,1398,885,V67,13.644566108710274
1024,1398,885,V70,13.644566108710274
1024,1398,885,V76,13.644566108710274
1024,1398,885,V77,13.644566108710274
1024,1398,885,V78,13.644566108710274
1024,1398,849,V80,17.29967050146656
1024,1398,849,V81,17.29967050146656
1024,1398,849,V82,17.29967050146656
1024,783,882,V147,12.561839638690564
1024,783,882,V148,12.561839638690564
1024,783,882,V149,12.561839638690564
1024,783,535,V152,11.620421645142477
1024,783,535,V153,11.620421645142477
1024,783,535,V154,11.620421645142477
1024,1398,1091,V83,9.6478124773512
1024,1398,1091,V87,9.6478124773512
1024,1398,855,V88,20.980478449683208
1024,1398,855,V90,20.980478449683208
1024,1398,1182,V91,5.640321895106829
1024,783,672,V157,17.445012141301472
1024,783,917,V158,5.8083597500151045
1024,783,566,V159,5.876334276322891
1028,1398,1229,V95,5.282433425576492
1028,1398,1229,V99,5.282433425576492
1028,1398,1229,V102,5.282433425576492
1028,1398,1229,V103,5.282433425576492
1028,1398,1229,V108,5.282433425576492
1028,1398,1229,V110,5.282433425576492
1028,1398,1229,V114,5.282433425576492
1028,1398,1229,V117,5.282433425576492
1028,885,834,V21,7.688685710981335
1028,885,834,V90,7.688685710981335
1028,783,834,V23,7.689481736045675
1028,783,834,V24,7.689481736045675
1028,783,834,V29,7.689481736045675
1028,783,834,V30,7.689481736045675
1028,783,834,V31,7.689481736045675
1028,783,834,V33,7.689481736045675
1028,931,1106,V27,5.283575443416337
1028,931,1106,V52,5.283575443416337
1028,931,1106,V53,5.283575443416337
1028,931,1106,V64,5.283575443416337
1028,783,659,V34,5.809594285895007
1028,783,659,V35,5.809594285895007
1028,783,659,V36,5.809594285895007
1028,783,659,V37,5.809594285895007
1028,931,1013,V68,4.405443882921528
1028,931,1013,V88,4.405443882921528
1028,931,1013,V148,4.405443882921528
1028,1398,1013,V118,10.186376382121452
1028,359,535,V58,5.855067293961566
1028,783,535,V38,11.620421645142477
1028,783,535,V39,11.620421645142477
1028,1398,1276,V119,7.438993890374081
1028,1398,1276,V120,7.438993890374081
1028,1398,1276,V121,7.438993890374081
1028,783,882,V40,12.561839638690564
1028,783,882,V41,12.561839638690564
1028,783,566,V44,5.876334276322891
1028,783,566,V45,5.876334276322891
1028,1398,1091,V122,9.6478124773512
1028,1398,1091,V123,9.6478124773512
1028,783,672,V46,17.445012141301472
1028,783,672,V47,17.445012141301472
1028,1398,1068,V124,16.00213801732287
1028,1398,1102,V127,9.118728510486134
1028,1398,849,V128,17.29967050146656
1028,783,917,V48,5.8083597500151045
1028,783,708,V49,10.697285568723771
1028,783,965,V50,10.498093903671007
1032,917,834,V54,3.617203703030827
1032,882,834,V21,4.883195120135012
1032,882,834,V42,4.883195120135012
1032,882,834,V46,4.883195120135012
1032,882,834,V49,4.883195120135012
1032,882,834,V60,4.883195120135012
1032,882,834,V61,4.883195120135012
1032,882,834,V76,4.883195120135012
1032,783,834,V24,7.689481736045675
1032,783,834,V25,7.689481736045675
1032,783,834,V27,7.689481736045675
1032,783,834,V29,7.689481736045675
1032,783,834,V30,7.689481736045675
1032,783,834,V31,7.689481736045675
1032,783,834,V34,7.689481736045675
1032,1182,965,V22,5.875748248781206
1032,1182,965,V65,5.875748248781206
1032,1182,965,V69,5.875748248781206
1032,1182,965,V71,5.875748248781206
1032,1182,965,V73,5.875748248781206
1032,1182,965,V74,5.875748248781206
1032,1182,965,V75,5.875748248781206
1032,1182,965,V87,5.875748248781206
1032,1102,885,V50,5.875878565174106
1032,849,885,V33,6.749102957431653
1032,849,885,V58,6.749102957431653
1032,849,885,V86,6.749102957431653
1032,1182,885,V109,8.662721360426067
1032,1182,885,V118,8.662721360426067
1032,1182,885,V148,8.662721360426067
1032,1398,1276,V79,7.438993890374081
1032,1398,1276,V136,7.438993890374081
1032,1398,1276,V137,7.438993890374081
1032,1398,1276,V138,7.438993890374081
1032,1398,1276,V139,7.438993890374081
1032,1398,1276,V140,7.438993890374081
1032,535,708,V131,4.548441137468074
1032,783,708,V35,10.697285568723771
1032,783,708,V37,10.697285568723771
1032,783,708,V38,10.697285568723771
1032,783,708,V39,10.697285568723771
1032,783,708,V40,10.697285568723771
1032,1398,1013,V141,10.186376382121452
1032,783,1013,V47,15.308499342485224
1032,783,1013,V52,15.308499342485224
1032,783,672,V56,17.445012141301472
1032,783,672,V57,17.445012141301472
1032,783,1091,V62,10.241109598832232
1032,783,1091,V63,10.241109598832232
1032,783,659,V64,5.809594285895007
1032,783,1106,V66,22.318447076891776
1036,1091,1398,V67,9.6478124773512
1036,1013,1398,V21,10.186376382121452
1036,1013,1398,V47,10.186376382121452
1036,1013,1398,V53,10.186376382121452
1036,1013,1398,V66,10.186376382121452
1036,1013,1398,V73,10.186376382121452
1036,1106,1398,V138,11.562838367297022
1036,931,1398,V23,13.495077260547856
1036,931,1398,V35,13.495077260547856
1036,931,1398,V48,13.495077260547856
1036,917,1398,V28,14.401452675022565
1036,917,1398,V71,14.401452675022565
1036,849,882,V99,9.574606006915822
1036,783,882,V22,12.561839638690564
1036,783,882,V24,12.561839638690564
1036,783,882,V25,12.561839638690564
1036,783,882,V27,12.561839638690564
1036,783,882,V29,12.561839638690564
1036,783,1182,V30,15.175538880502293
1036,783,1182,V31,15.175538880502293
1036,783,1182,V32,15.175538880502293
1036,783,1182,V34,15.175538880502293
1036,783,965,V37,10.498093903671007
1036,783,965,V38,10.498093903671007
1036,783,965,V39,10.498093903671007
1036,783,965,V40,10.498093903671007
1036,855,1276,V59,14.029505033457104
1036,783,1276,V41,22.606377139254327
1036,783,1276,V42,22.606377139254327
1036,783,535,V45,11.620421645142477
1036,783,535,V46,11.620421645142477
1036,783,1370,V49,30.28578929187396
1036,783,1370,V51,30.28578929187396
1036,783,1068,V55,26.525178301273773
1036,783,1068,V56,26.525178301273773
1040,882,965,V38,3.616965677313317
1040,882,965,V46,3.616965677313317
1040,882,965,V56,3.616965677313317
1040,1091,917,V21,4.837115435970083
1040,1091,917,V28,4.837115435970083
1040,1276,1106,V49,4.836798739645476
1040,1276,1106,V67,4.836798739645476
1040,885,672,V22,5.876204136119103
1040,931,508,V111,12.961089805583503
1040,535,708,V44,4.548441137468074
1040,659,834,V94,5.284552964469467
1044,917,834,V21,3.617203703030827
1044,917,834,V27,3.617203703030827
1044,917,834,V28,3.617203703030827
1044,965,834,V32,3.83986736177262
1044,931,1102,V33,4.548251915941359
1044,931,1102,V62,4.548251915941359
1044,882,708,V38,4.837510953567602
1044,882,708,V44,4.837510953567602
1044,1182,1398,V40,5.640321895106829
1044,1182,1435,V41,8.189653224238826
1044,849,672,V58,6.511836392511076
1044,882,1013,V69,3.839767699909249
1048,917,834,V54,3.617203703030827
1048,917,834,V56,3.617203703030827
1048,965,834,V21,3.83986736177262
1048,965,834,V27,3.83986736177262
1048,965,834,V73,3.83986736177262
1048,659,834,V28,5.284552964469467
1048,535,708,V44,4.548441137468074
1048,659,708,V67,5.815596432206299
1048,659,708,V103,5.815596432206299
1048,659,708,V113,5.815596432206299
1048,659,708,V114,5.815596432206299
1048,1013,882,V39,3.839767699909249
1048,1013,882,V53,3.839767699909249
1048,931,882,V45,5.812636165404913
1048,1106,1276,V51,4.836798739645476
1048,1106,1276,V71,4.836798739645476
1048,1182,1102,V40,6.120304815079837
1048,672,885,V38,5.876204136119103
1052,708,885,V27,6.511469320496247
1052,708,885,V67,6.511469320496247
1052,708,885,V85,6.511469320496247
1052,849,885,V21,6.749102957431653
1052,849,885,V35,6.749102957431653
1052,849,885,V66,6.749102957431653
1052,849,885,V79,6.749102957431653
1052,917,834,V81,3.617203703030827
1052,659,834,V34,5.284552964469467
1052,1091,834,V37,6.739095652327052
1052,1091,834,V47,6.739095652327052
1052,1091,834,V48,6.739095652327052
1052,1068,1370,V62,7.841426035905807
1052,1068,1370,V76,7.841426035905807
1052,1068,1370,V91,7.841426035905807
1052,1091,882,V57,7.965381677815221
1052,1091,882,V61,7.965381677815221
1052,1091,882,V65,7.965381677815221
1052,849,931,V80,4.4061387562478425
1056,885,931,V21,3.0617002345235647
1056,1013,931,V85,4.405443882921528
1056,1013,931,V92,4.405443882921528
1056,849,931,V38,4.4061387562478425
1056,917,834,V54,3.617203703030827
1056,917,834,V104,3.617203703030827
1056,708,834,V34,4.389831624444016
1056,672,882,V27,7.316385892068044
1056,672,882,V55,7.316385892068044
1056,1068,1370,V114,7.841426035905807
1056,1091,965,V69,4.388654712140797
1060,965,882,V34,3.616965677313317
1060,965,882,V42,3.616965677313317
1060,965,882,V67,3.616965677313317
1060,1013,882,V30,3.839767699909249
1060,1013,882,V50,3.839767699909249
1060,708,834,V37,4.389831624444016
1060,708,834,V44,4.389831624444016
1060,708,834,V55,4.389831624444016
1060,1091,834,V73,6.739095652327052
1064,885,882,V22,2.852794790784161
1064,885,882,V30,2.852794790784161
1064,885,882,V67,2.852794790784161
1064,965,882,V44,3.616965677313317
1068,931,885,V28,3.0617002345235647
1068,672,885,V54,5.876204136119103
1068,672,885,V61,5.876204136119103
1068,672,885,V67,5.876204136119103
1068,965,882,V30,3.616965677313317
1068,708,882,V37,4.837510953567602
1068,672,882,V71,7.316385892068044
1068,783,659,V21,5.809594285895007
1068,783,659,V25,5.809594285895007
1068,783,659,V27,5.809594285895007
1068,1229,1102,V88,3.8392690799482057
1068,1229,1102,V89,3.8392690799482057
1068,855,1068,V57,5.87594370452583
1068,855,1068,V76,5.87594370452583
1068,1229,1013,V107,5.640389822593795
1068,1276,1106,V58,4.836798739645476
1072,849,931,V75,4.4061387562478425
1072,849,931,V114,4.4061387562478425
1072,882,931,V21,5.812636165404913
1072,882,931,V28,5.812636165404913
1072,1276,931,V41,8.946223146223524
1072,1398,931,V122,13.495077260547856
1072,1398,931,V131,13.495077260547856
1072,1435,931,V24,17.55186674578995
1072,1435,931,V70,17.55186674578995
1072,783,931,V22,18.3740064075405
1072,783,931,V25,18.3740064075405
1072,783,834,V27,7.689481736045675
1072,783,834,V29,7.689481736045675
1072,783,834,V30,7.689481736045675
1072,783,834,V31,7.689481736045675
1072,783,834,V32,7.689481736045675
1072,783,834,V33,7.689481736045675
1072,783,834,V34,7.689481736045675
1072,783,834,V35,7.689481736045675
1072,783,834,V37,7.689481736045675
1072,783,834,V38,7.689481736045675
1072,783,659,V39,5.809594285895007
1072,783,659,V40,5.809594285895007
1072,783,659,V42,5.809594285895007
1072,783,659,V44,5.809594285895007
1072,783,659,V45,5.809594285895007
1072,783,659,V46,5.809594285895007
1072,783,965,V47,10.498093903671007
1072,783,965,V48,10.498093903671007
1072,783,965,V49,10.498093903671007
1072,783,965,V50,10.498093903671007
1072,783,965,V51,10.498093903671007
1072,783,965,V52,10.498093903671007
1072,783,917,V53,5.8083597500151045
1072,783,917,V54,5.8083597500151045
1072,783,917,V55,5.8083597500151045
1072,783,917,V56,5.8083597500151045
1072,783,917,V57,5.8083597500151045
1072,359,535,V86,5.855067293961566
1072,359,535,V103,5.855067293961566
1072,359,535,V108,5.855067293961566
1072,359,535,V113,5.855067293961566
1072,566,535,V115,11.474227573045091
1072,783,1013,V58,15.308499342485224
1072,783,1013,V59,15.308499342485224
1072,783,1013,V60,15.308499342485224
1072,783,708,V61,10.697285568723771
1072,783,708,V62,10.697285568723771
1072,783,708,V63,10.697285568723771
1072,783,1229,V65,18.841160835534616
1072,783,1229,V66,18.841160835534616
1072,783,1229,V69,18.841160835534616
1072,783,1106,V71,22.318447076891776
1072,783,1106,V73,22.318447076891776
1072,783,1182,V76,15.175538880502293
1072,783,1182,V77,15.175538880502293
1072,783,508,V78,25.93420023872912
1072,783,885,V79,15.378166398318458
1076,885,882,V21,2.852794790784161
1076,885,882,V22,2.852794790784161
1076,1102,882,V62,7.314751476768936
1076,1102,882,V66,7.314751476768936
1076,1102,882,V73,7.314751476768936
1076,1182,882,V37,7.841474878454721
1076,1182,882,V65,7.841474878454721
1076,1091,834,V23,6.739095652327052
1076,783,834,V27,7.689481736045675
1076,783,834,V29,7.689481736045675
1076,783,834,V31,7.689481736045675
1076,783,834,V32,7.689481736045675
1076,783,834,V33,7.689481736045675
1076,783,931,V34,18.3740064075405
1076,783,931,V35,18.3740064075405
1076,783,931,V36,18.3740064075405
1076,783,931,V38,18.3740064075405
1076,783,931,V39,18.3740064075405
1076,783,931,V41,18.3740064075405
1076,783,1276,V44,22.606377139254327
1076,783,1276,V46,22.606377139254327
1076,783,1276,V47,22.606377139254327
1076,783,1276,V48,22.606377139254327
1076,783,1276,V50,22.606377139254327
1076,783,1276,V51,22.606377139254327
1076,783,917,V52,5.8083597500151045
1076,783,917,V53,5.8083597500151045
1076,783,917,V54,5.8083597500151045
1076,783,917,V55,5.8083597500151045
1076,783,917,V56,5.8083597500151045
1076,783,1229,V61,18.841160835534616
1076,783,1229,V63,18.841160835534616
1076,783,1229,V67,18.841160835534616
1076,783,1229,V68,18.841160835534616
1076,783,1229,V74,18.841160835534616
1076,783,965,V75,10.498093903671007
1076,783,965,V76,10.498093903671007
1076,783,965,V78,10.498093903671007
1076,783,965,V79,10.498093903671007
1076,783,965,V81,10.498093903671007
1076,783,1013,V82,15.308499342485224
1076,783,1013,V83,15.308499342485224
1076,783,1013,V84,15.308499342485224
1076,783,1013,V86,15.308499342485224
1076,783,1106,V88,22.318447076891776
1076,783,1106,V92,22.318447076891776
1076,783,535,V93,11.620421645142477
1076,783,508,V94,25.93420023872912
1076,783,1398,V95,19.874616662347663
1076,783,566,V96,5.876334276322891
1076,783,708,V97,10.697285568723771
1076,783,659,V98,5.809594285895007
1076,783,1068,V99,26.525178301273773
1080,885,931,V34,3.0617002345235647
1080,885,931,V46,3.0617002345235647
1080,885,931,V62,3.0617002345235647
1080,885,931,V69,3.0617002345235647
1080,885,1013,V79,3.46869779664105
1080,885,1013,V82,3.46869779664105
1080,885,1013,V99,3.46869779664105
1080,882,1013,V22,3.839767699909249
1080,882,708,V25,4.837510953567602
1080,882,708,V45,4.837510953567602
1080,882,708,V81,4.837510953567602
1080,882,708,V86,4.837510953567602
1080,672,1229,V28,14.57987655243148
1080,672,1229,V57,14.57987655243148
1080,672,1229,V58,14.57987655243148
1080,783,834,V24,7.689481736045675
1080,783,834,V27,7.689481736045675
1080,855,1276,V30,14.029505033457104
1080,783,1182,V29,15.175538880502293
1080,783,917,V31,5.8083597500151045
1080,783,1091,V32,10.241109598832232
1080,855,1102,V94,12.404917058701368
1080,783,535,V33,11.620421645142477
1084,1182,1276,V59,7.919661523440269
1084,849,1276,V65,11.479314497557898
1084,882,1276,V23,12.01740314095659
1084,882,1276,V34,12.01740314095659
1084,882,1276,V55,12.01740314095659
1084,882,1276,V66,12.01740314095659
1084,882,1013,V75,3.839767699909249
1084,882,1013,V89,3.839767699909249
1084,882,1013,V105,3.839767699909249
1084,672,1013,V60,9.341935125969725
1084,672,1013,V62,9.341935125969725
1084,672,1013,V67,9.341935125969725
1084,783,834,V21,7.689481736045675
1084,783,834,V25,7.689481736045675
1084,783,834,V27,7.689481736045675
1084,783,834,V29,7.689481736045675
1084,783,834,V33,7.689481736045675
1084,783,834,V36,7.689481736045675
1084,783,708,V37,10.697285568723771
1084,783,708,V39,10.697285568723771
1084,783,708,V40,10.697285568723771
1084,783,708,V41,10.697285568723771
1084,783,1091,V42,10.241109598832232
1084,783,1091,V45,10.241109598832232
1084,783,1091,V47,10.241109598832232
1084,783,1106,V48,22.318447076891776
1084,783,1106,V50,22.318447076891776
1084,783,1106,V51,22.318447076891776
1084,783,885,V52,15.378166398318458
1084,783,885,V53,15.378166398318458
1084,783,885,V56,15.378166398318458
1084,783,659,V57,5.809594285895007
1084,783,659,V58,5.809594285895007
1084,783,535,V61,11.620421645142477
1084,783,535,V63,11.620421645142477
1084,783,1102,V68,18.800951364959644
1084,783,917,V69,5.8083597500151045
1084,783,1229,V70,18.841160835534616
1088,917,834,V69,3.617203703030827
1088,965,834,V21,3.83986736177262
1088,965,834,V45,3.83986736177262
1088,965,834,V56,3.83986736177262
1088,965,834,V57,3.83986736177262
1088,882,834,V27,4.883195120135012
1088,882,834,V40,4.883195120135012
1088,882,834,V44,4.883195120135012
1088,783,834,V22,7.689481736045675
1088,783,834,V23,7.689481736045675
1088,783,834,V24,7.689481736045675
1088,672,708,V62,6.751878981086827
1088,672,708,V84,6.751878981086827
1088,1013,708,V32,8.663428210145081
1088,783,708,V25,10.697285568723771
1088,783,535,V28,11.620421645142477
1088,783,535,V29,11.620421645142477
1088,783,535,V30,11.620421645142477
1088,783,535,V31,11.620421645142477
1088,849,931,V33,4.4061387562478425
1088,849,931,V63,4.4061387562478425
1088,1068,931,V54,8.304853837171269
1088,1276,931,V51,8.946223146223524
1088,1182,1229,V35,3.960024365898536
1088,1182,1229,V38,3.960024365898536
1088,1182,1229,V47,3.960024365898536
1088,855,1106,V92,9.423483175173253
1088,783,359,V34,12.499801205497114
1088,783,659,V36,5.809594285895007
1088,1182,1091,V74,5.24631154396119
1092,965,834,V22,3.83986736177262
1092,965,834,V23,3.83986736177262
1092,965,834,V24,3.83986736177262
1092,882,834,V70,4.883195120135012
1092,882,834,V97,4.883195120135012
1092,1091,834,V21,6.739095652327052
1092,783,834,V25,7.689481736045675
1092,783,834,V27,7.689481736045675
1092,783,834,V28,7.689481736045675
1092,783,834,V29,7.689481736045675
1092,783,834,V30,7.689481736045675
1092,783,834,V32,7.689481736045675
1092,1102,1106,V48,3.80171314717607
1092,1102,1106,V59,3.80171314717607
1092,1102,1106,V90,3.80171314717607
1092,1102,1106,V112,3.80171314717607
1092,1276,1106,V41,4.836798739645476
1092,1276,1106,V78,4.836798739645476
1092,931,885,V44,3.0617002345235647
1092,931,885,V51,3.0617002345235647
1092,931,885,V58,3.0617002345235647
1092,931,885,V71,3.0617002345235647
1092,672,708,V92,6.751878981086827
1092,1013,708,V73,8.663428210145081
1092,783,535,V34,11.620421645142477
1092,783,659,V36,5.809594285895007
1092,783,917,V37,5.8083597500151045
1096,882,834,V23,4.883195120135012
1096,882,834,V27,4.883195120135012
1096,882,834,V65,4.883195120135012
1096,882,834,V79,4.883195120135012
1096,882,834,V81,4.883195120135012
1096,882,834,V87,4.883195120135012
1096,882,834,V92,4.883195120135012
1096,882,965,V97,3.616965677313317
1096,1182,965,V67,5.875748248781206
1096,1102,965,V48,8.304116264398273
1096,1102,965,V59,8.304116264398273
1096,1102,965,V61,8.304116264398273
1096,1102,965,V78,8.304116264398273
1096,783,566,V22,5.876334276322891
1096,1435,1296,V109,10.066515186960627
1096,1102,931,V83,4.548251915941359
1096,672,849,V88,6.511836392511076
1100,882,965,V21,3.616965677313317
1100,917,965,V37,4.882215518422521
1100,1182,965,V56,5.875748248781206
1100,1182,965,V76,5.875748248781206
1100,708,535,V27,4.548441137468074
1100,708,535,V50,4.548441137468074
1100,708,535,V57,4.548441137468074
1100,708,535,V61,4.548441137468074
1100,708,834,V62,4.389831624444016
1100,708,834,V78,4.389831624444016
1100,659,834,V23,5.284552964469467
1100,659,834,V48,5.284552964469467
1100,849,931,V40,4.4061387562478425
1100,1102,931,V52,4.548251915941359
1100,1102,931,V71,4.548251915941359
1100,1102,1106,V74,3.80171314717607
1100,1068,855,V25,5.87594370452583
1100,1102,1013,V84,3.616251246210677
1104,882,965,V28,3.616965677313317
1104,882,965,V37,3.616965677313317
1104,882,965,V45,3.616965677313317
1104,882,965,V52,3.616965677313317
1104,882,965,V53,3.616965677313317
1104,1013,931,V50,4.405443882921528
1104,1013,931,V83,4.405443882921528
1104,1013,931,V122,4.405443882921528
1104,1102,931,V73,4.548251915941359
1104,1102,931,V118,4.548251915941359
1104,672,849,V21,6.511836392511076
1104,672,849,V40,6.511836392511076
1104,882,885,V57,2.852794790784161
1104,1182,1091,V44,5.24631154396119
1108,965,882,V74,3.616965677313317
1108,965,882,V83,3.616965677313317
1108,965,882,V90,3.616965677313317
1108,931,885,V46,3.0617002345235647
1108,931,885,V50,3.0617002345235647
1112,965,882,V50,3.616965677313317
1112,1013,882,V45,3.839767699909249
1112,1013,882,V107,3.839767699909249
1112,1013,882,V136,3.839767699909249
1112,834,882,V25,4.883195120135012
1112,834,882,V46,4.883195120135012
1112,931,882,V47,5.812636165404913
1112,931,882,V81,5.812636165404913
1112,931,882,V82,5.812636165404913
1112,1102,882,V57,7.314751476768936
1112,1435,1296,V24,10.066515186960627
1116,885,882,V58,2.852794790784161
1116,965,882,V44,3.616965677313317
1116,1102,882,V121,7.314751476768936
1116,672,882,V35,7.316385892068044
1116,672,882,V41,7.316385892068044
1116,672,882,V65,7.316385892068044
1116,672,882,V76,7.316385892068044
1116,672,882,V120,7.316385892068044
1116,1182,882,V57,7.841474878454721
1116,1182,882,V73,7.841474878454721
1116,1182,882,V112,7.841474878454721
1116,659,834,V31,5.284552964469467
1116,659,834,V46,5.284552964469467
1116,659,834,V50,5.284552964469467
1116,783,834,V22,7.689481736045675
1116,783,917,V23,5.8083597500151045
1116,783,917,V24,5.8083597500151045
1116,783,917,V25,5.8083597500151045
1116,1229,1091,V99,9.180034524729397
1116,1229,1091,V101,9.180034524729397
1116,1229,1091,V108,9.180034524729397
1116,1229,1013,V113,5.640389822593795
1116,535,708,V140,4.548441137468074
1120,783,965,V21,10.498093903671007
1120,783,965,V22,10.498093903671007
1120,783,965,V23,10.498093903671007
1120,783,965,V24,10.498093903671007
1120,783,965,V25,10.498093903671007
1120,783,965,V30,10.498093903671007
1120,783,965,V31,10.498093903671007
1120,783,834,V32,7.689481736045675
1120,783,834,V33,7.689481736045675
1120,783,834,V34,7.689481736045675
1120,783,834,V35,7.689481736045675
1120,783,834,V36,7.689481736045675
1120,783,834,V37,7.689481736045675
1120,359,535,V86,5.855067293961566
1120,359,535,V104,5.855067293961566
1120,359,535,V116,5.855067293961566
1120,566,535,V29,11.474227573045091
1120,783,535,V39,11.620421645142477
1120,1276,882,V93,12.01740314095659
1120,1276,882,V95,12.01740314095659
1120,1276,882,V109,12.01740314095659
1120,1276,882,V111,12.01740314095659
1120,1276,1102,V123,4.836798739646007
1120,1276,1102,V141,4.836798739646007
1120,1068,1102,V88,8.626274418583195
1120,1068,1102,V94,8.626274418583195
1120,1068,1229,V96,11.360488351411393
1120,1068,1229,V100,11.360488351411393
1120,1068,1229,V102,11.360488351411393
1120,783,708,V40,10.697285568723771
1120,783,708,V41,10.697285568723771
1120,783,708,V42,10.697285568723771
1120,1068,849,V106,6.736061142863373
1120,1068,849,V114,6.736061142863373
1120,1068,849,V124,6.736061142863373
1120,1068,672,V125,13.168317290084476
1120,783,672,V44,17.445012141301472
1120,783,672,V45,17.445012141301472
1120,783,917,V46,5.8083597500151045
1120,783,917,V47,5.8083597500151045
1120,783,659,V48,5.809594285895007
1120,783,659,V49,5.809594285895007
1120,1370,1013,V103,15.22257692845342
1120,783,1182,V50,15.175538880502293
1120,783,885,V52,15.378166398318458
1120,783,1091,V53,10.241109598832232
1120,783,931,V54,18.3740064075405
1124,1102,1229,V100,3.8392690799482057
1124,1276,1229,V22,3.959637309104105
1124,1013,1229,V30,5.640389822593795
1124,1013,1229,V31,5.640389822593795
1124,1013,1229,V59,5.640389822593795
1124,1068,1229,V124,11.360488351411393
1124,783,1229,V25,18.841160835534616
1124,783,965,V27,10.498093903671007
1124,783,965,V29,10.498093903671007
1124,783,965,V32,10.498093903671007
1124,783,965,V33,10.498093903671007
1124,783,965,V34,10.498093903671007
1124,783,965,V36,10.498093903671007
1124,783,965,V37,10.498093903671007
1124,359,708,V65,10.088438580081291
1124,783,708,V38,10.697285568723771
1124,783,708,V41,10.697285568723771
1124,783,708,V42,10.697285568723771
1124,783,708,V44,10.697285568723771
1124,783,708,V46,10.697285568723771
1124,783,708,V47,10.697285568723771
1124,783,885,V48,15.378166398318458
1124,783,885,V49,15.378166398318458
1124,783,885,V50,15.378166398318458
1124,783,885,V51,15.378166398318458
1124,783,885,V52,15.378166398318458
1124,783,885,V53,15.378166398318458
1124,783,1182,V55,15.175538880502293
1124,783,1182,V57,15.175538880502293
1124,783,931,V63,18.3740064075405
1124,783,931,V66,18.3740064075405
1124,783,1091,V68,10.241109598832232
1124,783,1091,V69,10.241109598832232
1124,783,508,V73,25.93420023872912
1124,783,1398,V74,19.874616662347663
1124,783,834,V75,7.689481736045675
1128,882,708,V21,4.837510953567602
1128,882,708,V29,4.837510953567602
1128,882,708,V37,4.837510953567602
1128,882,708,V48,4.837510953567602
1128,882,708,V49,4.837510953567602
1128,882,708,V53,4.837510953567602
1128,882,708,V58,4.837510953567602
1128,882,885,V59,2.852794790784161
1128,882,885,V60,2.852794790784161
1128,882,885,V71,2.852794790784161
1128,882,885,V76,2.852794790784161
1128,882,885,V77,2.852794790784161
1128,1013,885,V25,3.46869779664105
1128,783,834,V23,7.689481736045675
1128,783,834,V27,7.689481736045675
1128,783,834,V30,7.689481736045675
1128,783,834,V32,7.689481736045675
1128,783,834,V33,7.689481736045675
1128,783,834,V34,7.689481736045675
1128,1102,1229,V54,3.8392690799482057
1128,1102,1229,V57,3.8392690799482057
1128,1102,1229,V124,3.8392690799482057
1128,1013,1276,V68,8.190822817543284
1128,1013,1276,V79,8.190822817543284
1128,783,659,V38,5.809594285895007
1128,783,659,V40,5.809594285895007
1128,566,535,V28,11.474227573045091
1128,783,535,V41,11.620421645142477
1128,849,855,V63,5.706192977162224
1128,783,917,V42,5.8083597500151045
1128,783,965,V44,10.498093903671007
1132,659,708,V41,5.815596432206299
1132,885,708,V25,6.511469320496247
1132,885,708,V49,6.511469320496247
1132,885,708,V50,6.511469320496247
1132,885,708,V65,6.511469320496247
1132,885,708,V83,6.511469320496247
1132,885,708,V84,6.511469320496247
1132,359,708,V28,10.088438580081291
1132,783,708,V22,10.697285568723771
1132,783,708,V23,10.697285568723771
1132,783,708,V27,10.697285568723771
1132,1102,882,V36,7.314751476768936
1132,1102,882,V39,7.314751476768936
1132,1102,882,V46,7.314751476768936
1132,1091,882,V86,7.965381677815221
1132,849,882,V57,9.574606006915822
1132,849,882,V76,9.574606006915822
1132,1106,882,V48,10.203820878312005
1132,1106,1229,V54,6.605818539698737
1132,1106,1229,V68,6.605818539698737
1132,1106,1229,V79,6.605818539698737
1132,1106,1229,V80,6.605818539698737
1132,1106,1229,V87,6.605818539698737
1132,1068,1182,V35,14.6407627195109
1132,1068,1182,V82,14.6407627195109
1132,1068,1182,V97,14.6407627195109
1132,783,1182,V29,15.175538880502293
1132,783,931,V30,18.3740064075405
1132,783,931,V34,18.3740064075405
1132,783,931,V37,18.3740064075405
1132,783,834,V38,7.689481736045675
1132,783,834,V44,7.689481736045675
1132,783,855,V47,27.60378823743443
1132,783,535,V51,11.620421645142477
1132,783,1013,V52,15.308499342485224
1136,917,834,V55,3.617203703030827
1136,708,834,V23,4.389831624444016
1136,708,834,V25,4.389831624444016
1136,708,834,V27,4.389831624444016
1136,708,834,V37,4.389831624444016
1136,708,834,V53,4.389831624444016
1136,708,834,V56,4.389831624444016
1136,1102,885,V41,5.875878565174106
1136,1102,885,V66,5.875878565174106
1136,708,885,V59,6.511469320496247
1136,849,885,V47,6.749102957431653
1136,1106,885,V24,7.965381677815221
1136,1068,855,V48,5.87594370452583
1136,1068,855,V81,5.87594370452583
1136,1229,1276,V93,3.959637309104105
1136,1106,1276,V61,4.836798739645476
1136,1068,1013,V91,11.461019980924313
1136,659,931,V44,14.893741670685255
1136,659,965,V90,9.121352246650094
1140,917,834,V53,3.617203703030827
1140,659,834,V31,5.284552964469467
1140,659,834,V74,5.284552964469467
1140,659,834,V92,5.284552964469467
1140,783,834,V22,7.689481736045675
1140,783,834,V23,7.689481736045675
1140,1068,931,V48,8.304853837171269
1140,1182,931,V93,9.422487826577225
1140,535,931,V30,13.170081658182124
1140,535,931,V46,13.170081658182124
1140,783,931,V25,18.3740064075405
1140,783,885,V27,15.378166398318458
1140,783,885,V29,15.378166398318458
1140,783,885,V32,15.378166398318458
1140,783,885,V34,15.378166398318458
1140,359,855,V40,25.072383606119217
1140,359,855,V51,25.072383606119217
1140,783,708,V35,10.697285568723771
1140,783,708,V38,10.697285568723771
1140,783,1102,V39,18.800951364959644
1140,783,1102,V42,18.800951364959644
1140,783,672,V50,17.445012141301472
1140,783,1398,V52,19.874616662347663
1140,783,1013,V56,15.308499342485224
1144,882,885,V35,2.852794790784161
1144,882,885,V38,2.852794790784161
1144,882,885,V45,2.852794790784161
1144,882,885,V68,2.852794790784161
1144,882,885,V73,2.852794790784161
1144,882,885,V84,2.852794790784161
1144,834,708,V28,4.389831624444016
1144,834,708,V31,4.389831624444016
1144,882,965,V92,3.616965677313317
1144,834,965,V37,3.83986736177262
1148,965,834,V31,3.83986736177262
1148,965,834,V42,3.83986736177262
1148,659,834,V37,5.284552964469467
1148,659,834,V62,5.284552964469467
1148,885,834,V24,7.688685710981335
1148,849,855,V27,5.706192977162224
1152,965,882,V84,3.616965677313317
1152,965,882,V88,3.616965677313317
1152,965,882,V123,3.616965677313317
1152,965,882,V125,3.616965677313317
1152,1013,882,V24,3.839767699909249
1152,1013,882,V42,3.839767699909249
1152,708,882,V65,4.837510953567602
1152,931,882,V33,5.812636165404913
1152,931,882,V82,5.812636165404913
1152,931,882,V91,5.812636165404913
1152,931,882,V92,5.812636165404913
1152,672,882,V31,7.316385892068044
1152,917,834,V66,3.617203703030827
1152,783,834,V23,7.689481736045675
1152,783,834,V44,7.689481736045675
1152,783,659,V130,5.809594285895007
1152,783,659,V131,5.809594285895007
1156,885,882,V32,2.852794790784161
1156,885,882,V82,2.852794790784161
1156,885,882,V84,2.852794790784161
1156,885,882,V123,2.852794790784161
1156,1013,882,V31,3.839767699909249
1156,535,708,V44,4.548441137468074
1160,1013,882,V35,3.839767699909249
1160,1013,882,V37,3.839767699909249
1160,931,882,V23,5.812636165404913
1160,917,834,V44,3.617203703030827
1164,931,882,V32,5.812636165404913
1164,931,882,V37,5.812636165404913
1164,931,882,V66,5.812636165404913
1164,931,882,V82,5.812636165404913
1164,931,882,V84,5.812636165404913
1164,1091,965,V31,4.388654712140797
1164,1102,965,V114,8.304116264398273
1164,931,965,V92,8.628970001760946
1164,931,965,V105,8.628970001760946
1164,672,885,V36,5.876204136119103
1164,672,885,V38,5.876204136119103
1164,672,885,V54,5.876204136119103
1164,672,885,V67,5.876204136119103
1164,659,834,V25,5.284552964469467
1164,659,834,V55,5.284552964469467
1164,783,834,V21,7.689481736045675
1164,535,708,V109,4.548441137468074
1164,672,708,V68,6.751878981086827
1168,783,834,V24,7.689481736045675
1168,783,834,V25,7.689481736045675
1168,783,834,V30,7.689481736045675
1168,783,834,V31,7.689481736045675
1168,783,834,V32,7.689481736045675
1168,783,834,V33,7.689481736045675
1168,783,834,V34,7.689481736045675
1168,783,834,V35,7.689481736045675
1168,783,834,V36,7.689481736045675
1168,1229,965,V28,8.77672016628073
1168,783,965,V37,10.498093903671007
1168,783,965,V38,10.498093903671007
1168,783,965,V39,10.498093903671007
1168,783,965,V41,10.498093903671007
1168,783,965,V42,10.498093903671007
1168,783,965,V44,10.498093903671007
1168,849,882,V62,9.574606006915822
1168,849,882,V95,9.574606006915822
1168,849,882,V117,9.574606006915822
1168,849,882,V124,9.574606006915822
1168,1106,882,V102,10.203820878312005
1168,1068,931,V83,8.304853837171269
1168,1068,931,V101,8.304853837171269
1168,1068,931,V107,8.304853837171269
1168,1276,931,V56,8.946223146223524
1168,1435,1091,V86,8.895594131564904
1168,1435,1091,V112,8.895594131564904
1168,783,1091,V45,10.241109598832232
1168,1276,1013,V80,8.190822817543284
1168,1276,1013,V93,8.190822817543284
1168,359,708,V29,10.088438580081291
1168,359,708,V63,10.088438580081291
1168,566,535,V22,11.474227573045091
1168,566,535,V121,11.474227573045091
1168,783,917,V48,5.8083597500151045
1168,1276,1102,V110,4.836798739646007
1172,1276,1229,V66,3.959637309104105
1172,849,1229,V85,12.017793437809017
1172,708,1229,V49,14.16486062369625
1172,708,1229,V56,14.16486062369625
1172,708,1229,V65,14.16486062369625
1172,783,1229,V21,18.841160835534616
1172,783,1229,V22,18.841160835534616
1172,783,1229,V23,18.841160835534616
1172,783,1229,V24,18.841160835534616
1172,783,1229,V25,18.841160835534616
1172,783,834,V27,7.689481736045675
1172,783,834,V28,7.689481736045675
1172,783,834,V31,7.689481736045675
1172,783,834,V32,7.689481736045675
1172,783,834,V35,7.689481736045675
1172,783,834,V36,7.689481736045675
1172,783,834,V37,7.689481736045675
1172,783,834,V38,7.689481736045675
1172,783,834,V39,7.689481736045675
1172,508,931,V40,12.961089805583503
1172,508,931,V47,12.961089805583503
1172,508,931,V50,12.961089805583503
1172,508,931,V57,12.961089805583503
1172,508,931,V103,12.961089805583503
1172,783,931,V41,18.3740064075405
1172,783,931,V42,18.3740064075405
1172,783,931,V44,18.3740064075405
1172,783,1013,V46,15.308499342485224
1172,783,1013,V48,15.308499342485224
1172,783,1013,V55,15.308499342485224
1172,783,1013,V58,15.308499342485224
1172,783,1013,V59,15.308499342485224
1172,783,535,V60,11.620421645142477
1172,783,535,V61,11.620421645142477
1172,783,535,V67,11.620421645142477
1172,783,535,V68,11.620421645142477
1172,783,1106,V69,22.318447076891776
1172,783,1106,V71,22.318447076891776
1172,783,1106,V73,22.318447076891776
1172,783,1106,V74,22.318447076891776
1172,783,917,V75,5.8083597500151045
1172,783,917,V76,5.8083597500151045
1172,783,882,V77,12.561839638690564
1172,783,882,V78,12.561839638690564
1172,783,885,V79,15.378166398318458
1172,783,885,V82,15.378166398318458
1172,783,1398,V84,19.874616662347663
1172,783,1398,V86,19.874616662347663
1172,783,659,V87,5.809594285895007
1172,783,1091,V88,10.241109598832232
1172,783,1102,V89,18.800951364959644
1172,783,965,V90,10.498093903671007
1176,882,1091,V42,7.965381677815221
1176,882,1091,V46,7.965381677815221
1176,882,1091,V49,7.965381677815221
1176,882,1091,V65,7.965381677815221
1176,882,885,V89,2.852794790784161
1176,931,885,V51,3.0617002345235647
1176,1102,885,V38,5.875878565174106
1176,1102,885,V44,5.875878565174106
1176,708,535,V36,4.548441137468074
1176,783,535,V21,11.620421645142477
1176,783,535,V22,11.620421645142477
1176,783,535,V23,11.620421645142477
1176,783,659,V27,5.809594285895007
1176,783,659,V28,5.809594285895007
1176,1102,965,V48,8.304116264398273
1176,1102,965,V69,8.304116264398273
1176,1276,1398,V25,7.438993890374081
1176,1276,1106,V59,4.836798739645476
1176,1068,1229,V86,11.360488351411393
1180,1013,882,V41,3.839767699909249
1180,1013,882,V47,3.839767699909249
1180,1013,882,V69,3.839767699909249
1180,1013,882,V86,3.839767699909249
1180,708,882,V38,4.837510953567602
1180,708,882,V67,4.837510953567602
1180,1102,882,V44,7.314751476768936
1180,1102,882,V70,7.314751476768936
1180,1102,882,V100,7.314751476768936
1180,1276,1229,V25,3.959637309104105
1180,1276,1229,V32,3.959637309104105
1180,1182,1229,V40,3.960024365898536
1180,1182,1229,V60,3.960024365898536
1180,783,535,V27,11.620421645142477
1180,783,535,V28,11.620421645142477
1180,849,1398,V34,17.29967050146656
1180,783,1435,V30,17.957022310236383
1180,783,1091,V31,10.241109598832232
1180,849,1068,V51,6.736061142863373
1180,783,834,V33,7.689481736045675
1180,783,359,V35,12.499801205497114
1184,1013,1102,V34,3.616251246210677
1184,1013,1102,V45,3.616251246210677
1184,931,1102,V83,4.548251915941359
1184,885,1102,V81,5.875878565174106
1184,783,1091,V21,10.241109598832232
1184,783,1091,V22,10.241109598832232
1184,783,566,V25,5.876334276322891
1184,708,834,V33,4.389831624444016
1184,708,849,V61,11.8916662824573
1184,659,1106,V32,19.6208363343578
1184,659,965,V47,9.121352246650094
1184,659,1229,V53,17.8420518180728
1188,885,965,V54,6.123119155303686
1188,885,965,V57,6.123119155303686
1188,885,965,V69,6.123119155303686
1188,708,965,V45,6.739138237495128
1188,783,965,V21,10.498093903671007
1188,783,965,V22,10.498093903671007
1188,783,965,V23,10.498093903671007
1188,783,965,V27,10.498093903671007
1188,1106,849,V32,6.739095652327052
1188,1106,849,V33,6.739095652327052
1188,1106,849,V34,6.739095652327052
1188,1276,849,V37,11.479314497557898
1188,1276,849,V47,11.479314497557898
1188,1276,849,V68,11.479314497557898
1188,535,882,V42,9.342211452816104
1188,783,882,V29,12.561839638690564
1188,783,882,V30,12.561839638690564
1188,783,882,V31,12.561839638690564
1188,783,882,V36,12.561839638690564
1188,783,834,V39,7.689481736045675
1188,783,834,V44,7.689481736045675
1188,783,834,V46,7.689481736045675
1188,783,834,V51,7.689481736045675
1188,783,931,V53,18.3740064075405
1188,783,931,V55,18.3740064075405
1188,783,931,V56,18.3740064075405
1188,783,1102,V58,18.800951364959644
1188,783,1102,V60,18.800951364959644
1188,783,1102,V61,18.800951364959644
1188,783,1229,V62,18.841160835534616
1188,783,1229,V63,18.841160835534616
1188,783,672,V65,17.445012141301472
1188,783,917,V73,5.8083597500151045
1188,783,359,V79,12.499801205497114
1188,783,1091,V81,10.241109598832232
1188,783,659,V85,5.809594285895007
1188,783,1398,V87,19.874616662347663
1192,783,659,V31,5.809594285895007
1192,783,659,V61,5.809594285895007
1192,783,659,V63,5.809594285895007
1192,783,659,V79,5.809594285895007
1192,1013,965,V21,4.881725510082577
1192,1013,965,V22,4.881725510082577
1192,1013,965,V23,4.881725510082577
1192,885,834,V34,7.688685710981335
1192,885,834,V49,7.688685710981335
1192,931,849,V32,4.4061387562478425
1192,931,849,V33,4.4061387562478425
1192,1013,1102,V36,3.616251246210677
1192,783,917,V81,5.8083597500151045
1196,882,885,V22,2.852794790784161
1196,882,885,V23,2.852794790784161
1196,1013,1102,V24,3.616251246210677
1196,1013,1102,V27,3.616251246210677
1196,535,359,V30,5.855067293961566
1196,882,834,V34,4.883195120135012
1200,885,882,V62,2.852794790784161
1200,885,882,V67,2.852794790784161
1200,885,882,V85,2.852794790784161
1200,1013,882,V39,3.839767699909249
1200,1013,1102,V48,3.616251246210677
1200,1013,1102,V89,3.616251246210677
1200,1013,1102,V101,3.616251246210677
1200,834,965,V34,3.83986736177262
1204,885,882,V77,2.852794790784161
1204,885,882,V103,2.852794790784161
1204,1013,882,V63,3.839767699909249
1204,1013,882,V129,3.839767699909249
1204,1013,882,V130,3.839767699909249
1204,834,882,V40,4.883195120135012
1204,1091,965,V21,4.388654712140797
1208,885,882,V21,2.852794790784161
1212,1013,965,V44,4.881725510082577
1212,1182,965,V34,5.875748248781206
1212,1182,965,V60,5.875748248781206
1212,1182,965,V65,5.875748248781206
1212,1182,965,V71,5.875748248781206
1212,1182,965,V73,5.875748248781206
1212,659,834,V82,5.284552964469467
1212,659,834,V125,5.284552964469467
1212,659,834,V126,5.284552964469467
1212,659,834,V134,5.284552964469467
1212,783,834,V22,7.689481736045675
1212,535,708,V104,4.548441137468074
1212,535,708,V109,4.548441137468074
1212,535,708,V120,4.548441137468074
1212,931,882,V57,5.812636165404913
1212,931,882,V63,5.812636165404913
1212,931,885,V74,3.0617002345235647
1212,931,885,V77,3.0617002345235647
1212,535,359,V131,5.855067293961566
1212,1398,1435,V54,5.805514364498899
1216,783,917,V22,5.8083597500151045
1216,783,917,V23,5.8083597500151045
1216,783,917,V25,5.8083597500151045
1216,783,917,V27,5.8083597500151045
1216,783,917,V28,5.8083597500151045
1216,783,917,V30,5.8083597500151045
1216,783,917,V31,5.8083597500151045
1216,783,917,V32,5.8083597500151045
1216,783,659,V33,5.809594285895007
1216,783,659,V35,5.809594285895007
1216,783,659,V36,5.809594285895007
1216,783,659,V38,5.809594285895007
1216,783,659,V39,5.809594285895007
1216,783,659,V41,5.809594285895007
1216,931,965,V132,8.628970001760946
1216,783,965,V44,10.498093903671007
1216,783,965,V45,10.498093903671007
1216,783,965,V46,10.498093903671007
1216,783,965,V48,10.498093903671007
1216,1276,1229,V42,3.959637309104105
1216,1276,1229,V52,3.959637309104105
1216,1276,1229,V58,3.959637309104105
1216,1276,1229,V88,3.959637309104105
1216,1276,1229,V92,3.959637309104105
1216,1276,1013,V123,8.190822817543284
1216,672,1013,V47,9.341935125969725
1216,672,1013,V49,9.341935125969725
1216,672,1013,V66,9.341935125969725
1216,672,1013,V69,9.341935125969725
1216,783,1091,V50,10.241109598832232
1216,783,1091,V53,10.241109598832232
1216,783,1091,V54,10.241109598832232
1216,783,1091,V55,10.241109598832232
1216,672,882,V110,7.316385892068044
1216,672,882,V115,7.316385892068044
1216,783,882,V56,12.561839638690564
1216,566,359,V107,9.428696666120482
1216,566,359,V119,9.428696666120482
1216,783,359,V59,12.499801205497114
1216,1068,885,V51,11.364565785437158
1216,1068,885,V93,11.364565785437158
1216,1068,885,V105,11.364565785437158
1216,855,849,V29,5.706192977162224
1216,855,849,V37,5.706192977162224
1216,508,849,V68,9.342303526294996
1216,783,535,V60,11.620421645142477
1216,783,535,V61,11.620421645142477
1216,783,535,V62,11.620421645142477
1216,783,1435,V63,17.957022310236383
1216,783,1435,V65,17.957022310236383
1216,783,834,V67,7.689481736045675
1216,783,834,V71,7.689481736045675
1216,508,1102,V70,17.327384898394307
1216,783,708,V73,10.697285568723771
1216,508,1106,V75,16.025446935620938
1220,1276,1229,V40,3.959637309104105
1220,1276,1229,V74,3.959637309104105
1220,1276,1229,V91,3.959637309104105
1220,834,1229,V22,12.569063966979074
1220,834,1229,V29,12.569063966979074
1220,834,1229,V34,12.569063966979074
1220,834,1229,V37,12.569063966979074
1220,834,965,V50,3.83986736177262
1220,834,965,V73,3.83986736177262
1220,834,965,V84,3.83986736177262
1220,708,965,V49,6.739138237495128
1220,708,965,V79,6.739138237495128
1220,783,965,V25,10.498093903671007
1220,783,965,V27,10.498093903671007
1220,783,882,V28,12.561839638690564
1220,783,882,V30,12.561839638690564
1220,783,882,V31,12.561839638690564
1220,783,882,V33,12.561839638690564
1220,783,882,V35,12.561839638690564
1220,783,849,V36,21.903135562742808
1220,783,849,V38,21.903135562742808
1220,783,849,V39,21.903135562742808
1220,783,849,V41,21.903135562742808
1220,783,1106,V42,22.318447076891776
1220,783,1106,V44,22.318447076891776
1220,783,1106,V45,22.318447076891776
1220,783,535,V46,11.620421645142477
1220,783,535,V47,11.620421645142477
1220,783,1091,V48,10.241109598832232
1220,783,1091,V51,10.241109598832232
1220,783,1013,V52,15.308499342485224
1220,783,1013,V54,15.308499342485224
1220,783,659,V55,5.809594285895007
1220,783,659,V56,5.809594285895007
1220,783,1182,V57,15.175538880502293
1220,783,1435,V58,17.957022310236383
1220,783,931,V59,18.3740064075405
1224,931,885,V25,3.0617002345235647
1224,931,885,V31,3.0617002345235647
1224,1013,885,V35,3.46869779664105
1224,1013,885,V52,3.46869779664105
1224,1013,885,V77,3.46869779664105
1224,1102,885,V45,5.875878565174106
1224,849,885,V44,6.749102957431653
1224,849,885,V59,6.749102957431653
1224,1106,885,V21,7.965381677815221
1224,1182,882,V62,7.841474878454721
1224,783,882,V22,12.561839638690564
1224,783,882,V29,12.561839638690564
1224,783,882,V30,12.561839638690564
1224,783,882,V37,12.561839638690564
1224,783,882,V39,12.561839638690564
1224,783,659,V40,5.809594285895007
1224,783,659,V41,5.809594285895007
1224,783,659,V42,5.809594285895007
1224,783,659,V46,5.809594285895007
1224,783,659,V47,5.809594285895007
1224,783,965,V48,10.498093903671007
1224,783,965,V49,10.498093903671007
1224,783,965,V51,10.498093903671007
1224,783,965,V56,10.498093903671007
1224,783,1276,V57,22.606377139254327
1224,783,1276,V58,22.606377139254327
1224,783,1276,V79,22.606377139254327
1224,783,1276,V81,22.606377139254327
1224,783,1091,V82,10.241109598832232
1224,783,1091,V83,10.241109598832232
1224,783,1091,V84,10.241109598832232
1224,783,672,V85,17.445012141301472
1224,783,672,V87,17.445012141301472
1224,566,359,V23,9.428696666120482
1224,566,359,V24,9.428696666120482
1224,783,1370,V88,30.28578929187396
1224,783,1370,V89,30.28578929187396
1224,783,1229,V90,18.841160835534616
1224,783,1068,V92,26.525178301273773
1224,783,834,V93,7.689481736045675
1224,783,1435,V94,17.957022310236383
1228,1102,1229,V51,3.8392690799482057
1228,1102,1229,V77,3.8392690799482057
1228,1182,1229,V78,3.960024365898536
1228,1182,1229,V94,3.960024365898536
1228,965,1229,V44,8.77672016628073
1228,965,1229,V57,8.77672016628073
1228,885,708,V29,6.511469320496247
1228,885,708,V37,6.511469320496247
1228,917,708,V65,7.967110892206104
1228,783,708,V21,10.697285568723771
1228,783,708,V24,10.697285568723771
1228,849,1276,V45,11.479314497557898
1228,783,1276,V27,22.606377139254327
1228,783,1276,V30,22.606377139254327
1228,783,1276,V31,22.606377139254327
1228,783,1276,V34,22.606377139254327
1228,783,834,V35,7.689481736045675
1228,783,834,V38,7.689481736045675
1228,783,834,V40,7.689481736045675
1228,783,1106,V41,22.318447076891776
1228,783,1106,V42,22.318447076891776
1228,783,1370,V46,30.28578929187396
1228,783,1435,V47,17.957022310236383
1228,783,1013,V48,15.308499342485224
1232,917,834,V25,3.617203703030827
1232,708,834,V35,4.389831624444016
1232,708,834,V70,4.389831624444016
1232,659,834,V100,5.284552964469467
1232,783,834,V23,7.689481736045675
1232,783,834,V27,7.689481736045675
1232,783,834,V28,7.689481736045675
1232,783,834,V29,7.689481736045675
1232,783,834,V30,7.689481736045675
1232,783,834,V31,7.689481736045675
1232,783,834,V32,7.689481736045675
1232,783,834,V33,7.689481736045675
1232,783,834,V34,7.689481736045675
1232,783,834,V36,7.689481736045675
1232,783,834,V37,7.689481736045675
1232,783,834,V38,7.689481736045675
1232,1182,965,V53,5.875748248781206
1232,1182,965,V68,5.875748248781206
1232,1102,965,V42,8.304116264398273
1232,783,965,V39,10.498093903671007
1232,783,965,V40,10.498093903671007
1232,783,965,V44,10.498093903671007
1232,849,885,V22,6.749102957431653
1232,849,885,V54,6.749102957431653
1232,849,885,V61,6.749102957431653
1232,1106,885,V45,7.965381677815221
1232,1106,885,V77,7.965381677815221
1232,1106,885,V90,7.965381677815221
1232,1106,1276,V92,4.836798739645476
1232,855,1276,V94,14.029505033457104
1232,783,1276,V48,22.606377139254327
1232,783,1276,V49,22.606377139254327
1232,783,1229,V50,18.841160835534616
1232,783,1229,V52,18.841160835534616
1232,783,1229,V55,18.841160835534616
1232,783,672,V47,17.445012141301472
1232,783,672,V57,17.445012141301472
1232,783,1091,V58,10.241109598832232
1232,783,1013,V59,15.308499342485224
1232,783,1068,V65,26.525178301273773
1236,965,834,V28,3.83986736177262
1236,882,834,V57,4.883195120135012
1236,882,834,V58,4.883195120135012
1236,882,834,V78,4.883195120135012
1236,659,834,V36,5.284552964469467
1236,659,834,V38,5.284552964469467
1236,783,834,V23,7.689481736045675
1236,783,834,V24,7.689481736045675
1236,783,834,V27,7.689481736045675
1236,783,834,V29,7.689481736045675
1236,783,834,V30,7.689481736045675
1236,783,834,V31,7.689481736045675
1236,783,834,V34,7.689481736045675
1236,783,834,V37,7.689481736045675
1236,783,834,V39,7.689481736045675
1236,783,834,V40,7.689481736045675
1236,783,834,V42,7.689481736045675
1236,783,834,V44,7.689481736045675
1236,783,834,V50,7.689481736045675
1236,783,834,V51,7.689481736045675
1236,783,834,V54,7.689481736045675
1236,535,708,V66,4.548441137468074
1236,672,708,V47,6.751878981086827
1236,1013,708,V59,8.663428210145081
1236,1013,708,V114,8.663428210145081
1236,783,708,V60,10.697285568723771
1236,783,708,V63,10.697285568723771
1236,783,708,V65,10.697285568723771
1236,1102,931,V52,4.548251915941359
1236,1102,931,V77,4.548251915941359
1236,1102,931,V90,4.548251915941359
1236,1229,931,V21,8.28950012214804
1236,1229,1398,V96,5.282433425576492
1240,834,965,V58,3.83986736177262
1240,1091,965,V27,4.388654712140797
1240,1091,965,V57,4.388654712140797
1240,1091,965,V96,4.388654712140797
1240,1091,965,V115,4.388654712140797
1240,1182,965,V32,5.875748248781206
1240,535,708,V28,4.548441137468074
1240,535,708,V35,4.548441137468074
1240,535,708,V47,4.548441137468074
1240,535,708,V65,4.548441137468074
1240,535,708,V70,4.548441137468074
1240,1102,1106,V67,3.80171314717607
1240,1102,1106,V94,3.80171314717607
1240,1102,1106,V105,3.80171314717607
1240,1068,1106,V21,4.880745078525951
1240,1068,1106,V49,4.880745078525951
1240,885,931,V36,3.0617002345235647
1240,885,931,V38,3.0617002345235647
1240,885,931,V53,3.0617002345235647
1240,849,931,V23,4.4061387562478425
1240,1182,1013,V73,5.283249325636405
1240,1182,1013,V83,5.283249325636405
1240,1182,1013,V86,5.283249325636405
1240,1182,1013,V91,5.283249325636405
1240,1182,882,V119,7.841474878454721
1240,535,882,V80,9.342211452816104
1240,659,882,V29,9.424155624926374
1240,659,882,V31,9.424155624926374
1240,783,1296,V30,13.644692409583532
1244,1102,1106,V21,3.80171314717607
1244,1102,1106,V27,3.80171314717607
1244,1102,1106,V31,3.80171314717607
1244,917,834,V71,3.617203703030827
1244,1182,1398,V30,5.640321895106829
1248,917,834,V74,3.617203703030827
1248,965,834,V22,3.83986736177262
1248,965,834,V36,3.83986736177262
1248,965,834,V58,3.83986736177262
1248,965,834,V59,3.83986736177262
1252,1102,1013,V31,3.616251246210677
1252,965,834,V22,3.83986736177262
1252,1102,1229,V35,3.8392690799482057
1256,1102,1013,V53,3.616251246210677
1256,1102,1013,V76,3.616251246210677
1256,1102,1013,V107,3.616251246210677
1256,1102,1013,V111,3.616251246210677
1260,1102,1229,V117,3.8392690799482057
1260,1182,1229,V67,3.960024365898536
1260,1106,1229,V31,6.605818539698737
1260,1106,1229,V74,6.605818539698737
1260,965,1229,V86,8.77672016628073
1260,965,1229,V95,8.77672016628073
1260,965,834,V96,3.83986736177262
1260,708,834,V47,4.389831624444016
1260,882,885,V121,2.852794790784161
1260,882,885,V138,2.852794790784161
1260,882,1013,V143,3.839767699909249
1260,882,1013,V146,3.839767699909249
1260,1091,1296,V126,11.008827084803295
1260,1068,1276,V52,8.66943360865319
1264,708,834,V84,4.389831624444016
1264,708,834,V87,4.389831624444016
1264,708,834,V99,4.389831624444016
1264,708,834,V100,4.389831624444016
1264,708,834,V131,4.389831624444016
1264,708,834,V133,4.389831624444016
1264,708,834,V134,4.389831624444016
1264,708,834,V135,4.389831624444016
1264,708,834,V140,4.389831624444016
1264,783,834,V25,7.689481736045675
1264,783,834,V27,7.689481736045675
1264,849,931,V119,4.4061387562478425
1264,849,931,V122,4.4061387562478425
1264,849,931,V130,4.4061387562478425
1264,672,931,V32,6.73915242731767
1264,672,931,V54,6.73915242731767
1264,672,931,V56,6.73915242731767
1264,672,931,V60,6.73915242731767
1264,783,965,V30,10.498093903671007
1264,783,965,V31,10.498093903671007
1264,783,965,V33,10.498093903671007
1264,783,965,V34,10.498093903671007
1264,783,965,V35,10.498093903671007
1264,783,965,V36,10.498093903671007
1264,783,1091,V37,10.241109598832232
1264,783,1091,V38,10.241109598832232
1264,783,1091,V39,10.241109598832232
1264,783,1091,V40,10.241109598832232
1264,783,1091,V41,10.241109598832232
1264,783,1091,V42,10.241109598832232
1264,1068,1229,V69,11.360488351411393
1264,1068,1229,V77,11.360488351411393
1264,1068,1229,V91,11.360488351411393
1264,1068,1229,V129,11.360488351411393
1264,672,1229,V73,14.57987655243148
1264,672,882,V82,7.316385892068044
1264,535,882,V21,9.342211452816104
1264,535,882,V28,9.342211452816104
1264,535,882,V29,9.342211452816104
1264,783,882,V44,12.561839638690564
1264,855,885,V24,12.412669367198909
1264,855,885,V55,12.412669367198909
1264,855,885,V61,12.412669367198909
1264,855,885,V85,12.412669367198909
1264,855,1102,V97,12.404917058701368
1264,855,1102,V102,12.404917058701368
1264,508,1102,V83,17.327384898394307
1264,783,1102,V45,18.800951364959644
1264,783,1276,V47,22.606377139254327
1264,783,1276,V48,22.606377139254327
1264,783,1276,V49,22.606377139254327
1264,783,1276,V50,22.606377139254327
1264,783,1182,V51,15.175538880502293
1264,783,1182,V52,15.175538880502293
1264,783,1182,V53,15.175538880502293
1264,783,1182,V57,15.175538880502293
1264,783,1398,V58,19.874616662347663
1264,783,1398,V59,19.874616662347663
1264,783,1398,V62,19.874616662347663
1264,783,566,V65,5.876334276322891
1264,783,566,V66,5.876334276322891
1264,783,566,V67,5.876334276322891
1264,783,659,V70,5.809594285895007
1264,783,659,V71,5.809594285895007
1264,783,659,V74,5.809594285895007
1264,783,1106,V75,22.318447076891776
1264,783,1106,V76,22.318447076891776
1264,783,1435,V78,17.957022310236383
1264,783,917,V80,5.8083597500151045
1264,783,1013,V81,15.308499342485224
1268,834,659,V24,5.284552964469467
1268,834,659,V52,5.284552964469467
1268,834,659,V90,5.284552964469467
1268,834,659,V91,5.284552964469467
1268,834,659,V108,5.284552964469467
1268,783,659,V21,5.809594285895007
1268,885,1013,V27,3.46869779664105
1268,885,1013,V32,3.46869779664105
1268,882,1013,V25,3.839767699909249
1268,882,1013,V44,3.839767699909249
1268,882,1013,V51,3.839767699909249
1268,882,965,V56,3.616965677313317
1268,882,965,V57,3.616965677313317
1268,882,965,V106,3.616965677313317
1268,1182,965,V49,5.875748248781206
1268,783,965,V28,10.498093903671007
1268,783,931,V29,18.3740064075405
1268,783,931,V30,18.3740064075405
1268,783,931,V31,18.3740064075405
1268,783,931,V33,18.3740064075405
1268,783,931,V34,18.3740064075405
1268,783,1091,V35,10.241109598832232
1268,783,1091,V36,10.241109598832232
1268,783,1091,V38,10.241109598832232
1268,783,1091,V39,10.241109598832232
1268,359,849,V94,20.280567075307232
1268,359,849,V148,20.280567075307232
1268,783,508,V40,25.93420023872912
1268,783,508,V41,25.93420023872912
1268,783,708,V42,10.697285568723771
1268,783,708,V47,10.697285568723771
1268,783,1106,V48,22.318447076891776
1268,783,672,V54,17.445012141301472
1268,783,535,V58,11.620421645142477
1268,783,1229,V61,18.841160835534616
1272,1106,1102,V29,3.80171314717607
1272,1106,1102,V34,3.80171314717607
1272,1106,1102,V49,3.80171314717607
1272,1106,1102,V87,3.80171314717607
1272,931,1102,V30,4.548251915941359
1272,885,1102,V61,5.875878565174106
1272,1182,1102,V39,6.120304815079837
1272,965,834,V25,3.83986736177262
1272,882,834,V21,4.883195120135012
1272,882,834,V28,4.883195120135012
1272,1091,834,V53,6.739095652327052
1272,855,1229,V60,15.901554341364076
1272,855,1229,V94,15.901554341364076
1272,783,1229,V22,18.841160835534616
1272,783,659,V23,5.809594285895007
1272,783,917,V32,5.8083597500151045
1272,783,1398,V35,19.874616662347663
1272,783,566,V38,5.876334276322891
1272,359,708,V36,10.088438580081291
1272,783,672,V44,17.445012141301472
1276,917,834,V59,3.617203703030827
1276,965,834,V23,3.83986736177262
1276,965,834,V35,3.83986736177262
1276,965,834,V44,3.83986736177262
1276,783,834,V24,7.689481736045675
1276,783,834,V28,7.689481736045675
1276,783,834,V29,7.689481736045675
1276,783,834,V30,7.689481736045675
1276,783,834,V34,7.689481736045675
1276,783,834,V38,7.689481736045675
1276,783,659,V39,5.809594285895007
1276,783,659,V41,5.809594285895007
1276,783,659,V42,5.809594285895007
1276,783,659,V45,5.809594285895007
1276,1102,882,V22,7.314751476768936
1276,849,882,V49,9.574606006915822
1276,783,882,V47,12.561839638690564
1276,783,882,V48,12.561839638690564
1276,359,535,V89,5.855067293961566
1276,783,535,V50,11.620421645142477
1276,783,535,V52,11.620421645142477
1276,783,1013,V53,15.308499342485224
1276,783,1013,V54,15.308499342485224
1276,783,1013,V55,15.308499342485224
1276,783,566,V56,5.876334276322891
1276,783,566,V57,5.876334276322891
1276,783,1276,V58,22.606377139254327
1276,783,1276,V60,22.606377139254327
1276,783,1091,V61,10.241109598832232
1276,783,1091,V62,10.241109598832232
1276,783,1068,V65,26.525178301273773
1276,783,855,V70,27.60378823743443
1276,783,1182,V77,15.175538880502293
1276,783,1106,V78,22.318447076891776
1276,783,708,V82,10.697285568723771
1276,783,885,V84,15.378166398318458
1276,783,672,V86,17.445012141301472
1280,708,535,V54,4.548441137468074
1280,708,535,V84,4.548441137468074
1280,659,535,V39,5.810827883107414
1280,359,535,V106,5.855067293961566
1280,359,535,V107,5.855067293961566
1280,931,885,V34,3.0617002345235647
1280,931,885,V68,3.0617002345235647
1280,965,885,V35,6.123119155303686
1280,849,885,V49,6.749102957431653
1280,1091,1182,V33,5.24631154396119
1280,917,1296,V69,12.568089022353329
1280,1106,1276,V21,4.836798739645476
1284,882,885,V106,2.852794790784161
1284,882,885,V107,2.852794790784161
1284,931,885,V103,3.0617002345235647
1284,672,885,V55,5.876204136119103
1284,672,885,V89,5.876204136119103
1284,1229,1182,V29,3.960024365898536
1284,1229,1182,V78,3.960024365898536
1284,1229,1013,V85,5.640389822593795
1284,1229,1013,V105,5.640389822593795
1284,1106,849,V33,6.739095652327052
1284,1091,1102,V21,10.454710779351652
1284,708,965,V52,6.739138237495128
1288,917,834,V36,3.617203703030827
1288,708,834,V21,4.389831624444016
1288,708,834,V31,4.389831624444016
1288,708,834,V84,4.389831624444016
1288,659,834,V32,5.284552964469467
1288,659,834,V39,5.284552964469467
1288,659,834,V50,5.284552964469467
1288,1091,834,V45,6.739095652327052
1288,1091,834,V51,6.739095652327052
1288,1091,834,V77,6.739095652327052
1288,1091,834,V78,6.739095652327052
1288,1106,885,V25,7.965381677815221
1288,1106,885,V87,7.965381677815221
1288,1398,1435,V29,5.805514364498899
1288,1068,672,V65,13.168317290084476
1288,1091,1182,V92,5.24631154396119
1288,1068,855,V74,5.87594370452583
1292,885,1013,V39,3.46869779664105
1292,1102,1013,V31,3.616251246210677
1292,1091,1296,V54,11.008827084803295
1292,1068,1370,V88,7.841426035905807
1292,1102,1106,V36,3.80171314717607
1296,931,885,V22,3.0617002345235647
1296,931,885,V65,3.0617002345235647
1296,1013,885,V31,3.46869779664105
1296,1013,882,V67,3.839767699909249
1296,917,834,V25,3.617203703030827
1296,1091,965,V56,4.388654712140797
1300,917,834,V58,3.617203703030827
1300,708,834,V107,4.389831624444016
1300,882,834,V22,4.883195120135012
1300,882,965,V65,3.616965677313317
1300,882,965,V67,3.616965677313317
1300,882,885,V93,2.852794790784161
1308,1091,965,V67,4.388654712140797
1308,1091,965,V85,4.388654712140797
1308,1013,965,V30,4.881725510082577
1308,1013,965,V31,4.881725510082577
1308,1013,965,V53,4.881725510082577
1308,1182,965,V29,5.875748248781206
1308,1182,965,V34,5.875748248781206
1308,1182,965,V39,5.875748248781206
1308,931,882,V58,5.812636165404913
1308,931,882,V99,5.812636165404913
1308,1102,882,V75,7.314751476768936
1308,1102,882,V92,7.314751476768936
1308,535,708,V110,4.548441137468074
1308,535,708,V112,4.548441137468074
1308,535,708,V113,4.548441137468074
1308,855,1068,V87,5.87594370452583
1308,855,1068,V89,5.87594370452583
1308,849,1068,V42,6.736061142863373
1308,659,834,V41,5.284552964469467
1308,659,834,V49,5.284552964469467
1312,359,535,V91,5.855067293961566
1312,359,535,V96,5.855067293961566
1312,672,535,V65,8.311483007291683
1312,672,535,V66,8.311483007291683
1312,672,535,V73,8.311483007291683
1312,783,535,V21,11.620421645142477
1312,783,535,V22,11.620421645142477
1312,783,535,V24,11.620421645142477
1312,783,535,V25,11.620421645142477
1312,783,535,V27,11.620421645142477
1312,783,834,V28,7.689481736045675
1312,783,834,V30,7.689481736045675
1312,783,834,V31,7.689481736045675
1312,783,834,V32,7.689481736045675
1312,783,834,V33,7.689481736045675
1312,783,834,V35,7.689481736045675
1312,783,834,V36,7.689481736045675
1312,783,834,V37,7.689481736045675
1312,1182,1229,V103,3.960024365898536
1312,1182,1229,V121,3.960024365898536
1312,1398,1229,V84,5.282433425576492
1312,1398,1229,V111,5.282433425576492
1312,1435,1229,V109,10.197737357480824
1312,1435,1229,V124,10.197737357480824
1312,1435,1229,V125,10.197737357480824
1312,849,1229,V88,12.017793437809017
1312,783,1091,V38,10.241109598832232
1312,783,1091,V39,10.241109598832232
1312,783,1091,V40,10.241109598832232
1312,783,1091,V41,10.241109598832232
1312,783,1091,V42,10.241109598832232
1312,783,1091,V44,10.241109598832232
1312,783,659,V46,5.809594285895007
1312,783,659,V47,5.809594285895007
1312,783,659,V48,5.809594285895007
1312,783,659,V49,5.809594285895007
1312,783,659,V50,5.809594285895007
1312,783,659,V51,5.809594285895007
1312,783,708,V52,10.697285568723771
1312,783,708,V53,10.697285568723771
1312,783,708,V54,10.697285568723771
1312,783,708,V55,10.697285568723771
1312,783,965,V56,10.498093903671007
1312,783,965,V57,10.498093903671007
1312,783,965,V59,10.498093903671007
1312,783,965,V60,10.498093903671007
1312,849,931,V93,4.4061387562478425
1312,849,931,V101,4.4061387562478425
1312,849,931,V104,4.4061387562478425
1312,849,931,V114,4.4061387562478425
1312,783,1102,V61,18.800951364959644
1312,783,1102,V62,18.800951364959644
1312,783,1102,V67,18.800951364959644
1312,783,882,V70,12.561839638690564
1312,783,882,V71,12.561839638690564
1312,783,1276,V74,22.606377139254327
1312,783,1276,V75,22.606377139254327
1312,783,917,V76,5.8083597500151045
1312,783,885,V77,15.378166398318458
1312,783,1106,V78,22.318447076891776
1316,535,708,V54,4.548441137468074
1316,783,708,V22,10.697285568723771
1316,783,708,V23,10.697285568723771
1316,783,708,V24,10.697285568723771
1316,783,708,V25,10.697285568723771
1316,783,708,V27,10.697285568723771
1316,783,708,V28,10.697285568723771
1316,1276,1229,V45,3.959637309104105
1316,1276,1229,V67,3.959637309104105
1316,1276,1229,V77,3.959637309104105
1316,1276,1229,V78,3.959637309104105
1316,1276,1229,V82,3.959637309104105
1316,783,834,V30,7.689481736045675
1316,783,834,V31,7.689481736045675
1316,783,834,V32,7.689481736045675
1316,783,834,V35,7.689481736045675
1316,783,834,V36,7.689481736045675
1316,1182,885,V39,8.662721360426067
1316,1182,885,V55,8.662721360426067
1316,1182,885,V68,8.662721360426067
1316,1182,885,V74,8.662721360426067
1316,783,917,V37,5.8083597500151045
1316,783,917,V40,5.8083597500151045
1316,783,917,V41,5.8083597500151045
1316,855,1068,V85,5.87594370452583
1316,855,1068,V104,5.87594370452583
1316,1182,1068,V75,14.6407627195109
1316,783,659,V42,5.809594285895007
1316,783,659,V44,5.809594285895007
1316,783,882,V46,12.561839638690564
1316,783,882,V47,12.561839638690564
1316,783,566,V48,5.876334276322891
1316,783,1091,V49,10.241109598832232
1316,783,1102,V50,18.800951364959644
1316,783,1370,V51,30.28578929187396
1320,783,917,V24,5.8083597500151045
1320,783,917,V25,5.8083597500151045
1320,783,917,V35,5.8083597500151045
1320,783,917,V38,5.8083597500151045
1320,783,917,V40,5.8083597500151045
1320,783,917,V42,5.8083597500151045
1320,783,917,V44,5.8083597500151045
1320,882,834,V28,4.883195120135012
1320,882,834,V29,4.883195120135012
1320,882,834,V39,4.883195120135012
1320,882,834,V55,4.883195120135012
1320,882,834,V67,4.883195120135012
1320,882,834,V87,4.883195120135012
1320,882,931,V101,5.812636165404913
1320,783,931,V45,18.3740064075405
1320,783,931,V46,18.3740064075405
1320,783,931,V49,18.3740064075405
1320,783,931,V51,18.3740064075405
1320,783,1276,V52,22.606377139254327
1320,783,1276,V54,22.606377139254327
1320,783,1276,V57,22.606377139254327
1320,783,1276,V58,22.606377139254327
1320,783,1398,V62,19.874616662347663
1320,783,1398,V66,19.874616662347663
1320,783,1398,V69,19.874616662347663
1320,783,1102,V70,18.800951364959644
1320,783,1102,V71,18.800951364959644
1320,783,1102,V73,18.800951364959644
1320,783,1091,V75,10.241109598832232
1320,783,1091,V76,10.241109598832232
1320,783,1013,V77,15.308499342485224
1320,783,1013,V78,15.308499342485224
1320,783,1229,V79,18.841160835534616
1320,783,1229,V80,18.841160835534616
1320,783,885,V81,15.378166398318458
1320,783,885,V82,15.378166398318458
1320,783,659,V83,5.809594285895007
1320,783,566,V84,5.876334276322891
1320,359,535,V53,5.855067293961566
1320,783,965,V85,10.498093903671007
1324,1013,931,V70,4.405443882921528
1324,849,931,V34,4.4061387562478425
1324,1106,931,V27,5.283575443416337
1324,1106,931,V33,5.283575443416337
1324,1106,931,V46,5.283575443416337
1324,1106,931,V79,5.283575443416337
1324,1229,931,V51,8.28950012214804
1324,1229,931,V54,8.28950012214804
1324,1229,1276,V73,3.959637309104105
1324,1182,1276,V59,7.919661523440269
1324,1182,1276,V62,7.919661523440269
1324,1182,1276,V66,7.919661523440269
1324,1182,1276,V69,7.919661523440269
1324,1182,1276,V88,7.919661523440269
1324,834,1276,V28,15.929463663685272
1324,834,1091,V29,6.739095652327052
1324,783,1091,V22,10.241109598832232
1324,783,1091,V23,10.241109598832232
1324,783,1091,V24,10.241109598832232
1324,783,1091,V30,10.241109598832232
1324,783,1091,V35,10.241109598832232
1324,783,885,V36,15.378166398318458
1324,783,885,V38,15.378166398318458
1324,783,885,V40,15.378166398318458
1324,783,885,V41,15.378166398318458
1324,783,885,V42,15.378166398318458
1324,783,659,V44,5.809594285895007
1324,783,659,V50,5.809594285895007
1324,783,659,V52,5.809594285895007
1324,783,659,V53,5.809594285895007
1324,783,659,V56,5.809594285895007
1324,783,1102,V57,18.800951364959644
1324,783,1102,V63,18.800951364959644
1324,783,1102,V67,18.800951364959644
1324,783,1102,V78,18.800951364959644
1324,566,535,V84,11.474227573045091
1324,783,535,V83,11.620421645142477
1324,783,535,V85,11.620421645142477
1324,783,965,V86,10.498093903671007
1324,783,965,V103,10.498093903671007
1324,783,965,V104,10.498093903671007
1324,783,855,V106,27.60378823743443
1328,885,931,V25,3.0617002345235647
1328,885,931,V42,3.0617002345235647
1328,885,931,V74,3.0617002345235647
1328,1013,931,V65,4.405443882921528
1328,1013,931,V90,4.405443882921528
1328,1013,931,V111,4.405443882921528
1328,849,931,V66,4.4061387562478425
1328,882,834,V40,4.883195120135012
1328,882,834,V47,4.883195120135012
1328,882,834,V57,4.883195120135012
1328,659,834,V21,5.284552964469467
1328,783,834,V22,7.689481736045675
1328,783,834,V23,7.689481736045675
1328,783,1091,V24,10.241109598832232
1328,783,1091,V27,10.241109598832232
1328,783,1091,V29,10.241109598832232
1328,783,1091,V30,10.241109598832232
1328,359,535,V118,5.855067293961566
1328,566,535,V37,11.474227573045091
1328,566,535,V91,11.474227573045091
1328,849,855,V82,5.706192977162224
1328,1068,855,V81,5.87594370452583
1328,1102,965,V31,8.304116264398273
1328,1102,965,V33,8.304116264398273
1328,1102,1229,V41,3.8392690799482057
1328,1102,1182,V62,6.120304815079837
1332,882,965,V40,3.616965677313317
1332,1013,965,V27,4.881725510082577
1332,885,965,V25,6.123119155303686
1332,885,965,V31,6.123119155303686
1332,885,965,V42,6.123119155303686
1332,885,931,V85,3.0617002345235647
1332,849,931,V60,4.4061387562478425
1332,849,931,V65,4.4061387562478425
1332,849,931,V66,4.4061387562478425
1332,659,834,V37,5.284552964469467
1332,659,834,V115,5.284552964469467
1332,783,834,V22,7.689481736045675
1332,1435,1091,V50,8.895594131564904
1332,1102,1106,V33,3.80171314717607
1336,882,834,V25,4.883195120135012
1336,882,834,V51,4.883195120135012
1336,882,834,V60,4.883195120135012
1336,783,834,V29,7.689481736045675
1336,783,834,V30,7.689481736045675
1336,783,834,V33,7.689481736045675
1336,783,834,V38,7.689481736045675
1336,783,834,V44,7.689481736045675
1336,783,834,V46,7.689481736045675
1336,783,834,V47,7.689481736045675
1336,783,834,V50,7.689481736045675
1336,1013,965,V41,4.881725510082577
1336,1013,965,V56,4.881725510082577
1336,1013,965,V73,4.881725510082577
1336,1102,965,V79,8.304116264398273
1336,1102,965,V99,8.304116264398273
1336,1102,965,V111,8.304116264398273
1336,1229,1276,V40,3.959637309104105
1336,1102,1276,V112,4.836798739646007
1336,1398,1276,V36,7.438993890374081
1336,1068,1370,V39,7.841426035905807
1336,1068,1370,V69,7.841426035905807
1336,849,931,V24,4.4061387562478425
1336,672,931,V21,6.73915242731767
1336,1068,1106,V76,4.880745078525951
1336,1068,1106,V85,4.880745078525951
1336,508,855,V84,9.342303526295408
1336,508,855,V89,9.342303526295408
1336,535,885,V32,10.569431103772471
1336,535,885,V37,10.569431103772471
1340,882,965,V21,3.616965677313317
1340,882,965,V47,3.616965677313317
1340,882,965,V58,3.616965677313317
1340,882,965,V70,3.616965677313317
1340,834,965,V37,3.83986736177262
1340,1091,965,V42,4.388654712140797
1340,849,855,V52,5.706192977162224
1340,849,855,V66,5.706192977162224
1340,1068,1370,V24,7.841426035905807
1340,849,931,V118,4.4061387562478425
1340,1102,885,V27,5.875878565174106
1344,1091,965,V42,4.388654712140797
1344,1091,965,V58,4.388654712140797
1344,1091,965,V100,4.388654712140797
1344,1091,965,V106,4.388654712140797
1344,1091,965,V113,4.388654712140797
1344,1229,1276,V25,3.959637309104105
1344,1229,1276,V39,3.959637309104105
1344,1229,1276,V68,3.959637309104105
1348,931,885,V55,3.0617002345235647
1348,931,885,V66,3.0617002345235647
1348,931,885,V118,3.0617002345235647
1356,1068,855,V69,5.87594370452583
1356,1068,855,V84,5.87594370452583
1356,1068,855,V101,5.87594370452583
1356,1068,855,V121,5.87594370452583
1356,1068,855,V133,5.87594370452583
1356,508,855,V67,9.342303526295408
1356,508,855,V75,9.342303526295408
1356,508,855,V97,9.342303526295408
1356,508,855,V98,9.342303526295408
1356,508,855,V102,9.342303526295408
1356,1106,855,V50,9.423483175173253
1356,1106,855,V52,9.423483175173253
1356,1013,882,V30,3.839767699909249
1356,1013,882,V37,3.839767699909249
1356,1102,882,V35,7.314751476768936
1356,1102,882,V82,7.314751476768936
1356,535,882,V122,9.342211452816104
1356,535,882,V130,9.342211452816104
1356,1106,882,V73,10.203820878312005
1356,1106,882,V79,10.203820878312005
1356,783,834,V1,7.689481736045675
1356,783,834,V21,7.689481736045675
1356,783,834,V22,7.689481736045675
1356,783,834,V23,7.689481736045675
1356,783,659,V24,5.809594285895007
1356,783,659,V25,5.809594285895007
1356,1106,1276,V81,4.836798739645476
1356,1398,1229,V58,5.282433425576492
1356,1435,1091,V111,8.895594131564904
1356,1106,849,V86,6.739095652327052
1356,783,965,V27,10.498093903671007
1360,1398,1229,V76,5.282433425576492
1360,1398,1229,V85,5.282433425576492
1360,1013,1229,V50,5.640389822593795
1360,1013,1229,V52,5.640389822593795
1360,1013,1229,V67,5.640389822593795
1360,1013,1229,V75,5.640389822593795
1360,1013,1229,V84,5.640389822593795
1360,1013,1229,V97,5.640389822593795
1360,1013,1229,V98,5.640389822593795
1360,1013,1229,V101,5.640389822593795
1360,783,834,V1,7.689481736045675
1360,783,834,V21,7.689481736045675
1360,783,834,V22,7.689481736045675
1360,783,834,V23,7.689481736045675
1360,783,834,V24,7.689481736045675
1360,783,834,V25,7.689481736045675
1360,783,834,V29,7.689481736045675
1360,783,834,V30,7.689481736045675
1360,783,834,V32,7.689481736045675
1360,1013,965,V102,4.881725510082577
1360,1013,965,V121,4.881725510082577
1360,783,965,V33,10.498093903671007
1360,783,965,V34,10.498093903671007
1360,783,965,V35,10.498093903671007
1360,783,965,V36,10.498093903671007
1360,783,965,V37,10.498093903671007
1360,359,535,V127,5.855067293961566
1360,359,535,V132,5.855067293961566
1360,359,535,V135,5.855067293961566
1360,359,535,V136,5.855067293961566
1360,566,535,V123,11.474227573045091
1360,566,535,V124,11.474227573045091
1360,783,659,V38,5.809594285895007
1360,783,659,V39,5.809594285895007
1360,783,659,V40,5.809594285895007
1360,783,659,V41,5.809594285895007
1360,783,659,V42,5.809594285895007
1360,783,708,V44,10.697285568723771
1360,783,708,V45,10.697285568723771
1360,783,708,V47,10.697285568723771
1360,783,708,V48,10.697285568723771
1360,1106,931,V58,5.283575443416337
1360,783,931,V49,18.3740064075405
1360,783,931,V51,18.3740064075405
1360,783,931,V54,18.3740064075405
1360,783,1091,V55,10.241109598832232
1360,783,1091,V56,10.241109598832232
1360,783,1091,V57,10.241109598832232
1360,783,1276,V60,22.606377139254327
1360,783,1276,V61,22.606377139254327
1360,783,1182,V62,15.175538880502293
1360,783,1182,V63,15.175538880502293
1360,783,1068,V66,26.525178301273773
1360,783,1068,V68,26.525178301273773
1360,783,885,V70,15.378166398318458
1360,783,885,V71,15.378166398318458
1360,783,855,V73,27.60378823743443
1360,783,672,V74,17.445012141301472
1360,783,1102,V77,18.800951364959644
1364,885,834,V1,7.688685710981335
1364,885,834,V60,7.688685710981335
1364,783,834,V21,7.689481736045675
1364,783,834,V22,7.689481736045675
1364,783,834,V23,7.689481736045675
1364,783,834,V24,7.689481736045675
1364,783,834,V27,7.689481736045675
1364,783,834,V28,7.689481736045675
1364,783,834,V29,7.689481736045675
1364,783,834,V30,7.689481736045675
1364,783,834,V31,7.689481736045675
1364,783,834,V32,7.689481736045675
1364,783,834,V33,7.689481736045675
1364,783,834,V34,7.689481736045675
1364,783,834,V35,7.689481736045675
1364,783,834,V36,7.689481736045675
1364,783,834,V37,7.689481736045675
1364,1106,849,V61,6.739095652327052
1364,1106,849,V85,6.739095652327052
1364,1182,849,V57,13.728760504847472
1364,783,849,V38,21.903135562742808
1364,783,849,V39,21.903135562742808
1364,783,849,V40,21.903135562742808
1364,783,1091,V41,10.241109598832232
1364,783,1091,V42,10.241109598832232
1364,783,1091,V44,10.241109598832232
1364,783,1091,V45,10.241109598832232
1364,783,1091,V46,10.241109598832232
1364,783,965,V47,10.498093903671007
1364,783,965,V48,10.498093903671007
1364,783,965,V49,10.498093903671007
1364,783,965,V50,10.498093903671007
1364,783,965,V51,10.498093903671007
1364,783,855,V55,27.60378823743443
1364,783,855,V56,27.60378823743443
1364,783,855,V58,27.60378823743443
1364,783,855,V62,27.60378823743443
1364,783,1229,V63,18.841160835534616
1364,783,1229,V65,18.841160835534616
1364,783,1229,V66,18.841160835534616
1364,783,1229,V67,18.841160835534616
1364,783,882,V68,12.561839638690564
1364,783,882,V75,12.561839638690564
1364,783,882,V79,12.561839638690564
1364,783,917,V80,5.8083597500151045
1364,783,917,V81,5.8083597500151045
1364,783,1013,V82,15.308499342485224
1364,783,1013,V83,15.308499342485224
1364,783,1068,V84,26.525178301273773
1364,783,1068,V86,26.525178301273773
1364,783,535,V87,11.620421645142477
1364,783,535,V88,11.620421645142477
1364,783,1435,V89,17.957022310236383
1364,783,672,V91,17.445012141301472
1364,783,1276,V92,22.606377139254327
1364,783,708,V93,10.697285568723771
1364,783,1398,V94,19.874616662347663
1368,783,834,V1,7.689481736045675
1368,783,834,V22,7.689481736045675
1368,783,834,V23,7.689481736045675
1368,783,834,V24,7.689481736045675
1368,783,834,V27,7.689481736045675
1368,783,834,V28,7.689481736045675
1368,783,834,V29,7.689481736045675
1368,783,834,V31,7.689481736045675
1368,783,834,V32,7.689481736045675
1368,783,834,V33,7.689481736045675
1368,783,834,V34,7.689481736045675
1368,783,834,V36,7.689481736045675
1368,783,834,V37,7.689481736045675
1368,1182,882,V30,7.841474878454721
1368,1182,882,V35,7.841474878454721
1368,1182,882,V42,7.841474878454721
1368,1182,882,V44,7.841474878454721
1368,1182,882,V69,7.841474878454721
1368,1182,1013,V76,5.283249325636405
1368,1182,1013,V83,5.283249325636405
1368,1182,1013,V85,5.283249325636405
1368,1182,1013,V94,5.283249325636405
1368,1229,1013,V50,5.640389822593795
1368,783,708,V38,10.697285568723771
1368,783,708,V40,10.697285568723771
1368,783,708,V41,10.697285568723771
1368,783,708,V45,10.697285568723771
1368,1106,849,V62,6.739095652327052
1368,1229,849,V63,12.017793437809017
1368,1229,885,V65,8.89559413156451
1368,783,885,V49,15.378166398318458
1368,783,917,V51,5.8083597500151045
1368,783,659,V52,5.809594285895007
1368,783,1068,V54,26.525178301273773
1368,783,1276,V55,22.606377139254327
1368,783,931,V56,18.3740064075405
1368,783,1370,V59,30.28578929187396
1372,882,1102,V44,7.314751476768936
1372,882,1102,V55,7.314751476768936
1372,882,1102,V76,7.314751476768936
1372,849,1102,V35,8.191991396325179
1372,1068,1102,V46,8.626274418583195
1372,1091,1102,V39,10.454710779351652
1372,1091,1102,V42,10.454710779351652
1372,1091,1276,V51,13.129287540581574
1372,855,1276,V25,14.029505033457104
1372,783,1276,V23,22.606377139254327
1372,783,1276,V24,22.606377139254327
1372,783,1276,V28,22.606377139254327
1372,783,931,V33,18.3740064075405
1372,783,931,V34,18.3740064075405
1372,783,931,V36,18.3740064075405
1372,783,931,V37,18.3740064075405
1372,783,931,V38,18.3740064075405
1372,783,1229,V40,18.841160835534616
1372,783,1229,V41,18.841160835534616
1372,783,1229,V45,18.841160835534616
1372,783,1229,V47,18.841160835534616
1372,783,1182,V50,15.175538880502293
1372,783,1182,V52,15.175538880502293
1372,783,1182,V59,15.175538880502293
1372,783,1182,V60,15.175538880502293
1372,783,708,V61,10.697285568723771
1372,783,708,V63,10.697285568723771
1372,783,708,V66,10.697285568723771
1372,783,708,V67,10.697285568723771
1372,783,917,V70,5.8083597500151045
1372,783,917,V75,5.8083597500151045
1372,783,917,V77,5.8083597500151045
1372,783,1013,V78,15.308499342485224
1372,783,1013,V79,15.308499342485224
1372,783,965,V82,10.498093903671007
1372,783,965,V83,10.498093903671007
1372,783,1106,V84,22.318447076891776
1376,931,885,V1,3.0617002345235647
1376,931,885,V38,3.0617002345235647
1376,931,885,V59,3.0617002345235647
1376,834,965,V34,3.83986736177262
1376,834,965,V63,3.83986736177262
1376,834,965,V66,3.83986736177262
1376,834,917,V67,3.617203703030827
1376,834,917,V69,3.617203703030827
1376,834,708,V79,4.389831624444016
1376,834,708,V110,4.389831624444016
1376,1013,1091,V37,7.92275625179966
1376,783,566,V22,5.876334276322891
1376,659,535,V47,5.810827883107414
1376,1106,1370,V30,8.775541653972592
1376,1106,1276,V39,4.836798739645476
1380,783,917,V23,5.8083597500151045
1380,783,917,V28,5.8083597500151045
1380,783,917,V33,5.8083597500151045
1380,783,917,V36,5.8083597500151045
1380,708,834,V63,4.389831624444016
1380,882,834,V25,4.883195120135012
1380,882,834,V34,4.883195120135012
1380,882,834,V38,4.883195120135012
1380,1102,1182,V24,6.120304815079837
1380,1102,1182,V35,6.120304815079837
1380,1102,1182,V41,6.120304815079837
1380,1102,1182,V49,6.120304815079837
1380,1106,1276,V84,4.836798739645476
1380,1106,1276,V100,4.836798739645476
1380,1106,1276,V105,4.836798739645476
1380,882,1091,V56,7.965381677815221
1380,882,1091,V59,7.965381677815221
1380,882,1091,V66,7.965381677815221
1380,882,965,V91,3.616965677313317
1380,882,965,V110,3.616965677313317
1380,783,659,V40,5.809594285895007
1380,783,659,V42,5.809594285895007
1380,885,672,V32,5.876204136119103
1384,708,834,V41,4.389831624444016
1384,708,834,V44,4.389831624444016
1384,708,834,V98,4.389831624444016
1384,783,834,V22,7.689481736045675
1384,783,834,V23,7.689481736045675
1384,783,834,V34,7.689481736045675
1384,783,834,V37,7.689481736045675
1384,783,834,V38,7.689481736045675
1384,931,882,V28,5.812636165404913
1384,931,882,V30,5.812636165404913
1384,931,882,V36,5.812636165404913
1384,931,882,V70,5.812636165404913
1384,931,882,V73,5.812636165404913
1384,1102,1013,V58,3.616251246210677
1384,931,1013,V81,4.405443882921528
1384,931,1013,V106,4.405443882921528
1384,931,1013,V107,4.405443882921528
1384,1106,1276,V48,4.836798739645476
1384,1106,1276,V116,4.836798739645476
1384,783,917,V40,5.8083597500151045
1384,783,1296,V42,13.644692409583532
1384,931,1182,V117,9.422487826577225
1388,965,834,V24,3.83986736177262
1388,965,834,V37,3.83986736177262
1388,885,834,V27,7.688685710981335
1388,885,834,V41,7.688685710981335
1388,885,834,V67,7.688685710981335
1388,885,834,V73,7.688685710981335
1388,1229,1276,V29,3.959637309104105
1388,1229,1276,V33,3.959637309104105
1388,1229,1276,V48,3.959637309104105
1388,885,931,V77,3.0617002345235647
1388,885,931,V101,3.0617002345235647
1388,1182,1091,V30,5.24631154396119
1388,1182,1091,V42,5.24631154396119
1388,783,659,V22,5.809594285895007
