time_step,met_demand,unmet_demand,new_demand,carried_in_unmet,carried_out_unmet,n_rebalance_moves,iteration_cost,cumulative_cost,n_vehicles_in_service,unmet_fleet_insufficient,unmet_away_flying,unmet_insufficient_battery,mean_age_at_service_bins,max_backlog_age_bins,backlog_over_threshold
0,6092,367.52380952380463,6459.523809523805,0.0,367.5238095238095,353,265948.77746369457,265948.77746369457,6445,0.0,0.0,0.0,0.0,1,0.0
1,6445,382.04761904761654,6459.523809523805,367.5238095238095,382.047619047619,366,283626.5686402919,549575.3461039865,7730,5.19047619047619,0.0,0.0,0.04940707081901805,2,0.0
2,4102,446.4761904761908,4166.428571428578,382.047619047619,446.47619047619094,439,219010.4975938665,768585.8436978529,5508,40.333333333333364,0.0,0.0,0.06722040351976974,3,0.0
3,4041,571.9047619047615,4166.428571428578,446.47619047619094,571.9047619047616,563,220501.79428915263,989087.6379870055,5252,166.19047619047626,0.0,0.0,0.08912810360471832,4,0.0
4,2422,411.1190476190568,2261.214285714292,571.9047619047616,411.11904761904714,407,175981.67943771655,1165069.317424722,3469,0.0,0.0,0.0,0.18231685737878964,5,0.0
5,2220,452.33333333333985,2261.214285714292,411.11904761904714,452.3333333333336,447,172514.02736272654,1337583.3447874486,3151,48.61904761904762,0.0,0.0,0.14166666666666664,6,0.0
6,1293,413.8095238095275,1254.47619047619,452.3333333333336,413.8095238095245,406,149505.0362582393,1487088.381045688,2176,0.0,0.0,0.0,0.2078959967591059,7,0.0
7,1260,408.2857142857174,1254.47619047619,413.8095238095245,408.28571428571456,403,148994.7243313348,1636083.1053770226,2022,0.0,0.0,0.0,0.19164777021919888,8,0.0
8,1129,416.66666666666674,1137.3809523809502,408.28571428571456,416.66666666666663,408,148270.3964925622,1784353.501869585,1898,0.0,0.0,0.0,0.2850816145767432,9,0.0
9,1137,417.0476190476186,1137.3809523809502,416.66666666666663,417.0476190476189,410,148709.6726530587,1933063.1745226437,1791,0.0,0.0,0.0,0.2739875193701054,10,0.0
10,2769,544.4047619047674,2896.3571428571463,417.0476190476189,544.4047619047622,539,200562.0191056556,2133625.193628299,3551,135.88095238095235,0.0,0.0,0.21446628488882005,11,17.928571428571416
11,2986,454.76190476191323,2896.3571428571463,544.4047619047622,454.76190476190567,447,208259.9928632051,2341885.1864915043,3576,41.66666666666661,0.0,0.0,0.1906595860045288,12,32.61904761904763
12,5597,973.4523809523835,6115.690476190475,454.76190476190567,973.4523809523824,1168,295992.6609679071,2637877.8474594112,6914,586.2380952380952,0.0,0.0,0.12434382364702104,13,25.761904761904795
13,6312,777.1428571428623,6115.690476190475,973.4523809523824,777.142857142858,1483,341403.65034627303,2979281.4978056843,8219,338.0,46.85714285714286,1.0,0.1617440702516744,14,25.71428571428576
14,7703,1038.142857142846,7963.999999999989,777.142857142858,1038.142857142857,1763,378392.8313866034,3357674.3291922878,9881,618.7142857142854,20.26190476190494,10.357142857142858,0.10653857804318626,15,16.45238095238093
15,7755,1247.1428571428496,7963.999999999989,1038.142857142857,1247.1428571428562,1431,360050.3286746101,3717724.657866898,12057,176.66666666666686,526.7142857142858,124.95238095238095,0.15062478892266112,16,12.047619047619017
16,8997,1269.309523809512,9019.166666666664,1247.1428571428562,1269.3095238095243,1545,388159.87786570675,4105884.5357326046,13365,214.26190476190482,487.80952380952385,174.16666666666674,0.1309007764492925,17,8.42857142857141
17,8898,1390.4761904761817,9019.166666666664,1269.3095238095243,1390.4761904761904,1395,388460.70285372634,4494345.238586331,14397,108.38095238095221,687.8571428571429,203.04761904761904,0.12204454719626656,18,6.904761904761888
18,10092,2146.261904761899,10847.785714285717,1390.4761904761904,2146.2619047619064,2140,426978.25815858785,4921323.496744919,16231,718.2619047619045,616.8571428571429,474.76190476190465,0.1271280410697771,19,5.166666666666656
19,11820,1174.047619047611,10847.785714285717,2146.2619047619064,1174.047619047618,1303,454144.0676059775,5375467.5643508965,16182,218.9047619047619,191.0952380952381,366.0,0.17648054145516082,20,4.904761904761894
20,11260,893.1190476190422,10979.071428571422,1174.047619047618,893.1190476190466,1214,421668.5635875091,5797136.127938406,15549,113.78571428571425,7.047619047618905,388.9047619047619,0.11634525924046359,21,4.952380952380942
21,11041,831.1904761904698,10979.071428571422,893.1190476190466,831.1904761904765,1004,401126.5452424483,6198262.673180854,14907,26.42857142857145,0.0,403.42857142857144,0.08196721311475408,22,4.952380952380941
22,10471,984.6666666666624,10624.476190476189,831.1904761904765,984.666666666667,1130,380895.4156856632,6579158.088866517,14182,0.0,0.0,588.5714285714288,0.05585722016817414,23,5.64285714285713
23,10183,1426.1428571428532,10624.476190476189,984.666666666667,1426.142857142858,1420,375315.9955972451,6954474.084463762,13538,21.476190476190474,0.0,1017.3333333333334,0.045615241088087906,24,6.142857142857128
24,10347,1854.0476190476238,10774.904761904767,1426.142857142858,1854.0476190476193,1845,402306.22458498285,7356780.309048745,14101,0.0,0.0,1511.5476190476195,0.07173691937391562,25,7.999999999999982
25,10011,2617.95238095238,10774.904761904767,1854.0476190476193,2617.95238095238,2609,419676.3565187255,7776456.665567471,14449,0.0,0.0,2294.0,0.06625569016938511,26,12.238095238095216
26,10535,3875.095238095233,11792.142857142855,2617.95238095238,3875.0952380952376,3849,567549.281100692,8344005.946668163,16114,34.38095238095237,40.476190476190425,3485.3095238095248,0.07507401631749035,27,25.071428571428633
27,11391,4276.238095238094,11792.142857142855,3875.0952380952376,4276.238095238098,2374,436697.11687275284,8780703.063540915,16458,61.761904761904944,169.66666666666669,3752.333333333335,0.2692392908352875,28,37.761904761904894
28,10564,5253.547619047613,11541.30952380952,4276.238095238098,5253.547619047622,2056,377547.0131189659,9158250.07665988,15454,181.90476190476187,57.214285714285666,4741.2380952381,0.15257568381385095,29,51.428571428571566
29,10467,6327.857142857116,11541.30952380952,5253.547619047622,6327.857142857144,1877,359839.8532647846,9518089.929924665,14890,368.1428571428574,37.999999999999986,5680.190476190478,0.20377876955692945,30,77.047619047619
30,9938,7595.738095238066,11205.880952380967,6327.857142857144,7595.738095238096,2134,351815.2064280866,9869905.136352751,14880,990.7857142857144,353.88095238095235,6073.666666666665,0.27945883525476983,31,123.57142857142837
31,9466,9335.619047619017,11205.880952380967,7595.738095238096,9335.619047619048,2041,339358.50640533067,10209263.642758083,14477,1423.8571428571436,140.66666666666669,7634.428571428572,0.2893010574185307,32,183.7142857142854
32,9323,10557.809523809545,10545.190476190486,9335.619047619048,10557.809523809528,1825,322831.8114428465,10532095.454200929,13680,2712.5952380952385,181.66666666666669,7539.071428571428,0.5368111633798647,33,253.95238095238082
33,9518,11585.000000000036,10545.190476190486,10557.809523809528,11584.999999999998,1401,333041.9160910812,10865137.37029201,14010,3021.4285714285716,90.66666666666674,8350.571428571428,0.4645183561972801,34,376.04761904761733
34,9149,12078.714285714275,9642.714285714286,11584.999999999998,12078.714285714286,1343,332890.6042645775,11198027.974556588,13461,3072.333333333335,159.52380952380952,8728.476190476198,0.5963545326317217,35,592.8095238095218
35,8907,12814.428571428565,9642.714285714286,12078.714285714286,12814.428571428567,1080,319471.36207167385,11517499.336628262,14011,3412.5714285714303,197.95238095238076,9094.523809523815,0.5642164803498589,36,833.90476190476
36,8208,14161.190476190499,9554.761904761903,12814.428571428567,14161.190476190473,1047,309558.72567074007,11827058.062299002,12937,3805.0238095238087,160.78571428571433,10076.666666666679,0.9375261069340005,37,996.8571428571413
37,9328,14387.952380952396,9554.761904761903,14161.190476190473,14387.952380952382,539,332335.4321931121,12159393.494492114,13231,4711.238095238092,255.99999999999994,9318.095238095237,0.7790089234664703,38,1329.7142857142912
38,9203,15925.47619047615,10740.523809523826,14387.952380952382,15925.476190476187,460,322590.8885842501,12481984.383076364,13911,5746.5714285714275,33.666666666666586,10037.047619047626,0.6871982738547988,39,1744.3571428571427
39,9183,17482.99999999998,10740.523809523826,15925.476190476187,17483.000000000004,573,324609.1531212393,12806593.536197603,11902,7220.666666666676,71.7142857142859,10100.4761904762,0.7772773707108891,40,2355.4761904761895
40,9902,18894.76190476193,11313.761904761905,17483.000000000004,18894.76190476191,500,350880.5335324873,13157474.06973009,13282,9124.333333333332,221.11904761904773,9447.999999999998,1.0423723923017,41,2849.714285714292
41,9872,20336.523809523835,11313.761904761905,18894.76190476191,20336.52380952383,254,340428.1139550649,13497902.183685156,12100,10254.571428571422,43.380952380952436,9954.571428571418,1.075765030485453,42,3484.0952380952685
42,10400,21081.214285714323,11144.690476190484,20336.52380952383,21081.21428571429,122,365978.88490916445,13863881.06859432,13417,11205.976190476189,373.95238095238074,9415.404761904763,1.296472069597067,43,4026.523809523845
43,9002,23223.90476190478,11144.690476190484,21081.21428571429,23223.904761904767,616,330607.76619949494,14194488.834793815,11318,13068.000000000005,57.047619047619094,10030.09523809524,1.1494800097332873,44,4576.428571428606
44,9651,23779.90476190475,10207.000000000002,23223.904761904767,23779.904761904763,749,367669.19608002825,14562158.030873844,12710,14342.428571428587,177.85714285714292,9165.357142857143,1.2333387608488637,45,5058.000000000017
45,9241,24745.904761904756,10207.000000000002,23779.904761904763,24745.904761904832,917,385313.5837312485,14947471.614605093,11895,15503.142857142857,103.09523809523816,9038.190476190479,2.0076805746646644,46,5188.333333333351
46,9225,24168.857142857138,8647.95238095239,24745.904761904832,24168.857142857138,1354,350692.7587055038,15298164.373310598,12191,14798.64285714286,0.0,9274.690476190475,1.5749645115498778,47,5572.976190476214
47,8893,23923.80952380947,8647.95238095239,24168.857142857138,23923.80952380951,2185,396123.00293304515,15694287.376243643,12002,15183.14285714286,0.0,8616.476190476189,2.065990907776584,48,5702.428571428602
48,8489,21894.33333333327,6459.523809523805,23923.80952380951,21894.333333333398,1734,344067.0647404542,16038354.440984098,11397,12413.66666666668,0.0,9357.499999999998,2.223415175941974,49,6013.142857142898
49,8287,20066.85714285716,6459.523809523805,21894.333333333398,20066.857142857127,2067,363667.84456104063,16402022.285545139,11354,10596.90476190476,0.0,9337.666666666664,2.365816798542758,50,6104.380952380985
50,7309,16924.28571428564,4166.428571428578,20066.857142857127,16924.285714285703,3122,414577.74865281023,16816600.03419795,11287,7353.952380952382,0.0,9417.595238095248,3.4437158363140017,51,5977.642857142882
51,7443,13647.714285714217,4166.428571428578,16924.285714285703,13647.714285714295,2997,415238.8907475171,17231838.924945466,11424,4223.0952380952385,27.095238095238017,9224.095238095246,3.2828576546835233,52,5896.6666666666915
52,4552,11356.928571428563,2261.214285714292,13647.714285714295,11356.928571428543,5447,394014.035965153,17625852.96091062,10988,1958.3333333333344,0.0,9202.857142857143,4.143918947192232,53,5914.261904761921
53,4314,9304.142857142811,2261.214285714292,11356.928571428543,9304.142857142866,6337,444516.3269392855,18070369.287849903,11235,972.3809523809523,0.0,8121.476190476187,5.797585932843218,54,5393.619047619078
54,2915,7643.61904761904,1254.47619047619,9304.142857142866,7643.6190476190495,7162,381558.58361000894,18451927.871459913,10804,87.71428571428567,0.0,7328.333333333337,7.163734378828722,55,4991.119047619081
55,1933,6965.095238095235,1254.47619047619,7643.6190476190495,6965.095238095238,6673,337668.4398078301,18789596.31126774,9133,0.0,0.0,6720.523809523808,4.835673638312014,56,5003.428571428601
56,2816,5286.476190476187,1137.3809523809502,6965.095238095238,5286.476190476199,5240,357500.1810741989,19147096.49234194,8474,0.0,0.0,5024.023809523809,8.685453869047636,57,4086.071428571491
57,2457,3966.8571428571486,1137.3809523809502,5286.476190476199,3966.857142857143,5138,399186.7507902615,19546283.2431322,8033,0.0,0.0,3680.238095238096,9.579365079365058,58,3106.476190476241
58,3437,3426.214285714291,2896.3571428571463,3966.857142857143,3426.214285714293,4155,345743.94642305013,19892027.18955525,8061,0.0,0.0,3120.2857142857165,4.540656995995921,59,2506.71428571433
59,3203,3119.571428571444,2896.3571428571463,3426.214285714293,3119.571428571432,3767,308023.43706660083,20200050.62662185,7205,0.0,0.0,2790.4761904761917,3.1372076773263013,60,2190.7142857143185
60,6016,3219.2619047619264,6115.690476190475,3119.571428571432,3219.2619047619064,3641,375989.09558384004,20576039.72220569,9876,0.0,0.0,2885.2380952380977,0.8637957510131702,61,2018.357142857173
61,6008,3326.9523809524017,6115.690476190475,3219.2619047619064,3326.9523809523835,4058,381698.6370246464,20957738.359230336,10571,0.0,0.0,2989.2380952380945,0.513458246147992,62,1944.0000000000268
62,7677,3613.952380952387,7963.999999999989,3326.9523809523835,3613.952380952383,4106,426705.1534174217,21384443.51264776,12272,9.761904761904782,0.0,3273.2380952380954,0.32130916714738544,63,1861.0238095238349
63,7125,4452.952380952391,7963.999999999989,3613.952380952383,4452.952380952377,4449,422587.71876255283,21807031.231410313,14395,21.380952380952458,0.0,4156.476190476192,0.14903592314118622,62,1854.5238095238328
64,8567,4905.119047619033,9019.166666666664,4452.952380952377,4905.119047619052,4890,503112.3944446065,22310143.62585492,16095,53.07142857142861,49.738095238095354,4517.166666666667,0.3723173639713844,63,1789.857142857165
65,8411,5513.285714285703,9019.166666666664,4905.119047619052,5513.285714285709,3500,414132.55384443793,22724276.179699358,15625,6.904761904761759,46.47619047619057,5184.0,0.35255985642384347,64,1734.2857142857376
66,9470,6891.071428571437,10847.785714285717,5513.285714285709,6891.071428571429,2170,373321.6960171659,23097597.875716522,15200,435.00000000000017,111.71428571428564,6151.476190476193,0.09656056720470657,65,1759.166666666691
67,9947,7791.857142857138,10847.785714285717,6891.071428571429,7791.85714285714,1941,375249.92604130256,23472847.801757824,14623,557.5714285714291,323.57142857142844,6710.619047619042,0.1398579136087934,66,1783.8095238095475
68,9681,9089.92857142858,10979.071428571422,7791.85714285714,9089.928571428572,1673,356411.3920465086,23829259.19380433,14220,956.1428571428573,296.6904761904764,7677.380952380952,0.22848633307263594,67,1911.4047619047847
69,9845,10223.999999999978,10979.071428571422,9089.928571428572,10224.0,1459,346587.54808628175,24175846.741890613,13666,1477.0952380952385,348.6666666666668,8257.190476190477,0.1814529976541149,68,2047.714285714306
70,9618,11230.476190476173,10624.476190476189,10224.0,11230.47619047619,1358,336133.828845492,24511980.570736106,13068,1835.5238095238105,389.54761904761926,8867.928571428572,0.35034756260582867,69,2273.2380952381127
71,9696,12158.95238095237,10624.476190476189,11230.47619047619,12158.952380952394,1222,337872.5938005447,24849853.16453665,12781,2537.2857142857147,265.1904761904763,9215.190476190483,0.38701771962910597,70,2491.333333333346
72,9801,13132.857142857163,10774.904761904767,12158.952380952394,13132.857142857145,1412,354735.5678963838,25204588.732433036,12774,3710.3809523809523,120.61904761904778,9180.690476190483,0.7027562785138541,71,2679.023809523821
73,9856,14051.76190476192,10774.904761904767,13132.857142857145,14051.7619047619,1098,346213.97627796174,25550802.708711,12559,4285.476190476194,131.2380952380954,9511.333333333332,0.4385049474335185,72,2955.2857142857247
74,10100,15743.904761904774,11792.142857142855,14051.7619047619,15743.904761904747,406,331181.783109041,25881984.49182004,12312,5429.238095238098,19.499999999999915,10188.904761904756,0.5913437057991515,73,3282.6428571428664
75,10600,16936.04761904761,11792.142857142855,15743.904761904747,16936.047619047626,320,340016.0460366106,26222000.537856653,13128,6866.809523809526,161.14285714285703,9807.523809523816,0.6512982929020662,74,3694.238095238106
76,10375,18102.357142857123,11541.30952380952,16936.047619047626,18102.35714285715,375,351240.8403063419,26573241.378162995,12951,8160.738095238098,76.97619047619047,9772.04761904762,0.8012507171543317,75,4138.1666666666915
77,10517,19126.666666666646,11541.30952380952,18102.35714285715,19126.66666666666,259,341875.1478677832,26915116.52603078,13258,9012.7619047619,255.666666666667,9766.04761904762,0.7526906550392328,76,4663.000000000025
78,10376,19956.547619047567,11205.880952380967,19126.66666666666,19956.54761904761,36,338843.65112893336,27253960.17715971,13294,9360.571428571426,358.9047619047617,10141.690476190473,0.9769729595770459,77,5119.476190476214
79,10072,21090.428571428518,11205.880952380967,19956.54761904761,21090.428571428605,26,341212.11836811225,27595172.295527823,13053,10333.809523809528,513.5714285714283,10143.238095238094,0.961328435266084,78,5592.761904761933
80,10311,21324.61904761906,10545.190476190486,21090.428571428605,21324.619047619046,204,341366.9151827059,27936539.21071053,13402,11498.023809523806,333.3571428571431,9396.595238095239,0.8990652608633399,79,6078.619047619099
81,9452,22417.8095238095,10545.190476190486,21324.619047619046,22417.80952380954,9,333023.92845659313,28269563.139167123,13115,11313.857142857143,488.33333333333326,10517.809523809521,1.3634050742599215,80,6346.047619047654
82,9665,22395.523809523846,9642.714285714286,22417.80952380954,22395.523809523816,157,334307.3221202284,28603870.46128735,13107,11802.97619047619,165.80952380952436,10321.761904761894,1.2244229300618332,81,6695.238095238113
83,8954,23084.23809523812,9642.714285714286,22395.523809523816,23084.23809523806,232,331598.3113633384,28935468.77265069,12787,12146.42857142857,165.57142857142853,10672.523809523813,1.2157003520639866,82,7223.857142857195
84,9319,23319.999999999993,9554.761904761903,23084.23809523806,23320.0,116,338950.3800111035,29274419.152661793,13831,12652.380952380956,424.8095238095242,10136.880952380958,1.4814766554760124,83,7592.047619047644
85,9440,23434.761904761937,9554.761904761903,23320.0,23434.76190476191,321,330226.00120004115,29604645.153861836,13610,13090.714285714297,30.85714285714286,10227.476190476189,1.3612136803874089,84,7997.619047619083
86,10097,24078.28571428571,10740.523809523826,23434.76190476191,24078.285714285714,285,347602.30110536114,29952247.454967197,14457,14158.547619047622,284.0952380952388,9539.857142857149,1.496686898984611,85,8302.404761904769
87,9008,25810.809523809512,10740.523809523826,24078.285714285714,25810.809523809563,451,333704.1637334809,30285951.61870068,12597,14995.04761904763,179.5238095238093,10544.714285714288,1.0726391355831837,86,8858.952380952389
88,9886,27238.571428571428,11313.761904761905,25810.809523809563,27238.571428571424,385,338041.9862770296,30623993.60497771,13084,17402.85714285714,38.761904761904475,9710.166666666655,1.0346473608662554,87,9379.380952380981
89,9587,28965.33333333332,11313.761904761905,27238.571428571424,28965.33333333338,588,362875.2878651933,30986868.8928429,12268,18772.380952380954,13.714285714285722,10096.428571428574,1.6939556045637223,88,9686.142857142904
90,9467,30643.023809523824,11144.690476190484,28965.33333333338,30643.02380952379,627,364610.8220205364,31351479.71486344,12009,20500.071428571424,46.76190476190476,10011.214285714288,1.559105061692998,89,10220.523809523827
91,9455,32332.714285714253,11144.690476190484,30643.02380952379,32332.714285714304,210,327965.0688358612,31679444.7836993,12298,21627.285714285717,266.90476190476187,10353.09523809523,1.651718667371764,90,10645.666666666648
92,9269,33270.714285714246,10207.000000000002,32332.714285714304,33270.7142857143,754,364403.992872293,32043848.776571594,12024,23230.333333333332,59.54761904761899,9884.904761904763,1.6297463639679617,91,10919.452380952383
93,9565,33912.71428571423,10207.000000000002,33270.7142857143,33912.71428571431,1122,376118.8345430296,32419967.611114625,12715,24397.57142857144,14.999999999999998,9408.095238095239,2.3528514176187985,92,10993.523809523804
94,9268,33292.666666666584,8647.95238095239,33912.71428571431,33292.66666666668,1110,364440.0442765651,32784407.65539119,11655,23425.714285714308,0.0,9757.071428571426,2.2295147666317257,93,11099.380952380983
95,9114,32826.61904761895,8647.95238095239,33292.66666666668,32826.61904761912,1358,389231.0456808121,33173638.701072004,11625,22681.714285714304,10.666666666666629,10034.095238095233,2.8794397943509193,94,11158.952380952393
96,8447,30839.142857142775,6459.523809523805,32826.61904761912,30839.14285714287,1017,343565.1674003636,33517203.868472368,10753,19577.119047619042,21.92857142857133,11125.619047619044,2.9081668893436303,95,11292.142857142895
97,8917,28381.66666666662,6459.523809523805,30839.14285714287,28381.666666666704,681,366470.5780474845,33883674.44651985,11071,17531.80952380952,22.761904761904702,10701.666666666668,3.0423054945876515,96,11345.952380952429
98,7486,25062.09523809522,4166.428571428578,28381.666666666704,25062.095238095222,3014,419819.6528784866,34303494.09939834,11608,15227.214285714292,29.21428571428561,9680.071428571424,5.251517117667267,97,11050.714285714297
99,8391,20837.523809523736,4166.428571428578,25062.095238095222,20837.523809523835,1835,410805.5322276908,34714299.631626025,11252,10408.238095238095,0.2857142857142829,10286.952380952378,4.478732882737168,98,10908.380952380978
100,6378,16720.738095237924,2261.214285714292,20837.523809523835,16720.73809523813,2604,411944.43775225023,35126244.06937827,10214,5634.833333333339,73.40476190476203,10816.095238095239,5.793490271618198,99,10690.785714285716
101,4437,14544.952380952222,2261.214285714292,16720.73809523813,14544.952380952405,3820,397931.5898994203,35524175.65927769,8871,2726.4761904761913,0.0,11610.38095238096,7.485624134711366,100,10000.571428571477
102,5729,10070.42857142858,1254.47619047619,14544.952380952405,10070.428571428567,4909,524838.537621676,36049014.19689937,11316,858.9523809523812,13.35714285714289,8961.809523809525,15.434003274900457,101,7567.78571428573
103,2907,8417.904761904741,1254.47619047619,10070.428571428567,8417.904761904752,7497,436185.9273179297,36485200.1242173,11004,0.4285714285714306,0.0,8126.190476190479,13.075245302799463,102,6877.761904761906
104,1934,7621.285714285672,1137.3809523809502,8417.904761904752,7621.285714285726,7548,385384.2961276189,36870584.42034492,10273,2.4999999999999654,0.0,7339.785714285714,10.607610676121533,103,6301.47619047621
105,2125,6633.66666666667,1137.3809523809502,7621.285714285726,6633.666666666676,6723,369494.45847718907,37240078.87882211,9194,0.0,0.0,6368.380952380953,12.585277310924363,104,5630.571428571482
106,3714,5816.023809523796,2896.3571428571463,6633.666666666676,5816.023809523813,6487,468928.24630111526,37709007.125123225,10701,0.0,0.0,5547.428571428571,7.80402979716384,105,4727.595238095347
107,3165,5547.380952380947,2896.3571428571463,5816.023809523813,5547.3809523809605,6937,421573.485592527,38130580.610715754,10282,0.0,0.0,5281.095238095239,3.7346046791544376,106,4407.190476190583
108,5504,6159.071428571438,6115.690476190475,5547.3809523809605,6159.071428571437,6156,430801.4891719604,38561382.099887714,11803,0.0,0.0,5896.476190476191,0.9456066583610155,107,4291.738095238207
109,5427,6847.761904761919,6115.690476190475,6159.071428571437,6847.76190476191,6800,415713.507445268,38977095.60733298,12726,0.0,0.0,6610.190476190476,0.24963805312063997,108,4310.190476190591
110,7018,7793.761904761908,7963.999999999989,6847.76190476191,7793.7619047619,5248,401110.20935497124,39378205.81668796,12660,22.333333333333318,0.0,7571.238095238093,0.16951987406532798,109,4297.000000000121
111,7034,8723.761904761905,7963.999999999989,7793.7619047619,8723.761904761914,3314,347161.6812439495,39725367.497931905,12859,204.3809523809528,28.047619047619165,8323.47619047619,0.17508834639912238,110,4298.190476190598
112,7916,9826.928571428587,9019.166666666664,8723.761904761914,9826.928571428587,2262,338073.56608913554,40063441.06402104,12772,591.857142857143,28.809523809523775,9045.61904761905,0.12750246637310791,111,4309.8095238096375
113,7822,11024.095238095262,9019.166666666664,9826.928571428587,11024.095238095231,1519,319378.1566639381,40382819.22068498,12664,1272.8095238095245,120.90476190476218,9472.85714285714,0.18204149468531952,112,4314.904761904878
114,9468,12403.88095238095,10847.785714285717,11024.095238095231,12403.880952380952,835,343115.15428010735,40725934.37496509,13488,2995.54761904762,233.7857142857145,9040.523809523802,0.3038153579978673,113,4350.666666666763
115,9501,13750.666666666642,10847.785714285717,12403.880952380952,13750.666666666677,509,333344.8431262716,41059279.21809136,12379,3822.666666666665,135.1904761904764,9652.999999999995,0.45438324787866924,114,4347.476190476255
116,9830,14899.738095238088,10979.071428571422,13750.666666666677,14899.73809523811,148,337493.2538577375,41396772.4719491,12332,4687.928571428573,87.2142857142856,9996.309523809528,0.9134355471588429,115,4456.238095238168
117,10892,14986.809523809523,10979.071428571422,14899.73809523811,14986.809523809521,107,349809.706529093,41746582.178478196,13281,5421.047619047622,92.52380952380932,9345.666666666664,0.6095627196894181,116,4655.000000000066
118,9788,15823.285714285696,10624.476190476189,14986.809523809521,15823.28571428573,336,338764.5588549668,42085346.73733316,12510,5158.738095238097,80.97619047619065,10454.880952380949,0.5289105221164884,117,5090.976190476304
119,10053,16394.76190476189,10624.476190476189,15823.28571428573,16394.76190476191,390,335643.9652950299,42420990.702628195,12117,5967.095238095234,16.857142857143074,10283.333333333334,0.59124023627157,118,5559.571428571531
120,9987,17182.666666666642,10774.904761904767,16394.76190476191,17182.666666666668,78,348681.89568968373,42769672.59831788,12420,6415.642857142857,18.28571428571425,10616.523809523815,0.6078902573345335,119,6019.000000000112
121,10246,17711.571428571402,10774.904761904767,17182.666666666668,17711.57142857143,137,340421.6750799498,43110094.273397826,12004,7434.0,12.999999999999998,10134.571428571431,0.5943062565646973,120,6516.904761904935
122,10914,18589.714285714257,11792.142857142855,17711.57142857143,18589.714285714294,16,354031.5537159466,43464125.82711377,12572,8615.357142857149,86.28571428571432,9778.642857142859,0.9392566995645619,121,6815.142857143004
123,10640,19741.85714285712,11792.142857142855,18589.714285714294,19741.857142857156,286,348364.5091594825,43812490.33627325,13528,9769.809523809534,331.6190476190482,9529.857142857141,0.8111416935195129,122,7240.857142857278
124,10947,20336.166666666653,11541.30952380952,19741.857142857156,20336.166666666686,82,367670.569616127,44180160.90588938,13577,10572.571428571433,458.88095238095264,9194.190476190475,0.7204996367780678,123,7722.952380952491
125,10733,21144.476190476184,11541.30952380952,20336.166666666686,21144.4761904762,6,345365.2484897232,44525526.1543791,14103,11137.428571428582,423.8571428571438,9484.619047619048,0.8407248672319013,124,8199.238095238205
126,11139,21211.35714285711,11205.880952380967,21144.4761904762,21211.35714285716,9,360303.116842952,44885829.271222055,14136,11498.261904761914,449.45238095238165,9154.40476190476,0.9100543350476016,125,8574.07142857154
127,10303,22114.238095238066,11205.880952380967,21211.35714285716,22114.23809523809,233,342812.83591047034,45228642.107132524,14040,11940.428571428583,779.9523809523819,9286.047619047622,0.9833081441836165,126,8924.61904761912
128,9272,23387.428571428547,10545.190476190486,22114.23809523809,23387.428571428576,506,336044.08718026173,45564686.19431279,12301,12563.61904761905,72.59523809523816,10637.71428571428,0.9786659271128636,127,9294.59523809531
129,10776,23156.619047618995,10545.190476190486,23387.428571428576,23156.61904761906,75,363172.4585047964,45927858.652817585,13686,13251.142857142842,284.1428571428578,9525.047619047622,1.2244935836249877,128,9378.952380952478
130,9218,23581.333333333358,9642.714285714286,23156.61904761906,23581.333333333318,345,338168.39919535303,46266027.052012935,14221,12533.976190476193,667.2380952380954,10279.000000000004,1.491845664280032,129,9502.80952380966
131,8411,24813.047619047633,9642.714285714286,23581.333333333318,24813.04761904761,19,309514.854054856,46575541.90606779,11418,12798.380952380963,88.71428571428562,11847.190476190477,1.1392422621170681,130,9873.714285714403
132,9797,24570.809523809556,9554.761904761903,24813.04761904761,24570.80952380955,9,344262.991412389,46919804.897480175,13828,13642.071428571428,392.73809523809564,10434.642857142851,1.148400627986215,131,10294.500000000142
133,8571,25554.571428571486,9554.761904761903,24570.80952380955,25554.57142857142,260,329753.71636867104,47249558.61384884,13011,13533.666666666662,189.1428571428571,11736.761904761912,1.3624347884060868,132,10586.238095238185
134,9896,26399.095238095215,10740.523809523826,25554.57142857142,26399.09523809519,17,342791.7862684226,47592350.40011726,13673,15578.761904761905,147.35714285714283,10577.880952380949,1.3716965969896464,133,10996.000000000156
135,9111,28028.619047618988,10740.523809523826,26399.09523809519,28028.619047619017,78,320266.50669835764,47912616.90681562,12666,17217.14285714286,146.85714285714315,10563.428571428572,1.0167667549952704,134,11397.285714285757
136,10475,28867.380952380932,11313.761904761905,28028.619047619017,28867.38095238094,213,364133.3682707272,48276750.27508634,12823,19243.61904761905,97.69047619047595,9426.904761904767,1.3687896351858153,135,11712.880952380981
137,10093,30088.14285714284,11313.761904761905,28867.38095238094,30088.142857142866,295,358777.8184906634,48635528.093577005,12887,20044.80952380952,68.23809523809499,9875.142857142857,1.2898755856251125,136,12110.000000000007
138,9813,31419.83333333332,11144.690476190484,30088.142857142866,31419.833333333314,56,339877.13239544,48975405.225972444,12120,20854.02380952382,347.8571428571427,10127.333333333332,1.457092874855027,137,12460.30952380953
139,9002,33562.523809523795,11144.690476190484,31419.833333333314,33562.52380952384,555,342978.155502728,49318383.38147517,11725,23132.333333333354,60.80952380952374,10275.190476190473,1.8670057447551343,138,12609.619047619104
140,9694,34075.52380952377,10207.000000000002,33562.52380952384,34075.523809523766,529,352527.7232727935,49670911.104747966,12196,23811.166666666657,84.38095238095222,10083.404761904767,2.33000284908682,139,12763.595238095322
141,9979,34303.5238095237,10207.000000000002,34075.523809523766,34303.523809523824,569,390744.10170802206,50061655.20645599,11912,24117.61904761905,0.0,10066.809523809517,1.8132411397267596,140,13065.333333333374
142,8796,34155.476190476096,8647.95238095239,34303.523809523824,34155.476190476205,599,345020.22541324823,50406675.43186924,12002,23113.357142857138,226.40476190476232,10706.404761904752,2.342322809069055,141,13264.285714285688
143,8700,34103.42857142848,8647.95238095239,34155.476190476205,34103.42857142857,2877,426175.957786245,50832851.389655486,12499,25260.57142857144,161.8571428571433,8554.714285714279,2.681576354679794,142,13349.238095238035
144,8908,32833.92857142857,7638.5,34103.42857142857,32833.92857142859,964,373892.25297166855,51206743.64262716,10986,22150.6517857143,0.0,10562.107142857145,3.2346553125066824,143,13296.09523809518
145,9685,30787.428571428587,7638.5,32833.92857142859,30787.428571428558,1230,382183.6720147281,51588927.314641885,11970,21069.999999999993,0.0,9587.714285714288,3.765140620006384,144,12904.095238095188
146,7862,28132.928571428558,5207.5,30787.428571428558,28132.928571428554,1894,364167.9500697586,51953095.26471164,10609,17371.383928571435,29.357142857143288,10608.053571428565,2.4621801976959667,145,13273.238095237999
147,8477,24863.42857142855,5207.5,28132.928571428554,24863.428571428532,1452,405689.8442193505,52358785.10893099,11070,14065.053571428562,86.01785714285694,10566.642857142857,4.500736938045221,146,13072.619047618862
148,5937,22107.053571428532,3180.625,24863.428571428532,22107.053571428543,3071,368872.8623029599,52727657.97123395,9937,10975.053571428563,70.07142857142838,10875.839285714283,5.227509384248893,147,12892.785714285581
149,6254,19033.678571428543,3180.625,22107.053571428543,19033.67857142858,2530,406984.3541651217,53134642.32539907,9944,7320.64285714286,437.214285714286,11073.714285714284,7.711332366333135,148,12086.523809523742
150,5401,15441.99107142858,1809.3125,19033.67857142858,15441.991071428592,3486,446355.92455643974,53580998.24995551,9728,4081.4910714285725,0.0,11128.892857142853,15.550906578146897,149,10895.857142857118
151,5159,12092.303571428594,1809.3125,15441.991071428592,12092.303571428596,4780,480330.54361074767,54061328.79356626,10613,2205.607142857144,0.0,9655.357142857143,14.4082105705239,150,9218.14285714289
152,4390,9169.366071428596,1467.0625,12092.303571428596,9169.366071428582,6120,464132.2364221041,54525461.02998836,11236,214.17857142857056,0.0,8686.78571428571,12.698498345807604,151,7869.6428571428505
153,2895,7741.428571428582,1467.0625,9169.366071428582,7741.428571428569,7230,430013.52992019145,54955474.559908554,10809,107.76785714285685,0.0,7352.982142857135,15.98141911341393,152,6770.857142857144
154,3259,7507.303571428569,3024.875,7741.428571428569,7507.30357142857,7037,424685.52789321856,55380160.08780177,10751,112.23214285714302,0.0,7150.633928571425,6.062841545025495,153,6514.500000000029
155,3337,7195.178571428569,3024.875,7507.30357142857,7195.17857142857,6883,401663.14210764493,55781823.22990941,10363,110.51785714285685,0.0,6832.946428571424,3.6692531072962624,154,6165.285714285728
156,4838,6970.616071428569,4613.4375,7195.17857142857,6970.616071428566,6567,478773.66894188884,56260596.8988513,11661,42.95535714285689,0.0,6722.116071428569,3.0972355508966736,155,5626.062500000046
157,4238,7346.053571428565,4613.4375,6970.616071428566,7346.053571428566,6754,392321.5264685011,56652918.4253198,11313,0.0,0.0,7138.0178571428505,0.3516111317108258,156,5637.125000000049
158,5843,7834.616071428565,6331.5625,7346.053571428566,7834.616071428572,6084,433699.2794087743,57086617.70472857,12180,122.9553571428575,0.0,7520.196428571425,0.7433304401685363,157,5548.125000000049
159,5614,8552.178571428572,6331.5625,7834.616071428572,8552.17857142857,5918,380520.8033638815,57467138.508092456,12203,250.89285714285728,37.285714285714306,8087.8571428571395,0.08655020611735957,158,5580.642857142895
160,7561,9704.178571428572,8713.0,8552.17857142857,9704.178571428572,3771,364577.5994024264,57831716.10749488,11868,985.2321428571428,63.973214285714306,8500.455357142853,0.5264137396791806,159,5522.544642857183
161,7575,10842.178571428572,8713.0,9704.178571428572,10842.178571428578,3184,344947.67685476545,58176663.78434965,12017,1418.3571428571422,82.89285714285714,9197.357142857149,0.12643760804651885,160,5540.303571428602
162,8618,11815.05357142858,9590.875,10842.178571428578,11815.053571428587,2019,350345.7969074132,58527009.58125706,11898,2106.8839285714303,28.330357142857196,9518.026785714286,0.3545437843273766,161,5573.089285714303
163,9159,12246.928571428587,9590.875,11815.053571428587,12246.928571428592,1311,339903.2062469855,58866912.78750405,12208,2496.07142857143,124.78571428571412,9471.392857142855,0.4235392978023171,162,5603.071428571455
164,9397,12789.303571428594,9939.375,12246.928571428592,12789.303571428585,1077,349798.8670141003,59216711.65451815,12160,2789.285714285715,45.33928571428609,9817.303571428572,1.2750482043407982,163,5606.607142857165
165,9520,13208.678571428587,9939.375,12789.303571428585,13208.678571428592,906,356506.64356613526,59573218.29808428,12756,3577.8035714285757,198.33928571428626,9295.374999999993,1.1226628151260505,164,5648.3392857142935
166,9508,13910.303571428594,10209.625,13208.678571428592,13910.303571428589,761,342235.1304295551,59915453.42851384,12559,3879.0714285714275,68.43750000000003,9823.642857142857,0.9434749183644847,165,5793.035714285745
167,10135,13984.928571428587,10209.625,13910.303571428589,13984.928571428592,150,340478.1345203712,60255931.563034214,12131,4090.4464285714294,24.750000000000483,9724.410714285714,0.44453097469871,166,6060.946428571466
168,10255,14414.178571428594,10684.25,13984.928571428592,14414.178571428578,352,350149.9213664993,60606081.48440071,12721,4758.080357142859,70.14285714285705,9442.330357142855,0.5022863411576239,167,6368.258928571521
169,10489,14609.42857142858,10684.25,14414.178571428578,14609.428571428574,279,354593.8921636462,60960675.37656436,12682,4986.517857142858,92.82142857142861,9399.910714285712,0.6224199161025836,168,6662.160714285818
170,10175,15638.241071428572,11203.8125,14609.428571428574,15638.241071428574,91,338277.4709098296,61298952.84747419,12476,5407.705357142861,117.71428571428561,9971.401785714292,0.3984038259038259,169,6993.848214285785
171,10581,16261.053571428572,11203.8125,15638.241071428574,16261.053571428574,148,347890.5764178179,61646843.42389201,12906,6355.375000000002,56.91071428571479,9713.785714285717,0.6556234557900276,170,7201.196428571526
172,10707,16593.241071428572,11039.1875,16261.053571428574,16593.241071428576,129,355531.6730024244,62002375.09689443,13025,6593.080357142857,282.68750000000045,9584.482142857145,0.5312929458698585,171,7535.116071428674
173,10616,17016.428571428576,11039.1875,16593.241071428576,17016.428571428594,6,346825.93335328216,62349201.03024771,13310,6935.767857142862,170.4821428571428,9779.035714285717,0.5610870384325543,172,7831.339285714394
174,10418,17362.053571428594,10763.625,17016.428571428594,17362.053571428587,108,351014.23049605364,62700215.26074377,13223,7228.830357142859,293.4374999999998,9702.857142857145,0.7168685265428887,173,8037.562500000113
175,10018,18107.678571428587,10763.625,17362.053571428587,18107.678571428572,105,337042.01531407365,63037257.27605784,12919,7784.26785714286,132.23214285714297,10054.232142857147,0.7310365152249764,174,8280.339285714324
176,10732,18013.303571428572,10637.625,18107.678571428572,18013.30357142856,106,360475.49216284347,63397732.768220685,14031,8338.089285714283,195.53571428571405,9338.142857142855,0.9188616487407486,175,8399.294642857189
177,9525,19125.92857142856,10637.625,18013.30357142856,19125.92857142857,472,331997.9011797732,63729730.66940046,12550,8663.517857142855,112.17857142857136,10211.232142857154,0.7631711661042376,176,8616.28571428574
178,10447,19629.61607142857,10950.6875,19125.92857142857,19629.61607142856,88,352720.39393374394,64082451.063334204,12495,9579.812500000004,198.79464285714297,9722.839285714294,0.8995191716008696,177,8882.812500000062
179,10544,20036.30357142856,10950.6875,19629.61607142856,20036.303571428547,147,346262.43409038585,64428713.49742459,13974,10078.160714285716,163.55357142857193,9680.000000000005,0.6783182378603942,178,9200.678571428547
180,9908,20448.428571428547,10320.125,20036.303571428547,20448.42857142857,400,341316.4566226571,64770029.95404725,13150,10504.250000000002,65.64285714285776,9741.05357142858,0.8042932478805008,179,9512.714285714304
181,9685,21083.55357142857,10320.125,20448.42857142857,21083.55357142857,81,326117.1397611972,65096147.09380844,12167,10311.124999999989,0.0,10666.232142857141,0.8939308454409135,180,9775.392857142855
182,10717,20921.49107142857,10554.9375,21083.55357142857,20921.491071428572,138,357171.63275083347,65453318.726559274,13460,11351.303571428583,126.24999999999994,9325.071428571424,1.02215105506605,181,9954.598214285747
183,8759,22717.428571428572,10554.9375,20921.491071428572,22717.428571428547,801,334256.32464689214,65787575.051206164,11577,12001.589285714286,83.23214285714295,10493.53571428572,0.8848086186181284,182,10140.821428571426
184,10057,23495.55357142855,10835.125,22717.428571428547,23495.553571428565,78,342086.9930575357,66129662.0442637,11965,13190.25000000001,25.366071428571445,10171.071428571431,1.1147193141948053,183,10230.125
185,10072,24258.678571428565,10835.125,23495.553571428565,24258.678571428576,269,358201.36921640567,66487863.4134801,12835,13990.196428571433,208.03571428571433,9951.053571428582,1.1995711236241906,184,10406.553571428516
186,9867,24753.80357142858,10362.125,24258.678571428576,24753.80357142857,402,360268.12929778674,66848131.54277789,12669,14617.375,163.99999999999977,9853.285714285716,1.0520204433247915,185,10608.142857142813
187,9715,25400.928571428565,10362.125,24753.80357142857,25400.92857142858,729,358683.76866401837,67206815.31144191,12640,15528.821428571426,40.42857142857122,9719.517857142859,1.5156550988897879,186,10741.124999999947
188,9289,25489.55357142858,9377.625,25400.92857142858,25489.55357142858,1192,375075.893886256,67581891.20532817,12512,15686.116071428578,0.0,9666.991071428574,1.9422646601971614,187,10709.401785714248
189,10198,24669.17857142858,9377.625,25489.55357142858,24669.178571428572,695,363380.5971013782,67945271.80242954,12444,15326.267857142862,140.71428571428532,9069.017857142857,1.7858823859019963,188,10744.51785714276
190,9131,23329.553571428572,7791.375,24669.178571428572,23329.553571428576,1489,380855.95224566036,68326127.75467521,12571,13823.285714285721,70.83035714285714,9281.794642857141,1.718023960761615,189,10889.20535714274
191,8929,22191.928571428576,7791.375,23329.553571428576,22191.92857142855,1377,353584.7506970309,68679712.50537224,12409,12289.071428571417,190.1071428571433,9559.160714285717,1.8748173421009142,190,11012.83928571411
192,8283,21547.42857142855,7638.5,22191.92857142855,21547.428571428558,2023,388659.0136852747,69068371.51905751,11235,11696.633928571428,0.0,9679.419642857145,2.315564581500838,191,10990.2232142856
193,8595,20590.928571428558,7638.5,21547.428571428558,20590.92857142854,1385,365554.74220604973,69433926.26126356,10865,10285.214285714275,0.0,10141.589285714295,1.3369012992049654,192,11141.999999999824
194,7361,18437.42857142854,5207.5,20590.92857142854,18437.428571428583,2727,378298.6420755456,69812224.9033391,10963,8212.053571428578,0.0,10038.321428571433,2.2387554906489187,193,11201.669642857114
195,6809,16835.928571428583,5207.5,18437.428571428583,16835.928571428594,2112,356642.47931117273,70168867.38265027,9911,5291.232142857145,128.44642857142853,11218.44642857143,3.52134342501871,194,10748.696428571391
196,6869,13147.553571428594,3180.625,16835.928571428594,13147.553571428603,2800,438762.9329035105,70607630.31555378,10371,2322.642857142858,0.0,10579.339285714292,7.678458342865447,195,9785.249999999933
197,5261,11067.178571428603,3180.625,13147.553571428603,11067.178571428589,4781,453388.8930974831,71061019.20865127,10876,938.7142857142863,0.0,9856.250000000002,9.01940605171931,196,9035.964285714215
198,3766,9110.491071428589,1809.3125,11067.178571428589,9110.491071428589,6896,497066.7108697059,71558085.91952097,11818,304.83035714285717,0.0,8516.633928571428,22.656200212426963,197,7627.991071428541
199,2897,8022.803571428589,1809.3125,9110.491071428589,8022.803571428571,6985,430470.4654037973,71988556.38492477,10348,9.910714285714603,0.0,7710.160714285713,15.3774727961602,198,6881.285714285686
200,1906,7583.866071428571,1467.0625,8022.803571428571,7583.86607142857,7145,369920.9168262615,72358477.30175103,9463,1.116071428571436,0.0,7296.357142857138,7.408364250737032,199,6607.205357142829
201,2530,6520.928571428569,1467.0625,7583.86607142857,6520.928571428568,6406,395419.2857436127,72753896.58749464,9259,0.0,0.0,6227.10714285714,12.3303465556183,200,5735.767857142824
202,3630,5915.803571428569,3024.875,6520.928571428568,5915.803571428568,6108,461068.98232799437,73214965.56982264,10172,0.0,0.0,5648.160714285713,9.165973042109398,201,5074.375000000103
203,3201,5739.678571428569,3024.875,5915.803571428568,5739.678571428568,7033,423652.28874137934,73638617.85856402,10656,0.0,0.0,5476.624999999997,5.289587703247491,202,4852.928571428687
204,4357,5996.116071428569,4613.4375,5739.678571428568,5996.11607142857,6093,383699.55924572673,74022317.41780974,10656,0.0,0.0,5735.383928571425,0.5833859306862511,203,4840.357142857261
205,4323,6286.553571428569,4613.4375,5996.11607142857,6286.553571428568,6283,364685.2466327439,74387002.66444248,10897,0.0,0.0,6031.964285714283,0.9409822048180811,204,4812.26785714297
206,5885,6733.116071428569,6331.5625,6286.553571428568,6733.116071428565,6727,485381.70170933637,74872384.36615181,12928,60.15178571428596,0.0,6416.321428571424,0.3835320831816152,205,4808.25000000011
207,6338,6726.678571428565,6331.5625,6733.116071428565,6726.6785714285625,6574,442444.23092702427,75314828.59707883,13556,30.91071428571435,0.0,6452.089285714279,1.9705738440848042,206,4686.071428571518
208,7935,7504.678571428562,8713.0,6726.6785714285625,7504.6785714285625,4148,395438.81476723903,75710267.41184607,12783,58.65178571428632,0.0,7204.785714285708,0.20392399555915594,207,4664.491071428655
209,8018,8199.678571428562,8713.0,7504.6785714285625,8199.678571428563,3703,365743.18748886907,76076010.59933494,13158,224.2321428571441,0.0,7791.3749999999945,0.056631507679150234,208,4681.464285714372
210,8436,9354.553571428565,9590.875,8199.678571428563,9354.553571428578,2836,356125.8263141954,76432136.42564914,12682,714.2053571428567,0.0,8474.785714285712,0.09389076576576569,209,4714.321428571513
211,8471,10474.42857142858,9590.875,9354.553571428578,10474.428571428585,2290,340881.3769025783,76773017.80255172,12527,1216.5000000000011,10.303571428571246,9083.249999999998,0.1146674789618361,210,4753.964285714351
212,8722,11691.803571428587,9939.375,10474.428571428585,11691.80357142859,1885,341401.20040520903,77114419.00295693,12327,2086.107142857145,36.89285714285699,9420.062500000002,0.16989570707897936,211,4901.294642857209
213,9052,12579.17857142859,9939.375,11691.80357142859,12579.178571428587,1616,341282.11129062984,77455701.11424756,12554,2872.410714285713,22.464285714285708,9531.107142857149,0.2849991714538221,212,5050.285714285777
214,9411,13377.803571428587,10209.625,12579.178571428587,13377.803571428585,1025,337026.4841177879,77792727.59836535,12461,3359.357142857145,14.19642857142847,9854.250000000007,0.4059905202119099,213,5271.973214285766
215,9667,13920.428571428587,10209.625,13377.803571428585,13920.428571428596,872,340778.98819751997,78133506.58656287,12236,3988.2678571428623,120.19642857142847,9665.535714285717,0.4243431260991,214,5460.535714285753
216,9696,14908.678571428594,10684.25,13920.428571428596,14908.678571428582,871,343241.8556388342,78476748.4422017,12474,4763.125000000003,43.080357142857224,9967.955357142862,0.39878926508722295,215,5742.937500000002
217,9726,15866.92857142858,10684.25,14908.678571428582,15866.928571428565,703,350775.75680357334,78827524.19900528,12250,5616.660714285718,8.553571428571502,10102.339285714286,0.6080590317558239,216,6011.1964285714685
218,10323,16747.741071428565,11203.8125,15866.928571428565,16747.74107142856,369,336375.59015885944,79163899.78916414,12446,6660.142857142858,70.5446428571432,9906.901785714297,0.5926978245526632,217,6337.44642857145
219,10908,17043.55357142856,11203.8125,16747.74107142856,17043.553571428565,191,362472.35292160686,79526372.14208575,13026,7401.285714285716,88.6964285714287,9438.839285714294,0.6492220650636492,218,6646.857142857173
220,10528,17554.741071428565,11039.1875,17043.553571428565,17554.741071428558,9,346041.17380072793,79872413.31588647,13140,7116.794642857144,273.86607142857235,10035.33035714286,1.189327609368215,219,6983.839285714373
221,10139,18454.928571428558,11039.1875,17554.741071428558,18454.92857142857,76,355381.440582918,80227794.75646938,12850,8092.1964285714275,472.5714285714286,9786.071428571433,0.8899555112507572,220,7243.375000000081
222,10124,19094.55357142857,10763.625,18454.92857142857,19094.553571428587,9,327802.889895411,80555597.6463648,12795,8580.23214285714,523.0178571428576,9882.01785714286,0.7468118544335947,221,7447.133928571477
223,10380,19478.178571428587,10763.625,19094.553571428587,19478.178571428583,9,340016.6078548363,80895614.25421964,13234,8894.91071428571,256.33928571428544,10211.964285714284,1.5705451761629519,222,7741.375000000062
224,10004,20111.803571428583,10637.625,19478.178571428583,20111.803571428583,9,349646.9035341694,81245261.15775381,12803,9293.223214285717,128.16964285714263,10584.598214285712,1.2891727237676367,223,7826.1517857143335
225,9949,20800.428571428583,10637.625,20111.803571428583,20800.428571428587,72,339237.5054994485,81584498.66325326,12626,10156.428571428572,370.08928571428544,10169.46428571429,0.9825870870008468,224,8027.0892857143
226,10253,21498.116071428587,10950.6875,20800.428571428587,21498.116071428587,167,346337.88824747794,81930836.55150074,13195,11286.732142857149,433.6160714285714,9665.035714285716,0.9770180504660667,225,8316.767857142868
227,11180,21268.803571428587,10950.6875,21498.116071428587,21268.803571428565,9,370309.05248008674,82301145.60398082,13670,11710.232142857138,147.30357142857147,9288.517857142857,1.1744737094301054,226,8528.678571428609
228,10957,20631.928571428565,10320.125,21268.803571428565,20631.928571428576,349,363469.22657999187,82664614.83056082,14108,11273.410714285721,162.62500000000003,9072.79464285714,1.4029640216952004,227,8847.687499999985
229,9655,21297.053571428576,10320.125,20631.928571428576,21297.05357142858,399,332295.15437749424,82996909.98493831,13204,10812.750000000004,302.28571428571445,10070.107142857143,1.0484954131833997,228,9253.660714285725
230,9485,22366.99107142858,10554.9375,21297.05357142858,22366.991071428547,23,318237.1294882569,83315147.11442657,12139,11418.116071428567,136.83035714285714,10698.80357142858,0.8451012877475717,229,9663.214285714297
231,9652,23269.92857142855,10554.9375,22366.991071428547,23269.928571428554,426,332330.5246811524,83647477.63910772,11774,12824.553571428576,5.874999999999943,10319.571428571433,0.7416079569001244,230,10125.946428571357
232,10937,23168.05357142855,10835.125,23269.928571428554,23168.053571428587,147,372517.6033474212,84019995.24245514,12702,13813.098214285708,143.57142857142873,9086.776785714283,1.2882180736425521,231,10299.294642857136
233,9898,24105.178571428587,10835.125,23168.053571428587,24105.178571428576,147,337009.9816552558,84357005.2241104,12579,13488.339285714283,100.55357142857159,10405.732142857147,1.549301987414486,232,10238.67857142861
234,9467,25000.30357142858,10362.125,24105.178571428576,25000.30357142852,993,360119.0144260357,84717124.23853643,12029,15171.419642857136,46.69642857142844,9653.20535714286,1.1508803135704477,233,10428.553571428594
235,10656,24706.42857142852,10362.125,25000.30357142852,24706.428571428565,346,376168.5287080647,85093292.7672445,13461,15252.982142857143,275.07142857142753,9063.21428571429,1.346417008526384,234,10558.499999999907
236,8914,25170.053571428565,9377.625,24706.428571428565,25170.05357142856,1304,341586.8274599231,85434879.59470442,13231,15302.330357142859,614.7410714285705,9126.732142857143,1.2830409227859887,235,10819.008928571388
237,9859,24688.678571428565,9377.625,25170.05357142856,24688.678571428543,1302,383294.8835590844,85818174.4782635,12587,15539.125000000004,0.0,9009.732142857141,1.5242843739585308,236,10964.410714285685
238,9023,23457.053571428543,7791.375,24688.678571428543,23457.05357142855,1085,342797.92971349356,86160972.40797698,11885,13470.491071428582,39.714285714285765,9793.517857142859,1.6860572584347955,237,11106.205357142793
239,8264,22984.42857142855,7791.375,23457.05357142855,22984.42857142855,1624,369657.3647026339,86530629.77267961,10810,12615.250000000007,3.142857142857224,10213.428571428572,1.9824669824367342,238,11146.660714285646
240,8799,21823.92857142855,7638.5,22984.42857142855,21823.92857142855,1046,368765.6411515618,86899395.41383117,11196,11173.892857142853,9.017857142856997,10475.482142857143,2.3622306917993914,239,10993.499999999989
241,8014,21448.42857142855,7638.5,21823.92857142855,21448.428571428543,1089,366584.90224635444,87265980.31607753,10286,10188.017857142855,96.6964285714285,10996.785714285712,2.2628123997290452,240,10991.214285714195
242,7822,18833.928571428543,5207.5,21448.428571428543,18833.928571428572,1566,363577.05209458113,87629557.36817211,10560,7847.919642857145,0.0,10806.187499999995,2.534343000815768,241,10878.955357142784
243,7685,16356.428571428572,5207.5,18833.928571428572,16356.428571428589,2072,435873.666455962,88065431.03462808,10700,5905.017857142859,0.0,10249.160714285706,5.035685240263965,242,10111.642857142779
244,5805,13732.053571428587,3180.625,16356.428571428589,13732.053571428589,2860,392204.50369443727,88457635.53832251,9551,2196.589285714286,11.267857142857224,11290.008928571426,5.481803453508878,243,9543.910714285623
245,5902,11010.678571428587,3180.625,13732.053571428589,11010.678571428582,4769,512770.2798867397,88970405.81820925,11734,1536.303571428572,57.267857142857224,9194.589285714286,12.751119979506548,244,8092.624999999934
246,3842,8977.991071428582,1809.3125,11010.678571428582,8977.991071428582,6053,454126.4441453081,89424532.26235455,10866,215.50892857142864,54.267857142857224,8429.437499999996,11.05121805359311,245,7351.1428571427905
247,2775,8012.303571428582,1809.3125,8977.991071428582,8012.303571428572,7030,409532.96712794754,89834065.2294825,10300,78.14285714285717,0.0,7639.785714285713,18.298613256113256,246,6712.696428571366
248,2368,7111.3660714285725,1467.0625,8012.303571428572,7111.366071428573,7009,395049.77605947864,90229115.00554198,9860,0.0,0.0,6806.991071428571,13.16237959499677,247,6145.249999999979
249,2850,5728.4285714285725,1467.0625,7111.366071428573,5728.428571428573,5943,402560.9870866365,90631675.99262862,9186,0.0,0.0,5416.285714285716,11.663921261487038,248,5088.000000000056
250,3192,5561.3035714285725,3024.875,5728.428571428573,5561.303571428572,6219,426336.1280941608,91058012.12072279,9957,0.0,0.0,5250.375000000002,3.8279208064804906,249,4765.964285714351
251,2945,5641.1785714285725,3024.875,5561.303571428572,5641.17857142857,6692,386366.5300081007,91444378.6507309,9863,0.0,0.0,5355.571428571428,2.11757114560595,250,4749.839285714351
252,4385,5869.616071428569,4613.4375,5641.17857142857,5869.616071428572,6241,393507.3330047231,91837885.98373562,10813,0.0,0.0,5585.4375,1.7859097572894604,251,4708.973214285776
253,4371,6112.0535714285725,4613.4375,5869.616071428572,6112.053571428573,6108,369866.6570486586,92207752.64078428,10785,0.0,0.0,5820.82142857143,2.375106900458645,252,4628.803571428624
254,5849,6594.6160714285725,6331.5625,6112.053571428573,6594.6160714285725,6588,472670.40324174205,92680423.04402602,12712,75.15178571428581,0.0,6251.232142857146,0.974077274096509,253,4599.919642857197
255,6345,6581.1785714285725,6331.5625,6594.6160714285725,6581.1785714285725,6575,458118.8619469517,93138541.90597297,13589,20.910714285714256,0.0,6262.464285714287,1.975526755225342,254,4476.125000000048
256,8081,7213.1785714285725,8713.0,6581.1785714285725,7213.178571428572,4406,420801.66388521885,93559343.5698582,13201,66.31250000000006,0.0,6880.089285714286,0.7038854367387344,255,4434.500000000043
257,8016,7910.1785714285725,8713.0,7213.178571428572,7910.178571428571,4014,381733.7359811519,93941077.30583934,13436,307.73214285714295,9.428571428571416,7378.660714285712,0.22412652373823774,256,4421.446428571471
258,8675,8826.053571428572,9590.875,7910.178571428571,8826.053571428567,2875,368491.5476078589,94309568.8534472,12972,788.2589285714286,5.741071428571217,7816.937499999997,0.19651296829971165,257,4424.901785714327
259,8384,10032.928571428565,9590.875,8826.053571428567,10032.92857142857,2666,347820.55408141884,94657389.40752862,12857,1312.7500000000002,113.99999999999997,8425.071428571428,0.1262523854961831,258,4454.214285714333
260,8957,11015.303571428572,9939.375,10032.92857142857,11015.303571428576,1731,345538.34546119045,95002927.75298981,12242,1869.642857142858,135.50892857142875,8828.5,0.17997894703264816,259,4565.383928571455
261,9226,11728.678571428576,9939.375,11015.303571428576,11728.678571428585,1584,343376.0343137211,95346303.78730354,13004,2610.3392857142867,219.35714285714283,8749.267857142857,0.2847949118949549,260,4692.8035714286
262,9522,12416.303571428587,10209.625,11728.678571428585,12416.30357142859,1164,338702.9890386864,95685006.77634223,12598,2886.50892857143,195.98214285714275,9179.178571428574,0.2816916464128185,261,4906.241071428577
263,9653,12972.92857142859,10209.625,12416.30357142859,12972.928571428585,1174,349548.2345727925,96034555.01091503,12793,3565.125000000001,138.12499999999997,9117.982142857141,0.4423994761066132,262,5139.73214285715
264,9590,14067.178571428587,10684.25,12972.928571428585,14067.178571428585,770,339769.5995556114,96374324.61047064,12062,3993.598214285717,121.04464285714275,9825.803571428572,0.49466147772977825,263,5430.196428571427
265,10100,14651.428571428587,10684.25,14067.178571428585,14651.428571428582,536,338652.9606496354,96712977.57112028,12541,4687.035714285716,94.85714285714297,9748.821428571424,0.4165320014144273,264,5720.214285714264
266,10377,15478.24107142858,11203.8125,14651.428571428582,15478.241071428582,257,347942.7229257657,97060920.29404604,12529,5467.223214285717,244.53571428571425,9631.017857142859,0.5623021035531872,265,6012.589285714278
267,10720,15962.05357142858,11203.8125,15478.241071428582,15962.053571428572,89,345158.47459534614,97406078.7686414,12868,5833.410714285713,271.35714285714334,9734.714285714286,0.49697161513859234,266,6299.446428571396
268,10589,16412.241071428572,11039.1875,15962.053571428572,16412.241071428558,174,340510.6801607007,97746589.4488021,13222,6276.607142857142,300.65178571428584,9700.785714285714,0.4736468437596965,267,6677.90178571428
269,10186,17265.428571428558,11039.1875,16412.241071428558,17265.428571428565,78,335693.2344384523,98082282.68324055,12406,6617.035714285714,324.0357142857145,10203.839285714286,0.656237728254467,268,7038.053571428568
270,10733,17296.053571428565,10763.625,17265.428571428565,17296.053571428576,9,356364.3642770676,98438647.04751761,13190,7054.0357142857165,525.3303571428571,9589.562500000004,0.8633212322476738,269,7188.946428571471
271,10014,18045.678571428576,10763.625,17296.053571428576,18045.678571428583,9,336998.9353839441,98775645.98290156,13346,7137.8750000000055,171.9999999999999,10618.535714285712,0.7509620459927526,270,7456.125000000021
272,10355,18328.303571428583,10637.625,18045.678571428583,18328.303571428598,19,336975.3167082034,99112621.29960977,13128,7830.88392857143,299.99107142857105,10073.651785714286,0.7958698351383041,271,7715.946428571466
273,9833,19132.928571428598,10637.625,18328.303571428598,19132.928571428594,55,338735.85956278397,99451357.15917255,12990,8437.160714285712,343.2857142857137,10222.589285714286,0.7027574784617393,272,8030.250000000015
274,9834,20249.616071428594,10950.6875,19132.928571428594,20249.616071428594,15,328733.73309022497,99780090.89226277,12347,9839.241071428578,34.803571428571246,10264.848214285712,0.9786234226251002,273,8347.17857142856
275,9859,21341.303571428594,10950.6875,20249.616071428594,21341.30357142857,122,348049.8939448886,100128140.78620766,12709,10757.089285714286,156.3035714285714,10294.196428571426,1.0225899468216142,274,8617.44642857148
276,9697,21964.42857142857,10320.125,21341.30357142857,21964.42857142856,207,334695.00208391494,100462835.78829157,12708,11716.473214285706,197.97321428571422,9952.687499999996,1.6156368317152594,275,8711.95535714288
277,10164,22120.55357142856,10320.125,21964.42857142856,22120.55357142855,147,347317.3698139108,100810153.15810548,12691,11718.571428571435,289.1785714285711,10008.571428571431,0.9786729774554459,276,9027.125000000035
278,9781,22894.49107142855,10554.9375,22120.55357142855,22894.491071428565,242,349045.9002617047,101159199.05836718,12806,12683.05357142857,201.2321428571425,9880.999999999995,1.2916389769280583,277,9173.232142857134
279,10366,23083.428571428565,10554.9375,22894.491071428565,23083.428571428565,536,368452.1094430114,101527651.16781019,12942,13783.464285714283,93.64285714285731,9065.892857142853,1.5366893139659892,278,9299.48214285712
280,10537,23381.553571428565,10835.125,23083.428571428565,23381.553571428547,550,365812.73748711025,101893463.9052973,13170,14263.446428571413,115.8124999999998,8881.839285714283,1.0332357746173364,279,9620.250000000045
281,9626,24590.67857142855,10835.125,23381.553571428547,24590.67857142855,671,375161.63766043144,102268625.54295772,12541,14707.732142857147,218.10714285714286,9522.732142857136,1.381117175209998,280,9807.374999999987
282,10221,24731.80357142855,10362.125,24590.67857142855,24731.80357142857,310,374196.5946151579,102642822.13757288,12872,14691.178571428574,140.1875,9779.964285714284,1.5206691056228785,281,9922.544642857132
283,9523,25570.928571428565,10362.125,24731.80357142857,25570.92857142857,1150,347861.5128759515,102990683.65044883,13161,15958.410714285721,45.6785714285715,9454.71428571428,1.2993448193096424,282,10137.982142857123
284,9843,25105.553571428565,9377.625,25570.92857142857,25105.553571428554,863,362553.2143553022,103353236.86480413,12756,15471.276785714288,189.57142857142918,9320.062499999993,1.470044883238271,283,10330.008928571415
285,9991,24492.17857142855,9377.625,25105.553571428554,24492.17857142855,1296,379189.5418312019,103732426.40663533,13024,15941.267857142853,90.267857142857,8319.160714285708,2.3175983385046526,284,10157.87499999999
286,8400,23883.55357142855,7791.375,24492.17857142855,23883.553571428547,1147,326769.56311618467,104059195.9697515,11279,13674.071428571428,84.87500000000028,9997.330357142855,1.2120046768707493,285,10451.633928571428
287,9158,22516.928571428547,7791.375,23883.553571428547,22516.92857142857,1460,376011.67805821577,104435207.64780973,11673,12688.803571428574,0.0,9684.946428571428,1.7990115979783488,286,10480.160714285708
288,8186,20790.45238095233,6459.523809523805,22516.92857142857,20790.452380952385,1934,377414.0725850186,104812621.72039475,11346,10605.869047619051,16.84523809523796,9982.142857142855,2.513184531080941,287,10436.624999999976
289,7753,19496.976190476147,6459.523809523805,20790.452380952385,19496.976190476205,1188,356589.6579638077,105169211.37835856,9854,8302.779761904763,16.36904761904748,10993.06547619047,2.70364198497663,288,10427.07142857141
290,6873,16790.40476190472,4166.428571428578,19496.976190476205,16790.404761904778,2411,383068.394969248,105552279.77332781,10314,5969.886904761907,0.0,10630.125000000005,5.213284124212758,289,10231.848214285681
291,6364,14592.833333333292,4166.428571428578,16790.404761904778,14592.83333333333,3082,407499.29162985046,105959779.06495766,10125,3639.7321428571427,0.0,10707.369047619039,3.5628339094908887,290,9941.517857142866
292,5197,11657.047619047578,2261.214285714292,14592.83333333333,11657.047619047607,4971,480891.0835037227,106440670.14846139,10963,1647.7857142857129,0.0,9731.994047619042,15.425276258280883,291,8691.616071428589
293,4204,9714.261904761875,2261.214285714292,11657.047619047607,9714.261904761892,5982,477004.67123474344,106917674.81969613,11164,218.11309523809553,0.0,9207.672619047622,13.883132844003407,292,7781.499999999983
294,2654,8314.738095238066,1254.47619047619,9714.261904761892,8314.738095238103,6711,422114.09445009136,107339788.91414621,10406,105.65476190476195,14.642857142857224,7867.297619047622,23.671719686367368,293,6789.660714285712
295,2219,7350.214285714277,1254.47619047619,8314.738095238103,7350.214285714284,7109,432688.81641767663,107772477.7305639,9835,13.767857142857432,0.0,7029.910714285714,14.410003433550067,294,6108.392857142856
296,2526,5961.595238095229,1137.3809523809502,7350.214285714284,5961.59523809524,5897,385500.7745120281,108157978.50507592,8933,0.0,0.0,5642.47023809524,14.068001121667983,295,5138.821428571479
297,1783,5315.97619047619,1137.3809523809502,5961.59523809524,5315.976190476187,5527,340893.7209972588,108498872.22607318,7719,0.0,0.0,5016.624999999998,12.028618500120167,296,4680.285714285782
298,2979,5233.333333333325,2896.3571428571463,5315.976190476187,5233.333333333332,5840,398719.5992928012,108897591.82536598,9076,0.0,0.0,4955.226190476191,3.4802696254735417,297,4358.869047619117
299,2646,5483.690476190471,2896.3571428571463,5233.333333333332,5483.6904761904825,8413,519673.7018340605,109417265.52720004,11292,0.0,0.0,5217.250000000002,0.866320006838713,298,4371.952380952454
300,5633,5966.38095238096,6115.690476190475,5483.6904761904825,5966.38095238096,5962,424731.30107568274,109841996.82827573,11760,0.0,0.0,5699.0595238095275,1.014750978502532,299,4310.005952381028
301,5607,6475.071428571438,6115.690476190475,5966.38095238096,6475.07142857143,6469,434071.6298380449,110276068.45811377,12479,6.738095238095333,0.0,6209.523809523811,0.9678091586197541,300,4263.440476190554
302,7186,7253.071428571424,7963.999999999989,6475.07142857143,7253.071428571433,5777,457719.9898083543,110733788.44792213,13388,150.54761904761924,0.0,6851.321428571429,0.26336345142008927,301,4259.773809523891
303,7023,8194.071428571437,7963.999999999989,7253.071428571433,8194.07142857143,3873,362574.6091938842,111096363.05711602,13451,337.11309523809524,0.0,7666.833333333342,0.08370413878209665,302,4275.809523809607
304,7776,9437.238095238088,9019.166666666664,8194.07142857143,9437.238095238103,2989,360316.1065825113,111456679.16369852,13286,933.1190476190475,111.87500000000003,8200.744047619051,0.22293603333823261,303,4276.767857142946
305,7949,10507.404761904778,9019.166666666664,9437.238095238103,10507.40476190476,1968,345907.16255771427,111802586.32625625,13202,1163.428571428572,435.6547619047624,8723.851190476184,0.8920008656374869,304,4221.285714285805
306,9176,12179.19047619048,10847.785714285717,10507.40476190476,12179.190476190483,730,331888.02800387563,112134474.35426012,13252,2575.345238095241,256.60119047619065,9194.791666666664,0.2118985344791798,305,4249.74404761914
307,9631,13395.97619047618,10847.785714285717,12179.190476190483,13395.976190476209,513,331962.5804492746,112466436.93470939,12498,3380.339285714288,151.4404761904764,9727.404761904763,0.3055775991218826,306,4283.142857142927
308,9629,14746.047619047618,10979.071428571422,13395.976190476209,14746.047619047638,385,332909.90107629483,112799346.83578569,12605,4660.809523809527,130.96428571428547,9806.505952380947,0.4049764105455234,307,4537.226190476261
309,9766,15959.11904761905,10979.071428571422,14746.047619047638,15959.119047619051,53,332727.1152412718,113132073.95102696,12058,5182.291666666669,102.77380952380955,10529.244047619051,0.4659846966638391,308,4813.059523809604
310,10453,16130.595238095215,10624.476190476189,15959.119047619051,16130.595238095235,207,345684.06199320185,113477758.01302016,12658,6106.5059523809505,204.51785714285714,9685.27976190477,0.5549210069563077,309,5277.904761904792
311,9410,17345.07142857138,10624.476190476189,16130.595238095235,17345.071428571446,9,325371.50525440497,113803129.51827456,11664,6015.785714285714,122.30952380952371,11080.380952380956,1.3531058650877992,310,5670.595238095228
312,10686,17433.97619047618,10774.904761904767,17345.071428571446,17433.97619047618,207,355488.94158564805,114158618.4598602,12467,7474.738095238102,5.779761904761781,9822.369047619051,1.2305795633806584,311,6031.857142857153
313,10355,17853.880952380914,10774.904761904767,17433.97619047618,17853.88095238095,454,363614.1226598234,114522232.58252002,12722,7740.44642857143,198.5535714285711,9786.863095238094,2.860883861028715,312,6223.726190476259
314,11237,18409.023809523776,11792.142857142855,17853.88095238095,18409.023809523824,48,387458.2050035135,114909690.78752354,12945,8821.04761904762,118.26785714285734,9356.517857142859,3.803257308975027,313,6186.196428571478
315,10964,19237.16666666665,11792.142857142855,18409.023809523824,19237.166666666668,130,362759.3952253392,115272450.18274888,14155,9417.303571428574,365.4583333333338,9350.565476190472,0.9124363718489955,314,6498.79761904767
316,10313,20465.476190476165,11541.30952380952,19237.166666666668,20465.476190476213,36,339216.66124925297,115611666.84399813,12970,10199.595238095237,22.416666666666597,10126.44642857143,1.217957686322857,315,6973.934523809624
317,11075,20931.78571428571,11541.30952380952,20465.476190476213,20931.785714285732,9,358457.30525554623,115970124.14925368,14472,11018.005952380961,296.1309523809522,9513.964285714288,0.9604219069117497,316,7482.273809523911
318,10343,21794.66666666664,11205.880952380967,20931.785714285732,21794.666666666642,50,343494.1233815645,116313618.27263525,13619,11383.785714285726,107.82738095238074,10201.09523809524,1.0241248969857688,317,7833.738095238193
319,10032,22968.547619047546,11205.880952380967,21794.666666666642,22968.547619047586,137,333273.55761595163,116646891.8302512,12430,12261.827380952369,156.8571428571429,10463.470238095244,0.7323517126148702,318,8269.517857142986
320,9822,23691.738095238004,10545.190476190486,22968.547619047586,23691.73809523807,162,338639.1011559673,116985530.93140717,12936,12933.690476190472,131.25000000000006,10542.636904761903,1.1383877059274135,319,8552.809523809627
321,10174,24062.928571428492,10545.190476190486,23691.73809523807,24062.928571428576,68,364356.40867243614,117349887.3400796,13474,13417.202380952367,185.785714285715,10368.059523809521,1.4107055098430166,320,8729.005952381047
322,9213,24492.6428571429,9642.714285714286,24062.928571428576,24492.64285714285,83,320846.74191459734,117670734.0819942,13497,12967.755952380949,412.18452380952397,11022.255952380954,1.077784755495599,321,9094.315476190533
323,9245,24890.357142857174,9642.714285714286,24492.64285714285,24890.357142857138,195,322384.57208005234,117993118.65407425,13212,13837.005952380947,390.25,10570.642857142859,1.3112776533003705,322,9454.30357142865
324,9863,24582.119047619075,9554.761904761903,24890.357142857138,24582.119047619053,341,360967.0035741301,118354085.65764838,13878,14268.357142857149,280.19642857142884,9928.166666666664,1.2245604061354844,323,9960.23214285717
325,8813,25323.88095238099,9554.761904761903,24582.119047619053,25323.880952380972,131,316395.8418411305,118670481.49948952,13276,14455.589285714294,206.02380952380943,10558.547619047615,1.2959619312379451,324,10263.952380952429
326,8768,27296.404761904785,10740.523809523826,25323.880952380972,27296.404761904756,100,325269.8431991353,118995751.34268865,12947,15669.958333333325,206.60119047619074,11315.547619047617,1.457706731187001,325,10555.50595238105
327,9374,28662.9285714286,10740.523809523826,27296.404761904756,28662.928571428583,676,331624.9139866027,119327376.25667526,12618,18432.327380952396,367.7380952380955,9764.124999999998,1.0458975941560753,326,11082.8571428572
328,10356,29620.690476190495,11313.761904761905,28662.928571428583,29620.690476190506,9,374157.71613444947,119701533.9728097,13011,19056.380952380972,23.827380952381134,10456.547619047617,2.086471035884421,327,11209.976190476225
329,9779,31155.45238095238,11313.761904761905,29620.690476190506,31155.45238095237,362,337895.8487023032,120039429.821512,13145,20732.589285714304,327.6964285714289,10000.31547619047,1.4990799648420599,328,11519.928571428627
330,9873,32427.142857142848,11144.690476190484,31155.45238095237,32427.142857142815,952,378570.942447039,120418000.76395904,12591,22962.47619047619,82.95238095238108,9293.035714285712,1.7313488446122853,329,11809.136904761875
331,10045,33526.833333333256,11144.690476190484,32427.142857142815,33526.83333333339,798,355844.3263422867,120773845.09030132,12462,24045.744047619082,2.1845238095239097,9391.684523809528,1.6245526084998445,330,12244.660714285685
332,9186,34547.83333333332,10207.000000000002,33526.83333333339,34547.83333333333,182,335744.8536227238,121109589.94392404,11826,23203.422619047633,47.27976190476201,11208.85119047619,1.8895355769131075,331,12568.15476190472
333,10240,34514.83333333326,10207.000000000002,34547.83333333333,34514.833333333314,757,368578.06002864713,121478168.00395268,12291,25365.113095238095,213.73214285714295,8837.238095238092,1.8806826636904754,332,12852.065476190415
334,8850,34312.78571428559,8647.95238095239,34514.833333333314,34312.78571428576,1710,402540.61721175275,121880708.62116444,12081,24552.05357142858,0.0,9646.809523809514,2.8929116222760274,333,12695.327380952334
335,9171,33789.73809523803,8647.95238095239,34312.78571428576,33789.73809523813,1202,375758.2479697014,122256466.86913414,11833,23599.363095238114,89.99404761904759,9991.13095238095,2.5506812364025313,334,12698.583333333267
336,8899,31350.261904761785,6459.523809523805,33789.73809523813,31350.26190476193,1028,365507.73427354515,122621974.60340768,11022,20944.41666666667,0.0,10277.035714285708,2.477310184664945,335,13047.16666666658
337,7676,30133.785714285666,6459.523809523805,31350.26190476193,30133.785714285747,1476,368206.4603634953,122990181.06377117,10146,19075.571428571453,43.5833333333336,10899.744047619044,3.16661316037619,336,13099.976190476022
338,6950,27350.21428571415,4166.428571428578,30133.785714285747,27350.214285714257,1953,347482.02515588293,123337663.08892706,10011,16019.488095238105,0.0,11188.803571428578,2.8596098835217525,337,13425.303571428429
339,8064,23452.64285714277,4166.428571428578,27350.214285714257,23452.642857142866,1834,411190.1078921122,123748853.19681917,10882,13044.714285714283,122.25595238095201,10127.119047619053,4.963622862339379,338,13058.214285714226
340,6075,19638.857142856956,2261.214285714292,23452.642857142866,19638.857142857156,2510,411071.36714612646,124159924.56396529,9913,7781.565476190477,120.8154761904764,11530.345238095239,7.373790907309392,339,12430.351190476104
341,6127,15773.071428571246,2261.214285714292,19638.857142857156,15773.071428571428,3074,462335.1280725634,124622259.69203785,9830,4681.654761904763,0.0,10867.607142857143,11.451275385296926,340,11038.553571428496
342,4839,12188.547619047575,1254.47619047619,15773.071428571428,12188.547619047627,5193,498417.95320446976,125120677.64524232,11124,2293.2976190476174,0.0,9645.160714285708,12.225371239630382,341,9428.16071428571
343,3818,9625.023809523802,1254.47619047619,12188.547619047627,9625.023809523813,6091,446138.41006867867,125566816.055311,11288,546.8988095238097,0.0,8803.952380952382,11.97571731023469,342,8198.392857142846
344,2163,8599.404761904732,1137.3809523809502,9625.023809523813,8599.404761904765,7989,441083.01696201094,126007899.072273,11344,0.0,0.0,8307.261904761905,25.712092442154805,343,7426.470238095222
345,1776,7960.785714285685,1137.3809523809502,8599.404761904765,7960.785714285711,7968,398508.32761852414,126406407.39989153,9994,0.0,0.0,7655.39880952381,20.27540151758899,344,6930.92261904761
346,3494,7363.142857142822,2896.3571428571463,7960.785714285711,7363.142857142859,7100,452855.7372157343,126859263.13710725,10872,5.4821428571429855,0.0,7123.696428571427,6.260955856297861,345,6247.3750000000155
347,2866,7393.499999999982,2896.3571428571463,7363.142857142859,7393.499999999998,7244,385022.7764682253,127244285.91357549,10280,0.0,0.0,7152.500000000002,2.544640780247894,346,6147.488095238119
348,5420,8089.19047619049,6115.690476190475,7393.499999999998,8089.1904761904825,6486,472767.5026001416,127717053.41617563,12048,189.49404761904805,0.0,7704.553571428577,1.2513607011070096,347,5915.083333333343
349,5402,8802.880952380985,6115.690476190475,8089.1904761904825,8802.880952380954,6107,388726.9319612771,128105780.34813692,11972,222.42857142857125,0.0,8369.666666666673,0.1345092646462513,348,5967.136904761913
350,6868,9898.880952380961,7963.999999999989,8802.880952380954,9898.880952380958,4298,372795.23557146575,128478575.58370838,11530,812.2023809523812,0.0,8914.77380952381,0.0932819910142275,349,5987.5357142857365
351,6811,11051.880952380983,7963.999999999989,9898.880952380958,11051.880952380956,2715,327009.9808787602,128805585.56458713,12072,1020.3630952380944,69.96428571428649,9802.684523809528,0.1328593102194628,350,6016.922619047648
352,8044,12027.04761904764,9019.166666666664,11051.880952380956,12027.047619047613,1864,346085.3407628273,129151670.90534995,12316,1901.3154761904782,13.863095238095852,9957.958333333334,0.23832167128412854,351,6027.684523809566
353,7902,13144.2142857143,9019.166666666664,12027.047619047613,13144.214285714292,1324,325056.85637013236,129476727.76172009,12537,2834.7797619047633,262.9464285714288,9881.398809523813,0.5234291198129455,352,5987.154761904809
354,9551,14440.999999999975,10847.785714285717,13144.214285714292,14440.999999999996,806,355829.74962093687,129832557.51134104,13714,4860.1130952381,353.38095238095264,9104.083333333336,0.9769576608781935,353,5844.339285714331
355,9321,15967.785714285677,10847.785714285717,14440.999999999996,15967.785714285721,911,342154.7415759035,130174712.25291693,12499,5845.101190476193,200.51190476190504,9786.79761904762,0.36704752708936805,354,5885.4166666667215
356,9914,17032.857142857152,10979.071428571422,15967.785714285721,17032.85714285716,370,334000.7066845035,130508712.95960143,12846,6802.363095238102,274.0357142857147,9827.511904761906,0.372439887796959,355,6100.351190476222
357,9964,18047.928571428572,10979.071428571422,17032.85714285716,18047.928571428598,283,345039.62669999583,130853752.58630143,12195,7757.994047619046,11.58333333333324,10147.577380952383,0.47379076580451496,356,6356.386904761972
358,10104,18568.40476190473,10624.476190476189,18047.928571428598,18568.404761904774,9,332642.3434041252,131186394.92970556,12384,7851.9940476190495,83.255952380953,10523.750000000002,0.8312708545413422,357,6781.654761904855
359,9923,19269.880952380907,10624.476190476189,18568.404761904774,19269.880952380954,269,354701.7560507713,131541096.68575633,12192,8549.738095238094,3.0,10580.910714285714,1.313604636654623,358,7071.148809523922
360,10389,19655.78571428569,10774.904761904767,19269.880952380954,19655.785714285714,299,368471.4904399609,131909568.17619629,12003,9457.553571428582,8.488095238095298,10075.357142857149,2.356315516869948,359,7289.857142857257
361,10057,20373.690476190448,10774.904761904767,19655.785714285714,20373.6904761905,85,340819.17856981826,132250387.35476612,12103,9830.79761904763,114.88690476190479,10314.303571428565,1.3731187587891867,360,7586.976190476271
362,9948,22217.833333333325,11792.142857142855,20373.6904761905,22217.83333333331,20,349125.4039597636,132599512.75872588,11925,11251.14285714286,180.9523809523809,10688.958333333336,2.405449408352003,361,7821.136904762006
363,11248,22761.97619047611,11792.142857142855,22217.83333333331,22761.976190476187,9,370732.2538219471,132970245.01254784,13794,13009.976190476194,296.125,9352.726190476189,2.2087127658673706,362,8086.500000000078
364,10494,23809.285714285674,11541.30952380952,22761.976190476187,23809.285714285703,23,369638.48117214325,133339883.49371998,13278,13487.422619047606,324.70833333333366,9887.821428571431,3.1550752924573646,363,8354.89285714299
365,10832,24518.595238095164,11541.30952380952,23809.285714285703,24518.595238095233,496,369003.8482279065,133708887.34194788,14002,15030.392857142857,671.7083333333328,8709.398809523815,1.0957211217204752,364,8793.892857142926
366,10468,25256.476190476074,11205.880952380967,24518.595238095233,25256.476190476194,9,321590.28963014996,134030477.63157803,13124,15013.500000000007,117.03571428571433,10047.244047619048,1.2236578142911732,365,9114.42261904764
367,11221,25241.357142857036,11205.880952380967,25256.476190476194,25241.357142857145,350,376598.35717296234,134407075.988751,13755,15974.958333333334,286.6547619047617,8886.869047619046,1.2668980567897785,366,9396.5595238096
368,9214,26572.547619047582,10545.190476190486,25241.357142857145,26572.547619047673,7,322305.27873502544,134729381.267486,13108,14940.386904761905,473.4821428571442,11070.874999999998,1.1918812728043244,367,9803.571428571551
369,9966,27151.738095238135,10545.190476190486,26572.547619047673,27151.738095238125,8,347221.61278539174,135076602.8802714,12561,16244.660714285721,5.398809523809533,10804.982142857138,1.492980896954408,368,9968.898809523913
370,10319,26475.452380952425,9642.714285714286,27151.738095238125,26475.45238095238,98,348225.5779059392,135424828.45817736,13934,16082.369047619057,624.202380952382,9680.047619047618,1.4813150960548969,369,10290.583333333374
371,9201,26917.16666666668,9642.714285714286,26475.45238095238,26917.16666666669,121,343249.4544577965,135768077.91263515,13600,15446.61904761906,701.0119047619062,10668.773809523811,1.5981214516020514,370,10615.56547619063
372,8342,28129.928571428623,9554.761904761903,26917.16666666669,28129.928571428583,257,313526.2766010423,136081604.1892362,12710,15954.374999999998,483.70238095238176,11604.386904761906,1.3272674989439541,371,10976.898809523946
373,10055,27629.690476190473,9554.761904761903,28129.928571428583,27629.690476190455,155,350484.62840345275,136432088.81763965,14143,17006.761904761905,360.15476190476136,10171.904761904761,1.667837607444766,372,11208.815476190606
374,9731,28639.21428571429,10740.523809523826,27629.690476190455,28639.21428571423,9,329514.78192614985,136761603.5995658,14071,17487.64880952379,423.7202380952392,10651.059523809527,1.4306053065558777,373,11576.773809523884
375,8982,30397.73809523807,10740.523809523826,28639.21428571423,30397.73809523811,326,317661.24094671005,137079264.8405125,12888,19018.285714285725,49.88095238095204,11259.57142857142,1.3467702600969136,374,12012.809523809583
376,9972,31739.49999999997,11313.761904761905,30397.73809523811,31739.500000000047,171,367252.7704900701,137446517.6110026,12418,21435.42857142859,14.845238095238187,10197.749999999993,1.8341206568869024,375,12224.76190476199
377,9040,34013.261904761945,11313.761904761905,31739.500000000047,34013.26190476195,189,333610.105159898,137780127.7161625,11382,22599.619047619082,49.36904761904742,11273.672619047615,1.641962310366624,376,12582.500000000111
378,10809,34348.95238095236,11144.690476190484,34013.26190476195,34348.95238095239,323,385411.3066601821,138165539.02282268,13324,24641.2916666667,64.59523809523844,9547.99404761905,1.9484215094123518,377,12725.244047619139
379,10144,35349.6428571428,11144.690476190484,34348.95238095239,35349.64285714292,461,367870.6260332048,138533409.6488559,12435,25235.404761904767,229.95833333333314,9802.208333333332,1.9510806294126508,378,12908.160714285776
380,9828,35728.642857142855,10207.000000000002,35349.64285714292,35728.64285714289,652,356861.9530653966,138890271.6019213,12314,25923.386904761926,81.43452380952363,9646.142857142857,1.8298338566195713,379,13102.422619047713
381,8387,37548.642857142826,10207.000000000002,35728.64285714289,37548.64285714288,140,348219.7808169717,139238491.38273826,10305,25456.065476190484,332.1845238095237,11666.999999999993,2.5611980275596564,380,13152.369047619204
382,9676,36520.59523809515,8647.95238095239,37548.64285714288,36520.59523809524,285,365520.08266514214,139604011.4654034,12084,26399.38690476187,4.3214285714286405,10008.107142857145,2.4974415096753813,381,13276.434523809541
383,8339,36829.54761904751,8647.95238095239,36520.59523809524,36829.54761904764,1222,369400.75649328076,139973412.22189668,10744,26164.67261904761,0.0,10559.172619047618,3.4085671743214623,382,13419.77380952365
384,9171,34118.0714285713,6459.523809523805,36829.54761904764,34118.07142857143,2009,421482.2931463975,140394894.51504308,12468,24970.946428571435,0.0,9019.619047619048,3.11274799964692,383,13547.684523809492
385,8697,31880.595238095084,6459.523809523805,34118.07142857143,31880.59523809523,1039,368011.83353749936,140762906.34858057,11299,21142.136904761923,338.9345238095242,10281.80357142857,3.523240772680227,384,13468.19642857133
386,8512,27535.023809523584,4166.428571428578,31880.59523809523,27535.023809523795,1747,395288.8190876334,141158195.1676682,11928,17996.738095238095,35.85714285714289,9338.440476190477,4.6139071171231425,385,13250.089285714203
387,6452,25249.45238095231,4166.428571428578,27535.023809523795,25249.45238095238,1928,377912.8003961873,141536107.96806437,10445,13277.172619047617,0.0,11805.791666666659,4.859908703096859,386,13102.803571428403
388,6290,21220.66666666647,2261.214285714292,25249.45238095238,21220.666666666653,2959,397781.4988634491,141933889.46692783,9989,9983.892857142866,28.988095238094928,11020.952380952393,6.243438186085238,387,13131.874999999809
389,5897,17584.880952380743,2261.214285714292,21220.666666666653,17584.88095238093,2416,408314.551993207,142342204.01892105,9208,5609.684523809525,29.577380952380597,11729.702380952387,8.365046896323397,388,12475.749999999902
390,5045,13794.357142856952,1254.47619047619,17584.88095238093,13794.357142857161,4294,495597.6625205494,142837801.6814416,9908,2966.1845238095248,0.14285714285712636,10578.08928571428,12.303743687762505,389,10670.767857142802
391,4363,10685.833333333336,1254.47619047619,13794.357142857161,10685.833333333328,5972,458823.3284484545,143296625.00989005,11008,1189.0654761904764,0.0,9251.452380952383,14.258261435447407,390,9077.750000000011
392,2657,9166.214285714248,1137.3809523809502,10685.833333333328,9166.214285714279,6903,436551.6374555506,143733176.6473456,10166,79.81547619047629,0.0,8791.779761904763,21.70238431277667,391,7991.428571428572
393,1980,8323.595238095199,1137.3809523809502,9166.214285714279,8323.595238095246,7757,428508.8849900336,144161685.53233564,9995,80.20833333333252,0.0,7933.303571428573,15.601118326118282,392,7281.089285714278
394,3255,7964.952380952362,2896.3571428571463,8323.595238095246,7964.952380952397,7319,471100.9516975696,144632786.4840332,10816,65.86904761904808,0.0,7620.261904761915,4.155079182210513,393,6945.142857142815
395,2889,7972.309523809508,2896.3571428571463,7964.952380952397,7972.3095238095375,7375,413250.292186231,145046036.77621943,10504,0.0,0.0,7714.154761904764,1.5985964825528722,394,6915.607142857108
396,5382,8706.000000000042,6115.690476190475,7972.3095238095375,8706.000000000005,6326,461754.31746890047,145507791.09368834,11954,320.1130952380944,0.0,8169.982142857145,2.196038713701751,395,6742.285714285661
397,5393,9428.690476190512,6115.690476190475,8706.000000000005,9428.690476190479,5918,389320.31435154204,145897111.40803987,11647,409.8035714285701,0.0,8836.880952380949,0.15279396572276263,396,6784.9404761904225
398,6985,10407.690476190499,7963.999999999989,9428.690476190479,10407.690476190484,3964,381068.89279933256,146278180.3008392,11326,1054.107142857142,0.0,9162.4880952381,0.35977093772369423,397,6756.386904761859
399,6878,11493.690476190506,7963.999999999989,10407.690476190484,11493.690476190488,2502,332410.9606241012,146610591.26146328,11861,1242.4583333333355,44.34523809523773,10029.85119047619,0.19455493014303785,398,6766.160714285679
400,7981,12531.85714285717,9019.166666666664,11493.690476190488,12531.857142857156,1868,345687.990397213,146956279.2518605,12391,2151.220238095242,67.16666666666572,10147.18452380952,0.30038491715443183,399,6766.410714285718
401,8061,13490.023809523831,9019.166666666664,12531.857142857156,13490.023809523807,1702,345785.72137035686,147302064.97323087,13305,3164.297619047624,87.86904761904793,10094.261904761914,1.068305066723377,400,6645.69642857147
402,8689,15648.809523809487,10847.785714285717,13490.023809523807,15648.80952380954,1382,342607.15380263806,147644672.1270335,13381,5307.315476190481,343.22023809523847,9862.964285714294,0.5481040615118187,401,6615.422619047648
403,9047,17449.59523809521,10847.785714285717,15648.80952380954,17449.595238095233,1191,347767.36407149676,147992439.491105,12325,7021.678571428577,72.23214285714289,10229.047619047622,0.41678904346086865,402,6643.994047619116
404,9672,18756.666666666646,10979.071428571422,17449.595238095233,18756.66666666665,1151,352894.6554459666,148345334.14655095,12697,8866.345238095239,120.03571428571452,9662.720238095237,0.566206698767182,403,6825.130952381047
405,9895,19840.738095238063,10979.071428571422,18756.66666666665,19840.738095238084,894,367557.26870298776,148712891.41525394,12814,9859.19047619048,221.5297619047625,9648.244047619046,0.6375664717630362,404,7048.458333333493
406,10011,20454.214285714217,10624.476190476189,19840.738095238084,20454.214285714297,296,331535.350793968,149044426.7660479,12451,10107.625000000004,57.976190476190354,10204.154761904767,0.7519490465250133,405,7427.869047619266
407,9881,21197.69047619043,10624.476190476189,20454.214285714297,21197.690476190484,9,337298.11078701844,149381724.8768349,11796,10187.58333333334,186.1369047619045,10718.279761904763,0.7533897427000344,406,7901.827380952517
408,10520,21452.59523809522,10774.904761904767,21197.690476190484,21452.595238095248,134,362051.5900013322,149743776.46683624,12384,11200.226190476207,244.74404761904867,9900.601190476189,1.0151853612167312,407,8278.035714285861
409,10291,21936.49999999998,10774.904761904767,21452.595238095248,21936.50000000002,125,358510.9993023169,150102287.46613857,12297,11502.297619047624,341.8392857142858,9980.750000000005,1.8651266016075092,408,8525.702380952576
410,10841,22887.642857142855,11792.142857142855,21936.50000000002,22887.642857142866,32,342116.0386073381,150444403.5047459,12780,12767.101190476196,62.1666666666675,9958.726190476189,1.0406261942098132,409,8849.940476190719
411,11311,23368.785714285666,11792.142857142855,22887.642857142866,23368.785714285747,16,360003.766898735,150804407.27164462,13860,13714.190476190486,171.91071428571468,9381.92261904762,1.1182935069527762,410,9148.684523809703
412,10420,24490.095238095208,11541.30952380952,23368.785714285747,24490.095238095204,81,343966.80220162834,151148374.07384625,13499,13994.779761904763,461.4702380952389,9938.708333333332,0.9926629192943984,411,9529.404761904903
413,10302,25729.404761904676,11541.30952380952,24490.095238095204,25729.40476190477,161,352008.08969248517,151500382.16353872,13649,15294.714285714274,299.809523809524,10041.130952380947,1.2478670923815078,412,9945.732142857238
414,11323,25612.285714285594,11205.880952380967,25729.40476190477,25612.285714285706,9,366506.47914741735,151866888.64268613,13929,16114.398809523818,191.67261904761892,9196.958333333336,1.0186756412359173,413,10302.90476190488
415,10261,26557.166666666533,11205.880952380967,25612.285714285706,26557.16666666672,188,344130.42046635866,152211019.0631525,13761,16155.797619047631,225.67857142857187,10078.440476190477,1.0300107666105123,414,10699.976190476247
416,10019,27083.35714285718,10545.190476190486,26557.16666666672,27083.357142857156,125,345180.6806198997,152556199.7437724,12969,16409.863095238106,470.7559523809529,10102.333333333325,1.084755630967827,415,11081.40476190483
417,9775,27853.54761904761,10545.190476190486,27083.357142857156,27853.547619047655,105,325906.5047480636,152882106.24852046,13201,16884.047619047626,386.3452380952382,10491.535714285717,1.2458969674826446,416,11515.136904762016
418,9504,27992.261904761952,9642.714285714286,27853.547619047655,27992.261904761926,15,330044.2631266373,153212150.5116471,13271,16583.410714285732,156.05952380952382,11162.000000000002,1.255519605780023,417,11961.64285714284
419,9308,28326.976190476234,9642.714285714286,27992.261904761926,28326.976190476158,80,333767.7454490928,153545918.2570962,13351,16914.54761904761,374.89880952380946,10939.041666666666,1.5671855495528657,418,12160.136904761775
420,8505,29376.73809523804,9554.761904761903,28326.976190476158,29376.738095238114,9,320494.95965032093,153866413.2167465,12776,17035.696428571453,188.11904761904646,12065.797619047624,1.5336517734665869,419,12448.267857142617
421,9156,29775.499999999985,9554.761904761903,29376.738095238114,29775.500000000015,70,316875.85121035395,154183289.06795686,13436,18091.172619047644,269.7797619047611,11322.916666666662,1.6151541274001977,420,12666.94642857139
422,8729,31787.02380952386,10740.523809523826,29775.500000000015,31787.023809523802,16,327481.52184459637,154510770.58980146,12660,19747.60714285716,435.4583333333324,11521.660714285714,1.4161463703364283,421,13114.041666666652
423,9746,32781.547619047604,10740.523809523826,31787.023809523802,32781.54761904761,98,348191.61508584913,154858962.2048873,12889,21715.04166666668,298.10714285714255,10675.875000000007,1.7010318030351885,422,13434.148809523711
424,9745,34350.309523809534,11313.761904761905,32781.54761904761,34350.309523809476,183,367068.15496343956,155226030.35985073,13543,23707.11309523808,362.9464285714295,10185.291666666664,1.9951898409440743,423,13496.83928571395
425,9366,36298.0714285714,11313.761904761905,34350.309523809476,36298.071428571464,9,328983.03418534895,155555013.39403608,11644,24974.9761904762,209.75000000000003,11035.386904761903,1.8637472926390304,424,13822.5416666666
426,10206,37236.76190476187,11144.690476190484,36298.071428571464,37236.76190476186,318,387937.6057430554,155942950.99977913,12202,26855.904761904734,56.48214285714272,10229.357142857149,1.6987334714407014,425,14081.107142856858
427,9051,39330.452380952265,11144.690476190484,37236.76190476186,39330.452380952425,89,349709.7807046543,156292660.78048378,11522,27685.095238095255,0.0,11548.970238095248,2.1490127373455152,426,14324.333333333205
428,9914,39623.45238095236,10207.000000000002,39330.452380952425,39623.4523809524,388,384560.028832365,156677220.80931616,12067,29275.815476190484,0.0,10238.374999999996,2.0982617174366203,427,14500.821428571257
429,9199,40631.45238095234,10207.000000000002,39623.4523809524,40631.45238095235,580,348255.73175793694,157025476.5410741,11615,29835.333333333332,75.11309523809558,10628.18452380951,2.14778780302207,428,14807.059523809357
430,8216,41063.404761904625,8647.95238095239,40631.45238095235,41063.40476190485,1082,374835.7812917464,157400312.32236585,10919,30073.488095238095,146.70238095238074,10745.386904761908,2.5620421245421237,429,14931.535714285576
431,9244,40467.35714285712,8647.95238095239,41063.40476190485,40467.35714285713,399,396158.51676020335,157796470.83912605,10883,29521.33928571429,0.0,10825.196428571417,3.710215506583422,430,14584.255952380672
432,9581,37345.88095238079,6459.523809523805,40467.35714285713,37345.88095238099,1150,396105.40208337776,158192576.24120942,11591,27453.125000000025,3.988095238095333,9752.202380952387,3.663386986148174,431,14709.916666666402
433,8197,35608.40476190465,6459.523809523805,37345.88095238099,35608.404761904785,951,380644.6612259952,158573220.90243542,10572,24454.0416666667,0.0,10977.702380952383,3.9963009114832992,432,14556.30952380916
434,7198,32576.833333333125,4166.428571428578,35608.404761904785,32576.833333333307,2461,409923.81591895886,158983144.71835437,11033,22103.16071428571,0.0,10285.458333333334,5.3979838149486055,433,14591.172619047182
435,8658,28085.261904761683,4166.428571428578,32576.833333333307,28085.261904761912,1595,381863.4798741821,159365008.19822857,11281,17765.68452380953,26.70238095238051,10102.541666666675,7.0682784432784524,434,14641.821428571175
436,6682,23664.476190476,2261.214285714292,28085.261904761912,23664.47619047617,3280,429518.4549124731,159794526.65314105,10932,13343.12500000001,28.416666666667226,10084.101190476184,10.636713238123725,435,13731.113095237695
437,7593,18332.69047619026,2261.214285714292,23664.47619047617,18332.69047619049,2037,414649.75723229407,160209176.41037336,10657,8338.994047619055,98.58928571428572,9695.005952380954,10.591368616457528,436,12605.130952380663
438,4034,15553.166666666515,1254.47619047619,18332.69047619049,15553.166666666666,5734,463323.4877875827,160672499.89816093,10420,4925.589285714294,0.0,10398.363095238094,19.581245425785525,437,11962.946428571118
439,4065,12742.642857142826,1254.47619047619,15553.166666666666,12742.642857142855,4658,423852.7167775527,161096352.6149385,9215,1218.988095238095,0.0,11248.833333333334,18.570820886780268,438,10468.952380952085
440,3758,10122.023809523775,1137.3809523809502,12742.642857142855,10122.023809523813,6766,477729.7093760014,161574082.3243145,11082,809.8571428571429,0.0,9030.636904761912,20.92372304163812,439,9046.791666666619
441,2600,8659.404761904732,1137.3809523809502,10122.023809523813,8659.404761904758,7515,454872.48105530016,162028954.8053698,10418,69.63095238095156,0.0,8284.148809523816,25.771841804029254,440,7853.732142857094
442,2593,8962.761904761874,2896.3571428571463,8659.404761904758,8962.761904761908,8056,433594.4325782958,162462549.2379481,11090,361.2261904761918,0.0,8364.773809523813,2.7038914293060006,441,7741.720238095192
443,2985,8874.119047619024,2896.3571428571463,8962.761904761908,8874.11904761906,8118,436614.6857093217,162899163.92365742,11247,220.76190476190538,0.0,8385.482142857149,1.9366375528435793,442,7684.315476190454
444,5307,9682.809523809567,6115.690476190475,8874.11904761906,9682.809523809541,6122,427262.1271791563,163326426.05083656,11576,638.57142857143,6.678571428571786,8823.142857142859,1.6180078871571253,443,7440.982142857112
445,5049,10749.500000000047,6115.690476190475,9682.809523809541,10749.500000000011,5359,371457.821657271,163697883.87249383,10772,908.8273809523816,0.0,9640.321428571431,0.4276353639098741,444,7455.630952380939
446,6787,11926.500000000044,7963.999999999989,10749.500000000011,11926.500000000022,3950,376076.9108172651,164073960.7833111,11102,1907.4047619047624,9.904761904761955,9822.898809523811,0.140782097427155,445,7473.148809523805
447,7012,12878.500000000091,7963.999999999989,11926.500000000022,12878.5,2965,346158.7452791308,164420119.52859023,12347,2572.3452380952413,188.1369047619056,9947.386904761905,0.5817628962594745,446,7442.386904761922
448,7549,14348.666666666675,9019.166666666664,12878.5,14348.666666666679,2549,357522.6327541147,164777642.16134435,12658,3950.065476190477,241.54166666666706,10004.2619047619,0.8993969557620345,447,7385.392857142845
449,8172,15195.83333333334,9019.166666666664,14348.666666666679,15195.833333333354,1479,337809.052667191,165115451.21401155,12906,4543.48214285715,333.35119047619014,10199.702380952387,1.038838338810806,448,7329.386904761943
450,8448,17595.61904761903,10847.785714285717,15195.833333333354,17595.619047619035,691,341906.7736641882,165457357.98767573,12545,6746.130952380954,203.7261904761897,10532.875000000005,1.188428650342709,449,7250.0952380953
451,10073,18370.40476190467,10847.785714285717,17595.619047619035,18370.404761904763,546,373059.08688143856,165830417.07455716,12657,8500.982142857147,229.79166666666623,9527.047619047627,1.5557330298345913,450,7012.023809523944
452,9664,19685.476190476176,10979.071428571422,18370.404761904763,19685.476190476194,540,341066.13756066945,166171483.21211782,12620,9220.8630952381,271.70238095238113,10089.886904761908,0.6610696793204036,451,7199.696428571564
453,10347,20317.547619047607,10979.071428571422,19685.476190476194,20317.547619047626,9,346422.9035904534,166517906.11570826,12849,9732.464285714299,293.46428571428544,10198.0,0.7221969100774558,452,7361.130952381126
454,10156,20786.02380952376,10624.476190476189,20317.547619047626,20786.023809523813,224,349444.1496046272,166867350.26531288,12650,10511.119047619053,308.6190476190478,9851.934523809532,0.7461335311990104,453,7778.375000000186
455,9650,21760.499999999945,10624.476190476189,20786.023809523813,21760.500000000015,123,342591.7017296945,167209941.96704257,11778,10640.410714285725,269.52976190476176,10740.904761904763,2.319234517641254,454,7974.357142857357
456,11062,21473.40476190475,10774.904761904767,21760.500000000015,21473.40476190478,254,364028.36356799386,167573970.33061057,12564,11800.827380952389,34.60714285714292,9529.964285714286,1.090403870823327,455,8250.386904762127
457,11338,20910.309523809516,10774.904761904767,21473.40476190478,20910.309523809516,72,377309.6042464365,167951279.934857,13234,11404.749999999996,312.2797619047626,9077.773809523804,0.948476047677848,456,8566.160714285794
458,10627,22075.45238095234,11792.142857142855,20910.309523809516,22075.452380952393,47,336368.1728113962,168287648.1076684,12807,11795.82738095239,130.80357142857105,10049.142857142857,1.3374849328081662,457,8897.309523809517
459,10562,23305.595238095193,11792.142857142855,22075.452380952393,23305.595238095248,183,347135.8680943678,168634783.97576275,12808,13240.4880952381,294.3511904761906,9669.208333333332,0.6084801985554679,458,9312.696428571495
460,10320,24526.904761904712,11541.30952380952,23305.595238095248,24526.904761904745,9,348944.6074028304,168983728.5831656,12883,13948.01785714285,92.94047619047703,10381.196428571426,1.0503512596899225,459,9692.886904762046
461,10013,26055.214285714217,11541.30952380952,24526.904761904745,26055.214285714283,9,341310.05561157374,169325038.63877717,13523,15106.779761904776,595.2559523809523,10256.148809523813,1.206330282537464,460,10122.7023809525
462,10495,26766.095238095113,11205.880952380967,26055.214285714283,26766.095238095244,9,360501.9470629595,169685540.58584014,13035,16261.095238095257,548.5773809523815,9862.779761904765,1.421623675673223,461,10384.255952380983
463,10128,27843.97619047609,11205.880952380967,26766.095238095244,27843.976190476205,229,345585.4205825514,170031126.0064227,13812,17247.87500000001,737.5892857142859,9778.029761904761,1.038747484578351,462,10782.797619047586
464,9193,29196.166666666664,10545.190476190486,27843.976190476205,29196.166666666642,226,342803.4078600964,170373929.4142828,12628,17751.37499999999,385.8214285714286,10962.19642857143,1.3115122531118397,463,11002.70238095256
465,10091,29650.35714285716,10545.190476190486,29196.166666666642,29650.357142857116,6,347382.0363622745,170721311.45064506,12902,18741.357142857145,300.62500000000125,10515.190476190473,1.066323244192138,464,11437.595238095351
466,9667,29626.071428571428,9642.714285714286,29650.357142857116,29626.071428571424,177,340930.9523756292,171062242.40302068,13632,18486.98214285714,519.4345238095241,10532.119047619046,1.2071745062978132,465,11881.470238095304
467,8944,30324.78571428574,9642.714285714286,29626.071428571424,30324.7857142857,6,355040.3170781507,171417282.72009882,13455,18375.24404761905,114.99404761904685,11740.44047619047,4.588836490544345,466,11870.976190476353
468,9097,30782.547619047516,9554.761904761903,30324.7857142857,30782.547619047626,115,338042.21851923916,171755324.93861806,13185,19084.886904761923,49.90476190476403,11559.761904761901,1.6272973298366278,467,12188.21428571442
469,9387,30950.309523809432,9554.761904761903,30782.547619047626,30950.309523809556,6,354040.5128113888,172109365.45142946,13074,19446.880952380972,592.309523809524,10820.7619047619,2.5809617657652173,468,12224.029761904754
470,9143,32547.83333333338,10740.523809523826,30950.309523809556,32547.83333333332,61,322262.21454160626,172431627.66597107,13432,21008.72023809524,431.85714285714187,11027.880952380954,1.3425525903241098,469,12922.095238095246
471,9212,34076.35714285712,10740.523809523826,32547.83333333332,34076.35714285713,303,354581.76013479364,172786209.42610586,12569,23031.767857142884,59.0178571428587,10886.767857142851,2.132528353286603,470,13177.30357142856
472,8909,36481.11904761905,11313.761904761905,34076.35714285713,36481.119047619075,9,331329.8580789989,173117539.28418484,12129,24463.54761904765,146.79166666666683,11796.803571428569,2.035565960585605,471,13563.624999999802
473,9501,38293.880952381,11313.761904761905,36481.119047619075,38293.88095238097,299,341226.2687950163,173458765.55297986,12003,27255.19642857143,109.13690476190476,10850.946428571426,1.6816744853925156,472,14072.958333333292
474,10305,39133.57142857138,11144.690476190484,38293.88095238097,39133.57142857141,87,371585.5437216813,173830351.09670153,12689,29162.779761904756,31.69642857142869,9851.089285714286,1.9137375522746747,473,14407.172619047384
475,9120,41158.26190476182,11144.690476190484,39133.57142857141,41158.261904761916,318,342531.1095704989,174172882.20627204,11884,30410.589285714337,218.14285714285637,10447.154761904769,1.825693791771092,474,14805.535714285343
476,9017,42348.26190476185,10207.000000000002,41158.261904761916,42348.2619047619,419,357414.9831234085,174530297.18939546,11359,31353.029761904796,41.8333333333336,10859.57738095238,1.9827732801005526,475,15123.172619047504
477,9663,42892.261904761835,10207.000000000002,42348.2619047619,42892.261904761974,103,385128.3798428986,174915425.56923836,11358,32128.68452380954,0.0,10666.172619047615,3.4133988015158536,476,15157.05952380939
478,8900,42640.214285714246,8647.95238095239,42892.261904761974,42640.21428571424,941,386705.1583499123,175302130.72758827,11443,32248.238095238103,5.184523809524535,10276.416666666664,2.7664151952915965,477,15534.309523809317
479,8936,42352.16666666651,8647.95238095239,42640.21428571424,42352.16666666669,1737,392502.1225900388,175694632.8501783,11616,32417.124999999993,0.0,9825.58333333334,3.254920239693908,478,15750.619047618795
480,9207,40783.66666666669,7638.5,42352.16666666669,40783.666666666715,1277,393462.9813434123,176088095.83152172,12002,30806.5625,214.354166666668,9627.93750000001,2.4280238379700676,479,16294.654761904561
481,9369,39053.166666666715,7638.5,40783.666666666715,39053.16666666669,1641,374655.5334707984,176462751.36499253,12012,29533.25000000001,0.0,9371.95833333334,4.348674897966445,480,16336.297619047291
482,8269,35991.66666666669,5207.5,39053.16666666669,35991.66666666669,965,368987.50802191,176831738.87301445,10094,24784.70833333334,13.62499999999956,11029.020833333341,5.863726540319837,481,16664.821428571027
483,9260,31939.166666666693,5207.5,35991.66666666669,31939.16666666668,659,412144.69601627206,177243883.56903073,11478,21696.708333333358,122.95833333333374,9944.08333333334,6.610146045459199,482,16172.577380952027
484,7074,28045.79166666668,3180.625,31939.16666666668,28045.791666666668,1969,391669.85707660764,177635553.42610735,9784,17206.770833333358,0.0,10647.604166666675,6.645551870027069,483,15425.309523809072
485,7351,23875.416666666668,3180.625,28045.791666666668,23875.416666666668,2395,384638.68160889135,178020192.10771623,10478,13354.666666666682,0.0,10324.708333333345,8.379142212591729,484,13865.416666666228
486,7660,18024.729166666668,1809.3125,23875.416666666668,18024.729166666682,3015,415598.6925071595,178435790.80022338,11104,8107.645833333343,0.0,9706.85416666667,8.050323262464236,485,12368.244047618875
487,5228,14606.041666666682,1809.3125,18024.729166666682,14606.041666666688,5302,441112.02337727573,178876902.82360065,11079,4450.166666666672,0.0,9890.750000000005,10.516835287098772,486,11310.696428571311
488,4997,11076.104166666688,1467.0625,14606.041666666688,11076.104166666688,4754,419409.9652097046,179296312.78881034,10762,790.0833333333335,106.29166666666634,9905.541666666679,11.982081510811291,487,9799.017857142835
489,3004,9539.166666666688,1467.0625,11076.104166666688,9539.16666666668,7300,463073.8220504838,179759386.61086082,10852,230.2500000000016,0.0,9000.083333333341,31.036434555513175,488,8664.500000000096
490,3734,8830.04166666668,3024.875,9539.16666666668,8830.041666666675,7489,453081.72029168904,180212468.3311525,11605,275.43750000000443,46.33333333333141,8245.833333333334,12.8227564593057,489,7809.500000000113
491,3294,8560.916666666675,3024.875,8830.041666666675,8560.916666666677,7686,429226.19595334784,180641694.52710584,11250,116.08333333333536,0.0,8164.458333333335,5.0951938228236004,490,7607.333333333476
492,4437,8737.354166666677,4613.4375,8560.916666666677,8737.354166666675,6819,421420.81406275043,181063115.34116858,11402,238.20833333333385,0.0,8256.91666666667,2.221926414243861,491,7450.708333333466
493,4386,8964.791666666675,4613.4375,8737.354166666675,8964.791666666677,6991,420508.7937872568,181483624.13495585,11664,264.54166666666765,0.0,8470.541666666672,2.0644868412481263,492,7352.541666666795
494,5553,9743.354166666677,6331.5625,8964.791666666677,9743.354166666679,5708,401265.7622526781,181884889.89720854,11531,712.0208333333368,0.0,8837.145833333338,0.16015688645348355,493,7374.1666666668025
495,5753,10321.916666666679,6331.5625,9743.354166666679,10321.916666666679,4861,374146.46121461847,182259036.35842317,11179,872.2083333333371,0.0,9260.875000000011,0.6695678445200443,494,7360.958333333489
496,7369,11665.916666666679,8713.0,10321.916666666679,11665.916666666677,3746,374432.7227630549,182633469.08118623,11648,2213.250000000003,0.0,9295.333333333336,0.24408962255006514,495,7330.812500000173
497,7644,12734.916666666679,8713.0,11665.916666666677,12734.916666666677,2259,340330.4476402815,182973799.5288265,11282,2165.6250000000036,72.08333333333331,10334.416666666664,0.4959184452169154,496,7280.708333333501
498,9253,13072.791666666679,9590.875,12734.916666666677,13072.791666666672,1882,386924.8966776799,183360724.42550418,12301,3628.6458333333385,34.583333333333314,9271.9375,6.567628645535804,497,7051.187500000103
499,8439,14224.666666666672,9590.875,13072.791666666672,14224.666666666673,1743,356976.68705771596,183717701.11256188,11938,3985.5833333333367,95.91666666666517,10001.125000000004,0.6455963384287235,498,7035.666666666758
