time_step,met_demand,unmet_demand,new_demand,carried_in_unmet,carried_out_unmet,n_rebalance_moves,iteration_cost,cumulative_cost,n_vehicles_in_service
0,459,6000.523809523805,6459.523809523805,0.0,6000.523809523806,12,25970.699152238336,25970.699152238336,471
1,424,12036.047619047622,6459.523809523805,6000.523809523806,12036.047619047618,0,23118.53359029898,49089.232742537315,557
2,396,15806.476190476187,4166.428571428578,12036.047619047618,15806.476190476196,0,20854.1146667607,69943.34740929802,571
3,434,19538.904761904727,4166.428571428578,15806.476190476196,19538.90476190478,0,20517.43631524125,90460.78372453927,565
4,430,21370.11904761887,2261.214285714292,19538.90476190478,21370.11904761903,20,19648.58496114289,110109.36868568216,562
5,463,23168.33333333312,2261.214285714292,21370.11904761903,23168.333333333336,10,20298.67812112943,130408.04680681159,559
6,439,23983.80952380936,1254.47619047619,23168.333333333336,23983.809523809512,19,20514.724377402734,150922.77118421433,552
7,388,24850.285714285536,1254.47619047619,23983.809523809512,24850.28571428576,21,21705.09504965436,172627.8662338687,543
8,451,25536.66666666652,1137.3809523809502,24850.28571428576,25536.666666666624,4,21084.30666427842,193712.1728981471,532
9,465,26209.047619047382,1137.3809523809502,25536.666666666624,26209.04761904762,1,17817.944111060646,211530.11700920775,515
10,485,28620.404761904672,2896.3571428571463,26209.04761904762,28620.404761904767,0,19698.5998453056,231228.71685451336,511
11,415,31101.76190476182,2896.3571428571463,28620.404761904767,31101.761904761886,0,20275.947191038016,251504.66404555138,454
12,374,36843.45238095226,6115.690476190475,31101.761904761886,36843.452380952396,0,17130.09954478409,268634.7635903355,380
13,377,42582.142857142775,6115.690476190475,36843.452380952396,42582.1428571428,0,16133.297651144238,284768.0612414797,417
14,250,50296.14285714269,7963.999999999989,42582.1428571428,50296.14285714289,0,12813.40783540861,297581.46907688834,344
15,254,58006.14285714278,7963.999999999989,50296.14285714289,58006.14285714277,1,12633.646309732285,310215.11538662063,342
16,241,66784.30952380938,9019.166666666664,58006.14285714277,66784.3095238095,0,10852.104765893464,321067.2201525141,413
17,208,75595.47619047631,9019.166666666664,66784.3095238095,75595.47619047607,0,9124.375402568101,330191.5955550822,297
18,211,86232.261904762,10847.785714285717,75595.47619047607,86232.26190476208,0,8764.100014350777,338955.695569433,323
19,193,96887.04761904801,10847.785714285717,86232.26190476208,96887.04761904785,1,11045.25704309376,350000.9526125267,237
20,277,107589.1190476193,10979.071428571422,96887.04761904785,107589.11904761894,1,13187.913304911803,363188.8659174385,331
21,279,118289.19047619039,10979.071428571422,107589.11904761894,118289.1904761904,1,10939.421239270094,374128.2871567086,358
22,205,128708.66666666689,10624.476190476189,118289.1904761904,128708.66666666676,4,8776.339468133023,382904.6266248416,241
23,279,139054.142857143,10624.476190476189,128708.66666666676,139054.14285714272,1,13359.312361043436,396263.938985885,314
24,167,149662.04761904752,10774.904761904767,139054.14285714272,149662.04761904737,1,11379.104781699332,407643.0437675843,207
25,250,160186.95238095216,10774.904761904767,149662.04761904737,160186.9523809526,2,13247.148391452147,420890.19215903647,317
26,228,171751.09523809544,11792.142857142855,160186.9523809526,171751.0952380947,0,12643.304221977669,433533.4963810141,304
27,151,183392.23809523755,11792.142857142855,171751.0952380947,183392.23809523822,0,10179.447971388352,443712.94435240247,199
28,299,194634.54761904792,11541.30952380952,183392.23809523822,194634.54761904775,0,13496.827191546618,457209.7715439491,338
29,245,205930.85714285745,11541.30952380952,194634.54761904775,205930.85714285745,0,11606.441636762445,468816.21318071155,324
30,264,216872.7380952386,11205.880952380967,205930.85714285745,216872.7380952384,0,10311.872930831014,479128.08611154254,297
31,183,227895.61904761955,11205.880952380967,216872.7380952384,227895.61904761885,0,9492.887732561503,488620.97384410404,265
32,212,238228.80952380883,10545.190476190486,227895.61904761885,238228.80952380938,0,11907.414845089657,500528.3886891937,295
33,308,248465.99999999936,10545.190476190486,238228.80952380938,248465.99999999985,0,13441.274134867255,513969.66282406094,390
34,115,257993.7142857145,9642.714285714286,248465.99999999985,257993.7142857141,0,8792.518004180165,522762.1808282411,275
35,289,267347.4285714286,9642.714285714286,257993.7142857141,267347.428571429,0,12033.807019624783,534795.9878478659,316
36,253,276649.1904761909,9554.761904761903,267347.428571429,276649.1904761902,1,10859.64785120463,545655.6356990705,323
37,313,285890.9523809521,9554.761904761903,276649.1904761902,285890.9523809519,0,14586.328491382912,560241.9641904534,414
38,114,296517.47619047575,10740.523809523826,285890.9523809519,296517.47619047627,0,6493.984587747159,566735.9487782005,236
39,314,306944.0000000001,10740.523809523826,296517.47619047627,306944.00000000076,0,13420.022608433017,580155.9713866336,336
40,180,318077.76190476236,11313.761904761905,306944.00000000076,318077.7619047618,0,12097.708100464139,592253.6794870978,333
41,203,329188.5238095234,11313.761904761905,318077.7619047618,329188.52380952396,0,9298.74444092322,601552.423928021,229
42,160,340173.214285714,11144.690476190484,329188.52380952396,340173.2142857142,1,8832.775045092243,610385.1989731132,244
43,268,351049.90476190427,11144.690476190484,340173.2142857142,351049.90476190473,2,14330.545999117327,624715.7449722305,279
44,242,361014.90476190473,10207.000000000002,351049.90476190473,361014.9047619054,2,14242.017143653378,638957.7621158839,276
45,205,371016.9047619054,10207.000000000002,361014.9047619054,371016.90476190386,3,10782.821381864382,649740.5834977482,279
46,187,379477.8571428563,8647.95238095239,371016.90476190386,379477.85714285774,2,10463.49951076067,660204.0830085089,220
47,233,387892.80952381017,8647.95238095239,379477.85714285774,387892.8095238093,0,11854.047550553954,672058.1305590628,234
48,265,394087.33333333273,6459.523809523805,387892.8095238093,394087.3333333335,0,13088.561536704385,685146.6920957672,265
49,263,400283.8571428569,6459.523809523805,394087.3333333335,400283.8571428578,0,12548.520885978356,697695.2129817456,295
50,230,404220.28571428655,4166.428571428578,400283.8571428578,404220.28571428545,0,13454.761422862508,711149.9744046081,242
51,332,408054.7142857142,4166.428571428578,404220.28571428545,408054.71428571414,0,13359.688652512566,724509.6630571207,362
52,222,410093.9285714284,2261.214285714292,408054.71428571414,410093.9285714289,3,12282.56483362395,736792.2278907447,225
53,280,412075.1428571432,2261.214285714292,410093.9285714289,412075.1428571429,0,12145.931098349061,748938.1589890937,320
54,185,413144.6190476187,1254.47619047619,412075.1428571429,413144.6190476189,2,12527.37460038861,761465.5335894823,191
55,269,414130.0952380947,1254.47619047619,413144.6190476189,414130.095238095,0,12802.42134074715,774267.9549302295,288
56,134,415133.47619047575,1137.3809523809502,414130.095238095,415133.4761904772,5,8880.514477585266,783148.4694078147,213
57,320,415950.857142858,1137.3809523809502,415133.4761904772,415950.85714285664,0,18115.536030135398,801264.00543795,320
58,169,418678.2142857135,2896.3571428571463,415950.85714285664,418678.2142857144,0,9312.91215274121,810576.9175906912,169
59,266,421308.57142857125,2896.3571428571463,418678.2142857144,421308.5714285713,0,13410.88495783225,823987.8025485235,266
60,232,427192.2619047617,6115.690476190475,421308.5714285713,427192.2619047613,0,10550.299132526365,834538.1016810499,232
61,262,433045.9523809517,6115.690476190475,427192.2619047613,433045.9523809524,0,15254.099508317318,849792.2011893672,262
62,254,440755.9523809521,7963.999999999989,433045.9523809524,440755.9523809527,0,14828.687034080704,864620.888223448,301
63,207,448512.95238095237,7963.999999999989,440755.9523809527,448512.9523809518,0,10526.769016859413,875147.6572403074,294
64,274,457258.1190476187,9019.166666666664,448512.9523809518,457258.11904761917,0,13593.05786905681,888740.7151093642,336
65,195,466082.2857142861,9019.166666666664,457258.11904761917,466082.2857142853,2,9923.834147012203,898664.5492563765,332
66,232,476698.0714285717,10847.785714285717,466082.2857142853,476698.0714285716,0,10595.026720908823,909259.5759772853,271
67,216,487329.85714285803,10847.785714285717,476698.0714285716,487329.8571428564,2,10115.983712478708,919375.5596897639,275
68,237,498071.92857142806,10979.071428571422,487329.8571428564,498071.9285714286,2,13012.752427522231,932388.3121172861,255
69,219,508832.00000000023,10979.071428571422,498071.9285714286,508831.9999999997,3,12261.226732232526,944649.5388495186,307
70,255,519201.47619047627,10624.476190476189,508831.9999999997,519201.47619047586,1,13188.757655917785,957838.2965054364,265
71,185,529640.9523809517,10624.476190476189,519201.47619047586,529640.9523809537,0,10465.046998714091,968303.3435041505,215
72,246,540169.8571428594,10774.904761904767,529640.9523809537,540169.8571428576,0,14698.131730208355,983001.4752343589,249
73,162,550782.7619047633,10774.904761904767,540169.8571428576,550782.7619047618,2,7806.483160163817,990807.9583945228,184
74,263,562311.9047619053,11792.142857142855,550782.7619047618,562311.9047619043,6,16683.78074844001,1007491.7391429627,293
75,177,573927.0476190478,11792.142857142855,562311.9047619043,573927.0476190477,2,11057.660506900578,1018549.3996498634,205
76,239,585229.3571428574,11541.30952380952,573927.0476190477,585229.3571428588,1,14471.32371004715,1033020.7233599105,279
77,174,596596.6666666685,11541.30952380952,585229.3571428588,596596.6666666669,1,10335.049967199577,1043355.7733271101,232
78,202,607600.5476190478,11205.880952380967,596596.6666666669,607600.5476190485,0,12180.368471949812,1055536.14179906,246
79,331,618475.4285714295,11205.880952380967,607600.5476190485,618475.42857143,0,10738.695152897662,1066274.8369519575,492
80,317,628703.6190476217,10545.190476190486,618475.42857143,628703.6190476187,0,11782.181762917959,1078057.0187148754,407
81,230,639018.8095238104,10545.190476190486,628703.6190476187,639018.8095238098,0,9182.71437787544,1087239.733092751,322
82,233,648428.5238095223,9642.714285714286,639018.8095238098,648428.523809523,2,14244.700593796102,1101484.433686547,396
83,172,657899.2380952354,9642.714285714286,648428.523809523,657899.2380952386,0,9222.398351993854,1110706.8320385409,324
84,133,667321.0000000012,9554.761904761903,657899.2380952386,667321.0000000005,0,7901.190265429297,1118608.02230397,269
85,141,676734.761904763,9554.761904761903,667321.0000000005,676734.7619047635,4,9197.902786628423,1127805.9250905984,243
86,267,687208.285714288,10740.523809523826,676734.7619047635,687208.2857142856,0,17181.86252654296,1144987.7876171414,345
87,153,697795.80952381,10740.523809523826,687208.2857142856,697795.8095238091,0,11112.550805201252,1156100.3384223427,218
88,152,708957.5714285707,11313.761904761905,697795.8095238091,708957.5714285704,4,11076.337199192154,1167176.675621535,187
89,182,720089.333333332,11313.761904761905,708957.5714285704,720089.3333333336,0,11030.821611382868,1178207.4972329177,232
90,295,730939.023809525,11144.690476190484,720089.3333333336,730939.023809525,0,14932.190619477955,1193139.6878523957,305
91,205,741878.7142857163,11144.690476190484,730939.023809525,741878.7142857133,3,12134.25714949456,1205273.9450018902,242
92,257,751828.7142857123,10207.000000000002,741878.7142857133,751828.7142857149,1,12921.554544423243,1218195.4995463134,293
93,227,761808.714285714,10207.000000000002,751828.7142857149,761808.7142857157,0,11820.967379306756,1230016.46692562,242
94,165,770291.6666666665,8647.95238095239,761808.7142857157,770291.6666666658,6,7664.370990909641,1237680.8379165297,171
95,345,778594.6190476166,8647.95238095239,770291.6666666658,778594.6190476184,0,20403.16402976294,1258084.0019462926,352
96,180,784874.1428571435,6459.523809523805,778594.6190476184,784874.1428571435,5,11592.471048953368,1269676.472995246,270
97,180,791153.6666666687,6459.523809523805,784874.1428571435,791153.666666667,0,10337.265839089941,1280013.738834336,237
98,148,795172.0952380954,4166.428571428578,791153.666666667,795172.0952380963,2,9128.86427920306,1289142.603113539,168
99,324,799014.5238095247,4166.428571428578,795172.0952380963,799014.5238095239,0,18284.313431738454,1307426.9165452775,327
100,154,801121.7380952371,2261.214285714292,799014.5238095239,801121.7380952403,2,9727.499249679026,1317154.4157949565,169
101,264,803118.9523809535,2261.214285714292,801121.7380952403,803118.9523809535,0,14650.455706464605,1331804.871501421,290
102,198,804175.4285714286,1254.47619047619,803118.9523809535,804175.4285714283,0,12719.456126055482,1344524.3276274765,271
103,227,805202.9047619035,1254.47619047619,804175.4285714283,805202.9047619044,0,13742.104718738978,1358266.4323462155,229
104,171,806169.2857142832,1137.3809523809502,805202.9047619044,806169.2857142853,0,10724.585863047374,1368991.0182092628,180
105,249,807057.6666666642,1137.3809523809502,806169.2857142853,807057.666666667,0,13110.580594040213,1382101.598803303,257
106,277,809677.0238095224,2896.3571428571463,807057.666666667,809677.0238095237,0,11607.555635075041,1393709.154438378,337
107,265,812308.3809523791,2896.3571428571463,809677.0238095237,812308.3809523804,0,16003.299242327284,1409712.4536807053,265
108,142,818282.0714285728,6115.690476190475,812308.3809523804,818282.0714285704,9,8185.8845732929485,1417898.3382539982,223
109,222,824175.7619047628,6115.690476190475,818282.0714285704,824175.7619047612,9,13983.553104020912,1431881.891358019,233
110,233,831906.7619047617,7963.999999999989,824175.7619047612,831906.7619047628,0,12632.713142694322,1444514.6045007133,299
111,237,839633.7619047633,7963.999999999989,831906.7619047628,839633.7619047618,1,13268.00468990706,1457782.6091906202,374
112,184,848468.9285714272,9019.166666666664,839633.7619047618,848468.928571429,0,11677.084428244108,1469459.6936188643,285
113,167,857321.0952380945,9019.166666666664,848468.928571429,857321.0952380962,0,11797.830830817813,1481257.524449682,235
114,257,867911.8809523826,10847.785714285717,857321.0952380962,867911.8809523799,0,14220.755365704852,1495478.279815387,351
115,145,878614.6666666663,10847.785714285717,867911.8809523799,878614.666666667,4,11235.899615286646,1506714.1794306736,243
116,248,889345.7380952374,10979.071428571422,878614.666666667,889345.7380952382,0,12001.7041810485,1518715.8836117222,342
117,197,900127.8095238087,10979.071428571422,889345.7380952382,900127.80952381,0,11526.397691338812,1530242.281303061,265
118,221,910531.2857142867,10624.476190476189,900127.80952381,910531.2857142867,0,11513.167420207628,1541755.4487232685,344
119,201,920954.7619047634,10624.476190476189,910531.2857142867,920954.7619047624,0,12786.285848633263,1554541.7345719016,277
120,88,931641.666666668,10774.904761904767,920954.7619047624,931641.6666666665,2,6942.5776395789235,1561484.3122114805,144
121,259,942157.5714285722,10774.904761904767,931641.6666666665,942157.5714285707,1,14221.001826431155,1575705.3140379116,263
122,157,953792.7142857142,11792.142857142855,942157.5714285707,953792.7142857137,8,11477.125709493188,1587182.4397474048,227
123,264,965320.8571428573,11792.142857142855,953792.7142857137,965320.8571428547,0,15254.995916060165,1602437.435663465,369
124,199,976663.1666666644,11541.30952380952,965320.8571428547,976663.1666666674,1,10702.167604913018,1613139.603268378,378
125,141,988063.4761904771,11541.30952380952,976663.1666666674,988063.4761904766,0,10125.219182000626,1623264.8224503787,231
126,247,999022.3571428575,11205.880952380967,988063.4761904766,999022.357142859,0,12341.823297693814,1635606.6457480725,333
127,120,1010108.23809524,11205.880952380967,999022.357142859,1010108.2380952381,0,8684.121195509146,1644290.7669435816,230
128,179,1020474.4285714298,10545.190476190486,1010108.2380952381,1020474.4285714282,5,11711.028894890198,1656001.7958384717,245
129,228,1030791.6190476199,10545.190476190486,1020474.4285714282,1030791.6190476194,1,10701.661159675092,1666703.4569981468,374
130,163,1040271.3333333319,9642.714285714286,1030791.6190476194,1040271.3333333334,1,13740.382377904063,1680443.839376051,211
131,167,1049747.047619045,9642.714285714286,1040271.3333333334,1049747.0476190464,0,12520.623431953945,1692964.4628080048,215
132,299,1059002.8095238102,9554.761904761903,1049747.0476190464,1059002.80952381,0,16900.3752845989,1709864.8380926037,377
133,104,1068453.5714285737,9554.761904761903,1059002.80952381,1068453.5714285728,2,5985.642029861451,1715850.4801224652,304
134,135,1079059.0952380947,10740.523809523826,1068453.5714285728,1079059.0952380965,0,9836.362084497538,1725686.8422069626,142
135,335,1089464.6190476185,10740.523809523826,1079059.0952380965,1089464.6190476166,0,18134.547771549223,1743821.389978512,363
136,197,1100581.38095238,11313.761904761905,1089464.6190476166,1100581.3809523804,5,11671.416467610361,1755492.8064461222,308
137,202,1111693.1428571437,11313.761904761905,1100581.3809523804,1111693.1428571437,6,10324.612753280306,1765817.4191994024,221
138,292,1122545.8333333351,11144.690476190484,1111693.1428571437,1122545.8333333335,1,11283.583004599845,1777101.0022040023,311
139,201,1133489.523809525,11144.690476190484,1122545.8333333335,1133489.5238095263,0,13307.980586422349,1790408.9827904247,255
140,163,1143533.5238095254,10207.000000000002,1133489.5238095263,1143533.5238095233,0,9658.18812303882,1800067.1709134635,211
141,295,1153445.5238095224,10207.000000000002,1143533.5238095233,1153445.5238095243,2,15464.443368865694,1815531.614282329,346
142,236,1161857.4761904734,8647.95238095239,1153445.5238095243,1161857.4761904776,0,14369.739438371078,1829901.3537207001,238
143,258,1170247.4285714268,8647.95238095239,1161857.4761904776,1170247.4285714289,7,13571.214799822848,1843472.568520523,286
144,127,1177758.9285714289,7638.5,1170247.4285714289,1177758.9285714286,6,7265.291184626374,1850737.8597051492,133
145,389,1185008.4285714286,7638.5,1177758.9285714286,1185008.428571429,0,18103.557839583984,1868841.4175447333,417
146,184,1190031.928571429,5207.5,1185008.428571429,1190031.9285714289,1,10663.412675506539,1879504.8302202397,301
147,125,1195114.4285714289,5207.5,1190031.9285714289,1195114.4285714286,1,7947.517565438073,1887452.3477856778,131
148,202,1198093.0535714286,3180.625,1195114.4285714286,1198093.0535714289,0,13741.343658231406,1901193.6914439092,205
149,189,1201084.6785714289,3180.625,1198093.0535714289,1201084.6785714289,0,9736.010450682934,1910929.701894592,202
150,201,1202692.9910714289,1809.3125,1201084.6785714289,1202692.9910714289,0,12351.687566292072,1923281.389460884,251
151,328,1204174.3035714289,1809.3125,1202692.9910714289,1204174.3035714286,0,20340.40070079485,1943621.7901616788,340
152,242,1205399.3660714286,1467.0625,1204174.3035714286,1205399.3660714286,0,13195.13883267559,1956816.9289943543,242
153,241,1206625.4285714286,1467.0625,1205399.3660714286,1206625.4285714286,0,12493.624916102064,1969310.5539104564,289
154,354,1209296.3035714286,3024.875,1206625.4285714286,1209296.3035714289,0,13023.685764079279,1982334.2396745356,367
155,180,1212141.1785714289,3024.875,1209296.3035714289,1212141.1785714286,0,9414.673460321728,1991748.9131348573,180
156,290,1216464.6160714286,4613.4375,1212141.1785714286,1216464.6160714286,0,13228.431897649725,2004977.345032507,290
157,183,1220895.0535714286,4613.4375,1216464.6160714286,1220895.0535714284,0,12878.88269720765,2017856.2277297147,183
158,176,1227050.6160714284,6331.5625,1220895.0535714284,1227050.6160714277,0,11032.13006678944,2028888.3577965042,179
159,156,1233226.1785714277,6331.5625,1227050.6160714277,1233226.1785714282,5,11935.948475438563,2040824.3062719428,161
160,415,1241524.1785714282,8713.0,1233226.1785714282,1241524.1785714282,3,20967.27238425964,2061791.5786562024,428
161,113,1250124.1785714282,8713.0,1241524.1785714282,1250124.1785714284,1,8484.218124830213,2070275.7967810326,151
162,212,1259503.0535714284,9590.875,1250124.1785714284,1259503.0535714284,0,12826.318087653104,2083102.1148686856,238
163,201,1268892.9285714284,9590.875,1259503.0535714284,1268892.9285714286,1,15550.488358939487,2098652.603227625,260
164,234,1278598.3035714286,9939.375,1268892.9285714286,1278598.3035714286,0,12940.592155416254,2111593.195383041,389
165,102,1288435.6785714286,9939.375,1278598.3035714286,1288435.6785714286,0,8093.574552686757,2119686.769935728,211
166,285,1298360.3035714286,10209.625,1288435.6785714286,1298360.3035714284,0,14647.687597116505,2134334.4575328445,326
167,132,1308437.9285714284,10209.625,1298360.3035714284,1308437.9285714286,0,9944.486252535093,2144278.9437853796,189
168,217,1318905.1785714286,10684.25,1308437.9285714286,1318905.1785714284,0,14092.739015441082,2158371.6828008206,292
169,47,1329542.4285714284,10684.25,1318905.1785714284,1329542.4285714284,2,5538.0838959795055,2163909.7666968,64
170,285,1340461.2410714284,11203.8125,1329542.4285714284,1340461.2410714284,6,14391.658813078066,2178301.425509878,299
171,320,1351345.0535714284,11203.8125,1340461.2410714284,1351345.0535714282,9,21655.159575521946,2199956.5850854,331
172,125,1362259.2410714282,11039.1875,1351345.0535714282,1362259.2410714284,2,10268.171772082538,2210224.7568574823,195
173,159,1373139.4285714284,11039.1875,1362259.2410714284,1373139.4285714282,7,10187.483383221468,2220412.240240704,195
174,184,1383719.0535714282,10763.625,1373139.4285714282,1383719.0535714284,0,9963.322853549766,2230375.5630942537,255
175,329,1394153.6785714284,10763.625,1383719.0535714284,1394153.6785714284,0,15210.94862251186,2245586.5117167654,415
176,130,1404661.3035714284,10637.625,1394153.6785714284,1404661.3035714282,4,8756.40378600141,2254342.9155027666,210
177,357,1414941.9285714282,10637.625,1404661.3035714282,1414941.9285714284,4,16673.882509542418,2271016.7980123092,383
178,186,1425706.6160714284,10950.6875,1414941.9285714284,1425706.616071428,1,12592.773610255723,2283609.571622565,282
179,207,1436450.303571428,10950.6875,1425706.616071428,1436450.3035714282,0,11630.242356428847,2295239.813978994,277
180,204,1446566.4285714282,10320.125,1436450.3035714282,1446566.4285714282,0,13505.870075800049,2308745.684054794,230
181,132,1456754.5535714282,10320.125,1446566.4285714282,1456754.5535714286,0,8322.76311064259,2317068.4471654366,151
182,274,1467035.4910714286,10554.9375,1456754.5535714286,1467035.4910714284,0,16540.999299096096,2333609.4464645325,358
183,137,1477453.4285714284,10554.9375,1467035.4910714284,1477453.4285714282,0,8803.514714769855,2342412.9611793025,226
184,95,1488193.5535714282,10835.125,1477453.4285714282,1488193.5535714282,2,8343.354473879903,2350756.3156531826,120
185,250,1498778.6785714282,10835.125,1488193.5535714282,1498778.6785714284,5,15288.562101706442,2366044.877754889,289
186,277,1508863.8035714284,10362.125,1498778.6785714284,1508863.8035714282,0,14450.812643288686,2380495.6903981776,336
187,177,1519048.9285714282,10362.125,1508863.8035714282,1519048.9285714282,0,10342.626262991162,2390838.316661169,270
188,261,1528165.5535714282,9377.625,1519048.9285714282,1528165.5535714282,5,11796.999899109367,2402635.316560278,293
189,202,1537341.1785714282,9377.625,1528165.5535714282,1537341.178571428,1,11801.469746214514,2414436.7863064925,232
190,225,1544907.553571428,7791.375,1537341.178571428,1544907.5535714284,0,15305.069813346296,2429741.856119839,283
191,221,1552477.9285714284,7791.375,1544907.5535714284,1552477.9285714282,1,16408.652690283692,2446150.5088101225,222
192,164,1559952.4285714282,7638.5,1552477.9285714282,1559952.4285714282,0,11266.219543640811,2457416.7283537635,197
193,367,1567223.9285714282,7638.5,1559952.4285714282,1567223.9285714282,0,16969.83835488574,2474386.566708649,387
194,125,1572306.4285714282,5207.5,1567223.9285714282,1572306.4285714282,2,9150.935609021933,2483537.502317671,166
195,228,1577285.9285714282,5207.5,1572306.4285714282,1577285.9285714284,1,13165.00819085066,2496702.510508522,266
196,307,1580159.5535714284,3180.625,1577285.9285714284,1580159.5535714284,0,16892.17691985918,2513594.6874283813,424
197,111,1583229.1785714284,3180.625,1580159.5535714284,1583229.1785714282,0,7473.200772012491,2521067.888200394,215
198,200,1584838.4910714282,1809.3125,1583229.1785714282,1584838.4910714286,0,10523.33967674883,2531591.227877143,200
199,300,1586347.8035714286,1809.3125,1584838.4910714286,1586347.8035714284,0,13887.553830029161,2545478.781707172,303
200,162,1587652.8660714284,1467.0625,1586347.8035714284,1587652.8660714284,2,12103.765602357822,2557582.5473095295,286
201,193,1588926.9285714284,1467.0625,1587652.8660714284,1588926.9285714284,11,12564.529262874403,2570147.076572404,204
202,356,1591595.8035714284,3024.875,1588926.9285714284,1591595.803571428,0,15959.614391942292,2586106.6909643463,356
203,195,1594425.678571428,3024.875,1591595.803571428,1594425.678571428,0,8548.001580824326,2594654.6925451704,195
204,140,1598899.116071428,4613.4375,1594425.678571428,1598899.1160714282,0,9972.61459534479,2604627.307140515,148
205,332,1603180.5535714282,4613.4375,1598899.1160714282,1603180.5535714282,0,17406.214772233623,2622033.521912749,342
206,143,1609369.1160714282,6331.5625,1603180.5535714282,1609369.116071428,0,10752.22451368321,2632785.746426432,144
207,226,1615474.678571428,6331.5625,1609369.116071428,1615474.678571428,0,13242.181499635639,2646027.9279260677,227
208,205,1623982.678571428,8713.0,1615474.678571428,1623982.678571428,0,13146.63526183052,2659174.563187898,250
209,419,1632276.678571428,8713.0,1623982.678571428,1632276.678571428,0,17051.422664562073,2676225.9858524604,474
210,254,1641613.553571428,9590.875,1632276.678571428,1641613.5535714282,3,9460.212925128213,2685686.1987775886,269
211,242,1650962.4285714282,9590.875,1641613.5535714282,1650962.4285714282,2,10098.610792852833,2695784.8095704415,254
212,202,1660699.8035714282,9939.375,1650962.4285714282,1660699.8035714282,1,11629.995778277234,2707414.8053487185,227
213,246,1670393.1785714282,9939.375,1660699.8035714282,1670393.178571428,1,10470.79589861269,2717885.601247331,331
214,153,1680449.803571428,10209.625,1670393.178571428,1680449.803571428,3,11522.619897773051,2729408.221145104,180
215,185,1690474.428571428,10209.625,1680449.803571428,1690474.428571428,3,13016.50490475018,2742424.7260498544,256
216,260,1700898.678571428,10684.25,1690474.428571428,1700898.678571428,7,13911.538809814327,2756336.264859669,368
217,227,1711355.928571428,10684.25,1700898.678571428,1711355.928571428,2,10931.019009970689,2767267.2838696395,233
218,173,1722386.741071428,11203.8125,1711355.928571428,1722386.7410714282,5,11242.583824148644,2778509.8676937884,179
219,231,1733359.5535714282,11203.8125,1722386.7410714282,1733359.5535714284,3,14165.4428202231,2792675.3105140114,264
220,300,1744098.7410714284,11039.1875,1733359.5535714284,1744098.741071428,0,14864.658724005458,2807539.9692380168,396
221,130,1755007.928571428,11039.1875,1744098.741071428,1755007.9285714282,0,6709.819469377117,2814249.7887073937,349
222,192,1765579.5535714282,10763.625,1755007.9285714282,1765579.5535714282,0,12636.387412243326,2826886.176119637,202
223,192,1776151.1785714282,10763.625,1765579.5535714282,1776151.1785714282,0,10797.006784866753,2837683.182904504,256
224,250,1786538.8035714282,10637.625,1776151.1785714282,1786538.8035714282,0,18025.75040698534,2855708.933311489,333
225,121,1797055.4285714282,10637.625,1786538.8035714282,1797055.428571428,0,8685.158821553512,2864394.0921330424,291
226,169,1807837.116071428,10950.6875,1797055.428571428,1807837.116071428,1,8724.031290616476,2873118.123423659,221
227,303,1818484.803571428,10950.6875,1807837.116071428,1818484.8035714277,2,16710.164845854735,2889828.2882695133,315
228,249,1828555.9285714277,10320.125,1818484.8035714277,1828555.9285714277,0,11780.27435192097,2901608.562621434,356
229,193,1838683.0535714277,10320.125,1828555.9285714277,1838683.053571428,1,9419.063695558174,2911027.6263169926,297
230,220,1849017.991071428,10554.9375,1838683.053571428,1849017.9910714277,1,11693.361761216187,2922720.9880782086,286
231,270,1859302.9285714277,10554.9375,1849017.9910714277,1859302.928571428,2,12575.430477545578,2935296.4185557542,301
232,138,1870000.053571428,10835.125,1859302.928571428,1870000.0535714277,1,7189.818715043324,2942486.2372707976,195
233,306,1880529.1785714277,10835.125,1870000.0535714277,1880529.1785714275,1,16016.087808811842,2958502.3250796096,320
234,259,1890632.3035714275,10362.125,1880529.1785714275,1890632.3035714275,0,16392.095649976,2974894.4207295855,379
235,221,1900773.4285714275,10362.125,1890632.3035714275,1900773.4285714275,0,10294.864937446373,2985189.285667032,282
236,113,1910038.0535714275,9377.625,1900773.4285714275,1910038.0535714275,0,6943.604436377094,2992132.890103409,136
237,357,1919058.6785714275,9377.625,1910038.0535714275,1919058.6785714277,0,15598.755932879012,3007731.6460362882,358
238,243,1926607.0535714277,7791.375,1919058.6785714277,1926607.0535714277,0,12506.037722826442,3020237.6837591147,321
239,186,1934212.4285714277,7791.375,1926607.0535714277,1934212.4285714272,0,9067.438463008497,3029305.122222123,219
240,324,1941526.9285714272,7638.5,1934212.4285714272,1941526.9285714275,0,15872.999886270354,3045178.1221083933,328
241,101,1949064.4285714275,7638.5,1941526.9285714275,1949064.4285714275,1,7402.65069391099,3052580.7728023045,111
242,214,1954057.9285714275,5207.5,1949064.4285714275,1954057.9285714277,3,12105.19557689167,3064685.9683791962,238
243,176,1959089.4285714277,5207.5,1954057.9285714277,1959089.4285714277,1,10721.96749806647,3075407.9358772626,178
244,358,1961912.0535714277,3180.625,1959089.4285714277,1961912.0535714275,3,18960.77646035603,3094368.7123376187,370
245,184,1964908.6785714275,3180.625,1961912.0535714275,1964908.6785714275,3,10033.785932821183,3104402.49827044,221
246,166,1966551.9910714275,1809.3125,1964908.6785714275,1966551.9910714277,1,11190.493948302814,3115592.9922187426,167
247,254,1968107.3035714277,1809.3125,1966551.9910714277,1968107.3035714275,0,12793.839238524204,3128386.8314572666,254
248,317,1969257.3660714275,1467.0625,1968107.3035714275,1969257.366071428,1,18508.3121654427,3146895.1436227094,320
249,125,1970599.428571428,1467.0625,1969257.366071428,1970599.4285714275,3,9119.156805019646,3156014.3004277293,158
250,333,1973291.3035714275,3024.875,1970599.4285714275,1973291.303571427,0,14805.759340598313,3170820.0597683275,343
251,193,1976123.178571427,3024.875,1973291.303571427,1976123.1785714277,0,9057.226263685832,3179877.286032013,201
252,293,1980443.6160714277,4613.4375,1976123.1785714277,1980443.6160714277,0,12994.609719708216,3192871.895751721,302
253,285,1984772.0535714277,4613.4375,1980443.6160714277,1984772.0535714275,2,11391.962162953474,3204263.8579146746,290
254,327,1990776.6160714275,6331.5625,1984772.0535714275,1990776.6160714272,1,15419.142373672777,3219683.0002883472,334
255,189,1996919.1785714272,6331.5625,1990776.6160714272,1996919.1785714275,0,8933.66369676192,3228616.663985109,234
256,201,2005431.1785714275,8713.0,1996919.1785714275,2005431.1785714272,2,11557.166040305952,3240173.830025415,206
257,265,2013879.1785714272,8713.0,2005431.1785714272,2013879.1785714275,1,15748.855151859872,3255922.685177275,390
258,139,2023331.0535714275,9590.875,2013879.1785714275,2023331.0535714275,0,9611.786300286367,3265534.471477561,176
259,243,2032678.9285714275,9590.875,2023331.0535714275,2032678.9285714282,0,12810.967117108648,3278345.43859467,317
260,305,2042313.3035714282,9939.375,2032678.9285714282,2042313.303571428,0,18774.90062167957,3297120.3392163496,334
261,125,2052127.678571428,9939.375,2042313.303571428,2052127.6785714277,2,9521.009745151106,3306641.348961501,273
262,135,2062202.3035714277,10209.625,2052127.6785714277,2062202.303571428,2,8017.633723308282,3314658.9826848092,196
263,306,2072105.928571428,10209.625,2062202.303571428,2072105.928571428,1,14064.505032443964,3328723.487717253,362
264,136,2082654.178571428,10684.25,2072105.928571428,2082654.178571428,2,8862.289407368076,3337585.7771246214,208
265,311,2093027.428571428,10684.25,2082654.178571428,2093027.4285714277,0,15145.65934176176,3352731.4364663833,328
266,354,2103877.2410714277,11203.8125,2093027.4285714277,2103877.2410714235,0,10489.56236829097,3363220.9988346742,355
267,297,2114784.0535714235,11203.8125,2103877.2410714235,2114784.0535714244,0,14407.751159421206,3377628.7499940954,323
268,132,2125691.2410714244,11039.1875,2114784.0535714244,2125691.241071423,0,7931.184882502395,3385559.934876598,223
269,162,2136568.428571423,11039.1875,2125691.241071423,2136568.428571421,0,11982.981117987261,3397542.915994585,186
270,303,2147029.053571421,10763.625,2136568.428571421,2147029.0535714217,0,12551.192787720958,3410094.108782306,309
271,172,2157620.6785714217,10763.625,2147029.0535714217,2157620.6785714207,0,8438.384155783915,3418532.4929380897,273
272,328,2167930.3035714207,10637.625,2157620.6785714207,2167930.30357142,0,14541.992173242945,3433074.4851113325,347
273,199,2178368.92857142,10637.625,2167930.30357142,2178368.9285714193,1,15617.14349936686,3448691.6286106994,338
274,130,2189189.6160714193,10950.6875,2178368.9285714193,2189189.6160714203,8,8967.527885452855,3457659.1564961523,175
275,148,2199992.3035714203,10950.6875,2189189.6160714203,2199992.3035714207,1,8055.091995575563,3465714.2484917277,241
276,365,2209947.4285714207,10320.125,2199992.3035714207,2209947.4285714203,0,17503.950514591575,3483218.1990063195,382
277,185,2220082.5535714203,10320.125,2209947.4285714203,2220082.553571421,0,10441.067200922756,3493659.2662072424,229
278,231,2230406.491071421,10554.9375,2220082.553571421,2230406.4910714217,4,11481.968753224313,3505141.2349604666,275
279,262,2240699.4285714217,10554.9375,2230406.4910714217,2240699.428571422,2,16840.80564839239,3521982.040608859,323
280,237,2251297.553571422,10835.125,2240699.428571422,2251297.553571422,0,13866.349535061456,3535848.3901439207,261
281,171,2261961.678571422,10835.125,2251297.553571422,2261961.6785714217,0,8973.6424478615,3544822.032591782,209
282,208,2272115.8035714217,10362.125,2261961.6785714217,2272115.803571421,0,11589.555204429775,3556411.5877962117,229
283,270,2282207.928571421,10362.125,2272115.803571421,2282207.92857142,0,13871.67803294695,3570283.2658291585,302
284,224,2291361.55357142,9377.625,2282207.92857142,2291361.553571421,0,11455.600350683819,3581738.8661798425,277
285,217,2300522.178571421,9377.625,2291361.553571421,2300522.1785714207,0,11426.350852360512,3593165.217032203,251
286,234,2308079.5535714207,7791.375,2300522.1785714207,2308079.553571421,0,14262.300294396155,3607427.517326599,317
287,104,2315766.928571421,7791.375,2308079.553571421,2315766.9285714217,0,6865.70427776287,3614293.2216043617,106
288,276,2321950.4523809357,6459.523809523805,2315766.9285714217,2321950.4523809506,0,14084.430340638597,3628377.651945,333
289,237,2328172.9761904646,6459.523809523805,2321950.4523809506,2328172.976190477,0,15022.906762572877,3643400.558707573,333
290,268,2332071.404761891,4166.428571428578,2328172.976190477,2332071.404761906,0,13940.247564393072,3657340.806271966,306
291,144,2336093.8333333195,4166.428571428578,2332071.404761906,2336093.833333336,3,7643.016919509479,3664983.8231914756,178
292,237,2338118.0476190336,2261.214285714292,2336093.833333336,2338118.047619047,0,17005.584331060032,3681989.4075225354,246
293,236,2340143.261904745,2261.214285714292,2338118.047619047,2340143.261904766,0,12895.060054270973,3694884.4675768064,373
294,240,2341157.738095223,1254.47619047619,2340143.261904766,2341157.738095239,0,14398.684307415913,3709283.1518842224,271
295,245,2342167.214285696,1254.47619047619,2341157.738095239,2342167.2142857173,0,11256.4116357992,3720539.5635200217,245
296,164,2343140.5952380793,1137.3809523809502,2342167.2142857173,2343140.5952380956,0,7764.660161186299,3728304.223681208,222
297,314,2343963.9761904576,1137.3809523809502,2343140.5952380956,2343963.97619048,0,17395.74527746901,3745699.9689586773,345
298,125,2346735.333333322,2896.3571428571463,2343963.97619048,2346735.3333333307,0,8226.519296016497,3753926.488254694,125
299,277,2349354.6904761726,2896.3571428571463,2346735.3333333307,2349354.6904761875,3,12133.837466015279,3766060.3257207093,280
300,321,2355149.3809523718,6115.690476190475,2349354.6904761875,2355149.380952385,4,15759.666915784725,3781819.992636494,325
301,229,2361036.071428569,6115.690476190475,2355149.380952385,2361036.0714285737,0,11673.853487803652,3793493.8461242975,229
302,124,2368876.0714285667,7963.999999999989,2361036.0714285737,2368876.0714285723,0,7862.401576146518,3801356.247700444,180
303,271,2376569.0714285653,7963.999999999989,2368876.0714285723,2376569.071428568,2,17981.064971658117,3819337.312672102,316
304,243,2385345.238095222,9019.166666666664,2376569.071428568,2385345.238095238,0,13531.350792756652,3832868.6634648587,340
305,145,2394219.404761892,9019.166666666664,2385345.238095238,2394219.404761903,0,6980.262898658739,3839848.9263635175,177
306,295,2404772.1904761805,10847.785714285717,2394219.404761903,2404772.1904761926,0,12302.713676818497,3852151.640040336,375
307,265,2415354.97619047,10847.785714285717,2404772.1904761926,2415354.976190477,0,14618.965423418505,3866770.605463755,275
308,155,2426179.0476190457,10979.071428571422,2415354.976190477,2426179.0476190518,4,11007.81562539221,3877778.421089147,304
309,186,2436972.1190476203,10979.071428571422,2426179.0476190518,2436972.1190476194,3,13364.060677511306,3891142.4817666584,305
310,92,2447504.595238092,10624.476190476189,2436972.1190476194,2447504.595238097,0,6459.769039602323,3897602.250806261,195
311,190,2457939.0714285695,10624.476190476189,2447504.595238097,2457939.071428568,0,11422.8006539286,3909025.0514601893,241
312,196,2468517.976190467,10774.904761904767,2457939.071428568,2468517.976190467,0,11493.644366032528,3920518.6958262217,245
313,203,2479089.8809523657,10774.904761904767,2468517.976190467,2479089.880952377,6,13780.15654128584,3934298.8523675078,314
314,166,2490716.023809513,11792.142857142855,2479089.880952377,2490716.02380952,6,10758.324285600585,3945057.1766531086,238
315,227,2502281.1666666563,11792.142857142855,2490716.02380952,2502281.16666667,4,13196.992286641389,3958254.16893975,302
316,331,2513491.4761904706,11541.30952380952,2502281.16666667,2513491.476190478,0,15845.194354852321,3974099.3632946024,431
317,183,2524849.785714279,11541.30952380952,2513491.476190478,2524849.785714289,2,10283.25285182241,3984382.616146425,381
318,176,2535879.6666666637,11205.880952380967,2524849.785714289,2535879.666666667,1,8689.795700681836,3993072.4118471066,266
319,64,2547021.5476190415,11205.880952380967,2535879.666666667,2547021.547619049,0,5665.186363165432,3998737.598210272,115
320,279,2557287.738095237,10545.190476190486,2547021.547619049,2557287.738095242,0,15142.354727590659,4013879.9529378624,324
321,270,2567562.92857143,10545.190476190486,2557287.738095242,2567562.92857143,0,16262.163361660803,4030142.116299523,432
322,149,2577056.6428571427,9642.714285714286,2567562.92857143,2577056.6428571423,0,11679.17782059829,4041821.2941201213,381
323,139,2586560.357142855,9642.714285714286,2577056.6428571423,2586560.3571428596,0,10410.425281825672,4052231.7194019468,254
324,134,2595981.1190476106,9554.761904761903,2586560.3571428596,2595981.1190476166,0,9104.89924825414,4061336.618650201,197
325,261,2605274.8809523676,9554.761904761903,2595981.1190476166,2605274.880952373,0,14651.76514395768,4075988.383794158,381
326,159,2615856.404761894,10740.523809523826,2605274.880952373,2615856.4047619016,0,10905.807139738656,4086894.1909338967,321
327,157,2626439.9285714226,10740.523809523826,2615856.4047619016,2626439.92857143,0,8401.588666853233,4095295.7796007497,238
328,248,2637505.690476193,11313.761904761905,2626439.92857143,2637505.6904761866,0,13238.80760366681,4108534.5872044167,276
329,145,2648674.4523809496,11313.761904761905,2637505.6904761866,2648674.452380955,19,9481.517255583842,4118016.1044600005,188
330,291,2659528.1428571413,11144.690476190484,2648674.452380955,2659528.1428571492,0,14857.70188048875,4132873.806340489,368
331,162,2670510.8333333354,11144.690476190484,2659528.1428571492,2670510.8333333363,3,9758.264974549398,4142632.0713150385,202
332,244,2680473.833333332,10207.000000000002,2670510.8333333363,2680473.8333333335,9,14493.659332773539,4157125.730647812,282
333,228,2690452.8333333293,10207.000000000002,2680473.8333333335,2690452.833333335,4,14749.133489987218,4171874.8641377995,252
334,231,2698869.7857142803,8647.95238095239,2690452.833333335,2698869.785714283,0,13140.901211595869,4185015.7653493956,283
335,313,2707204.7380952286,8647.95238095239,2698869.785714283,2707204.7380952477,0,13497.140195350807,4198512.905544747,348
336,88,2713576.2619047617,6459.523809523805,2707204.7380952477,2713576.2619047584,0,7673.383797230541,4206186.289341977,88
337,211,2719824.7857142724,6459.523809523805,2713576.2619047584,2719824.78571429,0,14316.266322769865,4220502.555664747,211
338,245,2723746.214285704,4166.428571428578,2719824.78571429,2723746.2142857173,3,14010.583868536947,4234513.139533284,253
339,147,2727765.642857131,4166.428571428578,2723746.2142857173,2727765.6428571455,22,10023.033333749601,4244536.172867034,205
340,268,2729758.8571428433,2261.214285714292,2727765.6428571455,2729758.8571428563,1,13664.969326612989,4258201.142193646,295
341,145,2731875.071428554,2261.214285714292,2729758.8571428563,2731875.0714285676,11,12973.214312551518,4271174.356506198,177
342,300,2732829.5476190248,1254.47619047619,2731875.0714285676,2732829.5476190494,6,17321.017916088094,4288495.374422286,425
343,315,2733769.0238095066,1254.47619047619,2732829.5476190494,2733769.0238095247,1,15272.288322737759,4303767.662745023,321
344,190,2734716.4047618867,1137.3809523809502,2733769.0238095247,2734716.40476191,1,8341.062695864719,4312108.725440888,225
345,174,2735679.785714272,1137.3809523809502,2734716.40476191,2735679.785714288,4,10220.80028156372,4322329.5257224515,178
346,280,2738296.1428571297,2896.3571428571463,2735679.785714288,2738296.142857144,0,16515.714322522523,4338845.240044974,339
347,150,2741042.499999986,2896.3571428571463,2738296.142857144,2741042.5000000093,0,9659.591365409986,4348504.831410384,155
348,213,2746945.1904761936,6115.690476190475,2741042.5000000093,2746945.1904761894,0,9310.280202145837,4357815.1116125295,213
349,343,2752717.8809523736,6115.690476190475,2746945.1904761894,2752717.8809523894,0,16071.259554922668,4373886.371167452,349
350,175,2760506.8809523825,7963.999999999989,2752717.8809523894,2760506.880952384,0,11863.51846151081,4385749.889628963,185
351,226,2768244.880952377,7963.999999999989,2760506.880952384,2768244.8809523764,0,12178.10894355629,4397927.998572519,366
352,277,2776987.0476190303,9019.166666666664,2768244.8809523764,2776987.0476190434,0,13310.997847182054,4411238.996419701,352
353,134,2785872.2142856973,9019.166666666664,2776987.0476190434,2785872.2142857187,0,8591.40128465307,4419830.397704354,280
354,200,2796519.9999999963,10847.785714285717,2785872.2142857187,2796520.000000003,0,13198.93750765724,4433029.335212011,252
355,188,2807179.7857142803,10847.785714285717,2796520.000000003,2807179.7857142882,0,9409.585376136492,4442438.920588148,304
356,225,2817933.857142857,10979.071428571422,2807179.7857142882,2817933.8571428596,2,13687.05544260041,4456125.976030748,272
357,202,2828710.928571428,10979.071428571422,2817933.8571428596,2828710.9285714347,0,9899.602060766654,4466025.578091515,268
358,276,2839059.404761907,10624.476190476189,2828710.9285714347,2839059.4047619076,2,12572.51534822717,4478598.093439742,297
359,240,2849443.88095238,10624.476190476189,2839059.4047619076,2849443.880952379,4,13434.090176301279,4492032.183616043,270
360,269,2859949.785714278,10774.904761904767,2849443.880952379,2859949.7857142794,0,9893.95447113395,4501926.138087177,402
361,139,2870585.690476178,10774.904761904767,2859949.7857142794,2870585.690476194,0,10350.49864830034,4512276.6367354775,148
362,191,2882186.83333333,11792.142857142855,2870585.690476194,2882186.833333335,0,14370.651342881489,4526647.288078359,258
363,225,2893753.976190471,11792.142857142855,2882186.833333335,2893753.976190476,3,13980.06061043555,4540627.348688795,371
364,155,2905140.285714277,11541.30952380952,2893753.976190476,2905140.285714287,0,7951.847722218871,4548579.196411015,283
365,215,2916466.5952380877,11541.30952380952,2905140.285714287,2916466.595238094,0,13958.366781942212,4562537.563192957,300
366,231,2927441.4761904688,11205.880952380967,2916466.595238094,2927441.4761904753,2,13329.018698672071,4575866.581891629,313
367,203,2938444.35714285,11205.880952380967,2927441.4761904753,2938444.3571428643,0,9028.710686483746,4584895.292578112,400
368,191,2948798.547619052,10545.190476190486,2938444.3571428643,2948798.547619047,0,9233.510329347384,4594128.802907459,311
369,281,2959062.738095235,10545.190476190486,2948798.547619047,2959062.7380952346,4,11648.878499123146,4605777.681406583,380
370,82,2968623.4523809473,9642.714285714286,2959062.7380952346,2968623.452380954,1,5868.066609814551,4611645.7480163975,202
371,304,2977962.1666666665,9642.714285714286,2968623.452380954,2977962.1666666674,0,14976.10885705627,4626621.856873454,329
372,218,2987298.9285714184,9554.761904761903,2977962.1666666674,2987298.9285714296,0,10090.874819500094,4636712.731692954,385
373,172,2996681.6904761805,9554.761904761903,2987298.9285714296,2996681.690476189,0,8490.987915520403,4645203.7196084745,240
374,166,3007256.21428571,10740.523809523826,2996681.690476189,3007256.214285717,0,12184.09341428703,4657387.813022762,241
375,169,3017827.738095238,10740.523809523826,3007256.214285717,3017827.73809524,0,10150.008126709636,4667537.821149471,285
376,335,3028806.5000000033,11313.761904761905,3017827.73809524,3028806.5,0,12858.024846513727,4680395.845995985,400
377,304,3039816.261904763,11313.761904761905,3028806.5,3039816.2619047603,0,10550.541737847077,4690946.387733832,336
378,219,3050741.9523809464,11144.690476190484,3039816.2619047603,3050741.9523809548,0,12868.682047612121,4703815.069781444,223
379,176,3061710.642857141,11144.690476190484,3050741.9523809548,3061710.6428571483,0,11179.442607098772,4714994.512388543,253
380,217,3071700.642857144,10207.000000000002,3061710.6428571483,3071700.6428571427,0,12687.950501639407,4727682.462890183,217
381,229,3081678.6428571385,10207.000000000002,3071700.6428571427,3081678.642857141,0,13792.209728665386,4741474.672618848,274
382,271,3090055.5952380863,8647.95238095239,3081678.642857141,3090055.5952380947,6,12046.888444726608,4753521.561063575,302
383,261,3098442.54761904,8647.95238095239,3090055.5952380947,3098442.5476190494,17,13751.634100582565,4767273.195164157,302
384,244,3104658.0714285634,6459.523809523805,3098442.5476190494,3104658.071428576,0,11226.978699595049,4778500.173863752,257
385,164,3110953.59523809,6459.523809523805,3104658.071428576,3110953.5952380965,9,10378.458685821068,4788878.632549573,192
386,264,3114856.0238095103,4166.428571428578,3110953.5952380965,3114856.0238095247,1,12189.605092527336,4801068.2376421,293
387,239,3118783.4523809385,4166.428571428578,3114856.0238095247,3118783.4523809575,0,13344.971414508736,4814413.209056608,300
388,213,3120831.6666666553,2261.214285714292,3118783.4523809575,3120831.6666666656,2,13318.04262466931,4827731.2516812775,215
389,341,3122751.8809523634,2261.214285714292,3120831.6666666656,3122751.8809523787,1,15647.691458227728,4843378.943139506,344
390,141,3123865.357142836,1254.47619047619,3122751.8809523787,3123865.3571428563,0,8775.677679482742,4852154.620818988,175
391,252,3124867.8333333135,1254.47619047619,3123865.3571428563,3124867.8333333335,0,13997.812442210965,4866152.433261199,332
392,239,3125766.2142856955,1137.3809523809502,3124867.8333333335,3125766.214285712,0,9483.554630716968,4875635.987891916,263
393,258,3126645.595238074,1137.3809523809502,3125766.214285712,3126645.5952380956,0,10729.410627492402,4886365.398519409,346
394,285,3129256.9523809375,2896.3571428571463,3126645.5952380956,3129256.952380953,0,13942.817292068079,4900308.215811477,285
395,200,3131953.309523795,2896.3571428571463,3129256.952380953,3131953.3095238134,0,11037.902449558167,4911346.1182610355,200
396,316,3137752.9999999977,6115.690476190475,3131953.3095238134,3137752.9999999986,5,12679.086920739772,4924025.205181776,323
397,255,3143613.690476183,6115.690476190475,3137752.9999999986,3143613.690476185,3,17904.58980441075,4941929.794986187,259
398,177,3151400.690476178,7963.999999999989,3143613.690476185,3151400.6904761903,4,9781.410000247222,4951711.2049864335,206
399,252,3159112.6904761833,7963.999999999989,3151400.6904761903,3159112.690476188,0,11433.112391108118,4963144.317377541,377
400,132,3167999.857142842,9019.166666666664,3159112.690476188,3167999.8571428526,3,8595.312813561555,4971739.630191103,253
401,404,3176615.0238095066,9019.166666666664,3167999.8571428526,3176615.023809521,0,17890.33970741585,4989629.969898518,431
402,88,3187374.8095237985,10847.785714285717,3176615.023809521,3187374.809523804,0,6779.849964940024,4996409.819863458,296
403,204,3198018.5952380816,10847.785714285717,3187374.809523804,3198018.5952380993,0,10971.917449288187,5007381.737312746,212
404,226,3208771.666666668,10979.071428571422,3198018.5952380993,3208771.6666666684,0,11353.471058098914,5018735.208370845,249
405,236,3219514.738095237,10979.071428571422,3208771.6666666684,3219514.7380952355,0,13319.824176292826,5032055.032547138,262
406,115,3230024.214285708,10624.476190476189,3219514.7380952355,3230024.2142857173,11,9006.097251223988,5041061.129798362,126
407,244,3240404.69047619,10624.476190476189,3230024.2142857173,3240404.6904761917,6,12329.01442587449,5053390.144224237,352
408,204,3250975.5952380905,10774.904761904767,3240404.6904761917,3250975.5952380924,60,12960.715137391475,5066350.859361628,265
409,295,3261455.499999991,10774.904761904767,3250975.5952380924,3261455.5000000005,5,13316.760566228168,5079667.619927856,310
410,229,3273018.6428571367,11792.142857142855,3261455.5000000005,3273018.642857149,1,16498.74244797122,5096166.3623758275,258
411,298,3284512.785714285,11792.142857142855,3273018.642857149,3284512.785714288,0,11402.738108798085,5107569.100484625,416
412,200,3295854.0952380886,11541.30952380952,3284512.785714288,3295854.095238096,0,9377.023943587325,5116946.124428213,228
413,291,3307104.404761897,11541.30952380952,3295854.095238096,3307104.404761905,0,13875.10219382741,5130821.22662204,308
414,162,3318148.2857142794,11205.880952380967,3307104.404761905,3318148.285714287,1,10024.46219986014,5140845.688821901,348
415,125,3329229.1666666614,11205.880952380967,3318148.285714287,3329229.1666666637,1,8006.260889562943,5148851.949711463,270
416,87,3339687.3571428517,10545.190476190486,3329229.1666666637,3339687.3571428643,43,9013.057533885378,5157865.007245349,156
417,250,3349982.547619052,10545.190476190486,3339687.3571428643,3349982.547619049,9,17031.540903313176,5174896.548148662,298
418,237,3359388.2619047617,9642.714285714286,3349982.547619049,3359388.261904756,0,18579.915913921708,5193476.464062584,460
419,73,3368957.9761904688,9642.714285714286,3359388.261904756,3368957.976190479,2,6352.499361334943,5199828.963423919,263
420,173,3378339.73809523,9554.761904761903,3368957.976190479,3378339.738095236,0,8871.11913249984,5208700.082556419,225
421,187,3387707.499999987,9554.761904761903,3378339.738095236,3387707.500000007,5,11476.512361695837,5220176.594918115,212
422,298,3398150.023809528,10740.523809523826,3387707.500000007,3398150.023809525,1,14144.393255906407,5234320.988174021,362
423,135,3408755.547619046,10740.523809523826,3398150.023809525,3408755.54761905,0,8324.031046166843,5242645.019220188,188
424,109,3419960.309523813,11313.761904761905,3408755.54761905,3419960.3095238106,0,9729.725312716851,5252374.7445329055,193
425,396,3430878.0714285737,11313.761904761905,3419960.3095238106,3430878.071428572,0,21713.803457252638,5274088.547990158,407
426,212,3441810.761904758,11144.690476190484,3430878.071428572,3441810.761904766,0,10429.66955134401,5284518.217541502,294
427,195,3452760.452380952,11144.690476190484,3441810.761904766,3452760.452380952,0,9539.736756932523,5294057.954298435,214
428,192,3462775.452380948,10207.000000000002,3452760.452380952,3462775.452380954,0,11211.534839008687,5305269.489137444,200
429,254,3472728.4523809496,10207.000000000002,3462775.452380954,3472728.4523809594,0,15838.003781117102,5321107.492918561,281
430,290,3481086.404761905,8647.95238095239,3472728.4523809594,3481086.4047619062,0,15176.431011946353,5336283.923930507,376
431,207,3489527.3571428517,8647.95238095239,3481086.4047619062,3489527.3571428573,0,11188.525514893077,5347472.4494454,255
432,191,3495795.8809523713,6459.523809523805,3489527.3571428573,3495795.880952379,0,11055.705551279556,5358528.15499668,212
433,259,3501996.404761893,6459.523809523805,3495795.880952379,3501996.4047619025,0,12238.90159929056,5370767.056595971,265
434,318,3505844.8333333163,4166.428571428578,3501996.4047619025,3505844.8333333344,0,16422.630339959323,5387189.6869359305,322
435,192,3509819.261904748,4166.428571428578,3505844.8333333344,3509819.261904761,0,10707.016632267558,5397896.703568198,194
436,214,3511866.476190459,2261.214285714292,3509819.261904761,3511866.47619048,0,10206.00757497484,5408102.711143172,227
437,251,3513876.6904761777,2261.214285714292,3511866.47619048,3513876.6904761917,0,14794.474870744276,5422897.1860139165,251
438,282,3514849.166666649,1254.47619047619,3513876.6904761917,3514849.1666666716,0,14257.846043731066,5437155.032057648,353
439,84,3516019.6428571288,1254.47619047619,3514849.1666666716,3516019.642857138,3,7347.217833106463,5444502.249890754,98
440,282,3516875.0238095,1137.3809523809502,3516019.642857138,3516875.02380952,4,15740.794625617002,5460243.044516371,321
441,107,3517905.404761882,1137.3809523809502,3516875.02380952,3517905.404761907,5,6903.14035733114,5467146.184873702,129
442,254,3520547.761904749,2896.3571428571463,3517905.404761907,3520547.7619047626,3,15113.873147756103,5482260.058021458,260
443,276,3523168.1190476045,2896.3571428571463,3520547.7619047626,3523168.11904762,0,9002.918418623603,5491262.976440081,286
444,276,3529007.809523804,6115.690476190475,3523168.11904762,3529007.8095238125,0,14435.660432999986,5505698.636873081,276
445,292,3534831.4999999967,6115.690476190475,3529007.8095238125,3534831.499999998,0,15193.02043100526,5520891.657304087,296
446,265,3542530.499999991,7963.999999999989,3534831.499999998,3542530.499999997,0,11353.168171039735,5532244.8254751265,266
447,392,3550102.49999999,7963.999999999989,3542530.499999997,3550102.4999999986,0,18391.28643483441,5550636.111909961,483
448,49,3559072.6666666525,9019.166666666664,3550102.4999999986,3559072.666666669,0,5174.534509167804,5555810.646419129,265
449,200,3567891.833333323,9019.166666666664,3559072.666666669,3567891.8333333354,0,11425.313066738157,5567235.959485867,239
450,175,3578564.619047613,10847.785714285717,3567891.8333333354,3578564.6190476245,0,10655.84826820804,5577891.807754075,261
451,163,3589249.404761902,10847.785714285717,3578564.6190476245,3589249.40476191,0,8814.744115608484,5586706.551869684,327
452,249,3599979.4761904785,10979.071428571422,3589249.40476191,3599979.476190479,0,12924.51095464431,5599631.062824328,269
453,141,3610817.5476190476,10979.071428571422,3599979.476190479,3610817.5476190485,11,8618.455302925671,5608249.518127254,252
454,256,3621186.023809521,10624.476190476189,3610817.5476190485,3621186.0238095173,6,10126.153567430361,5618375.671694685,298
455,374,3631436.4999999898,10624.476190476189,3621186.0238095173,3631436.5000000014,9,16435.056428677075,5634810.728123362,433
456,249,3641962.4047619,10774.904761904767,3631436.5000000014,3641962.404761895,0,6878.730865740734,5641689.458989103,384
457,295,3652442.309523794,10774.904761904767,3641962.404761895,3652442.3095238092,0,14778.424754736818,5656467.88374384,299
458,158,3664076.4523809454,11792.142857142855,3652442.3095238092,3664076.4523809543,0,10234.287598637464,5666702.171342478,232
459,324,3675544.5952380905,11792.142857142855,3664076.4523809543,3675544.595238092,3,13530.885847080652,5680233.057189559,359
460,169,3686916.9047618927,11541.30952380952,3675544.595238092,3686916.904761908,0,10945.609614991401,5691178.66680455,172
461,192,3698266.214285709,11541.30952380952,3686916.904761908,3698266.2142857173,0,11885.703837777499,5703064.370642328,249
462,324,3709148.095238092,11205.880952380967,3698266.2142857173,3709148.0952381007,0,19017.1256071191,5722081.496249447,415
463,98,3720255.9761904753,11205.880952380967,3709148.0952381007,3720255.9761904753,1,6757.322263145491,5728838.818512592,112
464,327,3730474.1666666633,10545.190476190486,3720255.9761904753,3730474.1666666633,5,16065.844503901957,5744904.663016494,337
465,101,3740918.357142851,10545.190476190486,3730474.1666666633,3740918.3571428605,0,8465.221934547535,5753369.884951042,308
466,238,3750323.071428573,9642.714285714286,3740918.3571428605,3750323.071428577,1,14528.755354359391,5767898.640305402,328
467,58,3759907.7857142896,9642.714285714286,3750323.071428577,3759907.785714287,4,6145.663523877576,5774044.30382928,245
468,226,3769236.547619038,9554.761904761903,3759907.785714287,3769236.5476190504,2,15852.398046561933,5789896.701875841,266
469,243,3778548.3095238013,9554.761904761903,3769236.5476190504,3778548.3095238083,0,12431.92436160552,5802328.626237446,447
470,30,3789258.8333333293,10740.523809523826,3778548.3095238083,3789258.833333331,2,4302.887863576616,5806631.514101023,157
471,334,3799665.357142852,10740.523809523826,3789258.833333331,3799665.3571428596,0,18458.430803410687,5825089.944904434,346
472,192,3810787.1190476227,11313.761904761905,3799665.3571428596,3810787.119047623,0,11745.388084160495,5836835.332988594,273
473,137,3821963.880952386,11313.761904761905,3810787.119047623,3821963.8809523857,1,7434.528738833661,5844269.861727428,196
474,250,3832858.571428572,11144.690476190484,3821963.8809523857,3832858.571428567,2,13375.137194822073,5857644.998922249,253
475,239,3843764.2619047533,11144.690476190484,3832858.571428567,3843764.2619047617,0,12928.327691591894,5870573.326613842,337
476,399,3853572.2619047575,10207.000000000002,3843764.2619047617,3853572.261904761,4,13459.201426172283,5884032.528040014,410
477,279,3863500.261904757,10207.000000000002,3853572.261904761,3863500.261904761,1,15044.961124126836,5899077.489164141,280
478,241,3871907.2142857066,8647.95238095239,3863500.261904761,3871907.2142857136,0,9393.19194640759,5908470.681110549,335
479,189,3880366.166666659,8647.95238095239,3871907.2142857136,3880366.166666672,0,9956.396475082925,5918427.077585632,190
480,252,3887752.666666672,7638.5,3880366.166666672,3887752.666666672,0,13456.495672793615,5931883.573258426,256
481,241,3895150.166666672,7638.5,3887752.666666672,3895150.166666672,0,9470.66979005301,5941354.243048479,248
482,166,3900191.666666672,5207.5,3895150.166666672,3900191.666666672,2,11696.394294685102,5953050.637343164,168
483,263,3905136.166666672,5207.5,3900191.666666672,3905136.1666666716,2,14936.702483957091,5967987.33982712,339
484,110,3908206.7916666716,3180.625,3905136.1666666716,3908206.7916666716,0,9312.147972009147,5977299.487799129,241
485,247,3911140.4166666716,3180.625,3908206.7916666716,3911140.4166666716,0,10820.061257441006,5988119.54905657,300
486,200,3912749.7291666716,1809.3125,3911140.4166666716,3912749.7291666716,2,12545.977196006312,6000665.526252576,223
487,239,3914320.0416666716,1809.3125,3912749.7291666716,3914320.0416666716,0,17141.257073774133,6017806.78332635,250
488,261,3915526.1041666716,1467.0625,3914320.0416666716,3915526.1041666716,0,17245.303223638854,6035052.086549989,261
489,107,3916886.1666666716,1467.0625,3915526.1041666716,3916886.1666666716,5,10224.161142238943,6045276.247692228,117
490,151,3919760.0416666716,3024.875,3916886.1666666716,3919760.041666671,3,9558.839750235256,6054835.087442463,203
491,228,3922556.916666671,3024.875,3919760.041666671,3922556.9166666716,0,17701.12513342198,6072536.2125758855,230
492,196,3926974.3541666716,4613.4375,3922556.9166666716,3926974.3541666716,0,10403.872977087925,6082940.085552974,216
493,351,3931236.7916666716,4613.4375,3926974.3541666716,3931236.7916666716,0,13581.743214964796,6096521.828767939,359
494,243,3937325.3541666716,6331.5625,3931236.7916666716,3937325.3541666716,0,10052.80638894917,6106574.635156888,243
495,192,3943464.9166666716,6331.5625,3937325.3541666716,3943464.9166666716,0,11055.214509769663,6117629.849666657,246
496,242,3951935.9166666716,8713.0,3943464.9166666716,3951935.9166666716,0,13066.491338101361,6130696.341004758,254
497,248,3960400.9166666716,8713.0,3951935.9166666716,3960400.916666672,0,15096.350698631953,6145792.69170339,271
498,150,3969841.791666672,9590.875,3960400.916666672,3969841.791666672,0,6460.624142776243,6152253.315846167,228
499,286,3979146.666666672,9590.875,3969841.791666672,3979146.666666672,0,19964.647949440037,6172217.963795607,337
500,222,3988864.041666672,9939.375,3979146.666666672,3988864.041666672,0,14491.608460849904,6186709.572256457,243
501,214,3998589.416666672,9939.375,3988864.041666672,3998589.4166666726,0,11725.657299929673,6198435.229556386,254
502,197,4008602.0416666726,10209.625,3998589.4166666726,4008602.0416666726,0,11265.612051589487,6209700.841607976,272
503,144,4018667.6666666726,10209.625,4008602.0416666726,4018667.666666672,0,7591.070374437486,6217291.911982413,250
504,137,4029214.916666672,10684.25,4018667.666666672,4029214.9166666726,0,9874.265562324457,6227166.177544738,199
505,343,4039556.1666666726,10684.25,4029214.9166666726,4039556.1666666726,0,17263.374890283383,6244429.552435022,374
506,279,4050480.9791666726,11203.8125,4039556.1666666726,4050480.979166672,0,11081.586782203996,6255511.139217226,475
507,126,4061558.791666672,11203.8125,4050480.979166672,4061558.791666672,0,8874.189449055175,6264385.328666281,232
508,110,4072487.979166672,11039.1875,4061558.791666672,4072487.979166672,3,7620.351917486444,6272005.680583768,149
509,352,4083175.166666672,11039.1875,4072487.979166672,4083175.166666672,5,21880.940591650775,6293886.621175419,359
510,146,4093792.791666672,10763.625,4083175.166666672,4093792.791666672,0,9368.670246647533,6303255.291422066,441
511,142,4104414.416666672,10763.625,4093792.791666672,4104414.416666672,2,10891.838845914735,6314147.130267981,201
512,175,4114877.041666672,10637.625,4104414.416666672,4114877.041666672,0,11587.19364370965,6325734.323911691,209
513,277,4125237.666666672,10637.625,4114877.041666672,4125237.6666666716,0,17756.285419632448,6343490.609331324,321
514,235,4135953.3541666716,10950.6875,4125237.6666666716,4135953.354166671,1,10347.364830929459,6353837.974162254,378
515,77,4146827.041666671,10950.6875,4135953.354166671,4146827.041666671,1,5096.75270468747,6358934.726866941,92
516,374,4156773.166666671,10320.125,4146827.041666671,4156773.166666671,0,19469.98398236875,6378404.710849309,377
517,144,4166949.291666671,10320.125,4156773.166666671,4166949.291666671,0,9211.486953866346,6387616.197803176,330
518,88,4177416.229166671,10554.9375,4166949.291666671,4177416.229166671,2,8512.700013753934,6396128.89781693,119
519,291,4187680.166666671,10554.9375,4177416.229166671,4187680.166666671,0,16349.637481481936,6412478.535298412,342
520,119,4198396.291666672,10835.125,4187680.166666671,4198396.291666664,6,8202.713273127483,6420681.248571539,127
521,336,4208895.416666664,10835.125,4198396.291666664,4208895.416666667,1,16347.87247144907,6437029.121042988,353
522,183,4219074.541666667,10362.125,4208895.416666667,4219074.541666665,0,11116.229647861801,6448145.35069085,216
523,227,4229209.666666665,10362.125,4219074.541666665,4229209.666666667,3,11526.193354159012,6459671.544045009,289
524,258,4238329.291666667,9377.625,4229209.666666667,4238329.291666665,0,13304.45634176801,6472976.000386776,331
525,269,4247437.916666665,9377.625,4238329.291666665,4247437.916666667,4,13513.509065182765,6486489.509451959,284
526,165,4255064.291666667,7791.375,4247437.916666667,4255064.291666667,1,8226.721778422148,6494716.231230382,174
527,287,4262568.666666667,7791.375,4255064.291666667,4262568.666666666,0,17046.037663087922,6511762.26889347,288
528,203,4270004.166666666,7638.5,4262568.666666666,4270004.166666665,3,13790.06057205788,6525552.329465528,224
529,244,4277398.666666665,7638.5,4270004.166666665,4277398.666666667,0,12036.945750583634,6537589.275216112,326
530,112,4282494.166666667,5207.5,4277398.666666667,4282494.166666666,0,9386.818758910034,6546976.0939750215,164
531,208,4287493.666666666,5207.5,4282494.166666666,4287493.666666667,0,12999.449904793933,6559975.543879815,219
532,171,4290503.291666667,3180.625,4287493.666666667,4290503.291666667,0,8406.57048760033,6568382.114367416,281
533,366,4293317.916666667,3180.625,4290503.291666667,4293317.916666667,0,20449.302638355854,6588831.417005772,381
534,193,4294934.229166667,1809.3125,4293317.916666667,4294934.229166667,0,9002.865668740764,6597834.282674513,311
535,118,4296625.541666667,1809.3125,4294934.229166667,4296625.541666666,0,8010.724697176257,6605845.007371689,123
536,322,4297770.604166666,1467.0625,4296625.541666666,4297770.604166667,0,14920.243674073954,6620765.2510457635,322
537,214,4299023.666666667,1467.0625,4297770.604166667,4299023.666666668,0,14956.427369375218,6635721.678415138,298
538,88,4301960.541666668,3024.875,4299023.666666668,4301960.541666666,0,8887.44414443164,6644609.12255957,88
539,387,4304598.416666666,3024.875,4301960.541666666,4304598.416666666,3,20328.26813938373,6664937.3906989535,390
540,216,4308995.854166666,4613.4375,4304598.416666666,4308995.854166666,0,11618.576163238022,6676555.966862191,216
541,162,4313447.291666666,4613.4375,4308995.854166666,4313447.291666665,3,9199.587362201211,6685755.554224392,165
542,368,4319410.854166665,6331.5625,4313447.291666665,4319410.854166666,3,20548.796890146536,6706304.3511145385,378
543,170,4325572.416666666,6331.5625,4319410.854166666,4325572.416666666,2,7334.141423165458,6713638.492537704,305
544,172,4334113.416666666,8713.0,4325572.416666666,4334113.416666665,2,9500.937348872421,6723139.429886577,189
545,265,4342561.416666665,8713.0,4334113.416666665,4342561.416666666,0,15342.48570331196,6738481.915589889,348
546,214,4351938.291666666,9590.875,4342561.416666666,4351938.291666666,0,12551.659015384477,6751033.574605273,237
547,185,4361344.166666666,9590.875,4351938.291666666,4361344.166666666,0,10903.190703961536,6761936.765309235,253
548,236,4371047.541666666,9939.375,4361344.166666666,4371047.541666666,0,11759.147387844714,6773695.91269708,265
549,234,4380752.916666666,9939.375,4371047.541666666,4380752.916666666,0,12728.919773491314,6786424.832470571,293
550,214,4390748.541666666,10209.625,4380752.916666666,4390748.541666665,0,13719.629939899096,6800144.46241047,255
551,195,4400763.166666665,10209.625,4390748.541666665,4400763.166666666,0,13866.360031307648,6814010.822441777,272
552,202,4411245.416666666,10684.25,4400763.166666666,4411245.416666666,0,13422.322671751912,6827433.145113529,212
553,165,4421764.666666666,10684.25,4411245.416666666,4421764.666666666,0,7190.788123243308,6834623.933236772,166
554,199,4432769.479166666,11203.8125,4421764.666666666,4432769.479166666,6,14079.331783242782,6848703.265020015,220
555,281,4443692.291666666,11203.8125,4432769.479166666,4443692.291666667,9,15506.857488213924,6864210.122508229,394
556,165,4454566.479166667,11039.1875,4443692.291666667,4454566.479166668,1,10974.676712109775,6875184.799220338,221
557,273,4465332.666666668,11039.1875,4454566.479166668,4465332.666666666,1,13052.567747474603,6888237.366967813,339
558,200,4475896.291666666,10763.625,4465332.666666666,4475896.291666665,0,10521.192247058863,6898758.559214872,304
559,173,4486486.916666665,10763.625,4475896.291666665,4486486.916666665,0,11929.035446677075,6910687.59466155,217
560,117,4497007.541666665,10637.625,4486486.916666665,4497007.541666665,0,9010.481044738253,6919698.075706288,222
561,245,4507400.166666665,10637.625,4497007.541666665,4507400.166666664,0,17852.995071237914,6937551.070777526,306
562,115,4518235.854166664,10950.6875,4507400.166666664,4518235.854166663,0,9613.184222969609,6947164.255000495,208
563,273,4528913.541666663,10950.6875,4518235.854166663,4528913.541666662,0,14619.954445045607,6961784.209445541,322
564,140,4539093.666666662,10320.125,4528913.541666662,4539093.666666662,0,10482.957824706667,6972267.167270248,196
565,212,4549201.791666662,10320.125,4539093.666666662,4549201.791666663,0,10662.596023939863,6982929.763294187,337
566,231,4559525.729166663,10554.9375,4549201.791666663,4559525.729166662,0,14150.893795507433,6997080.657089694,280
567,284,4569796.666666662,10554.9375,4559525.729166662,4569796.66666666,0,16278.092474217554,7013358.749563912,357
568,69,4580562.79166666,10835.125,4569796.66666666,4580562.791666661,3,5895.382301447624,7019254.13186536,125
569,329,4591068.916666661,10835.125,4580562.791666661,4591068.916666661,0,11748.20551236359,7031002.337377723,338
570,91,4601340.041666661,10362.125,4591068.916666661,4601340.041666661,3,7293.766737196766,7038296.10411492,129
571,270,4611432.166666661,10362.125,4601340.041666661,4611432.16666666,10,13834.927811476735,7052131.031926396,289
572,192,4620617.79166666,9377.625,4611432.16666666,4620617.791666661,0,10237.038625619798,7062368.070552016,192
573,288,4629707.416666661,9377.625,4620617.791666661,4629707.41666666,2,18529.427360833397,7080897.497912849,366
574,72,4637426.79166666,7791.375,4629707.41666666,4637426.791666661,9,6650.680915984269,7087548.178828834,127
575,414,4644804.166666661,7791.375,4637426.791666661,4644804.166666661,0,23350.942168254027,7110899.120997088,458
576,121,4651142.690476215,6459.523809523805,4644804.166666661,4651142.690476195,2,8731.231259780958,7119630.352256869,320
577,196,4657406.214285749,6459.523809523805,4651142.690476195,4657406.214285719,0,10127.404269820381,7129757.756526689,221
578,272,4661300.642857173,4166.428571428578,4657406.214285719,4661300.642857137,0,14180.920221719209,7143938.676748408,344
579,330,4665137.071428591,4166.428571428578,4661300.642857137,4665137.071428567,0,17492.59513398599,7161431.271882394,377
580,158,4667240.285714326,2261.214285714292,4665137.071428567,4667240.285714283,2,8207.01019400545,7169638.2820764,202
581,228,4669273.500000042,2261.214285714292,4667240.285714283,4669273.5,0,10989.046946107035,7180627.329022507,229
582,262,4670265.976190538,1254.47619047619,4669273.5,4670265.97619047,2,11190.209787210784,7191817.538809718,265
583,316,4671204.452381008,1254.47619047619,4670265.97619047,4671204.452380959,0,13618.178940481768,7205435.717750199,328
584,152,4672189.833333399,1137.3809523809502,4671204.452380959,4672189.833333329,0,10344.992877701807,7215780.710627901,152
585,388,4672939.2142857695,1137.3809523809502,4672189.833333329,4672939.214285712,1,14153.460341149737,7229934.170969051,431
586,270,4675565.571428608,2896.3571428571463,4672939.214285712,4675565.571428571,1,11745.284206917926,7241679.455175969,272
587,56,4678405.928571467,2896.3571428571463,4675565.571428571,4678405.928571417,4,6249.361526904055,7247928.8167028725,61
588,266,4684255.619047615,6115.690476190475,4678405.928571417,4684255.619047621,2,14105.281055490492,7262034.097758363,268
589,345,4690026.309523819,6115.690476190475,4684255.619047621,4690026.309523811,5,20021.634026356413,7282055.731784719,390
590,168,4697822.309523812,7963.999999999989,4690026.309523811,4697822.3095238125,2,9173.393388170796,7291229.12517289,206
591,116,4705670.309523813,7963.999999999989,4697822.3095238125,4705670.3095238125,0,10592.788682577717,7301821.913855468,156
592,331,4714358.476190489,9019.166666666664,4705670.3095238125,4714358.47619048,0,19805.166589382326,7321627.08044485,444
593,177,4723200.642857157,9019.166666666664,4714358.47619048,4723200.642857146,0,11263.293545664099,7332890.373990514,438
594,19,4734029.428571446,10847.785714285717,4723200.642857146,4734029.428571436,0,3784.365810231043,7336674.739800746,111
595,205,4744672.214285735,10847.785714285717,4734029.428571436,4744672.214285708,0,11208.826479864796,7347883.566280611,210
596,318,4755333.285714281,10979.071428571422,4744672.214285708,4755333.285714286,0,16076.847841036431,7363960.414121647,385
597,142,4766170.357142859,10979.071428571422,4755333.285714286,4766170.357142854,0,9111.33369096153,7373071.747812609,159
598,308,4776486.833333349,10624.476190476189,4766170.357142854,4776486.83333333,0,14232.436235385825,7387304.184047995,358
599,298,4786813.3095238255,10624.476190476189,4776486.83333333,4786813.309523816,0,13953.990563301639,7401258.1746112965,348
600,190,4797398.21428574,10774.904761904767,4786813.309523816,4797398.21428571,0,10743.701008159947,7412001.875619456,282
601,195,4807978.119047633,10774.904761904767,4797398.21428571,4807978.119047612,0,7286.396330724881,7419288.271950181,201
602,234,4819536.261904767,11792.142857142855,4807978.119047612,4819536.2619047575,0,11394.47628213343,7430682.748232314,265
603,272,4831056.404761912,11792.142857142855,4819536.2619047575,4831056.404761898,0,13456.755947950436,7444139.504180265,356
604,274,4842323.714285719,11541.30952380952,4831056.404761898,4842323.714285715,3,14253.127514559956,7458392.631694824,314
605,223,4853642.023809535,11541.30952380952,4842323.714285715,4853642.023809526,0,13665.366887939059,7472057.998582764,320
606,81,4864766.904761923,11205.880952380967,4853642.023809526,4864766.9047619095,0,6612.7313379487805,7478670.729920712,251
607,257,4875715.785714306,11205.880952380967,4864766.9047619095,4875715.785714295,2,17676.349413593354,7496347.079334306,312
608,118,4886142.976190496,10545.190476190486,4875715.785714295,4886142.976190466,0,10098.11615814635,7506445.195492452,304
609,190,4896498.166666668,10545.190476190486,4886142.976190466,4896498.166666657,0,12995.629535835304,7519440.825028287,268
610,100,4906040.8809523685,9642.714285714286,4896498.166666657,4906040.880952371,0,6597.642369899415,7526038.467398186,214
611,286,4915397.595238083,9642.714285714286,4906040.880952371,4915397.595238093,1,12864.73544363062,7538903.2028418165,321
612,89,4924863.357142851,9554.761904761903,4915397.595238093,4924863.357142859,4,8015.389551680614,7546918.592393497,168
613,276,4934142.119047617,9554.761904761903,4924863.357142859,4934142.119047616,2,15342.762835828049,7562261.355229325,311
614,190,4944692.642857155,10740.523809523826,4934142.119047616,4944692.642857144,2,14852.707598213234,7577114.062827538,355
615,224,4955209.166666683,10740.523809523826,4944692.642857144,4955209.166666668,0,12667.596842603121,7589781.659670141,347
616,148,4966374.9285714235,11313.761904761905,4955209.166666668,4966374.9285714375,4,8676.652467838261,7598458.312137979,231
617,177,4977511.690476193,11313.761904761905,4966374.9285714375,4977511.690476181,1,9283.404263706123,7607741.716401685,210
618,200,4988456.380952372,11144.690476190484,4977511.690476181,4988456.380952373,0,13723.274625295682,7621464.991026981,233
619,194,4999407.071428564,11144.690476190484,4988456.380952373,4999407.071428558,4,10545.447616357056,7632010.438643338,228
620,335,5009279.071428565,10207.000000000002,4999407.071428558,5009279.071428572,1,17768.4434446258,7649778.882087964,373
621,183,5019303.071428579,10207.000000000002,5009279.071428572,5019303.071428568,0,10862.803364427718,7660641.685452391,369
622,187,5027764.023809543,8647.95238095239,5019303.071428568,5027764.023809522,5,8865.14779466259,7669506.833247054,242
623,289,5036122.976190497,8647.95238095239,5027764.023809522,5036122.976190496,0,14316.403738347468,7683823.236985402,330
624,135,5042447.50000005,6459.523809523805,5036122.976190496,5042447.500000006,15,11491.24672798019,7695314.483713382,151
625,185,5048722.02380956,6459.523809523805,5042447.500000006,5048722.023809517,2,10048.091617891852,7705362.5753312735,207
626,209,5052679.452380971,4166.428571428578,5048722.023809517,5052679.452380954,7,11886.014045576327,7717248.58937685,268
627,324,5056521.880952409,4166.428571428578,5052679.452380954,5056521.880952387,5,20302.70676327331,7737551.296140123,361
628,218,5058565.095238146,2261.214285714292,5056521.880952387,5058565.09523809,3,12645.450397482502,7750196.746537605,262
629,120,5060706.309523849,2261.214285714292,5058565.09523809,5060706.309523813,0,6958.228450312475,7757154.974987918,166
630,271,5061689.785714352,1254.47619047619,5060706.309523813,5061689.785714281,0,14808.558057570062,7771963.5330454875,315
631,149,5062795.261904819,1254.47619047619,5061689.785714281,5062795.261904757,4,8468.240389652972,7780431.77343514,212
632,293,5063639.642857197,1137.3809523809502,5062795.261904757,5063639.642857151,7,15236.47970809913,7795668.253143239,301
633,268,5064509.023809591,1137.3809523809502,5063639.642857151,5064509.023809529,0,17956.79350837248,7813625.046651611,293
634,84,5067321.380952425,2896.3571428571463,5064509.023809529,5067321.38095239,0,5060.33212055484,7818685.378772166,199
635,128,5070089.738095286,2896.3571428571463,5067321.38095239,5070089.738095252,0,9915.430038116378,7828600.808810282,130
636,165,5076040.42857145,6115.690476190475,5070089.738095252,5076040.428571424,0,10310.56317014939,7838911.371980431,187
637,398,5081758.119047622,6115.690476190475,5076040.428571424,5081758.119047632,0,21583.276466903884,7860494.648447335,400
638,287,5089435.119047633,7963.999999999989,5081758.119047632,5089435.119047629,0,12356.759923446252,7872851.408370781,309
639,114,5097285.11904763,7963.999999999989,5089435.119047629,5097285.11904762,0,6899.317505239475,7879750.72587602,248
640,341,5105963.285714297,9019.166666666664,5097285.11904762,5105963.285714268,0,16593.645611028198,7896344.371487048,359
641,208,5114774.452380944,9019.166666666664,5105963.285714268,5114774.452380944,0,11072.105807370292,7907416.477294419,249
642,140,5125482.238095243,10847.785714285717,5114774.452380944,5125482.23809525,0,7708.161731637705,7915124.639026057,332
643,128,5136202.023809549,10847.785714285717,5125482.23809525,5136202.023809521,0,10315.627031774397,7925440.266057831,146
644,298,5146883.095238094,10979.071428571422,5136202.023809521,5146883.095238092,2,18225.062237021695,7943665.328294853,413
645,189,5157673.166666665,10979.071428571422,5146883.095238092,5157673.166666671,1,10786.494631881687,7954451.822926735,324
646,124,5168173.642857166,10624.476190476189,5157673.166666671,5168173.642857142,5,7505.671701315111,7961957.494628049,273
647,326,5178472.119047637,10624.476190476189,5168173.642857142,5178472.119047614,0,18037.16125609156,7979994.655884141,332
648,34,5189213.023809537,10774.904761904767,5178472.119047614,5189213.02380953,2,4029.8393540121506,7984024.495238153,206
649,239,5199748.928571453,10774.904761904767,5189213.02380953,5199748.928571427,6,10436.676519401195,7994461.171757555,246
650,244,5211297.071428582,11792.142857142855,5199748.928571427,5211297.071428568,0,18813.930027485592,8013275.10178504,294
651,306,5222783.214285723,11792.142857142855,5211297.071428568,5222783.214285709,0,16038.985430292736,8029314.087215333,442
652,80,5234244.52380953,11541.30952380952,5222783.214285709,5234244.52380953,4,6891.885795122425,8036205.973010455,164
653,323,5245462.833333351,11541.30952380952,5234244.52380953,5245462.833333337,1,13112.418917259487,8049318.391927714,362
654,106,5256562.714285733,11205.880952380967,5245462.833333337,5256562.714285726,11,7985.112426649082,8057303.504354363,146
655,316,5267452.595238122,11205.880952380967,5256562.714285726,5267452.5952380905,0,20427.14428960519,8077730.648643969,390
656,168,5277829.785714292,10545.190476190486,5267452.5952380905,5277829.785714291,0,9189.284702255474,8086919.933346224,349
657,137,5288237.9761904925,10545.190476190486,5277829.785714291,5288237.976190486,0,8457.025747281104,8095376.9590935055,204
658,246,5297634.690476198,9642.714285714286,5288237.976190486,5297634.690476185,3,14044.042552155272,8109421.001645661,330
659,207,5307070.4047618965,9642.714285714286,5297634.690476185,5307070.404761915,0,12031.536017150469,8121452.537662812,369
660,122,5316503.166666673,9554.761904761903,5307070.404761915,5316503.166666658,1,5651.887758881127,8127104.425421692,316
661,338,5325719.928571415,9554.761904761903,5316503.166666658,5325719.928571428,1,17665.550992744204,8144769.9764144365,350
662,127,5336333.452380967,10740.523809523826,5325719.928571428,5336333.452380965,1,8493.483179223771,8153263.45959366,359
663,37,5347036.976190505,10740.523809523826,5336333.452380965,5347036.976190479,7,5617.841170263215,8158881.300763924,84
664,312,5358038.738095234,11313.761904761905,5347036.976190479,5358038.738095235,0,15030.239806318734,8173911.540570242,340
665,242,5369110.499999991,11313.761904761905,5358038.738095235,5369110.500000002,0,9977.82053315805,8183889.361103401,302
666,345,5379910.190476193,11144.690476190484,5369110.500000002,5379910.190476186,0,16107.897606929768,8199997.25871033,348
667,83,5390971.880952377,11144.690476190484,5379910.190476186,5390971.880952375,0,6185.636208765715,8206182.8949190965,116
668,346,5400832.880952382,10207.000000000002,5390971.880952375,5400832.880952374,0,15855.961765377488,8222038.856684474,358
669,160,5410879.8809523815,10207.000000000002,5400832.880952374,5410879.880952383,0,11574.448341082461,8233613.305025557,164
670,209,5419318.833333358,8647.95238095239,5410879.880952383,5419318.83333333,0,10843.907247288302,8244457.212272845,211
671,277,5427689.785714305,8647.95238095239,5419318.83333333,5427689.785714286,0,17722.928665694773,8262180.14093854,279
672,292,5433857.30952384,6459.523809523805,5427689.785714286,5433857.309523816,0,15936.410596311873,8278116.551534852,333
673,133,5440183.83333337,6459.523809523805,5433857.309523816,5440183.83333332,0,7316.819212633079,8285433.370747485,258
674,159,5444191.261904774,4166.428571428578,5440183.83333332,5444191.261904768,0,8823.070807862905,8294256.441555348,162
675,221,5448136.690476222,4166.428571428578,5444191.261904768,5448136.690476189,0,15091.204980934766,8309347.646536283,319
676,181,5450216.904761949,2261.214285714292,5448136.690476189,5450216.9047618965,2,11650.827093489715,8320998.473629773,251
677,219,5452259.119047656,2261.214285714292,5450216.9047618965,5452259.1190476045,0,14678.620738736812,8335677.094368509,219
678,192,5453321.595238143,1254.47619047619,5452259.1190476045,5453321.59523809,5,13773.74410095045,8349450.83846946,198
679,189,5454387.071428628,1254.47619047619,5453321.59523809,5454387.071428557,2,10926.894990557945,8360377.7334600175,264
680,113,5455411.452380997,1137.3809523809502,5454387.071428557,5455411.452380952,0,8787.011493669022,8369164.744953686,141
681,287,5456261.833333393,1137.3809523809502,5455411.452380952,5456261.833333339,0,16365.234703559276,8385529.979657246,287
682,132,5459026.190476235,2896.3571428571463,5456261.833333339,5459026.19047619,8,8434.225988134993,8393964.20564538,244
683,346,5461576.547619087,2896.3571428571463,5459026.19047619,5461576.547619038,1,15025.290300230228,8408989.49594561,347
684,301,5467391.238095236,6115.690476190475,5461576.547619038,5467391.238095235,1,13200.848921983263,8422190.344867593,302
685,307,5473199.928571433,6115.690476190475,5467391.238095235,5473199.928571425,4,17123.178226939017,8439313.523094531,311
686,269,5480894.928571426,7963.999999999989,5473199.928571425,5480894.92857142,0,13224.89528903784,8452538.418383569,349
687,137,5488721.928571421,7963.999999999989,5480894.92857142,5488721.928571422,0,8557.84426590802,8461096.262649477,175
688,159,5497582.095238098,9019.166666666664,5488721.928571422,5497582.095238098,5,9305.150509251365,8470401.413158728,230
689,243,5506358.261904774,9019.166666666664,5497582.095238098,5506358.261904763,3,13954.268805429216,8484355.681964157,335
690,198,5517008.0476190625,10847.785714285717,5506358.261904763,5517008.047619062,0,13763.844898678037,8498119.526862836,345
691,236,5527619.833333361,10847.785714285717,5517008.047619062,5527619.833333336,0,11985.614505194057,8510105.14136803,334
692,159,5538439.904761909,10979.071428571422,5527619.833333336,5538439.904761896,0,9954.588786474063,8520059.730154503,301
693,132,5549286.976190468,10979.071428571422,5538439.904761896,5549286.976190473,0,8380.806766090835,8528440.536920594,251
694,174,5559737.452380968,10624.476190476189,5549286.976190473,5559737.452380937,0,11764.056785410616,8540204.593706004,242
695,350,5570011.928571432,10624.476190476189,5559737.452380937,5570011.928571434,0,18012.006240962484,8558216.599946966,393
696,155,5580631.833333357,10774.904761904767,5570011.928571434,5580631.833333333,6,8126.574804327742,8566343.174751295,295
697,222,5591184.7380952565,10774.904761904767,5580631.833333333,5591184.738095241,2,11410.562480486078,8577753.737231782,305
698,144,5602832.8809523955,11792.142857142855,5591184.738095241,5602832.880952384,9,7762.205099874908,8585515.942331657,185
699,411,5614214.023809539,11792.142857142855,5602832.880952384,5614214.02380951,0,18186.5163386544,8603702.45867031,462
700,38,5625717.333333331,11541.30952380952,5614214.02380951,5625717.333333342,2,4729.495182018271,8608431.95385233,174
701,139,5637119.642857163,11541.30952380952,5625717.333333342,5637119.642857141,6,10181.047066439394,8618613.000918768,171
702,455,5647870.523809537,11205.880952380967,5637119.642857141,5647870.523809527,0,23496.07764520494,8642109.078563973,508
703,232,5658844.4047619235,11205.880952380967,5647870.523809527,5658844.40476191,1,8155.745746451749,8650264.824310426,374
704,210,5669179.595238112,10545.190476190486,5658844.40476191,5669179.59523809,4,9943.12535778904,8660207.949668216,254
705,265,5679459.785714291,10545.190476190486,5669179.59523809,5679459.785714284,0,11426.959767580416,8671634.909435796,295
706,164,5688938.499999995,9642.714285714286,5679459.785714284,5688938.5,0,8756.192177797566,8680391.101613592,323
707,131,5698450.214285712,9642.714285714286,5688938.5,5698450.214285709,0,10047.366208346179,8690438.467821939,180
708,136,5707868.976190466,9554.761904761903,5698450.214285709,5707868.97619048,14,10268.853129367795,8700707.320951307,233
709,265,5717158.738095238,9554.761904761903,5707868.97619048,5717158.7380952425,0,15435.011667109742,8716142.332618417,392
710,160,5727739.261904782,10740.523809523826,5717158.7380952425,5727739.26190476,6,9266.86914312199,8725409.20176154,260
711,184,5738295.785714299,10740.523809523826,5727739.26190476,5738295.785714294,4,13937.746468618021,8739346.948230159,213
712,137,5749472.547619049,11313.761904761905,5738295.785714294,5749472.547619047,10,11107.291546469649,8750454.239776628,180
713,182,5760604.309523802,11313.761904761905,5749472.547619047,5760604.309523804,0,14221.033262960778,8764675.273039589,229
714,190,5771558.999999995,11144.690476190484,5760604.309523804,5771559.000000004,0,12401.148037665644,8777076.421077255,315
715,322,5782381.690476195,11144.690476190484,5771559.000000004,5782381.69047618,2,15784.195329432703,8792860.616406688,325
716,122,5792466.6904761875,10207.000000000002,5782381.69047618,5792466.690476199,3,8764.659381576968,8801625.275788266,153
717,299,5802374.690476206,10207.000000000002,5792466.690476199,5802374.690476191,2,15295.911197437732,8816921.186985703,304
718,253,5810769.642857166,8647.95238095239,5802374.690476191,5810769.642857134,0,14163.10864481043,8831084.295630513,328
719,230,5819187.595238109,8647.95238095239,5810769.642857134,5819187.5952381,3,11439.64808024637,8842523.94371076,282
720,231,5825416.119047654,6459.523809523805,5819187.5952381,5825416.119047627,1,11750.431986108053,8854274.375696868,263
721,105,5831770.642857181,6459.523809523805,5825416.119047627,5831770.642857152,5,7631.231231757117,8861905.606928624,145
722,310,5835627.071428606,4166.428571428578,5831770.642857152,5835627.071428564,0,15457.29973080969,8877362.906659434,338
723,271,5839522.500000019,4166.428571428578,5835627.071428564,5839522.499999994,0,15690.243031964777,8893053.1496914,315
724,171,5841612.714285754,2261.214285714292,5839522.499999994,5841612.714285717,9,10263.876467732334,8903317.026159132,223
725,212,5843661.928571477,2261.214285714292,5841612.714285717,5843661.9285714375,2,8534.109571305395,8911851.135730438,230
726,203,5844713.404761976,1254.47619047619,5843661.9285714375,5844713.40476192,8,11500.387505516628,8923351.523235954,211
727,349,5845618.880952458,1254.47619047619,5844713.40476192,5845618.880952382,5,15557.86594372615,8938909.38917968,355
728,191,5846565.261904823,1137.3809523809502,5845618.880952382,5846565.261904763,2,11740.42459949303,8950649.813779173,194
729,272,5847430.642857203,1137.3809523809502,5846565.261904763,5847430.642857136,2,17184.79355644648,8967834.60733562,276
730,252,5850075.000000033,2896.3571428571463,5847430.642857136,5850074.999999996,0,13715.09432697522,8981549.701662594,344
731,154,5852817.357142893,2896.3571428571463,5850074.999999996,5852817.35714284,2,9718.834214138027,8991268.535876732,156
732,338,5858595.047619037,6115.690476190475,5852817.35714284,5858595.047619039,1,15411.485519983484,9006680.021396715,339
733,176,5864534.738095237,6115.690476190475,5858595.047619039,5864534.73809524,2,11704.215798272278,9018384.237194987,204
734,294,5872204.738095241,7963.999999999989,5864534.73809524,5872204.738095235,1,14513.71783552585,9032897.955030512,295
735,198,5879970.738095236,7963.999999999989,5872204.738095235,5879970.738095237,0,10567.587917195557,9043465.542947708,411
736,104,5888885.904761913,9019.166666666664,5879970.738095237,5888885.9047618965,0,8605.094401065946,9052070.637348773,172
737,130,5897775.071428573,9019.166666666664,5888885.9047618965,5897775.071428569,0,6412.220036427585,9058482.857385201,184
738,266,5908356.857142868,10847.785714285717,5897775.071428569,5908356.857142862,0,15266.216844330325,9073749.074229531,281
739,248,5918956.642857161,10847.785714285717,5908356.857142862,5918956.642857132,0,13645.04515456266,9087394.119384093,348
740,233,5929702.714285704,10979.071428571422,5918956.642857132,5929702.714285722,0,10600.183471601067,9097994.302855695,370
741,179,5940502.785714295,10979.071428571422,5929702.714285722,5940502.785714285,0,13026.105208900315,9111020.408064594,229
742,200,5950927.261904781,10624.476190476189,5940502.785714285,5950927.26190476,0,11246.136653157377,9122266.544717751,225
743,231,5961320.738095256,10624.476190476189,5950927.26190476,5961320.73809524,0,11406.432163740397,9133672.976881491,289
744,221,5971874.642857163,10774.904761904767,5961320.73809524,5971874.642857137,0,9542.05320299459,9143215.030084485,328
745,301,5982348.547619061,10774.904761904767,5971874.642857137,5982348.547619043,0,14839.219643940067,9158054.249728424,327
746,217,5993923.690476198,11792.142857142855,5982348.547619043,5993923.690476198,0,11861.789764516972,9169916.03949294,401
747,211,6005504.833333353,11792.142857142855,5993923.690476198,6005504.833333327,0,10631.097048302578,9180547.136541244,349
748,206,6016840.142857148,11541.30952380952,6005504.833333327,6016840.142857142,0,11158.186878251821,9191705.323419495,278
749,146,6028235.452380963,11541.30952380952,6016840.142857142,6028235.452380951,0,12255.257441775371,9203960.58086127,200
750,230,6039211.333333347,11205.880952380967,6028235.452380951,6039211.333333336,1,12152.744249918907,9216113.32511119,344
751,140,6050277.214285732,11205.880952380967,6039211.333333336,6050277.214285709,4,10388.04339464512,9226501.368505836,208
752,279,6060543.40476191,10545.190476190486,6050277.214285709,6060543.404761899,2,12959.836262271843,9239461.204768108,356
753,222,6070866.595238101,10545.190476190486,6060543.404761899,6070866.5952381035,0,12596.32885437277,9252057.53362248,285
754,185,6080324.309523815,9642.714285714286,6070866.5952381035,6080324.309523807,4,9337.749034737126,9261395.282657217,254
755,177,6089790.023809519,9642.714285714286,6080324.309523807,6089790.0238095205,1,11741.435123731424,9273136.71778095,218
756,352,6098992.785714278,9554.761904761903,6089790.0238095205,6098992.785714284,0,16730.46726653274,9289867.185047483,396
757,112,6108435.547619041,9554.761904761903,6098992.785714284,6108435.547619048,0,6880.26614787528,9296747.45119536,296
758,338,6118838.071428587,10740.523809523826,6108435.547619048,6118838.071428583,0,15109.561188864613,9311857.012384225,388
759,176,6129402.595238122,10740.523809523826,6118838.071428583,6129402.595238085,0,7932.575974507026,9319789.588358732,196
760,194,6140522.3571428405,11313.761904761905,6129402.595238085,6140522.357142861,0,9083.409923632193,9328872.998282364,226
761,159,6151677.119047617,11313.761904761905,6140522.357142861,6151677.11904762,0,9777.199041150856,9338650.197323514,203
762,290,6162531.809523812,11144.690476190484,6151677.11904762,6162531.809523812,0,20031.794965545727,9358681.99228906,306
763,186,6173490.500000003,11144.690476190484,6162531.809523812,6173490.499999996,0,8524.590737276498,9367206.583026337,233
764,273,6183424.500000004,10207.000000000002,6173490.499999996,6183424.49999999,0,14829.313493457548,9382035.896519793,287
765,153,6193478.499999997,10207.000000000002,6183424.49999999,6193478.499999996,0,11162.50222662577,9393198.39874642,191
766,255,6201871.452380971,8647.95238095239,6193478.499999996,6201871.45238096,0,13944.232636823464,9407142.631383244,334
767,142,6210377.404761935,8647.95238095239,6201871.45238096,6210377.404761902,0,9182.141667662603,9416324.773050906,142
768,203,6216633.928571456,6459.523809523805,6210377.404761902,6216633.928571425,0,11083.182715521432,9427407.955766428,236
769,377,6222716.452380979,6459.523809523805,6216633.928571425,6222716.452380934,0,26676.16842311966,9454084.124189548,416
770,110,6226772.880952388,4166.428571428578,6222716.452380934,6226772.880952382,1,7702.925600165452,9461787.049789714,277
771,78,6230861.309523837,4166.428571428578,6226772.880952382,6230861.309523803,6,6634.126925975019,9468421.176715689,123
772,222,6232900.523809562,2261.214285714292,6230861.309523803,6232900.523809523,1,12574.62708107865,9480995.803796768,227
773,283,6234878.738095283,2261.214285714292,6232900.523809523,6234878.7380952425,0,20070.446132673766,9501066.249929441,288
774,106,6236027.214285781,1254.47619047619,6234878.7380952425,6236027.214285713,0,9159.359123154078,9510225.609052595,191
775,125,6237156.690476251,1254.47619047619,6236027.214285713,6237156.690476194,0,9214.307326301245,9519439.916378897,133
776,466,6237828.071428634,1137.3809523809502,6237156.690476194,6237828.071428561,0,17330.450056043148,9536770.36643494,466
777,159,6238806.452381001,1137.3809523809502,6237828.071428561,6238806.452380959,0,8148.791863677032,9544919.158298615,201
778,120,6241582.809523855,2896.3571428571463,6238806.452380959,6241582.809523802,0,9777.432887467505,9554696.591186082,120
779,343,6244136.166666699,2896.3571428571463,6241582.809523802,6244136.166666661,2,23496.033997010647,9578192.625183092,345
780,166,6250085.857142859,6115.690476190475,6244136.166666661,6250085.857142855,0,10531.201628888562,9588723.82681198,193
781,184,6256017.547619053,6115.690476190475,6250085.857142855,6256017.547619054,1,11657.179457509881,9600381.00626949,185
782,175,6263806.547619055,7963.999999999989,6256017.547619054,6263806.54761905,5,13657.338896956935,9614038.345166447,209
783,250,6271520.547619051,7963.999999999989,6263806.54761905,6271520.5476190485,4,15195.27240089315,9629233.61756734,288
784,93,6280446.714285725,9019.166666666664,6271520.5476190485,6280446.714285703,0,7198.390540039831,9636432.00810738,229
785,342,6289123.88095238,9019.166666666664,6280446.714285703,6289123.880952377,0,18561.807229751008,9654993.81533713,416
786,158,6299813.666666676,10847.785714285717,6289123.880952377,6299813.666666664,0,11134.835852533313,9666128.651189664,381
787,193,6310468.452380964,10847.785714285717,6299813.666666664,6310468.45238096,0,10130.645416512496,9676259.296606177,223
788,119,6321328.523809533,10979.071428571422,6310468.45238096,6321328.523809527,0,8050.6236032981315,9684309.920209475,150
789,243,6332064.5952381,10979.071428571422,6321328.523809527,6332064.595238089,2,13863.855138731209,9698173.775348207,326
790,163,6342526.071428584,10624.476190476189,6332064.595238089,6342526.071428562,7,10314.38145104795,9708488.156799255,258
791,237,6352913.547619057,10624.476190476189,6342526.071428562,6352913.54761905,2,12860.740216976918,9721348.897016231,274
792,222,6363466.452380974,10774.904761904767,6352913.54761905,6363466.452380939,5,16162.735146222189,9737511.632162454,318
793,273,6373968.357142863,10774.904761904767,6363466.452380939,6373968.357142861,0,12635.856128970956,9750147.488291424,317
794,106,6385654.500000016,11792.142857142855,6373968.357142861,6385654.500000003,0,6157.971344894468,9756305.459636318,164
795,342,6397104.642857158,11792.142857142855,6385654.500000003,6397104.6428571455,0,18860.803035700243,9775166.262672018,393
796,231,6408414.952380966,11541.30952380952,6397104.6428571455,6408414.952380947,0,10068.923748135614,9785235.186420154,393
797,256,6419700.261904768,11541.30952380952,6408414.952380947,6419700.2619047845,0,11624.653147486786,9796859.83956764,303
798,167,6430739.142857181,11205.880952380967,6419700.2619047845,6430739.142857144,0,9455.33850132129,9806315.178068962,227
799,300,6441645.02380954,11205.880952380967,6430739.142857144,6441645.023809526,0,12769.357286273495,9819084.535355235,370
800,208,6451982.214285728,10545.190476190486,6441645.023809526,6451982.214285723,2,9984.594656984373,9829069.13001222,314
801,314,6462213.404761924,10545.190476190486,6451982.214285723,6462213.404761902,1,14264.962081634338,9843334.092093853,333
802,164,6471692.119047614,9642.714285714286,6462213.404761902,6471692.119047625,0,8281.564266930094,9851615.656360783,295
803,194,6481140.833333337,9642.714285714286,6471692.119047625,6481140.833333336,0,12098.91590938413,9863714.572270166,332
804,212,6490483.595238093,9554.761904761903,6481140.833333336,6490483.595238087,0,9579.056919484708,9873293.629189651,321
805,262,6499776.357142844,9554.761904761903,6490483.595238087,6499776.357142854,0,12409.514289932844,9885703.143479584,297
806,186,6510330.880952393,10740.523809523826,6499776.357142854,6510330.880952392,0,10110.787229490532,9895813.930709075,301
807,105,6520966.404761931,10740.523809523826,6510330.880952392,6520966.4047618965,0,9044.38834346384,9904858.31905254,173
808,264,6532016.166666652,11313.761904761905,6520966.4047618965,6532016.1666666735,0,14039.327967140625,9918897.64701968,320
809,205,6543124.928571429,11313.761904761905,6532016.1666666735,6543124.928571433,0,9112.904179480996,9928010.551199162,348
810,133,6554136.619047624,11144.690476190484,6543124.928571433,6554136.619047616,10,8388.674149376817,9936399.22534854,144
811,290,6564991.309523807,11144.690476190484,6554136.619047616,6564991.309523793,1,16063.767477635487,9952462.992826175,307
812,189,6575009.3095238,10207.000000000002,6564991.309523793,6575009.3095237985,2,13032.901729887011,9965495.894556062,246
813,135,6585081.309523806,10207.000000000002,6575009.3095237985,6585081.3095238125,1,10980.332837779288,9976476.227393841,193
814,240,6593489.261904787,8647.95238095239,6585081.3095238125,6593489.261904759,3,17035.923536361446,9993512.150930203,256
815,178,6601959.214285734,8647.95238095239,6593489.261904759,6601959.214285712,6,9952.689334778073,10003464.840264982,266
816,232,6609365.714285712,7638.5,6601959.214285712,6609365.714285712,0,10013.521449718344,10013478.3617147,233
817,359,6616645.214285712,7638.5,6609365.714285712,6616645.214285712,2,17128.560602196452,10030606.922316896,390
818,210,6621642.714285712,5207.5,6616645.214285712,6621642.714285712,2,12625.963753827067,10043232.886070723,229
819,158,6626692.214285712,5207.5,6621642.714285712,6626692.214285712,0,7339.605268527046,10050572.49133925,174
820,175,6629697.839285712,3180.625,6626692.214285712,6629697.839285712,8,12733.07342165048,10063305.5647609,236
821,274,6632604.464285712,3180.625,6629697.839285712,6632604.464285712,11,12514.655960113998,10075820.220721014,286
822,396,6634017.776785712,1809.3125,6632604.464285712,6634017.776785712,0,19801.495311293278,10095621.716032308,409
823,166,6635661.089285712,1809.3125,6634017.776785712,6635661.089285712,0,9033.778424638389,10104655.494456947,183
824,130,6636998.151785712,1467.0625,6635661.089285712,6636998.151785712,0,9470.076810436618,10114125.571267383,132
825,209,6638256.214285712,1467.0625,6636998.151785712,6638256.214285712,0,14077.656844520567,10128203.228111904,209
826,237,6641044.089285712,3024.875,6638256.214285712,6641044.089285712,2,10987.30568100788,10139190.533792911,240
827,290,6643778.964285712,3024.875,6641044.089285712,6643778.964285712,4,13218.745671146457,10152409.279464057,295
828,159,6648233.401785712,4613.4375,6643778.964285712,6648233.401785712,0,9740.159265337941,10162149.438729394,241
829,333,6652513.839285712,4613.4375,6648233.401785712,6652513.839285713,3,17737.313201026638,10179886.751930421,398
830,174,6658671.401785713,6331.5625,6652513.839285713,6658671.401785712,0,11142.986225352659,10191029.738155775,191
831,186,6664816.964285712,6331.5625,6658671.401785712,6664816.964285712,3,11715.748907194564,10202745.48706297,261
832,342,6673187.964285712,8713.0,6664816.964285712,6673187.964285713,0,19775.225076425577,10222520.712139396,376
833,210,6681690.964285713,8713.0,6673187.964285713,6681690.964285712,0,10878.518625447996,10233399.230764844,251
834,169,6691112.839285712,9590.875,6681690.964285712,6691112.839285713,2,9982.30436942618,10243381.535134269,235
835,339,6700364.714285713,9590.875,6691112.839285713,6700364.714285712,0,15823.38499482466,10259204.920129094,361
836,50,6710254.089285712,9939.375,6700364.714285712,6710254.089285712,0,5301.954644846718,10264506.87477394,104
837,335,6719858.464285712,9939.375,6710254.089285712,6719858.464285712,0,18028.419678595325,10282535.294452535,350
838,211,6729857.089285712,10209.625,6719858.464285712,6729857.089285712,0,10286.23811349608,10292821.532566031,263
839,158,6739908.714285712,10209.625,6729857.089285712,6739908.714285713,0,9000.068462149513,10301821.601028182,182
840,309,6750283.964285713,10684.25,6739908.714285713,6750283.964285713,0,17447.898492053548,10319269.499520235,319
841,182,6760786.214285713,10684.25,6750283.964285713,6760786.214285712,7,12238.002064869297,10331507.501585104,266
842,76,6771914.026785712,11203.8125,6760786.214285712,6771914.026785712,5,7234.825639897016,10338742.327225,124
843,348,6782769.839285712,11203.8125,6771914.026785712,6782769.839285711,2,19810.37074030913,10358552.697965309,372
844,269,6793540.026785711,11039.1875,6782769.839285711,6793540.026785711,0,13339.151289449548,10371891.849254759,323
845,237,6804342.214285711,11039.1875,6793540.026785711,6804342.214285711,4,11397.688155191685,10383289.53740995,300
846,150,6814955.839285711,10763.625,6804342.214285711,6814955.839285712,3,9519.11413276885,10392808.65154272,178
847,217,6825502.464285712,10763.625,6814955.839285712,6825502.464285711,0,10171.417101604842,10402980.068644324,324
848,169,6835971.089285711,10637.625,6825502.464285711,6835971.089285711,0,9947.602718374595,10412927.671362698,289
849,260,6846348.714285711,10637.625,6835971.089285711,6846348.714285711,0,13881.105428243187,10426808.776790941,265
850,245,6857054.401785711,10950.6875,6846348.714285711,6857054.401785712,0,12002.574470383177,10438811.351261325,330
851,216,6867789.089285712,10950.6875,6857054.401785712,6867789.089285712,0,13345.472075364669,10452156.82333669,347
852,132,6877977.214285712,10320.125,6867789.089285712,6877977.214285712,0,7000.156411519138,10459156.97974821,194
853,276,6888021.339285712,10320.125,6877977.214285712,6888021.339285711,0,13186.554012909011,10472343.53376112,277
854,166,6898410.276785711,10554.9375,6888021.339285711,6898410.276785712,0,12400.862672337316,10484744.396433456,343
855,256,6908709.214285712,10554.9375,6898410.276785712,6908709.214285712,0,15462.074315201626,10500206.470748657,326
856,163,6919381.339285712,10835.125,6908709.214285712,6919381.339285711,0,9888.97588942691,10510095.446638085,271
857,186,6930030.464285711,10835.125,6919381.339285711,6930030.464285712,0,11072.476454832766,10521167.923092918,208
858,101,6940291.589285712,10362.125,6930030.464285712,6940291.589285712,0,8691.188242705353,10529859.111335624,101
859,383,6950270.714285712,10362.125,6940291.589285712,6950270.714285712,0,14262.066490365929,10544121.17782599,449
860,140,6959508.339285712,9377.625,6950270.714285712,6959508.339285712,0,8399.512586659126,10552520.690412648,234
861,366,6968519.964285712,9377.625,6959508.339285712,6968519.964285712,0,17195.730955945066,10569716.421368593,377
862,98,6976213.339285712,7791.375,6968519.964285712,6976213.339285712,0,8662.64312917953,10578379.064497773,218
863,260,6983744.714285712,7791.375,6976213.339285712,6983744.714285713,0,14943.156586297158,10593322.22108407,260
864,219,6989985.238095267,6459.523809523805,6983744.714285713,6989985.23809525,0,12964.619157797768,10606286.840241868,221
865,318,6996126.761904804,6459.523809523805,6989985.23809525,6996126.761904754,0,15071.353285472755,10621358.19352734,355
866,236,7000057.190476208,4166.428571428578,6996126.761904754,7000057.1904762,0,9359.516934585037,10630717.710461926,268
867,229,7003994.619047654,4166.428571428578,7000057.1904762,7003994.619047625,0,12446.695504125031,10643164.40596605,252
868,336,7005919.833333384,2261.214285714292,7003994.619047625,7005919.833333335,0,15710.706942988065,10658875.11290904,337
869,257,7007924.047619094,2261.214285714292,7005919.833333335,7007924.047619044,0,11905.267574108559,10670780.380483149,257
870,292,7008886.523809582,1254.47619047619,7007924.047619044,7008886.523809528,0,12958.421127177364,10683738.801610326,325
871,203,7009938.000000066,1254.47619047619,7008886.523809528,7009937.999999994,0,10714.499891717867,10694453.301502043,213
872,224,7010851.380952435,1137.3809523809502,7009937.999999994,7010851.380952381,0,10555.18481711132,10705008.486319155,267
873,76,7011912.761904821,1137.3809523809502,7010851.380952381,7011912.761904755,0,6623.81287099646,10711632.29919015,114
874,283,7014526.119047651,2896.3571428571463,7011912.761904755,7014526.119047601,0,13563.232856916908,10725195.532047067,283
875,383,7017039.476190497,2896.3571428571463,7014526.119047601,7017039.47619047,0,15627.579355343305,10740823.111402411,383
876,151,7023004.166666668,6115.690476190475,7017039.47619047,7023004.166666663,0,8844.040088761725,10749667.151491173,151
877,241,7028878.857142861,6115.690476190475,7023004.166666663,7028878.857142869,0,12324.25325743062,10761991.404748604,241
878,243,7036599.85714287,7963.999999999989,7028878.857142869,7036599.857142853,0,16699.792044200032,10778691.196792804,256
879,256,7044307.857142854,7963.999999999989,7036599.857142853,7044307.857142855,2,10624.166673261934,10789315.363466065,452
880,165,7053162.023809532,9019.166666666664,7044307.857142855,7053162.023809522,6,10556.490809041734,10799871.854275107,174
881,151,7062030.190476199,9019.166666666664,7053162.023809522,7062030.190476187,2,8917.07097560167,10808788.925250709,185
882,240,7072637.976190486,10847.785714285717,7062030.190476187,7072637.976190481,0,18601.090504687578,10827390.015755396,279
883,195,7083290.761904781,10847.785714285717,7072637.976190481,7083290.761904766,0,12179.828419199903,10839569.844174596,273
884,274,7093995.833333339,10979.071428571422,7083290.761904766,7093995.833333328,0,11635.483816005324,10851205.3279906,307
885,304,7104670.904761901,10979.071428571422,7093995.833333328,7104670.904761909,4,17585.294430368718,10868790.62242097,335
886,238,7115057.380952404,10624.476190476189,7104670.904761909,7115057.380952386,2,12513.830470784565,10881304.452891754,298
887,197,7125484.8571428815,10624.476190476189,7115057.380952386,7125484.857142866,4,11009.870162867232,10892314.323054621,251
888,146,7136113.761904789,10774.904761904767,7125484.857142866,7136113.7619047705,3,7839.8646100864535,10900154.187664708,178
889,283,7146605.666666694,10774.904761904767,7136113.7619047705,7146605.666666669,0,15182.831706584442,10915337.019371293,322
890,271,7158126.809523824,11792.142857142855,7146605.666666669,7158126.809523812,0,11776.83671560259,10927113.856086897,331
891,241,7169677.952380966,11792.142857142855,7158126.809523812,7169677.952380949,0,12988.12466318065,10940101.980750076,303
892,245,7180974.26190477,11541.30952380952,7169677.952380949,7180974.261904753,0,10216.72160377299,10950318.70235385,406
893,28,7192487.571428574,11541.30952380952,7180974.261904753,7192487.571428564,0,4584.01571917607,10954902.718073025,200
894,253,7203440.452380961,11205.880952380967,7192487.571428564,7203440.452380949,0,12815.987796973754,10967718.705869999,259
895,189,7214457.333333345,11205.880952380967,7203440.452380949,7214457.33333334,0,15088.782877271467,10982807.48874727,290
896,79,7224923.523809541,10545.190476190486,7214457.33333334,7224923.523809517,0,5878.762844376774,10988686.251591647,143
897,262,7235206.714285718,10545.190476190486,7224923.523809517,7235206.714285721,0,15939.698764446506,11004625.950356094,318
898,257,7244592.428571433,9642.714285714286,7235206.714285721,7244592.428571432,0,13562.79770924544,11018188.74806534,361
899,186,7254049.142857144,9642.714285714286,7244592.428571432,7254049.142857145,0,12266.593815638547,11030455.341880977,229
900,291,7263312.904761902,9554.761904761903,7254049.142857145,7263312.904761905,0,12990.54792129724,11043445.889802275,439
901,154,7272713.666666662,9554.761904761903,7263312.904761905,7272713.666666679,0,9316.356791599852,11052762.246593876,204
902,127,7283327.190476218,10740.523809523826,7272713.666666679,7283327.190476184,0,8806.59125823804,11061568.837852113,170
903,286,7293781.714285723,10740.523809523826,7283327.190476184,7293781.714285716,0,17220.161592845085,11078788.999444958,333
904,206,7304889.476190472,11313.761904761905,7293781.714285716,7304889.476190466,0,13044.743243124172,11091833.742688082,330
905,148,7316055.238095222,11313.761904761905,7304889.476190466,7316055.238095234,2,9048.053017114235,11100881.795705196,150
906,225,7326974.928571425,11144.690476190484,7316055.238095234,7326974.928571426,1,12932.90797331866,11113814.703678515,248
907,66,7338053.619047618,11144.690476190484,7326974.928571426,7338053.619047617,15,7411.905268014002,11121226.608946528,86
908,349,7347911.619047624,10207.000000000002,7338053.619047617,7347911.619047611,6,25409.05155839419,11146635.660504922,357
909,179,7357939.6190476185,10207.000000000002,7347911.619047611,7357939.619047616,0,10540.735965903415,11157176.396470826,369
910,186,7366401.57142859,8647.95238095239,7357939.619047616,7366401.571428573,2,10806.180138537486,11167982.576609364,208
911,248,7374801.523809548,8647.95238095239,7366401.571428573,7374801.523809507,0,17411.570223262977,11185394.146832626,251
912,224,7381037.047619061,6459.523809523805,7374801.523809507,7381037.047619046,1,12567.595144723025,11197961.741977349,344
913,184,7387312.5714286,6459.523809523805,7381037.047619046,7387312.571428578,0,12889.900368060162,11210851.64234541,201
914,133,7391346.000000033,4166.428571428578,7387312.571428578,7391345.999999996,0,7489.188882123931,11218340.831227534,207
915,280,7395232.4285714505,4166.428571428578,7391345.999999996,7395232.428571431,0,12894.864984651223,11231235.696212186,282
916,301,7397192.64285719,2261.214285714292,7395232.428571431,7397192.642857139,0,12211.137788752716,11243446.834000938,310
917,217,7399236.857142898,2261.214285714292,7397192.642857139,7399236.857142858,3,14812.048834591356,11258258.88283553,263
918,198,7400293.333333396,1254.47619047619,7399236.857142858,7400293.333333334,1,9076.84713356597,11267335.729969095,293
919,361,7401186.809523872,1254.47619047619,7400293.333333334,7401186.809523803,0,17538.644395496336,11284874.374364592,419
920,127,7402197.190476243,1137.3809523809502,7401186.809523803,7402197.190476181,0,7899.393683029891,11292773.768047621,179
921,214,7403120.571428621,1137.3809523809502,7402197.190476181,7403120.571428559,1,12496.276986369156,11305270.045033991,219
922,224,7405792.928571455,2896.3571428571463,7403120.571428559,7405792.928571426,0,10326.981026343901,11315597.026060335,224
923,295,7408394.285714323,2896.3571428571463,7405792.928571426,7408394.285714276,2,20460.01414944796,11336057.040209783,343
924,68,7414441.976190474,6115.690476190475,7408394.285714276,7414441.976190483,5,6118.201631256701,11342175.24184104,74
925,210,7420347.666666681,6115.690476190475,7414441.976190483,7420347.666666681,5,10220.998914744985,11352396.240755785,216
926,283,7428028.666666682,7963.999999999989,7420347.666666681,7428028.6666666735,0,19011.666014222996,11371407.906770008,284
927,193,7435799.666666674,7963.999999999989,7428028.6666666735,7435799.666666673,0,10846.56585187382,11382254.472621882,436
928,99,7444719.833333349,9019.166666666664,7435799.666666673,7444719.833333317,0,9293.859947760804,11391548.332569644,109
929,106,7453632.9999999935,9019.166666666664,7444719.833333317,7453633.000000002,0,9780.374185136283,11401328.70675478,194
930,417,7464063.785714301,10847.785714285717,7453633.000000002,7464063.78571429,0,22603.737234123753,11423932.443988902,518
931,268,7474643.5714285895,10847.785714285717,7464063.78571429,7474643.57142858,0,8860.005003178117,11432792.448992081,303
932,213,7485409.642857153,10979.071428571422,7474643.57142858,7485409.642857153,0,10776.383496391116,11443568.832488472,251
933,256,7496132.714285726,10979.071428571422,7485409.642857153,7496132.714285714,0,13264.856435509193,11456833.688923981,336
934,212,7506545.190476209,10624.476190476189,7496132.714285714,7506545.190476182,0,13153.91964318127,11469987.608567161,283
935,159,7517010.666666677,10624.476190476189,7506545.190476182,7517010.666666666,0,8202.455990360086,11478190.06455752,210
936,189,7527596.5714285895,10774.904761904767,7517010.666666666,7527596.571428562,0,8447.89566286614,11486637.960220387,205
937,226,7538145.476190485,10774.904761904767,7527596.571428562,7538145.47619047,0,10906.855593104254,11497544.815813491,227
938,253,7549684.619047625,11792.142857142855,7538145.47619047,7549684.619047623,0,17257.534837277046,11514802.350650769,257
939,258,7561218.761904778,11792.142857142855,7549684.619047623,7561218.76190476,0,12579.319851486454,11527381.670502255,363
940,162,7572598.071428581,11541.30952380952,7561218.76190476,7572598.071428562,0,10334.657230492328,11537716.327732747,203
941,350,7583789.380952382,11541.30952380952,7572598.071428562,7583789.38095239,0,14432.185572220402,11552148.513304967,428
942,116,7594879.261904786,11205.880952380967,7583789.38095239,7594879.261904756,0,8684.039354217042,11560832.552659184,274
943,182,7605903.142857152,11205.880952380967,7594879.261904756,7605903.142857159,0,10053.774713436089,11570886.32737262,202
944,259,7616189.33333336,10545.190476190486,7605903.142857159,7616189.333333324,2,14212.295126069028,11585098.62249869,331
945,153,7626581.523809525,10545.190476190486,7616189.333333324,7626581.523809526,0,8151.528185785392,11593250.150684474,236
946,268,7635956.238095238,9642.714285714286,7626581.523809526,7635956.238095233,2,15730.606864305879,11608980.75754878,283
947,270,7645328.952380945,9642.714285714286,7635956.238095233,7645328.952380943,4,14126.480567637938,11623107.238116417,456
948,159,7654724.714285701,9554.761904761903,7645328.952380943,7654724.714285713,1,9148.69121378882,11632255.929330206,163
949,274,7664005.47619047,9554.761904761903,7654724.714285713,7664005.476190461,0,13606.555474538447,11645862.484804744,366
950,219,7674527.0,10740.523809523826,7664005.476190461,7674527.000000016,0,11862.800607536708,11657725.28541228,329
951,231,7685036.523809555,10740.523809523826,7674527.000000016,7685036.523809523,2,11910.456426034132,11669635.741838314,255
952,164,7696186.285714279,11313.761904761905,7685036.523809523,7696186.285714285,4,6297.521826504253,11675933.263664817,169
953,310,7707190.047619041,11313.761904761905,7696186.285714285,7707190.047619043,0,13815.308178671337,11689748.571843488,310
954,194,7718140.738095234,11144.690476190484,7707190.047619043,7718140.738095243,0,11352.544520755539,11701101.116364244,212
955,219,7729066.428571435,11144.690476190484,7718140.738095243,7729066.4285714235,0,11313.078391695171,11712414.19475594,260
956,205,7739068.428571431,10207.000000000002,7729066.4285714235,7739068.428571426,0,9946.818227605145,11722361.012983546,207
957,351,7748924.428571434,10207.000000000002,7739068.428571426,7748924.4285714235,0,16814.58175044626,11739175.594733993,352
958,66,7757506.380952398,8647.95238095239,7748924.4285714235,7757506.380952373,0,6963.41155572036,11746139.006289713,80
959,291,7765863.333333348,8647.95238095239,7757506.380952373,7765863.333333343,1,15649.792350512658,11761788.798640225,331
960,364,7771958.857142897,6459.523809523805,7765863.333333343,7771958.857142861,0,20720.11301839038,11782508.911658615,399
961,249,7778169.380952415,6459.523809523805,7771958.857142861,7778169.380952373,0,10018.409846215935,11792527.321504831,377
962,159,7782176.809523827,4166.428571428578,7778169.380952373,7782176.809523814,2,7755.2048113138135,11800282.526316145,172
963,128,7786215.238095269,4166.428571428578,7782176.809523814,7786215.238095233,7,8664.14044064595,11808946.666756792,155
964,434,7788042.4523809925,2261.214285714292,7786215.238095233,7788042.452380941,0,16020.1409790661,11824966.807735858,438
965,160,7790143.6666667005,2261.214285714292,7788042.452380941,7790143.666666652,2,7681.405778539638,11832648.213514399,281
966,250,7791148.14285719,1254.47619047619,7790143.666666652,7791148.142857156,0,15752.98299338959,11848401.19650779,254
967,293,7792109.619047694,1254.47619047619,7791148.142857156,7792109.619047609,0,15784.069891699068,11864185.266399488,296
968,105,7793142.000000049,1137.3809523809502,7792109.619047609,7793142.000000001,1,8395.021650367722,11872580.288049856,107
969,203,7794076.380952441,1137.3809523809502,7793142.000000001,7794076.380952372,0,9513.939370155133,11882094.227420012,209
970,231,7796741.738095269,2896.3571428571463,7794076.380952372,7796741.738095235,0,16900.080969160826,11898994.308389172,231
971,188,7799450.0952381315,2896.3571428571463,7796741.738095235,7799450.095238101,0,13790.991950123625,11912785.300339296,189
972,375,7805190.7857142985,6115.690476190475,7799450.095238101,7805190.785714278,0,18538.63385506335,11931323.93419436,375
973,247,7811059.476190476,6115.690476190475,7805190.785714278,7811059.476190465,0,10458.148069428136,11941782.082263788,247
974,258,7818765.4761904655,7963.999999999989,7811059.476190465,7818765.476190477,0,11591.663340787427,11953373.745604577,260
975,133,7826596.476190478,7963.999999999989,7818765.476190477,7826596.476190482,5,7234.74883108801,11960608.494435664,223
976,298,7835317.642857159,9019.166666666664,7826596.476190482,7835317.642857145,2,21833.953068409228,11982442.447504073,324
977,247,7844089.809523821,9019.166666666664,7835317.642857145,7844089.809523814,1,13496.842027985218,11995939.289532058,342
978,190,7854747.595238114,10847.785714285717,7844089.809523814,7854747.595238095,2,8759.177882808268,12004698.467414867,249
979,193,7865402.380952395,10847.785714285717,7854747.595238095,7865402.380952392,3,11015.298534387373,12015713.765949255,215
980,299,7876082.4523809645,10979.071428571422,7865402.380952392,7876082.452380955,0,12250.538243215975,12027964.30419247,303
981,220,7886841.523809528,10979.071428571422,7876082.452380955,7886841.523809527,4,10854.916039108826,12038819.22023158,228
982,334,7897132.000000022,10624.476190476189,7886841.523809527,7897132.0,2,16284.724846097732,12055103.945077678,336
983,202,7907554.476190495,10624.476190476189,7897132.0,7907554.476190469,0,9973.432630857227,12065077.377708536,248
984,208,7918121.380952393,10774.904761904767,7907554.476190469,7918121.380952384,0,9662.252935735796,12074739.630644271,208
985,213,7928683.285714308,10774.904761904767,7918121.380952384,7928683.285714276,0,10103.89853497536,12084843.529179247,235
986,267,7940208.428571431,11792.142857142855,7928683.285714276,7940208.428571425,0,18242.525153197355,12103086.054332444,275
987,162,7951838.57142858,11792.142857142855,7940208.428571425,7951838.571428565,0,9025.283422628887,12112111.337755073,351
988,364,7963015.880952386,11541.30952380952,7951838.571428565,7963015.8809523815,0,15618.938720569198,12127730.276475642,370
989,233,7974324.190476202,11541.30952380952,7963015.8809523815,7974324.190476191,0,10379.895094498974,12138110.17157014,234
990,113,7985417.071428588,11205.880952380967,7974324.190476191,7985417.071428565,0,9080.383824406086,12147190.555394547,288
991,176,7996446.952380962,11205.880952380967,7985417.071428565,7996446.95238095,0,12357.783056202394,12159548.33845075,188
992,199,8006793.142857151,10545.190476190486,7996446.95238095,8006793.142857147,2,12084.745048632556,12171633.083499383,346
993,240,8017098.333333349,10545.190476190486,8006793.142857147,8017098.333333338,0,15938.27169847393,12187571.355197856,397
994,30,8026711.047619049,9642.714285714286,8017098.333333338,8026711.047619049,1,4338.393221331766,12191909.748419188,247
995,203,8036150.761904761,9642.714285714286,8026711.047619049,8036150.761904761,3,11749.991337253927,12203659.739756443,228
996,43,8045662.523809519,9554.761904761903,8036150.761904761,8045662.523809528,1,4505.995141739106,12208165.734898182,168
997,334,8054883.285714285,9554.761904761903,8045662.523809528,8054883.285714289,3,18836.539818334182,12227002.274716515,380
998,189,8065434.809523828,10740.523809523826,8054883.285714289,8065434.809523805,0,8358.787711289004,12235361.062427804,506
999,86,8076089.333333344,10740.523809523826,8065434.809523805,8076089.33333333,0,5935.974748334751,12241297.037176138,164
1000,178,8087225.095238086,11313.761904761905,8076089.33333333,8087225.095238091,0,11465.943261139171,12252762.980437277,187
1001,392,8098146.857142847,11313.761904761905,8087225.095238091,8098146.857142842,0,28576.09833136694,12281339.078768644,392
1002,98,8109193.547619034,11144.690476190484,8098146.857142842,8109193.547619045,0,7491.702172355013,12288830.780941,344
1003,115,8120223.238095236,11144.690476190484,8109193.547619045,8120223.238095247,0,8394.294791406992,12297225.075732408,137
1004,398,8130032.238095255,10207.000000000002,8120223.238095247,8130032.2380952425,0,18507.28729922895,12315732.363031637,401
1005,357,8139882.23809525,10207.000000000002,8130032.2380952425,8139882.238095238,0,10360.546732555511,12326092.909764193,442
1006,119,8148411.190476213,8647.95238095239,8139882.238095238,8148411.19047619,0,7352.1182590280705,12333445.02802322,119
1007,237,8156822.142857165,8647.95238095239,8148411.19047619,8156822.142857154,0,10188.681745231905,12343633.709768452,258
1008,338,8162943.666666708,6459.523809523805,8156822.142857154,8162943.6666666735,0,19101.77895480859,12362735.48872326,338
1009,254,8169149.190476228,6459.523809523805,8162943.6666666735,8169149.190476174,0,8959.514572881812,12371695.00329614,264
1010,207,8173108.619047628,4166.428571428578,8169149.190476174,8173108.619047619,0,10983.836399632251,12382678.839695772,241
1011,250,8177025.047619074,4166.428571428578,8173108.619047619,8177025.047619047,0,12062.321283149979,12394741.160978923,315
1012,98,8179188.261904806,2261.214285714292,8177025.047619047,8179188.261904754,0,5411.792807638091,12400152.953786561,98
1013,368,8181081.476190513,2261.214285714292,8179188.261904754,8181081.4761904795,0,14635.929591023352,12414788.883377584,368
1014,193,8182142.952381018,1254.47619047619,8181081.4761904795,8182142.952380952,0,8422.607658020108,12423211.491035603,377
1015,421,8182976.428571491,1254.47619047619,8182142.952380952,8182976.428571441,0,26360.32830841386,12449571.819344018,421
1016,53,8184060.809523881,1137.3809523809502,8182976.428571441,8184060.809523806,0,5370.436285286371,12454942.255629305,133
1017,119,8185079.190476246,1137.3809523809502,8184060.809523806,8185079.19047619,0,9412.162343467842,12464354.417972773,119
1018,221,8187754.547619087,2896.3571428571463,8185079.19047619,8187754.54761905,0,10709.178910750368,12475063.596883524,221
1019,406,8190244.904761947,2896.3571428571463,8187754.54761905,8190244.904761911,0,23039.474767079184,12498103.071650604,411
1020,169,8196191.595238109,6115.690476190475,8190244.904761911,8196191.595238093,0,10167.413235252388,12508270.484885857,175
1021,41,8202266.285714291,6115.690476190475,8196191.595238093,8202266.285714289,3,4878.775498068376,12513149.260383924,46
1022,299,8209931.28571429,7963.999999999989,8202266.285714289,8209931.285714276,6,20777.204865783027,12533926.465249708,305
1023,253,8217642.285714277,7963.999999999989,8209931.285714276,8217642.28571429,0,17023.754818917532,12550950.220068626,548
1024,22,8226639.452380966,9019.166666666664,8217642.28571429,8226639.452380954,2,3927.4804213165944,12554877.700489942,194
1025,210,8235448.619047631,9019.166666666664,8226639.452380954,8235448.619047621,0,13824.636270635694,12568702.336760577,221
1026,332,8245964.404761921,10847.785714285717,8235448.619047621,8245964.4047619,0,16198.812261748028,12584901.149022324,361
1027,222,8256590.1904762,10847.785714285717,8245964.4047619,8256590.190476194,0,11304.124085769176,12596205.273108093,300
1028,190,8267379.261904767,10979.071428571422,8256590.190476194,8267379.26190475,0,7205.658292067723,12603410.931400161,239
1029,168,8278190.333333323,10979.071428571422,8267379.26190475,8278190.333333321,0,7980.723186528945,12611391.65458669,171
1030,80,8288734.809523816,10624.476190476189,8278190.333333321,8288734.809523816,11,9131.406512113776,12620523.061098803,133
1031,373,8298986.2857143115,10624.476190476189,8288734.809523816,8298986.285714278,8,20828.38084063373,12641351.441939436,436
1032,244,8309517.1904762015,10774.904761904767,8298986.285714278,8309517.190476189,0,13893.78123103068,12655245.223170467,303
1033,202,8320090.095238113,10774.904761904767,8309517.190476189,8320090.09523809,4,10440.785998261665,12665686.00916873,276
1034,177,8331705.238095244,11792.142857142855,8320090.09523809,8331705.238095237,11,10848.854707868946,12676534.863876598,200
1035,264,8343233.380952392,11792.142857142855,8331705.238095237,8343233.380952377,0,14394.965869061445,12690929.82974566,429
1036,67,8354707.690476198,11541.30952380952,8343233.380952377,8354707.690476201,0,5545.789919042929,12696475.619664703,81
1037,360,8365889.000000021,11541.30952380952,8354707.690476201,8365889.0,1,15200.047593344854,12711675.667258047,421
1038,242,8376852.880952396,11205.880952380967,8365889.0,8376852.880952375,2,16418.7545384736,12728094.42179652,270
1039,141,8387917.761904771,11205.880952380967,8376852.880952375,8387917.761904764,1,8236.324966200082,12736330.746762719,189
1040,229,8398233.952380944,10545.190476190486,8387917.761904764,8398233.952380942,5,12530.780766191456,12748861.52752891,236
1041,197,8408582.1428571,10545.190476190486,8398233.952380942,8408582.142857147,0,11687.190496895613,12760548.718025805,370
1042,175,8418049.857142884,9642.714285714286,8408582.142857147,8418049.857142862,0,10973.76572951614,12771522.483755322,304
1043,195,8427497.571428599,9642.714285714286,8418049.857142862,8427497.571428562,0,10425.539443754002,12781948.023199076,274
1044,160,8436892.33333335,9554.761904761903,8427497.571428562,8436892.333333336,0,8679.32729038846,12790627.350489464,336
1045,218,8446229.095238125,9554.761904761903,8436892.333333336,8446229.095238097,0,16145.792683040705,12806773.143172504,250
1046,218,8456751.619047605,10740.523809523826,8446229.095238097,8456751.619047623,0,12949.755446293768,12819722.898618799,349
1047,251,8467241.14285713,10740.523809523826,8456751.619047623,8467241.142857132,0,15704.670265609662,12835427.568884408,296
1048,84,8478470.904761907,11313.761904761905,8467241.142857132,8478470.9047619,0,6717.128721525783,12842144.697605934,235
1049,279,8489505.666666673,11313.761904761905,8478470.9047619,8489505.666666664,0,13138.79374461823,12855283.491350552,299
1050,281,8500369.357142862,11144.690476190484,8489505.666666664,8500369.357142845,0,13052.116489956896,12868335.607840508,381
1051,209,8511305.047619043,11144.690476190484,8500369.357142845,8511305.047619037,1,11103.952712995666,12879439.560553504,251
1052,147,8521365.047619062,10207.000000000002,8511305.047619037,8521365.047619067,0,7076.378457686334,12886515.93901119,152
1053,307,8531265.047619091,10207.000000000002,8521365.047619067,8531265.047619052,1,16004.42201349129,12902520.361024681,325
1054,222,8539691.000000037,8647.95238095239,8531265.047619052,8539691.000000006,2,11761.857765018609,12914282.2187897,307
1055,309,8548029.95238099,8647.95238095239,8539691.000000006,8548029.952380968,0,16567.22307852099,12930849.441868221,318
1056,157,8554332.476190485,6459.523809523805,8548029.952380968,8554332.476190453,0,10402.894057021082,12941252.335925242,281
1057,142,8560649.99999997,6459.523809523805,8554332.476190453,8560650.000000004,0,8825.97572317145,12950078.311648414,149
1058,255,8564561.428571466,4166.428571428578,8560650.000000004,8564561.428571437,0,11599.716283840708,12961678.027932255,259
1059,224,8568503.8571429,4166.428571428578,8564561.428571437,8568503.857142858,0,10059.680111025753,12971737.708043281,299
1060,223,8570542.071428668,2261.214285714292,8568503.857142858,8570542.07142856,1,15723.777040110164,12987461.485083392,260
1061,259,8572544.28571437,2261.214285714292,8570542.07142856,8572544.28571429,0,13201.247789391424,13000662.732872784,303
1062,244,8573554.761904832,1254.47619047619,8572544.28571429,8573554.761904769,6,13679.003515394195,13014341.736388179,307
1063,197,8574612.238095311,1254.47619047619,8573554.761904769,8574612.238095246,8,10693.125389127292,13025034.861777306,236
1064,306,8575443.619047724,1137.3809523809502,8574612.238095246,8575443.619047638,0,14361.78844176442,13039396.65021907,386
1065,123,8576458.000000115,1137.3809523809502,8575443.619047638,8576458.00000001,6,7429.053263035856,13046825.703482106,153
1066,260,8579094.35714293,2896.3571428571463,8576458.00000001,8579094.357142832,6,11050.822164277359,13057876.525646383,268
1067,136,8581854.714285754,2896.3571428571463,8579094.357142832,8581854.714285713,3,11804.860340299481,13069681.385986682,139
1068,276,8587694.404761922,6115.690476190475,8581854.714285713,8587694.404761901,3,14661.26909591691,13084342.655082598,279
1069,248,8593562.09523811,6115.690476190475,8587694.404761901,8593562.095238103,5,13396.9147557707,13097739.56983837,256
1070,109,8601417.095238114,7963.999999999989,8593562.095238103,8601417.095238104,7,9457.59346852675,13107197.163306896,195
1071,277,8609104.095238116,7963.999999999989,8601417.095238104,8609104.095238086,3,16407.093318578176,13123604.256625473,312
1072,266,8617857.261904798,9019.166666666664,8609104.095238086,8617857.261904752,12,15275.496246113245,13138879.752871586,363
1073,201,8626675.428571464,9019.166666666664,8617857.261904752,8626675.428571433,21,10038.987838697874,13148918.740710285,319
1074,183,8637340.214285731,10847.785714285717,8626675.428571433,8637340.214285707,0,11616.446007747181,13160535.186718032,201
1075,339,8647849.000000006,10847.785714285717,8637340.214285707,8647849.0,0,13614.858434915453,13174150.045152947,385
1076,59,8658769.071428597,10979.071428571422,8647849.0,8658769.071428567,2,4963.914699488146,13179113.959852435,155
1077,285,8669463.142857164,10979.071428571422,8658769.071428567,8669463.142857121,48,15147.648131653772,13194261.607984088,362
1078,248,8679839.619047584,10624.476190476189,8669463.142857121,8679839.619047608,0,13065.169706619161,13207326.777690707,298
1079,259,8690205.095238071,10624.476190476189,8679839.619047608,8690205.095238103,0,16886.01280824743,13224212.790498953,317
1080,123,8700857.00000001,10774.904761904767,8690205.095238103,8700857.0,7,7713.899492734422,13231926.689991688,223
1081,355,8711276.904761907,10774.904761904767,8700857.0,8711276.90476191,0,16079.56269846187,13248006.25269015,400
1082,107,8722962.047619052,11792.142857142855,8711276.90476191,8722962.04761906,1,6816.9261447134795,13254823.178834863,152
1083,376,8734378.190476201,11792.142857142855,8722962.04761906,8734378.190476198,0,14200.87861212664,13269024.05744699,406
1084,155,8745764.500000019,11541.30952380952,8734378.190476198,8745764.499999994,1,8922.396551877424,13277946.453998867,202
1085,239,8757066.809523815,11541.30952380952,8745764.499999994,8757066.809523806,0,12991.022515290502,13290937.476514159,305
1086,249,8768023.6904762,11205.880952380967,8757066.809523806,8768023.690476203,2,14885.392166184476,13305822.868680343,273
1087,176,8779053.571428597,11205.880952380967,8768023.690476203,8779053.571428562,0,8518.83461809282,13314341.703298436,325
1088,168,8789430.76190472,10545.190476190486,8779053.571428562,8789430.761904743,3,11208.200595936032,13325549.903894372,271
1089,163,8799812.952380901,10545.190476190486,8789430.761904743,8799812.95238095,3,10376.085735956967,13335925.989630328,210
1090,49,8809406.666666687,9642.714285714286,8799812.95238095,8809406.666666659,12,5917.633029609628,13341843.622659938,114
1091,158,8818891.380952395,9642.714285714286,8809406.666666659,8818891.380952364,4,12129.28803306259,13353972.910693001,191
1092,321,8828125.142857153,9554.761904761903,8818891.380952364,8828125.142857147,6,22130.37421412939,13376103.28490713,387
1093,212,8837467.904761937,9554.761904761903,8828125.142857147,8837467.904761912,0,13178.164168772939,13389281.449075904,433
1094,212,8847996.42857142,10740.523809523826,8837467.904761912,8847996.428571414,0,10970.92672649263,13400252.375802396,279
1095,220,8858516.952380922,10740.523809523826,8847996.428571414,8858516.952380951,1,9833.330802158705,13410085.706604555,277
1096,250,8869580.714285726,11313.761904761905,8858516.952380951,8869580.71428572,2,11984.633137897248,13422070.339742452,261
1097,296,8880598.476190494,11313.761904761905,8869580.71428572,8880598.476190487,0,15783.633880689358,13437853.973623142,333
1098,240,8891503.166666685,11144.690476190484,8880598.476190487,8891503.166666692,0,11813.793261587864,13449667.76688473,280
1099,123,8902524.85714289,11144.690476190484,8891503.166666692,8902524.857142866,0,10315.560555996948,13459983.327440726,194
1100,172,8912559.85714289,10207.000000000002,8902524.857142866,8912559.857142854,0,11243.218208312675,13471226.545649039,212
1101,311,8922455.857142879,10207.000000000002,8912559.857142854,8922455.857142854,0,14973.949665730685,13486200.49531477,337
1102,253,8930850.80952384,8647.95238095239,8922455.857142854,8930850.809523802,0,14123.728579960203,13500324.22389473,254
1103,145,8939353.761904787,8647.95238095239,8930850.809523802,8939353.761904776,7,8139.40940084682,13508463.633295577,190
1104,209,8946783.261904776,7638.5,8939353.761904776,8946783.261904776,0,12624.308852810273,13521087.942148387,209
1105,146,8954275.761904776,7638.5,8946783.261904776,8954275.761904778,2,13289.252968694193,13534377.195117082,162
1106,324,8959159.261904778,5207.5,8954275.761904778,8959159.261904776,0,14474.214759671082,13548851.409876753,351
1107,240,8964126.761904776,5207.5,8959159.261904776,8964126.761904776,2,12679.540578112608,13561530.950454865,283
1108,178,8967129.386904776,3180.625,8964126.761904776,8967129.386904776,2,13041.071412315068,13574572.02186718,216
1109,263,8970047.011904776,3180.625,8967129.386904776,8970047.011904778,0,14278.233438978416,13588850.255306158,264
1110,218,8971638.324404778,1809.3125,8970047.011904778,8971638.324404778,0,13517.15276982449,13602367.408075983,253
1111,172,8973275.636904778,1809.3125,8971638.324404778,8973275.636904776,0,11069.147372479161,13613436.555448461,294
1112,199,8974543.699404776,1467.0625,8973275.636904776,8974543.699404778,1,10433.654599105343,13623870.210047567,200
1113,247,8975763.761904778,1467.0625,8974543.699404778,8975763.761904776,2,12951.822533868593,13636822.032581436,256
1114,204,8978584.636904776,3024.875,8975763.761904776,8978584.636904776,12,10633.710425612631,13647455.743007049,217
1115,350,8981259.511904776,3024.875,8978584.636904776,8981259.511904776,0,12672.458571952588,13660128.201579,354
1116,314,8985558.949404776,4613.4375,8981259.511904776,8985558.949404774,0,15169.121151197072,13675297.322730199,317
1117,239,8989933.386904774,4613.4375,8985558.949404774,8989933.386904778,0,12785.5756726329,13688082.89840283,240
1118,287,8995977.949404778,6331.5625,8989933.386904778,8995977.949404776,0,14253.22035351577,13702336.118756346,288
1119,346,9001963.511904776,6331.5625,8995977.949404776,9001963.511904776,0,12594.70417004077,13714930.822926387,370
1120,291,9010385.511904776,8713.0,9001963.511904776,9010385.511904776,0,9260.889594381137,13724191.712520769,306
1121,151,9018947.511904776,8713.0,9010385.511904776,9018947.511904776,0,9222.239561259583,13733413.952082029,152
1122,311,9028227.386904776,9590.875,9018947.511904776,9028227.386904776,10,11910.919341418192,13745324.871423448,337
1123,220,9037598.261904776,9590.875,9028227.386904776,9037598.261904776,0,9727.973413243037,13755052.844836691,233
1124,409,9047128.636904776,9939.375,9037598.261904776,9047128.636904778,0,16526.66568302849,13771579.51051972,442
1125,198,9056870.011904778,9939.375,9047128.636904778,9056870.011904778,0,12208.684949954979,13783788.195469676,217
1126,140,9066939.636904778,10209.625,9056870.011904778,9066939.63690478,0,7789.015547649109,13791577.211017326,189
1127,166,9076983.26190478,10209.625,9066939.63690478,9076983.26190478,0,14133.663931258992,13805710.874948585,192
1128,232,9087435.51190478,10684.25,9076983.26190478,9087435.51190478,0,16748.81063019073,13822459.685578777,265
1129,123,9097996.76190478,10684.25,9087435.51190478,9097996.761904782,0,10004.112969653124,13832463.79854843,290
1130,267,9108933.574404782,11203.8125,9097996.761904782,9108933.57440478,1,13008.477415031643,13845472.275963461,354
1131,157,9119980.38690478,11203.8125,9108933.57440478,9119980.386904782,3,8133.237205780928,13853605.513169242,212
1132,162,9130857.574404782,11039.1875,9119980.386904782,9130857.574404784,5,8511.139249625385,13862116.652418867,177
1133,53,9141843.761904784,11039.1875,9130857.574404784,9141843.761904784,12,7223.984646742278,13869340.63706561,169
1134,466,9152141.386904784,10763.625,9141843.761904784,9152141.386904782,0,25065.42425672119,13894406.061322331,494
1135,112,9162793.011904782,10763.625,9152141.386904782,9162793.011904782,0,7861.776475221553,13902267.837797552,388
1136,179,9173251.636904782,10637.625,9162793.011904782,9173251.636904782,2,11358.914143638238,13913626.751941191,191
1137,238,9183651.261904782,10637.625,9173251.636904782,9183651.261904782,2,13855.323839011533,13927482.075780202,283
1138,137,9194464.949404782,10950.6875,9183651.261904782,9194464.949404782,1,8977.214975456172,13936459.290755657,181
1139,336,9205079.636904782,10950.6875,9194464.949404782,9205079.636904782,0,18043.45132225852,13954502.742077917,417
1140,159,9215240.761904782,10320.125,9205079.636904782,9215240.761904782,6,9749.948282768226,13964252.690360686,351
1141,167,9225393.886904782,10320.125,9215240.761904782,9225393.88690478,0,8215.115855444035,13972467.80621613,168
1142,150,9235798.82440478,10554.9375,9225393.88690478,9235798.824404782,0,9931.0363033203,13982398.842519451,190
1143,223,9246130.761904782,10554.9375,9235798.824404782,9246130.761904778,7,16289.557875968801,13998688.40039542,288
1144,189,9256776.886904778,10835.125,9246130.761904778,9256776.886904778,9,14592.69480376656,14013281.095199186,267
1145,187,9267425.011904778,10835.125,9256776.886904778,9267425.011904778,0,11667.184404595291,14024948.279603781,266
1146,106,9277681.136904778,10362.125,9267425.011904778,9277681.13690478,0,8862.843218164115,14033811.122821946,179
1147,301,9287742.26190478,10362.125,9277681.13690478,9287742.261904778,6,16319.945664043338,14050131.068485988,342
1148,267,9296852.886904778,9377.625,9287742.261904778,9296852.88690478,0,11139.389378118454,14061270.457864108,401
1149,262,9305968.51190478,9377.625,9296852.88690478,9305968.511904778,5,15113.759112496127,14076384.216976603,270
1150,150,9313609.886904778,7791.375,9305968.511904778,9313609.886904778,0,6926.600060804313,14083310.817037407,155
1151,253,9321148.261904778,7791.375,9313609.886904778,9321148.261904778,6,10221.541168445225,14093532.358205853,264
1152,477,9328309.761904778,7638.5,9321148.261904778,9328309.761904778,0,15865.834415707133,14109398.19262156,482
1153,248,9335700.261904778,7638.5,9328309.761904778,9335700.261904778,3,10790.277557376881,14120188.470178938,277
1154,269,9340638.761904778,5207.5,9335700.261904778,9340638.761904778,0,14280.21389307401,14134468.684072012,270
1155,265,9345581.261904778,5207.5,9340638.761904778,9345581.261904778,0,13652.428356353357,14148121.112428365,399
1156,144,9348617.886904778,3180.625,9345581.261904778,9348617.886904778,0,8202.347802323666,14156323.46023069,175
1157,89,9351709.511904778,3180.625,9348617.886904778,9351709.511904778,15,7127.101797860337,14163450.56202855,150
1158,98,9353420.824404778,1809.3125,9351709.511904778,9353420.824404778,9,8911.768362216011,14172362.330390766,107
1159,361,9354869.136904778,1809.3125,9353420.824404778,9354869.136904778,0,24273.892138815965,14196636.222529583,365
1160,126,9356210.199404778,1467.0625,9354869.136904778,9356210.199404778,2,9470.94972205206,14206107.172251634,146
1161,205,9357472.261904778,1467.0625,9356210.199404778,9357472.26190478,6,11556.747115148963,14217663.919366783,219
1162,302,9360195.13690478,3024.875,9357472.26190478,9360195.13690478,1,13558.95536544934,14231222.874732232,316
1163,301,9362919.01190478,3024.875,9360195.13690478,9362919.01190478,2,13394.757799535586,14244617.632531768,308
1164,297,9367235.44940478,4613.4375,9362919.01190478,9367235.449404782,5,13067.50188333166,14257685.1344151,323
1165,286,9371562.886904782,4613.4375,9367235.449404782,9371562.886904782,0,12842.37983607659,14270527.514251176,286
1166,196,9377698.449404782,6331.5625,9371562.886904782,9377698.449404782,5,10457.911640563681,14280985.42589174,209
1167,376,9383654.011904782,6331.5625,9377698.449404782,9383654.011904782,3,14143.61583839663,14295129.041730138,385
1168,132,9392235.011904782,8713.0,9383654.011904782,9392235.01190478,6,7937.243702680789,14303066.285432817,161
1169,304,9400644.01190478,8713.0,9392235.01190478,9400644.011904784,3,14958.220952558742,14318024.506385377,319
1170,197,9410037.886904784,9590.875,9400644.011904784,9410037.886904782,5,11003.726734426717,14329028.233119803,221
1171,171,9419457.761904782,9590.875,9410037.886904782,9419457.761904782,0,14011.893662860144,14343040.126782663,239
1172,184,9429213.136904782,9939.375,9419457.761904782,9429213.13690478,0,14483.265888727125,14357523.39267139,198
1173,261,9438891.51190478,9939.375,9429213.13690478,9438891.511904782,0,18972.987827195502,14376496.380498584,345
1174,145,9448956.136904782,10209.625,9438891.511904782,9448956.136904782,0,10413.776091765754,14386910.15659035,383
1175,186,9458979.761904782,10209.625,9448956.136904782,9458979.76190478,0,10068.404267763644,14396978.560858114,248
1176,126,9469538.01190478,10684.25,9458979.76190478,9469538.01190478,0,7726.658780717042,14404705.21963883,266
1177,140,9480082.26190478,10684.25,9469538.01190478,9480082.26190478,0,11668.770338740189,14416373.98997757,146
1178,370,9490916.07440478,11203.8125,9480082.26190478,9490916.07440478,0,14212.73780639606,14430586.727783967,387
1179,145,9501974.88690478,11203.8125,9490916.07440478,9501974.886904782,1,7290.18977746708,14437876.917561434,387
1180,441,9512573.074404782,11039.1875,9501974.886904782,9512573.07440478,0,15127.070240397255,14453003.987801831,452
1181,89,9523523.26190478,11039.1875,9512573.07440478,9523523.261904782,0,6848.907137497731,14459852.89493933,138
1182,415,9533871.886904782,10763.625,9523523.261904782,9533871.886904782,0,16364.527533324866,14476217.422472654,418
1183,97,9544538.511904782,10763.625,9533871.886904782,9544538.511904782,0,7302.248828205297,14483519.67130086,102
1184,299,9554877.136904782,10637.625,9544538.511904782,9554877.13690478,1,15746.686128375024,14499266.357429234,353
1185,202,9565312.76190478,10637.625,9554877.13690478,9565312.761904782,0,11601.393883048302,14510867.751312282,305
1186,145,9576118.449404782,10950.6875,9565312.761904782,9576118.449404782,1,11004.963201772669,14521872.714514054,320
1187,84,9586985.136904782,10950.6875,9576118.449404782,9586985.136904782,7,7065.975908035603,14528938.69042209,149
1188,262,9597043.261904782,10320.125,9586985.136904782,9597043.261904782,2,16900.286670106925,14545838.977092197,306
1189,231,9607132.386904782,10320.125,9597043.261904782,9607132.386904782,0,12854.023013061855,14558693.00010526,382
1190,174,9617513.324404782,10554.9375,9607132.386904782,9617513.324404782,0,10812.099987915928,14569505.100093177,257
1191,136,9627932.261904782,10554.9375,9617513.324404782,9627932.261904784,0,8480.402118726903,14577985.502211904,177
1192,320,9638447.386904784,10835.125,9627932.261904784,9638447.386904782,1,15628.94855278621,14593614.45076469,407
1193,118,9649164.511904782,10835.125,9638447.386904782,9649164.511904784,1,5421.325222325974,14599035.775987016,262
1194,325,9659201.636904784,10362.125,9649164.511904784,9659201.636904782,0,17776.89672661545,14616812.672713632,329
1195,199,9669364.761904782,10362.125,9659201.636904782,9669364.761904784,2,9446.473918641936,14626259.146632275,346
1196,168,9678574.386904784,9377.625,9669364.761904784,9678574.386904782,0,11505.46221438775,14637764.608846663,206
1197,210,9687742.011904782,9377.625,9678574.386904782,9687742.011904782,0,15125.358097270822,14652889.966943933,268
1198,92,9695441.386904782,7791.375,9687742.011904782,9695441.386904784,0,9324.667346835642,14662214.634290768,148
1199,234,9702998.761904784,7791.375,9695441.386904784,9702998.761904782,1,13212.849092507215,14675427.483383276,273
1200,222,9709236.285714298,6459.523809523805,9702998.761904782,9709236.28571428,1,11679.893058046107,14687107.376441322,289
1201,190,9715505.809523797,6459.523809523805,9709236.28571428,9715505.809523817,0,10150.050266711121,14697257.426708033,269
1202,240,9719432.23809528,4166.428571428578,9715505.809523817,9719432.238095235,7,17390.257194566344,14714647.683902599,247
1203,228,9723370.666666698,4166.428571428578,9719432.238095235,9723370.666666646,3,9492.35216582446,14724140.036068423,318
1204,267,9725364.880952455,2261.214285714292,9723370.666666646,9725364.880952366,1,14093.863821123266,14738233.899889546,275
1205,110,9727516.095238175,2261.214285714292,9725364.880952366,9727516.095238077,11,9075.237845130814,14747309.137734676,136
1206,336,9728434.57142862,1254.47619047619,9727516.095238077,9728434.57142856,6,14675.73641203928,14761984.874146715,343
1207,242,9729447.047619103,1254.47619047619,9728434.57142856,9729447.047619058,4,13902.185755819331,14775887.059902534,277
1208,221,9730363.428571535,1137.3809523809502,9729447.047619058,9730363.428571433,0,15279.69079477721,14791166.750697311,338
1209,128,9731372.80952391,1137.3809523809502,9730363.428571433,9731372.809523797,8,8592.668256483612,14799759.418953795,138
1210,220,9734049.166666718,2896.3571428571463,9731372.809523797,9734049.166666655,6,14128.235268403514,14813887.654222198,296
1211,220,9736725.523809576,2896.3571428571463,9734049.166666655,9736725.523809524,0,12702.269841429865,14826589.924063629,299
1212,217,9742624.214285733,6115.690476190475,9736725.523809524,9742624.214285709,3,11503.368777876281,14838093.292841505,220
1213,130,9748609.904761918,6115.690476190475,9742624.214285709,9748609.904761929,5,7794.326506453794,14845887.61934796,169
1214,194,9756379.90476194,7963.999999999989,9748609.904761929,9756379.904761901,2,13302.573730415486,14859190.193078374,203
1215,250,9764093.904761912,7963.999999999989,9756379.904761901,9764093.904761901,7,14748.457616824278,14873938.6506952,399
1216,260,9772853.071428614,9019.166666666664,9764093.904761901,9772853.071428558,0,13236.273791539923,14887174.92448674,417
1217,177,9781695.23809527,9019.166666666664,9772853.071428558,9781695.23809523,3,9810.142767946829,14896985.067254687,231
1218,250,9792293.023809528,10847.785714285717,9781695.23809523,9792293.023809519,0,14712.834273058712,14911697.901527746,360
1219,126,9803014.809523817,10847.785714285717,9792293.023809519,9803014.80952381,3,7921.473478035775,14919619.375005782,201
1220,189,9813804.880952407,10979.071428571422,9803014.80952381,9813804.880952395,12,10136.878350377065,14929756.253356159,217
1221,263,9824520.952380992,10979.071428571422,9813804.880952395,9824520.952380957,0,14551.35431449582,14944307.607670655,276
1222,183,9834962.42857142,10624.476190476189,9824520.952380957,9834962.428571453,0,12131.978896567038,14956439.586567223,275
1223,355,9845231.904761916,10624.476190476189,9834962.428571453,9845231.904761916,1,11850.732046598883,14968290.318613822,416
1224,221,9855785.809523823,10774.904761904767,9845231.904761916,9855785.809523819,37,15507.543109642027,14983797.861723464,276
1225,245,9866315.714285726,10774.904761904767,9855785.809523819,9866315.714285677,1,12259.040052009215,14996056.901775474,298
1226,182,9877925.85714282,11792.142857142855,9866315.714285677,9877925.857142841,3,8730.311718433695,15004787.213493908,199
1227,150,9889567.999999983,11792.142857142855,9877925.857142841,9889568.000000002,4,9678.92129508291,15014466.13478899,246
1228,217,9900892.309523823,11541.30952380952,9889568.000000002,9900892.309523817,11,14354.743228624346,15028820.878017614,298
1229,186,9912247.619047638,11541.30952380952,9900892.309523817,9912247.619047612,0,9229.953326112467,15038050.831343725,302
1230,258,9923195.500000006,11205.880952380967,9912247.619047612,9923195.499999963,0,10642.068822449208,15048692.900166174,342
1231,303,9934098.380952356,11205.880952380967,9923195.499999963,9934098.380952377,4,20118.82742156277,15068811.727587737,347
1232,206,9944437.571428536,10545.190476190486,9934098.380952377,9944437.571428575,0,11542.694198895477,15080354.421786632,343
1233,190,9954792.761904733,10545.190476190486,9944437.571428575,9954792.761904765,1,8861.921648214477,15089216.343434846,251
1234,205,9964230.476190502,9642.714285714286,9954792.761904765,9964230.476190493,0,9257.624943121275,15098473.968377966,240
1235,316,9973557.19047623,9642.714285714286,9964230.476190493,9973557.190476174,2,14421.096105052842,15112895.064483019,433
1236,206,9982905.952380963,9554.761904761903,9973557.190476174,9982905.952380942,1,9295.878088935435,15122190.942571955,283
1237,384,9992076.714285731,9554.761904761903,9982905.952380942,9992076.71428571,1,10434.016398425865,15132624.958970381,461
1238,66,10002751.238095218,10740.523809523826,9992076.71428571,10002751.238095222,2,6845.12482662322,15139470.083797004,194
1239,231,10013260.76190473,10740.523809523826,10002751.238095222,10013260.761904757,1,12368.41768998932,15151838.501486992,237
1240,234,10024340.523809532,11313.761904761905,10013260.761904757,10024340.52380952,0,11753.669555826345,15163592.171042819,342
1241,174,10035480.285714295,11313.761904761905,10024340.52380952,10035480.28571428,0,9780.777273207816,15173372.948316026,183
1242,247,10046377.976190478,11144.690476190484,10035480.28571428,10046377.976190498,0,14118.657030022814,15187491.60534605,344
1243,148,10057374.666666696,11144.690476190484,10046377.976190498,10057374.666666668,5,8026.0434493457105,15195517.648795396,188
1244,256,10067325.666666692,10207.000000000002,10057374.666666668,10067325.666666662,2,16926.449929157454,15212444.098724553,326
1245,192,10077340.666666687,10207.000000000002,10067325.666666662,10077340.666666651,3,12137.113383071835,15224581.212107625,275
1246,150,10085838.619047636,8647.95238095239,10077340.666666651,10085838.619047614,4,10526.027205269547,15235107.239312895,154
1247,329,10094157.571428599,8647.95238095239,10085838.619047614,10094157.571428569,0,15563.760551717329,15250670.999864612,346
1248,285,10100332.095238086,6459.523809523805,10094157.571428569,10100332.0952381,0,9798.21516576378,15260469.215030376,359
1249,144,10106647.619047618,6459.523809523805,10100332.0952381,10106647.619047621,0,11196.722704319425,15271665.937734695,147
1250,292,10110522.047619084,4166.428571428578,10106647.619047621,10110522.047619028,2,17741.80666395989,15289407.744398655,324
1251,182,10114506.47619049,4166.428571428578,10110522.047619028,10114506.47619049,1,10666.877302644894,15300074.6217013,258
1252,109,10116658.6904763,2261.214285714292,10114506.47619049,10116658.69047621,5,7844.294265779987,15307918.91596708,132
1253,305,10118614.90476202,2261.214285714292,10116658.69047621,10118614.904761914,0,16762.75714071822,15324681.6731078,310
1254,217,10119652.380952457,1254.47619047619,10118614.904761914,10119652.380952379,0,13002.863643030285,15337684.536750829,218
1255,238,10120668.857142922,1254.47619047619,10119652.380952379,10120668.857142873,0,13740.776057971048,15351425.3128088,290
1256,181,10121625.23809535,1137.3809523809502,10120668.857142873,10121625.238095269,0,10638.3467526395,15362063.65956144,225
1257,307,10122455.619047746,1137.3809523809502,10121625.238095269,10122455.619047621,0,13134.19103721051,15375197.85059865,307
1258,213,10125138.976190543,2896.3571428571463,10122455.619047621,10125138.976190465,0,10830.76738834824,15386028.617986998,216
1259,474,10127561.333333386,2896.3571428571463,10125138.976190465,10127561.333333345,0,18323.84266941993,15404352.460656418,476
1260,133,10133544.023809554,6115.690476190475,10127561.333333345,10133544.023809511,3,9605.833385174072,15413958.29404159,136
1261,252,10139407.71428572,6115.690476190475,10133544.023809511,10139407.714285715,1,9195.789129114171,15423154.083170705,253
1262,203,10147168.714285726,7963.999999999989,10139407.714285715,10147168.714285735,3,15643.035312705202,15438797.11848341,206
1263,190,10154942.714285746,7963.999999999989,10147168.714285735,10154942.71428574,0,10818.433337789616,15449615.551821198,381
1264,154,10163807.880952453,9019.166666666664,10154942.71428574,10163807.880952382,0,6731.809790954435,15456347.361612152,176
1265,335,10172492.047619095,9019.166666666664,10163807.880952382,10172492.04761904,0,17157.22505639718,15473504.58666855,379
1266,255,10183084.833333338,10847.785714285717,10172492.04761904,10183084.833333349,0,15714.208823025516,15489218.795491574,274
1267,122,10193810.619047647,10847.785714285717,10183084.833333349,10193810.619047605,0,7037.605886944959,15496256.40137852,134
1268,223,10204566.690476201,10979.071428571422,10193810.619047605,10204566.690476192,0,11423.008903237167,15507679.410281757,243
1269,353,10215192.76190479,10979.071428571422,10204566.690476192,10215192.76190475,0,16134.237436452073,15523813.64771821,412
1270,27,10225790.238095213,10624.476190476189,10215192.76190475,10225790.238095252,0,4377.636837616226,15528191.284555826,37
1271,284,10236130.714285715,10624.476190476189,10225790.238095252,10236130.714285731,0,19811.351481004654,15548002.636036832,303
1272,249,10246656.619047638,10774.904761904767,10236130.714285731,10246656.619047586,8,17571.661424314065,15565574.297461146,344
1273,224,10257207.523809493,10774.904761904767,10246656.619047586,10257207.523809519,1,11059.3054204258,15576633.602881573,364
1274,165,10268834.66666666,11792.142857142855,10257207.523809519,10268834.666666683,3,9946.214967895537,15586579.817849468,180
1275,108,10280518.809523825,11792.142857142855,10268834.666666683,10280518.809523813,3,8873.13016733128,15595452.9480168,114
1276,255,10291805.119047634,11541.30952380952,10280518.809523813,10291805.11904763,4,20015.848835968278,15615468.796852767,294
1277,249,10303097.428571451,11541.30952380952,10291805.11904763,10303097.42857143,0,14452.991709527805,15629921.788562296,415
1278,85,10314218.309523823,11205.880952380967,10303097.42857143,10314218.30952382,0,4855.813825326449,15634777.602387622,129
1279,477,10324947.190476215,11205.880952380967,10314218.30952382,10324947.190476201,0,16961.81642116715,15651739.41880879,483
1280,95,10335397.38095236,10545.190476190486,10324947.190476201,10335397.380952386,0,8044.194237542132,15659783.613046331,121
1281,349,10345593.571428545,10545.190476190486,10335397.380952386,10345593.571428569,0,17049.6140667325,15676833.227113064,430
1282,301,10354935.285714306,9642.714285714286,10345593.571428569,10354935.285714267,0,11916.251938450072,15688749.479051514,353
1283,172,10364406.000000004,9642.714285714286,10354935.285714267,10364405.999999987,1,7315.270513746074,15696064.74956526,245
1284,260,10373700.761904776,9554.761904761903,10364405.999999987,10373700.761904757,1,9533.840335205783,15705598.589900466,277
1285,157,10383098.523809547,9554.761904761903,10373700.761904757,10383098.523809528,1,6852.449127292361,15712451.039027758,187
1286,387,10393452.047619035,10740.523809523826,10383098.523809528,10393452.047619052,0,19134.991562620686,15731586.030590378,402
1287,126,10404066.57142856,10740.523809523826,10393452.047619052,10404066.571428578,0,7457.148500220736,15739043.179090599,338
1288,230,10415150.333333353,11313.761904761905,10404066.571428578,10415150.333333341,0,14055.549970505936,15753098.729061104,265
1289,258,10426206.095238116,11313.761904761905,10415150.333333341,10426206.095238108,0,14618.88853482159,15767717.617595926,385
1290,102,10437248.785714306,11144.690476190484,10426206.095238108,10437248.785714291,0,8266.534180681661,15775984.151776608,127
1291,168,10448225.476190489,11144.690476190484,10437248.785714291,10448225.47619045,0,10578.992785892562,15786563.144562501,246
1292,252,10458180.476190474,10207.000000000002,10448225.47619045,10458180.476190487,0,13442.256038138603,15800005.40060064,302
1293,205,10468182.476190511,10207.000000000002,10458180.476190487,10468182.476190472,0,13698.51052525904,15813703.911125898,262
1294,206,10476624.428571457,8647.95238095239,10468182.476190472,10476624.428571418,0,11819.464101730897,15825523.37522763,251
1295,201,10485071.380952403,8647.95238095239,10476624.428571418,10485071.38095237,0,11501.185997742967,15837024.561225373,223
1296,198,10491332.904761886,6459.523809523805,10485071.38095237,10491332.904761888,0,12156.1475993321,15849180.708824705,220
1297,318,10497474.428571405,6459.523809523805,10491332.904761888,10497474.428571438,0,20435.3550335458,15869616.063858252,318
1298,181,10501459.857142901,4166.428571428578,10497474.428571438,10501459.857142845,0,7335.083209363771,15876951.147067616,320
1299,154,10505472.285714308,4166.428571428578,10501459.857142845,10505472.28571427,0,8218.451697684688,15885169.5987653,154
1300,342,10507391.50000008,2261.214285714292,10505472.28571427,10507391.500000017,0,13373.067242985551,15898542.666008286,378
1301,226,10509426.714285826,2261.214285714292,10507391.500000017,10509426.714285737,0,9773.406110965963,15908316.072119253,302
1302,198,10510483.19047628,1254.47619047619,10509426.714285737,10510483.190476172,3,16088.978498888848,15924405.050618142,204
1303,265,10511472.666666714,1254.47619047619,10510483.190476172,10511472.666666664,1,13397.596945900554,15937802.647564042,266
1304,227,10512383.047619142,1137.3809523809502,10511472.666666664,10512383.047619032,2,11643.021935276847,15949445.669499319,371
1305,137,10513383.42857151,1137.3809523809502,10512383.047619032,10513383.428571409,4,8926.968179561547,15958372.63767888,141
1306,142,10516137.78571433,2896.3571428571463,10513383.428571409,10516137.785714308,3,9163.879618942145,15967536.517297823,145
1307,381,10518653.14285723,2896.3571428571463,10516137.785714308,10518653.142857175,1,20368.123445152567,15987904.640742976,423
1308,24,10524744.833333384,6115.690476190475,10518653.142857175,10524744.833333332,7,4985.969163839791,15992890.609906817,31
1309,327,10530533.523809541,6115.690476190475,10524744.833333332,10530533.523809524,5,19789.377873293357,16012679.98778011,332
1310,245,10538252.523809535,7963.999999999989,10530533.523809524,10538252.523809528,0,17116.678383295646,16029796.666163407,297
1311,142,10546074.52380954,7963.999999999989,10538252.523809528,10546074.523809506,0,10417.497384242275,16040214.16354765,365
1312,198,10554895.690476218,9019.166666666664,10546074.523809506,10554895.690476213,0,12015.429182009362,16052229.59272966,264
1313,47,10563867.857142925,9019.166666666664,10554895.690476213,10563867.857142856,6,5012.446340839468,16057242.0390705,231
1314,311,10574404.642857155,10847.785714285717,10563867.857142856,10574404.642857125,0,15817.451761601678,16073059.490832102,381
1315,287,10584965.428571424,10847.785714285717,10574404.642857125,10584965.428571424,4,12592.43392293147,16085651.924755033,349
1316,241,10595703.50000002,10979.071428571422,10584965.428571424,10595703.499999998,2,11457.453021640926,16097109.377776675,364
1317,203,10606479.571428595,10979.071428571422,10595703.499999998,10606479.571428569,0,9717.347659306086,16106826.725435982,252
1318,237,10616867.047619032,10624.476190476189,10606479.571428569,10616867.047619047,0,12813.514144949691,16119640.239580931,280
1319,167,10627324.52380951,10624.476190476189,10616867.047619047,10627324.52380953,0,9203.708232496865,16128843.947813429,335
1320,184,10637915.428571437,10774.904761904767,10627324.52380953,10637915.428571424,0,10817.71936659631,16139661.667180026,270
1321,163,10648527.33333333,10774.904761904767,10637915.428571424,10648527.333333317,0,10282.660072908098,16149944.327252934,164
1322,257,10660062.476190459,11792.142857142855,10648527.333333317,10660062.476190483,0,12265.26716706394,16162209.594419997,259
1323,134,10671720.619047625,11792.142857142855,10660062.476190483,10671720.61904762,0,8143.098158054608,16170352.692578051,207
1324,429,10682832.92857144,11541.30952380952,10671720.61904762,10682832.928571418,0,21236.92092363721,16191589.613501688,432
1325,143,10694231.238095239,11541.30952380952,10682832.928571418,10694231.238095243,0,7625.011491164888,16199214.624992853,258
1326,82,10705355.119047636,11205.880952380967,10694231.238095243,10705355.119047629,0,6685.111018349736,16205899.736011203,112
1327,242,10716319.000000022,11205.880952380967,10705355.119047629,10716319.000000011,0,18419.702891872712,16224319.438903077,263
1328,234,10726630.19047617,10545.190476190486,10716319.000000011,10726630.190476201,7,15215.015943571869,16239534.454846648,408
1329,156,10737019.38095236,10545.190476190486,10726630.190476201,10737019.38095238,3,8982.490045136148,16248516.944891784,194
1330,103,10746559.095238118,9642.714285714286,10737019.38095238,10746559.09523809,3,6805.349843802123,16255322.294735586,197
1331,318,10755883.809523826,9642.714285714286,10746559.09523809,10755883.809523776,3,14078.729061348264,16269401.023796935,325
1332,244,10765194.571428565,9554.761904761903,10755883.809523776,10765194.571428563,1,9329.737226976067,16278730.76102391,455
1333,274,10774475.333333353,9554.761904761903,10765194.571428563,10774475.333333341,0,12184.720344098312,16290915.481368009,286
1334,358,10784857.857142849,10740.523809523826,10774475.333333341,10784857.857142841,0,20505.912664890893,16311421.3940329,444
1335,133,10795465.380952349,10740.523809523826,10784857.857142841,10795465.380952362,0,7717.725088881506,16319139.11912178,433
1336,189,10806590.142857136,11313.761904761905,10795465.380952362,10806590.142857144,0,9031.842878941728,16328170.962000722,234
1337,67,10817836.904761918,11313.761904761905,10806590.142857144,10817836.904761894,0,5694.300948248781,16333865.262948971,99
1338,357,10828624.595238091,11144.690476190484,10817836.904761894,10828624.595238099,0,19741.51098923027,16353606.773938201,379
1339,192,10839577.285714297,11144.690476190484,10828624.595238099,10839577.285714284,0,12695.304894993295,16366302.078833194,320
1340,214,10849570.285714308,10207.000000000002,10839577.285714284,10849570.285714291,0,10888.89373413556,16377190.97256733,246
1341,68,10859709.285714315,10207.000000000002,10849570.285714291,10859709.285714267,0,5775.421156052364,16382966.393723382,93
1342,290,10868067.238095252,8647.95238095239,10859709.285714267,10868067.238095218,0,17177.857344042248,16400144.251067424,294
1343,231,10876484.190476203,8647.95238095239,10868067.238095218,10876484.19047619,0,13744.253589986622,16413888.50465741,259
1344,190,10882753.714285707,6459.523809523805,10876484.19047619,10882753.714285716,0,10084.447775770695,16423972.95243318,203
1345,275,10888938.238095233,6459.523809523805,10882753.714285716,10888938.238095248,0,14593.847523255254,16438566.799956435,299
1346,240,10892864.66666671,4166.428571428578,10888938.238095248,10892864.666666662,0,13948.874033842429,16452515.673990278,244
1347,279,10896752.095238125,4166.428571428578,10892864.666666662,10896752.095238088,2,13120.110626675254,16465635.784616953,281
1348,141,10898872.309523897,2261.214285714292,10896752.095238088,10898872.309523802,0,10971.127767228374,16476606.91238418,144
1349,358,10900775.523809612,2261.214285714292,10898872.309523802,10900775.523809519,0,16322.393410583187,16492929.305794764,359
1350,126,10901904.000000061,1254.47619047619,10900775.523809519,10901904.0,1,10067.220713334927,16502996.526508098,223
1351,239,10902919.476190543,1254.47619047619,10901904.0,10902919.47619049,1,14840.535453809463,16517837.061961908,310
1352,231,10903825.857142968,1137.3809523809502,10902919.47619049,10903825.857142856,2,13084.823580996206,16530921.885542905,284
1353,138,10904825.238095334,1137.3809523809502,10903825.857142856,10904825.23809525,0,8842.621722277443,16539764.507265182,192
1354,203,10907518.595238172,2896.3571428571463,10904825.23809525,10907518.595238077,0,14931.547902326776,16554696.05516751,233
1355,299,10910115.952380998,2896.3571428571463,10907518.595238077,10910115.952380981,0,15985.964155160136,16570682.01932267,299
1356,68,10916163.64285719,6115.690476190475,10910115.952380981,10916163.64285717,0,6802.547838544802,16577484.567161214,68
1357,119,10922160.333333379,6115.690476190475,10916163.64285717,10922160.333333323,0,9946.652277211819,16587431.219438426,136
1358,428,10929696.333333334,7963.999999999989,10922160.333333323,10929696.333333349,0,21565.974654789035,16608997.194093214,442
1359,157,10937503.33333336,7963.999999999989,10929696.333333349,10937503.33333334,0,10630.354926832428,16619627.549020046,365
1360,169,10946353.500000052,9019.166666666664,10937503.33333334,10946353.499999981,2,9032.10812176282,16628659.657141808,223
1361,224,10955148.666666694,9019.166666666664,10946353.499999981,10955148.666666692,12,12677.721237909242,16641337.378379717,343
1362,256,10965740.45238099,10847.785714285717,10955148.666666692,10965740.452380933,2,13260.003568578335,16654597.381948296,315
1363,94,10976494.238095231,10847.785714285717,10965740.452380933,10976494.238095235,4,7354.467439041956,16661951.849387338,184
1364,280,10987193.309523832,10979.071428571422,10976494.238095235,10987193.309523823,0,18679.658729593793,16680631.508116933,296
1365,104,10998068.38095242,10979.071428571422,10987193.309523823,10998068.38095238,6,7900.901241825395,16688532.409358758,211
1366,195,11008497.857142843,10624.476190476189,10998068.38095238,11008497.857142843,16,12890.844037290091,16701423.25339605,251
1367,286,11018836.333333306,10624.476190476189,11008497.857142843,11018836.333333319,6,17782.04577075354,16719205.299166802,302
1368,249,11029362.238095226,10774.904761904767,11018836.333333319,11029362.238095215,0,15099.643866655673,16734304.943033459,408
1369,99,11040038.142857121,10774.904761904767,11029362.238095215,11040038.142857164,3,7490.561300899424,16741795.504334358,192
1370,239,11051591.285714306,11792.142857142855,11040038.142857164,11051591.285714276,1,10831.777194691665,16752627.28152905,249
1371,175,11063208.428571418,11792.142857142855,11051591.285714276,11063208.42857143,1,9426.99229089971,16762054.27381995,188
1372,283,11074466.73809525,11541.30952380952,11063208.42857143,11074466.738095244,0,14636.111210346233,16776690.385030296,335
1373,223,11085785.047619065,11541.30952380952,11074466.738095244,11085785.047619028,1,8895.392310604268,16785585.7773409,343
1374,173,11096817.928571422,11205.880952380967,11085785.047619028,11096817.928571424,0,11172.77555025792,16796758.552891158,175
1375,344,11107679.809523817,11205.880952380967,11096817.928571424,11107679.809523778,0,14900.643772679148,16811659.196663838,380
1376,222,11118002.999999937,10545.190476190486,11107679.809523778,11118002.999999994,0,11275.319113879379,16822934.51577772,300
1377,311,11128237.190476153,10545.190476190486,11118002.999999994,11128237.190476196,0,11658.76723405686,16834593.283011775,320
1378,177,11137702.904761933,9642.714285714286,11128237.190476196,11137702.904761896,0,9460.018749299055,16844053.301761076,192
1379,282,11147063.619047632,9642.714285714286,11137702.904761896,11147063.619047614,0,18842.72336615496,16862896.025127232,421
1380,256,11156362.380952403,9554.761904761903,11147063.619047614,11156362.380952395,0,13112.519068856942,16876008.544196088,442
1381,29,11165888.142857185,9554.761904761903,11156362.380952395,11165888.142857151,0,3993.1181645874026,16880001.662360676,192
1382,43,11176585.666666659,10740.523809523826,11165888.142857151,11176585.666666638,7,4894.662800126691,16884896.3251608,62
1383,361,11186965.190476146,10740.523809523826,11176585.666666638,11186965.190476162,1,22386.027384862296,16907282.352545664,371
1384,149,11198129.952380937,11313.761904761905,11186965.190476162,11198129.952380937,0,8402.4167882663,16915684.76933393,504
1385,258,11209185.71428571,11313.761904761905,11198129.952380937,11209185.714285709,1,11902.86772922667,16927587.637063157,294
1386,91,11220239.404761907,11144.690476190484,11209185.714285709,11220239.404761922,5,7138.777147813539,16934726.41421097,150
1387,288,11231096.09523812,11144.690476190484,11220239.404761922,11231096.095238071,2,16086.825446122755,16950813.239657093,339
1388,270,11241033.095238095,10207.000000000002,11231096.095238071,11241033.095238091,0,14633.343809253867,16965446.583466347,361
1389,16,11251224.095238116,10207.000000000002,11241033.095238091,11251224.095238047,4,4033.024061726925,16969479.607528076,53
1390,318,11259554.047619032,8647.95238095239,11251224.095238047,11259554.047619022,1,15697.621764506668,16985177.229292583,320
1391,348,11267854.000000007,8647.95238095239,11259554.047619022,11267853.999999998,0,15106.11769694784,17000283.34698953,354
