time_step,met_demand,unmet_demand,new_demand,carried_in_unmet,carried_out_unmet,n_rebalance_moves,iteration_cost,cumulative_cost,n_vehicles_in_service,unmet_fleet_insufficient,unmet_away_flying,unmet_insufficient_battery,unmet_rounding_jitter,mean_age_at_service_bins,max_backlog_age_bins,backlog_over_threshold
0,6092,367.52380952380463,6459.523809523805,0.0,367.5238095238095,353,265948.77746369457,265948.77746369457,6445,0.0,0.0,0.0,367.5238095238095,0.0,1,0.0
1,6445,382.04761904761654,6459.523809523805,367.5238095238095,382.047619047619,366,283626.5686402919,549575.3461039865,7730,5.19047619047619,0.0,0.0,376.85714285714283,0.04940707081901805,2,0.0
2,4102,446.4761904761908,4166.428571428578,382.047619047619,446.47619047619094,439,219010.4975938665,768585.8436978529,5508,40.333333333333364,0.0,0.0,406.14285714285757,0.06722040351976974,3,0.0
3,4041,571.9047619047615,4166.428571428578,446.47619047619094,571.9047619047616,563,220501.79428915263,989087.6379870055,5252,166.19047619047626,0.0,0.0,405.7142857142855,0.08912810360471832,4,0.0
4,2422,411.1190476190568,2261.214285714292,571.9047619047616,411.11904761904714,407,175981.67943771655,1165069.317424722,3469,0.0,0.0,0.0,411.11904761904714,0.18231685737878964,5,0.0
5,2220,452.33333333333985,2261.214285714292,411.11904761904714,452.3333333333336,447,172514.02736272654,1337583.3447874486,3151,48.61904761904762,0.0,0.0,403.7142857142861,0.14166666666666664,6,0.0
6,1293,413.8095238095275,1254.47619047619,452.3333333333336,413.8095238095245,406,149505.0362582393,1487088.381045688,2176,0.0,0.0,0.0,413.8095238095245,0.2078959967591059,7,0.0
7,1260,408.2857142857174,1254.47619047619,413.8095238095245,408.28571428571456,403,148994.7243313348,1636083.1053770226,2022,0.0,0.0,0.0,408.28571428571456,0.19164777021919888,8,0.0
8,1129,416.66666666666674,1137.3809523809502,408.28571428571456,416.66666666666663,408,148270.3964925622,1784353.501869585,1898,0.0,0.0,0.0,416.66666666666663,0.2850816145767432,9,0.0
9,1137,417.0476190476186,1137.3809523809502,416.66666666666663,417.0476190476189,410,148709.6726530587,1933063.1745226437,1791,0.0,0.0,0.0,417.0476190476189,0.2739875193701054,10,0.0
10,2769,544.4047619047674,2896.3571428571463,417.0476190476189,544.4047619047622,539,200562.0191056556,2133625.193628299,3551,135.88095238095235,0.0,0.0,408.52380952380963,0.21446628488882005,11,17.928571428571416
11,2986,454.76190476191323,2896.3571428571463,544.4047619047622,454.76190476190567,447,208259.9928632051,2341885.1864915043,3576,41.66666666666661,0.0,0.0,413.09523809523904,0.1906595860045288,12,32.61904761904763
12,5597,973.4523809523835,6115.690476190475,454.76190476190567,973.4523809523824,1168,295992.6609679071,2637877.8474594112,6914,586.2380952380952,0.0,0.0,387.21428571428623,0.12434382364702104,13,25.761904761904795
13,6307,782.1428571428623,6115.690476190475,973.4523809523824,782.142857142858,1488,341218.1934549078,2979096.040914319,8219,338.0,46.85714285714286,6.0,391.2857142857148,0.1618722960882462,14,25.71428571428576
14,7711,1035.142857142846,7963.999999999989,782.142857142858,1035.1428571428576,1760,378617.9510249695,3357713.9919392886,9886,615.7142857142854,20.261904761904937,9.023809523809497,390.14285714285734,0.10711969913111104,15,16.45238095238093
15,7760,1239.1428571428496,7963.999999999989,1035.1428571428576,1239.1428571428562,1423,360916.3671385111,3718630.3590777996,12056,176.66666666666694,541.7142857142858,101.66666666666666,419.0952380952386,0.15019023073146773,16,12.047619047619017
16,8998,1260.309523809512,9019.166666666664,1239.1428571428562,1260.3095238095243,1560,389329.1218073582,4107959.480885158,13377,217.26190476190484,521.2619047619048,129.28571428571433,392.49999999999994,0.13070364842980964,17,8.42857142857141
17,8895,1384.4761904761817,9019.166666666664,1260.3095238095243,1384.4761904761904,1382,387906.1490032745,4495865.629888432,14387,103.38095238095221,734.5238095238096,151.95238095238096,394.6190476190476,0.11873444150003998,18,6.904761904761888
18,10146,2086.261904761899,10847.785714285717,1384.4761904761904,2086.2619047619055,2080,429150.3397774842,4925015.969665917,16220,728.2619047619045,665.8333333333337,344.59523809523813,347.5714285714285,0.13530549219490667,19,5.166666666666656
19,11779,1155.047619047611,10847.785714285717,2086.2619047619055,1155.0476190476184,1328,452378.03907109797,5377394.008737015,16208,256.9047619047618,209.47619047619048,295.14285714285717,393.52380952380923,0.17370704118305794,20,4.904761904761894
20,11313,821.1190476190441,10979.071428571422,1155.0476190476184,821.1190476190473,1096,418199.00262117106,5795593.011358186,15439,98.88095238095242,11.309523809523824,315.9523809523809,394.9761904761913,0.11496676810917075,21,4.952380952380942
21,11033,767.1904761904716,10979.071428571422,821.1190476190473,767.1904761904767,977,400975.1346703969,6196568.146028583,14843,47.42857142857142,0.0,313.0952380952381,406.66666666666663,0.07592590194783612,22,4.9999999999999885
22,10716,675.6666666666642,10624.476190476189,767.1904761904767,675.6666666666665,809,385830.1078823378,6582398.253910921,14095,0.0,0.0,267.02380952380946,408.64285714285745,0.07191071650758096,23,5.714285714285701
23,10460,840.1428571428496,10624.476190476189,675.6666666666665,840.1428571428586,972,376776.50589507597,6959174.759805997,13489,21.476190476190464,8.142857142857139,398.9523809523809,411.57142857142856,0.0409974506054811,24,6.238095238095222
24,10547,1068.0476190476202,10774.904761904767,840.1428571428586,1068.0476190476186,1062,384614.0561347339,7343788.815940731,13545,16.476190476190503,0.0,663.4761904761904,388.0952380952381,0.05605520865784448,25,7.452380952380935
25,10440,1402.9523809523816,10774.904761904767,1068.0476190476186,1402.9523809523819,1400,386603.07711515075,7730391.893055882,13720,0.0,0.0,1038.904761904762,364.0476190476195,0.052089034847655494,26,9.809523809523785
26,11138,2057.095238095235,11792.142857142855,1402.9523809523819,2057.0952380952376,2051,435042.31914066203,8165434.212196545,15060,196.71428571428544,17.952380952381006,1491.1428571428567,351.2857142857148,0.05554985506502832,27,12.833333333333306
27,10895,2954.23809523809,11792.142857142855,2057.0952380952376,2954.238095238096,2945,485602.8083578799,8651037.020554425,16544,78.14285714285714,81.1428571428572,2474.809523809524,320.1428571428573,0.10793286566577057,28,17.333333333333332
28,11989,2506.5476190476056,11541.30952380952,2954.238095238096,2506.5476190476215,2496,488884.99019262823,9139922.010747053,17080,0.0,0.0,2152.928571428571,353.6190476190484,0.20548399524961342,29,22.02380952380958
29,10954,3093.8571428571395,11541.30952380952,2506.5476190476215,3093.857142857144,2419,493688.85402847937,9633610.864775533,16950,0.0,12.14285714285717,2743.714285714286,338.00000000000034,0.07673648243303154,30,32.28571428571435
30,11640,2659.7380952381063,11205.880952380967,3093.857142857144,2659.738095238095,2248,432280.1148237746,10065890.979599308,17044,72.6428571428572,14.904761904761909,2240.142857142857,332.04761904761966,0.3153800523645885,31,56.80952380952391
31,10982,2883.619047619066,11205.880952380967,2659.738095238095,2883.619047619047,2403,407537.11585136474,10473428.095450673,17100,71.28571428571419,74.47619047619048,2458.1904761904757,279.66666666666754,0.19957332778312553,32,67.23809523809537
32,10113,3315.8095238095266,10545.190476190486,2883.619047619047,3315.809523809524,2697,392484.00099207956,10865912.096442753,16260,37.380952380952195,44.142857142857125,2978.404761904763,255.88095238095312,0.12494997009977733,33,91.90476190476177
33,9877,3984.0000000000055,10545.190476190486,3315.809523809524,3983.9999999999995,2911,392965.5890447563,11258877.68548751,16290,249.47619047619025,57.52380952380952,3441.0952380952394,235.9047619047628,0.08846671198599917,34,130.6190476190476
34,9149,4477.714285714279,9642.714285714286,3983.9999999999995,4477.714285714291,3001,384330.57057760656,11643208.256065117,15714,37.97619047619007,66.04761904761904,4150.500000000001,223.19047619047714,0.1865751656439159,35,185.66666666666652
35,8892,5228.428571428562,9642.714285714286,4477.714285714291,5228.428571428571,2547,363686.6612956829,12006894.9173608,15451,41.666666666666615,38.333333333333286,4937.333333333332,211.0952380952388,0.15058747295589403,36,247.19047619047603
36,9493,5290.190476190488,9554.761904761903,5228.428571428571,5290.19047619047,1954,365965.93921649526,12372860.856577294,15331,85.3095238095238,33.52380952380946,4941.833333333329,229.52380952381043,0.25918596660195714,37,330.2857142857129
37,9484,5360.952380952387,9554.761904761903,5290.19047619047,5360.952380952383,2281,374387.18522931705,12747248.04180661,15782,342.19047619047615,8.238095238095234,4802.142857142859,208.38095238095343,0.29714707477254904,38,434.95238095237926
38,9921,6180.476190476211,10740.523809523826,5360.952380952383,6180.476190476192,1362,362648.6263150184,13109896.668121628,15273,605.5000000000003,17.571428571428555,5361.833333333333,195.5714285714294,0.14120600361906674,39,641.8095238095223
39,10278,6643.000000000007,10740.523809523826,6180.476190476192,6643.000000000011,2030,387617.1903960421,13497513.858517671,14959,872.8571428571429,11.047619047619037,5551.809523809524,207.28571428571544,0.24424336771096808,40,850.1904761904727
40,10419,7537.761904761919,11313.761904761905,6643.000000000011,7537.761904761904,1967,395574.0736938123,13893087.932211483,15100,1392.9999999999998,26.47619047619046,5901.928571428573,216.35714285714428,0.1921466734308658,41,1082.5952380952328
41,10477,8374.523809523824,11313.761904761905,7537.761904761904,8374.523809523813,2017,402937.402396144,14296025.334607627,14713,1937.6190476190473,32.76190476190473,6219.047619047618,185.0952380952395,0.34525968447892685,42,1314.5238095238035
42,10648,8871.214285714272,11144.690476190484,8374.523809523813,8871.214285714295,1379,406070.3779785746,14702095.712586202,14322,2082.5000000000005,48.16666666666666,6547.714285714283,192.83333333333462,0.36271287252692247,43,1612.452380952391
43,10616,9399.904761904756,11144.690476190484,8871.214285714295,9399.904761904765,1588,417865.8513216276,15119961.56390783,14278,2925.3333333333344,0.0,6282.476190476189,192.09523809523913,0.6894624466214528,44,1810.7619047619155
44,10655,8951.904761904723,10207.000000000002,9399.904761904765,8951.904761904767,2037,459004.44367136626,15578966.007579196,14699,2745.261904761906,62.07142857142861,5930.952380952387,213.61904761904816,0.8868137024870953,45,1827.3095238095327
45,10432,8726.90476190473,10207.000000000002,8951.904761904767,8726.904761904756,2486,439229.54375128273,16018195.551330479,14602,2571.095238095239,0.0,5952.190476190474,203.61904761904933,0.6831064672801632,46,1926.3333333333374
46,9845,7529.857142857105,8647.95238095239,8726.904761904756,7529.85714285714,2968,448449.2556149764,16466644.806945454,14504,1501.6666666666674,0.0,5799.761904761901,228.42857142857326,0.8187259667706591,47,1983.8333333333392
47,9118,7059.809523809494,8647.95238095239,7529.85714285714,7059.809523809531,4246,448178.2801157008,16914823.087061156,14522,1068.52380952381,0.0,5741.142857142855,250.142857142859,0.5878325447309867,48,2087.2857142857183
48,7398,6121.333333333356,6459.523809523805,7059.809523809531,6121.333333333332,5779,418077.41274821444,17332900.49980937,14229,353.9047619047621,0.0,5496.833333333335,270.59523809524023,0.7712863193398484,49,2146.000000000002
49,7375,5205.857142857154,6459.523809523805,6121.333333333332,5205.857142857145,5124,427810.5053752387,17760711.00518461,13504,0.0,0.0,4933.761904761905,272.0952380952402,1.4494205004035527,50,1897.6190476190486
50,5411,3961.2857142857247,4166.428571428578,5205.857142857145,3961.28571428572,3958,370807.3337280977,18131518.338912707,10422,0.0,0.0,3656.9047619047624,304.3809523809545,2.450352456635951,51,1530.7857142857183
51,5951,2176.714285714299,4166.428571428578,3961.28571428572,2176.714285714288,2359,396891.1677178889,18528409.506630596,9012,0.0,0.0,1813.1904761904761,363.5238095238114,3.4890454585463635,52,770.1428571428492
52,3338,1099.9285714285897,2261.214285714292,2176.714285714288,1099.9285714285745,1204,275106.9421112697,18803516.448741864,5650,0.0,0.0,683.7142857142857,416.21428571428777,3.4535650089874146,53,416.6666666666644
53,2835,526.1428571428755,2261.214285714292,1099.9285714285745,526.1428571428593,588,226286.10713867843,19029802.555880543,4084,0.0,0.0,103.57142857142856,422.57142857143106,2.9272108843537255,54,78.90476190476181
54,1329,451.61904761905316,1254.47619047619,526.1428571428593,451.61904761905015,594,164086.8723782884,19193889.428258833,2483,0.0,0.0,6.380952380952374,445.23809523809786,1.2016732953527518,55,25.190476190476215
55,1268,438.095238095244,1254.47619047619,451.61904761905015,438.0952380952405,464,152149.20990183845,19346038.638160672,2140,0.0,0.0,0.0,438.0952380952405,0.31372990836713266,42,28.809523809523807
56,1150,425.47619047619287,1137.3809523809502,438.0952380952405,425.4761904761918,451,152202.68832767705,19498241.32648835,1960,0.0,0.0,0.0,425.4761904761918,0.32530020703933804,43,31.023809523809536
57,1122,440.857142857144,1137.3809523809502,425.4761904761918,440.8571428571452,517,153742.04026547977,19651983.366753828,1885,0.0,0.0,0.0,440.8571428571452,0.25577200577200654,44,36.6190476190477
58,2904,433.21428571429396,2896.3571428571463,440.8571428571452,433.21428571428714,465,208518.46597784458,19860501.83273167,3608,0.0,0.0,0.0,433.21428571428714,0.21386757182211594,45,41.3095238095239
59,2893,436.5714285714357,2896.3571428571463,433.21428571428714,436.57142857143083,988,236236.13021995634,20096737.962951627,4031,0.0,0.0,0.0,436.57142857143083,0.17373627639787198,46,49.57142857142879
60,6058,494.2619047619082,6115.690476190475,436.57142857143083,494.26190476190675,970,319031.4889616745,20415769.4519133,7176,57.90476190476222,0.0,0.8333333333333333,435.52380952381134,0.1324616013457204,47,37.95238095238105
61,6176,433.9523809523844,6115.690476190475,494.26190476190675,433.9523809523826,1292,338389.5572035004,20754159.009116802,7891,0.0,0.0,1.4285714285714284,432.52380952381117,0.09428972366148516,48,34.04761904761916
62,7879,518.9523809523726,7963.999999999989,433.9523809523826,518.9523809523828,1300,369216.1134453723,21123375.122562174,9621,83.52380952380999,0.0,24.785714285714377,410.6428571428584,0.07644189799285592,49,23.785714285714302
63,7366,1116.9523809523726,7963.999999999989,518.9523809523828,1116.9523809523835,1515,355200.8441745053,21478575.966736678,11793,110.61904761904793,462.6190476190478,131.42857142857142,412.28571428571587,0.07434415525645464,50,19.714285714285705
64,8849,1287.1190476190404,9019.166666666664,1116.9523809523835,1287.1190476190495,1399,380180.86834340513,21858756.835080083,12865,257.9523809523811,427.5238095238095,207.47619047619048,394.1666666666684,0.11646998046591209,51,13.761904761904708
65,8592,1714.2857142857065,9019.166666666664,1287.1190476190495,1714.2857142857167,1828,389801.52288176003,22248558.357961845,14406,239.61904761904796,845.0476190476193,234.00000000000006,395.6190476190488,0.10797696639177085,52,13.047619047618998
66,10777,1785.071428571424,10847.785714285717,1714.2857142857167,1785.0714285714334,1803,437233.0255944689,22685791.383556314,16579,664.8571428571435,594.7380952380954,154.66666666666666,370.80952380952476,0.18550749612269507,53,8.690476190476158
67,11741,891.8571428571413,10847.785714285717,1785.0714285714334,891.8571428571447,1198,450831.1242838541,23136622.507840168,16262,61.57142857142858,227.61904761904748,186.8571428571428,415.80952380952533,0.1561743341404358,54,8.666666666666634
68,11048,822.9285714285688,10979.071428571422,891.8571428571447,822.9285714285727,1074,407548.39040442026,23544170.89824459,15299,78.16666666666721,18.97619047619051,326.3809523809524,399.4047619047631,0.0967294231233404,55,8.095238095238065
69,11071,730.9999999999982,10979.071428571422,822.9285714285727,731.0000000000015,962,403417.61986681935,23947588.518111408,14828,77.71428571428608,22.523809523809646,217.71428571428547,413.04761904762023,0.06729077684727572,56,8.19047619047616
70,10813,542.4761904761872,10624.476190476189,731.0000000000015,542.4761904761917,750,391506.7979730525,24339095.31608446,14138,2.452380952381073,0.0,108.07142857142864,431.9523809523819,0.07876101518014018,57,6.38095238095236
71,10573,593.9523809523726,10624.476190476189,542.4761904761917,593.9523809523827,724,379634.7917615212,24718730.10784598,13335,0.0,0.0,180.57142857142853,413.3809523809545,0.04490098318718374,58,6.476190476190456
72,10556,812.8571428571468,10774.904761904767,593.9523809523827,812.8571428571445,900,386120.06965113326,25104850.177497115,13387,22.857142857143153,30.809523809523753,350.47619047619037,408.7142857142877,0.049633248524873996,59,6.547619047619023
73,10581,1006.7619047619064,10774.904761904767,812.8571428571445,1006.7619047619071,1092,394035.96399743494,25498886.14149455,13585,41.714285714285886,25.666666666666515,538.190476190476,401.19047619047825,0.05425943177573453,60,8.523809523809495
74,11283,1515.9047619047633,11792.142857142855,1006.7619047619071,1515.9047619047647,1510,416148.2698745281,25915034.411369078,14714,219.90476190476204,68.97619047619035,855.4285714285712,371.59523809524023,0.0696665442743612,61,7.8809523809523565
75,11916,1392.0476190476165,11792.142857142855,1515.9047619047647,1392.047619047623,1385,428543.40972790745,26343577.821096987,16010,121.61904761904783,102.47619047619044,790.7619047619048,377.1904761904779,0.12488610751450611,62,10.190476190476154
76,11451,1482.3571428571413,11541.30952380952,1392.047619047623,1482.3571428571447,1474,421261.608649745,26764839.429746732,15925,8.547619047619245,51.28571428571422,1050.5952380952376,371.9285714285739,0.10747657721721131,63,11.190476190476156
77,10868,2155.6666666666642,11541.30952380952,1482.3571428571447,2155.666666666669,2152,432578.5177000705,27197417.9474468,16465,105.47619047619042,121.04761904761926,1553.5714285714287,375.57142857143117,0.09118732145047923,64,14.761904761904715
78,11319,2042.5476190476365,11205.880952380967,2155.666666666669,2042.5476190476234,2037,440601.8693075069,27638019.816754308,16607,5.785714285714494,0.0,1671.8809523809523,364.88095238095417,0.16931287047905083,65,16.73809523809519
79,11485,1763.4285714285888,11205.880952380967,2042.5476190476234,1763.4285714285734,1760,416220.5784160081,28054240.395170316,16836,55.99999999999967,2.619047619047734,1343.2857142857138,361.52380952381174,0.1456122893214752,66,19.95238095238095
80,10272,2036.6190476190568,10545.190476190486,1763.4285714285734,2036.6190476190473,2028,398762.2785745116,28453002.673744828,15920,19.023809523809113,0.0,1679.642857142856,337.9523809523835,0.10405308930425741,65,27.428571428571438
81,10370,2211.80952380953,10545.190476190486,2036.6190476190473,2211.809523809527,2205,408508.8879507587,28861511.561695587,16257,72.0476190476186,0.0,1797.1428571428576,342.6190476190506,0.11082793773246978,66,42.00000000000003
82,9362,2492.5238095238183,9642.714285714286,2211.809523809527,2492.5238095238124,2478,387031.1428095522,29248542.704505138,15634,0.0,0.0,2188.7619047619037,303.76190476190703,0.09763379823196071,38,60.142857142857125
83,9000,3135.2380952381027,9642.714285714286,2492.5238095238124,3135.238095238095,3109,428985.1244768635,29677527.828982003,16293,0.0,1.5238095238096605,2834.190476190476,299.52380952381196,0.1441746031746029,39,75.66666666666671
84,9400,3290.0000000000036,9554.761904761903,3135.238095238095,3290.000000000004,3071,436255.666471442,30113783.495453443,16472,0.0,0.0,3014.6904761904784,275.30952380952647,0.19189969604863194,40,103.28571428571436
85,9389,3455.761904761912,9554.761904761903,3290.000000000004,3455.761904761907,2861,389474.4064638315,30503257.901917275,16366,0.0,0.0,3189.333333333332,266.42857142857486,0.15389589641373622,41,138.4761904761904
86,9713,4483.28571428573,10740.523809523826,3455.761904761907,4483.285714285718,2029,368035.40858829994,30871293.310505576,15734,73.47619047619014,44.54761904761905,4135.047619047619,230.21428571428893,0.08124114466130308,42,196.14285714285705
87,10442,4781.809523809543,10740.523809523826,4483.285714285718,4781.8095238095275,2531,399514.85792078695,31270808.168426365,15438,76.14285714285762,0.0,4465.000000000001,240.66666666667012,0.1626467288696747,43,284.52380952380906
88,10265,5830.571428571433,11313.761904761905,4781.8095238095275,5830.57142857143,1760,389887.0508669659,31660695.21929333,15052,336.2380952380954,0.0,5271.142857142854,223.1904761904791,0.11252986338227433,44,401.40476190476085
89,10611,6533.333333333339,11313.761904761905,5830.57142857143,6533.333333333336,1471,389669.1906260854,32050364.409919415,14215,595.6666666666678,0.0,5728.90476190476,208.76190476190703,0.23504359806310568,45,587.9523809523795
90,10454,7224.023809523827,11144.690476190484,6533.333333333336,7224.023809523812,1935,417215.32849044417,32467579.73840986,14582,1269.2857142857154,0.0,5748.309523809528,206.428571428574,0.3324268678200191,46,789.1190476190445
91,11145,7223.714285714301,11144.690476190484,7224.023809523812,7223.71428571429,1196,412408.529885825,32879988.268295683,14588,1306.3333333333355,7.666666666666806,5692.857142857144,216.85714285714394,0.43344228673972873,47,982.4285714285678
92,9977,7453.714285714261,10207.000000000002,7223.71428571429,7453.714285714288,2567,433034.2585309654,33313022.52682665,14489,1845.5476190476202,0.0,5398.857142857141,209.30952380952604,0.687836786513744,48,1014.8571428571361
93,10332,7328.714285714257,10207.000000000002,7453.714285714288,7328.714285714289,2300,450759.9593395365,33763782.48616619,14174,1306.4761904761906,0.0,5812.571428571429,209.66666666666987,0.5674672307947562,49,1126.190476190468
94,9670,6306.666666666639,8647.95238095239,7328.714285714289,6306.666666666678,3145,437646.10145015793,34201428.58761635,14472,1126.1190476190486,0.0,4929.380952380953,251.1666666666698,0.4275299157925836,50,1319.214285714284
95,9229,5725.619047619037,8647.95238095239,6306.666666666678,5725.619047619048,4309,444930.4733335306,34646359.06094988,14538,529.2857142857147,0.0,4959.333333333332,237.00000000000395,0.49020685313891416,51,1424.3333333333308
96,7350,4835.1428571428605,6459.523809523805,5725.619047619048,4835.142857142865,4819,405003.96213346836,35051363.023083344,13100,31.02380952380985,0.0,4521.2380952381,282.8809523809563,0.779912536443148,52,1484.4285714285706
97,7013,4281.666666666682,6459.523809523805,4835.142857142865,4281.666666666672,4274,392131.7723153562,35443494.7953987,12333,0.0,0.0,3962.8571428571445,318.80952380952834,0.8285530952720452,42,1451.238095238093
98,5266,3182.0952380952494,4166.428571428578,4281.666666666672,3182.0952380952426,3177,342926.40550959564,35786421.200908296,9508,0.0,0.0,2849.928571428571,332.166666666671,2.0228600365326486,43,1202.8571428571388
99,5660,1688.5238095238137,4166.428571428578,3182.0952380952426,1688.5238095238124,1684,356962.86387041694,36143384.064778715,8174,0.0,0.0,1303.6190476190468,384.90476190476585,3.040324751808841,44,540.3809523809491
100,3207,742.7380952381159,2261.214285714292,1688.5238095238124,742.7380952380985,739,252330.3258862647,36395714.39066498,4920,0.0,0.0,323.09523809523796,419.64285714286115,3.268994906974315,39,159.8095238095236
101,2537,466.9523809523953,2261.214285714292,742.7380952380985,466.95238095238494,461,197028.3080898734,36592742.698754855,3704,0.0,0.0,28.047619047619023,438.9047619047659,1.4695365730052323,40,33.428571428571516
102,1277,444.4285714285784,1254.47619047619,466.95238095238494,444.42857142857537,600,157801.7025394023,36750544.401294254,2473,0.0,0.0,0.0,444.42857142857537,0.5033187903195725,38,19.357142857142843
103,1251,447.9047619047685,1254.47619047619,444.42857142857537,447.90476190476573,530,154776.91392499406,36905321.315219246,2153,0.0,0.0,0.0,447.90476190476573,0.21200182710973953,39,26.809523809523807
104,1148,437.2857142857181,1137.3809523809502,447.90476190476573,437.2857142857179,487,153314.31428271387,37058635.62950196,1997,0.0,0.0,0.0,437.2857142857179,0.33812427409988355,40,28.7857142857143
105,1136,438.6666666666704,1137.3809523809502,437.2857142857179,438.66666666667044,546,156214.6290213677,37214850.25852333,1928,0.0,0.0,0.0,438.66666666667044,0.254988262910797,41,33.47619047619055
106,2899,436.0238095238192,2896.3571428571463,438.66666666667044,436.02380952381367,468,208108.5285007009,37422958.78702403,3607,0.0,0.0,0.0,436.02380952381367,0.2280917886299023,42,37.11904761904772
107,2888,444.3809523809623,2896.3571428571463,436.02380952381367,444.38095238095576,994,236100.30390589195,37659059.09092992,4037,0.0,0.0,0.0,444.38095238095576,0.14137316976652053,43,48.761904761904944
108,5986,574.071428571433,6115.690476190475,444.38095238095576,574.0714285714313,1063,317973.92174759123,37977033.012677506,7195,131.54761904762,0.0,18.190476190476225,424.3333333333364,0.14078086964822514,33,36.40476190476197
109,6188,501.76190476191005,6115.690476190475,574.0714285714313,501.7619047619088,1354,338611.18112285685,38315644.19380036,7965,67.42857142857268,0.0,8.047619047619065,426.28571428571684,0.10558069381598735,34,35.571428571428655
110,7766,699.7619047618991,7963.999999999989,501.7619047619088,699.7619047619087,1377,363608.77799874905,38679252.971799105,9584,262.90476190476306,17.714285714285722,11.0,408.1428571428599,0.08835215775725624,35,24.166666666666675
111,7499,1164.7619047618973,7963.999999999989,699.7619047619087,1164.761904761908,1524,361190.50575692835,39040443.477556035,11878,192.0476190476197,503.1428571428579,47.47619047619046,422.0952380952412,0.10577918325617941,36,18.142857142857093
112,8952,1231.9285714285652,9019.166666666664,1164.761904761908,1231.9285714285759,1270,378325.48264767317,39418768.96020371,12989,310.3809523809528,339.02380952381003,163.4285714285717,419.0952380952401,0.11048608451423428,37,13.738095238095175
113,8760,1491.0952380952313,9019.166666666664,1231.9285714285759,1491.0952380952408,1584,382532.00687884475,39801300.96708255,14196,325.5714285714287,611.7142857142865,164.19047619047615,389.61904761905043,0.1451755816481843,38,10.904761904761859
114,10397,1941.8809523809505,10847.785714285717,1491.0952380952408,1941.8809523809557,1936,427563.94530383043,40228864.91238638,16587,788.7142857142865,574.9523809523808,227.21428571428567,351.0000000000034,0.126826877716557,39,7.833333333333295
115,11753,1036.6666666666624,10847.785714285717,1941.8809523809557,1036.6666666666695,1033,430902.5108702717,40659767.42325665,15860,237.47619047619023,138.14285714285722,278.4761904761904,382.5714285714324,0.1676957858783772,40,6.5714285714285445
116,11010,1005.7380952380936,10979.071428571422,1036.6666666666695,1005.7380952380989,1243,419152.53993461997,41078919.96319127,15377,129.3095238095244,55.071428571428754,430.7380952380955,390.6190476190506,0.10036546862159916,38,5.6190476190475955
117,11278,706.809523809523,10979.071428571422,1005.7380952380989,706.8095238095277,888,407873.3673289187,41486793.33052019,14827,44.42857142857167,6.238095238095184,248.00000000000063,408.1428571428601,0.09637178155532454,39,5.761904761904738
118,10642,689.2857142857101,10624.476190476189,706.8095238095277,689.2857142857184,875,391975.534609084,41878768.86512928,14302,7.452380952381233,10.285714285714647,260.7857142857143,410.7619047619074,0.06740363877180232,40,6.023809523809499
119,10617,696.7619047619028,10624.476190476189,689.2857142857184,696.7619047619091,818,382261.37701558886,42261030.24214487,13413,24.476190476190737,0.0,262.2857142857148,410.0000000000038,0.06961207766519989,41,6.047619047619022
120,10679,792.6666666666733,10774.904761904767,696.7619047619091,792.6666666666702,877,387178.85346783744,42648209.095612705,13486,43.000000000000284,23.95238095238129,316.21428571428567,409.50000000000273,0.05548272310141365,42,7.380952380952343
121,10696,871.571428571433,10774.904761904767,792.6666666666702,871.5714285714314,943,392595.34785877453,43040804.44347148,13564,0.0,11.428571428571445,460.42857142857207,399.71428571428896,0.05843751113010623,43,7.666666666666628
122,11219,1444.7142857142844,11792.142857142855,871.5714285714314,1444.7142857142887,1438,408934.2411305814,43449738.68460206,14597,305.35714285714255,63.21428571428531,705.9285714285714,370.2142857142894,0.05198451606331071,44,7.809523809523772
123,11454,1782.8571428571413,11792.142857142855,1444.7142857142887,1782.8571428571463,1778,433855.0530559928,43883593.73765805,15945,146.61904761904788,24.666666666666572,1240.3333333333346,371.2380952380975,0.1181038855213811,45,9.57142857142852
124,11885,1439.1666666666642,11541.30952380952,1782.8571428571463,1439.166666666669,1436,438325.09905673476,44321918.83671479,16174,0.0,15.833333333333172,1056.8809523809534,366.4523809523844,0.15104673758439,46,13.047619047618992
125,11042,1938.4761904761872,11541.30952380952,1439.166666666669,1938.4761904761947,1931,438263.3432702538,44760182.17998505,16740,24.952380952380487,8.000000000000043,1542.8095238095232,362.71428571428925,0.09607472766320785,47,19.61904761904757
126,11429,1715.3571428571595,11205.880952380967,1938.4761904761947,1715.3571428571477,1709,429343.63771985174,45189525.8177049,16335,33.85714285714228,0.0,1320.3809523809523,361.1190476190518,0.12394118553887527,48,24.380952380952337
127,11144,1777.2380952381118,11205.880952380967,1715.3571428571477,1777.2380952380993,1771,412825.13396394067,45602350.95166884,16433,16.761904761904173,7.523809523809547,1398.0952380952376,354.8571428571474,0.0977079273920621,48,31.09523809523806
128,10216,2106.4285714285816,10545.190476190486,1777.2380952380993,2106.428571428572,2093,399774.2030313928,46002125.154700235,15924,0.0,8.119047619047649,1767.9047619047617,330.4047619047657,0.11598985718014652,49,37.52380952380952
129,10384,2267.619047619055,10545.190476190486,2106.428571428572,2267.6190476190513,2256,413418.30757452594,46415543.46227476,16264,57.809523809523164,0.0,1892.0476190476204,317.7619047619091,0.1360151148286737,50,41.3809523809524
130,9428,2482.333333333343,9642.714285714286,2267.6190476190513,2482.333333333341,2472,385979.23719366663,46801522.69946843,15723,0.0,0.0,2172.1904761904766,310.14285714286103,0.1013318989029636,51,56.6904761904763
131,9174,2951.047619047631,9642.714285714286,2482.333333333341,2951.0476190476243,2923,437136.7165720257,47238659.41604045,16265,0.0,0.0,2647.9999999999995,303.04761904762233,0.08702388738359924,52,80.42857142857153
132,9786,2719.809523809534,9554.761904761903,2951.0476190476243,2719.809523809533,2698,416602.0790462904,47655261.495086744,16426,0.0,0.0,2432.5238095238087,287.28571428571826,0.14913433184432542,53,113.40476190476187
133,9131,3143.5714285714384,9554.761904761903,2719.809523809533,3143.571428571433,2904,386345.7361141645,48041607.23120091,16580,0.0,0.0,2885.2857142857147,258.28571428571826,0.059632022779541834,54,166.5238095238094
134,9585,4299.095238095255,10740.523809523826,3143.571428571433,4299.095238095243,2056,377378.20747204416,48418985.43867295,15540,59.071428571428015,0.0,4001.1190476190473,238.9047619047662,0.06653501254440188,55,253.09523809523762
135,10262,4777.619047619068,10740.523809523826,4299.095238095243,4777.61904761905,2338,399084.6806565289,48818070.11932948,15292,69.14285714285741,0.0,4483.333333333332,225.14285714286189,0.12984566268526487,56,350.04761904761807
136,10284,5807.380952380956,11313.761904761905,4777.61904761905,5807.380952380957,1890,385729.9846242504,49203800.103953734,15076,205.64285714285762,0.0,5377.309523809524,224.42857142857582,0.11083097182863773,57,493.92857142856957
137,10639,6482.142857142866,11313.761904761905,5807.380952380957,6482.142857142868,1881,392688.1508355368,49596488.25478927,14709,581.0000000000005,0.0,5693.5714285714275,207.57142857143208,0.19888863525483497,58,680.1904761904731
138,10870,6756.833333333361,11144.690476190484,6482.142857142868,6756.833333333331,2046,424217.7101335257,50020705.96492279,14995,1065.2380952380959,0.0,5479.071428571434,212.52380952381415,0.38576685504008346,59,854.9761904761847
139,10731,7170.523809523824,11144.690476190484,6756.833333333331,7170.523809523812,1810,414463.65280523075,50435169.617728025,14739,1396.2857142857147,0.0,5566.904761904759,207.33333333333755,0.3572293888201067,60,1061.3809523809455
140,10368,7009.523809523784,10207.000000000002,7170.523809523812,7009.523809523815,1973,417543.7238929832,50852713.34162101,14259,1437.142857142859,0.0,5369.738095238093,202.64285714286174,0.5699634406231621,61,1137.4523809523735
141,10054,7162.523809523787,10207.000000000002,7009.523809523815,7162.5238095238155,2803,443307.48624461325,51296020.82786562,14443,1442.1428571428569,0.0,5506.761904761908,213.61904761905188,0.44743148900698043,62,1296.7142857142885
142,9487,6323.476190476167,8647.95238095239,7162.5238095238155,6323.4761904762,3267,437241.34540747904,51733262.1732731,14365,658.1904761904764,0.0,5430.547619047621,234.73809523810053,0.7138615749873244,63,1301.1428571428592
143,9203,5768.428571428558,8647.95238095239,6323.4761904762,5768.428571428563,4266,436765.3894279634,52170027.56270106,14447,325.2857142857138,0.0,5193.857142857134,249.28571428571976,0.43885792935015955,64,1407.0952380952413
144,8028,5378.928571428563,7638.5,5768.428571428563,5378.928571428567,5163,409106.1165249527,52579133.67922601,14141,142.93750000000043,0.0,4967.428571428567,268.5625000000052,0.4497829026977,65,1558.2380952381054
145,7917,5100.428571428567,7638.5,5378.928571428567,5100.428571428566,5033,425417.7719759427,53004551.45120195,13825,0.0,0.0,4814.96428571428,285.4642857142913,0.5788470560638044,66,1591.8095238095343
146,6056,4251.928571428565,5207.5,5100.428571428566,4251.928571428575,4248,359954.3963728393,53364505.84757479,11290,0.0,0.0,3962.142857142858,289.7857142857202,1.2899903480216368,67,1526.57142857144
147,6334,3125.428571428576,5207.5,4251.928571428575,3125.4285714285757,3119,375321.9775457764,53739827.82512057,10217,0.0,0.0,2779.071428571429,346.3571428571483,1.653005040822768,68,1314.4285714285747
148,4463,1843.053571428576,3180.625,3125.4285714285757,1843.0535714285788,1837,308968.5149627242,54048796.34008329,7271,0.0,0.0,1459.133928571429,383.9196428571482,3.3020429883806397,69,812.8809523809475
149,4272,751.6785714285788,3180.625,1843.0535714285788,751.6785714285759,793,280935.0758413396,54329731.41592463,5798,0.0,0.0,334.03571428571394,417.6428571428624,3.452638721687172,70,206.85714285714218
150,2086,474.9910714285761,1809.3125,751.6785714285759,474.9910714285765,573,194649.7533000537,54524381.16922469,3302,0.0,0.0,25.95535714285697,449.0357142857195,1.9150316166735106,71,37.738095238095404
151,1852,432.30357142857656,1809.3125,474.9910714285765,432.3035714285764,620,174298.83531953662,54698680.00454422,2859,0.0,0.0,0.0,432.3035714285764,0.3875781008947839,72,27.523809523809515
152,1477,422.36607142857633,1467.0625,432.3035714285764,422.3660714285764,485,160578.4923770316,54859258.496921256,2363,0.0,0.0,0.0,422.3660714285764,0.25865452816197293,73,28.714285714285726
153,1454,435.42857142857633,1467.0625,422.3660714285764,435.4285714285764,530,162779.95473191864,55022038.451653175,2283,0.0,0.0,0.0,435.4285714285764,0.214746266457062,74,34.71428571428583
154,3021,439.3035714285761,3024.875,435.4285714285764,439.3035714285764,481,204057.6259339201,55226096.0775871,3805,0.0,0.0,0.0,439.3035714285764,0.1590710266231605,75,40.7857142857144
155,3017,447.1785714285761,3024.875,439.3035714285764,447.1785714285764,1070,236792.45048921293,55462888.52807631,4232,0.0,0.0,0.0,447.1785714285764,0.13607316476474465,76,52.25000000000014
156,4646,414.6160714285761,4613.4375,447.1785714285764,414.6160714285764,873,267952.79317652766,55730841.32125284,5668,0.0,0.0,0.0,414.6160714285764,0.1558598794662065,77,41.92857142857154
157,4596,432.0535714285761,4613.4375,414.6160714285764,432.0535714285764,1034,276508.8460824323,56007350.16733527,5935,0.0,0.0,0.0,432.0535714285764,0.09375388536615617,78,42.6250000000001
158,6331,432.6160714285761,6331.5625,432.0535714285764,432.6160714285765,942,313143.9417552906,56320494.10909056,7573,0.0,0.0,0.0,432.6160714285765,0.09237754887138805,79,35.151785714285744
159,6306,458.1785714285761,6331.5625,432.6160714285765,458.1785714285764,845,305346.58432795235,56625840.69341851,7845,0.0,0.6607142857142758,14.428571428571537,443.08928571429055,0.06963086931569266,80,34.94642857142862
160,8503,668.1785714285761,8713.0,458.1785714285764,668.1785714285752,1009,352699.78251097386,56978540.475929484,10186,195.42857142857358,44.74107142857201,16.589285714285715,411.4196428571453,0.06293647060141189,81,28.178571428571434
161,8605,776.1785714285761,8713.0,668.1785714285752,776.1785714285759,1022,357742.69715159864,57336283.173081085,11193,186.92857142857258,161.51785714285793,19.482142857142833,408.25000000000307,0.07542472538114556,82,24.57142857142857
162,9383,984.0535714285761,9590.875,776.1785714285759,984.0535714285759,1190,369906.3546908569,57706189.52777194,12136,331.1339285714302,183.33035714285793,71.79464285714316,397.79464285714425,0.08512799236714783,83,21.499999999999975
163,9633,941.9285714285761,9590.875,984.0535714285759,941.9285714285752,1176,381041.0322745043,58087230.56004645,12820,158.42857142857255,301.6964285714292,79.66071428571466,402.1428571428591,0.09743293144102816,84,19.517857142857107
164,10051,830.3035714285761,9939.375,941.9285714285752,830.3035714285754,1034,379799.75230644626,58467030.312352896,13063,205.19642857142998,133.30357142857238,97.1071428571432,394.69642857143003,0.10055561872545214,85,16.982142857142797
165,9961,808.6785714285761,9939.375,830.3035714285754,808.6785714285752,986,376263.62781005993,58843293.94016296,13334,110.85714285714414,95.50000000000077,187.1428571428575,415.1785714285731,0.08673529144616333,86,16.28571428571423
166,10323,695.3035714285761,10209.625,808.6785714285752,695.3035714285754,772,368221.87881817913,59211515.81898113,13367,141.09821428571487,20.223214285714306,120.12500000000051,413.8571428571458,0.0857360817038233,87,14.187499999999954
167,10231,673.9285714285761,10209.625,695.3035714285754,673.9285714285752,684,364366.60334425047,59575882.42232539,13118,94.8750000000006,19.16071428571476,143.12500000000023,416.76785714286007,0.06309488901610845,88,14.410714285714242
168,10409,949.1785714285761,10684.25,673.9285714285752,949.1785714285754,944,376393.31998159457,59952275.742306985,13492,172.63392857142935,24.107142857143117,353.5892857142862,398.84821428571655,0.060896820059563476,89,13.3928571428571
169,10537,1096.428571428576,10684.25,949.1785714285754,1096.4285714285752,1090,379461.26234294084,60331737.00464992,13686,134.66071428571476,11.303571428572184,555.2500000000002,395.2142857142879,0.07186495885247858,90,14.28571428571424
170,11161,1139.241071428576,11203.8125,1096.4285714285752,1139.241071428576,1132,402167.3796331403,60733904.384283066,14260,181.04464285714425,31.857142857142776,543.973214285715,382.366071428573,0.07902997683259275,91,14.205357142857094
171,11011,1332.053571428576,11203.8125,1139.241071428576,1332.053571428578,1325,403921.2779912327,61137825.6622743,14947,45.67857142857175,0.9464285714286405,896.214285714286,389.2142857142887,0.07080743931393249,92,15.249999999999932
172,11056,1315.241071428578,11039.1875,1332.053571428578,1315.2410714285788,1310,398970.0214044464,61536795.683678746,14875,3.5000000000003784,8.616071428571473,893.2410714285708,409.88392857143197,0.09228370934118918,93,15.830357142857071
173,11113,1241.4285714285797,11039.1875,1315.2410714285788,1241.4285714285766,1234,399268.3023053027,61936063.98598405,15298,14.875000000000414,67.98214285714285,770.2857142857139,388.2857142857176,0.09364622299923266,94,17.285714285714235
174,10802,1203.053571428576,10763.625,1241.4285714285766,1203.0535714285757,1197,383339.62497010914,62319403.61095416,14840,14.50000000000042,0.0,789.910714285714,398.64285714286046,0.10525497923664895,95,17.339285714285644
175,10728,1238.678571428576,10763.625,1203.0535714285757,1238.678571428576,1235,386126.5289473196,62705530.139901474,15111,6.678571428571369,0.0,827.4285714285714,404.5714285714323,0.08231879860445268,96,19.92857142857136
176,10492,1384.303571428576,10637.625,1238.678571428576,1384.3035714285784,1379,386536.8636723833,63092067.00357386,15050,1.2410714285713622,0.0,991.5982142857141,391.4642857142891,0.08034097407548574,97,21.74999999999993
177,10662,1359.928571428578,10637.625,1384.3035714285784,1359.9285714285784,1347,385404.4504274435,63477471.4540013,14859,11.80357142857136,0.0,959.5714285714282,388.55357142857525,0.06784078525426272,98,34.05357142857136
178,10618,1692.616071428578,10950.6875,1359.9285714285784,1692.6160714285784,1677,401361.51388913963,63878832.96789044,15101,0.8035714285713667,2.8214285714286405,1307.8750000000016,381.11607142857486,0.05274231090062666,99,54.249999999999865
179,10922,1721.303571428578,10950.6875,1692.6160714285784,1721.3035714285788,1717,402676.18653322605,64281509.15442367,15463,0.0,0.44642857142864045,1352.232142857144,368.62500000000335,0.12260994628578394,100,99.91071428571401
180,9950,2091.4285714285797,10320.125,1721.3035714285788,2091.428571428579,2084,372284.84626020817,64653794.000683874,15071,0.0,0.0,1722.598214285716,368.830357142861,0.07137024407753019,101,149.21428571428544
181,9977,2434.5535714285797,10320.125,2091.428571428579,2434.5535714285784,2426,388194.04765553516,65041988.04833941,14894,55.625000000000426,0.0,2035.1607142857156,343.76785714286063,0.0684610318017151,102,204.35714285714266
182,10152,2837.491071428578,10554.9375,2434.5535714285784,2837.491071428575,2826,436789.7410688568,65478777.78940827,15414,64.91964285714327,0.0,2438.857142857145,333.7142857142883,0.08278365276370564,103,254.3124999999998
183,10399,2993.428571428576,10554.9375,2837.491071428575,2993.4285714285743,2982,433435.2236136832,65912213.01302195,15590,0.0,0.0,2654.3750000000014,339.0535714285751,0.1110134216202104,104,320.7678571428569
184,10265,3563.5535714285743,10835.125,2993.4285714285743,3563.5535714285743,3538,487128.9220358608,66399341.93505781,15962,0.0,0.0,3251.4910714285716,312.0625000000028,0.08941096652981666,105,382.8571428571424
185,11106,3292.6785714285743,10835.125,3563.5535714285743,3292.6785714285743,3016,434528.2524404438,66833870.18749826,16133,0.0,0.0,2974.0535714285706,318.6250000000046,0.1790985460454666,106,452.32142857142804
186,9949,3705.8035714285743,10362.125,3292.6785714285743,3705.8035714285743,3219,398524.75183601974,67232394.93933427,15504,31.625000000000433,0.0,3392.2500000000005,281.92857142857565,0.16429325273178916,107,524.7857142857138
187,10161,3906.9285714285743,10362.125,3705.8035714285743,3906.9285714285743,3135,409776.9164543167,67642171.85578859,15130,16.87500000000043,0.0,3637.321428571428,252.7321428571471,0.1146602204507427,108,644.8035714285705
188,9387,3897.5535714285743,9377.625,3906.9285714285743,3897.5535714285743,3579,402215.5435909666,68044387.39937955,15151,0.0,0.0,3645.3660714285706,252.18750000000443,0.17181911914653988,109,765.1696428571414
189,9279,3996.1785714285743,9377.625,3897.5535714285743,3996.1785714285743,3762,412104.9242623678,68456492.32364193,14694,0.0,0.0,3722.5714285714294,273.6071428571476,0.18997871537881217,110,865.7678571428557
190,7980,3807.5535714285743,7791.375,3996.1785714285743,3807.5535714285743,3762,364863.9357429077,68821356.25938484,13233,0.0,0.0,3537.0714285714294,270.48214285714766,0.26283118510562103,111,993.2499999999985
191,8174,3424.9285714285743,7791.375,3807.5535714285743,3424.928571428575,3410,379497.11892468744,69200853.37830953,12685,0.0,0.0,3105.196428571427,319.73214285714766,0.5168107064210552,112,1013.2321428571415
192,7943,3120.428571428576,7638.5,3424.928571428575,3120.4285714285743,3115,379253.8744156912,69580107.25272523,12118,0.0,0.0,2767.803571428571,352.62500000000455,0.5748630120561371,113,994.0535714285701
193,8076,2682.9285714285743,7638.5,3120.4285714285743,2682.928571428575,2677,385887.3639690217,69965994.61669426,11703,0.0,0.0,2314.392857142857,368.53571428571877,0.6588403470600716,114,887.6249999999989
194,6236,1654.4285714285752,5207.5,2682.928571428575,1654.4285714285793,1871,331182.28141203185,70297176.89810629,9082,0.0,0.0,1271.410714285714,383.01785714286143,1.2993309775802544,115,699.8035714285708
195,5806,1055.9285714285797,5207.5,1654.4285714285793,1055.9285714285752,1245,296618.07907815475,70593794.97718444,7901,0.0,0.0,632.9285714285713,423.00000000000375,1.3424556698325196,116,407.71428571428544
196,3561,675.5535714285752,3180.625,1055.9285714285752,675.5535714285752,832,234628.5748311773,70828423.55201562,5195,0.0,0.0,246.97321428571402,428.5803571428611,1.3735081437798349,117,226.62499999999994
197,3410,446.1785714285752,3180.625,675.5535714285752,446.1785714285752,537,216385.54497291349,71044809.09698853,4495,0.0,0.0,20.714285714285687,425.4642857142894,1.4074518223711747,118,35.41071428571422
198,1823,432.4910714285752,1809.3125,446.1785714285752,432.49107142857497,532,170053.49506973504,71214862.59205827,2975,0.0,0.0,0.0,432.49107142857497,0.327888684272391,119,26.026785714285662
199,1812,429.8035714285752,1809.3125,432.49107142857497,429.8035714285751,499,165658.74077921288,71380521.33283748,2697,0.0,0.0,0.0,429.8035714285751,0.16842084515925376,120,31.142857142857093
200,1459,437.8660714285752,1467.0625,429.8035714285751,437.8660714285751,469,157994.203446444,71538515.53628393,2314,0.0,0.0,0.0,437.8660714285751,0.23609615196318182,121,30.026785714285644
201,1464,440.9285714285752,1467.0625,437.8660714285751,440.92857142857497,481,159961.05022087463,71698476.5865048,2246,0.0,0.0,0.0,440.92857142857497,0.24701161202185512,122,31.374999999999922
202,3021,444.8035714285752,3024.875,440.92857142857497,444.80357142857497,485,204665.23072418134,71903141.81722899,3806,0.0,0.0,0.0,444.80357142857497,0.15893507353288783,123,39.24107142857133
203,3026,443.6785714285752,3024.875,444.80357142857497,443.6785714285752,1021,233626.5081898819,72136768.32541887,4196,0.0,0.0,0.0,443.6785714285752,0.12710379095458293,124,53.607142857142705
204,4628,429.1160714285752,4613.4375,443.6785714285752,429.1160714285752,894,268973.2315815265,72405741.5570004,5670,0.0,0.0,0.0,429.1160714285752,0.13279031361896448,125,48.31249999999986
205,4598,444.5535714285752,4613.4375,429.1160714285752,444.5535714285751,1045,275841.56703735306,72681583.12403776,5947,13.80357142857168,0.0,0.0,430.7500000000034,0.10185329025041855,126,48.321428571428456
206,6330,446.1160714285752,6331.5625,444.5535714285751,446.1160714285752,962,311192.3176136771,72992775.44165143,7589,9.008928571428598,0.0,0.75,436.3571428571465,0.09540876777251121,127,40.178571428571345
207,6266,511.6785714285752,6331.5625,446.1160714285752,511.6785714285752,898,303471.6472856975,73296247.08893713,7854,60.08928571428607,43.017857142857935,1.9107142857142483,406.66071428571706,0.08439965117869629,128,35.19642857142849
208,8195,1029.678571428576,8713.0,511.6785714285752,1029.6785714285752,1366,347206.5210863402,73643453.61002347,10250,559.0267857142866,53.892857142857935,18.0,398.7589285714304,0.06920705133792339,129,27.76785714285709
209,8782,960.6785714285761,8713.0,1029.6785714285752,960.6785714285757,1175,363807.10176157334,74007260.71178505,11499,309.14285714285836,71.53571428571435,165.76785714285734,414.23214285714516,0.11633678465692782,130,24.928571428571388
210,9511,1040.553571428576,9590.875,960.6785714285757,1040.5535714285759,1294,381613.47248375317,74388874.1842688,12234,467.7589285714298,44.94642857142907,138.98214285714315,388.8660714285731,0.1077370938912834,131,20.526785714285673
211,9692,939.4285714285761,9590.875,1040.5535714285759,939.4285714285752,1115,376833.7563805473,74765707.94064935,12920,133.66071428571527,247.60714285714343,149.71428571428612,408.4464285714304,0.1092954670518639,132,17.767857142857103
212,10071,807.8035714285761,9939.375,939.4285714285752,807.8035714285754,1015,381236.14900783636,75146944.08965719,13143,262.1339285714298,84.42857142857147,57.35714285714342,403.88392857143043,0.09274774103862543,133,16.812499999999954
213,9906,841.1785714285761,9939.375,807.8035714285754,841.178571428575,927,371717.425213169,75518661.51487036,13229,121.41071428571482,108.25000000000067,200.285714285715,411.2321428571448,0.08968229932796822,134,15.178571428571384
214,10240,810.8035714285761,10209.625,841.178571428575,810.8035714285754,829,369605.36017444584,75888266.87504481,13438,220.84821428571522,7.491071428571601,157.00892857142952,425.455357142859,0.08835362025669613,135,12.633928571428523
215,10229,791.4285714285761,10209.625,810.8035714285754,791.4285714285747,854,370114.6440091096,76258381.51905392,13263,104.75000000000084,126.51785714285745,150.41071428571448,409.7500000000025,0.07286880437970439,136,13.499999999999947
216,10635,840.6785714285743,10684.25,791.4285714285747,840.6785714285754,842,379945.8360061957,76638327.35506012,13577,195.34821428571507,15.669642857142776,234.06250000000057,395.5982142857169,0.07121868493518675,137,12.812499999999945
217,10473,1051.928571428576,10684.25,840.6785714285754,1051.9285714285757,1046,385602.906484294,77023930.2615444,13659,61.80357142857178,74.03571428571476,498.4107142857147,417.67857142857406,0.07368266699403872,138,13.553571428571368
218,11123,1132.741071428576,11203.8125,1051.9285714285757,1132.7410714285772,1124,400915.03761316,77424845.29915756,14306,273.5267857142866,59.026785714285865,437.11607142857156,363.07142857143134,0.08842119289503055,139,13.455357142857084
219,11148,1188.553571428576,11203.8125,1132.7410714285772,1188.5535714285754,1182,403551.84369124245,77828397.1428488,14911,99.3571428571438,45.32142857142893,653.1607142857147,390.71428571428794,0.10355476959352083,140,14.24999999999994
220,11355,872.7410714285761,11039.1875,1188.5535714285754,872.741071428575,867,392827.6511893159,78221224.79403812,14715,1.7500000000004339,0.0,448.294642857143,422.69642857143174,0.08821475750141504,141,14.267857142857093
221,10834,1077.928571428576,11039.1875,872.741071428575,1077.9285714285754,1073,385649.277153225,78606874.07119134,14888,47.12500000000041,14.589285714286149,623.2857142857147,392.928571428574,0.054503514069463584,142,15.428571428571367
222,10341,1500.553571428576,10763.625,1077.9285714285754,1500.5535714285786,1491,384856.2628203881,78991730.33401173,14684,4.848214285714621,12.669642857142776,1107.6964285714294,375.3392857142882,0.058030102090153975,143,15.580357142857084
223,10744,1520.1785714285797,10763.625,1500.5535714285786,1520.1785714285782,1513,394021.8996811675,79385752.2336929,15290,63.19642857142795,0.0,1059.8928571428578,397.0892857142894,0.12126120226571613,144,18.08928571428566
224,10771,1386.803571428578,10637.625,1520.1785714285782,1386.8035714285786,1375,395715.8624959837,79781468.09618889,15466,0.0,0.0,997.6428571428565,389.1607142857182,0.11815291059325936,145,19.696428571428527
225,10581,1443.4285714285797,10637.625,1386.8035714285786,1443.4285714285782,1431,382077.0784401835,80163545.17462908,14869,11.928571428571438,0.0,1039.9107142857142,391.58928571428936,0.07642151700487368,146,26.30357142857136
226,10727,1667.116071428578,10950.6875,1443.4285714285782,1667.1160714285782,1654,395882.422188782,80559427.59681787,15150,10.875000000000444,4.8214285714286405,1262.9464285714294,388.4732142857165,0.07630611674146641,147,34.16071428571422
227,10919,1698.803571428578,10950.6875,1667.1160714285782,1698.8035714285786,1690,399685.2130582949,80959112.80987616,15507,7.107142857142865,2.4464285714286405,1321.1607142857147,368.0892857142893,0.08994560595554248,148,48.19642857142841
228,9932,2086.9285714285797,10320.125,1698.8035714285786,2086.928571428578,2074,369300.35102970037,81328413.16090585,14880,0.0,0.0,1723.0982142857154,363.8303571428613,0.06167384644151627,149,94.83928571428548
229,9923,2484.053571428578,10320.125,2086.928571428578,2484.053571428577,2469,394624.8979494002,81723038.05885525,14867,45.87500000000042,0.8571428571430886,2120.9821428571436,316.3392857142896,0.06584630224154528,150,151.05357142857116
230,10063,2975.991071428576,10554.9375,2484.053571428577,2975.9910714285734,2964,444251.4473216771,82167289.50617693,15425,23.803571428571843,0.0,2630.571428571428,321.616071428575,0.0717976746497065,151,209.0892857142856
231,10498,3032.9285714285725,10554.9375,2975.9910714285734,3032.9285714285725,3028,433722.7311081793,82601012.2372851,15671,14.553571428571416,0.0,2679.0000000000005,339.37500000000404,0.1390843153798001,152,287.07142857142844
232,10237,3631.0535714285725,10835.125,3032.9285714285725,3631.0535714285734,3395,476836.4450046052,83077848.68228972,15806,0.0,0.0,3320.482142857142,310.5714285714326,0.07363171409034418,153,367.2410714285712
233,11115,3351.1785714285725,10835.125,3631.0535714285734,3351.1785714285734,3160,453569.78713989654,83531418.46942961,16371,0.0,0.0,3046.0000000000027,305.1785714285748,0.23890816785553587,154,448.6249999999998
234,10014,3699.3035714285725,10362.125,3351.1785714285734,3699.303571428574,2800,398640.46666814,83930058.93609776,15292,5.821428571428765,0.0,3410.2499999999995,283.23214285714687,0.18888021056235524,155,506.48214285714266
235,10259,3802.4285714285743,10362.125,3699.303571428574,3802.4285714285747,2756,403763.29286978557,84333822.22896755,14934,35.08928571428558,0.0,3513.446428571429,253.89285714286115,0.12677370392547288,156,604.1785714285712
236,9625,3555.0535714285743,9377.625,3802.4285714285747,3555.0535714285747,3376,408089.3803875415,84741911.60935509,15063,18.250000000000426,0.0,3269.9375000000005,266.8660714285755,0.2718153988868271,157,644.160714285714
237,9174,3758.6785714285743,9377.625,3555.0535714285747,3758.6785714285747,3575,401129.3897292766,85143040.99908437,14315,0.0,0.0,3487.4642857142867,271.21428571429004,0.15058278052882343,158,711.0535714285706
238,7948,3602.0535714285743,7791.375,3758.6785714285747,3602.0535714285747,3580,368175.6515256354,85511216.65061,12974,0.0,0.0,3305.169642857142,296.88392857143316,0.2580040351570922,159,851.919642857142
239,8175,3218.4285714285743,7791.375,3602.0535714285747,3218.428571428573,3198,385068.34054206137,85896284.99115206,12469,0.0,0.0,2909.3928571428564,309.0357142857187,0.5701397990388807,160,864.2142857142848
240,8012,2844.9285714285725,7638.5,3218.428571428573,2844.928571428574,2837,386196.21089893754,86282481.202051,11909,0.0,0.0,2500.1607142857138,344.7678571428616,0.4930472594679407,161,899.8482142857131
241,7939,2544.4285714285743,7638.5,2844.928571428574,2544.428571428574,2537,379124.58812817227,86661605.79017918,11407,0.0,0.0,2177.696428571429,366.73214285714704,0.5980635830349267,162,829.2499999999987
242,6008,1743.9285714285743,5207.5,2544.428571428574,1743.9285714285777,1875,314818.83075268264,86976424.62093186,8859,0.0,0.0,1350.2410714285706,393.68750000000426,0.9707934064104993,163,724.7142857142848
243,5873,1078.428571428578,5207.5,1743.9285714285777,1078.4285714285763,1262,303343.733724652,87279768.35465652,7994,0.0,0.0,654.3392857142856,424.0892857142896,1.3581903261900699,164,417.4464285714284
244,3601,658.0535714285761,3180.625,1078.4285714285763,658.0535714285751,834,239846.95100917196,87519615.30566569,5209,0.0,0.0,226.76785714285688,431.28571428571837,1.761489863926685,165,154.82142857142838
245,3427,411.6785714285752,3180.625,658.0535714285751,411.67857142857514,533,219251.6593150207,87738866.9649807,4512,0.0,0.0,4.642857142856986,407.03571428571814,0.9525120888740659,166,26.303571428571384
246,1790,430.9910714285752,1809.3125,411.67857142857514,430.99107142857514,674,178028.82598836726,87916895.79096907,3066,0.0,0.0,0.0,430.99107142857514,0.17739924181963102,167,27.258928571428523
247,1812,428.3035714285752,1809.3125,430.99107142857514,428.30357142857525,576,171049.97195192234,88087945.76292099,2767,0.0,0.0,0.0,428.30357142857525,0.15569812362030727,168,32.3214285714285
248,1463,432.3660714285752,1467.0625,428.30357142857525,432.36607142857514,507,160434.00990620116,88248379.7728272,2361,0.0,0.0,0.0,432.36607142857514,0.2520444780783104,169,31.330357142857068
249,1471,428.4285714285752,1467.0625,432.36607142857514,428.42857142857514,635,168601.33691055918,88416981.10973775,2405,0.0,0.0,0.0,428.42857142857514,0.2096909293969095,170,34.749999999999915
250,3008,445.3035714285752,3024.875,428.42857142857514,445.30357142857514,618,211305.251945485,88628286.36168323,3921,0.0,0.0,0.0,445.30357142857514,0.18334441489361603,171,37.874999999999886
251,3040,430.1785714285752,3024.875,445.30357142857514,430.17857142857514,1054,235895.80635584105,88864182.16803907,4239,0.0,0.0,0.0,430.17857142857514,0.13591694078947256,172,49.62499999999987
252,4617,426.6160714285752,4613.4375,430.17857142857514,426.61607142857514,901,263949.3286703661,89128131.49670944,5680,0.0,0.0,0.0,426.61607142857514,0.12510829542993215,173,46.22321428571417
253,4592,448.0535714285752,4613.4375,426.61607142857514,448.05357142857525,1045,273866.5750340009,89401998.07174344,5931,0.0,0.0,0.0,448.05357142857525,0.08937515555002402,174,47.946428571428456
254,6337,442.6160714285752,6331.5625,448.05357142857525,442.616071428575,953,311027.93663670716,89713026.00838014,7588,0.0,0.0,4.75,437.866071428575,0.09638827520908887,175,40.02678571428561
255,6317,457.1785714285752,6331.5625,442.616071428575,457.17857142857525,850,303094.88040166127,90016120.8887818,7844,0.0,3.5,8.946428571428527,444.7321428571466,0.07992887672719816,176,37.089285714285616
256,8354,816.1785714285761,8713.0,457.17857142857525,816.1785714285749,1092,345581.7057484436,90361702.59453024,10132,346.40178571428675,31.642857142857594,29.625,408.50892857143066,0.06189507165087677,177,32.25892857142848
257,8567,962.1785714285743,8713.0,816.1785714285749,962.1785714285749,1119,349835.03495843254,90711537.62948868,11133,377.9642857142869,127.5892857142863,49.82142857142877,406.8035714285732,0.0917588670813249,178,27.553571428571374
258,9429,1124.0535714285743,9590.875,962.1785714285749,1124.0535714285782,1190,373433.80923361407,91084971.4387223,12172,463.9285714285727,163.6517857142859,92.39285714285724,404.08035714285944,0.11089173976940406,179,21.05357142857138
259,9550,1164.928571428578,9590.875,1124.0535714285782,1164.9285714285777,1380,385325.21842585737,91470296.65714815,13060,355.30357142857224,306.41071428571485,120.85714285714297,382.3571428571449,0.11637434554973801,180,18.678571428571388
260,10332,772.3035714285779,9939.375,1164.9285714285777,772.3035714285742,869,383436.45957425906,91853733.1167224,13225,141.26785714285765,123.19642857142944,121.0803571428569,386.7589285714308,0.12776446960898163,181,16.25892857142852
261,10059,652.6785714285743,9939.375,772.3035714285742,652.678571428574,808,371354.85225127626,92225087.96897368,13206,120.19642857142927,38.78571428571456,83.62500000000016,410.0714285714308,0.07322067657960847,182,15.73214285714281
262,10099,763.3035714285743,10209.625,652.678571428574,763.303571428574,901,370472.9957420538,92595560.96471573,13308,150.77678571428658,61.82142857142907,139.23214285714315,411.473214285716,0.06609476893044533,183,14.508928571428527
263,10142,830.9285714285743,10209.625,763.303571428574,830.9285714285742,853,368267.88179748156,92963828.84651321,13115,109.517857142858,16.50000000000054,302.089285714286,402.8214285714302,0.07894769276276827,184,13.517857142857103
264,10422,1093.1785714285743,10684.25,830.9285714285742,1093.1785714285759,1088,381784.9418132472,93345613.78832646,13622,152.24107142857156,66.08928571428628,483.50000000000045,391.34821428571667,0.07733897387394766,185,12.04464285714282
265,10593,1184.428571428576,10684.25,1093.1785714285759,1184.4285714285768,1179,391277.6446712697,93736891.43299773,13896,147.00000000000006,57.51785714285765,600.3571428571435,379.55357142857343,0.09442050680368398,186,12.999999999999954
266,11457,931.2410714285761,11203.8125,1184.4285714285768,931.2410714285744,926,400316.055564653,94137207.48856239,14409,159.2946428571433,0.0,390.2589285714291,381.68750000000233,0.0945359356101694,187,12.357142857142808
267,10704,1431.0535714285743,11203.8125,931.2410714285744,1431.0535714285786,1422,400294.1143574334,94537501.60291982,14772,32.62500000000038,0.0,1008.4285714285729,390.0000000000012,0.06350012678838325,188,15.142857142857078
268,11435,1035.2410714285797,11039.1875,1431.0535714285786,1035.2410714285743,1031,401114.68214874505,94938616.28506856,14933,0.0,4.187500000000114,607.9732142857141,423.08035714286035,0.10527593853457407,189,18.43749999999994
269,10822,1252.4285714285743,11039.1875,1035.2410714285743,1252.4285714285763,1246,386629.5850630162,95325245.87013157,15027,61.37500000000042,42.33928571428615,755.6071428571428,393.1071428571452,0.057364132587057776,190,23.232142857142794
270,10771,1245.053571428576,10763.625,1252.4285714285763,1245.0535714285782,1240,381112.5345979952,95706358.40472956,14930,17.00000000000037,0.5535714285716153,850.7053571428569,376.79464285714556,0.10213105295966653,191,26.20535714285708
271,10607,1401.678571428578,10763.625,1245.0535714285782,1401.6785714285786,1402,384368.8202918013,96090727.22502136,15163,0.2857142857141879,22.732142857142776,980.0892857142866,398.5714285714312,0.07843203275464956,192,28.642857142857086
272,10481,1558.3035714285797,10637.625,1401.6785714285786,1558.3035714285782,1570,389493.51351597765,96480220.73853734,15176,1.482142857142832,39.982142857142776,1135.4017857142865,381.4375000000029,0.07515214606021746,193,33.74999999999995
273,10394,1801.928571428578,10637.625,1558.3035714285782,1801.9285714285768,1808,397330.3734846885,96877551.11202203,15028,3.8750000000000115,0.0,1421.7142857142867,376.3392857142882,0.09168235795376424,194,43.14285714285708
274,10900,1852.616071428576,10950.6875,1801.9285714285768,1852.6160714285772,1844,400206.9289730195,97277758.04099505,15600,4.124999999999956,9.857142857142776,1462.2410714285727,376.39285714286,0.08295461992136273,195,53.49999999999988
275,10500,2303.303571428576,10950.6875,1852.6160714285772,2303.303571428576,2296,403523.57909733,97681281.62009238,15658,0.0,9.44642857142864,1939.767857142859,354.0892857142882,0.06049319727891122,196,90.03571428571406
276,10235,2388.428571428576,10320.125,2303.303571428576,2388.4285714285757,2378,402403.6051196039,98083685.22521198,15300,0.0,0.0,2055.464285714288,332.9642857142879,0.09064833554330345,197,137.42857142857116
277,9670,3038.553571428576,10320.125,2388.4285714285757,3038.5535714285725,3034,411462.93143780937,98495148.15664978,15378,44.124999999999936,2.6785714285714732,2667.678571428573,324.07142857143054,0.05176817107401355,198,215.83928571428564
278,10011,3582.4910714285725,10554.9375,3038.5535714285725,3582.491071428576,3563,469797.6869501248,98964945.84359992,16087,21.973214285714114,0.0,3232.2053571428582,328.31250000000244,0.1178221813148391,199,276.642857142857
279,10733,3404.428571428576,10554.9375,3582.491071428576,3404.4285714285743,3224,424205.4852603313,99389151.32886025,16048,0.0,0.0,3080.2142857142844,324.21428571428896,0.16804231941542092,200,345.7499999999997
280,10933,3306.5535714285743,10835.125,3404.4285714285743,3306.5535714285743,2951,427376.1841838048,99816527.51304406,16046,9.66071428571415,0.0,2994.321428571431,302.5714285714315,0.2361861533234895,201,431.45535714285694
281,10895,3246.6785714285743,10835.125,3306.5535714285743,3246.6785714285743,2787,417229.35388350836,100233756.86692756,15858,0.0,0.0,2947.7857142857156,298.89285714286,0.1828836950108174,202,485.49999999999983
282,9864,3744.8035714285743,10362.125,3246.6785714285743,3744.803571428575,3424,409333.3286400726,100643090.19556764,15570,0.0,0.0,3472.892857142858,271.91071428571644,0.12018179382458549,203,593.0446428571424
283,9879,4227.928571428576,10362.125,3744.803571428575,4227.928571428576,3341,417946.3040748701,101061036.4996425,15223,11.14285714285743,0.0,3958.0892857142853,258.6964285714317,0.06883468540771878,204,711.9285714285704
284,9201,4404.553571428576,9377.625,4227.928571428576,4404.553571428575,3775,396867.87935988646,101457904.37900239,15044,0.0,0.0,4153.964285714286,250.58928571428962,0.15747803033831698,205,846.1964285714278
285,9379,4403.178571428576,9377.625,4404.553571428575,4403.178571428576,3854,411695.16722801875,101869599.5462304,14587,26.446428571428765,0.0,4115.910714285715,260.8214285714323,0.18859096309384155,206,993.7678571428565
286,8136,4058.553571428576,7791.375,4403.178571428576,4058.553571428576,4021,380068.7491989526,102249668.29542936,13647,0.0,0.0,3806.848214285715,251.70535714286103,0.4024924497822726,207,1083.9642857142849
287,8037,3812.928571428576,7791.375,4058.553571428576,3812.928571428576,3791,378664.8123512523,102628333.10778062,12902,0.0,0.0,3532.8392857142876,280.0892857142896,0.4238844007181067,208,1162.5892857142849
288,7211,3061.4523809523944,6459.523809523805,3812.928571428576,3061.4523809523844,3052,375238.9441553458,103003572.05193597,11300,0.0,0.0,2716.053571428573,345.3988095238123,1.0843602036571098,209,1025.3482142857133
289,7296,2224.9761904761926,6459.523809523805,3061.4523809523844,2224.9761904761945,2218,373479.0796516427,103377051.13158761,10618,0.0,0.0,1859.6011904761901,365.3750000000034,1.0638775486894316,210,856.3214285714275
290,4886,1505.404761904767,4166.428571428578,2224.9761904761945,1505.404761904763,1500,287673.50749354926,103664724.63908117,7493,0.0,0.0,1108.1369047619041,397.2678571428608,1.47651514044013,211,616.9107142857132
291,4699,972.8333333333367,4166.428571428578,1505.404761904763,972.8333333333351,1071,273051.6019339956,103937776.24101517,6569,0.0,0.0,537.922619047619,434.91071428571763,1.456580807466634,134,367.7142857142858
292,2775,459.04761904763427,2261.214285714292,972.8333333333351,459.04761904762205,603,219290.52050247882,104157066.76151764,4082,0.0,0.0,19.202380952380793,439.8452380952412,2.8733837408837406,135,30.973214285714235
293,2287,433.26190476191596,2261.214285714292,459.04761904762205,433.2619047619079,573,183116.8470615024,104340183.60857914,3536,0.0,0.0,0.0,433.2619047619079,0.246604774397733,136,23.642857142857082
294,1240,447.7380952381004,1254.47619047619,433.2619047619079,447.73809523809837,679,164457.85443315137,104504641.4630123,2407,0.0,0.0,0.0,447.73809523809837,0.1828965053763415,137,27.508928571428495
295,1263,439.21428571429215,1254.47619047619,447.73809523809837,439.2142857142886,513,154167.99408404055,104658809.45709634,2135,0.0,0.0,0.0,439.2142857142886,0.20778663801228903,138,33.232142857142776
296,1136,440.59523809524103,1137.3809523809502,439.2142857142886,440.5952380952406,503,153002.17307742595,104811811.63017376,2003,0.0,0.0,0.0,440.5952380952406,0.28797524731723323,139,34.705357142857046
297,1139,438.97619047619287,1137.3809523809502,440.5952380952406,438.9761904761936,543,155300.51868748266,104967112.14886124,1921,0.0,0.0,0.0,438.9761904761936,0.28700771353317145,140,34.57142857142847
298,2902,433.3333333333426,2896.3571428571463,438.9761904761936,433.3333333333358,463,208350.35136892457,105175462.50023016,3607,0.0,0.0,0.0,433.3333333333358,0.23982229004626993,141,38.5654761904761
299,2899,430.69047619048433,2896.3571428571463,433.3333333333358,430.69047619047876,979,231840.05887701132,105407302.55910717,4030,0.0,0.0,0.0,430.69047619047876,0.1650004517156969,142,47.880952380952316
300,6070,476.38095238095593,6115.690476190475,430.69047619047876,476.3809523809551,980,317031.12217833474,105724333.6812855,7201,38.05952380952387,0.0,0.0,438.3214285714311,0.12866752961481032,143,37.999999999999986
301,6068,524.071428571433,6115.690476190475,476.3809523809551,524.0714285714315,1377,333887.5514982588,106058221.23278376,7875,106.0119047619048,0.0,0.0,418.0595238095269,0.09452004269077385,144,35.74999999999996
302,7817,671.0714285714203,7963.999999999989,524.0714285714315,671.0714285714331,1357,367856.42898072425,106426077.66176449,9608,226.66666666666674,29.178571428571416,3.672619047618615,411.5535714285744,0.09206620795945296,145,23.56547619047612
303,7403,1232.071428571422,7963.999999999989,671.0714285714331,1232.071428571431,1634,364853.27472275705,106790930.93648724,11852,236.72619047619048,423.92857142857184,149.80952380952377,421.6071428571455,0.10680194001144902,146,17.05357142857134
304,8915,1336.2380952380863,9019.166666666664,1232.071428571431,1336.2380952380972,1352,378342.64029413013,107169273.57678138,13013,257.3988095238094,440.76190476190516,236.4642857142857,401.6130952380984,0.14345304863392316,87,12.9166666666666
305,8591,1764.4047619047524,9019.166666666664,1336.2380952380972,1764.4047619047658,1761,381863.63668959716,107551137.21347098,14395,265.2083333333336,849.8750000000008,265.7976190476189,383.52380952381174,0.13395386090648537,47,9.642857142857078
306,10609,2003.1904761904734,10847.785714285717,1764.4047619047658,2003.1904761904802,1994,425600.09476435446,107976737.30823533,16455,712.1369047619056,673.3571428571438,270.20833333333326,347.48809523809655,0.17278680724811352,48,8.017857142857093
307,11804,1046.9761904761854,10847.785714285717,2003.1904761904802,1046.9761904761933,1042,435640.7607912265,108412378.06902656,16006,115.93452380952338,311.7738095238092,230.85119047619023,388.41666666667055,0.17216924045117823,49,7.988095238095189
308,11204,822.0476190476184,10979.071428571422,1046.9761904761933,822.0476190476226,975,409433.6181020906,108821811.68712865,15335,122.2261904761911,72.75000000000065,224.4226190476193,402.6488095238102,0.10264456996650823,50,7.05357142857139
309,11000,801.1190476190477,10979.071428571422,822.0476190476226,801.1190476190499,1010,403084.63292926265,109224896.32005791,14783,57.42857142857062,7.136904761904944,330.04761904761835,406.50595238095633,0.07226650432900418,51,7.124999999999963
310,10752,673.5952380952349,10624.476190476189,801.1190476190499,673.5952380952408,824,386530.14628306445,109611426.46634097,14153,0.0,14.196428571428669,235.11904761904768,424.27976190476437,0.07255709901147911,52,5.779761904761886
311,10568,730.0714285714239,10624.476190476189,673.5952380952408,730.0714285714312,847,380159.865316792,109991586.33165777,13440,28.226190476190343,14.839285714286163,283.9583333333329,403.04761904762177,0.05618263580981189,53,5.845238095238077
312,10532,972.9761904761963,10774.904761904767,730.0714285714312,972.9761904761926,1001,386025.3044921103,110377611.63614988,13503,56.267857142857096,36.82142857142877,498.7321428571431,381.1547619047643,0.057796081782503714,54,5.589285714285697
313,10581,1166.8809523809523,10774.904761904767,972.9761904761926,1166.8809523809548,1172,390742.843054988,110768354.47920488,13627,14.029761904761791,12.797619047619214,749.1130952380953,390.94047619047893,0.07317586329494426,55,7.13690476190474
314,11127,1832.023809523811,11792.142857142855,1166.8809523809548,1832.0238095238153,1821,423015.117661584,111191369.59686646,14912,249.6726190476179,44.23214285714269,1171.9880952380952,366.1309523809566,0.06398287948233995,56,10.30357142857138
315,11909,1715.1666666666715,11792.142857142855,1832.0238095238153,1715.166666666672,1709,446982.4908342642,111638352.08770072,16464,90.04761904761878,21.71428571428578,1232.07738095238,371.32738095238415,0.12925498522525952,54,16.744047619047564
316,12011,1245.4761904761908,11541.30952380952,1715.166666666672,1245.4761904761933,1240,428835.1020354702,112067187.18973619,16211,7.761904761904586,9.077380952380956,840.2380952380951,388.3988095238132,0.13478369034733997,55,22.93452380952379
317,11251,1535.7857142857138,11541.30952380952,1245.4761904761933,1535.785714285716,1530,411704.971010827,112478892.16074702,16322,0.0,101.64285714285754,1046.863095238095,387.2797619047653,0.0625708931692843,56,34.23809523809521
318,10885,1856.6666666666824,11205.880952380967,1535.785714285716,1856.66666666667,1850,406846.00310068746,112885738.16384771,15975,0.0,0.0,1469.7619047619046,386.9047619047651,0.0701101340857883,57,41.08333333333331
319,10985,2077.5476190476365,11205.880952380967,1856.66666666667,2077.547619047621,2072,433994.82832499495,113319732.9921727,16536,0.0,20.61309523809507,1711.77380952381,345.16071428571735,0.11962416281942867,40,49.72023809523807
320,10391,2231.7380952381027,10545.190476190486,2077.547619047621,2231.738095238098,2219,404937.34184920235,113724670.33402191,16163,0.0,0.0,1893.315476190476,338.42261904762154,0.10381981201680915,41,69.83928571428571
321,10174,2602.9285714285797,10545.190476190486,2231.738095238098,2602.928571428573,2590,426184.0707920956,114150854.404814,16392,0.0,0.0,2272.3869047619046,330.54166666667015,0.07588846920722263,42,110.2440476190475
322,9714,2531.642857142866,9642.714285714286,2602.928571428573,2531.6428571428596,2524,398401.1791745817,114549255.58398859,15947,0.0,3.6190476190476772,2213.517857142858,314.50595238095565,0.12875685069168663,43,153.28571428571414
323,9206,2968.3571428571504,9642.714285714286,2531.6428571428596,2968.35714285715,2962,414070.3233736695,114963325.90736227,16539,0.0,16.80357142857173,2643.1249999999986,308.4285714285764,0.0813580428912818,44,203.45833333333286
324,9392,3131.1190476190586,9554.761904761903,2968.35714285715,3131.1190476190563,2983,408961.1625391548,115372287.06990142,16433,0.0,0.0,2828.2202380952403,302.89880952381304,0.11126300498904808,45,276.71428571428504
325,9256,3429.880952380965,9554.761904761903,3131.1190476190563,3429.8809523809564,2749,388450.3415910413,115760737.41149247,16022,0.0,0.0,3159.1666666666665,270.71428571429,0.10754221200148145,46,374.35119047618883
326,9917,4253.404761904778,10740.523809523826,3429.8809523809564,4253.404761904772,2058,388027.17727104324,116148764.5887635,16061,53.190476190475806,0.0,3948.1845238095234,252.0297619047692,0.07089257503949427,47,483.5892857142837
327,10355,4638.928571428596,10740.523809523826,4253.404761904772,4638.928571428574,2205,395154.8987402234,116543919.48750372,15430,69.09523809523768,0.0,4344.8452380952385,224.98809523810024,0.1087322664459311,48,612.4345238095211
328,10493,5459.690476190479,11313.761904761905,4638.928571428574,5459.690476190479,1850,390378.91979071795,116934298.40729444,15286,216.8154761904765,0.0,5021.327380952381,221.54761904762515,0.10267389143782904,49,784.482142857139
329,10472,6301.452380952393,11313.761904761905,5459.690476190479,6301.452380952374,1898,398599.99682086706,117332898.4041153,14499,517.4404761904755,0.0,5580.47619047619,203.53571428571973,0.2119819518716577,50,978.4404761904719
330,10945,6501.142857142855,11144.690476190484,6301.452380952374,6501.1428571428605,1584,414489.8419970141,117747388.24611232,14558,723.6785714285716,0.0,5567.047619047618,210.4166666666724,0.2560296069090034,51,1169.1547619047587
331,10706,6939.833333333354,11144.690476190484,6501.1428571428605,6939.833333333334,1668,425603.8046207939,118172992.0507331,14686,1369.5238095238094,0.0,5365.70833333333,204.60119047619588,0.661736187095798,52,1156.8869047618998
332,9931,7215.833333333307,10207.000000000002,6939.833333333334,7215.833333333334,2487,423888.8528509989,118596880.90358411,14513,1444.6845238095227,0.0,5555.345238095237,215.8035714285776,0.36276977813580363,53,1299.7380952381
333,10070,7352.83333333331,10207.000000000002,7215.833333333334,7352.833333333341,2288,423157.3055866587,119020038.20917077,14011,1043.8154761904768,0.0,6096.0476190476165,212.97023809524407,0.5765741003452018,54,1359.142857142862
334,9527,6473.785714285692,8647.95238095239,7352.833333333341,6473.785714285719,3217,430124.9436691187,119450163.1528399,14265,632.119047619047,0.0,5611.059523809522,230.60714285714957,0.41382886732944424,55,1528.803571428587
335,9182,5939.738095238077,8647.95238095239,6473.785714285719,5939.738095238106,4537,434555.7065427132,119884718.85938261,14684,126.8571428571436,0.0,5568.517857142857,244.36309523810093,0.3185502691601574,56,1714.4821428571677
336,7213,5186.261904761921,6459.523809523805,5939.738095238106,5186.261904761916,4999,398758.6078626055,120283477.46724522,13152,0.0,0.0,4902.511904761908,283.7500000000058,0.8416830062123285,57,1727.8988095238349
337,7356,4289.785714285734,6459.523809523805,5186.261904761916,4289.785714285721,4282,417755.3601519631,120701232.82739718,12613,0.0,0.0,3984.6785714285716,305.1071428571487,1.4099220914575714,58,1505.7321428571556
338,5392,3064.214285714297,4166.428571428578,4289.785714285721,3064.214285714288,3060,353775.9464285589,121055008.77382573,9510,0.0,0.0,2731.7976190476174,332.4166666666724,2.315804057156983,59,1168.6488095238137
339,5469,1761.6428571428596,4166.428571428578,3064.214285714288,1761.642857142861,1759,343912.68037484726,121398921.45420058,8171,0.7738095238087291,0.0,1378.4345238095239,382.4345238095298,2.8033798727024135,60,620.8988095238049
340,3213,809.8571428571668,2261.214285714292,1761.642857142861,809.8571428571461,802,253891.1593859558,121652812.61358653,4987,0.0,0.0,396.08333333333303,413.77380952381463,3.7276734767981203,61,182.7559523809518
341,2615,456.071428571443,2261.214285714292,809.8571428571461,456.0714285714341,584,210119.7843747463,121862932.39796127,3971,0.0,0.0,32.690476190475984,423.38095238095775,1.613737139215147,62,31.30952380952385
342,1276,434.5476190476279,1254.47619047619,456.0714285714341,434.547619047624,664,166327.83376580244,122029260.23172708,2492,0.0,0.0,0.0,434.547619047624,0.5115782206299432,63,16.922619047618934
343,1252,437.0238095238167,1254.47619047619,434.547619047624,437.0238095238145,522,154160.04702418725,122183420.27875127,2138,0.0,0.0,0.0,437.0238095238145,0.199747071352502,64,24.08928571428562
344,1142,432.40476190476693,1137.3809523809502,437.0238095238145,432.4047619047664,482,152758.52966365564,122336178.80841492,1981,0.0,0.0,0.0,432.4047619047664,0.3370600867317139,65,24.494047619047514
345,1112,457.78571428571877,1137.3809523809502,432.4047619047664,457.7857142857192,566,155081.88818366866,122491260.69659859,1927,0.0,0.0,0.0,457.7857142857192,0.22408144912641229,66,30.464285714285612
346,2916,438.14285714286825,2896.3571428571463,457.7857142857192,438.1428571428619,470,209106.86084502132,122700367.5574436,3621,0.0,0.0,0.0,438.1428571428619,0.23662959696910021,67,36.17857142857141
347,2904,430.50000000001046,2896.3571428571463,438.1428571428619,430.5000000000045,978,235563.27686263464,122935930.83430624,4033,0.0,0.0,0.0,430.5000000000045,0.1691775711662063,68,46.470238095238095
348,6091,455.1904761904816,6115.690476190475,430.5000000000045,455.1904761904811,969,321749.12297028216,123257679.95727652,7208,25.107142857143636,0.0,0.0,430.0833333333375,0.13032694607969514,69,35.428571428571445
349,6077,493.88095238095866,6115.690476190475,455.1904761904811,493.8809523809563,1350,340004.3115868507,123597684.26886338,7858,60.416666666667005,0.0,0.0,433.46428571429,0.08914662623318179,70,32.80357142857141
350,7945,512.8809523809468,7963.999999999989,493.8809523809563,512.8809523809574,1285,373180.7462231589,123970865.01508653,9668,83.97619047619118,2.2559523809521806,11.595238095238003,415.05357142857633,0.08535317210584664,71,21.4999999999999
351,7342,1134.8809523809468,7963.999999999989,512.8809523809574,1134.880952380957,1511,352028.6473527999,124322893.66243933,11765,125.15476190476227,518.7619047619049,90.59523809523813,400.3690476190517,0.08297904424640981,72,14.160714285714151
352,9020,1134.047619047613,9019.166666666664,1134.880952380957,1134.0476190476247,1263,383854.0377519716,124706747.7001913,12783,267.4404761904765,324.4523809523814,154.72023809523816,387.4345238095275,0.11038169147925217,73,9.83928571428563
353,8635,1518.2142857142808,9019.166666666664,1134.0476190476247,1518.2142857142944,1620,384427.90956043685,125091175.60975175,14299,128.60714285714292,898.9940476190484,97.82142857142843,392.7916666666701,0.1156216395069897,74,7.624999999999922
354,10695,1671.0000000000036,10847.785714285717,1518.2142857142944,1671.0000000000032,1662,424263.20335827756,125515438.81311002,16270,584.3690476190479,552.9821428571433,173.25000000000023,360.3988095238136,0.14941004919967052,75,6.494047619047552
355,11395,1123.785714285712,10847.785714285717,1671.0000000000032,1123.7857142857201,1342,442326.573681716,125957765.38679174,15975,100.25000000000014,343.9464285714289,274.26785714285705,405.3214285714328,0.14267953780898032,76,5.547619047618991
356,11272,830.8571428571449,10979.071428571422,1123.7857142857201,830.8571428571478,1076,415678.1380346991,126373443.52482644,15399,115.23214285714265,41.160714285715116,269.6845238095242,404.7797619047655,0.1119197590320727,77,5.815476190476133
357,10971,838.9285714285725,10979.071428571422,830.8571428571478,838.928571428576,1026,403897.37754148775,126777340.90236792,14855,89.26785714285728,21.309523809524187,321.35714285714334,406.99404761905134,0.07753395314921149,78,6.172619047618991
358,10711,752.4047619047615,10624.476190476189,838.928571428576,752.4047619047655,906,385610.8016860535,127162951.70405397,14274,18.202380952380967,20.410714285714576,295.35119047619,418.44047619048143,0.06769909438894588,79,6.571428571428499
359,10683,693.8809523809523,10624.476190476189,752.4047619047655,693.880952380958,783,383360.91852981696,127546312.62258379,13447,25.2261904761905,25.940476190476105,241.76785714285683,400.94642857143265,0.06512237957056813,80,6.95238095238088
360,10589,879.7857142857229,10774.904761904767,693.880952380958,879.7857142857171,934,388404.9294203603,127934717.55200416,13388,21.226190476190524,28.749999999999915,411.5119047619049,418.29761904762387,0.05467263872212385,81,7.482142857142809
361,10684,970.6904761904789,10774.904761904767,879.7857142857171,970.6904761904807,1086,399702.582603679,128334420.13460784,13668,8.226190476190517,22.45833333333306,520.6071428571429,419.3988095238149,0.0703833948405268,82,7.9940476190475644
362,11365,1397.8333333333358,11792.142857142855,970.6904761904807,1397.8333333333378,1392,412230.9288390035,128746651.06344683,14683,215.86904761904617,58.29761904761904,759.5595238095244,364.1071428571485,0.06693744369723242,83,9.101190476190423
363,11381,1808.9761904761908,11792.142857142855,1397.8333333333378,1808.9761904761954,1799,438662.6720814138,129185313.73552825,15972,98.49404761904806,123.37500000000026,1205.970238095239,381.13690476190914,0.11619041342923224,84,14.1607142857142
364,11747,1603.2857142857138,11541.30952380952,1808.9761904761954,1603.2857142857192,1595,443881.55952560256,129629195.29505385,16270,121.85714285714323,74.44642857142838,1031.4761904761906,375.50595238095735,0.1483788160705671,85,20.494047619047585
365,11509,1635.5952380952367,11541.30952380952,1603.2857142857192,1635.5952380952442,1628,435124.973985863,130064320.26903972,16632,9.54761904761915,151.5297619047622,1093.2142857142853,381.3035714285771,0.12025474887148321,86,26.345238095238123
366,11233,1608.476190476209,11205.880952380967,1635.5952380952442,1608.4761904761938,1601,407301.0401800579,130471621.30921978,16152,0.0,0.0,1236.0357142857138,372.4404761904815,0.09942749466919322,87,33.76190476190487
367,11123,1691.3571428571595,11205.880952380967,1608.4761904761938,1691.3571428571495,1685,409817.55305437377,130881438.86227416,16392,0.0,3.5714285714286405,1322.166666666667,365.61904761905265,0.10322187402336634,88,42.91666666666682
368,10315,1921.547619047633,10545.190476190486,1691.3571428571495,1921.5476190476238,1916,395556.60014801804,131276995.46242218,15861,0.0,0.0,1560.035714285714,361.5119047619099,0.08337113080811581,65,50.9642857142858
369,10321,2145.738095238108,10545.190476190486,1921.5476190476238,2145.7380952381004,2141,417364.41000907664,131694359.87243125,16192,0.0,0.0,1812.208333333335,333.52976190476625,0.091210246330874,66,61.875000000000085
370,9496,2292.4523809523944,9642.714285714286,2145.7380952381004,2292.452380952388,2280,374843.1494197164,132069203.02185096,15604,0.0,14.142857142857224,1939.5119047619053,338.79761904762415,0.08773807016488136,40,78.23809523809516
371,9025,2910.1666666666806,9642.714285714286,2292.452380952388,2910.1666666666692,2898,413718.6594431213,132482921.68129408,16195,0.0,6.523809523809604,2568.3869047619023,335.25595238095815,0.06485226223453354,41,99.4107142857141
372,9321,3143.928571428578,9554.761904761903,2910.1666666666692,3143.9285714285716,3122,415464.1233766498,132898385.80467074,16422,0.0,0.0,2846.732142857142,297.196428571435,0.09669729387302599,42,148.08928571428544
373,9211,3487.6904761904807,9554.761904761903,3143.9285714285716,3487.6904761904816,3346,423599.0614811081,133321984.86615184,16572,0.0,0.0,3216.8750000000005,270.81547619048223,0.14266133660064836,43,201.74404761904717
374,9930,4298.214285714304,10740.523809523826,3487.6904761904816,4298.214285714296,2066,384008.2741878731,133705993.14033972,16005,0.0,0.0,4048.9940476190473,249.2202380952445,0.10095609744401259,44,274.0059523809514
375,10152,4886.738095238121,10740.523809523826,4298.214285714296,4886.7380952381045,2335,395799.365031922,134101792.50537165,15356,57.95833333333486,0.0,4598.357142857143,230.42261904762398,0.12138940485571684,45,406.4761904761884
376,10391,5809.500000000011,11313.761904761905,4886.7380952381045,5809.500000000007,1800,394161.3960587606,134495953.9014304,14952,260.36309523809535,38.01190476190486,5284.267857142853,226.85714285715142,0.16496189467991995,46,564.8749999999966
377,10465,6658.261904761919,11313.761904761905,5809.500000000007,6658.261904761905,1700,393269.1638676497,134889223.06529805,14264,452.77976190476386,43.0833333333334,5939.78571428571,222.61309523810107,0.24444292767274117,47,689.8214285714241
378,10933,6869.952380952396,11144.690476190484,6658.261904761905,6869.952380952397,1907,428927.1045815759,135318150.16987962,14782,859.0654761904776,77.72619047619054,5706.875000000002,226.28571428572056,0.3052885976488831,48,879.0178571428521
379,10633,7381.642857142888,11144.690476190484,6869.952380952397,7381.642857142859,1547,403557.0067958695,135721707.1766755,14317,1004.166666666671,0.0,6184.946428571421,192.52976190476724,0.2720976474855907,49,1081.6964285714241
380,10491,7097.64285714283,10207.000000000002,7381.642857142859,7097.6428571428705,2320,430678.3166485564,136152385.49332404,14804,954.2559523809567,0.0,5930.749999999995,212.6369047619102,0.4035318254649111,50,1302.3511904761997
381,10059,7245.642857142844,10207.000000000002,7097.6428571428705,7245.6428571428605,2122,433505.88214892265,136585891.37547296,14030,964.9285714285733,0.0,6043.124999999999,237.5892857142929,0.4502447464720054,51,1451.5833333333503
382,9705,6188.595238095211,8647.95238095239,7245.6428571428605,6188.5952380952385,3537,449092.7103968937,137034984.08586985,14647,721.4761904761925,0.0,5209.559523809523,257.5595238095297,0.7043380927847697,52,1563.5892857143035
383,8954,5882.5476190475965,8647.95238095239,6188.5952380952385,5882.547619047626,4281,434756.1816774325,137469740.26754728,14345,148.6904761904762,0.0,5481.726190476187,252.13095238096037,0.2897700681791591,53,1757.142857142875
384,7616,4726.071428571442,6459.523809523805,5882.547619047626,4726.071428571436,4587,408897.0212614632,137878637.28880873,13181,5.333333333333504,0.0,4445.529761904761,275.2083333333411,1.3663996848739508,54,1570.4047619047756
385,7311,3874.5952380952567,6459.523809523805,4726.071428571436,3874.5952380952435,3868,399903.09475106746,138278540.3835598,12125,0.0,0.0,3577.83333333333,296.76190476191306,1.2687185324136494,55,1376.3869047619119
386,5282,2759.02380952382,4166.428571428578,3874.5952380952435,2759.023809523815,2752,342465.0720452529,138621005.45560506,9120,0.0,0.0,2422.351190476188,336.67261904762626,2.136846162168005,56,1057.6130952380856
387,5649,1276.452380952387,4166.428571428578,2759.023809523815,1276.4523809523882,1271,351320.7045020952,138972326.16010717,7837,23.535714285713517,0.0,867.5416666666665,385.3750000000081,2.87973429768438,57,445.64880952380673
388,2915,622.6666666666902,2261.214285714292,1276.4523809523882,622.6666666666731,659,234207.55670567552,139206533.71681285,4568,0.0,0.0,212.32142857142819,410.34523809524546,2.8447725230743957,56,119.79166666666632
389,2434,449.88095238096867,2261.214285714292,622.6666666666731,449.88095238095855,557,196970.0285023368,139403503.7453152,3712,0.0,0.0,21.690476190476016,428.19047619048274,1.1062282349258528,57,27.035714285714253
390,1271,433.3571428571522,1254.47619047619,449.88095238095855,433.3571428571493,619,159956.37895067484,139563460.12426588,2451,0.0,0.0,0.0,433.3571428571493,0.4218744145966805,32,17.059523809523693
391,1265,422.8333333333419,1254.47619047619,433.3571428571493,422.83333333333997,506,154171.60779659677,139717631.7320625,2133,0.0,0.0,0.0,422.83333333333997,0.2382128740824389,33,22.130952380952277
392,1127,433.2142857142919,1137.3809523809502,422.83333333333997,433.21428571429277,488,151076.31719749168,139868708.04926,1978,0.0,0.0,0.0,433.21428571429277,0.2943761355473874,34,23.732142857142733
393,1133,437.5952380952451,1137.3809523809502,433.21428571429277,437.59523809524535,545,155933.40143035766,140024641.45069036,1916,0.0,0.0,0.0,437.59523809524535,0.2598558399529272,35,27.31547619047604
394,2903,430.9523809523939,2896.3571428571463,437.59523809524535,430.952380952387,457,207531.90731760993,140232173.35800797,3604,0.0,0.0,0.0,430.952380952387,0.21867157128093995,36,30.982142857142655
395,2901,426.3095238095357,2896.3571428571463,430.952380952387,426.3095238095302,979,237369.70723126543,140469543.06523922,4029,0.0,0.0,0.0,426.3095238095302,0.16548070451896627,37,40.2559523809522
396,6023,519.0000000000073,6115.690476190475,426.3095238095302,519.0000000000064,1014,319705.13607360923,140789248.20131284,7187,74.39880952381058,0.0,13.708333333333867,430.892857142862,0.11976510677324184,38,34.86309523809503
397,6154,480.6904761904834,6115.690476190475,519.0000000000064,480.690476190483,1319,345057.4797727448,141134305.6810856,7901,55.60714285714351,0.0,3.3095238095238093,421.77380952381617,0.102385982017116,31,31.434523809523583
398,7740,704.6904761904734,7963.999999999989,480.690476190483,704.6904761904833,1494,372896.1621358744,141507201.84322146,9667,229.6190476190489,36.351190476190695,22.690476190476613,416.029761904766,0.0758105697059183,32,24.464285714285584
399,7557,1111.6904761904716,7963.999999999989,704.6904761904833,1111.6904761904825,1480,361779.5565092565,141868981.3997307,11891,82.01190476190597,512.4821428571454,95.46428571428571,421.73214285714556,0.0973773921372173,33,18.25595238095226
400,8985,1145.8571428571395,9019.166666666664,1111.6904761904825,1145.85714285715,1337,384013.16425259504,142252994.56398332,13041,133.65476190476204,447.85714285714363,148.00595238095244,416.3392857142912,0.11671569017144959,34,13.958333333333215
401,8531,1634.0238095238055,9019.166666666664,1145.85714285715,1634.0238095238155,1658,379146.16201969254,142632140.72600302,14195,143.9404761904761,771.017857142859,327.29166666666646,391.7738095238145,0.09718128841033541,35,13.470238095237967
402,10477,2004.8095238095248,10847.785714285717,1634.0238095238155,2004.8095238095268,1999,428136.27620025916,143060277.0022033,16392,571.309523809525,698.1607142857159,359.6726190476192,375.66666666666947,0.1605483894426342,36,11.892857142857034
403,11867,985.5952380952313,10847.785714285717,2004.8095238095268,985.5952380952441,980,440420.3920691887,143500697.39427248,16059,118.98809523809479,240.4821428571435,224.38690476190578,401.7380952381001,0.1888084002455792,37,8.547619047618966
404,11177,787.6666666666679,10979.071428571422,985.5952380952441,787.6666666666732,888,402593.85636763205,143903291.2506401,15250,143.7321428571418,15.607142857143508,238.80952380952377,389.5178571428635,0.09672658989336085,38,7.452380952380907
405,11075,691.7380952380954,10979.071428571422,787.6666666666732,691.7380952381013,850,401424.38440267346,144304715.63504276,14704,40.410714285714775,17.684523809523853,221.3392857142859,412.30357142857633,0.07242556164678059,39,6.642857142857109
406,10672,644.2142857142862,10624.476190476189,691.7380952381013,644.214285714292,810,386125.94375589385,144690841.57879865,14101,18.20238095238099,19.333333333333798,198.84523809523773,407.8333333333392,0.061510539373170574,40,6.184523809523762
407,10512,756.6904761904752,10624.476190476189,644.214285714292,756.6904761904818,867,380636.93441764644,145071478.5132163,13332,19.226190476190556,23.73809523809571,308.95238095238085,404.77380952381475,0.05208050210190614,41,6.7797619047618465
408,10499,1032.5952380952458,10774.904761904767,756.6904761904818,1032.5952380952442,1028,385689.30410653836,145457167.81732282,13455,31.55357142857199,3.517857142857224,604.2559523809532,393.2678571428625,0.046100195483470004,42,7.857142857142805
409,10759,1048.500000000009,10774.904761904767,1032.5952380952442,1048.5000000000066,1041,395292.320747025,145852460.13806984,13700,0.0,64.33333333333408,574.0714285714288,410.09523809524313,0.08360387095632019,43,8.267857142857094
410,11030,1810.6428571428623,11792.142857142855,1048.5000000000066,1810.642857142866,1803,421477.13303887536,146273937.27110872,14742,216.18452380952408,77.23214285714369,1149.8809523809539,367.3452380952423,0.06771521391874963,44,8.89285714285709
411,11585,2017.785714285721,11792.142857142855,1810.642857142866,2017.7857142857213,2010,448639.0248715868,146722576.2959803,16418,154.72619047619034,125.51785714285812,1359.1666666666672,378.3750000000051,0.13853402388145578,45,14.142857142857071
412,12175,1384.0952380952403,11541.30952380952,2017.7857142857213,1384.0952380952451,1376,432883.64375650865,147155459.9397368,16417,6.619047619047544,69.00595238095286,919.8154761904764,388.6547619047678,0.1568343600273783,46,22.482142857142744
413,11196,1729.4047619047633,11541.30952380952,1384.0952380952451,1729.4047619047699,1724,418943.9437041379,147574403.88344094,16652,0.0,94.2261904761911,1258.476190476191,376.7023809523869,0.06854807839534527,47,32.80357142857132
414,10829,2106.285714285734,11205.880952380967,1729.4047619047699,2106.285714285721,2101,423486.60093956435,147997890.4843805,16109,29.999999999999805,1.5178571428571601,1712.3988095238112,362.3690476190529,0.0921379540827321,47,41.66071428571416
415,11034,2278.166666666688,11205.880952380967,2106.285714285721,2278.166666666672,2271,427875.4997968459,148425765.98417735,16688,0.0,24.297619047619477,1884.928571428571,368.94047619048206,0.14530790111948325,48,52.83928571428559
416,10446,2377.357142857152,10545.190476190486,2278.166666666672,2377.357142857151,2373,421056.1472112131,148846822.13138857,16378,0.0,0.0,2052.196428571429,325.1607142857204,0.12073828669894152,49,67.20833333333327
417,10194,2728.547619047631,10545.190476190486,2377.357142857151,2728.5476190476293,2723,433257.86985367606,149280080.00124225,16628,0.0,0.0,2398.5535714285734,329.9940476190533,0.10824878313106687,50,94.55357142857135
418,9686,2685.2619047619155,9642.714285714286,2728.5476190476293,2685.2619047619132,2672,403261.84908367053,149683341.8503259,16042,0.0,0.0,2365.8630952380922,319.39880952381816,0.13245368868174973,51,129.58333333333326
419,9536,2791.9761904762036,9642.714285714286,2685.2619047619132,2791.9761904761976,2587,405117.61673032236,150088459.46705624,16513,0.0,0.0,2501.559523809524,290.4166666666736,0.12114118927772466,52,175.14880952380918
420,9181,3165.7380952381045,9554.761904761903,2791.9761904761976,3165.738095238103,2794,393681.578074158,150482141.0451304,16294,0.0,0.0,2898.255952380952,267.48214285714965,0.11233084890638532,53,241.57738095238034
421,9288,3432.5000000000127,9554.761904761903,3165.738095238103,3432.5000000000086,2866,390487.5016230507,150872628.54675347,16140,0.0,0.0,3170.571428571427,261.9285714285798,0.08819431627086671,54,337.79761904761773
422,9856,4317.023809523829,10740.523809523826,3432.5000000000086,4317.02380952382,1940,378547.20802222437,151251175.7547757,15716,19.8809523809521,0.0,4053.1666666666697,243.97619047619844,0.05078910115182435,55,451.95238095237903
423,10169,4888.547619047646,10740.523809523826,4317.02380952382,4888.547619047636,2630,399331.7004508083,151650507.4552265,15437,61.541666666666515,0.005952380952358283,4596.482142857147,230.51785714286518,0.08626357416798953,56,593.2321428571404
424,10139,6063.309523809543,11313.761904761905,4888.547619047636,6063.309523809538,1762,381033.2507906034,152031540.7060171,14621,170.96428571428586,9.970238095238123,5666.363095238099,216.01190476191195,0.11373221741601275,57,773.9523809523769
425,10807,6570.071428571446,11313.761904761905,6063.309523809538,6570.071428571443,1791,406566.3565452094,152438107.06256232,14599,792.9821428571444,38.40476190476191,5528.613095238093,210.071428571435,0.3018584735643126,58,934.2916666666622
426,10829,6885.761904761934,11144.690476190484,6570.071428571443,6885.761904761918,1798,418108.0201058239,152856215.08266813,14755,613.5178571428578,19.446428571429124,6045.922619047625,206.8750000000067,0.25931031753360695,59,1117.9583333333294
427,10637,7393.452380952407,11144.690476190484,6885.761904761918,7393.45238095239,1735,417858.7533655858,153274073.8360337,14480,917.6309523809538,0.0,6258.0297619047615,217.79166666667305,0.1734892133030708,60,1337.1904761904868
428,10001,7599.45238095236,10207.000000000002,7393.45238095239,7599.452380952392,2054,417131.85810266196,153691205.69413635,14230,1208.5952380952403,0.0,6160.886904761908,229.97023809524484,0.4616812128310974,61,1536.6011904762065
429,10284,7522.4523809523635,10207.000000000002,7599.452380952392,7522.45238095238,2337,438323.4386270454,154129529.1327634,14148,1185.7619047619062,0.0,6113.666666666662,223.02380952381793,0.670926635920802,62,1590.9880952381116
430,9949,6221.404761904731,8647.95238095239,7522.45238095238,6221.404761904769,3326,457905.64146363066,154587434.77422702,15023,813.1428571428585,0.0,5172.863095238093,235.3988095238167,0.8315097473304325,63,1581.9404761904939
431,9032,5837.357142857127,8647.95238095239,6221.404761904769,5837.357142857151,4213,430613.59004773723,155018048.36427477,14476,369.9642857142861,0.0,5221.964285714289,245.4285714285807,0.4996467586148724,64,1675.1488095238287
432,7259,5037.880952380967,6459.523809523805,5837.357142857151,5037.880952380962,4924,394199.1083557344,155412247.4726305,13280,0.0,0.0,4755.803571428572,282.07738095239176,0.6925532508085213,65,1770.7976190476384
433,6903,4594.404761904778,6459.523809523805,5037.880952380962,4594.40476190477,4588,394867.03965349344,155807114.51228398,12483,0.0,0.0,4284.654761904758,309.7500000000109,0.8456416464891041,66,1732.0357142857313
434,5368,3392.8333333333485,4166.428571428578,4594.40476190477,3392.8333333333403,3387,346709.91805113136,156153824.4303351,9767,0.0,0.0,3034.5773809523807,358.2559523809623,2.2118395607125128,67,1446.7976190476327
435,5955,1604.2619047619128,4166.428571428578,3392.8333333333403,1604.2619047619135,1597,378743.1837696852,156532567.61410478,8509,0.0,0.0,1221.0178571428553,383.2440476190575,3.6203050657710527,68,589.6428571428531
436,3193,672.4761904762167,2261.214285714292,1604.2619047619135,672.476190476199,699,252112.00910543255,156784679.62321022,4958,0.0,0.0,260.01190476190374,412.4642857142949,3.4847751032764873,69,171.10714285714238
437,2454,479.69047619049525,2261.214285714292,672.476190476199,479.69047619048456,563,198213.46073261404,156982893.08394283,3676,0.0,0.0,42.839285714284884,436.8511904761996,1.3479135134086198,70,43.68452380952389
438,1298,436.1666666666779,1254.47619047619,479.69047619048456,436.1666666666759,686,166058.45219448098,157148951.5361373,2564,0.0,0.0,0.6785714285712774,435.4880952381047,0.6637225768581697,71,19.45238095238081
439,1248,442.6428571428685,1254.47619047619,436.1666666666759,442.6428571428662,567,156769.88755358598,157305721.4236909,2180,0.0,0.0,0.0,442.6428571428662,0.19421550671550802,72,27.386904761904592
440,1158,422.0238095238185,1137.3809523809502,442.6428571428662,422.0238095238181,475,153375.21386795008,157459096.63755885,1990,0.0,0.0,0.0,422.0238095238181,0.33352866189653946,73,29.928571428571246
441,1123,436.4047619047701,1137.3809523809502,422.0238095238181,436.40476190477006,545,155711.76232418063,157614808.39988303,1914,0.0,0.0,0.0,436.40476190477006,0.23710405800788842,74,34.785714285714114
442,2882,450.7619047619187,2896.3571428571463,436.40476190477006,450.76190476191323,482,207356.07904468096,157822164.4789277,3602,0.0,0.0,0.0,450.76190476191323,0.21371980436865923,75,39.773809523809305
443,2901,446.1190476190618,2896.3571428571463,450.76190476191323,446.1190476190558,991,235854.37251906807,158058018.85144678,4040,0.0,0.0,0.0,446.1190476190558,0.15064386664696855,76,52.66071428571416
444,6079,482.80952380953295,6115.690476190475,446.1190476190558,482.8095238095319,977,320879.09484350577,158378897.94629028,7206,38.619047619047286,0.0,16.678571428570855,427.5119047619139,0.12926429002263828,77,44.66071428571414
445,6069,529.5000000000091,6115.690476190475,482.8095238095319,529.500000000008,1370,335136.6959427444,158714034.642233,7858,41.797619047620174,0.0,38.33928571428508,449.3630952381029,0.11031177176753053,78,36.07142857142837
446,7804,689.4999999999982,7963.999999999989,529.500000000008,689.5000000000082,1351,366590.6127313698,159080625.25496438,9603,213.66666666666868,31.25595238095262,33.821428571428044,410.7559523809594,0.09211317151155683,79,23.10119047619026
447,7272,1381.4999999999982,7963.999999999989,689.5000000000082,1381.5000000000098,1695,355508.7991284113,159436134.0540928,11853,180.0119047619059,606.5416666666696,184.79166666666606,410.1547619047671,0.09048404840484062,80,18.374999999999797
448,9076,1324.666666666666,9019.166666666664,1381.5000000000098,1324.6666666666772,1347,380113.1262902028,159816247.180383,13057,278.2142857142859,408.11904761904896,233.97023809523748,404.3630952381018,0.14054990660874334,81,15.220238095237923
449,8795,1548.8333333333358,9019.166666666664,1324.6666666666772,1548.833333333342,1543,384791.2914633294,160201038.4718463,14512,191.29761904761855,691.1190476190493,272.7083333333341,393.7083333333398,0.12971520615068094,82,11.547619047618918
450,10533,1863.6190476190513,10847.785714285717,1548.833333333342,1863.6190476190552,1859,427890.3476365997,160628928.81948292,16423,657.6071428571436,592.4285714285729,237.67857142857062,375.9047619047685,0.14722323943343618,81,9.83333333333322
451,11644,1067.4047619047615,10847.785714285717,1863.6190476190552,1067.4047619047697,1090,432502.1383683624,161061430.9578513,15807,77.6309523809522,193.5892857142867,421.17857142857116,375.0059523809602,0.1418592857960775,82,8.58928571428563
452,11033,1013.4761904761945,10979.071428571422,1067.4047619047697,1013.4761904761991,1251,413737.1663329374,161475168.12418422,15329,104.49999999999987,72.36904761904879,439.1249999999996,397.4821428571502,0.12099685791111517,83,6.708333333333268
453,11170,822.5476190476238,10979.071428571422,1013.4761904761991,822.5476190476265,922,405107.65007202374,161880275.77425626,14987,0.37500000000058664,33.42261904762077,401.1309523809515,387.6190476190544,0.08431491665600897,84,5.214285714285657
454,10592,855.023809523811,10624.476190476189,822.5476190476265,855.0238095238179,1003,384583.4697904779,162264859.24404675,14196,4.2023809523811195,20.47023809523867,416.32738095238045,414.0238095238176,0.056600444180693495,85,5.821428571428492
455,10640,839.5000000000036,10624.476190476189,855.0238095238179,839.5000000000082,873,382290.86195270956,162647150.10599947,13514,39.22619047619065,0.1726190476190652,408.17857142856997,391.9226190476283,0.0669665234514859,86,25.607142857142854
456,10697,917.4047619047687,10774.904761904767,839.5000000000082,917.4047619047701,913,384752.6647405923,163031902.77074006,13593,47.226190476190666,0.0,479.99404761904685,390.18452380953306,0.052020036770434035,87,35.83333333333335
457,10575,1117.309523809532,10774.904761904767,917.4047619047701,1117.3095238095307,1122,386469.9181023381,163418372.6888424,13636,26.25000000000022,22.37500000000037,680.4523809523789,388.2321428571525,0.052027468197681045,88,46.48809523809526
458,11233,1676.452380952387,11792.142857142855,1117.3095238095307,1676.4523809523912,1668,419591.37414504896,163837964.06298745,14777,254.6250000000001,21.23214285714384,1041.9999999999982,358.59523809524717,0.05445795339412376,37,55.26785714285714
459,11658,1810.5952380952476,11792.142857142855,1676.4523809523912,1810.5952380952465,1806,443104.4432897812,164281068.50627723,16353,120.69642857142946,112.43452380952542,1210.5297619047617,366.93452380953,0.09445639209535237,38,65.73809523809521
460,11779,1572.9047619047633,11541.30952380952,1810.5952380952465,1572.9047619047699,1566,432651.5615783337,164713720.06785557,16341,0.0,0.0,1178.863095238096,394.04166666667464,0.1269612183102293,39,80.54761904761875
461,11299,1815.2142857142862,11541.30952380952,1572.9047619047699,1815.2142857142971,1810,424142.08465971693,165137862.1525153,16570,33.71428571428575,164.6011904761911,1239.529761904763,377.3690476190554,0.07124208210587543,40,117.60714285714253
462,11110,1911.0952380952604,11205.880952380967,1815.2142857142971,1911.0952380952476,1904,419571.4999045967,165557433.6524199,16267,0.0,4.976190476190595,1535.5892857142871,370.5297619047689,0.07959795979597979,41,147.78571428571385
463,10770,2346.9761904762127,11205.880952380967,1911.0952380952476,2346.976190476198,2340,421355.87985343044,165978789.53227332,16559,0.0,7.821428571428655,1987.267857142859,351.8869047619135,0.08147300703011016,42,183.16666666666612
464,10119,2773.166666666677,10545.190476190486,2346.976190476198,2773.166666666674,2769,426361.4127123208,166405150.94498566,16300,0.0,0.0,2432.6964285714284,340.47023809524745,0.068065614426421,37,221.55952380952337
465,10253,3065.357142857152,10545.190476190486,2773.166666666674,3065.357142857154,3020,467356.8005359252,166872507.74552158,17011,0.0,0.0,2745.8988095238087,319.45833333334303,0.11519044367966667,38,268.56547619047586
466,9693,3015.0714285714403,9642.714285714286,3065.357142857154,3015.071428571439,2683,401777.8808530435,167274285.62637463,16224,0.0,9.190476190476318,2704.255952380951,301.6250000000102,0.15026184826556258,39,335.5654761904749
467,9113,3544.7857142857247,9642.714285714286,3015.071428571439,3544.7857142857238,2622,378512.0203391708,167652797.6467138,16101,0.0,0.0,3247.1488095238105,297.63690476191346,0.10063593087844185,40,408.55357142856997
468,9268,3831.5476190476293,9554.761904761903,3544.7857142857238,3831.5476190476265,2863,393586.078524039,168046383.72523785,15998,0.0,0.0,3554.005952380952,277.5416666666768,0.12537571675195774,41,481.36904761904594
469,9487,3899.3095238095284,9554.761904761903,3831.5476190476265,3899.309523809533,2639,383151.8123189157,168429535.53755677,16074,0.0,0.0,3626.744047619048,272.5654761904866,0.13679308025518663,42,558.6785714285696
470,10221,4418.833333333363,10740.523809523826,3899.309523809533,4418.833333333347,1330,373274.3961606885,168802809.93371746,15747,61.70833333333312,0.8750000000001066,4112.690476190478,243.55952380953445,0.08737845984690736,43,671.7142857142813
471,10373,4786.357142857172,10740.523809523826,4418.833333333347,4786.357142857154,1925,392392.291830933,169195202.2255484,15205,86.37499999999969,0.0,4453.9702380952385,246.01190476191522,0.08071091156987248,44,860.541666666661
472,10402,5698.119047619059,11313.761904761905,4786.357142857154,5698.119047619058,1593,391095.88722706505,169586298.11277544,15061,156.75595238095215,2.3809523809525217,5318.4702380952385,220.51190476191573,0.10441387187445653,45,1059.8571428571368
473,10498,6513.880952380969,11313.761904761905,5698.119047619058,6513.8809523809505,2086,401372.6117363576,169987670.7245118,14716,640.8214285714295,0.0,5664.702380952376,208.3571428571531,0.1670964537462918,46,1289.6607142857233
474,10751,6907.571428571442,11144.690476190484,6513.8809523809505,6907.571428571447,1831,413989.5911676497,170401660.31567946,14693,789.470238095238,22.357142857143003,5889.327380952376,206.41666666667794,0.23623162407926632,47,1528.1130952381134
475,10833,7219.261904761937,11144.690476190484,6907.571428571447,7219.261904761919,1373,417294.79302317,170818955.10870263,14417,1115.2500000000045,0.0,5886.458333333331,217.5535714285822,0.3012515769715987,48,1729.023809523833
476,9963,7463.261904761897,10207.000000000002,7219.261904761919,7463.261904761912,2288,434801.1586100133,171253756.26731265,14368,1347.8392857142871,0.0,5886.2916666666615,229.1309523809642,0.6227936221161153,49,1729.7440476190723
477,10319,7351.261904761883,10207.000000000002,7463.261904761912,7351.261904761918,2208,435882.5918607643,171689638.85917342,14133,968.3452380952427,0.0,6151.964285714287,230.95238095238716,0.5241290915048059,50,1829.2857142857397
478,9439,6560.21428571427,8647.95238095239,7351.261904761918,6560.2142857142935,3600,436450.1751100386,172126089.03428346,14688,589.4583333333375,0.0,5725.8571428571395,244.89880952381844,0.5202654639565335,51,1925.1250000000273
479,9318,5890.1666666666515,8647.95238095239,6560.2142857142935,5890.166666666675,4317,443266.2527229293,172569355.28700638,14681,184.75000000000017,0.0,5454.833333333335,250.58333333334463,0.7928126820593023,52,1855.8690476190743
480,8133,5395.666666666675,7638.5,5890.166666666675,5395.6666666666715,5176,424059.31448392966,172993414.60149032,14247,113.68750000000021,0.0,5006.833333333333,275.1458333333462,0.5867131556913937,53,1940.8095238095532
481,7592,5442.1666666666715,7638.5,5395.6666666666715,5442.1666666666715,5233,420185.9210926362,173413600.52258295,13743,0.0,0.0,5156.499999999998,285.66666666667885,0.373865895805109,54,2021.321428571454
482,5958,4691.6666666666715,5207.5,5442.1666666666715,4691.666666666676,4685,354978.11772346287,173768578.6403064,11524,0.0,0.0,4393.312499999999,298.3541666666793,0.8546222366086418,55,2098.273809523832
483,6492,3407.166666666675,5207.5,4691.666666666676,3407.166666666679,3401,400878.5469331773,174169457.1872396,10691,0.0,0.0,3077.249999999999,329.9166666666786,2.487422707068046,50,1544.5714285714494
484,4615,1972.7916666666788,3180.625,3407.166666666679,1972.7916666666767,1967,321698.5416135661,174491155.72885317,7519,0.0,0.0,1583.5208333333323,389.27083333334434,4.543495588918107,41,776.7797619047561
485,4236,917.416666666677,3180.625,1972.7916666666767,917.4166666666778,1049,287703.9619920096,174778859.69084516,6060,0.0,0.0,501.4166666666662,416.0000000000104,2.7576463363910197,42,360.142857142855
486,2206,520.7291666666779,1809.3125,917.4166666666778,520.7291666666764,764,210363.82636803522,174989223.5172132,3644,0.0,0.0,95.81249999999916,424.91666666667714,3.6930449423649665,37,95.61904761904725
487,1892,438.0416666666765,1809.3125,520.7291666666764,438.04166666667624,732,185778.37920985068,175175001.89642304,3024,0.0,0.0,3.208333333333308,434.833333333343,1.021520751535285,38,30.029761904761674
488,1466,439.1041666666763,1467.0625,438.04166666667624,439.1041666666761,552,161679.97062713013,175336681.86705017,2411,0.0,0.0,0.0,439.1041666666761,0.27189915870850334,39,29.749999999999748
489,1462,444.16666666667606,1467.0625,439.1041666666761,444.1666666666761,531,160574.94589053918,175497256.81294072,2297,0.0,0.0,0.0,444.1666666666761,0.2044492215490846,40,36.291666666666416
490,3025,444.04166666667606,3024.875,444.1666666666761,444.04166666667624,481,204255.9416011666,175701512.75454187,3799,0.0,0.0,0.0,444.04166666667624,0.19089039748130643,41,40.56249999999974
491,3022,446.91666666667606,3024.875,444.04166666667624,446.91666666667624,1067,236946.3109591319,175938459.065501,4245,0.0,0.0,0.0,446.91666666667624,0.129460346348996,42,55.291666666666366
492,4624,436.35416666667606,4613.4375,446.91666666667624,436.3541666666761,897,267830.4897998358,176206289.55530083,5666,0.0,0.0,0.0,436.3541666666761,0.12822206088317623,43,50.958333333333066
493,4606,443.79166666667606,4613.4375,436.3541666666761,443.79166666667635,1042,276310.0463981759,176482599.601699,5945,0.0,0.0,0.0,443.79166666667635,0.1041136819469424,44,48.45833333333305
494,6329,446.35416666667606,6331.5625,443.79166666667635,446.35416666667624,959,313529.73814041674,176796129.3398394,7593,0.0,0.0,0.0,446.35416666667624,0.09768196660873218,45,39.54166666666641
495,6314,463.91666666667606,6331.5625,446.35416666667624,463.91666666667635,850,305567.4254768275,177101696.76531622,7856,0.0,0.0,0.0,463.91666666667635,0.07334984991779386,46,38.12499999999975
496,8640,536.9166666666752,8713.0,463.91666666667635,536.9166666666764,883,354792.81576223986,177456489.58107847,10204,81.93750000000139,14.729166666667311,17.0,423.25000000000756,0.07719872960758334,47,25.604166666666465
497,8491,758.916666666677,8713.0,536.9166666666764,758.9166666666777,1009,350966.077629647,177807455.65870813,11074,189.50000000000176,143.1666666666684,8.791666666666654,417.45833333333917,0.058419348778257975,48,22.166666666666487
498,9384,965.7916666666788,9590.875,758.9166666666777,965.7916666666775,1128,367987.0035549693,178175442.6622631,12075,343.4583333333343,169.45833333333374,68.43749999999932,384.43750000000796,0.07084278457759902,49,20.89583333333316
499,9562,994.666666666677,9590.875,965.7916666666775,994.6666666666766,1163,381815.67838588945,178557258.34064898,12810,277.87500000000153,285.95833333333496,27.87500000000044,402.9583333333385,0.09442635033515578,50,18.87499999999982
