time_step,met_demand,unmet_demand,new_demand,carried_in_unmet,carried_out_unmet,n_rebalance_moves,iteration_cost,cumulative_cost,n_vehicles_in_service
0,17,0.0,17.0,0.0,0.0,0,3532.7493825254564,3532.7493825254564,17
1,6,0.0,6.0,0.0,0.0,8,3275.861101449657,6808.610483975113,14
2,9,1.0,10.0,0.0,1.0,11,3524.2695844992577,10332.880068474371,20
3,8,1.0,8.0,1.0,1.0,9,3407.965269194227,13740.845337668597,17
4,5,1.0,5.0,1.0,1.0,8,3417.0131520733203,17157.858489741917,13
5,2,1.0,2.0,1.0,1.0,12,3249.9740610500985,20407.832550792016,14
6,2,1.0,2.0,1.0,1.0,10,3196.031021134594,23603.86357192661,12
7,3,1.0,3.0,1.0,1.0,14,3313.345813921315,26917.209385847924,17
8,3,1.0,3.0,1.0,1.0,16,3409.604092952653,30326.813478800577,19
9,2,1.0,2.0,1.0,1.0,15,3314.6709505698864,33641.48442937047,17
10,9,3.0,11.0,1.0,3.0,18,3705.4927529248203,37346.97718229529,27
11,16,5.0,18.0,3.0,5.0,20,4024.078550000632,41371.05573229592,36
12,23,9.0,27.0,5.0,9.0,30,4537.721044662296,45908.77677695821,53
13,35,14.0,40.0,9.0,14.0,38,5876.699459495627,51785.47623645384,73
14,33,16.0,35.0,14.0,16.0,48,6225.015129230695,58010.49136568453,81
15,23,18.0,25.0,16.0,18.0,43,5042.010858554185,63052.50222423871,66
16,25,19.0,26.0,18.0,19.0,53,5844.860144905695,68897.36236914441,78
17,16,23.0,20.0,19.0,23.0,62,4712.960326723495,73610.3226958679,78
18,28,25.0,30.0,23.0,25.0,70,5253.804050628013,78864.12674649591,98
19,26,28.0,29.0,25.0,28.0,78,5321.74974296164,84185.87648945754,104
20,30,30.0,32.0,28.0,30.0,82,5263.948373681729,89449.82486313928,112
21,46,49.0,65.0,30.0,49.0,100,6509.631631039604,95959.45649417888,146
22,29,66.0,46.0,49.0,66.0,123,6568.290735821036,102527.74722999992,152
23,51,50.0,35.0,66.0,50.0,117,6798.718333381548,109326.46556338147,168
24,31,56.0,37.0,50.0,56.0,133,6390.714003190717,115717.17956657219,164
25,28,61.0,33.0,56.0,61.0,145,6752.521047981392,122469.70061455359,173
26,23,76.0,38.0,61.0,76.0,166,7017.988029251535,129487.68864380512,189
27,25,82.0,31.0,76.0,82.0,178,7781.752541411652,137269.44118521677,203
28,16,94.0,28.0,82.0,94.0,193,7933.709680712521,145203.1508659293,209
29,20,110.0,36.0,94.0,110.0,217,9058.347156263368,154261.49802219265,237
30,19,123.0,32.0,110.0,123.0,178,6983.8921702938915,161245.39019248655,197
31,13,136.0,26.0,123.0,136.0,165,5884.837254279413,167130.22744676596,178
32,10,155.0,29.0,136.0,155.0,154,5600.70347580353,172730.93092256947,164
33,14,183.0,42.0,155.0,183.0,168,5760.566015794291,178491.49693836377,182
34,16,196.0,29.0,183.0,196.0,147,5401.550045485866,183893.04698384964,163
35,10,207.0,21.0,196.0,207.0,167,5552.597358812034,189445.64434266166,177
36,10,220.0,23.0,207.0,220.0,159,5392.962315842287,194838.60665850394,169
37,9,236.0,25.0,220.0,236.0,163,5363.378232125975,200201.98489062992,172
38,13,255.0,32.0,236.0,255.0,146,5171.3832302056235,205373.36812083554,159
39,14,269.0,28.0,255.0,269.0,176,5667.817691944985,211041.18581278052,190
40,10,287.0,28.0,269.0,287.0,187,5618.477549306803,216659.66336208733,197
41,9,307.0,29.0,287.0,307.0,136,4898.081067389283,221557.74442947662,145
42,12,334.0,39.0,307.0,334.0,180,5544.376240440526,227102.12066991715,192
43,9,354.0,29.0,334.0,354.0,180,5455.777372512069,232557.8980424292,189
44,13,379.0,38.0,354.0,379.0,168,5363.140050771301,237921.0380932005,181
45,7,399.0,27.0,379.0,399.0,162,5211.031992976166,243132.07008617668,169
46,7,410.0,18.0,399.0,410.0,192,5494.701834408705,248626.7719205854,199
47,7,413.0,10.0,410.0,413.0,168,5241.337807206088,253868.10972779148,175
48,6,424.0,17.0,413.0,424.0,161,5128.619090331316,258996.7288181228,167
49,6,433.0,15.0,424.0,433.0,199,5522.275489686801,264519.0043078096,205
50,6,438.0,11.0,433.0,438.0,172,5259.198775323145,269778.20308313274,178
51,3,449.0,14.0,438.0,449.0,162,5102.477608243342,274880.6806913761,165
52,0,450.0,1.0,449.0,450.0,217,5656.415114057118,280537.09580543323,217
53,5,452.0,7.0,450.0,452.0,178,5295.900775150228,285832.99658058345,183
54,2,451.0,1.0,452.0,451.0,152,4940.980488499154,290773.9770690826,154
55,0,452.0,1.0,451.0,452.0,214,5597.335831178263,296371.31290026085,214
56,1,452.0,1.0,452.0,452.0,172,5150.413852862138,301521.726753123,173
57,3,455.0,6.0,452.0,455.0,161,5060.518901613992,306582.245654737,164
58,1,462.0,8.0,455.0,462.0,225,5795.67616202504,312377.921816762,226
59,7,474.0,19.0,462.0,474.0,159,5088.403046688046,317466.3248634501,166
60,4,501.0,31.0,474.0,501.0,179,5361.111064797942,322827.43592824804,183
61,2,540.0,41.0,501.0,540.0,211,5584.875405935888,328412.3113341839,213
62,4,570.0,34.0,540.0,570.0,161,5068.2820224828465,333480.59335666674,165
63,5,587.0,22.0,570.0,587.0,170,5233.657463419034,338714.25082008576,175
64,4,619.0,36.0,587.0,619.0,215,5652.818769605485,344367.06958969124,219
65,4,640.0,25.0,619.0,640.0,165,5102.430170798609,349469.49976048985,169
66,2,671.0,33.0,640.0,671.0,160,5012.991378906882,354482.49113939673,162
67,4,701.0,34.0,671.0,701.0,211,5614.861264143812,360097.3524035406,215
68,6,724.0,29.0,701.0,724.0,162,5109.448404647368,365206.8008081879,168
69,5,743.0,24.0,724.0,743.0,179,5306.520122588532,370513.3209307765,184
70,7,761.0,25.0,743.0,761.0,218,5754.312329991154,376267.6332607676,225
71,4,787.0,30.0,761.0,787.0,161,5042.567809477955,381310.2010702456,165
72,5,809.0,27.0,787.0,809.0,161,5111.1256259432375,386421.32669618883,166
73,4,829.0,24.0,809.0,829.0,216,5692.455880414607,392113.78257660347,220
74,8,861.0,40.0,829.0,861.0,160,5097.47507112728,397211.25764773076,168
75,11,891.0,41.0,861.0,891.0,161,5118.495051636928,402329.7526993677,172
76,5,927.0,41.0,891.0,927.0,218,5727.654956207112,408057.4076555748,223
77,7,948.0,28.0,927.0,948.0,162,5097.13068069216,413154.53833626694,169
78,7,970.0,29.0,948.0,970.0,177,5304.601751287265,418459.14008755423,184
79,6,989.0,25.0,970.0,989.0,190,5381.5389152150055,423840.67900276923,196
80,4,1018.0,33.0,989.0,1018.0,171,5161.114813026992,429001.7938157962,175
81,9,1048.0,39.0,1018.0,1048.0,172,5230.343082906637,434232.1368987028,181
82,18,1068.0,38.0,1048.0,1068.0,182,5450.00883871984,439682.1457374227,200
83,4,1086.0,22.0,1068.0,1086.0,184,5338.950632195191,445021.09636961785,188
84,7,1104.0,25.0,1086.0,1104.0,159,5016.3590845919725,450037.4554542098,166
85,5,1134.0,35.0,1104.0,1134.0,199,5524.530197388613,455561.9856515984,204
86,5,1147.0,18.0,1134.0,1147.0,170,5126.99635833138,460688.98200992984,175
87,6,1168.0,27.0,1147.0,1168.0,185,5357.046604230007,466046.02861415985,191
88,5,1187.0,24.0,1168.0,1187.0,188,5448.646470267494,471494.67508442735,193
89,3,1207.0,23.0,1187.0,1207.0,177,5181.931313527342,476676.6063979547,180
90,1,1231.0,25.0,1207.0,1231.0,190,5321.072817314418,481997.6792152691,191
91,7,1245.0,21.0,1231.0,1245.0,172,5195.784207692948,487193.46342296206,179
92,5,1260.0,20.0,1245.0,1260.0,184,5321.160340736836,492514.6237636989,189
93,7,1273.0,20.0,1260.0,1273.0,175,5223.767458312663,497738.3912220116,182
94,3,1293.0,23.0,1273.0,1293.0,189,5376.835287100402,503115.226509112,192
95,4,1298.0,9.0,1293.0,1298.0,188,5347.875263705748,508463.1017728177,192
96,2,1311.0,15.0,1298.0,1311.0,185,5284.6696746967755,513747.7714475145,187
97,6,1320.0,15.0,1311.0,1320.0,176,5230.887559953042,518978.6590074675,182
98,4,1322.0,6.0,1320.0,1322.0,187,5330.623413105022,524309.2824205725,191
99,4,1322.0,4.0,1322.0,1322.0,176,5202.863382970587,529512.145803543,180
100,2,1327.0,7.0,1322.0,1327.0,182,5243.277517646514,534755.4233211896,184
101,10,1320.0,3.0,1327.0,1320.0,201,5690.896720267664,540446.3200414573,211
102,1,1324.0,5.0,1320.0,1324.0,164,4969.347663973822,545415.6677054311,165
103,3,1324.0,3.0,1324.0,1324.0,200,5506.620212302065,550922.2879177332,203
104,3,1324.0,3.0,1324.0,1324.0,187,5304.098576996721,556226.3864947299,190
105,2,1326.0,4.0,1324.0,1326.0,178,5181.633397179121,561408.019891909,180
106,5,1334.0,13.0,1326.0,1334.0,182,5347.916881569072,566755.936773478,187
107,2,1356.0,24.0,1334.0,1356.0,191,5310.265480834876,572066.2022543129,193
108,2,1385.0,31.0,1356.0,1385.0,191,5363.175376730155,577429.3776310431,193
109,1,1414.0,30.0,1385.0,1414.0,169,5046.100755597334,582475.4783866404,170
110,4,1442.0,32.0,1414.0,1442.0,196,5449.287996154458,587924.766382795,200
111,1,1461.0,20.0,1442.0,1461.0,180,5194.101321327087,593118.867704122,181
112,7,1478.0,24.0,1461.0,1478.0,184,5382.731601701196,598501.5993058232,191
113,4,1498.0,24.0,1478.0,1498.0,200,5474.2998718118215,603975.8991776351,204
114,4,1518.0,24.0,1498.0,1518.0,179,5237.437505575133,609213.3366832102,183
115,2,1548.0,32.0,1518.0,1548.0,169,5089.30544906365,614302.6421322739,171
116,8,1577.0,37.0,1548.0,1577.0,191,5413.132843011841,619715.7749752857,199
117,5,1598.0,26.0,1577.0,1598.0,186,5346.572082935485,625062.3470582212,191
118,5,1620.0,27.0,1598.0,1620.0,164,5075.887371271899,630138.2344294931,169
119,4,1658.0,42.0,1620.0,1658.0,213,5645.229556664135,635783.4639861572,217
120,5,1687.0,34.0,1658.0,1687.0,182,5247.352529565138,641030.8165157223,187
121,5,1721.0,39.0,1687.0,1721.0,172,5180.840005022186,646211.6565207446,177
122,4,1756.0,39.0,1721.0,1756.0,200,5455.221084068609,651666.8776048132,204
123,2,1792.0,38.0,1756.0,1792.0,179,5174.262687525041,656841.1402923382,181
124,8,1819.0,35.0,1792.0,1819.0,161,5091.968558715739,661933.108851054,169
125,8,1846.0,35.0,1819.0,1846.0,203,5582.101904762952,667515.2107558169,211
126,6,1872.0,32.0,1846.0,1872.0,197,5494.140792701171,673009.351548518,203
127,6,1898.0,32.0,1872.0,1898.0,132,4658.472383250502,677667.8239317685,138
128,6,1926.0,34.0,1898.0,1926.0,229,5880.992333669517,683548.8162654381,235
129,2,1954.0,30.0,1926.0,1954.0,177,5154.676405144204,688703.4926705823,179
130,8,1982.0,36.0,1954.0,1982.0,149,4934.308045811438,693637.8007163937,157
131,5,2013.0,36.0,1982.0,2013.0,228,5824.595378781953,699462.3960951756,233
132,3,2045.0,35.0,2013.0,2045.0,170,5074.875320644616,704537.2714158202,173
133,7,2055.0,17.0,2045.0,2055.0,152,4969.839582264407,709507.1109980847,159
134,12,2069.0,26.0,2055.0,2069.0,218,5804.083348914697,715311.1943469994,230
135,0,2089.0,20.0,2069.0,2089.0,174,5089.504786451328,720400.6991334507,174
136,5,2117.0,33.0,2089.0,2117.0,150,4874.472739518796,725275.1718729696,155
137,9,2142.0,34.0,2117.0,2142.0,226,5841.636709322444,731116.808582292,235
138,6,2159.0,23.0,2142.0,2159.0,176,5235.71871517009,736352.5272974621,182
139,6,2174.0,21.0,2159.0,2174.0,163,5096.965840461584,741449.4931379237,169
140,4,2192.0,22.0,2174.0,2192.0,215,5611.584827908133,747061.0779658317,219
141,3,2226.0,37.0,2192.0,2226.0,168,5052.508893572016,752113.5868594038,171
142,6,2245.0,25.0,2226.0,2245.0,158,5012.077497356799,757125.6643567606,164
143,3,2256.0,14.0,2245.0,2256.0,225,5747.72718366186,762873.3915404225,228
144,8,2272.0,24.0,2256.0,2272.0,180,5330.437527017166,768203.8290674397,188
145,6,2283.0,17.0,2272.0,2283.0,141,4755.824988229513,772959.6540556692,147
146,3,2299.0,19.0,2283.0,2299.0,234,5854.267894430709,778813.9219500999,237
147,1,2314.0,16.0,2299.0,2314.0,166,5000.453625362412,783814.3755754622,167
148,10,2315.0,11.0,2314.0,2315.0,152,5005.435490214405,788819.8110656766,162
149,4,2312.0,1.0,2315.0,2312.0,232,5857.58998322301,794677.4010488996,236
150,6,2310.0,4.0,2312.0,2310.0,161,5048.220024984759,799725.6210738844,167
151,3,2313.0,6.0,2310.0,2313.0,169,5099.234353589461,804824.8554274739,172
152,3,2311.0,1.0,2313.0,2311.0,218,5612.533908695604,810437.3893361695,221
153,2,2313.0,4.0,2311.0,2313.0,164,5027.561911304512,815464.951247474,166
154,1,2329.0,17.0,2313.0,2329.0,164,4986.831390267682,820451.7826377416,165
155,2,2349.0,22.0,2329.0,2349.0,228,5766.361645217143,826218.1442829588,230
156,15,2380.0,46.0,2349.0,2380.0,168,5302.236454569505,831520.3807375283,183
157,4,2408.0,32.0,2380.0,2408.0,166,5073.366315556657,836593.747053085,170
158,4,2429.0,25.0,2408.0,2429.0,216,5654.969594028371,842248.7166471134,220
159,3,2454.0,28.0,2429.0,2454.0,160,4951.806657732915,847200.5233048464,163
160,6,2460.0,12.0,2454.0,2460.0,172,5221.593387736473,852422.1166925828,178
161,2,2482.0,24.0,2460.0,2482.0,204,5490.165875308514,857912.2825678914,206
162,3,2500.0,21.0,2482.0,2500.0,182,5264.788473027983,863177.0710409194,185
163,7,2518.0,25.0,2500.0,2518.0,175,5286.660652328293,868463.7316932477,182
164,12,2532.0,26.0,2518.0,2532.0,193,5521.519160998945,873985.2508542467,205
165,6,2543.0,17.0,2532.0,2543.0,177,5212.806938063312,879198.05779231,183
166,5,2571.0,33.0,2543.0,2571.0,174,5137.782692490915,884335.840484801,179
167,5,2590.0,24.0,2571.0,2590.0,179,5263.4591955787055,889599.2996803797,184
168,8,2611.0,29.0,2590.0,2611.0,179,5291.020963406718,894890.3206437865,187
169,17,2620.0,26.0,2611.0,2620.0,190,5613.440910471596,900503.7615542581,207
170,7,2642.0,29.0,2620.0,2642.0,155,4953.034285610614,905456.7958398687,162
171,9,2662.0,29.0,2642.0,2662.0,195,5497.3214991977,910954.1173390665,204
172,9,2683.0,30.0,2662.0,2683.0,178,5279.922541473006,916234.0398805395,187
173,3,2711.0,31.0,2683.0,2711.0,175,5144.416783018541,921378.456663558,178
174,12,2719.0,20.0,2711.0,2719.0,190,5495.7323404530825,926874.1890040111,202
175,5,2746.0,32.0,2719.0,2746.0,174,5154.770771286525,932028.9597752977,179
176,3,2770.0,27.0,2746.0,2770.0,177,5170.201451923224,937199.1612272209,180
177,11,2781.0,22.0,2770.0,2781.0,176,5352.04950295104,942551.210730172,187
178,2,2807.0,28.0,2781.0,2807.0,183,5239.4859207364225,947790.6966509084,185
179,8,2824.0,25.0,2807.0,2824.0,171,5191.296275157147,952981.9929260656,179
180,7,2835.0,18.0,2824.0,2835.0,190,5426.581535520594,958408.5744615862,197
181,6,2846.0,17.0,2835.0,2846.0,180,5247.432337163901,963656.0067987501,186
182,11,2859.0,24.0,2846.0,2859.0,186,5436.774283138315,969092.7810818885,197
183,11,2867.0,19.0,2859.0,2867.0,182,5388.738071435811,974481.5191533243,193
184,5,2893.0,31.0,2867.0,2893.0,177,5167.374677806487,979648.8938311308,182
185,8,2898.0,13.0,2893.0,2898.0,182,5333.761203521275,984982.6550346521,190
186,6,2912.0,20.0,2898.0,2912.0,177,5189.3839856765835,990172.0390203287,183
187,3,2929.0,20.0,2912.0,2929.0,193,5396.943402074843,995568.9824224035,196
188,9,2934.0,14.0,2929.0,2934.0,165,5132.4247122448405,1000701.4071346484,174
189,14,2946.0,26.0,2934.0,2946.0,195,5617.708323037309,1006319.1154576857,209
190,5,2962.0,21.0,2946.0,2962.0,171,5110.091652263899,1011429.2071099496,176
191,5,2973.0,16.0,2962.0,2973.0,177,5195.991786337987,1016625.1988962876,182
192,9,2978.0,14.0,2973.0,2978.0,195,5471.886725440055,1022097.0856217276,204
193,11,2971.0,4.0,2978.0,2971.0,172,5236.653116424962,1027333.7387381525,183
194,4,2972.0,5.0,2971.0,2972.0,184,5288.951894635293,1032622.6906327879,188
195,7,2972.0,7.0,2972.0,2972.0,176,5173.541309981106,1037796.231942769,183
196,6,2970.0,4.0,2972.0,2970.0,186,5355.997408190778,1043152.2293509598,192
197,6,2965.0,1.0,2970.0,2965.0,161,5017.632438885018,1048169.8617898448,167
198,5,2963.0,3.0,2965.0,2963.0,208,5611.532969676108,1053781.394759521,213
199,9,2955.0,1.0,2963.0,2955.0,177,5351.582782388141,1059132.977541909,186
200,3,2954.0,2.0,2955.0,2954.0,176,5153.251269241735,1064286.2288111509,179
201,4,2954.0,4.0,2954.0,2954.0,208,5584.3499958043285,1069870.5788069551,212
202,2,2960.0,8.0,2954.0,2960.0,168,5030.695901379794,1074901.2747083348,170
203,2,2965.0,7.0,2960.0,2965.0,188,5305.739193418787,1080207.0139017536,190
204,2,2985.0,22.0,2965.0,2985.0,199,5356.168507091625,1085563.1824088453,201
205,4,3002.0,21.0,2985.0,3002.0,184,5302.18844204603,1090865.3708508913,188
206,3,3013.0,14.0,3002.0,3013.0,172,5152.150354071397,1096017.5212049626,175
207,5,3031.0,23.0,3013.0,3031.0,221,5734.839377083923,1101752.3605820464,226
208,1,3047.0,17.0,3031.0,3047.0,177,5128.630887190398,1106880.9914692368,178
209,4,3058.0,15.0,3047.0,3058.0,162,4994.944485445143,1111875.9359546818,166
210,4,3086.0,32.0,3058.0,3086.0,225,5744.390886565663,1117620.3268412475,229
211,7,3096.0,17.0,3086.0,3096.0,163,5033.999897888354,1122654.326739136,170
212,3,3111.0,18.0,3096.0,3111.0,175,5199.113731953517,1127853.4404710894,178
213,5,3121.0,15.0,3111.0,3121.0,209,5492.791145635544,1133346.231616725,214
214,5,3138.0,22.0,3121.0,3138.0,174,5162.590717231917,1138508.8223339568,179
215,5,3157.0,24.0,3138.0,3157.0,165,5049.303524670551,1143558.1258586275,170
216,6,3172.0,21.0,3157.0,3172.0,221,5719.357547495925,1149277.4834061235,227
217,6,3184.0,18.0,3172.0,3184.0,177,5224.923379138892,1154502.4067852623,183
218,5,3202.0,23.0,3184.0,3202.0,159,4955.309345114836,1159457.716130377,164
219,8,3217.0,23.0,3202.0,3217.0,214,5655.922574976663,1165113.6387053537,222
220,7,3233.0,23.0,3217.0,3233.0,156,4937.126216082788,1170050.7649214366,163
221,8,3248.0,23.0,3233.0,3248.0,178,5287.8885443375875,1175338.6534657741,186
222,4,3263.0,19.0,3248.0,3263.0,207,5472.512349209985,1180811.1658149841,211
223,3,3286.0,26.0,3263.0,3286.0,174,5152.484026320315,1185963.6498413044,177
224,7,3302.0,23.0,3286.0,3302.0,163,5040.488629185889,1191004.1384704902,170
225,2,3325.0,25.0,3302.0,3325.0,221,5710.286333783977,1196714.4248042742,223
226,5,3340.0,20.0,3325.0,3340.0,173,5228.00531666232,1201942.4301209366,178
227,7,3344.0,11.0,3340.0,3344.0,159,4983.071087785031,1206925.5012087217,166
228,7,3359.0,22.0,3344.0,3359.0,218,5751.162301905693,1212676.6635106273,225
229,2,3375.0,18.0,3359.0,3375.0,160,4972.086299922518,1217648.74981055,162
230,5,3386.0,16.0,3375.0,3386.0,180,5264.640689483987,1222913.390500034,185
231,9,3398.0,21.0,3386.0,3398.0,198,5420.690800390863,1228334.0813004249,207
232,3,3427.0,32.0,3398.0,3427.0,180,5225.703006404618,1233559.7843068296,183
233,3,3443.0,19.0,3427.0,3443.0,166,5039.26136678192,1238599.0456736116,169
234,10,3457.0,24.0,3443.0,3457.0,210,5767.190211219835,1244366.2358848315,220
235,7,3469.0,19.0,3457.0,3469.0,174,5256.31818078169,1249622.5540656133,181
236,2,3488.0,21.0,3469.0,3488.0,167,4983.5595962885245,1254606.1136619018,169
237,8,3490.0,10.0,3488.0,3490.0,214,5722.102919409328,1260328.216581311,222
238,8,3494.0,12.0,3490.0,3494.0,153,5005.963785428588,1265334.1803667396,161
239,3,3500.0,9.0,3494.0,3500.0,189,5314.002750032713,1270648.1831167724,192
240,9,3506.0,15.0,3500.0,3506.0,181,5310.396978336819,1275958.5800951093,190
241,3,3512.0,9.0,3506.0,3512.0,185,5275.787059485118,1281234.3671545945,188
242,10,3509.0,7.0,3512.0,3509.0,186,5463.240325851451,1286697.6074804459,196
243,8,3507.0,6.0,3509.0,3507.0,179,5238.4207441863655,1291936.0282246321,187
244,0,3511.0,4.0,3507.0,3511.0,189,5257.614838249389,1297193.6430628814,189
245,8,3504.0,1.0,3511.0,3504.0,174,5191.511871390052,1302385.1549342715,182
246,3,3504.0,3.0,3504.0,3504.0,174,5129.442634821733,1307514.597569093,177
247,5,3500.0,1.0,3504.0,3500.0,180,5207.5099927757,1312722.1075618688,185
248,7,3494.0,1.0,3500.0,3494.0,198,5513.922938164107,1318236.030500033,205
249,2,3493.0,1.0,3494.0,3493.0,167,5069.296737212162,1323305.3272372452,169
250,6,3495.0,8.0,3493.0,3495.0,192,5442.962527969832,1328748.289765215,198
251,10,3495.0,10.0,3495.0,3495.0,198,5655.394721737337,1334403.6844869524,208
252,1,3509.0,15.0,3495.0,3509.0,158,4853.53272675,1339257.2172137024,159
253,7,3513.0,11.0,3509.0,3513.0,192,5454.84492210946,1344712.062135812,199
254,5,3521.0,13.0,3513.0,3521.0,181,5259.3685105619425,1349971.430646374,186
255,2,3535.0,16.0,3521.0,3535.0,186,5277.189278514537,1355248.6199248885,188
256,3,3550.0,18.0,3535.0,3550.0,174,5119.923675096015,1360368.5435999846,177
257,4,3558.0,12.0,3550.0,3558.0,196,5412.81926280124,1365781.3628627858,200
258,8,3573.0,23.0,3558.0,3573.0,177,5270.122288858175,1371051.485151644,185
259,10,3593.0,30.0,3573.0,3593.0,182,5347.173900904287,1376398.6590525485,192
260,9,3627.0,43.0,3593.0,3627.0,193,5537.165937478447,1381935.824990027,202
261,3,3674.0,50.0,3627.0,3674.0,176,5132.164401081655,1387067.9893911085,179
262,3,3691.0,20.0,3674.0,3691.0,192,5360.898489312924,1392428.8878804215,195
263,6,3717.0,32.0,3691.0,3717.0,174,5120.218459774008,1397549.1063401955,180
264,5,3739.0,27.0,3717.0,3739.0,193,5391.101657947372,1402940.2079981428,198
265,2,3770.0,33.0,3739.0,3770.0,177,5117.847872141759,1408058.0558702846,179
266,12,3796.0,38.0,3770.0,3796.0,190,5481.552504486652,1413539.6083747712,202
267,5,3813.0,22.0,3796.0,3813.0,182,5240.586165202934,1418780.1945399742,187
268,10,3828.0,25.0,3813.0,3828.0,188,5437.985230142355,1424218.1797701165,198
269,2,3863.0,37.0,3828.0,3863.0,185,5231.333574897573,1429449.513345014,187
270,5,3884.0,26.0,3863.0,3884.0,178,5157.544779607391,1434607.0581246214,183
271,9,3902.0,27.0,3884.0,3902.0,191,5445.91624408194,1440052.9743687033,200
272,7,3923.0,28.0,3902.0,3923.0,172,5121.779593003428,1445174.7539617068,179
273,6,3935.0,18.0,3923.0,3935.0,194,5406.916430546898,1450581.6703922537,200
274,6,3964.0,35.0,3935.0,3964.0,180,5211.237234064622,1455792.9076263183,186
275,0,3984.0,20.0,3964.0,3984.0,186,5226.438936408966,1461019.3465627274,186
276,11,3997.0,24.0,3984.0,3997.0,172,5202.194171369942,1466221.5407340974,183
277,5,4012.0,20.0,3997.0,4012.0,197,5457.062982945887,1471678.6037170433,202
278,7,4019.0,14.0,4012.0,4019.0,177,5298.452962792748,1476977.056679836,184
279,4,4031.0,16.0,4019.0,4031.0,175,5144.189132913321,1482121.2458127493,179
280,4,4058.0,31.0,4031.0,4058.0,206,5534.84263634331,1487656.0884490926,210
281,6,4072.0,20.0,4058.0,4072.0,162,4988.940410106226,1492645.0288591988,168
282,12,4080.0,20.0,4072.0,4080.0,181,5400.791426635256,1498045.8202858341,193
283,14,4089.0,23.0,4080.0,4089.0,189,5433.4267582284265,1503479.2470440625,203
284,5,4102.0,18.0,4089.0,4102.0,178,5238.443555406071,1508717.6905994685,183
285,6,4107.0,11.0,4102.0,4107.0,180,5278.0527506658755,1513995.7433501345,186
286,13,4113.0,19.0,4107.0,4113.0,196,5509.366686676088,1519505.1100368106,209
287,6,4119.0,12.0,4113.0,4119.0,181,5271.469960216102,1524776.5799970268,187
288,5,4126.0,12.0,4119.0,4126.0,153,4891.388584923663,1529667.9685819505,158
289,6,4135.0,15.0,4126.0,4135.0,221,5708.014334973878,1535375.9829169244,227
290,2,4138.0,5.0,4135.0,4138.0,164,4960.700486721649,1540336.683403646,166
291,8,4136.0,6.0,4138.0,4136.0,178,5305.238748715648,1545641.9221523618,186
292,7,4134.0,5.0,4136.0,4134.0,218,5665.451183801788,1551307.3733361636,225
293,2,4134.0,2.0,4134.0,4134.0,167,5004.1974174052475,1556311.5707535688,169
294,7,4127.0,0.0,4134.0,4127.0,160,4989.915351301723,1561301.4861048704,167
295,7,4120.0,0.0,4127.0,4120.0,217,5656.7214499385955,1566958.207554809,224
296,8,4113.0,1.0,4120.0,4113.0,175,5274.231209323772,1572232.4387641328,183
297,6,4112.0,5.0,4113.0,4112.0,156,4957.070874514829,1577189.5096386475,162
298,9,4110.0,7.0,4112.0,4110.0,224,5805.423206416694,1582994.9328450642,233
299,3,4140.0,33.0,4110.0,4140.0,164,5000.518171663038,1587995.4510167271,167
300,1,4174.0,35.0,4140.0,4174.0,177,5122.53962447767,1593117.9906412049,178
301,5,4204.0,35.0,4174.0,4204.0,204,5459.93085757506,1598577.92149878,209
302,6,4230.0,32.0,4204.0,4230.0,181,5291.671452096311,1603869.592950876,187
303,3,4248.0,21.0,4230.0,4248.0,172,5091.731629185663,1608961.3245800617,175
304,3,4287.0,42.0,4248.0,4287.0,216,5588.981561524688,1614550.3061415865,219
305,2,4322.0,37.0,4287.0,4322.0,182,5182.2093187125065,1619732.515460299,184
306,1,4357.0,36.0,4322.0,4357.0,158,4868.334766151784,1624600.850226451,159
307,5,4381.0,29.0,4357.0,4381.0,222,5732.226747574392,1630333.0769740252,227
308,6,4405.0,30.0,4381.0,4405.0,167,5053.455837479879,1635386.532811505,173
309,3,4440.0,38.0,4405.0,4440.0,179,5223.330137051773,1640609.862948557,182
310,8,4458.0,26.0,4440.0,4458.0,217,5654.4531029315685,1646264.3160514885,225
311,10,4484.0,36.0,4458.0,4484.0,166,5115.382954252378,1651379.699005741,176
312,6,4511.0,33.0,4484.0,4511.0,170,5086.760552945208,1656466.4595586862,176
313,4,4529.0,22.0,4511.0,4529.0,214,5552.836688937478,1662019.2962476236,218
314,14,4547.0,32.0,4529.0,4547.0,162,5147.201017740754,1667166.4972653643,176
315,11,4569.0,33.0,4547.0,4569.0,163,5103.389263767815,1672269.886529132,174
316,5,4596.0,32.0,4569.0,4596.0,219,5680.5841115572375,1677950.4706406894,224
317,4,4623.0,31.0,4596.0,4623.0,157,4907.671429353473,1682858.142070043,161
318,16,4648.0,41.0,4623.0,4648.0,168,5240.917654980525,1688099.0597250233,184
319,16,4663.0,31.0,4648.0,4663.0,196,5613.9415217675405,1693713.0012467909,212
320,1,4699.0,37.0,4663.0,4699.0,174,5064.224337826625,1698777.2255846176,175
321,11,4721.0,33.0,4699.0,4721.0,179,5311.906305217965,1704089.1318898355,190
322,14,4735.0,28.0,4721.0,4735.0,178,5363.560837421162,1709452.6927272566,192
323,2,4749.0,16.0,4735.0,4749.0,183,5212.484512680665,1714665.1772399372,185
324,13,4756.0,20.0,4749.0,4756.0,173,5293.834848176808,1719959.0120881142,186
325,10,4766.0,20.0,4756.0,4766.0,183,5288.148040337517,1725247.1601284517,193
326,11,4780.0,25.0,4766.0,4780.0,179,5257.982754117847,1730505.1428825695,190
327,7,4800.0,27.0,4780.0,4800.0,194,5448.672974913886,1735953.8158574833,201
328,3,4817.0,20.0,4800.0,4817.0,180,5184.411208698604,1741138.2270661818,183
329,4,4833.0,20.0,4817.0,4833.0,190,5335.928185342181,1746474.155251524,194
330,4,4853.0,24.0,4833.0,4853.0,187,5249.448303869156,1751723.6035553932,191
331,11,4872.0,30.0,4853.0,4872.0,167,5164.539379930446,1756888.1429353235,178
332,2,4891.0,21.0,4872.0,4891.0,191,5280.960359151872,1762169.1032944755,193
333,7,4906.0,22.0,4891.0,4906.0,184,5316.304703612073,1767485.4079980876,191
334,6,4916.0,16.0,4906.0,4916.0,187,5321.531122812128,1772806.9391208997,193
335,6,4923.0,13.0,4916.0,4923.0,188,5316.048241407958,1778122.9873623075,194
336,4,4930.0,11.0,4923.0,4930.0,187,5288.232459924838,1783411.2198222324,191
337,4,4933.0,7.0,4930.0,4933.0,185,5242.566323101907,1788653.7861453344,189
338,11,4930.0,8.0,4933.0,4930.0,179,5322.976009493339,1793976.7621548276,190
339,1,4940.0,11.0,4930.0,4940.0,189,5251.5309583807375,1799228.2931132084,190
340,5,4940.0,5.0,4940.0,4940.0,182,5219.616550933312,1804447.9096641417,187
341,6,4938.0,4.0,4940.0,4938.0,195,5472.574592373058,1809920.4842565148,201
342,1,4940.0,3.0,4938.0,4940.0,171,5002.195996247061,1814922.6802527618,172
343,7,4934.0,1.0,4940.0,4934.0,196,5412.288337377472,1820334.9685901392,203
344,4,4932.0,2.0,4934.0,4932.0,190,5292.113819212716,1825627.0824093518,194
345,7,4927.0,2.0,4932.0,4927.0,170,5091.13720979684,1830718.2196191486,177
346,8,4929.0,10.0,4927.0,4929.0,197,5474.425732890043,1836192.6453520388,205
347,5,4942.0,18.0,4929.0,4942.0,191,5334.009790136545,1841526.6551421753,196
348,8,4963.0,29.0,4942.0,4963.0,170,5126.497991641927,1846653.1531338172,178
349,1,5004.0,42.0,4963.0,5004.0,187,5190.876329575722,1851844.029463393,188
350,5,5035.0,36.0,5004.0,5035.0,197,5364.04392291932,1857208.0733863122,202
351,7,5059.0,31.0,5035.0,5059.0,165,5083.129533881685,1862291.202920194,172
352,11,5075.0,27.0,5059.0,5075.0,192,5464.351066353753,1867755.5539865477,203
353,7,5105.0,37.0,5075.0,5105.0,204,5526.420837065989,1873281.9748236137,211
354,3,5134.0,32.0,5105.0,5134.0,172,5102.034120536078,1878384.0089441498,175
355,1,5163.0,30.0,5134.0,5163.0,191,5241.23830413032,1883625.24724828,192
356,9,5183.0,29.0,5163.0,5183.0,200,5543.803462992386,1889169.0507112725,209
357,2,5216.0,35.0,5183.0,5216.0,170,5035.702727019685,1894204.7534382923,172
358,5,5235.0,24.0,5216.0,5235.0,182,5265.889703655069,1899470.6431419475,187
359,4,5263.0,32.0,5235.0,5263.0,210,5519.940730976634,1904990.583872924,214
360,7,5285.0,29.0,5263.0,5285.0,156,4933.548534067312,1909924.1324069914,163
361,6,5308.0,29.0,5285.0,5308.0,181,5219.811661495498,1915143.944068487,187
362,5,5338.0,35.0,5308.0,5338.0,218,5657.411223925324,1920801.3552924125,223
363,8,5353.0,23.0,5338.0,5353.0,157,4960.948122490566,1925762.303414903,165
364,14,5370.0,31.0,5353.0,5370.0,183,5415.547434771697,1931177.8508496748,197
365,5,5394.0,29.0,5370.0,5394.0,220,5644.231353294707,1936822.0822029696,225
366,8,5415.0,29.0,5394.0,5415.0,158,4975.044199496224,1941797.1264024659,166
367,5,5443.0,33.0,5415.0,5443.0,165,5014.941879376525,1946812.0682818424,170
368,8,5459.0,24.0,5443.0,5459.0,232,5829.293415238278,1952641.3616970808,240
369,1,5481.0,23.0,5459.0,5481.0,164,4940.803254594507,1957582.1649516753,165
370,6,5508.0,33.0,5481.0,5508.0,163,4983.170114717159,1962565.3350663926,169
371,9,5533.0,34.0,5508.0,5533.0,234,5912.783537312814,1968478.1186037054,243
372,4,5554.0,25.0,5533.0,5554.0,168,5051.191794906957,1973529.3103986124,172
373,2,5571.0,19.0,5554.0,5571.0,155,4829.615538721721,1978358.925937334,157
374,2,5592.0,23.0,5571.0,5592.0,230,5682.698801536477,1984041.6247388707,232
375,10,5600.0,18.0,5592.0,5600.0,161,5082.327327495239,1989123.9520663659,171
376,5,5636.0,41.0,5600.0,5636.0,169,5115.676471779818,1994239.6285381457,174
377,14,5649.0,27.0,5636.0,5649.0,218,5825.74201119905,2000065.3705493447,232
378,3,5666.0,20.0,5649.0,5666.0,162,4980.134383382293,2005045.504932727,165
379,10,5687.0,31.0,5666.0,5687.0,170,5172.104371008447,2010217.6093037354,180
380,6,5711.0,30.0,5687.0,5711.0,221,5673.400603983923,2015891.0099077194,227
381,9,5725.0,23.0,5711.0,5725.0,159,4972.887089424091,2020863.8969971435,168
382,9,5729.0,13.0,5725.0,5729.0,168,5200.45514038992,2026064.3521375335,177
383,3,5741.0,15.0,5729.0,5741.0,228,5705.464484292019,2031769.8166218256,231
384,7,5752.0,18.0,5741.0,5752.0,161,4971.638271520909,2036741.4548933464,168
385,7,5756.0,11.0,5752.0,5756.0,152,4911.805431534359,2041653.2603248807,159
386,4,5764.0,12.0,5756.0,5764.0,229,5739.982337391887,2047393.2426622726,233
387,9,5758.0,3.0,5764.0,5758.0,173,5172.976653810079,2052566.2193160828,182
388,7,5754.0,3.0,5758.0,5754.0,160,4983.182187633856,2057549.4015037166,167
389,8,5749.0,3.0,5754.0,5749.0,226,5815.22019445617,2063364.6216981728,234
390,5,5744.0,0.0,5749.0,5744.0,171,5107.191749292735,2068471.8134474654,176
391,6,5738.0,0.0,5744.0,5738.0,163,5033.265951678245,2073505.0793991436,169
392,6,5732.0,0.0,5738.0,5732.0,229,5772.926787037348,2079278.006186181,235
393,3,5733.0,4.0,5732.0,5733.0,165,4977.844343347703,2084255.8505295287,168
394,6,5732.0,5.0,5733.0,5732.0,175,5167.7642325526285,2089423.6147620813,181
395,2,5747.0,17.0,5732.0,5747.0,224,5636.745153202861,2095060.3599152842,226
396,1,5779.0,33.0,5747.0,5779.0,163,4915.610016264522,2099975.969931549,164
397,4,5799.0,24.0,5779.0,5799.0,187,5309.552467652254,2105285.522399201,191
398,3,5827.0,31.0,5799.0,5827.0,218,5572.746353207245,2110858.268752408,221
399,2,5853.0,28.0,5827.0,5853.0,169,5042.095530365129,2115900.3642827733,171
400,6,5867.0,20.0,5853.0,5867.0,182,5235.008362061364,2121135.3726448347,188
401,4,5888.0,25.0,5867.0,5888.0,209,5537.29294544424,2126672.665590279,213
402,2,5926.0,40.0,5888.0,5926.0,177,5108.650945069484,2131781.316535348,179
403,2,5952.0,28.0,5926.0,5952.0,178,5101.30052004752,2136882.6170553956,180
404,5,5974.0,27.0,5952.0,5974.0,199,5430.899836122889,2142313.5168915186,204
405,6,5996.0,28.0,5974.0,5996.0,187,5332.449126044477,2147645.966017563,193
406,0,6027.0,31.0,5996.0,6027.0,183,5115.764507694892,2152761.730525258,183
407,8,6054.0,35.0,6027.0,6054.0,184,5335.129979559357,2158096.860504817,192
408,9,6077.0,32.0,6054.0,6077.0,196,5465.431455757656,2163562.2919605747,205
409,2,6114.0,39.0,6077.0,6114.0,182,5169.848137076967,2168732.1400976516,184
410,2,6145.0,33.0,6114.0,6145.0,176,5064.823883177182,2173796.963980829,178
411,4,6183.0,42.0,6145.0,6183.0,196,5355.713485939676,2179152.677466769,200
412,13,6195.0,25.0,6183.0,6195.0,185,5416.123654685563,2184568.801121454,198
413,3,6233.0,41.0,6195.0,6233.0,181,5164.567791089693,2189733.368912544,184
414,20,6238.0,25.0,6233.0,6238.0,175,5296.0819415605665,2195029.4508541045,195
415,1,6268.0,31.0,6238.0,6268.0,188,5209.528289640561,2200238.9791437453,189
416,1,6312.0,45.0,6268.0,6312.0,188,5216.631532516738,2205455.610676262,189
417,13,6337.0,38.0,6312.0,6337.0,182,5313.527608951369,2210769.1382852136,195
418,8,6354.0,25.0,6337.0,6354.0,183,5260.480011712769,2216029.6182969264,191
419,4,6368.0,18.0,6354.0,6368.0,196,5439.126822961985,2221468.7451198883,200
420,9,6386.0,27.0,6368.0,6386.0,178,5207.855576140413,2226676.6006960287,187
421,8,6400.0,22.0,6386.0,6400.0,176,5195.190563949994,2231871.791259979,184
422,7,6437.0,44.0,6400.0,6437.0,196,5452.878338972166,2237324.669598951,203
423,3,6467.0,33.0,6437.0,6467.0,184,5199.634148744212,2242524.3037476954,187
424,6,6482.0,21.0,6467.0,6482.0,173,5091.397272153182,2247615.7010198487,179
425,7,6501.0,26.0,6482.0,6501.0,199,5446.544973532305,2253062.245993381,206
426,3,6518.0,20.0,6501.0,6518.0,184,5200.426286343065,2258262.672279724,187
427,2,6544.0,28.0,6518.0,6544.0,178,5127.3306644531685,2263390.002944177,180
428,6,6570.0,32.0,6544.0,6570.0,191,5359.646028651656,2268749.648972829,197
429,5,6590.0,25.0,6570.0,6590.0,188,5304.010872813235,2274053.6598456423,193
430,10,6608.0,28.0,6590.0,6608.0,177,5274.143101768019,2279327.8029474104,187
431,8,6616.0,16.0,6608.0,6616.0,194,5512.457937954674,2284840.260885365,202
432,7,6624.0,15.0,6616.0,6624.0,181,5188.108581755509,2290028.36946712,188
433,10,6622.0,8.0,6624.0,6622.0,172,5227.854665278954,2295256.224132399,182
434,2,6633.0,13.0,6622.0,6633.0,199,5359.773429987237,2300615.997562386,201
435,7,6634.0,8.0,6633.0,6634.0,190,5298.478983573534,2305914.4765459597,197
436,6,6631.0,3.0,6634.0,6631.0,159,4973.474236699,2310887.9507826585,165
437,2,6632.0,3.0,6631.0,6632.0,204,5447.470321304546,2316335.421103963,206
438,11,6622.0,1.0,6632.0,6622.0,199,5522.037150834665,2321857.458254798,210
439,0,6623.0,1.0,6622.0,6623.0,153,4779.544404098765,2326637.0026588966,153
440,6,6617.0,0.0,6623.0,6617.0,204,5563.069001339187,2332200.071660236,210
441,2,6618.0,3.0,6617.0,6618.0,205,5418.968463121242,2337619.0401233574,207
442,3,6623.0,8.0,6618.0,6623.0,162,4985.392539291314,2342604.4326626486,165
443,12,6624.0,13.0,6623.0,6624.0,190,5421.956304886246,2348026.388967535,202
444,7,6653.0,36.0,6624.0,6653.0,206,5519.848601860567,2353546.2375693955,213
445,16,6667.0,30.0,6653.0,6667.0,149,5023.362034431658,2358569.599603827,165
446,2,6690.0,25.0,6667.0,6690.0,177,5111.188658357512,2363680.7882621847,179
447,4,6708.0,22.0,6690.0,6708.0,212,5556.058468933848,2369236.8467311184,216
448,6,6721.0,19.0,6708.0,6721.0,162,5084.150091301466,2374320.99682242,168
449,2,6757.0,38.0,6721.0,6757.0,176,5077.570058863603,2379398.5668812837,178
450,7,6776.0,26.0,6757.0,6776.0,218,5659.9660863899935,2385058.5329676736,225
451,17,6783.0,24.0,6776.0,6783.0,167,5267.581786937542,2390326.114754611,184
452,11,6801.0,29.0,6783.0,6801.0,170,5156.124352583086,2395482.2391071944,181
453,7,6817.0,23.0,6801.0,6817.0,214,5602.329270957873,2401084.5683781523,221
454,2,6842.0,27.0,6817.0,6842.0,164,4996.684585766421,2406081.2529639187,166
455,6,6892.0,56.0,6842.0,6892.0,182,5227.803585317357,2411309.056549236,188
456,5,6925.0,38.0,6892.0,6925.0,222,5704.653275865203,2417013.7098251013,227
457,15,6952.0,42.0,6925.0,6952.0,149,5010.056380499496,2422023.766205601,164
458,3,6992.0,43.0,6952.0,6992.0,198,5381.298649816221,2427405.0648554172,201
459,6,7019.0,33.0,6992.0,7019.0,199,5374.596964131785,2432779.661819549,205
460,4,7059.0,44.0,7019.0,7059.0,163,4987.06484795058,2437766.726667499,167
461,3,7105.0,49.0,7059.0,7105.0,191,5274.5421345979885,2443041.268802097,194
462,6,7135.0,36.0,7105.0,7135.0,207,5522.342468126039,2448563.6112702233,213
463,3,7164.0,32.0,7135.0,7164.0,158,4921.152792723981,2453484.764062947,161
464,8,7195.0,39.0,7164.0,7195.0,179,5190.595380326753,2458675.359443274,187
465,7,7224.0,36.0,7195.0,7224.0,224,5805.302140265166,2464480.661583539,231
466,5,7245.0,26.0,7224.0,7245.0,151,4848.490802242897,2469329.152385782,156
467,3,7264.0,22.0,7245.0,7264.0,177,5146.952035181155,2474476.104420963,180
468,5,7286.0,27.0,7264.0,7286.0,227,5731.559220077457,2480207.6636410407,232
469,1,7313.0,28.0,7286.0,7313.0,154,4818.200588262181,2485025.864229303,155
470,7,7341.0,35.0,7313.0,7341.0,177,5311.294244404686,2490337.1584737077,184
471,5,7359.0,23.0,7341.0,7359.0,224,5723.764090808196,2496060.922564516,229
472,22,7365.0,28.0,7359.0,7365.0,142,4991.390107807328,2501052.312672323,164
473,8,7393.0,36.0,7365.0,7393.0,179,5224.240081886075,2506276.5527542094,187
474,1,7420.0,28.0,7393.0,7420.0,227,5666.267356340157,2511942.8201105497,228
475,2,7439.0,21.0,7420.0,7439.0,152,4814.122905788667,2516756.943016338,154
476,7,7456.0,24.0,7439.0,7456.0,183,5241.150889775505,2521998.093906114,190
477,7,7476.0,27.0,7456.0,7476.0,216,5666.202079167052,2527664.295985281,223
478,21,7474.0,19.0,7476.0,7474.0,140,4909.022688438197,2532573.318673719,161
479,2,7491.0,19.0,7474.0,7491.0,176,5075.467293712321,2537648.7859674315,178
480,9,7499.0,17.0,7491.0,7499.0,210,5710.663617499569,2543359.449584931,219
481,16,7498.0,15.0,7499.0,7498.0,159,5287.040008947699,2548646.489593879,175
482,11,7509.0,22.0,7498.0,7509.0,176,5265.284979553906,2553911.7745734327,187
483,17,7503.0,11.0,7509.0,7503.0,197,5549.274336591447,2559461.048910024,214
484,7,7501.0,5.0,7503.0,7501.0,156,4918.486021226193,2564379.5349312504,163
485,6,7503.0,8.0,7501.0,7503.0,199,5426.885896820837,2569806.4208280714,205
486,2,7504.0,3.0,7503.0,7504.0,175,5084.7484202576725,2574891.169248329,177
487,24,7481.0,1.0,7504.0,7481.0,171,5401.070787925064,2580292.2400362543,195
488,4,7481.0,4.0,7481.0,7481.0,198,5368.021478151217,2585660.2615144057,202
489,3,7482.0,4.0,7481.0,7482.0,177,5128.167072160812,2590788.4285865664,180
490,9,7482.0,9.0,7482.0,7482.0,172,5173.586879900018,2595962.0154664665,181
491,5,7495.0,18.0,7482.0,7495.0,197,5422.566160442757,2601384.5816269093,202
492,6,7508.0,19.0,7495.0,7508.0,185,5267.84731953197,2606652.4289464415,191
493,14,7519.0,25.0,7508.0,7519.0,164,5182.181098703188,2611834.610045145,178
494,1,7551.0,33.0,7519.0,7551.0,200,5351.250639632432,2617185.860684777,201
495,5,7592.0,46.0,7551.0,7592.0,188,5323.68788329284,2622509.54856807,193
496,5,7614.0,27.0,7592.0,7614.0,169,5060.77974509384,2627570.328313164,174
497,8,7621.0,15.0,7614.0,7621.0,196,5471.206391106683,2633041.534704271,204
498,2,7649.0,30.0,7621.0,7649.0,190,5273.471668079421,2638315.0063723503,192
499,5,7680.0,36.0,7649.0,7680.0,163,5058.899934205798,2643373.906306556,168
500,13,7696.0,29.0,7680.0,7696.0,194,5598.109436171291,2648972.015742727,207
501,7,7718.0,29.0,7696.0,7718.0,195,5390.430876255434,2654362.4466189826,202
502,9,7736.0,27.0,7718.0,7736.0,161,5083.783145349941,2659446.2297643325,170
503,2,7764.0,30.0,7736.0,7764.0,44,3681.785595781845,2663128.015360114,46
504,21,7773.0,30.0,7764.0,7773.0,310,7093.518353231644,2670221.533713346,331
505,22,7786.0,35.0,7773.0,7786.0,174,5513.015091429733,2675734.548804776,196
506,14,7822.0,50.0,7786.0,7822.0,117,4561.474170948486,2680296.022975724,131
507,26,7833.0,37.0,7822.0,7833.0,202,5719.637594186989,2686015.6605699114,228
508,8,7866.0,41.0,7833.0,7866.0,162,4983.025084306559,2690998.685654218,170
509,28,7872.0,34.0,7866.0,7872.0,112,4869.836373189528,2695868.5220274073,140
510,15,7894.0,37.0,7872.0,7894.0,231,6005.704863992174,2701874.2268913994,246
511,36,7885.0,27.0,7894.0,7885.0,159,5575.800510241774,2707450.027401641,195
512,10,7907.0,32.0,7885.0,7907.0,112,4501.273705238823,2711951.30110688,122
513,14,7921.0,28.0,7907.0,7921.0,227,5915.147784167977,2717866.448891048,241
514,21,7954.0,54.0,7921.0,7954.0,176,5378.118044056868,2723244.566935105,197
515,13,7975.0,34.0,7954.0,7975.0,107,4588.252489041191,2727832.819424146,120
516,19,7983.0,27.0,7975.0,7983.0,224,6002.029494127526,2733834.8489182736,243
517,7,8007.0,31.0,7983.0,8007.0,181,5227.672975726549,2739062.521894,188
518,10,8018.0,21.0,8007.0,8018.0,98,4308.842051107963,2743371.363945108,108
519,25,8009.0,16.0,8018.0,8009.0,226,6197.5393495449025,2749568.9032946527,251
520,16,8018.0,25.0,8009.0,8018.0,187,5576.777514450776,2755145.6808091034,203
521,16,8036.0,34.0,8018.0,8036.0,102,4519.416421038429,2759665.097230142,118
522,11,8058.0,33.0,8036.0,8058.0,221,5764.99904034243,2765430.0962704844,232
523,20,8064.0,26.0,8058.0,8064.0,184,5473.625629609191,2770903.7219000934,204
524,14,8069.0,19.0,8064.0,8069.0,109,4716.223154219952,2775619.945054313,123
525,10,8080.0,21.0,8069.0,8080.0,216,5723.458746616339,2781343.4038009294,226
526,38,8066.0,24.0,8080.0,8066.0,203,6088.244358191343,2787431.6481591207,241
527,7,8079.0,20.0,8066.0,8079.0,107,4363.146919090727,2791794.7950782115,114
528,15,8080.0,16.0,8079.0,8080.0,217,5771.298337774571,2797566.093415986,232
529,19,8076.0,15.0,8080.0,8076.0,192,5518.702514570211,2803084.795930556,211
530,14,8075.0,13.0,8076.0,8075.0,107,4480.393193900962,2807565.189124457,121
531,8,8078.0,11.0,8075.0,8078.0,219,5705.335362287908,2813270.524486745,227
532,18,8070.0,10.0,8078.0,8070.0,201,5639.6018393106515,2818910.1263260553,219
533,2,8074.0,6.0,8070.0,8074.0,111,4332.399733967411,2823242.526060023,113
534,18,8059.0,3.0,8074.0,8059.0,52,4136.1703750498655,2827378.696435073,70
535,43,8021.0,5.0,8059.0,8021.0,294,7187.833487631029,2834566.5299227037,337
536,31,7998.0,8.0,8021.0,7998.0,145,5311.149314604204,2839877.679237308,176
537,24,7978.0,4.0,7998.0,7978.0,126,4871.203965857852,2844748.8832031656,150
538,2,7984.0,8.0,7978.0,7984.0,216,5562.433298835103,2850311.3165020007,218
539,52,7942.0,10.0,7984.0,7942.0,107,4995.656283144126,2855306.9727851446,159
540,23,7935.0,16.0,7942.0,7935.0,2,3445.778262200921,2858752.7510473453,25
541,24,7926.0,15.0,7935.0,7926.0,317,7092.474027862704,2865845.225075208,341
542,20,7920.0,14.0,7926.0,7920.0,171,5494.07273765703,2871339.297812865,191
543,17,7919.0,16.0,7920.0,7919.0,132,4962.684456923027,2876301.982269788,149
544,18,7931.0,30.0,7919.0,7931.0,267,6444.649528757837,2882746.631798546,285
545,18,7939.0,26.0,7931.0,7939.0,113,4647.067148112399,2887393.698946658,131
546,6,7968.0,35.0,7939.0,7968.0,127,4705.420086557975,2892099.119033216,133
547,7,7993.0,32.0,7968.0,7993.0,0,3137.5297857680375,2895236.648818984,7
548,19,7991.0,17.0,7993.0,7991.0,0,3443.821782165492,2898680.47060115,19
549,174,7840.0,23.0,7991.0,7840.0,296,10231.727373302005,2908912.197974452,470
550,65,7808.0,33.0,7840.0,7808.0,132,5891.081930182218,2914803.279904634,197
551,17,7825.0,34.0,7808.0,7825.0,86,4390.1372283540495,2919193.417132988,103
552,47,7808.0,30.0,7825.0,7808.0,132,5501.242723116393,2924694.6598561043,179
553,67,7775.0,34.0,7808.0,7775.0,132,5839.598865129101,2930534.2587212333,199
554,20,7792.0,37.0,7775.0,7792.0,0,3441.95580013448,2933976.214521368,20
555,109,7724.0,41.0,7792.0,7724.0,184,7513.691202259286,2941489.905723627,293
556,26,7729.0,31.0,7724.0,7729.0,133,5096.722597817099,2946586.628321444,159
557,18,7754.0,43.0,7729.0,7754.0,0,3330.332920977206,2949916.9612424215,18
558,119,7666.0,31.0,7754.0,7666.0,177,7559.6323355500335,2957476.5935779717,296
559,43,7653.0,30.0,7666.0,7653.0,143,5760.419915460457,2963237.013493432,186
560,34,7648.0,29.0,7653.0,7648.0,74,4627.697240849226,2967864.710734281,108
561,17,7670.0,39.0,7648.0,7670.0,150,5108.071121699893,2972972.7818559813,167
562,43,7655.0,28.0,7670.0,7655.0,138,5669.472026268017,2978642.2538822494,181
563,49,7636.0,30.0,7655.0,7636.0,11,4293.773698819965,2982936.027581069,60
564,41,7626.0,31.0,7636.0,7626.0,194,6278.293129696887,2989214.320710766,235
565,39,7607.0,20.0,7626.0,7607.0,52,4783.721619991742,2993998.0423307577,91
566,17,7611.0,21.0,7607.0,7611.0,181,5498.58036017737,2999496.622690935,198
567,35,7605.0,29.0,7611.0,7605.0,147,5725.9021525772805,3005222.5248435126,182
568,76,7550.0,21.0,7605.0,7550.0,100,5857.4219758930685,3011079.9468194055,176
569,40,7536.0,26.0,7550.0,7536.0,106,5104.08283532545,3016184.029654731,146
570,39,7516.0,19.0,7536.0,7516.0,175,6333.833131302809,3022517.8627860337,214
571,28,7514.0,26.0,7516.0,7514.0,123,5255.738901647559,3027773.6016876814,151
572,27,7510.0,23.0,7514.0,7510.0,123,5179.865646463446,3032953.4673341447,150
573,17,7518.0,25.0,7510.0,7518.0,174,5680.508251380668,3038633.9755855254,191
574,29,7508.0,19.0,7518.0,7508.0,147,5439.699816557572,3044073.675402083,176
575,18,7498.0,8.0,7508.0,7498.0,11,3641.3079393223593,3047714.983341405,29
576,26,7492.0,20.0,7498.0,7492.0,227,6502.688367669698,3054217.6717090746,253
577,27,7475.0,10.0,7492.0,7475.0,193,6059.685872975821,3060277.3575820504,220
578,34,7454.0,13.0,7475.0,7454.0,135,5631.022136297941,3065908.3797183484,169
579,10,7446.0,2.0,7454.0,7446.0,166,5196.785715140737,3071105.1654334893,176
580,17,7436.0,7.0,7446.0,7436.0,39,4174.800520669473,3075279.965954159,56
581,59,7383.0,6.0,7436.0,7383.0,42,4883.778755115394,3080163.7447092743,101
582,52,7333.0,2.0,7383.0,7333.0,1,4270.043218932083,3084433.7879282064,53
583,140,7194.0,1.0,7333.0,7194.0,7,6539.376674529894,3090973.1646027365,147
584,51,7145.0,2.0,7194.0,7145.0,37,5020.633260427645,3095993.797863164,88
585,83,7066.0,4.0,7145.0,7066.0,167,7283.962290922748,3103277.7601540866,250
586,50,7023.0,7.0,7066.0,7023.0,43,5029.301824371328,3108307.061978458,93
587,65,6980.0,22.0,7023.0,6980.0,15,4423.1442583950375,3112730.206236853,80
588,96,6923.0,39.0,6980.0,6923.0,6,5409.885578153077,3118140.091815006,102
589,80,6878.0,35.0,6923.0,6878.0,17,5201.843794925309,3123341.935609931,97
590,125,6786.0,33.0,6878.0,6786.0,35,6334.09204586305,3129676.0276557943,160
591,85,6721.0,20.0,6786.0,6721.0,150,7033.5602963155325,3136709.58795211,235
592,33,6715.0,27.0,6721.0,6715.0,152,5942.611909782754,3142652.199861893,185
593,71,6670.0,26.0,6715.0,6670.0,79,5526.196446739046,3148178.396308632,150
594,41,6662.0,33.0,6670.0,6662.0,135,5693.078275520016,3153871.474584152,176
595,41,6662.0,41.0,6662.0,6662.0,107,5670.19001137592,3159541.664595528,148
596,18,6670.0,26.0,6662.0,6670.0,111,4894.521388119795,3164436.185983648,129
597,55,6646.0,31.0,6670.0,6646.0,76,5115.613954248416,3169551.7999378964,131
598,53,6616.0,23.0,6646.0,6616.0,153,6535.84174671357,3176087.64168461,206
599,37,6616.0,37.0,6616.0,6616.0,132,5678.90784388409,3181766.549528494,169
600,36,6617.0,37.0,6616.0,6617.0,96,4949.669839601811,3186716.219368096,132
601,23,6626.0,32.0,6617.0,6626.0,34,4037.0832865441553,3190753.3026546403,57
602,36,6653.0,63.0,6626.0,6653.0,16,4128.575044933352,3194881.8776995735,52
603,42,6653.0,42.0,6653.0,6653.0,7,4026.4996794635913,3198908.377379037,49
604,81,6602.0,30.0,6653.0,6602.0,1,5334.143087955874,3204242.5204669926,82
605,74,6569.0,41.0,6602.0,6569.0,145,7175.2642562366,3211417.7847232292,219
606,54,6543.0,28.0,6569.0,6543.0,139,5913.734122357151,3217331.5188455866,193
607,69,6496.0,22.0,6543.0,6496.0,127,6896.265084363364,3224227.78392995,196
608,24,6485.0,13.0,6496.0,6485.0,157,5820.581237889855,3230048.36516784,181
609,26,6492.0,33.0,6485.0,6492.0,127,5315.96171124638,3235364.3268790864,153
610,58,6464.0,30.0,6492.0,6464.0,112,6312.598227415836,3241676.925106502,170
611,24,6473.0,33.0,6464.0,6473.0,130,5354.0040602182835,3247030.9291667202,154
612,40,6452.0,19.0,6473.0,6452.0,143,5755.169788714251,3252786.0989554343,183
613,58,6418.0,24.0,6452.0,6418.0,111,6106.874470041976,3258892.9734254763,169
614,35,6408.0,25.0,6418.0,6408.0,51,4603.622495667758,3263496.595921144,86
615,42,6410.0,44.0,6408.0,6410.0,156,5998.6576730959805,3269495.2535942397,198
616,24,6425.0,39.0,6410.0,6425.0,77,4877.07884415244,3274372.332438392,101
617,22,6423.0,20.0,6425.0,6423.0,150,5564.235020487926,3279936.56745888,172
618,41,6407.0,25.0,6423.0,6407.0,20,4555.630458117132,3284492.197916997,61
619,51,6388.0,32.0,6407.0,6388.0,25,4541.711235034222,3289033.9091520314,76
620,56,6356.0,24.0,6388.0,6356.0,183,6751.912004158989,3295785.8211561902,239
621,30,6346.0,20.0,6356.0,6346.0,41,4626.961641313542,3300412.7827975038,71
622,80,6300.0,34.0,6346.0,6300.0,165,6993.727126559302,3307406.509924063,245
623,41,6267.0,8.0,6300.0,6267.0,65,5761.058615899227,3313167.568539962,106
624,20,6252.0,5.0,6267.0,6252.0,190,6044.5438806561215,3319212.112420618,210
625,39,6224.0,11.0,6252.0,6224.0,142,5900.391613724042,3325112.5040343422,181
626,17,6210.0,3.0,6224.0,6210.0,151,5469.281451008798,3330581.785485351,168
627,35,6182.0,7.0,6210.0,6182.0,155,5723.148731488131,3336304.9342168393,190
628,21,6168.0,7.0,6182.0,6168.0,161,5584.456654055746,3341889.3908708952,182
629,17,6155.0,4.0,6168.0,6155.0,101,4685.620590062844,3346575.011460958,118
630,17,6139.0,1.0,6155.0,6139.0,170,5756.565393854571,3352331.5768548124,187
631,17,6124.0,2.0,6139.0,6124.0,194,5959.015238673039,3358290.5920934854,211
632,14,6112.0,2.0,6124.0,6112.0,112,4820.2418213913215,3363110.833914877,126
633,4,6110.0,2.0,6112.0,6110.0,185,5502.691818285518,3368613.5257331626,189
634,8,6108.0,6.0,6110.0,6108.0,202,5790.94001100723,3374404.46574417,210
635,12,6110.0,14.0,6108.0,6110.0,148,5403.1188249540455,3379807.584569124,160
636,8,6140.0,38.0,6110.0,6140.0,150,5132.186276527278,3384939.770845651,158
637,24,6149.0,33.0,6140.0,6149.0,210,6501.359540203015,3391441.1303858543,234
638,4,6169.0,24.0,6149.0,6169.0,59,3862.837293485064,3395303.9676793395,63
639,13,6185.0,29.0,6169.0,6185.0,19,3764.647919129775,3399068.615598469,32
640,19,6191.0,25.0,6185.0,6191.0,27,3810.0570862470704,3402878.672684716,46
641,21,6200.0,30.0,6191.0,6200.0,11,3898.734304495286,3406777.406989211,32
642,44,6183.0,27.0,6200.0,6183.0,209,7063.408139030542,3413840.8151282417,253
643,62,6153.0,32.0,6183.0,6153.0,5,4862.166572709219,3418702.981700951,67
644,35,6173.0,55.0,6153.0,6173.0,24,4678.932748966745,3423381.9144499176,59
645,35,6159.0,21.0,6173.0,6159.0,202,6514.605320710527,3429896.5197706283,237
646,39,6153.0,33.0,6159.0,6153.0,206,6941.278118775078,3436837.7978894035,245
647,67,6109.0,23.0,6153.0,6109.0,112,7533.7867527576245,3444371.584642161,179
648,57,6080.0,28.0,6109.0,6080.0,134,6431.036550459723,3450802.621192621,191
649,32,6082.0,34.0,6080.0,6082.0,108,5245.014862467243,3456047.636055088,140
650,23,6088.0,29.0,6082.0,6088.0,65,4542.337829377073,3460589.973884465,88
651,38,6084.0,34.0,6088.0,6084.0,116,5508.355342922578,3466098.329227388,154
652,47,6075.0,38.0,6084.0,6075.0,141,6327.237032305742,3472425.566259694,188
653,36,6071.0,32.0,6075.0,6071.0,38,4629.993281174395,3477055.5595408683,74
654,47,6049.0,25.0,6071.0,6049.0,173,6571.451415655692,3483627.010956524,220
655,35,6068.0,54.0,6049.0,6068.0,155,5848.892050513654,3489475.9030070375,190
656,25,6066.0,23.0,6068.0,6066.0,32,4296.296103073089,3493772.1991101108,57
657,19,6078.0,31.0,6066.0,6078.0,207,6040.679695364834,3499812.878805476,226
658,14,6086.0,22.0,6078.0,6086.0,137,5236.000932461949,3505048.879737938,151
659,23,6087.0,24.0,6086.0,6087.0,128,5256.149565671022,3510305.029303609,151
660,28,6083.0,24.0,6087.0,6083.0,179,6076.387456210328,3516381.4167598193,207
661,31,6071.0,19.0,6083.0,6071.0,167,6084.341355835615,3522465.758115655,198
662,11,6079.0,19.0,6071.0,6079.0,154,5283.118095364915,3527748.8762110197,165
663,12,6100.0,33.0,6079.0,6100.0,180,5605.3765412467965,3533354.2527522664,192
664,16,6115.0,31.0,6100.0,6115.0,151,5332.540110963853,3538686.79286323,167
665,12,6136.0,33.0,6115.0,6136.0,139,5265.048697002377,3543951.8415602325,151
666,14,6150.0,28.0,6136.0,6150.0,181,5546.69613004806,3549498.5376902805,195
667,21,6153.0,24.0,6150.0,6153.0,163,5628.724470675647,3555127.262160956,184
668,14,6170.0,31.0,6153.0,6170.0,145,5208.814406164354,3560336.0765671204,159
669,15,6180.0,25.0,6170.0,6180.0,176,5513.9443581693295,3565850.0209252895,191
670,10,6189.0,19.0,6180.0,6189.0,182,5556.427164554971,3571406.4480898445,192
671,8,6193.0,12.0,6189.0,6193.0,138,4936.677784343392,3576343.125874188,146
672,5,6211.0,23.0,6193.0,6211.0,185,5442.670359109567,3581785.7962332973,190
673,6,6209.0,4.0,6211.0,6209.0,41,3660.8895478777877,3585446.6857811753,47
674,19,6203.0,13.0,6209.0,6203.0,41,3961.0106622197036,3589407.6964433948,60
675,26,6188.0,11.0,6203.0,6188.0,47,4310.745539864063,3593718.441983259,73
676,62,6132.0,6.0,6188.0,6132.0,12,4989.227725981582,3598707.6697092406,74
677,25,6112.0,5.0,6132.0,6112.0,7,3909.5465275627434,3602617.216236803,32
678,40,6072.0,0.0,6112.0,6072.0,144,6848.299307215596,3609465.5155440187,184
679,22,6051.0,1.0,6072.0,6051.0,0,3484.030652259507,3612949.546196278,22
680,34,6017.0,0.0,6051.0,6017.0,59,6751.034450431578,3619700.5806467095,93
681,34,6010.0,27.0,6017.0,6010.0,12,4588.191657022005,3624288.7723037316,46
682,48,5980.0,18.0,6010.0,5980.0,124,6664.870860382908,3630953.6431641146,172
683,35,5982.0,37.0,5980.0,5982.0,158,6423.654727018914,3637377.2978911335,193
684,22,5993.0,33.0,5982.0,5993.0,125,5380.484198312008,3642757.7820894453,147
685,48,5980.0,35.0,5993.0,5980.0,137,6571.070970726778,3649328.853060172,185
686,40,6002.0,62.0,5980.0,6002.0,95,5307.978931360552,3654636.8319915324,135
687,97,5936.0,31.0,6002.0,5936.0,95,7727.342511793525,3662364.174503326,192
688,24,5949.0,37.0,5936.0,5949.0,99,4979.344817595849,3667343.519320922,123
689,18,5961.0,30.0,5949.0,5961.0,126,5147.1742664516105,3672490.6935873735,144
690,34,5950.0,23.0,5961.0,5950.0,141,6341.754138566456,3678832.44772594,175
691,35,5945.0,30.0,5950.0,5945.0,123,5403.919188519222,3684236.366914459,158
692,21,5960.0,36.0,5945.0,5960.0,144,5448.836402095777,3689685.203316555,165
693,23,5961.0,24.0,5960.0,5961.0,152,5772.211025732015,3695457.414342287,175
694,50,5940.0,29.0,5961.0,5940.0,161,6457.7110945772165,3701915.1254368643,211
695,39,5927.0,26.0,5940.0,5927.0,131,5591.873730828378,3707506.999167693,170
696,16,5940.0,29.0,5927.0,5940.0,162,5495.877456062181,3713002.876623755,178
697,16,5964.0,40.0,5940.0,5964.0,178,5725.229659118151,3718728.106282873,194
698,11,5979.0,26.0,5964.0,5979.0,105,4577.26566195029,3723305.3719448233,116
699,27,5983.0,31.0,5979.0,5983.0,150,5535.507468765403,3728840.879413589,177
700,12,6006.0,35.0,5983.0,6006.0,161,5463.010588430273,3734303.8900020192,173
701,33,6017.0,44.0,6006.0,6017.0,125,5352.000533122953,3739655.8905351423,158
702,16,6027.0,26.0,6017.0,6027.0,144,5244.544185056647,3744900.434720199,160
703,18,6052.0,43.0,6027.0,6052.0,185,5870.6288104051655,3750771.0635306044,203
704,9,6075.0,32.0,6052.0,6075.0,161,5270.686212630566,3756041.749743235,170
705,10,6090.0,25.0,6075.0,6090.0,141,4993.728484254832,3761035.4782274896,151
706,7,6111.0,28.0,6090.0,6111.0,179,5518.889259043647,3766554.3674865332,186
707,14,6126.0,29.0,6111.0,6126.0,158,5414.653806243377,3771969.021292777,172
708,8,6142.0,24.0,6126.0,6142.0,176,5386.788418643672,3777355.8097114204,184
709,10,6151.0,19.0,6142.0,6151.0,167,5246.531811506484,3782602.341522927,177
710,0,6174.0,23.0,6151.0,6174.0,173,5201.83628395387,3787804.177806881,173
711,9,6187.0,22.0,6174.0,6187.0,68,4135.439800326462,3791939.617607207,77
712,32,6185.0,30.0,6187.0,6185.0,35,4091.1291513528104,3796030.7467585597,67
713,22,6197.0,34.0,6185.0,6197.0,140,5522.2587315907385,3801553.0054901503,162
714,26,6207.0,36.0,6197.0,6207.0,3,3698.2404677931927,3805251.2459579436,29
715,41,6191.0,25.0,6207.0,6191.0,0,4102.136280336597,3809353.38223828,41
716,55,6161.0,25.0,6191.0,6161.0,191,6886.824570879191,3816240.2068091594,246
717,24,6153.0,16.0,6161.0,6153.0,219,6330.155590637252,3822570.3623997965,243
718,29,6154.0,30.0,6153.0,6154.0,24,4003.544099417149,3826573.9064992135,53
719,23,6156.0,25.0,6154.0,6156.0,34,4050.772762690642,3830624.679261904,57
720,27,6149.0,20.0,6156.0,6149.0,20,4020.0087972981337,3834644.6880592024,47
721,35,6124.0,10.0,6149.0,6124.0,2,3985.746303705896,3838630.4343629084,37
722,15,6132.0,23.0,6124.0,6132.0,1,3420.929124579408,3842051.3634874877,16
723,26,6113.0,7.0,6132.0,6113.0,19,4878.871487598887,3846930.2349750865,45
724,22,6099.0,8.0,6113.0,6099.0,192,6091.057713953929,3853021.2926890403,214
725,43,6062.0,6.0,6099.0,6062.0,210,7593.636917715599,3860614.9296067557,253
726,29,6036.0,3.0,6062.0,6036.0,230,7352.587869155532,3867967.5174759114,259
727,80,5956.0,0.0,6036.0,5956.0,166,9947.716067333677,3877915.233543245,246
728,32,5928.0,4.0,5956.0,5928.0,155,6417.29458140986,3884332.528124655,187
729,5,5925.0,2.0,5928.0,5925.0,168,5360.164076110336,3889692.6922007655,173
730,7,5927.0,9.0,5925.0,5927.0,12,3665.423383012321,3893358.115583778,19
731,8,5947.0,28.0,5927.0,5947.0,190,5637.453368511051,3898995.568952289,198
732,9,5963.0,25.0,5947.0,5963.0,186,5823.064481574576,3904818.6334338635,195
733,23,5971.0,31.0,5963.0,5971.0,141,5426.755871105602,3910245.389304969,164
734,15,5986.0,30.0,5971.0,5986.0,108,4984.522260717029,3915229.911565686,123
735,23,6004.0,41.0,5986.0,6004.0,150,5818.99647552709,3921048.908041213,173
736,26,5995.0,17.0,6004.0,5995.0,154,5961.330590563162,3927010.2386317765,180
737,26,5997.0,28.0,5995.0,5997.0,126,5626.495368910304,3932636.734000687,152
738,28,6000.0,31.0,5997.0,6000.0,148,5733.409967035802,3938370.143967723,176
739,24,6043.0,67.0,6000.0,6043.0,163,6022.3182312097815,3944392.4621989327,187
740,9,6075.0,41.0,6043.0,6075.0,168,5504.821596345293,3949897.283795278,177
741,13,6090.0,28.0,6075.0,6090.0,140,5155.626528546867,3955052.9103238247,153
742,15,6102.0,27.0,6090.0,6102.0,149,5289.418461919862,3960342.3287857445,164
743,16,6118.0,32.0,6102.0,6118.0,170,5778.380545995042,3966120.7093317397,186
744,8,6152.0,42.0,6118.0,6152.0,74,4149.987688965152,3970270.697020705,82
745,12,6162.0,22.0,6152.0,6162.0,164,5391.215830058008,3975661.9128507627,176
746,20,6174.0,32.0,6162.0,6174.0,194,5962.4422299452435,3981624.355080708,214
747,13,6188.0,27.0,6174.0,6188.0,133,5093.130726021975,3986717.48580673,146
748,18,6206.0,36.0,6188.0,6206.0,167,5523.077165183824,3992240.5629719137,185
749,16,6210.0,20.0,6206.0,6210.0,130,4972.269259736847,3997212.8322316506,146
750,10,6236.0,36.0,6210.0,6236.0,147,5142.348499782414,4002355.180731433,157
751,5,6256.0,25.0,6236.0,6256.0,171,5368.312388810933,4007723.493120244,176
752,18,6273.0,35.0,6256.0,6273.0,113,4877.195445968616,4012600.6885662125,131
753,22,6285.0,34.0,6273.0,6285.0,87,4653.8090790539245,4017254.4976452664,109
754,24,6300.0,39.0,6285.0,6300.0,209,6246.252178645087,4023500.7498239116,233
755,11,6316.0,27.0,6300.0,6316.0,162,5369.040901864762,4028869.7907257765,173
756,9,6325.0,18.0,6316.0,6325.0,72,4309.18215767094,4033178.9728834475,81
757,16,6332.0,23.0,6325.0,6332.0,195,5837.975522105723,4039016.948405553,211
758,20,6340.0,28.0,6332.0,6340.0,42,4520.053336959037,4043537.001742512,62
759,18,6353.0,31.0,6340.0,6353.0,18,3997.820197305888,4047534.821939818,36
760,35,6349.0,31.0,6353.0,6349.0,48,4495.722534977709,4052030.544474796,83
761,60,6308.0,19.0,6349.0,6308.0,14,4828.438412243124,4056858.982887039,74
762,34,6297.0,23.0,6308.0,6297.0,1,3993.2206148287196,4060852.2035018676,35
763,45,6285.0,33.0,6297.0,6285.0,0,4219.719770056807,4065071.9232719243,45
764,74,6240.0,29.0,6285.0,6240.0,10,5415.690982261314,4070487.6142541855,84
765,61,6207.0,28.0,6240.0,6207.0,175,7459.828248909296,4077947.4425030947,236
766,27,6205.0,25.0,6207.0,6205.0,174,5929.887101259204,4083877.3296043538,201
767,38,6182.0,15.0,6205.0,6182.0,180,7239.521666070576,4091116.851270424,218
768,25,6176.0,19.0,6182.0,6176.0,160,6191.900399613112,4097308.7516700374,185
769,30,6162.0,16.0,6176.0,6162.0,113,5278.604954134324,4102587.3566241716,143
770,127,6048.0,13.0,6162.0,6048.0,98,7558.331404799068,4110145.6880289707,225
771,33,6021.0,6.0,6048.0,6021.0,131,5517.764629477769,4115663.4526584484,164
772,26,6008.0,13.0,6021.0,6008.0,138,5376.960317509168,4121040.4129759576,164
773,13,5999.0,4.0,6008.0,5999.0,89,4468.115362486666,4125508.5283384444,102
774,40,5960.0,1.0,5999.0,5960.0,118,5685.922881615283,4131194.45122006,158
775,15,5946.0,1.0,5960.0,5946.0,77,4577.508807652932,4135771.960027713,92
776,6,5947.0,7.0,5946.0,5947.0,184,5672.984474012369,4141444.944501725,190
777,31,5920.0,4.0,5947.0,5920.0,141,5733.869382666793,4147178.813884392,172
778,7,5927.0,14.0,5920.0,5927.0,143,5229.545666289201,4152408.359550681,150
779,11,5935.0,19.0,5927.0,5935.0,150,5473.340094383699,4157881.699645065,161
780,3,5959.0,27.0,5935.0,5959.0,136,5032.786357802134,4162914.486002867,139
781,4,5985.0,30.0,5959.0,5985.0,154,5292.361886834175,4168206.8478897014,158
782,8,6003.0,26.0,5985.0,6003.0,180,5734.135001437824,4173940.982891139,188
783,7,6022.0,26.0,6003.0,6022.0,182,5794.492994263666,4179735.475885403,189
784,14,6032.0,24.0,6022.0,6032.0,112,4964.2285315362915,4184699.704416939,126
785,12,6044.0,24.0,6032.0,6044.0,160,5338.437928249681,4190038.1423451887,172
786,10,6078.0,44.0,6044.0,6078.0,145,5110.917725005378,4195149.060070194,155
787,13,6093.0,28.0,6078.0,6093.0,97,4689.747054998474,4199838.807125193,110
788,9,6119.0,35.0,6093.0,6119.0,133,4973.173895762933,4204811.981020956,142
789,14,6140.0,35.0,6119.0,6140.0,155,5460.136056502453,4210272.117077459,169
790,14,6168.0,42.0,6140.0,6168.0,138,5307.492759405513,4215579.609836864,152
791,35,6182.0,49.0,6168.0,6182.0,152,5822.0311134232215,4221401.640950288,187
792,6,6213.0,37.0,6182.0,6213.0,137,4947.688357085612,4226349.329307374,143
793,16,6235.0,38.0,6213.0,6235.0,123,5181.305932969773,4231530.635240343,139
794,10,6256.0,31.0,6235.0,6256.0,171,5445.1546014095875,4236975.789841753,181
795,12,6267.0,23.0,6256.0,6267.0,158,5412.497615414176,4242388.287457167,170
796,15,6286.0,34.0,6267.0,6286.0,120,4984.23506746056,4247372.522524628,135
797,13,6308.0,35.0,6286.0,6308.0,198,5961.763940564357,4253334.286465192,211
798,24,6318.0,34.0,6308.0,6318.0,141,5800.539561638854,4259134.826026831,165
799,14,6341.0,37.0,6318.0,6341.0,125,5161.595783388009,4264296.421810219,139
800,13,6369.0,41.0,6341.0,6369.0,181,5603.455968837697,4269899.877779056,194
801,5,6395.0,31.0,6369.0,6395.0,31,3541.0392880640015,4273440.917067121,36
802,30,6386.0,21.0,6395.0,6386.0,73,4979.167576985199,4278420.084644106,103
803,13,6407.0,34.0,6386.0,6407.0,109,5232.332181000299,4283652.416825106,122
804,8,6430.0,31.0,6407.0,6430.0,221,6081.460315641992,4289733.877140748,229
805,17,6432.0,19.0,6430.0,6432.0,141,5142.0927139449395,4294875.969854693,158
806,15,6460.0,43.0,6432.0,6460.0,172,5426.973533881238,4300302.943388574,187
807,70,6412.0,22.0,6460.0,6412.0,166,6842.820151353557,4307145.763539927,236
808,37,6405.0,30.0,6412.0,6405.0,88,5039.6052447577,4312185.368784685,125
809,24,6412.0,31.0,6405.0,6412.0,125,5059.401061335851,4317244.76984602,149
810,15,6434.0,37.0,6412.0,6434.0,134,5097.476050418363,4322342.245896439,149
811,12,6448.0,26.0,6434.0,6448.0,152,5318.001154647872,4327660.247051087,164
812,10,6474.0,36.0,6448.0,6474.0,131,4838.267276180754,4332498.514327268,141
813,7,6499.0,32.0,6474.0,6499.0,116,4715.804768954297,4337214.3190962225,123
814,7,6518.0,26.0,6499.0,6518.0,160,5352.601545234846,4342566.920641458,167
815,8,6544.0,34.0,6518.0,6544.0,83,4244.430487338861,4346811.351128796,91
816,30,6531.0,17.0,6544.0,6531.0,139,5527.332680612208,4352338.683809408,169
817,64,6477.0,10.0,6531.0,6477.0,162,7549.468581582834,4359888.15239099,226
818,11,6481.0,15.0,6477.0,6481.0,147,5245.006917872506,4365133.159308863,158
819,9,6479.0,7.0,6481.0,6479.0,117,4651.008638243904,4369784.167947107,126
820,19,6467.0,7.0,6479.0,6467.0,123,5046.055504246602,4374830.223451354,142
821,9,6464.0,6.0,6467.0,6464.0,161,5416.383064440878,4380246.606515794,170
822,11,6478.0,25.0,6464.0,6478.0,139,5054.479134697781,4385301.0856504915,150
823,3,6480.0,5.0,6478.0,6480.0,121,4676.102644192928,4389977.1882946845,124
824,28,6454.0,2.0,6480.0,6454.0,137,5799.314100079404,4395776.502394764,165
825,19,6439.0,4.0,6454.0,6439.0,178,5842.967079436255,4401619.4694742,197
826,19,6429.0,9.0,6439.0,6429.0,105,4861.80420434445,4406481.273678545,124
827,15,6429.0,15.0,6429.0,6429.0,127,5022.132775717871,4411503.406454262,142
828,7,6435.0,13.0,6429.0,6435.0,184,5579.647038801152,4417083.053493064,191
829,11,6440.0,16.0,6435.0,6440.0,160,5605.46573175322,4422688.519224817,171
830,5,6457.0,22.0,6440.0,6457.0,122,4954.036281631332,4427642.555506448,127
831,2,6472.0,17.0,6457.0,6472.0,164,5207.256012626808,4432849.811519075,166
832,12,6487.0,27.0,6472.0,6487.0,187,5792.463815505135,4438642.27533458,199
833,10,6521.0,44.0,6487.0,6521.0,54,4170.1175884838085,4442812.392923064,64
834,23,6520.0,22.0,6521.0,6520.0,8,3617.2094429938165,4446429.602366057,31
835,14,6531.0,25.0,6520.0,6531.0,100,5208.57832998294,4451638.18069604,114
836,17,6543.0,29.0,6531.0,6543.0,85,5054.582774133097,4456692.763470174,102
837,32,6533.0,22.0,6543.0,6533.0,197,6353.249804895736,4463046.013275069,229
838,37,6522.0,26.0,6533.0,6522.0,138,5655.627130663046,4468701.640405732,175
839,7,6536.0,21.0,6522.0,6536.0,179,5616.953115184489,4474318.593520917,186
840,57,6511.0,32.0,6536.0,6511.0,36,4827.744601883966,4479146.338122801,93
841,60,6479.0,28.0,6511.0,6479.0,148,6245.196242378041,4485391.534365179,208
842,29,6485.0,35.0,6479.0,6485.0,112,5019.852545611789,4490411.386910791,141
843,17,6515.0,47.0,6485.0,6515.0,189,5989.381956273583,4496400.768867064,206
844,13,6540.0,38.0,6515.0,6540.0,121,4784.0503397535595,4501184.819206818,134
845,38,6529.0,27.0,6540.0,6529.0,70,4858.3334058340315,4506043.152612652,108
846,21,6530.0,22.0,6529.0,6530.0,71,4488.327642117197,4510531.480254769,92
847,41,6521.0,32.0,6530.0,6521.0,205,6704.001708945457,4517235.481963715,246
848,16,6549.0,44.0,6521.0,6549.0,30,3842.9431198061266,4521078.425083521,46
849,6,6566.0,23.0,6549.0,6566.0,49,4021.9701821663125,4525100.395265687,55
850,22,6568.0,24.0,6566.0,6568.0,230,6741.7946650979375,4531842.189930785,252
851,60,6534.0,26.0,6568.0,6534.0,144,6632.256654855741,4538474.446585641,204
852,12,6549.0,27.0,6534.0,6549.0,141,5105.872487287157,4543580.319072928,153
853,9,6561.0,21.0,6549.0,6561.0,168,5451.564454712228,4549031.88352764,177
854,18,6564.0,21.0,6561.0,6564.0,185,5931.579334393252,4554963.462862033,203
855,14,6578.0,28.0,6564.0,6578.0,112,4869.663234355838,4559833.126096389,126
856,9,6604.0,35.0,6578.0,6604.0,146,4996.001867354111,4564829.127963743,155
857,16,6614.0,26.0,6604.0,6614.0,187,6183.393158016965,4571012.52112176,203
858,20,6643.0,49.0,6614.0,6643.0,119,5088.522318296506,4576101.043440056,139
859,15,6651.0,23.0,6643.0,6651.0,148,5150.639788249266,4581251.683228306,163
860,15,6663.0,27.0,6651.0,6663.0,122,4970.634893797638,4586222.318122103,137
861,5,6675.0,17.0,6663.0,6675.0,194,5791.425654727422,4592013.74377683,199
862,9,6684.0,18.0,6675.0,6684.0,155,5226.596962803467,4597240.340739633,164
863,12,6687.0,15.0,6684.0,6687.0,121,4878.201135901017,4602118.541875534,133
864,10,6689.0,12.0,6687.0,6689.0,69,4195.270272800402,4606313.812148334,79
865,15,6684.0,10.0,6689.0,6684.0,113,5249.131596926132,4611562.94374526,128
866,8,6678.0,2.0,6684.0,6678.0,217,6011.217182733106,4617574.160927993,225
867,9,6675.0,6.0,6678.0,6675.0,5,3272.902970435627,4620847.063898429,14
868,13,6663.0,1.0,6675.0,6663.0,32,4018.758886277161,4624865.822784706,45
869,12,6652.0,1.0,6663.0,6652.0,241,6471.370834595564,4631337.193619302,253
870,13,6639.0,0.0,6652.0,6639.0,171,5577.621594052949,4636914.815213354,184
871,5,6635.0,1.0,6639.0,6635.0,162,5109.863365428943,4642024.678578783,167
872,9,6628.0,2.0,6635.0,6628.0,52,4108.204920672749,4646132.883499456,61
873,31,6598.0,1.0,6628.0,6598.0,26,4550.491423109541,4650683.374922565,57
874,19,6589.0,10.0,6598.0,6589.0,8,4038.6504457097926,4654722.025368275,27
875,56,6568.0,35.0,6589.0,6568.0,199,7643.427982383928,4662365.453350659,255
876,12,6585.0,29.0,6568.0,6585.0,210,6099.0236228645235,4668464.476973524,222
877,15,6599.0,29.0,6585.0,6599.0,222,6317.540688948793,4674782.017662473,237
878,14,6615.0,30.0,6599.0,6615.0,149,5401.327807568676,4680183.345470042,163
879,14,6626.0,25.0,6615.0,6626.0,133,5241.806109489625,4685425.151579532,147
880,17,6638.0,29.0,6626.0,6638.0,186,5857.134515630632,4691282.286095163,203
881,10,6654.0,26.0,6638.0,6654.0,130,4895.8220033109255,4696178.108098473,140
882,8,6680.0,34.0,6654.0,6680.0,122,4848.37698327995,4701026.485081754,130
883,53,6656.0,29.0,6680.0,6656.0,170,6882.875354974633,4707909.360436728,223
884,14,6660.0,18.0,6656.0,6660.0,189,5802.072924554088,4713711.433361283,203
885,3,6680.0,23.0,6660.0,6680.0,71,4018.464933117768,4717729.8982944,74
886,13,6693.0,26.0,6680.0,6693.0,200,6097.171731043449,4723827.070025444,213
887,7,6713.0,27.0,6693.0,6713.0,184,5494.110547534969,4729321.180572979,191
888,7,6740.0,34.0,6713.0,6740.0,110,4717.060821632857,4734038.241394612,117
889,10,6762.0,32.0,6740.0,6762.0,162,5263.681825620667,4739301.923220233,172
890,7,6777.0,22.0,6762.0,6777.0,185,5513.975451731165,4744815.898671964,192
891,6,6800.0,29.0,6777.0,6800.0,156,5265.882212566668,4750081.78088453,162
892,7,6824.0,31.0,6800.0,6824.0,144,4863.787401338234,4754945.5682858685,151
893,6,6854.0,36.0,6824.0,6854.0,191,5553.710678137085,4760499.278964005,197
894,3,6883.0,32.0,6854.0,6883.0,135,4871.424189830387,4765370.703153836,138
895,10,6902.0,29.0,6883.0,6902.0,189,5599.582234135012,4770970.2853879705,199
896,6,6925.0,29.0,6902.0,6925.0,14,3318.2896045677658,4774288.574992538,20
897,30,6928.0,33.0,6925.0,6928.0,93,5142.73375354348,4779431.308746082,123
898,11,6940.0,23.0,6928.0,6940.0,254,6451.635557082811,4785882.944303164,265
899,19,6947.0,26.0,6940.0,6947.0,169,5530.050807473841,4791412.995110638,188
900,6,6969.0,28.0,6947.0,6969.0,105,4351.118371776197,4795764.113482415,111
901,22,6966.0,19.0,6969.0,6966.0,189,5785.258736031763,4801549.372218447,211
902,4,6985.0,23.0,6966.0,6985.0,153,5099.608131079339,4806648.980349526,157
903,8,7006.0,29.0,6985.0,7006.0,93,4293.09933161656,4810942.079681142,101
904,6,7028.0,28.0,7006.0,7028.0,33,3598.7859953686216,4814540.865676511,39
905,24,7033.0,29.0,7028.0,7033.0,45,4212.426356083668,4818753.292032595,69
906,62,7014.0,43.0,7033.0,7014.0,7,5238.918646716077,4823992.210679311,69
907,34,7013.0,33.0,7014.0,7013.0,236,7006.093247593625,4830998.303926905,270
908,19,7018.0,24.0,7013.0,7018.0,218,6230.85310155688,4837229.157028462,237
909,18,7022.0,22.0,7018.0,7022.0,215,6246.31933567587,4843475.476364138,233
910,12,7039.0,29.0,7022.0,7039.0,117,4672.224124641917,4848147.70048878,129
911,39,7017.0,17.0,7039.0,7017.0,114,5264.547019038834,4853412.247507819,153
912,21,7010.0,14.0,7017.0,7010.0,156,5476.910662706863,4858889.158170526,177
913,15,7006.0,11.0,7010.0,7006.0,142,5249.190064448992,4864138.348234975,157
914,20,6994.0,8.0,7006.0,6994.0,114,4979.9675879199995,4869118.315822895,134
915,15,6986.0,7.0,6994.0,6986.0,129,4952.395549135087,4874070.71137203,144
916,15,6972.0,1.0,6986.0,6972.0,186,5801.220376446128,4879871.931748476,201
917,3,6973.0,4.0,6972.0,6973.0,141,4865.186919137401,4884737.118667614,144
918,14,6961.0,2.0,6973.0,6961.0,122,4827.329349582834,4889564.448017197,136
919,6,6956.0,1.0,6961.0,6956.0,133,4915.4866274280275,4894479.934644625,139
920,10,6946.0,0.0,6956.0,6946.0,197,5915.493971763566,4900395.428616388,207
921,16,6932.0,2.0,6946.0,6932.0,130,5075.26370020385,4905470.692316592,146
922,6,6941.0,15.0,6932.0,6941.0,112,4589.544650306327,4910060.236966898,118
923,13,6945.0,17.0,6941.0,6945.0,208,6171.408698292088,4916231.64566519,221
924,8,6967.0,30.0,6945.0,6967.0,168,5501.248673929806,4921732.89433912,176
925,8,7001.0,42.0,6967.0,7001.0,101,4653.4022644220695,4926386.296603542,109
926,6,7023.0,28.0,7001.0,7023.0,176,5384.789146430065,4931771.085749972,182
927,1,7049.0,27.0,7023.0,7049.0,183,5409.8998380213325,4937180.985587993,184
928,6,7065.0,22.0,7049.0,7065.0,51,3937.078769023199,4941118.064357016,57
929,17,7080.0,32.0,7065.0,7080.0,46,4122.484509764849,4945240.548866781,63
930,17,7108.0,45.0,7080.0,7108.0,236,6418.156459091408,4951658.705325873,253
931,7,7132.0,31.0,7108.0,7132.0,193,5616.616311685522,4957275.321637558,200
932,16,7147.0,31.0,7132.0,7147.0,143,5040.742427572951,4962316.06406513,159
933,8,7189.0,50.0,7147.0,7189.0,142,4948.2492998279695,4967264.313364958,150
934,12,7201.0,24.0,7189.0,7201.0,139,5220.852841861224,4972485.16620682,151
935,14,7213.0,26.0,7201.0,7213.0,153,5099.521278117163,4977584.687484937,167
936,22,7215.0,24.0,7213.0,7215.0,125,5265.747136103514,4982850.434621041,147
937,23,7238.0,46.0,7215.0,7238.0,117,5360.578871319454,4988211.01349236,140
938,9,7266.0,37.0,7238.0,7266.0,201,5752.215847099279,4993963.229339459,210
939,14,7305.0,53.0,7266.0,7305.0,115,4725.733208964218,4998688.962548424,129
940,23,7301.0,19.0,7305.0,7301.0,79,4828.6792014529565,5003517.641749877,102
941,13,7318.0,30.0,7301.0,7318.0,246,6434.241729782472,5009951.883479659,259
942,17,7344.0,43.0,7318.0,7344.0,130,4971.165526579505,5014923.049006239,147
943,11,7362.0,29.0,7344.0,7362.0,60,4002.0886118085523,5018925.137618047,71
944,32,7362.0,32.0,7362.0,7362.0,212,6524.170739475132,5025449.308357522,244
945,8,7370.0,16.0,7362.0,7370.0,46,3854.942251481627,5029304.250609004,54
946,29,7369.0,28.0,7370.0,7369.0,180,5877.058700254215,5035181.309309258,209
947,15,7383.0,29.0,7369.0,7383.0,192,5603.189108884314,5040784.498418142,207
948,7,7400.0,24.0,7383.0,7400.0,167,5297.673931356738,5046082.172349499,174
949,7,7421.0,28.0,7400.0,7421.0,97,4415.956029563819,5050498.128379063,104
950,14,7442.0,35.0,7421.0,7442.0,177,5511.31435427173,5056009.442733334,191
951,13,7455.0,26.0,7442.0,7455.0,158,5232.598660522372,5061242.0413938565,171
952,16,7479.0,40.0,7455.0,7479.0,123,4999.4950936953755,5066241.536487552,139
953,11,7498.0,30.0,7479.0,7498.0,184,5424.633179288032,5071666.169666841,195
954,9,7506.0,17.0,7498.0,7506.0,137,4861.23860690265,5076527.408273743,146
955,13,7518.0,25.0,7506.0,7518.0,118,4818.973051380686,5081346.381325124,131
956,6,7530.0,18.0,7518.0,7530.0,213,5816.799403217598,5087163.180728341,219
957,7,7549.0,26.0,7530.0,7549.0,138,4909.294194646338,5092072.474922988,145
958,9,7569.0,29.0,7549.0,7569.0,106,4586.0885343624905,5096658.56345735,115
959,6,7581.0,18.0,7569.0,7581.0,237,6188.416930308184,5102846.980387659,243
960,12,7589.0,20.0,7581.0,7589.0,30,3716.757219990221,5106563.737607649,42
961,15,7579.0,5.0,7589.0,7579.0,52,4212.126544710998,5110775.86415236,67
962,27,7561.0,9.0,7579.0,7561.0,265,6999.748781916599,5117775.612934276,292
963,14,7551.0,4.0,7561.0,7551.0,154,5350.3347184128725,5123125.947652689,168
964,9,7549.0,7.0,7551.0,7549.0,76,4182.701624383724,5127308.649277073,85
965,10,7544.0,5.0,7549.0,7544.0,186,5526.334491423533,5132834.983768497,196
966,14,7535.0,5.0,7544.0,7535.0,131,5098.733857150204,5137933.717625647,145
967,2,7534.0,1.0,7535.0,7534.0,105,4448.739879680215,5142382.457505327,107
968,7,7528.0,1.0,7534.0,7528.0,18,3438.0024769949796,5145820.459982322,25
969,20,7512.0,4.0,7528.0,7512.0,45,4213.1876039289655,5150033.647586251,65
970,30,7491.0,9.0,7512.0,7491.0,3,4283.249883585235,5154316.897469836,33
971,32,7484.0,25.0,7491.0,7484.0,232,6942.280763067622,5161259.178232904,264
972,21,7488.0,25.0,7484.0,7488.0,224,6477.910663681259,5167737.088896585,245
973,31,7491.0,34.0,7488.0,7491.0,215,6821.100436929106,5174558.189333513,246
974,13,7513.0,35.0,7491.0,7513.0,190,5642.226615711697,5180200.415949225,203
975,16,7519.0,22.0,7513.0,7519.0,82,4540.20558646019,5184740.621535686,98
976,6,7540.0,27.0,7519.0,7540.0,144,5042.016990163964,5189782.63852585,150
977,8,7567.0,35.0,7540.0,7567.0,210,5952.8711241641695,5195735.509650014,218
978,11,7582.0,26.0,7567.0,7582.0,74,4196.840864989941,5199932.350515004,85
979,47,7587.0,52.0,7582.0,7587.0,128,6016.504738933954,5205948.855253939,175
980,7,7616.0,36.0,7587.0,7616.0,191,5539.816726665442,5211488.671980604,198
981,14,7629.0,27.0,7616.0,7629.0,124,5154.274617350441,5216642.946597954,138
982,10,7648.0,29.0,7629.0,7648.0,133,4893.641169524429,5221536.587767479,143
983,12,7668.0,32.0,7648.0,7668.0,160,5341.08915629212,5226877.676923771,172
984,17,7678.0,27.0,7668.0,7678.0,166,5562.652377703406,5232440.329301475,183
985,9,7703.0,34.0,7678.0,7703.0,131,4892.064509141784,5237332.393810617,140
986,7,7729.0,33.0,7703.0,7729.0,137,4826.2546212767575,5242158.648431893,144
987,20,7744.0,35.0,7729.0,7744.0,173,5849.448883256371,5248008.097315149,193
988,8,7772.0,36.0,7744.0,7772.0,159,5274.798015112341,5253282.895330261,167
989,8,7796.0,32.0,7772.0,7796.0,136,4953.37302564306,5258236.268355904,144
990,1,7822.0,27.0,7796.0,7822.0,141,4785.739460154346,5263022.007816059,142
991,9,7844.0,31.0,7822.0,7844.0,175,5535.207836745776,5268557.215652805,184
992,11,7856.0,23.0,7844.0,7856.0,53,4064.5680852817222,5272621.783738087,64
993,27,7853.0,24.0,7856.0,7853.0,42,4214.805464477691,5276836.589202564,69
994,24,7850.0,21.0,7853.0,7850.0,35,4031.8479920979826,5280868.437194662,59
995,18,7856.0,24.0,7850.0,7856.0,236,6343.467182045011,5287211.904376707,254
996,17,7862.0,23.0,7856.0,7862.0,194,5757.102405446212,5292969.006782154,211
997,25,7858.0,21.0,7862.0,7858.0,199,5984.6717692612965,5298953.678551415,224
998,19,7872.0,33.0,7858.0,7872.0,141,5216.859460700527,5304170.538012115,160
999,12,7893.0,33.0,7872.0,7893.0,145,5017.647123206858,5309188.185135322,157
1000,16,7909.0,32.0,7893.0,7909.0,151,5147.631167616088,5314335.816302937,167
1001,18,7929.0,38.0,7909.0,7929.0,113,4882.729593882048,5319218.54589682,131
1002,15,7936.0,22.0,7929.0,7936.0,29,3971.6165647158464,5323190.162461536,44
1003,22,7938.0,24.0,7936.0,7938.0,16,3712.045404032188,5326902.207865568,38
1004,34,7933.0,29.0,7938.0,7933.0,9,4045.4216032205063,5330947.629468788,43
1005,46,7912.0,25.0,7933.0,7912.0,16,4728.402358473649,5335676.031827262,62
1006,54,7881.0,23.0,7912.0,7881.0,213,7124.054280638595,5342800.0861079,267
1007,12,7884.0,15.0,7881.0,7884.0,198,5836.437556689747,5348636.52366459,210
1008,30,7869.0,15.0,7884.0,7869.0,196,6360.386410704628,5354996.910075295,226
1009,30,7854.0,15.0,7869.0,7854.0,187,6103.775054759758,5361100.685130054,217
1010,16,7847.0,9.0,7854.0,7847.0,107,4704.252531849048,5365804.937661903,123
1011,8,7848.0,9.0,7847.0,7848.0,155,5148.730596221172,5370953.668258124,163
1012,13,7838.0,3.0,7848.0,7838.0,176,5602.374085702675,5376556.042343827,189
1013,15,7828.0,5.0,7838.0,7828.0,87,4509.069266723651,5381065.11161055,102
1014,6,7824.0,2.0,7828.0,7824.0,136,4920.365869252528,5385985.477479803,142
1015,15,7815.0,6.0,7824.0,7815.0,177,5676.400084473495,5391661.877564277,192
1016,5,7811.0,1.0,7815.0,7811.0,126,4878.54720628999,5396540.424770567,131
1017,50,7761.0,0.0,7811.0,7761.0,131,6535.894130508559,5403076.318901075,181
1018,9,7757.0,5.0,7761.0,7757.0,163,5346.634746380552,5408422.953647455,172
1019,7,7832.0,82.0,7757.0,7832.0,145,5176.775764123993,5413599.729411579,152
1020,12,7856.0,36.0,7832.0,7856.0,152,5274.982558274771,5418874.711969853,164
1021,16,7884.0,44.0,7856.0,7884.0,151,5221.977171472839,5424096.689141327,167
1022,16,7900.0,32.0,7884.0,7900.0,122,5072.649239299338,5429169.3383806255,138
1023,14,7923.0,37.0,7900.0,7923.0,177,5672.505458148702,5434841.843838775,191
1024,11,7949.0,37.0,7923.0,7949.0,18,3587.4703652477674,5438429.314204022,29
1025,15,7959.0,25.0,7949.0,7959.0,85,4834.18240270107,5443263.496606723,100
1026,21,7970.0,32.0,7959.0,7970.0,236,6634.807391520141,5449898.303998244,257
1027,9,7993.0,32.0,7970.0,7993.0,192,5659.458472678814,5455557.762470922,201
1028,15,8020.0,42.0,7993.0,8020.0,106,4655.944406166262,5460213.706877089,121
1029,20,8051.0,51.0,8020.0,8051.0,191,6007.790996842552,5466221.497873932,211
1030,6,8081.0,36.0,8051.0,8081.0,149,5094.365106415492,5471315.862980348,155
1031,8,8095.0,22.0,8081.0,8095.0,107,4599.244874630805,5475915.107854979,115
1032,13,8124.0,42.0,8095.0,8124.0,175,5504.903170837374,5481420.011025816,188
1033,15,8147.0,38.0,8124.0,8147.0,152,5304.362372612988,5486724.373398429,167
1034,31,8150.0,34.0,8147.0,8150.0,147,5944.15052144646,5492668.523919875,178
1035,12,8176.0,38.0,8150.0,8176.0,132,4861.041212384952,5497529.565132259,144
1036,11,8203.0,38.0,8176.0,8203.0,156,5270.279603694913,5502799.844735954,167
1037,4,8224.0,25.0,8203.0,8224.0,179,5434.3597031588215,5508234.204439113,183
1038,13,8236.0,25.0,8224.0,8236.0,151,5128.18048635555,5513362.384925469,164
1039,8,8252.0,24.0,8236.0,8252.0,44,3814.0469551505776,5517176.431880619,52
1040,35,8251.0,34.0,8252.0,8251.0,27,4070.1847820740913,5521246.616662693,62
1041,27,8254.0,30.0,8251.0,8254.0,18,3852.249894568859,5525098.866557262,45
1042,30,8244.0,20.0,8254.0,8244.0,0,3674.0699500925152,5528772.9365073545,30
1043,57,8207.0,20.0,8244.0,8207.0,222,7409.129422867943,5536182.065930222,279
1044,37,8189.0,19.0,8207.0,8189.0,6,4069.452397742006,5540251.5183279645,43
1045,38,8176.0,25.0,8189.0,8176.0,226,6901.730352111618,5547153.248680076,264
1046,55,8147.0,26.0,8176.0,8147.0,183,6910.936033879969,5554064.184713956,238
1047,17,8148.0,18.0,8147.0,8148.0,189,5715.1064521335775,5559779.2911660895,206
1048,13,8164.0,29.0,8148.0,8164.0,143,5227.415742413742,5565006.706908504,156
1049,19,8183.0,38.0,8164.0,8183.0,136,5134.433632193395,5570141.140540697,155
1050,21,8186.0,24.0,8183.0,8186.0,164,5583.09682018479,5575724.237360882,185
1051,13,8208.0,35.0,8186.0,8208.0,75,4372.177300060746,5580096.414660943,88
1052,25,8202.0,19.0,8208.0,8202.0,197,6434.28059108263,5586530.6952520255,222
1053,16,8208.0,22.0,8202.0,8208.0,155,5332.395059760629,5591863.090311786,171
1054,10,8219.0,21.0,8208.0,8219.0,94,4604.51440425749,5596467.604716044,104
1055,16,8220.0,17.0,8219.0,8220.0,179,5779.374802858854,5602246.9795189025,195
1056,22,8216.0,18.0,8220.0,8216.0,178,5954.232980197976,5608201.212499101,200
1057,13,8214.0,11.0,8216.0,8214.0,99,4654.758941088222,5612855.971440189,112
1058,9,8219.0,14.0,8214.0,8219.0,19,3546.480874859397,5616402.452315048,28
1059,23,8202.0,6.0,8219.0,8202.0,259,6798.612059014098,5623201.064374062,282
1060,19,8188.0,5.0,8202.0,8188.0,160,5480.237716810159,5628681.302090872,179
1061,10,8181.0,3.0,8188.0,8181.0,120,4677.433792936226,5633358.735883809,130
1062,5,8178.0,2.0,8181.0,8178.0,195,5603.688944137564,5638962.424827946,200
1063,8,8172.0,2.0,8178.0,8172.0,116,4663.043198913945,5643625.468026861,124
1064,8,8166.0,2.0,8172.0,8166.0,152,5200.913408374927,5648826.381435236,160
1065,10,8159.0,3.0,8166.0,8159.0,141,5021.523134585966,5653847.904569822,151
1066,11,8157.0,9.0,8159.0,8157.0,167,5568.249975531191,5659416.154545354,178
1067,7,8171.0,21.0,8157.0,8171.0,166,5332.882117171737,5664749.0366625255,173
1068,7,8196.0,32.0,8171.0,8196.0,153,5124.628830627741,5669873.665493153,160
1069,8,8224.0,36.0,8196.0,8224.0,137,4982.079605136342,5674855.745098289,145
1070,9,8241.0,26.0,8224.0,8241.0,178,5576.38102526205,5680432.126123551,187
1071,5,8258.0,22.0,8241.0,8258.0,168,5308.274731823361,5685740.4008553745,173
1072,6,8276.0,24.0,8258.0,8276.0,13,3370.933106316482,5689111.333961691,19
1073,11,8294.0,29.0,8276.0,8294.0,62,4341.131017046307,5693452.464978737,73
1074,10,8312.0,28.0,8294.0,8312.0,264,6545.885930195917,5699998.350908933,274
1075,23,8324.0,35.0,8312.0,8324.0,204,6109.688659052779,5706108.039567986,227
1076,11,8346.0,33.0,8324.0,8346.0,143,5062.553344978691,5711170.5929129645,154
1077,5,8375.0,34.0,8346.0,8375.0,53,3916.3661835609373,5715086.959096526,58
1078,12,8385.0,22.0,8375.0,8385.0,4,3317.9281566781747,5718404.887253204,16
1079,30,8388.0,33.0,8385.0,8388.0,1,3663.2825950869938,5722068.169848291,31
1080,71,8351.0,34.0,8388.0,8351.0,228,7886.244051864973,5729954.4139001565,299
1081,37,8355.0,41.0,8351.0,8355.0,223,6597.393016141048,5736551.806916297,260
1082,11,8379.0,35.0,8355.0,8379.0,178,5491.1092770362975,5742042.916193333,189
1083,25,8385.0,31.0,8379.0,8385.0,149,5332.417659592455,5747375.333852926,174
1084,11,8407.0,33.0,8385.0,8407.0,141,5114.689061516285,5752490.022914442,152
1085,23,8412.0,28.0,8407.0,8412.0,128,5093.305599075084,5757583.328513517,151
1086,7,8427.0,22.0,8412.0,8427.0,119,4664.928626381165,5762248.257139898,126
1087,14,8448.0,35.0,8427.0,8448.0,148,5210.136262962447,5767458.3934028605,162
1088,19,8463.0,34.0,8448.0,8463.0,141,5135.572584987715,5772593.965987848,160
1089,45,8453.0,35.0,8463.0,8453.0,139,6539.540388165161,5779133.506376013,184
1090,11,8470.0,28.0,8453.0,8470.0,120,4706.718037865421,5783840.224413878,131
1091,11,8479.0,20.0,8470.0,8479.0,164,5413.028130722585,5789253.2525446005,175
1092,46,8458.0,25.0,8479.0,8458.0,148,5579.826077651433,5794833.078622252,194
1093,17,8471.0,30.0,8458.0,8471.0,132,4937.840376184968,5799770.918998437,149
1094,17,8478.0,24.0,8471.0,8478.0,130,4993.946246362551,5804764.865244799,147
1095,16,8496.0,34.0,8478.0,8496.0,182,5607.595840700881,5810372.4610855,198
1096,4,8523.0,31.0,8496.0,8523.0,168,5171.493982074404,5815543.955067575,172
1097,0,8543.0,20.0,8523.0,8543.0,115,4385.668859336397,5819929.6239269115,115
1098,11,8559.0,27.0,8543.0,8559.0,190,5592.666782968491,5825522.29070988,201
1099,7,8578.0,26.0,8559.0,8578.0,175,5307.202921977416,5830829.493631857,182
1100,10,8591.0,23.0,8578.0,8591.0,119,4634.12857554726,5835463.622207405,129
1101,10,8612.0,31.0,8591.0,8612.0,154,5064.157662298035,5840527.779869703,164
1102,5,8643.0,36.0,8612.0,8643.0,174,5283.870949276496,5845811.650818979,179
1103,7,8657.0,21.0,8643.0,8657.0,162,5223.544033489977,5851035.1948524695,169
1104,14,8664.0,21.0,8657.0,8664.0,10,3403.0829263200085,5854438.277778789,24
1105,33,8647.0,16.0,8664.0,8647.0,53,4450.886041405444,5858889.163820195,86
1106,26,8636.0,15.0,8647.0,8636.0,231,6292.127323526149,5865181.291143721,257
1107,18,8628.0,10.0,8636.0,8628.0,202,5872.072675826855,5871053.363819548,220
1108,15,8627.0,14.0,8628.0,8627.0,162,5245.609514886832,5876298.973334434,177
1109,10,8630.0,13.0,8627.0,8630.0,139,4903.982774968264,5881202.956109403,149
1110,7,8629.0,6.0,8630.0,8629.0,165,5257.549319244633,5886460.505428648,172
1111,7,8629.0,7.0,8629.0,8629.0,14,3353.1083978127326,5889813.61382646,21
1112,21,8611.0,3.0,8629.0,8611.0,42,4275.753096683372,5894089.366923143,63
1113,14,8601.0,4.0,8611.0,8601.0,32,3863.5421456303056,5897952.9090687735,46
1114,17,8599.0,15.0,8601.0,8599.0,5,3546.805296305881,5901499.714365079,22
1115,32,8595.0,28.0,8599.0,8595.0,13,4218.184200523731,5905717.8985656025,45
1116,13,8604.0,22.0,8595.0,8604.0,211,5973.60252729444,5911691.501092897,224
1117,19,8606.0,21.0,8604.0,8606.0,232,6560.102264063596,5918251.60335696,251
1118,51,8575.0,20.0,8606.0,8575.0,203,7120.077216576963,5925371.680573537,254
1119,19,8584.0,28.0,8575.0,8584.0,177,5847.984200789624,5931219.664774327,196
1120,23,8592.0,31.0,8584.0,8592.0,134,5865.617365969304,5937085.282140296,157
1121,45,8566.0,19.0,8592.0,8566.0,160,6149.811449308388,5943235.093589604,205
1122,26,8565.0,25.0,8566.0,8565.0,95,4862.304625212543,5948097.398214816,121
1123,57,8538.0,30.0,8565.0,8538.0,90,5281.972660602042,5953379.370875418,147
1124,44,8528.0,34.0,8538.0,8528.0,101,5151.229207380973,5958530.600082799,145
1125,23,8528.0,23.0,8528.0,8528.0,131,5365.020228756552,5963895.620311555,154
1126,26,8532.0,30.0,8528.0,8532.0,98,5005.760301992364,5968901.380613548,124
1127,27,8529.0,24.0,8532.0,8529.0,155,5735.162482445582,5974636.543095993,182
1128,24,8530.0,25.0,8529.0,8530.0,145,5625.02604521764,5980261.56914121,169
1129,35,8520.0,25.0,8530.0,8520.0,102,5124.94034478188,5985386.509485992,137
1130,17,8528.0,25.0,8520.0,8528.0,155,5471.738408509189,5990858.247894501,172
1131,23,8537.0,32.0,8528.0,8537.0,146,5389.262352862606,5996247.510247364,169
1132,20,8548.0,31.0,8537.0,8548.0,126,4981.442629403191,6001228.952876767,146
1133,17,8572.0,41.0,8548.0,8572.0,128,4982.023709324272,6006210.976586091,145
1134,23,8573.0,24.0,8572.0,8573.0,156,5439.318749519143,6011650.29533561,179
1135,19,8581.0,27.0,8573.0,8581.0,140,5250.565578487123,6016900.860914097,159
1136,21,8585.0,25.0,8581.0,8585.0,144,5219.8787992521175,6022120.739713349,165
1137,8,8603.0,26.0,8585.0,8603.0,152,5058.693120959331,6027179.432834309,160
1138,18,8616.0,31.0,8603.0,8616.0,132,5149.808298214991,6032329.241132524,150
1139,15,8637.0,36.0,8616.0,8637.0,171,5504.0031286725625,6037833.244261197,186
1140,9,8658.0,30.0,8637.0,8658.0,132,4791.107904794009,6042624.3521659905,141
1141,7,8685.0,34.0,8658.0,8685.0,141,4908.548840276975,6047532.901006267,148
1142,7,8700.0,22.0,8685.0,8700.0,172,5261.96590622564,6052794.8669124935,179
1143,3,8717.0,20.0,8700.0,8717.0,155,4989.322170572241,6057784.189083066,158
1144,14,8733.0,30.0,8717.0,8733.0,116,4723.502309277616,6062507.6913923435,130
1145,13,8747.0,27.0,8733.0,8747.0,166,5297.749380876252,6067805.44077322,179
1146,7,8768.0,28.0,8747.0,8768.0,175,5391.811468511668,6073197.252241732,182
1147,13,8784.0,29.0,8768.0,8784.0,125,4995.46652851592,6078192.718770248,138
1148,10,8800.0,26.0,8784.0,8800.0,165,5223.7893040561685,6083416.508074304,175
1149,9,8807.0,16.0,8800.0,8807.0,22,3494.946483645432,6086911.45455795,31
1150,28,8798.0,19.0,8807.0,8798.0,240,6486.444656831123,6093397.899214781,268
1151,21,8803.0,26.0,8798.0,8803.0,64,4437.173399215871,6097835.072613996,85
1152,19,8807.0,23.0,8803.0,8807.0,192,5669.383454879331,6103504.456068876,211
1153,25,8792.0,10.0,8807.0,8792.0,172,5604.752084673515,6109109.20815355,197
1154,10,8799.0,17.0,8792.0,8799.0,127,4773.598978345653,6113882.807131895,137
1155,32,8778.0,11.0,8799.0,8778.0,124,5108.467899404597,6118991.275031299,156
1156,25,8762.0,9.0,8778.0,8762.0,143,5240.051587090661,6124231.32661839,168
1157,12,8758.0,8.0,8762.0,8758.0,167,5317.363731881598,6129548.690350272,179
1158,5,8758.0,5.0,8758.0,8758.0,131,4651.233157509376,6134199.923507781,136
1159,12,8750.0,4.0,8758.0,8750.0,146,5043.136216773083,6139243.0597245535,158
1160,9,8744.0,3.0,8750.0,8744.0,163,5204.263134715969,6144447.32285927,172
1161,9,8739.0,4.0,8744.0,8739.0,160,5186.050192243014,6149633.373051513,169
1162,10,8736.0,7.0,8739.0,8736.0,150,5043.44206191991,6154676.815113433,160
1163,1,8751.0,16.0,8736.0,8751.0,141,4716.064402271508,6159392.879515704,142
1164,8,8764.0,21.0,8751.0,8764.0,183,5520.6049435367995,6164913.484459241,191
1165,7,8777.0,20.0,8764.0,8777.0,145,5045.1437938565905,6169958.628253098,152
1166,10,8791.0,24.0,8777.0,8791.0,140,5039.617240434773,6174998.245493532,150
1167,12,8801.0,22.0,8791.0,8801.0,164,5275.918230755423,6180274.163724287,176
1168,9,8814.0,22.0,8801.0,8814.0,163,5205.16842629504,6185479.332150582,172
1169,6,8825.0,17.0,8814.0,8825.0,139,4798.29912189494,6190277.631272477,145
1170,5,8845.0,25.0,8825.0,8845.0,156,5030.882885924196,6195308.514158402,161
1171,6,8879.0,40.0,8845.0,8879.0,165,5177.060683439342,6200485.574841841,171
1172,1,8907.0,29.0,8879.0,8907.0,159,4990.609199112636,6205476.184040953,160
1173,15,8920.0,28.0,8907.0,8920.0,151,5269.332679774282,6210745.516720728,166
1174,4,8932.0,16.0,8920.0,8932.0,147,4885.501133397488,6215631.017854125,151
1175,13,8955.0,36.0,8932.0,8955.0,172,5493.4675743535945,6221124.485428479,185
1176,10,8976.0,31.0,8955.0,8976.0,147,4961.268529672097,6226085.753958151,157
1177,7,9005.0,36.0,8976.0,9005.0,140,4801.014635593001,6230886.768593743,147
1178,4,9030.0,29.0,9005.0,9030.0,161,5064.978165962165,6235951.746759705,165
1179,13,9057.0,40.0,9030.0,9057.0,170,5393.379308413882,6241345.126068119,183
1180,13,9072.0,28.0,9057.0,9072.0,140,4966.196566535947,6246311.322634655,153
1181,8,9094.0,30.0,9072.0,9094.0,22,3500.32312891054,6249811.645763566,30
1182,42,9082.0,30.0,9094.0,9082.0,132,5931.889800056152,6255743.535563622,174
1183,30,9074.0,22.0,9082.0,9074.0,242,6570.162318194278,6262313.697881816,272
1184,11,9090.0,27.0,9074.0,9090.0,80,4255.189058386446,6266568.886940203,91
1185,51,9061.0,22.0,9090.0,9061.0,101,4997.60212740122,6271566.489067604,152
1186,28,9056.0,23.0,9061.0,9056.0,149,5355.9294202461415,6276922.41848785,177
1187,71,9015.0,30.0,9056.0,9015.0,72,4973.614251318084,6281896.032739168,143
1188,16,9036.0,37.0,9015.0,9036.0,137,4929.33199466715,6286825.364733835,153
1189,10,9048.0,22.0,9036.0,9048.0,218,5803.599501174602,6292628.96423501,228
1190,32,9039.0,23.0,9048.0,9039.0,82,4730.032406212915,6297358.996641222,114
1191,18,9044.0,23.0,9039.0,9044.0,149,5192.177715782835,6302551.174357005,167
1192,13,9061.0,30.0,9044.0,9061.0,192,5490.529425825081,6308041.70378283,205
1193,20,9071.0,30.0,9061.0,9071.0,93,4581.316525018856,6312623.020307849,113
1194,14,9081.0,24.0,9071.0,9081.0,138,4991.018007533881,6317614.038315383,152
1195,12,9084.0,15.0,9081.0,9084.0,212,5780.715826922118,6323394.754142305,224
1196,22,9084.0,22.0,9084.0,9084.0,80,4475.247387480246,6327870.001529785,102
1197,14,9100.0,30.0,9084.0,9100.0,154,5229.62710078011,6333099.628630565,168
1198,28,9093.0,21.0,9100.0,9093.0,208,5977.462605839188,6339077.091236404,236
1199,8,9096.0,11.0,9093.0,9096.0,87,4238.700323569343,6343315.791559974,95
1200,10,9102.0,16.0,9096.0,9102.0,132,4841.4349996786195,6348157.226559652,142
1201,22,9096.0,16.0,9102.0,9096.0,224,6060.1932467453835,6354217.4198063975,246
1202,13,9092.0,9.0,9096.0,9092.0,104,4587.2466789680775,6358804.6664853655,117
1203,7,9090.0,5.0,9092.0,9090.0,113,4499.602622266378,6363304.269107631,120
1204,5,9089.0,4.0,9090.0,9089.0,226,5887.295491435374,6369191.564599067,231
1205,5,9085.0,1.0,9089.0,9085.0,132,4728.719666893496,6373920.284265961,137
1206,1,9084.0,0.0,9085.0,9084.0,113,4388.493600685767,6378308.777866647,114
1207,2,9082.0,0.0,9084.0,9082.0,208,5519.877555637886,6383828.655422284,210
1208,8,9076.0,2.0,9082.0,9076.0,151,5114.924863539938,6388943.580285824,159
1209,16,9062.0,2.0,9076.0,9062.0,118,4851.73596429353,6393795.3162501175,134
1210,2,9066.0,6.0,9062.0,9066.0,192,5336.007746363254,6399131.323996481,194
1211,5,9080.0,19.0,9066.0,9080.0,173,5250.534758117293,6404381.858754598,178
1212,7,9106.0,33.0,9080.0,9106.0,110,4544.732484916905,6408926.591239515,117
1213,8,9130.0,32.0,9106.0,9130.0,101,4701.542069041472,6413628.133308556,109
1214,11,9142.0,23.0,9130.0,9142.0,29,3746.3510938272743,6417374.484402383,40
1215,25,9147.0,30.0,9142.0,9147.0,277,6909.869651382245,6424284.354053765,302
1216,20,9156.0,29.0,9147.0,9156.0,151,5104.102465836344,6429388.456519601,171
1217,23,9156.0,23.0,9156.0,9156.0,105,4597.941361525129,6433986.397881126,128
1218,19,9165.0,28.0,9156.0,9165.0,135,5069.24344537485,6439055.641326501,154
1219,13,9175.0,23.0,9165.0,9175.0,132,4853.932720536836,6443909.574047038,145
1220,15,9186.0,26.0,9175.0,9186.0,140,5104.281602020323,6449013.855649059,155
1221,23,9187.0,24.0,9186.0,9187.0,108,4803.603152048365,6453817.4588011075,131
1222,22,9187.0,22.0,9187.0,9187.0,153,5319.614319948543,6459137.073121056,175
1223,32,9204.0,49.0,9187.0,9204.0,165,5935.3774762401845,6465072.4505972965,197
1224,18,9215.0,29.0,9204.0,9215.0,89,4542.40575976994,6469614.856357066,107
1225,12,9230.0,27.0,9215.0,9230.0,130,4938.288828204826,6474553.14518527,142
1226,17,9237.0,24.0,9230.0,9237.0,187,5850.9101185152595,6480404.055303786,204
1227,19,9246.0,28.0,9237.0,9246.0,98,4679.683937049311,6485083.739240835,117
1228,25,9257.0,36.0,9246.0,9257.0,104,4708.621182196168,6489792.360423031,129
1229,15,9272.0,30.0,9257.0,9272.0,211,5958.226795647145,6495750.587218679,226
1230,15,9302.0,45.0,9272.0,9302.0,97,4590.5379746243,6500341.1251933025,112
1231,15,9314.0,27.0,9302.0,9314.0,111,4822.5266985544895,6505163.651891857,126
1232,23,9320.0,29.0,9314.0,9320.0,197,5814.494689569111,6510978.146581426,220
1233,28,9326.0,34.0,9320.0,9326.0,103,5165.180084632681,6516143.326666059,131
1234,13,9337.0,24.0,9326.0,9337.0,131,4929.698614232318,6521073.025280291,144
1235,22,9340.0,25.0,9337.0,9340.0,180,5563.756951308838,6526636.7822316,202
1236,22,9352.0,34.0,9340.0,9352.0,119,4970.495780549322,6531607.278012149,141
1237,7,9372.0,27.0,9352.0,9372.0,146,4984.831038741175,6536592.10905089,153
1238,10,9385.0,23.0,9372.0,9385.0,196,5500.500052280224,6542092.60910317,206
1239,16,9405.0,36.0,9385.0,9405.0,82,4410.587720495713,6546503.196823666,98
1240,7,9439.0,41.0,9405.0,9439.0,158,5158.300888175089,6551661.497711841,165
1241,26,9441.0,28.0,9439.0,9441.0,216,5955.355908413429,6557616.853620254,242
1242,19,9452.0,30.0,9441.0,9452.0,77,4401.297379862198,6562018.151000117,96
1243,11,9472.0,31.0,9452.0,9472.0,147,5069.420148654766,6567087.571148772,158
1244,13,9471.0,12.0,9472.0,9471.0,106,4844.399512469265,6571931.970661241,119
1245,23,9480.0,32.0,9471.0,9480.0,18,3747.3975071223413,6575679.368168363,41
1246,28,9469.0,17.0,9480.0,9469.0,220,6263.5401593148445,6581942.908327678,248
1247,20,9460.0,11.0,9469.0,9460.0,190,5839.238688972554,6587782.147016651,210
1248,63,9412.0,15.0,9460.0,9412.0,106,5265.6430532959175,6593047.790069947,169
1249,11,9414.0,13.0,9412.0,9414.0,113,4554.716546175626,6597602.506616123,124
1250,37,9387.0,10.0,9414.0,9387.0,132,5212.947300881357,6602815.453917004,169
1251,12,9379.0,4.0,9387.0,9379.0,29,3680.1636561790638,6606495.617573183,41
1252,13,9371.0,5.0,9379.0,9371.0,77,4654.236544103286,6611149.854117286,90
1253,10,9364.0,3.0,9371.0,9364.0,243,6256.080408911661,6617405.934526198,253
1254,16,9352.0,4.0,9364.0,9352.0,155,5436.612049000939,6622842.546575199,171
1255,29,9326.0,3.0,9352.0,9326.0,157,5828.163531871339,6628670.71010707,186
1256,11,9315.0,0.0,9326.0,9315.0,63,4241.005415732406,6632911.715522802,74
1257,4,9313.0,2.0,9315.0,9313.0,9,3272.673799898993,6636184.389322702,13
1258,23,9296.0,6.0,9313.0,9296.0,238,6379.413875222063,6642563.803197924,261
1259,2,9309.0,15.0,9296.0,9309.0,134,4800.587582117474,6647364.390780042,136
1260,5,9334.0,30.0,9309.0,9334.0,101,4362.01694765121,6651726.407727693,106
1261,64,9297.0,27.0,9334.0,9297.0,177,7465.622954946455,6659192.030682639,241
1262,17,9316.0,36.0,9297.0,9316.0,103,4932.158592637196,6664124.189275277,120
1263,13,9333.0,30.0,9316.0,9333.0,124,4905.6059465683265,6669029.795221846,137
1264,45,9324.0,36.0,9333.0,9324.0,152,5892.353144202473,6674922.148366048,197
1265,16,9334.0,26.0,9324.0,9334.0,101,4793.253130628133,6679715.401496676,117
1266,19,9341.0,26.0,9334.0,9341.0,141,5405.952161782587,6685121.353658458,160
1267,6,9364.0,29.0,9341.0,9364.0,43,3781.017028946935,6688902.370687406,49
1268,16,9379.0,31.0,9364.0,9379.0,178,5652.968451026669,6694555.339138432,194
1269,44,9372.0,37.0,9379.0,9372.0,161,5990.553410465115,6700545.892548897,205
1270,13,9382.0,23.0,9372.0,9382.0,145,5145.175880857061,6705691.068429754,158
1271,56,9349.0,23.0,9382.0,9349.0,81,5080.154068635586,6710771.22249839,137
1272,21,9353.0,25.0,9349.0,9353.0,150,5554.827829816829,6716326.050328206,171
1273,19,9363.0,29.0,9353.0,9363.0,158,5552.59999512994,6721878.650323336,177
1274,22,9377.0,36.0,9363.0,9377.0,111,5044.61225864171,6726923.262581978,133
1275,11,9399.0,33.0,9377.0,9399.0,50,4043.7552613855223,6730967.017843364,61
1276,10,9425.0,36.0,9399.0,9425.0,71,4358.199088787952,6735325.2169321515,81
1277,21,9431.0,27.0,9425.0,9431.0,181,5860.821177718879,6741186.038109871,202
1278,26,9435.0,30.0,9431.0,9435.0,162,5737.538809073834,6746923.576918945,188
1279,29,9428.0,22.0,9435.0,9428.0,118,5274.290562236138,6752197.8674811805,147
1280,36,9425.0,33.0,9428.0,9425.0,132,5420.597814080447,6757618.465295261,168
1281,18,9433.0,26.0,9425.0,9433.0,94,4642.117476960685,6762260.582772221,112
1282,13,9443.0,23.0,9433.0,9443.0,139,5090.202710207509,6767350.785482429,152
1283,51,9424.0,32.0,9443.0,9424.0,19,4739.615034552768,6772090.400516982,70
1284,33,9413.0,22.0,9424.0,9413.0,71,4999.08926595544,6777089.489782938,104
1285,33,9409.0,29.0,9413.0,9409.0,210,6532.904962267622,6783622.3947452055,243
1286,24,9413.0,28.0,9409.0,9413.0,113,5226.733574850512,6788849.128320056,137
1287,17,9425.0,29.0,9413.0,9425.0,66,4454.846113328604,6793303.974433385,83
1288,23,9434.0,32.0,9425.0,9434.0,181,5781.979277702096,6799085.953711087,204
1289,23,9437.0,26.0,9434.0,9437.0,111,4975.23700711209,6804061.190718199,134
1290,17,9445.0,25.0,9437.0,9445.0,71,4420.255223158612,6808481.445941358,88
1291,21,9454.0,30.0,9445.0,9454.0,179,5846.010729252008,6814327.45667061,200
1292,20,9445.0,11.0,9454.0,9445.0,28,3955.530142851579,6818282.986813461,48
1293,39,9423.0,17.0,9445.0,9423.0,2,4106.970014502725,6822389.956827964,41
1294,59,9381.0,17.0,9423.0,9381.0,186,7107.308457479437,6829497.2652854435,245
1295,27,9363.0,9.0,9381.0,9363.0,144,5773.181176129044,6835270.446461572,171
1296,38,9340.0,15.0,9363.0,9340.0,114,5852.214061263603,6841122.660522836,152
1297,16,9339.0,15.0,9340.0,9339.0,156,5477.945565535609,6846600.606088372,172
1298,22,9323.0,6.0,9339.0,9323.0,65,4598.683422915195,6851199.289511288,87
1299,8,9318.0,3.0,9323.0,9318.0,60,4161.0990351171595,6855360.388546404,68
1300,37,9282.0,1.0,9318.0,9282.0,169,5988.564561893776,6861348.953108299,206
1301,19,9267.0,4.0,9282.0,9267.0,124,5161.09925772558,6866510.052366024,143
1302,12,9255.0,0.0,9267.0,9255.0,12,3698.361966029108,6870208.414332053,24
1303,53,9204.0,2.0,9255.0,9204.0,181,7413.250892132028,6877621.665224184,234
1304,8,9197.0,1.0,9204.0,9197.0,149,5360.237374146612,6882981.902598331,157
1305,19,9178.0,0.0,9197.0,9178.0,24,4104.860492417009,6887086.763090747,43
1306,41,9153.0,16.0,9178.0,9153.0,211,7128.809377792807,6894215.572468541,252
1307,6,9163.0,16.0,9153.0,9163.0,66,4635.960425624553,6898851.532894165,72
1308,9,9179.0,25.0,9163.0,9179.0,153,5355.5847841081795,6904207.1176782735,162
1309,20,9200.0,41.0,9179.0,9200.0,181,5801.860309110922,6910008.977987384,201
1310,13,9211.0,24.0,9200.0,9211.0,142,5214.253934023029,6915223.231921407,155
1311,12,9218.0,19.0,9211.0,9218.0,103,4754.404198923182,6919977.636120331,115
1312,26,9231.0,39.0,9218.0,9231.0,167,6058.595623626976,6926036.231743958,193
1313,25,9225.0,19.0,9231.0,9225.0,151,5809.82565725001,6931846.057401208,176
1314,12,9240.0,27.0,9225.0,9240.0,100,4520.3448062911775,6936366.402207499,112
1315,21,9243.0,24.0,9240.0,9243.0,61,4744.710955861316,6941111.11316336,82
1316,18,9257.0,32.0,9243.0,9257.0,199,5843.620964563257,6946954.734127924,217
1317,25,9254.0,22.0,9257.0,9254.0,14,4242.134048487438,6951196.868176411,39
1318,36,9247.0,29.0,9254.0,9247.0,126,5914.66475370712,6957111.532930118,162
1319,20,9259.0,32.0,9247.0,9259.0,168,5672.633280595278,6962784.166210713,188
1320,13,9279.0,33.0,9259.0,9279.0,138,5139.215060927832,6967923.381271641,151
1321,16,9288.0,25.0,9279.0,9288.0,131,5217.575975616284,6973140.957247257,147
1322,14,9299.0,25.0,9288.0,9299.0,134,5203.21407202665,6978344.171319284,148
1323,21,9320.0,42.0,9299.0,9320.0,105,5169.510338154669,6983513.681657438,126
1324,15,9346.0,41.0,9320.0,9346.0,128,4985.015174647227,6988498.696832085,143
1325,27,9355.0,36.0,9346.0,9355.0,134,5422.111448392547,6993920.808280477,161
1326,30,9370.0,45.0,9355.0,9370.0,103,5046.095176079762,6998966.903456557,133
1327,36,9367.0,33.0,9370.0,9367.0,170,6498.61136639706,7005465.514822953,206
1328,21,9370.0,24.0,9367.0,9370.0,37,4413.438899717397,7009878.953722671,58
1329,50,9353.0,33.0,9370.0,9353.0,192,6856.0793563339275,7016735.033079005,242
1330,29,9355.0,31.0,9353.0,9355.0,162,5976.118581320239,7022711.151660325,191
1331,27,9352.0,24.0,9355.0,9352.0,168,5650.106286647158,7028361.257946972,195
1332,9,9357.0,14.0,9352.0,9357.0,106,4559.875588004924,7032921.133534976,115
1333,6,9370.0,19.0,9357.0,9370.0,146,4995.212866715265,7037916.346401691,152
1334,18,9380.0,28.0,9370.0,9380.0,212,6210.333831574619,7044126.680233266,230
1335,13,9405.0,38.0,9380.0,9405.0,110,4728.967854310101,7048855.648087576,123
1336,17,9415.0,27.0,9405.0,9415.0,38,4022.7283203616644,7052878.376407938,55
1337,29,9417.0,31.0,9415.0,9417.0,44,4267.414693177997,7057145.791101116,73
1338,14,9424.0,21.0,9417.0,9424.0,227,6220.297763157705,7063366.088864273,241
1339,28,9424.0,28.0,9424.0,9424.0,126,6112.166265449732,7069478.255129723,154
1340,29,9416.0,21.0,9424.0,9416.0,205,6182.93964965423,7075661.194779377,234
1341,18,9413.0,15.0,9416.0,9413.0,161,5595.449380117034,7081256.644159495,179
1342,20,9419.0,26.0,9413.0,9419.0,101,4813.722065964167,7086070.366225459,121
1343,10,9419.0,10.0,9419.0,9419.0,131,4887.74283833294,7090958.109063792,141
1344,16,9418.0,15.0,9419.0,9418.0,149,5240.831767467671,7096198.94083126,165
1345,10,9414.0,6.0,9418.0,9414.0,153,5388.121054827252,7101587.061886087,163
1346,4,9421.0,11.0,9414.0,9421.0,132,4738.323491543083,7106325.385377631,136
1347,29,9399.0,7.0,9421.0,9399.0,149,5907.122882167385,7112232.508259798,178
1348,18,9386.0,5.0,9399.0,9386.0,153,5600.830459572987,7117833.338719372,171
1349,18,9373.0,5.0,9386.0,9373.0,93,5048.119913799514,7122881.458633171,111
1350,9,9365.0,1.0,9373.0,9365.0,200,5692.378439375341,7128573.837072547,209
1351,5,9363.0,3.0,9365.0,9363.0,158,5252.04001956154,7133825.877092108,163
1352,2,9362.0,1.0,9363.0,9362.0,155,5178.33745403244,7139004.21454614,157
1353,5,9359.0,2.0,9362.0,9359.0,118,4653.252470728969,7143657.467016869,123
1354,16,9365.0,22.0,9359.0,9365.0,127,5207.529832501925,7148864.996849371,143
1355,18,9377.0,30.0,9365.0,9377.0,153,5463.7708255715315,7154328.7676749425,171
1356,8,9406.0,37.0,9377.0,9406.0,180,5608.113392301146,7159936.881067243,188
1357,15,9424.0,33.0,9406.0,9424.0,99,4720.374301456697,7164657.2553687,114
1358,16,9439.0,31.0,9424.0,9439.0,153,5533.817463184105,7170191.072831884,169
1359,11,9456.0,28.0,9439.0,9456.0,219,6102.342515479209,7176293.415347363,230
1360,14,9459.0,17.0,9456.0,9459.0,96,4675.521638639148,7180968.936986002,110
1361,32,9457.0,30.0,9459.0,9457.0,136,6267.901562905367,7187236.838548907,168
1362,9,9479.0,31.0,9457.0,9479.0,201,5784.823404862294,7193021.66195377,210
1363,9,9506.0,36.0,9479.0,9506.0,142,5064.766813180331,7198086.42876695,151
1364,7,9525.0,26.0,9506.0,9525.0,105,4477.611440919267,7202564.040207869,112
1365,11,9531.0,17.0,9525.0,9531.0,202,5931.876268175123,7208495.916476045,213
1366,11,9549.0,29.0,9531.0,9549.0,165,5436.5306109742,7213932.447087019,176
1367,10,9558.0,19.0,9549.0,9558.0,121,4753.746841528699,7218686.193928547,131
1368,10,9584.0,36.0,9558.0,9584.0,163,5178.427810173646,7223864.621738721,173
1369,17,9593.0,26.0,9584.0,9593.0,142,5239.513952902621,7229104.135691623,159
1370,8,9607.0,22.0,9593.0,9607.0,127,5109.459885234215,7234213.595576857,135
1371,13,9633.0,39.0,9607.0,9633.0,184,5467.7794218653,7239681.374998722,197
1372,26,9650.0,43.0,9633.0,9650.0,128,5163.685692538465,7244845.060691261,154
1373,18,9666.0,34.0,9650.0,9666.0,121,4916.230449534538,7249761.291140796,139
1374,15,9690.0,39.0,9666.0,9690.0,184,5559.010744495531,7255320.301885291,199
1375,8,9708.0,26.0,9690.0,9708.0,94,4316.991608926621,7259637.293494218,102
1376,10,9724.0,26.0,9708.0,9724.0,138,5047.86755143535,7264685.161045654,148
1377,22,9729.0,27.0,9724.0,9729.0,221,6291.91850857397,7270977.079554228,243
1378,18,9733.0,22.0,9729.0,9733.0,94,4474.095594397443,7275451.175148626,112
1379,6,9744.0,17.0,9733.0,9744.0,124,4740.701054680671,7280191.876203307,130
1380,31,9740.0,27.0,9744.0,9740.0,108,5689.333894632942,7285881.21009794,139
1381,30,9729.0,19.0,9740.0,9729.0,216,6582.555073138195,7292463.765171078,246
1382,13,9742.0,26.0,9729.0,9742.0,96,4562.899931012665,7297026.665102091,109
1383,11,9757.0,26.0,9742.0,9757.0,155,5235.538733684774,7302262.203835775,166
1384,31,9757.0,31.0,9757.0,9757.0,163,5727.870364014457,7307990.074199789,194
1385,17,9765.0,25.0,9757.0,9765.0,78,4309.695820634542,7312299.770020423,95
1386,7,9789.0,31.0,9765.0,9789.0,141,4947.550616572957,7317247.320636996,148
1387,21,9788.0,20.0,9789.0,9788.0,159,5524.00182906885,7322771.322466065,180
1388,27,9785.0,24.0,9788.0,9785.0,125,5230.48045860813,7328001.802924673,152
1389,21,9786.0,22.0,9785.0,9786.0,123,4940.612075213885,7332942.414999887,144
1390,18,9792.0,24.0,9786.0,9792.0,172,5646.861605885268,7338589.276605773,190
1391,31,9776.0,15.0,9792.0,9776.0,132,5391.879382789612,7343981.155988563,163
