time_step,met_demand,unmet_demand,new_demand,carried_in_unmet,carried_out_unmet,n_rebalance_moves,iteration_cost,cumulative_cost,n_vehicles_in_service,unmet_fleet_insufficient,unmet_away_flying,unmet_insufficient_battery,unmet_rounding_jitter,mean_age_at_service_bins,max_backlog_age_bins,backlog_over_threshold
0,2394,345.8405166347993,2739.8405166347993,0.0,345.840516634799,332,168599.54085415776,168599.54085415776,2726,0.0,0.0,0.0,345.840516634799,0.0,1,0.0
1,2710,375.68103326959726,2739.8405166347993,345.840516634799,375.6810332695978,364,183833.1198552872,352432.66070944496,3313,0.0,0.0,0.0,375.6810332695978,0.10613489455228747,2,0.0
2,1749,368.6795439601624,1741.9985106905635,375.6810332695978,368.6795439601636,362,157144.47034437204,509577.131053817,2383,0.0,0.0,0.0,368.6795439601636,0.1502182353844691,3,0.0
3,1716,394.678054650728,1741.9985106905635,368.6795439601636,394.6780546507298,390,156601.3770216272,666178.5080754443,2314,0.0,0.0,0.0,394.6780546507298,0.15639381965560464,4,0.0
4,933,390.6240602092744,928.9460055585457,394.6780546507298,390.6240602092752,384,136865.12460513297,803043.6326805772,1521,0.0,0.0,0.0,390.6240602092752,0.25750165535702035,5,0.0
5,925,394.57006576781987,928.9460055585457,390.6240602092752,394.57006576782067,386,136509.8369042131,939553.4695847903,1458,0.0,0.0,0.0,394.57006576782067,0.2906915163498228,6,0.0
6,513,387.017356084864,505.44729031704264,394.57006576782067,387.0173560848628,380,126969.96808848753,1066523.437673278,1043,0.0,0.0,0.0,387.0173560848628,0.3924654126670583,7,0.0
7,504,388.4646464019062,505.44729031704264,387.0173560848628,388.4646464019059,385,126547.3524308758,1193070.7901041538,1010,0.0,0.0,0.0,388.4646464019059,0.4386517927081181,8,0.0
8,477,371.5992868713897,460.1346404694832,388.4646464019059,371.5992868713886,365,126562.6473523741,1319633.437456528,958,0.0,0.0,0.0,371.5992868713886,0.6161803173141511,9,0.0
9,450,381.7339273408729,460.1346404694832,371.5992868713886,381.73392734087133,372,125795.07049129487,1445428.5079478228,900,0.0,0.0,0.0,381.73392734087133,0.4526760034117536,10,0.0
10,1209,393.4556157355091,1220.7216883946387,381.73392734087133,393.455615735511,388,150130.8598069452,1595559.367754768,1678,0.0,0.0,0.0,393.455615735511,0.42963252223477755,11,24.085601061431372
11,1213,401.17730413014897,1220.7216883946387,393.455615735511,401.17730413014954,396,150690.90474251576,1746250.2724972838,1652,0.0,0.0,0.0,401.17730413014954,0.29521057803192946,12,45.208878452285795
12,2626,415.09654811050814,2639.9192439803587,401.17730413014954,415.09654811050933,408,191690.5290316396,1937940.8015289234,3073,0.0,0.0,0.0,415.09654811050933,0.2653822877764487,13,39.6981350913608
13,2647,408.0157920908682,2639.9192439803587,415.09654811050933,408.01579209086884,577,207413.38269153796,2145354.184220461,3376,0.0,0.0,0.0,408.01579209086884,0.2045036303992767,14,36.43782796265868
14,3449,424.4928925929262,3465.477100502056,408.01579209086884,424.4928925929251,796,235499.56696419156,2380853.7511846526,4401,0.0,0.0,0.0,424.4928925929251,0.17465360054233944,15,24.956569265033995
15,3458,431.9699930949828,3465.477100502056,424.4928925929251,431.9699930949823,651,229017.26309976747,2609871.01428442,5190,0.0,0.0,0.0,431.9699930949823,0.13617954253697379,16,20.307226480325625
16,3902,433.8773845824853,3903.9073914875034,431.9699930949823,433.87738458248924,666,238044.2895842564,2847915.303868676,5652,0.0,0.0,0.0,433.87738458248924,0.13010791176979128,17,13.888072111151123
17,3915,422.7847760699924,3903.9073914875034,433.87738458248924,422.7847760699962,580,235282.85467478185,3083198.1585434577,5956,0.0,0.0,0.0,422.7847760699962,0.11941583350524998,18,10.145312511225638
18,4681,422.56730125627655,4680.782525186282,422.7847760699962,422.56730125628314,559,247359.92161603074,3330558.0801594886,6726,0.0,0.0,0.0,422.56730125628314,0.09464641239220588,19,7.634065628304196
19,4672,431.3498264425634,4680.782525186282,422.56730125628314,431.349826442571,572,247664.1285779542,3578222.2087374427,6307,0.0,0.0,0.0,431.349826442571,0.09027351032688055,20,6.238172954225063
20,4697,445.4422194707695,4711.092393028192,431.349826442571,445.4422194707597,567,238822.58716998916,3817044.7959074317,6308,0.0,0.0,0.0,445.4422194707597,0.08876426851651588,21,5.042983677578174
21,4737,419.5346124989601,4711.092393028192,445.4422194707597,419.5346124989493,526,239264.2253762089,4056309.0212836405,6133,0.0,0.0,0.0,419.5346124989493,0.08846078632993164,22,4.810182856860814
22,4552,420.97628604776764,4553.441673548824,419.5346124989493,420.9762860477743,501,231225.68104323605,4287534.702326877,5913,0.0,0.0,0.0,420.9762860477743,0.08361197143954456,23,5.18187435576211
23,4537,437.4179595965925,4553.441673548824,420.9762860477743,437.4179595965985,494,229336.29362629727,4516870.995953174,5742,0.0,0.0,0.0,437.4179595965985,0.08132009093301214,24,5.874335095934383
24,4629,432.23857340683753,4623.820613810241,437.4179595965985,432.2385734068384,486,235160.40112429508,4752031.397077469,5809,0.0,0.0,0.0,432.2385734068384,0.09737563058425187,25,7.026670653370834
25,4611,445.0591872170771,4623.820613810241,432.2385734068384,445.0591872170777,510,234605.2655650395,4986636.662642509,5828,0.0,0.0,0.0,445.0591872170777,0.09327922300667775,26,8.54552875374025
26,5077,435.8878000961513,5067.828612879069,445.0591872170777,435.8878000961453,483,244781.9431968145,5231418.605839323,6256,7.5132652342028,0.0,0.0,428.37453486194255,0.09220946314351143,27,9.593863390299232
27,5090,413.7164129752191,5067.828612879069,435.8878000961453,413.7164129752127,451,245689.72361892567,5477108.329458249,6580,0.0,0.0,0.0,413.7164129752127,0.09063345058323682,28,10.8906499008835
28,4942,442.8391060325948,4971.12269305738,413.7164129752127,442.8391060325938,466,241354.57657650945,5718462.906034758,6468,0.0,0.0,0.0,442.8391060325938,0.07305093943844601,29,12.577536596675843
29,4971,442.961799089976,4971.12269305738,442.8391060325938,442.9617990899741,462,243529.23321339278,5961992.139248151,6682,0.32307921704112497,3.815777392118597,0.0,438.8229424808144,0.08316362503370565,30,13.858769064813648
30,4810,447.703229808114,4814.7414307181425,442.9617990899741,447.7032298081191,473,239774.15488426582,6201766.294132417,6566,2.643582582041182,4.789714901508788,0.0,440.26993232456914,0.09936189361702265,31,12.601705824513582
31,4811,451.4446605262592,4814.7414307181425,447.7032298081191,451.4446605262628,464,239035.60637181558,6440801.900504232,6580,16.20808271748169,1.3543805133626488,0.0,433.8821972954186,0.09374385056705664,32,10.730380735992693
32,4565,430.3954256558627,4543.950765129598,451.4446605262628,430.3954256558601,434,234864.57517678433,6675666.475681017,6319,3.87876230656153,0.0,0.0,426.5166633492987,0.10070218626444429,33,10.06122516380103
33,4529,445.346190785458,4543.950765129598,430.3954256558601,445.34619078545836,439,233984.10973855815,6909650.585419576,6353,0.0,3.786532864607049,0.0,441.55965792085124,0.09018919668481906,34,11.020022371100604
34,4145,439.22452188788066,4138.878331102425,445.34619078545836,439.2245218878841,433,224201.86570322854,7133852.451122805,5965,0.9841882270298965,0.0,0.0,438.2403336608542,0.09653644935894477,35,11.842603909987837
35,4063,515.102852990306,4138.878331102425,439.2245218878841,515.1028529903109,510,224619.67642437655,7358472.127547181,6227,13.174937787977964,73.9386894320154,0.0,427.9892257703173,0.11250387652914812,36,11.42894529004807
36,4117,464.19733900671326,4066.0944860164036,515.1028529903109,464.197339006714,457,223012.08925665525,7581484.216803837,6231,0.0,36.58838674223269,0.0,427.6089522644813,0.12211149483712534,37,10.881095382070708
37,4085,445.29182502311596,4066.0944860164036,464.197339006714,445.29182502311744,438,222050.74337564802,7803534.960179484,6094,0.0,11.462991636430065,0.0,433.8288333866873,0.11711661588950652,38,10.304223945898904
38,4425,574.673102012538,4554.381276989425,445.29182502311744,574.6731020125402,571,230181.8543111189,8033716.814490603,6547,34.102203112847896,118.16451038923937,0.0,422.406388510453,0.09101270671949165,39,10.704321706829084
39,4655,474.05437900196193,4554.381276989425,574.6731020125402,474.05437900196404,469,235925.8371452102,8269642.6516358135,6141,65.24259896005036,8.381787931568304,0.0,400.4299921103455,0.1319642619912274,40,10.434525894109795
40,4639,651.8423475519512,4816.787968549991,474.05437900196404,651.842347551954,644,238625.6013001684,8508268.252935981,6295,214.82104188945917,17.899772525916816,0.0,419.1215331365785,0.10328699877372079,41,10.657250673895168
41,4817,651.6303161019423,4816.787968549991,651.842347551954,651.6303161019446,691,243263.57443160613,8751531.827367587,6383,243.2522459189759,14.417757120265328,0.0,393.9603130627042,0.11684307897478485,42,10.212687332761181
42,4740,663.1702302791018,4751.539914177154,651.6303161019446,663.1702302790954,767,251971.92574045243,9003503.75310804,6383,223.3658837803346,20.948023280087966,0.0,418.85632321867337,0.16365883170008297,43,7.239550589865813
43,4671,743.7101444562522,4751.539914177154,663.1702302790954,743.7101444562462,786,249380.9883493242,9252884.741457364,6250,333.1025313800862,0.0,0.0,410.60761307616025,0.1244574117001755,44,7.446677895021713
44,4386,714.3618995773186,4356.651755121068,743.7101444562462,714.3618995773159,825,248328.88141064477,9501213.622868009,6027,312.39190822764056,0.0,0.0,401.9699913496767,0.15328745161908322,45,7.243315774992308
45,4309,762.0136546983886,4356.651755121068,714.3618995773159,762.0136546983869,889,251724.9467000489,9752938.569568058,5750,353.7317475962208,2.0447616556894843,0.0,406.23714544647754,0.20850280148893569,46,7.662467970224399
46,3661,754.6919614672697,3653.678306768883,762.0136546983869,754.6919614672717,894,222810.26749321225,9975748.837061271,5104,328.9523159060129,0.45177239760760557,0.0,425.2878731636505,0.17962418739437874,47,8.690655376840763
47,3690,718.3702682361536,3653.678306768883,754.6919614672717,718.3702682361527,817,217997.95201097603,10193746.789072247,4772,311.7985214912562,0.0,0.0,406.57174674489744,0.17352850336024853,48,9.707559693420741
48,2962,496.210784870952,2739.8405166347993,718.3702682361527,496.2107848709518,764,209231.07288087808,10402977.861953124,3978,55.60525854737446,0.0,0.0,440.60552632357724,0.26863190641570106,49,9.569382630054792
49,2795,441.0513015057518,2739.8405166347993,496.2107848709518,441.05130150575116,624,199483.436727006,10602461.29868013,3714,5.102649701119484,0.0,0.0,435.94865180463154,0.16151472137212863,50,11.78112756794208
50,1730,453.049812196316,1741.9985106905635,441.05130150575116,453.0498121963165,687,171691.47458004853,10774152.773260178,2704,0.0,0.0,0.0,453.0498121963165,0.16438887552275647,51,13.948747294708319
51,1765,430.0483228868816,1741.9985106905635,453.0498121963165,430.04832288688254,574,167853.07911657542,10942005.852376753,2543,0.0,0.0,0.0,430.04832288688254,0.1982217722340752,52,17.151906927115455
52,937,421.9943284454266,928.9460055585457,430.04832288688254,421.9943284454282,585,147920.4935227072,11089926.34589946,1735,0.0,0.0,0.0,421.9943284454282,0.28875616401471405,53,19.789242944280677
53,924,426.94033400397234,928.9460055585457,421.9943284454282,426.9403340039736,559,145154.85266007544,11235081.198559536,1632,0.0,0.0,0.0,426.9403340039736,0.2854571609349708,54,25.233639283840184
54,504,428.3876243210169,505.44729031704264,426.9403340039736,428.3876243210171,546,134972.64762194882,11370053.846181484,1196,0.0,0.0,0.0,428.3876243210171,0.3429813974452369,55,31.918203176769023
55,500,433.83491463806047,505.44729031704264,428.3876243210171,433.8349146380595,514,132538.92094680795,11502592.767128292,1131,0.0,0.0,0.0,433.8349146380595,0.42942755801228283,56,44.974771969371695
56,463,430.9695551075438,460.1346404694832,433.8349146380595,430.9695551075425,525,133861.96217287294,11636454.729301166,1110,0.0,0.0,0.0,430.9695551075425,0.6151312498318164,57,49.09009781149229
57,451,440.10419557702676,460.1346404694832,430.9695551075425,440.1041955770257,541,134633.50921337135,11771088.238514537,1070,0.0,0.0,0.0,440.1041955770257,0.4624182638663562,58,57.92577084402991
58,1225,435.8258839716634,1220.7216883946387,440.1041955770257,435.82588397166376,509,158428.10414657224,11929516.342661109,1811,0.0,0.0,0.0,435.82588397166376,0.48916652670322364,59,67.07373967187435
59,1219,437.54757236630167,1220.7216883946387,435.82588397166376,437.54757236630314,533,159414.1534916082,12088930.496152718,1794,0.0,0.0,0.0,437.54757236630314,0.3433671310146225,60,84.68476276902854
60,2593,484.46681634666174,2639.9192439803587,437.54757236630314,484.46681634666237,519,197289.67240834935,12286220.168561067,3154,69.50289423835855,0.0,0.0,414.96392210830396,0.34184986477385854,61,66.62536104015452
61,2578,546.3860603270227,2639.9192439803587,484.46681634666237,546.3860603270222,571,195906.3367635417,12482126.50532461,3312,142.0827282052832,0.0,0.0,404.30333212173855,0.21990134574357031,62,62.333581697012036
62,3175,836.8631608290784,3465.477100502056,546.3860603270222,836.8631608290794,996,223336.2062127713,12705462.711537382,4331,461.019640136486,1.8334183095657721,1.0,373.0101023830274,0.22644847085794848,63,46.758122089062084
63,3555,747.3402613311318,3465.477100502056,836.8631608290794,747.3402613311354,886,230374.8295428147,12935837.541080195,5446,265.43112128112233,65.47678733323389,0.0,416.4323527167794,0.270279966766617,64,36.34003932635506
64,4122,529.2476528186471,3903.9073914875034,747.3402613311354,529.2476528186426,710,246346.11609414523,13182183.657174341,5947,54.19181726798461,40.380728283921535,0.0,434.6751072667367,0.2431441302663489,65,27.976748848043375
65,3946,487.15504430614874,3903.9073914875034,529.2476528186426,487.15504430614965,694,240144.3166696162,13422327.973843958,6176,0.0,43.587482257052415,0.0,443.56756204909715,0.15074060751431154,66,22.57357146317782
66,4647,520.9375694924329,4680.782525186282,487.15504430614965,520.9375694924374,661,251801.79035918514,13674129.764203144,6779,39.29831691702626,50.85983732985176,0.0,430.7794152455597,0.10991046242213702,67,19.96765090244924
67,4705,496.72009467872067,4680.782525186282,520.9375694924374,496.72009467872493,709,254352.4481044512,13928482.212307595,6479,23.10046347736029,41.39192394514642,3.8505978977077358,428.3771093585104,0.10340604003536226,68,19.06246144658572
68,4759,448.8124877069249,4711.092393028192,496.72009467872493,448.81248770691377,608,246115.15540334888,14174597.367710944,6372,10.006950519686377,0.4181720726314353,0.0,438.38736511459604,0.1198096169433442,69,15.019121163134345
69,4731,428.9048807351137,4711.092393028192,448.81248770691377,428.9048807351022,569,242992.10339749604,14417589.47110844,6209,1.8157096359135272,0.0,0.0,427.08917109918866,0.09265970365370178,70,13.950117922595945
70,4541,441.34655428392034,4553.441673548824,428.9048807351022,441.3465542839274,557,234945.27637755568,14652534.747485995,5973,0.0,0.0,0.0,441.3465542839274,0.09586063090346252,71,13.271743113560264
71,4546,448.7882278327461,4553.441673548824,441.3465542839274,448.7882278327524,539,233249.3007710455,14885784.048257042,5791,0.0,0.0,0.0,448.7882278327524,0.09514110074644856,72,12.134118394263796
72,4645,427.60884164299296,4623.820613810241,448.7882278327524,427.60884164299125,506,238591.51761044975,15124375.565867491,5852,0.0,3.878573980004674,0.0,423.73026766298665,0.10467549709581934,73,11.68102597503084
73,4622,429.4294554532298,4623.820613810241,427.60884164299125,429.4294554532308,503,237648.1313952167,15362023.697262708,5839,0.0,0.0,0.0,429.4294554532308,0.10605249239839734,74,10.13624611262727
74,5007,490.2580683323049,5067.828612879069,429.4294554532308,490.25806833229905,540,245703.41987862834,15607727.117141336,6237,52.26942019700282,33.34968438586506,0.0,404.6389637494315,0.09202741429114862,75,9.139715147259292
75,5051,507.0866812113727,5067.828612879069,490.25806833229905,507.0866812113668,518,246187.23950830437,15853914.356649641,6605,15.582427924841562,68.37939404649892,1.0,422.12485924002635,0.102204913371555,76,9.00971050009623
76,5013,465.20937426874934,4971.12269305738,507.0866812113668,465.2093742687475,488,246627.9502193302,16100542.30686897,6545,10.421825504256699,22.46534994150774,0.0,432.3221988229832,0.09924946177747034,77,10.616701876761203
77,4920,516.3320673261287,4971.12269305738,465.2093742687475,516.3320673261272,573,246919.0986814544,16347461.405550424,6767,16.3460941219291,68.57957601836947,2.0,429.4063971858288,0.10026943050349384,64,10.689430488539141
78,4897,434.0734980442685,4814.7414307181425,516.3320673261272,434.07349804427207,500,245621.01129188464,16593082.416842308,6686,3.7892767679178565,2.365257126259948,0.0,427.91896415009415,0.11388282315466618,65,9.83108186869266
79,4765,483.8149287624119,4814.7414307181425,434.07349804427207,483.8149287624162,523,241373.38587986914,16834455.80272218,6605,46.56747529096363,10.871384220726343,0.0,426.3760692507263,0.09433831198934789,66,9.389077884199846
80,4567,460.7656938920172,4543.950765129598,483.8149287624162,460.7656938920141,503,238882.1455631926,17073337.94828537,6377,17.836407660357008,4.861482132557567,0.0,438.06780409909976,0.11182784150886153,67,8.18648889415899
81,4527,477.71645902161436,4543.950765129598,460.7656938920141,477.7164590216126,510,238063.99515638492,17311401.943441756,6419,44.37890253393071,2.9830181067513735,0.0,430.35453838093036,0.10056736901462414,68,8.230134410228906
82,4196,420.5947901240361,4138.878331102425,477.7164590216126,420.59479012403784,470,231019.8707798167,17542421.814221572,6047,0.0,0.0,0.0,420.59479012403784,0.11475710386897293,69,8.101485448904912
83,4058,501.4731212264596,4138.878331102425,420.59479012403784,501.47312122646275,545,228004.07358572687,17770425.8878073,6275,8.666456075488528,67.22016484648609,1.0,424.5865003044883,0.09592757355299089,70,8.213877406667484
84,4088,479.56760724286414,4066.0944860164036,501.47312122646275,479.5676072428668,522,226305.4242010363,17996731.312008336,6255,30.086020067717072,10.436460254043588,4.114241404302403,434.9308855168039,0.1200007414388712,71,7.975337547043019
85,4098,447.66209325926866,4066.0944860164036,479.5676072428668,447.66209325927053,529,229262.09844332846,18225993.410451666,6202,16.340711970693572,0.0,1.551011623972415,429.77036966460463,0.11073490248952318,72,8.64584533678198
86,4361,641.0433702486916,4554.381276989425,447.66209325927053,641.0433702486949,672,239627.18895379777,18465620.599405464,6601,113.17328212821873,111.27156856598273,0.0,416.59851955449267,0.10789180221116836,73,7.773581466049572
87,4641,554.4246472381174,4554.381276989425,641.0433702486949,554.4246472381176,597,240622.0019329066,18706242.60133837,6252,137.28089996013753,3.5035047858991106,0.0,413.6402424920806,0.13755449219343555,74,7.534617726997138
88,4644,727.2126157881048,4816.787968549991,554.4246472381176,727.2126157881079,770,247559.92344929167,18953802.524787664,6427,300.13985057570375,20.472700050892968,1.3703041980733985,405.22976096343774,0.1269205850569629,75,6.722136199525192
89,4777,767.0005843380959,4816.787968549991,727.2126157881079,767.0005843380983,856,253028.80091962355,19206831.325707287,6531,341.1810960966095,11.441895315886825,0.4525979328255332,413.9249949927764,0.14415912178358994,76,8.254262361184857
90,4846,672.5404985152545,4751.539914177154,767.0005843380983,672.5404985152493,727,258097.30538896986,19464928.631096255,6439,242.03475489186465,24.75520214945305,0.0,405.7505414739314,0.16745297969523584,77,6.957278227821257
91,4748,676.0804126924058,4751.539914177154,672.5404985152493,676.0804126923987,738,257620.41024457273,19722549.041340828,6299,250.7087110115129,2.599646264673055,0.0,422.77205541621345,0.13855306608357026,78,7.992016490233248
92,4347,685.7321678134722,4356.651755121068,676.0804126923987,685.7321678134705,885,252734.40923269684,19975283.450573526,6034,270.8375331566469,0.0,0.0,414.89463465682365,0.15404916762798654,79,9.085531682201829
93,4258,784.3839229345449,4356.651755121068,685.7321678134705,784.3839229345405,1022,255292.8605375163,20230576.311111044,5825,347.0902443481702,0.0,0.0,437.2936785863712,0.14599928481859736,80,9.598330578826019
94,3758,680.0622297034206,3653.678306768883,784.3839229345405,680.0622297034242,1002,235422.6153278161,20465998.92643886,5300,263.4607417703942,0.0,0.0,416.60148793303,0.19363185500083324,81,10.16980469891771
95,3721,612.7405364723054,3653.678306768883,680.0622297034242,612.7405364723069,940,229493.32818165183,20695492.25462051,4911,184.9877055970435,0.0,0.0,427.7528308752629,0.16149674730585659,82,11.792634215776244
96,2913,439.5810531071065,2739.8405166347993,612.7405364723069,439.5810531071055,733,208915.96369920392,20904408.218319714,3900,0.0,0.0,0.0,439.5810531071055,0.219478344494345,83,11.439164977905113
97,2738,441.42156974190493,2739.8405166347993,439.5810531071055,441.42156974190453,629,199726.84808165958,21104135.066401374,3664,7.210517094748937,0.0,0.0,434.21105264715555,0.14983633571613147,84,12.781497823658379
98,1751,432.4200804324696,1741.9985106905635,441.42156974190453,432.4200804324704,674,174226.5656483507,21278361.632049724,2718,0.0,0.0,0.0,432.4200804324704,0.17334728136809144,85,15.221189759611116
99,1736,438.4185911230352,1741.9985106905635,432.4200804324704,438.41859112303604,618,170373.12834855268,21448734.760398276,2570,0.0,0.0,0.0,438.41859112303604,0.19158364250376905,86,18.022909481016914
100,941,426.3645966815802,928.9460055585457,438.41859112303604,426.3645966815818,629,151392.8028573634,21600127.563255638,1778,0.0,0.0,0.0,426.3645966815818,0.2790290782120078,87,20.976495726975163
101,915,440.3106022401262,928.9460055585457,426.3645966815818,440.31060224012646,588,146245.1093819564,21746372.672637593,1647,0.0,0.0,0.0,440.31060224012646,0.26280814415739656,88,27.85562412305105
102,501,444.75789255716984,505.44729031704264,440.31060224012646,444.7578925571696,581,137372.08380771088,21883744.756445304,1231,0.0,0.0,0.0,444.7578925571696,0.36271326300659457,89,33.37789993783254
103,518,432.20518287421294,505.44729031704264,444.7578925571696,432.20518287421237,539,135566.29366737502,22019311.05011268,1176,0.0,0.0,0.0,432.20518287421237,0.4742712083136472,90,43.66487316957119
104,457,435.3398233436966,460.1346404694832,432.20518287421237,435.33982334369546,548,135565.8202070359,22154876.870319717,1131,0.0,0.0,0.0,435.33982334369546,0.70113271572141,91,46.94797920748706
105,455,440.4744638131798,460.1346404694832,435.33982334369546,440.4744638131792,558,135952.29456713577,22290829.16488685,1090,0.0,0.0,0.0,440.4744638131792,0.5294162896821382,92,55.95693454743032
106,1222,439.196152207817,1220.7216883946387,440.4744638131792,439.19615220781856,511,158226.61273472517,22449055.777621575,1810,0.0,0.0,0.0,439.19615220781856,0.46577053440009664,93,63.9177847828046
107,1217,442.9178406024564,1220.7216883946387,439.19615220781856,442.9178406024569,537,159911.6977733347,22608967.47539491,1797,0.0,0.0,0.0,442.9178406024569,0.3848824964196866,94,78.07123737198259
108,2628,454.83708458281626,2639.9192439803587,442.9178406024569,454.8370845828162,494,197715.01636651641,22806682.491761424,3163,9.578690610057176,0.0,0.0,445.2583939727588,0.32583488071093564,95,64.57671763142945
109,2586,508.75632856317543,2639.9192439803587,454.8370845828162,508.7563285631752,530,196210.94604367693,23002893.4378051,3273,79.69130445578959,0.0,0.0,429.06502410738585,0.22130233651702688,96,58.67421909280323
110,3174,800.233429065232,3465.477100502056,508.7563285631752,800.233429065232,1074,227841.0517363185,23230734.48954142,4411,410.1441422961865,0.0,1.9616686620977717,388.1276181069478,0.2173210277924727,97,46.41939430561886
111,3607,658.7105295672845,3465.477100502056,800.233429065232,658.7105295672885,809,230633.2927824604,23461367.78232388,5487,127.7524264714094,117.6233144081915,2.0,411.33478868768844,0.2762803558269363,98,35.396657250685095
112,4009,553.6179210547953,3903.9073914875034,658.7105295672885,553.6179210547959,739,243053.87952024757,23704421.661844127,5833,61.272109312635756,52.16475234455417,7.0,433.1810593976061,0.19966969059902723,99,27.167566002578088
113,3990,467.52531254230234,3903.9073914875034,553.6179210547959,467.52531254230325,648,240095.65693821607,23944517.318782344,6153,0.0,25.147445920123026,2.52448499540072,439.85338162677954,0.15725114063749493,100,22.03236308421933
114,4575,573.3078377285847,4680.782525186282,467.52531254230325,573.307837728591,767,254952.44276282509,24199469.76154517,6803,55.33033703009433,85.47023247573298,10.319161709639248,422.1881065131239,0.10766752121972188,101,17.969373184429852
115,4776,478.0903629148743,4680.782525186282,573.307837728591,478.09036291487837,648,255898.23224684392,24455367.993792012,6479,13.775051185392652,36.50790878112448,2.0,425.8074029483611,0.1193060515399401,102,15.872229489153929
116,4735,454.1827559430776,4711.092393028192,478.09036291487837,454.182755943067,639,246557.99945878115,24701925.993250795,6420,17.68744559244081,4.52717985110543,0.0,431.9681304995209,0.10489399747295264,103,14.393999494408531
117,4729,436.2751489712673,4711.092393028192,454.182755943067,436.2751489712559,574,243663.4190792229,24945589.412330016,6215,3.9614038217901824,0.0,0.0,432.3137451494658,0.09614447014639832,104,12.846662882271458
118,4554,435.71682252007395,4553.441673548824,436.2751489712559,435.7168225200802,543,235422.73982297335,25181012.15215299,5956,0.0,0.0,0.0,435.7168225200802,0.09442225343263858,105,12.021938442102442
119,4551,438.1584960688988,4553.441673548824,435.7168225200802,438.15849606890544,518,233025.47157673677,25414037.623729724,5781,0.0,0.0,0.0,438.15849606890544,0.08788566555448607,106,12.187382591226166
120,4616,445.97910987914565,4623.820613810241,438.15849606890544,445.9791098791452,522,237205.02134241594,25651242.64507214,5845,2.560020864447978,3.92889183656696,0.0,439.49019717813036,0.09284048796685888,107,12.269428113186018
121,4627,442.79972368938525,4623.820613810241,445.9791098791452,442.79972368938525,510,238657.83265340375,25889900.477725543,5821,0.0,0.0,0.0,442.79972368938525,0.10484111781536781,108,12.652040625378957
122,5010,500.6283365684594,5067.828612879069,442.79972368938525,500.62833656845214,532,245817.47212304792,26135717.949848592,6249,48.21651319475384,29.63068921899186,0.0,422.7811341547063,0.10084072304326945,109,11.045750306221372
123,5029,539.4569494475245,5067.828612879069,500.62833656845214,539.4569494475201,554,247491.64567216692,26383209.59552076,6615,20.39342817780451,93.99368076024496,2.0,423.0698405094707,0.08994667016225295,110,13.111247951862394
124,5038,472.57964250490204,4971.12269305738,539.4569494475201,472.5796425049014,488,247494.39576224997,26630703.99128301,6556,14.677964937509248,19.70895187101189,2.0,436.19272569638025,0.11134701825578001,111,13.643571556581783
125,4933,510.7023355622832,4971.12269305738,472.5796425049014,510.7023355622815,553,248233.96597936988,26878937.957262382,6777,10.411573908627972,71.72746859432831,0.0,428.56329305932525,0.09003759243476006,112,16.369541125619946
126,4875,450.443766280423,4814.7414307181425,510.7023355622815,450.4437662804255,501,243349.76278493315,27122287.720047314,6674,5.9349709537944975,1.7296745043683188,0.0,442.7791208222629,0.12139051325171589,111,15.262788677151196
127,4772,493.1851969985655,4814.7414307181425,450.4437662804255,493.1851969985694,548,243808.580882112,27366096.300929427,6623,51.053945765683366,12.682687699903397,2.0,427.4485635329829,0.10483082256126137,112,13.804952913908691
128,4597,440.1359621281699,4543.950765129598,493.1851969985694,440.13596212816805,477,238686.5888275944,27604782.889757022,6388,1.2573983483776958,0.0,0.0,438.87856377979045,0.10893655891795928,113,13.439183605634414
129,4505,479.08672725776705,4543.950765129598,440.13596212816805,479.0867272577653,514,237659.565678659,27842442.455435682,6399,51.799893221951436,0.0,0.0,427.2868340358138,0.10389301724541967,60,12.77145361732804
130,4178,439.9650583601888,4138.878331102425,479.0867272577653,439.9650583601912,493,231194.62545496545,28073637.080890648,6054,0.2755765987832063,0.0,0.0,439.689481761408,0.12499087814065617,61,11.662726608094392
131,4063,515.8433894626132,4138.878331102425,439.9650583601912,515.8433894626174,556,228799.9190610657,28302436.999951713,6285,14.087446763509199,68.64809602963842,1.0,432.10784666946967,0.11567358424336784,62,10.726095835059562
132,4132,449.93787547901957,4066.0944860164036,515.8433894626174,449.9378754790208,478,226857.34761399165,28529294.347565703,6237,11.424574711111772,7.446406496771814,0.0,431.06689427113747,0.1288791132310072,63,8.841737973974613
133,4068,448.03236149542226,4066.0944860164036,449.9378754790208,448.03236149542454,516,227724.29275453236,28757018.640320234,6191,19.761702658714313,0.0,0.4893656258927024,427.78129321081735,0.11534200880317635,57,8.20350100624172
134,4374,628.4136384848453,4554.381276989425,448.03236149542454,628.4136384848473,643,238696.28074751556,28995714.92106775,6581,108.77717521670144,105.38789650751495,4.096143805278494,410.15242295535245,0.09940061903311032,58,8.127991311911549
135,4585,597.79491547427,4554.381276989425,628.4136384848473,597.7949154742715,641,238353.2455087685,29234068.166576516,6250,174.5852327605727,4.297351850363128,0.16088098350592026,418.7514498798292,0.126078008922179,59,8.399465770199374
136,4661,753.5828840242602,4816.787968549991,597.7949154742715,753.5828840242596,780,252363.94628451165,29486432.112861026,6426,300.757207408704,29.796619094050506,7.813809562987991,415.21524795851894,0.13203131078351066,60,7.582472005476501
137,4815,755.3708525742486,4816.787968549991,753.5828840242596,755.370852574253,776,250247.20855553454,29736679.32141656,6483,317.24692276939754,14.235742380350842,2.0,421.88818742450377,0.14429836821894867,61,7.682240652309425
138,4763,743.910766751409,4751.539914177154,755.370852574253,743.9107667514029,788,257871.11049559125,29994550.43191215,6429,316.91520180624394,31.552532331226082,0.0,395.4430326139328,0.1658417636373765,62,7.525446407749235
139,4739,756.4506809285594,4751.539914177154,743.9107667514029,756.4506809285525,801,257498.71715896667,30252049.149071116,6345,351.68071503206744,3.4417174676162716,0.0,401.32824842886976,0.16802797607098702,63,8.42436059175432
140,4449,664.102436049624,4356.651755121068,756.4506809285525,664.1024360496242,748,250156.62682854867,30502205.775899664,6009,245.2807807490901,0.0,0.0,418.82165530053436,0.1648542387390877,64,7.778096890095518
141,4268,752.7541911706985,4356.651755121068,664.1024360496242,752.7541911706945,879,250077.73747661195,30752283.513376277,5685,336.2866031417721,0.0,0.0,416.4675880289228,0.1505354996252654,65,8.644428744905689
142,3696,710.4324979395769,3653.678306768883,752.7541911706945,710.4324979395773,918,230901.19888080918,30983184.712257087,5169,284.41543998944735,0.0,0.0,426.01705795013055,0.18675075887808507,66,10.422756543235483
143,3580,784.110804708459,3653.678306768883,710.4324979395773,784.1108047084609,1091,232607.31855747578,31215792.030814562,4933,354.2846343956109,0.0,21.447541354969548,408.3786289578805,0.1850596156625333,67,12.383684875741158
144,3546,487.86012571439414,3249.749321005932,784.1108047084609,487.8601257143938,699,219400.58834566225,31435192.619160224,4499,60.44626172608538,0.0,0.0,427.4138639883083,0.2216353324250295,68,12.844454501531771
145,3223,514.6094467203284,3249.749321005932,487.8601257143938,514.6094467203268,752,214296.19224423752,31649488.811404463,4272,97.80350465016035,0.0,0.0,416.8059420701665,0.1381544503808873,69,14.086977879524394
146,2281,425.55035418000443,2191.9409074596747,514.6094467203268,425.55035418000506,757,190388.6256443364,31839877.4370488,3326,0.6881167167652873,0.0,0.0,424.86223746323986,0.17925658888579868,70,15.445654690292134
147,2182,435.49126163968185,2191.9409074596747,425.55035418000506,435.49126163968344,730,185931.19683961,32025808.63388841,3113,0.808852997635711,0.0,0.0,434.6824086420478,0.14936954577549966,71,17.602757962593547
148,1333,428.6393290192607,1326.1480673795788,435.49126163968344,428.63932901926313,693,165613.99238154799,32191422.626269955,2234,0.0,0.0,0.0,428.63932901926313,0.22659455481328414,72,20.631898432332466
149,1325,429.7873963988402,1326.1480673795788,428.63932901926313,429.78739639884213,608,159229.7988747288,32350652.425144684,2104,0.0,0.0,0.0,429.78739639884213,0.22090623885868022,73,26.527506574004097
150,741,433.5855990432092,744.7982026443678,429.78739639884213,433.58559904321015,637,147486.3904315764,32498138.81557626,1553,0.0,0.0,0.0,433.58559904321015,0.3212736015810619,74,30.719969467420718
151,750,428.3838016875775,744.7982026443678,433.58559904321015,428.38380168757834,579,143671.23893182937,32641810.05450809,1454,0.0,0.0,0.0,428.38380168757834,0.36093285928569524,75,39.39750308978511
152,606,430.58110119500566,608.197299507427,428.38380168757834,430.5811011950052,588,142176.4537351523,32783986.508243244,1316,0.0,0.0,0.0,430.5811011950052,0.5333562947405108,76,42.94272693160575
153,606,432.77840070243246,608.197299507427,430.5811011950052,432.77840070243246,567,140714.24359244632,32924700.75183569,1274,0.0,0.0,0.0,432.77840070243246,0.45334822650893014,77,51.12452955995443
154,1283,428.36401997878284,1278.585619276351,432.77840070243246,428.3640199787838,514,157790.6217985357,33082491.373634223,1893,0.0,0.0,0.0,428.3640199787838,0.37520092722501974,78,59.71361747847133
155,1266,440.9496392551341,1278.585619276351,428.3640199787838,440.9496392551353,556,159209.01210051222,33241700.385734737,1874,0.0,0.0,0.0,440.9496392551353,0.2847461265457601,79,74.0726585661728
156,1972,428.8038825985209,1959.8542433433818,440.9496392551353,428.80388259851804,488,173937.190960764,33415637.5766955,2509,0.0,0.0,0.0,428.80388259851804,0.3071579609495944,80,69.44497441361531
157,1966,422.65812594190356,1959.8542433433818,428.80388259851804,422.6581259419025,478,173942.5392899801,33589580.11598548,2548,0.0,0.0,0.0,422.6581259419025,0.23459128365282406,81,70.41447444099015
158,2604,499.25191573817165,2680.593789796274,422.6581259419025,499.2519157381773,559,189356.00011555292,33778936.116101034,3264,80.51342947805202,0.666160925979554,0.0,418.0723253341458,0.22397195579237653,82,61.53751771482769
159,2666,513.8457055344466,2680.593789796274,499.2519157381773,513.8457055344519,698,197433.68061195078,33976369.79671299,3575,105.93118219446289,0.6697260260346809,0.0,407.2447973139546,0.18780622114074813,83,60.04600545114814
160,3569,629.5392252806605,3684.693519746208,513.8457055344519,629.5392252806593,754,217810.14648010387,34194179.94319309,4537,219.8927270548092,1.5382004866689165,1.0,407.10829773918135,0.16032110741426908,48,52.811836984787696
161,3686,628.232745026864,3684.693519746208,629.5392252806593,628.2327450268668,783,223742.4614124184,34417922.40460551,4952,165.98814654259172,30.874593057335318,1.0,430.3700054269395,0.19525368248457492,49,46.1520756861424
162,4174,515.0290277406384,4060.796282713779,628.2327450268668,515.0290277406447,637,232058.18697861128,34649980.591584116,5293,82.57635688835003,25.036533673969856,0.0,407.4161371783247,0.1925055727015939,50,35.76164775404347
163,4037,538.8253104544165,4060.796282713779,515.0290277406447,538.825310454423,658,229333.41646995817,34879314.00805408,5466,26.443908765988517,78.21276267564804,4.0,430.16863901278566,0.14332244443554903,51,31.119106544910696
164,4193,554.3435811157469,4208.518270661327,538.825310454423,554.343581115749,700,231641.97785751446,35110955.98591159,5602,70.43578577914235,52.7707049149058,1.0,430.137090421701,0.1246909822584453,52,29.046172305801814
165,4292,470.86185177707284,4208.518270661327,554.343581115749,470.86185177707574,577,230829.2382695191,35341785.224181116,5641,26.161485811375517,27.053584169661253,0.0,417.6467817960391,0.1393701419784283,53,27.737084077549444
166,4349,455.26813634278005,4333.406284565702,470.86185177707574,455.2681363427817,554,227898.56393559618,35569683.78811671,5694,33.124396657583794,0.0,0.0,422.1437396851979,0.10476564208012691,54,26.781218269571873
167,4335,453.67442090848454,4333.406284565702,455.2681363427817,453.6744209084871,534,226512.1736668442,35796195.96178355,5603,6.230115394258565,10.024839950260159,0.0,437.4194655639687,0.09257977389234189,55,27.172345831295793
168,4517,478.00616292615723,4541.331742017668,453.6744209084871,478.0061629261582,522,231028.09190166922,36027224.05368522,5754,19.12933530435548,17.931674041921845,6.0,434.9451535798809,0.09948136230779689,56,27.14991359591805
169,4552,467.337904943829,4541.331742017668,478.0061629261582,467.3379049438295,529,232594.20593345014,36259818.25961867,5829,6.205277220386357,16.732612696252705,4.0,440.4000150271904,0.10889750117118586,57,25.433270592003744
170,4788,457.9388299333177,4778.600924989487,467.3379049438295,457.938829933319,486,238462.11034070866,36498280.36995938,6057,19.154526347708636,11.159085143945838,4.90346609956919,422.7217523420954,0.12943712041735686,58,20.938549271563456
171,4784,452.53975492280733,4778.600924989487,457.938829933319,452.53975492280955,486,236491.83825216992,36734772.20821155,6168,18.35800224791268,7.676726277157357,0.0,426.50502639773936,0.10383347764584368,59,19.55955680570052
172,4721,435.5150066333272,4703.975251710519,452.53975492280955,435.5150066333253,486,237163.186184301,36971935.39439585,6091,1.0918745427923657,2.7239628190961014,3.0,428.69916927143686,0.10120008855149856,60,19.275332481837516
173,4692,447.4902583438434,4703.975251710519,435.5150066333253,447.4902583438412,484,235228.72914092112,37207164.12353677,6196,0.0,9.01721127532614,0.0,438.47304706851503,0.08370473829940618,61,22.01086860167318
174,4563,446.92913144593604,4562.438873102094,447.4902583438412,446.92913144593285,520,232366.64188237634,37439530.76541915,6069,4.715804550535552,18.77540611110038,1.0,422.43792078429703,0.09634688923520102,62,21.78819359762924
175,4497,512.3680045480269,4562.438873102094,446.92913144593285,512.3680045480257,570,232361.23957248777,37671892.004991636,6183,35.11908564480829,45.06772529453709,4.0,428.1811936086803,0.10304272975037339,63,20.44210125332201
176,4586,447.1111888128844,4520.743184264857,512.3680045480257,447.11118881288087,482,232891.51588699018,37904783.52087863,6181,22.65548995397386,5.092506115516656,1.0,418.3631927433904,0.1239246582452188,64,18.83186633331087
177,4528,439.854373077741,4520.743184264857,447.11118881288087,439.8543730777364,494,232725.29850738985,38137508.81938602,5984,15.939455817115956,1.4053993698673963,2.0,420.509517890753,0.09930431641606882,65,19.13940330505263
178,4627,449.80440510848075,4636.950032030747,439.8543730777364,449.8044051084803,490,233069.99233738944,38370578.81172341,6066,33.42141701750706,0.0,0.0,416.38298809097364,0.09486527476683565,66,18.5842674620324
179,4624,462.7544371392232,4636.950032030747,449.8044051084803,462.75443713922397,519,233565.4900191389,38604144.30174255,6156,40.13094124052199,0.0,0.0,422.6234958987022,0.09370151613734198,67,18.546200136474788
180,4375,446.92604696912895,4359.171609829902,462.75443713922397,446.9260469691275,515,227273.12447335967,38831417.42621592,5909,0.0,0.0,0.0,446.9260469691275,0.09755182266788809,68,18.48547082018347
181,4359,447.09765679903285,4359.171609829902,446.9260469691275,447.09765679903114,521,227646.86894435738,39059064.29516027,5686,6.455533043047471,0.0,0.0,440.6421237559838,0.09268614365678779,69,19.162438957157757
182,4424,476.327652096199,4453.229995297164,447.09765679903114,476.32765209620146,531,230896.35080490093,39289960.645965174,5768,51.40477587386138,14.353629441486092,0.0,410.5692467808539,0.09879738053599126,70,20.30977812394108
183,4382,547.5576473933679,4453.229995297164,476.32765209620146,547.5576473933704,610,229216.63004123393,39519177.27600641,5793,126.14372381361001,13.86500458723468,1.0,406.54891899252556,0.0967725174182331,71,21.656807924030286
184,4511,624.241416663097,4587.683769269729,547.5576473933704,624.2414166630972,681,237551.36886006632,39756728.644866474,5974,189.27225803070317,21.570780229372062,3.0,410.3983784030208,0.12053376324029362,72,21.82375786970303
185,4577,634.9251859328269,4587.683769269729,624.2414166630972,634.9251859328215,718,238648.5340975579,39995377.17896403,6100,196.42733385656973,29.276555871509444,0.0,409.2212962047416,0.12750838751278085,73,22.431545701877084
186,4432,586.9055119852856,4383.980326052468,634.9251859328215,586.9055119852848,705,238616.92365367085,40233994.1026177,5941,131.33486379476759,25.310185334008295,1.0,429.26046285650864,0.15182470379523794,74,24.05409737917129
187,4356,614.8858380377496,4383.980326052468,586.9055119852848,614.8858380377484,782,236948.85825500358,40470942.96087271,5859,195.74346836542327,1.3438147965071465,0.0,417.7985548758182,0.12771556939397127,75,26.19151445722839
188,4037,553.054664270252,3975.1688262325088,614.8858380377484,553.0546642702535,777,233802.43424321312,40704745.39511592,5535,127.86660350940524,0.10762990273477158,1.0,424.0804308581143,0.15152793228441172,76,27.260973661401678
189,3948,580.2234905027617,3975.1688262325088,553.0546642702535,580.2234905027603,804,229356.16371113723,40934101.55882706,5291,150.1519993423728,0.0,0.0,430.0714911603867,0.14023316953424572,77,26.579903818896003
190,3396,462.58266554236616,3278.359175039606,580.2234905027603,462.58266554236553,745,214033.429561374,41148134.988388434,4679,42.597889255886244,0.0,0.0,419.9847762864791,0.16965219363108933,78,26.054351910126645
191,3237,503.9418405819715,3278.359175039606,462.58266554236553,503.9418405819718,766,210126.296035478,41358261.28442391,4325,76.18329085106078,0.0,0.0,427.75854973091106,0.11571459538540274,79,28.75376547680295
192,3278,475.6911615879062,3249.749321005932,503.9418405819718,475.6911615879056,652,211482.63632526563,41569743.92074917,4264,48.13943046044037,0.0,0.0,427.5517311274652,0.16859854225562382,80,26.836051918440905
193,3159,566.44048259384,3249.749321005932,475.6911615879056,566.440482593838,760,212533.86078574014,41782277.78153491,4207,145.40809146503253,0.0,0.0,421.0323911288062,0.15167021677245265,81,27.11948967726236
194,2319,439.3813900535165,2191.9409074596747,566.440482593838,439.3813900535168,758,190258.25197927313,41972536.03351419,3373,11.34206781307254,0.0,0.0,428.03932224044405,0.1954453339333404,82,28.531839856310885
195,2189,442.3222975131939,2191.9409074596747,439.3813900535168,442.3222975131942,662,182272.60886495153,42154808.642379135,3053,13.462804093942943,0.0,0.0,428.85949341925135,0.14968590351577596,83,32.60137982910166
196,1336,432.4703648927714,1326.1480673795788,442.3222975131942,432.470364892774,681,163959.124887414,42318767.76726655,2219,0.0,0.0,0.0,432.470364892774,0.22821922087758967,84,34.813841074548684
197,1313,445.6184322723509,1326.1480673795788,432.470364892774,445.6184322723539,620,159079.77138375942,42477847.53865031,2110,0.0,0.0,0.0,445.6184322723539,0.21067835961709214,85,40.913114699029165
198,748,442.4166349167208,744.7982026443678,445.6184322723539,442.41663491672216,618,145450.36837422583,42623297.90702454,1544,0.0,0.0,0.0,442.41663491672216,0.33470715997883665,86,44.93232537579227
199,753,434.2148375610891,744.7982026443678,442.41663491672216,434.21483756108944,596,144552.1646066807,42767850.07163122,1469,0.0,0.0,0.0,434.21483756108944,0.39441022094457784,87,51.21255045126557
200,617,425.4121370685168,608.197299507427,434.21483756108944,425.4121370685169,576,141732.5112411818,42909582.582872406,1326,0.0,0.0,0.0,425.4121370685169,0.5931286503142943,88,51.847078049996405
201,613,420.6094365759443,608.197299507427,425.4121370685169,420.6094365759443,569,141796.78601362486,43051379.36888603,1278,0.0,0.0,0.0,420.6094365759443,0.4763762118885032,89,55.88749346187561
202,1273,426.19505585229444,1278.585619276351,420.6094365759443,426.1950558522956,506,156954.61310675618,43208333.98199279,1874,0.0,0.0,0.0,426.1950558522956,0.3940692977048553,90,61.65338110887774
203,1281,423.7806751286457,1278.585619276351,426.1950558522956,423.7806751286463,535,158866.9328447242,43367200.91483751,1870,0.0,0.0,0.0,423.7806751286463,0.3143677937908165,91,72.35320789150381
204,1948,435.63491847203204,1959.8542433433818,423.7806751286463,435.6349184720297,500,174042.22437956528,43541243.13921707,2498,0.0,0.0,0.0,435.6349184720297,0.2682062387981055,92,69.88124828588413
205,1950,445.4891618154152,1959.8542433433818,435.6349184720297,445.4891618154138,509,173042.53350676026,43714285.67272383,2558,3.7072998624891733,0.0,0.0,441.7818619529246,0.18693073667591506,93,75.91217661012496
206,2589,537.0829516116828,2680.593789796274,445.4891618154138,537.0829516116888,592,189812.80386861297,43904098.476592444,3275,124.16302434044054,1.7963161679427913,1.0,410.12361110330494,0.27791121848932626,94,64.01961040803079
207,2691,526.6767414079582,2680.593789796274,537.0829516116888,526.676741407964,739,201919.16841821634,44106017.64501066,3652,109.40391129960713,8.48357676864362,0.0,408.7892533397129,0.2404013169047032,95,57.59113312694875
208,3569,642.3702611541721,3684.693519746208,526.676741407964,642.3702611541695,782,218593.40332710303,44324611.04833776,4576,240.80069801323418,9.193448976234372,3.0,389.3761141647023,0.17715965202161593,96,49.22547498403573
209,3709,618.0637809003747,3684.693519746208,642.3702611541695,618.0637809003791,778,223275.78277918592,44547886.831116945,4958,191.4791250401265,37.30179505202709,3.0,386.2828608082247,0.20246931184515923,84,42.386753517321196
210,4141,537.8600636141491,4060.796282713779,618.0637809003791,537.8600636141564,672,234398.54783864797,44782285.378955595,5321,77.12596524764834,35.210401440456366,6.0,419.5236969260517,0.1693019648917246,85,36.41788492542976
211,4082,516.6563463279281,4060.796282713779,537.8600636141564,516.6563463279338,638,230534.28083305954,45012819.65978865,5435,13.901760685086623,57.20855218047828,12.0,433.54603346236854,0.15691394505348422,86,31.459373155710274
212,4204,521.1746169892585,4208.518270661327,516.6563463279338,521.1746169892613,668,230865.27309949952,45243684.93288815,5608,28.945376164970387,54.103140164190954,2.0,436.1261006600998,0.14077326441890414,87,27.97735508932255
213,4258,471.6928876505863,4208.518270661327,521.1746169892613,471.69288765058775,596,229403.75217028853,45473088.68505844,5621,17.033174843309816,23.39146186963599,1.0,430.26825093764205,0.12646869372488187,88,25.740183987106857
214,4331,474.0991722162926,4333.406284565702,471.69288765058775,474.09917221629314,563,227655.0869900129,45700743.77204845,5679,28.431600908681702,6.545048181660462,1.0,438.1225231259509,0.10247371021138955,89,25.866252748555144
215,4368,439.50545678199796,4333.406284565702,474.09917221629314,439.505456781999,506,226996.95278525242,45927740.724833705,5608,4.836034051426546,0.0,0.0,434.66942273057236,0.123192691329653,90,23.6658836547197
216,4500,480.83719879966975,4541.331742017668,439.505456781999,480.83719879967003,526,230698.5212711107,46158439.246104814,5762,20.772746702960383,22.305197163168323,2.0,435.7592549335414,0.10422904815034505,91,22.69642829794861
217,4580,442.1689408173406,4541.331742017668,480.83719879967003,442.16894081734074,498,232276.73638176735,46390715.98248658,5826,7.987917883488231,3.212031254830009,0.0,430.96899167902257,0.09436074800636371,92,23.72186989395348
218,4723,497.76986580683024,4778.600924989487,442.16894081734074,497.76986580683143,536,238249.66967661682,46628965.6521632,6048,28.93716701081054,32.34062176063066,5.0,431.49207703538997,0.1245811669095248,93,20.70419563838679
219,4839,437.37079079632167,4778.600924989487,497.76986580683143,437.3707907963208,478,239369.97946613844,46868335.63162934,6180,2.974211371120641,8.806881519120608,1.0,424.58969790607955,0.10799878063528913,94,20.68549013245618
220,4715,426.3460425068397,4703.975251710519,437.3707907963208,426.3460425068375,474,236026.57037254144,47104362.202001885,6113,0.0,0.0,5.41837258467929,420.92766992215826,0.0902333211734235,95,21.17948196370552
221,4695,435.3212942173559,4703.975251710519,426.3460425068375,435.3212942173533,492,235907.62443359572,47340269.826435484,6189,0.0,11.338998061231997,0.0,423.98229615612127,0.0889177612452645,96,21.78954813593502
222,4537,460.76016731944765,4562.438873102094,435.3212942173533,460.76016731944515,524,230996.43595443416,47571266.26238992,6055,3.7251049877707483,13.905561353063632,0.0,443.12950097861085,0.09251504461526584,97,22.622749185897735
223,4516,507.1990404215394,4562.438873102094,460.76016731944515,507.1990404215366,549,230556.51043020163,47801822.77282012,6186,27.5801749027706,50.605195303870886,0.0,429.0136702148953,0.10500985555407565,98,22.126539302687153
224,4560,467.942224686396,4520.743184264857,507.1990404215366,467.9422246863926,521,233843.32282979833,48035666.09564992,6204,22.92357173783213,13.89980670411748,0.0,431.1188462444427,0.11377615835358315,99,21.687599849676968
225,4555,433.6854089512517,4520.743184264857,467.9422246863926,433.6854089512487,480,232548.4870002867,48268214.58265021,5988,5.7206546100498405,0.0,0.0,427.9647543411988,0.09895850406953598,100,22.07036321338879
226,4606,464.63544098199327,4636.950032030747,433.6854089512487,464.63544098199145,518,233991.09037339216,48502205.6730236,6073,42.481349553652784,0.0,0.0,422.1540914283387,0.09685056813374353,101,21.26483527571793
227,4627,474.585473012733,4636.950032030747,464.63544098199145,474.58547301273535,523,234425.7550360583,48736631.42805965,6169,31.49214447207388,0.0,0.0,443.09332854066173,0.10309917530053629,102,20.185316171461157
228,4408,425.75708284264056,4359.171609829902,474.58547301273535,425.7570828426392,487,228370.55268061074,48965001.980740264,5909,0.0,0.0,0.0,425.7570828426392,0.11048693250862598,103,19.945438543789958
229,4352,432.92869267254355,4359.171609829902,425.7570828426392,432.92869267254304,520,228121.78850080547,49193123.76924107,5695,6.363820146730465,0.0,0.0,426.56487252581263,0.09360412109861506,104,21.86395834513217
230,4404,482.1586879697097,4453.229995297164,432.92869267254304,482.1586879697128,573,231125.849986769,49424249.61922784,5789,43.61948380695413,15.483784683449343,0.0,423.05541947930897,0.1008623183162558,105,21.371917091372364
231,4420,515.3886832668786,4453.229995297164,482.1586879697128,515.3886832668828,595,230309.45529900226,49654559.07452685,5811,96.2428343514443,8.995159829197931,1.0,409.15068908624056,0.10375530544352471,106,19.935256135379355
232,4497,606.0724525366095,4587.683769269729,515.3886832668828,606.0724525366071,684,236535.80700320523,49891094.881530054,5971,169.06458081286095,21.700935471335313,0.0,415.30693625241156,0.10730088611657636,107,20.359577005842606
233,4567,626.7562218063358,4587.683769269729,606.0724525366071,626.7562218063326,720,239220.32800846256,50130315.20953852,6100,182.6008110370417,26.406711113472696,0.0,417.7486996558182,0.12168656963847727,108,20.146589905960855
234,4445,565.7365478587963,4383.980326052468,626.7562218063326,565.7365478587964,700,238688.84303624262,50369004.05257476,5943,123.71668143948402,23.440340575971547,0.0,418.5795258433402,0.14132225010595748,109,21.95524994494263
235,4321,628.7168739112612,4383.980326052468,565.7365478587964,628.7168739112602,757,235059.71797714106,50604063.770551905,5800,203.87996716038467,1.473970038470398,0.0,423.36293671240526,0.1196687487104135,110,22.468922337399288
236,4065,538.8857001437636,3975.1688262325088,628.7168739112602,538.885700143765,752,231069.9378758698,50835133.70842777,5518,124.11869969962474,0.0,0.0,414.7670004441401,0.1594957176333871,111,23.309051133643322
237,3977,537.0545263762733,3975.1688262325088,538.885700143765,537.0545263762708,736,231099.52153206494,51066233.22995984,5252,114.8616129189505,0.0,0.0,422.1929134573207,0.1539749417452035,112,22.213190749988758
238,3315,500.4137014158764,3278.359175039606,537.0545263762708,500.4137014158773,835,214856.44488849316,51281089.67484833,4699,79.18097249844561,0.0,0.0,421.2327289174316,0.12826057745575906,113,25.2456491969469
239,3249,529.7728764554827,3278.359175039606,500.4137014158773,529.7728764554836,799,211094.7680565364,51492184.44290487,4373,83.64438010902305,0.0,0.0,446.1284963464605,0.1383200825220625,114,27.855678834494306
240,3286,493.5221974614178,3249.749321005932,529.7728764554836,493.5221974614171,675,214170.38954953832,51706354.832454406,4292,58.72307844259291,0.0,0.0,434.79911901882423,0.16824226989700453,115,28.530499647583692
241,3146,597.2715184673511,3249.749321005932,493.5221974614171,597.2715184673499,834,213541.5578778638,51919896.39033227,4265,178.75358332773638,0.0,5.51376543240577,413.0041697072075,0.15324450081164387,116,28.348110626164015
242,2344,445.21242592702856,2191.9409074596747,597.2715184673499,445.21242592702805,760,192466.83066486532,52112363.22099713,3399,9.996018909379673,0.0,0.0,435.21640701764835,0.20980154278799437,117,30.27484844852247
243,2175,462.15333338670507,2191.9409074596747,445.21242592702805,462.1533333867065,698,182723.55557098807,52295086.77656812,3074,10.116755190250103,0.0,11.811694861333196,440.22488333512337,0.16305056954704245,118,32.99664775610691
244,1348,440.30140076628345,1326.1480673795788,462.1533333867065,440.3014007662858,657,163089.75562783057,52458176.532195956,2207,0.0,0.0,0.0,440.3014007662858,0.23833269098714738,119,34.83154799087399
245,1328,438.44946814586297,1326.1480673795788,440.3014007662858,438.4494681458653,600,158672.8792558526,52616849.41145181,2100,0.0,0.0,0.0,438.4494681458653,0.24444859856764906,120,38.90002543631631
246,745,438.2476707902324,744.7982026443678,438.4494681458653,438.247670790233,613,145395.29656863745,52762244.70802045,1534,0.0,0.0,0.0,438.247670790233,0.2820321778024555,121,44.522599769765954
247,742,441.0458734345998,744.7982026443678,438.247670790233,441.045873434601,588,144393.6468125393,52906638.354832985,1455,0.0,0.0,0.0,441.045873434601,0.36763059325710873,122,51.97928410313436
248,612,437.24317294202797,608.197299507427,441.045873434601,437.2431729420277,595,142695.83623968926,53049334.19107267,1334,0.0,0.0,0.0,437.2431729420277,0.5299483991152583,123,54.25734509659825
249,608,437.440472449455,608.197299507427,437.2431729420277,437.44047244945506,587,142239.8273748982,53191574.01844757,1292,0.0,0.0,0.0,437.44047244945506,0.4758622778520593,124,57.03189213440953
250,1273,443.0260917258056,1278.585619276351,437.44047244945506,443.0260917258068,527,157355.3689877684,53348929.38743534,1900,0.0,0.0,0.0,443.0260917258068,0.4218265909607914,125,62.74319911239733
251,1282,439.6117110021569,1278.585619276351,443.0260917258068,439.61171100215745,557,159945.06870197668,53508874.456137314,1899,0.0,0.0,0.0,439.61171100215745,0.3418688315990422,126,76.20735091198891
252,1954,445.4659543455432,1959.8542433433818,439.61171100215745,445.4659543455416,510,173827.80877223916,53682702.26490955,2510,0.0,0.0,0.0,445.4659543455416,0.257910768340869,127,75.95525361797228
253,1964,441.32019768892724,1959.8542433433818,445.4659543455416,441.3201976889251,494,173335.53154429485,53856037.79645385,2557,2.0209107814558696,0.0,0.0,439.2992869074692,0.236413509972848,128,76.99134415922818
254,2542,579.9139874851944,2680.593789796274,441.3201976889251,579.9139874851998,655,190110.4992558314,54046148.29570968,3295,168.88624033234646,6.926471409906043,0.0,404.1012757429478,0.22364509706747351,129,68.66375556401675
255,2679,581.5077772814693,2680.593789796274,579.9139874851998,581.5077772814764,778,200084.65350409478,54246232.94921377,3672,160.93164441996285,10.855318348927923,1.0,408.7208145125845,0.21491511881691644,130,67.54713124039321
256,3593,673.2012970276837,3684.693519746208,581.5077772814764,673.2012970276829,801,220865.84081633796,54467098.790030114,4599,283.5378425748146,0.0,0.0287744354040953,389.6346800174639,0.24028822050874973,131,50.42560212694599
257,3767,590.8948167738899,3684.693519746208,673.2012970276829,590.8948167738902,742,227496.99153845076,54694595.781568564,5041,132.32282241463804,44.06304131625274,0.0,414.5089530429986,0.19830501612346252,132,46.21939628002464
258,4091,560.6910994876616,4060.796282713779,590.8948167738902,560.6910994876678,714,234115.51932140306,54928711.30088997,5299,102.8161081031578,49.070964365297584,0.0,408.80402701921196,0.17184458217828863,133,38.59334278548883
259,4128,493.4873822014388,4060.796282713779,560.6910994876678,493.4873822014457,615,229111.64814017338,55157822.94903014,5479,21.0218066821455,23.72584835662404,3.0,445.7397271626761,0.17633036308092828,134,32.95176366134783
260,4232,470.00565286277106,4208.518270661327,493.4873822014457,470.0056528627723,594,229325.34933643063,55387148.29836657,5550,28.231517897396493,11.736041559888193,0.0,430.03809340548764,0.1201045612589555,135,31.011983390163774
261,4213,465.5239235240979,4208.518270661327,470.0056528627723,465.5239235240992,595,228010.25580839496,55615158.55417497,5592,33.530584779493914,25.926736819376288,0.4664588860576693,405.6001430391714,0.10718004756278991,136,29.23635206980022
262,4314,484.9302080898033,4333.406284565702,465.5239235240992,484.9302080898045,588,227902.01781108795,55843060.57198606,5649,49.73880515977956,1.7378980085788953,0.0,433.45350492144644,0.11259415254250024,137,28.593702434591087
263,4364,454.33649265550866,4333.406284565702,484.9302080898045,454.33649265551014,520,226222.65490286658,56069283.226888925,5601,15.27907209484094,3.549059197781503,0.0,435.5083613628876,0.11027919085270314,138,27.78529443936302
264,4523,472.66823467318045,4541.331742017668,454.33649265551014,472.6682346731819,507,230559.07177619782,56299842.29866512,5759,12.554453197982525,18.37698232722629,0.0,441.736799147973,0.10364606277955352,139,27.19755414414753
265,4546,467.99997669085224,4541.331742017668,472.6682346731819,467.99997669085184,518,231824.4598090069,56531666.75847413,5829,7.770558546590179,7.204905456671078,2.0,451.02451268759063,0.10034367559445001,140,26.934451509043466
266,4768,478.60090168034003,4778.600924989487,467.99997669085184,478.6009016803423,502,237513.07849562212,56769179.83696975,6033,34.38470093271524,22.1026922091136,0.0,422.11350853851343,0.11547862962208302,141,25.5719159912976
267,4787,470.20182666983055,4778.600924989487,478.6009016803423,470.20182666983294,517,238572.29607123468,57007752.13304098,6203,12.669056801234682,9.93703676108386,2.0,445.59573310751466,0.11394380840443225,142,24.14057769863586
268,4744,430.1770783803504,4703.975251710519,470.20182666983294,430.1770783803485,474,237334.2814857653,57245086.414526746,6091,0.0,0.0,0.0,430.1770783803485,0.10323695503777086,143,24.074274633168663
269,4685,449.1523300908666,4703.975251710519,430.1770783803485,449.15233009086495,493,236023.8441530486,57481110.25867979,6192,0.0,12.16950593171265,2.0,434.9828241591521,0.08253672180686245,144,26.35949728190457
270,4568,443.59120319295926,4562.438873102094,449.15233009086495,443.5912031929564,505,231805.41592449503,57712915.67460429,6071,5.734405425005916,17.035716595026884,1.0,419.8210811729235,0.10011682467665076,145,25.57869955157046
271,4498,508.030076295051,4562.438873102094,443.5912031929564,508.0300762950485,546,230198.89922383334,57943114.57382812,6166,27.041264160732805,45.83763740971338,1.0,434.15117472460247,0.09187822061578294,146,26.010011431628232
272,4569,459.7732605599076,4520.743184264857,508.0300762950485,459.7732605599042,491,234005.35073415906,58177119.92456228,6170,13.283145071281727,9.352816599443159,2.0,435.1372988891792,0.1374870534253939,147,22.239506750567546
273,4522,458.5164448247633,4520.743184264857,459.7732605599042,458.51644482475984,512,232476.09015469352,58409596.014716975,5999,15.810770999774597,0.0,1.6657098537938992,441.0399639711914,0.11600161350191757,148,19.60198098130898
274,4639,456.46647685550124,4636.950032030747,458.51644482475984,456.46647685550323,499,233755.94224614502,58643351.95696312,6080,35.724145306637325,0.0,0.0,420.74233154886605,0.10377997265477959,149,18.999663904367768
275,4639,454.4165088862446,4636.950032030747,456.46647685550323,454.41650888624787,505,234964.48512644062,58878316.442089565,6167,15.94608078339721,0.0,0.0,438.47042810285046,0.09329913919993525,150,19.62449854306269
276,4379,434.5881187161531,4359.171609829902,454.41650888624787,434.5881187161506,493,227345.98190330266,59105662.423992865,5894,3.0283427714323494,0.0,0.0,431.55977594471824,0.10310900500257646,151,19.47918694439923
277,4353,440.75972854605607,4359.171609829902,434.5881187161506,440.75972854605374,508,226764.1032378933,59332426.527230754,5690,7.665221127596032,0.0,0.0,433.0945074184577,0.0932361373981507,152,20.189967314917585
278,4411,482.9897238432213,4453.229995297164,440.75972854605374,482.98972384322457,583,231965.3181902456,59564391.845421,5793,48.83419174004669,9.613939925412595,1.0,423.5415921777648,0.09554437562668956,153,20.762033606638166
279,4380,556.2197191403902,4453.229995297164,482.98972384322457,556.2197191403939,640,230561.4092490059,59794953.25467001,5802,116.34194488927868,16.125315071161182,1.0,422.7524591799537,0.10681685645082888,154,21.458647548034907
280,4557,586.9034884101211,4587.683769269729,556.2197191403939,586.9034884101188,668,238139.73299517288,60033092.987665184,6019,154.80507212675425,19.831090713298565,1.0,411.2673255700659,0.12047346432272703,155,21.34028042666594
281,4537,637.5872576798474,4587.683769269729,586.9034884101188,637.5872576798456,759,240820.39327457506,60273913.38093976,6100,198.30257280315664,22.536866355435947,2.0,414.7478185212513,0.12939139721102466,156,21.214504668497298
282,4437,584.5675837323097,4383.980326052468,637.5872576798456,584.5675837323076,699,236237.73160187504,60510151.11254163,5939,141.95947719246854,16.5704958179348,1.0,425.03761072190485,0.1416375859109353,157,21.86120452894398
283,4365,603.5479097847729,4383.980326052468,584.5675837323076,603.547909784772,750,235515.32364878524,60745666.43619042,5849,193.10260783307933,7.604125280433649,0.0,402.8411766712586,0.124364616640728,158,23.225169702470037
284,4047,531.7167360172762,3975.1688262325088,603.547909784772,531.7167360172764,740,232094.38533526676,60977760.821525685,5492,110.75759443045432,0.0,0.0,420.95914158682245,0.15375042250741475,159,23.851986782109883
285,3917,589.8855622497858,3975.1688262325088,531.7167360172764,589.8855622497821,765,227335.70642382096,61205096.527949505,5226,173.6335642837785,0.14161190470453278,2.0,414.1103860612988,0.1274800537704874,160,25.923447618605312
286,3341,527.244737289388,3278.359175039606,589.8855622497821,527.2447372893887,847,216826.7942686453,61421923.32221815,4721,101.60007532192947,0.0,0.0,425.64466196745906,0.15430352158116656,161,27.05754342035698
287,3281,524.6039123289943,3278.359175039606,527.2447372893887,524.6039123289952,797,210361.24272427522,61632284.56494243,4410,105.56175318125626,0.0,0.0,419.0421591477386,0.13395131219079473,162,30.16338112952785
288,2838,426.4444289637954,2739.8405166347993,524.6039123289952,426.44442896379354,613,202806.17793218006,61835090.74287461,3781,0.0,0.0,0.0,426.44442896379354,0.2407189888379089,163,27.70126659467035
289,2712,454.2849455985929,2739.8405166347993,426.44442896379354,454.28494559859314,696,203139.7055415177,62038230.44841613,3697,33.59336107169124,0.0,0.0,420.6915845269016,0.17436660388419498,164,26.622493061384247
290,1765,431.2834562891585,1741.9985106905635,454.28494559859314,431.2834562891578,696,176874.65391341492,62215105.102329545,2758,0.0,0.0,0.0,431.2834562891578,0.18452637297268182,165,28.28639753459153
291,1748,425.2819669797227,1741.9985106905635,431.2834562891578,425.28196697972436,624,172152.08945018705,62387257.19177973,2579,0.0,0.0,0.0,425.28196697972436,0.20089250966332978,166,30.27427729553615
292,923,431.22797253826866,928.9460055585457,425.28196697972436,431.2279725382701,623,150368.50296808855,62537625.69474782,1760,0.0,0.0,0.0,431.2279725382701,0.2454950899679545,167,33.22192805375248
293,917,443.17397809681415,928.9460055585457,431.2279725382701,443.1739780968154,587,147473.3225599698,62685099.01730779,1649,0.0,0.0,0.0,443.1739780968154,0.25665429261319156,168,39.06239551755098
294,510,438.62126841385873,505.44729031704264,443.1739780968154,438.62126841385776,568,137427.41244121894,62822526.429749005,1226,0.0,0.0,0.0,438.62126841385776,0.3643123303754894,169,44.60802514624262
295,505,439.06855873090115,505.44729031704264,438.62126841385776,439.0685587309009,561,135743.41950534435,62958269.84925435,1184,0.0,0.0,0.0,439.0685587309009,0.42603278395324284,170,53.839738850577476
296,467,432.20319920038514,460.1346404694832,439.0685587309009,432.20319920038406,524,134802.29894531582,63093072.14819966,1111,0.0,0.0,0.0,432.20319920038406,0.7599644031506115,171,55.35051206757347
297,457,435.33783966986823,460.1346404694832,432.20319920038406,435.33783966986687,520,133114.04314437177,63226186.19134404,1059,0.0,0.0,0.0,435.33783966986687,0.5341724852316078,172,61.28029879142055
298,1216,440.0595280645048,1220.7216883946387,435.33783966986687,440.05952806450614,473,154961.3869163029,63381147.57826034,1766,0.0,0.0,0.0,440.05952806450614,0.49106161610047766,173,68.49479800842339
299,1220,440.78121645914393,1220.7216883946387,440.05952806450614,440.78121645914587,515,158644.7695471774,63539792.34780752,1781,0.0,0.0,0.0,440.78121645914587,0.40938873105786616,174,81.14109161236017
300,2600,480.7004604395047,2639.9192439803587,440.78121645914587,480.70046043950396,520,197733.27077766927,63737525.61858519,3169,57.865999656436536,0.0,0.0,422.8344607830673,0.3355012534102996,175,65.45399852598192
301,2586,534.6197044198648,2639.9192439803587,480.70046043950396,534.6197044198631,555,195522.6587227236,63933048.27730791,3297,118.75222468754266,0.0,0.0,415.8674797323208,0.23432893094874588,176,59.04438823023906
302,3215,785.0968049219191,3465.477100502056,534.6197044198631,785.0968049219204,1016,225406.3768756069,64158454.65418352,4390,400.88772996520385,0.0,0.0,384.20907495671713,0.26923429286009376,177,40.898255429940086
303,3494,756.573905423973,3465.477100502056,785.0968049219204,756.5739054239774,800,226129.7301858625,64384584.38436938,5326,143.70617358924318,186.1892532048881,8.957657613474241,417.7208210163716,0.26072397995766844,178,34.59892965636501
304,3955,705.4812969114873,3903.9073914875034,756.5739054239774,705.4812969114838,979,249916.14516807493,64634500.529537454,5961,174.4060886989365,114.49485950522634,5.0,411.5803487073215,0.2288494691478078,179,26.14792389432609
305,4035,574.3886883989944,3903.9073914875034,705.4812969114838,574.388688398991,759,245974.6091825808,64880475.138720036,6295,49.19442698753346,101.526335435126,0.9993249326065708,422.6686010437258,0.20639282978363427,180,21.123826857695473
306,4592,663.171213585274,4680.782525186282,574.388688398991,663.1712135852794,827,255419.63709119355,65135894.77581123,6933,100.09084938451122,125.02679657422544,2.0,436.05356762654225,0.1587677996037436,181,16.643938805829997
307,4839,504.9537387715636,4680.782525186282,663.1712135852794,504.9537387715662,670,257129.4238635458,65393024.19967478,6588,25.995356272443193,44.609179596847554,0.0,434.34920290227564,0.1541459319327537,182,14.040808139127675
308,4742,474.04613179976604,4711.092393028192,504.9537387715662,474.0461317997554,651,246044.4895344301,65639068.68920921,6465,28.365731485754154,2.7898244076249483,0.0,442.89057590637634,0.10975753062350069,183,12.08115777945345
309,4757,428.1385248279548,4711.092393028192,474.0461317997554,428.1385248279445,566,244618.82992253648,65883687.51913174,6227,4.109900511906052,0.0,0.0,424.02862431603853,0.10748653012923044,184,9.976831239610993
310,4551,430.5801983767624,4553.441673548824,428.1385248279445,430.58019837676875,544,234117.92896194686,66117805.44809369,5969,0.0,0.0,0.0,430.58019837676875,0.09663756189132297,185,9.335050729264651
311,4561,423.0218719255863,4553.441673548824,430.58019837676875,423.0218719255941,506,233008.95227625303,66350814.40036994,5788,0.0,0.0,0.0,423.0218719255941,0.0906318304702197,186,9.208919505874457
312,4612,434.8424857358332,4623.820613810241,423.0218719255941,434.84248573583324,514,237044.9762422844,66587859.37661222,5823,0.0,2.499974328530323,4.0,428.342511407303,0.08842459461562323,187,10.46328913302666
313,4620,438.6630995460728,4623.820613810241,434.84248573583324,438.663099546073,509,237414.60671445954,66825273.98332668,5823,2.71707365135162,0.0,0.0,435.9460258947214,0.09033744591852551,188,11.58588057647151
314,5003,503.49171242514694,5067.828612879069,438.663099546073,503.4917124251403,541,245462.23836509226,67070736.22169177,6238,58.68124183801297,27.888213992215064,0.0,416.92225659491254,0.09222061105489841,189,10.854648373983888
315,5027,544.3203253042129,5067.828612879069,503.4917124251403,544.3203253042079,553,246732.66092812485,67317468.8826199,6609,15.308310746368228,90.71943968093636,1.0,437.292574876903,0.1106357710333691,190,10.495524115276464
316,5040,475.4430183615905,4971.12269305738,544.3203253042079,475.4430183615893,494,247514.87231588206,67564983.75493579,6544,10.443142586088806,37.25650542775859,2.0,425.74337034774186,0.10592606535051954,191,10.78173760997115
317,4923,523.5657114189717,4971.12269305738,475.4430183615893,523.5657114189703,547,247358.83110735155,67812342.58604313,6789,13.723853801046733,80.32188914251105,0.0,429.5199684754126,0.09076529062572046,192,12.465626569522525
318,4875,463.30714213711144,4814.7414307181425,523.5657114189703,463.3071421371142,525,243854.2432451571,68056196.82928829,6684,8.083467643910353,0.0,0.0,455.22367449320365,0.10743224836975894,193,12.652078468765263
319,4796,482.04857285525486,4814.7414307181425,463.3071421371142,482.0485728552581,522,243841.03223686622,68300037.86152515,6614,44.85019151863012,14.39920931532103,3.7925493309491998,419.0066226903576,0.12567943815703125,194,11.797038940581615
320,4585,440.99933798485836,4543.950765129598,482.0485728552581,440.9993379848558,482,238315.04083092473,68538352.90235607,6388,10.6402423253199,0.0,0.0,430.35909565953585,0.10714115420538213,195,11.517357856819915
321,4494,490.95010311445367,4543.950765129598,440.9993379848558,490.95010311445395,527,238007.47135856657,68776360.37371464,6414,44.18273719889372,3.902702064929528,1.0,441.8646638506303,0.09435303681759583,196,12.19825270442079
322,4207,422.8284342168763,4138.878331102425,490.95010311445395,422.82843421687954,472,231225.96213286722,69007586.33584751,6051,0.0,0.0,0.0,422.82843421687954,0.12097377404981785,197,11.250724717809542
323,4035,526.7067653193017,4138.878331102425,422.82843421687954,526.706765319305,561,227973.35906647652,69235559.69491398,6275,19.470290740451503,71.41247426552958,0.0,435.824000313324,0.0977087480437416,198,11.54333328533767
324,4089,503.8012513357071,4066.0944860164036,526.706765319305,503.80125133570925,556,229324.28020240687,69464883.97511639,6295,60.144228647126695,10.18611268843182,0.8249898313299546,432.64592016882057,0.1280036933898689,199,10.660356833692322
325,4100,469.8957373521107,4066.0944860164036,503.80125133570925,469.895737352113,530,228823.6332791044,69693707.60839549,6197,16.14454663565658,2.0825430486471603,4.0,447.66864766780907,0.12113516853297884,200,10.393844449753887
326,4382,642.2770143415337,4554.381276989425,469.895737352113,642.277014341535,683,242044.18452330446,69935751.79291879,6617,108.41017995708512,116.55425504521246,3.0,414.3125793392384,0.10884697138760886,201,9.738046410731162
327,4612,584.6582913309576,4554.381276989425,642.277014341535,584.6582913309591,610,238824.30235763677,70174576.09527643,6246,159.58133642128712,3.481664640716872,1.9329976303469172,419.662292638608,0.13329252853187837,202,10.195333588209783
328,4688,713.4462598809469,4816.787968549991,584.6582913309591,713.44625988095,759,249799.97480899727,70424376.07008542,6450,269.861623515878,32.894330549100026,0.0,410.6903058159722,0.1213657396621083,203,9.548203793705808
329,4770,760.234228430938,4816.787968549991,713.44625988095,760.2342284309398,804,257821.3018500084,70682197.37193543,6467,339.5497788230417,13.420055170704586,0.7680095925520654,406.4963848446423,0.15219579473024258,204,10.785516709607755
330,4799,712.7741426080966,4751.539914177154,760.2342284309398,712.7741426080897,760,254793.35769933448,70936990.72963476,6445,319.5250007742231,1.4989306450977011,0.0,391.75021118877027,0.1706924172819878,205,8.642044208504643
331,4719,745.3140567852461,4751.539914177154,712.7741426080897,745.3140567852407,797,255199.27628977262,71192190.00592454,6318,328.4987860243727,5.577806119490816,1.0,410.2374646413778,0.13087851873013667,206,10.132174246054003
332,4402,699.9658119063133,4356.651755121068,745.3140567852407,699.9658119063118,801,254285.42431537982,71446475.43023992,5996,279.9330586975145,0.0,0.0,420.0327532087977,0.1933737592910428,207,8.674598897043527
333,4291,765.6175670273851,4356.651755121068,699.9658119063118,765.6175670273825,984,257131.9401403641,71703607.37038028,5825,350.7422914675128,3.816768574971263,0.0,411.05850698489934,0.1557396809226712,208,9.82113973920128
334,3765,654.2958737962645,3653.678306768883,765.6175670273825,654.2958737962649,964,235701.83615303462,71939309.20653331,5271,238.51406908726915,2.692671176622838,0.0,413.0891335323741,0.18707798260438546,209,10.516475224338297
335,3736,571.9741805651465,3653.678306768883,654.2958737962649,571.9741805651489,963,233181.84391603098,72172491.05044934,4964,153.09321820518133,0.0,0.0,418.8809623599679,0.14921301180217902,210,11.604312054413516
336,2873,438.8146971999495,2739.8405166347993,571.9741805651489,438.8146971999475,773,212064.70743514932,72384555.75788449,3907,0.0,0.0,0.0,438.8146971999475,0.19762515514156515,211,13.248765409946525
337,2733,445.6552138347465,2739.8405166347993,438.8146971999475,445.6552138347461,665,202619.238899826,72587174.99678431,3687,8.01435175971199,0.0,0.0,437.64086207503414,0.15276306154324196,212,14.084594365410414
338,1749,438.6537245253112,1741.9985106905635,445.6552138347461,438.65372452531255,719,177168.9340658153,72764343.93085013,2755,0.0,0.0,0.0,438.65372452531255,0.17940603885683476,213,16.478898615037618
339,1740,440.6522352158772,1741.9985106905635,438.65372452531255,440.6522352158784,629,171575.59671546987,72935919.5275656,2578,0.0,0.0,0.0,440.6522352158784,0.18957629352136834,214,19.769419839872857
340,940,429.5982407744225,928.9460055585457,440.6522352158784,429.5982407744227,630,151942.55158277758,73087862.07914838,1783,0.0,0.0,0.0,429.5982407744227,0.2704083382475376,215,23.30473031139411
341,920,438.54424633296685,928.9460055585457,429.5982407744227,438.54424633296856,595,149053.52080787352,73236915.59995626,1668,0.0,0.0,0.0,438.54424633296856,0.2961153701485625,216,29.868646664708177
342,505,438.9915366500119,505.44729031704264,438.54424633296856,438.9915366500115,589,138269.4542595998,73375185.05421586,1240,0.0,0.0,0.0,438.9915366500115,0.3933585141884921,217,35.98813888533024
343,521,423.438826967055,505.44729031704264,438.9915366500115,423.43882696705424,535,135922.92155646245,73511107.97577232,1177,0.0,0.0,0.0,423.43882696705424,0.5119875524671545,218,45.75589823437204
344,451,432.5734674365385,460.1346404694832,423.43882696705424,432.57346743653727,521,133692.03765633397,73644800.01342866,1089,0.0,0.0,0.0,432.57346743653727,0.6995109244814236,219,49.20988459081796
345,459,433.7081079060215,460.1346404694832,432.57346743653727,433.7081079060212,516,133387.5852809947,73778187.59870966,1058,0.0,0.0,0.0,433.7081079060212,0.5268897146741841,220,56.71894832821157
346,1221,433.42979630065884,1220.7216883946387,433.7081079060212,433.4297963006594,488,156347.86165756034,73934535.46036722,1783,0.0,0.0,0.0,433.4297963006594,0.49348650565139957,221,65.47379021987629
347,1222,432.1514846952971,1220.7216883946387,433.4297963006594,432.1514846952981,530,160065.43175976165,74094600.89212698,1797,0.0,0.0,0.0,432.1514846952981,0.3600290100477586,222,78.78422180945107
348,2637,435.0707286756574,2639.9192439803587,432.1514846952981,435.07072867565864,474,197576.28115576587,74292177.17328274,3152,0.11609089739879372,0.0,0.0,434.9546377782598,0.31737876126454045,223,61.88014360736544
349,2584,490.98997265601747,2639.9192439803587,435.07072867565864,490.9899726560172,514,195652.39252093292,74487829.56580368,3260,78.77168742558104,0.0,0.0,412.21828523043627,0.22812856965702358,224,57.84878795109153
350,3182,774.4670731580736,3465.477100502056,490.9899726560172,774.4670731580741,1079,226366.24336168836,74714195.80916536,4408,385.6394422568022,0.0,2.149554203810716,386.6780766974613,0.20295105741449243,225,45.67451456613695
351,3635,604.9441736601266,3465.477100502056,774.4670731580741,604.9441736601299,741,230922.9302514875,74945118.73941685,5411,132.36625090050092,55.52321667765734,1.0,416.0547060819729,0.2454890744618532,226,36.051278224006765
352,3900,608.8515651476364,3903.9073914875034,604.9441736601299,608.8515651476376,879,246277.91752764466,75191396.6569445,5882,26.01751963699483,153.37248341733803,1.0,428.4615620933054,0.20122136563426007,227,26.96987637126454
353,3983,529.7589566351444,3903.9073914875034,608.8515651476376,529.7589566351447,706,242053.1746165172,75433449.83156101,6124,8.31957874017146,83.08857057740087,4.0,434.35080731757256,0.16487513812903837,228,21.259371572949053
354,4633,577.5414818214267,4680.782525186282,529.7589566351447,577.5414818214325,762,256646.131005051,75690095.96256606,6883,40.086800227795884,119.77250608303697,1.0,416.6821755106,0.1269174441501936,229,17.528428114715556
355,4771,487.3240070077154,4680.782525186282,577.5414818214325,487.3240070077206,653,254648.6351815475,75944744.59774761,6509,21.424627352100014,42.04243294100439,3.0,420.8569467146156,0.12771648179143524,230,15.074162388482902
356,4756,442.41640003591965,4711.092393028192,487.3240070077206,442.41640003590845,624,247418.3875172766,76192162.98526488,6433,16.96383298197633,0.0,0.0,425.4525670539321,0.10372152259288359,231,13.893052082757327
357,4710,443.50879306410843,4711.092393028192,442.41640003590845,443.5087930640981,590,242712.04693458075,76434875.03219946,6200,5.255594697782667,0.0,0.0,438.25319836631525,0.10403563238554338,232,11.649111535140054
358,4559,437.9504666129169,4553.441673548824,443.5087930640981,437.9504666129232,547,234481.72167169902,76669356.75387116,5965,0.0,0.0,0.0,437.9504666129232,0.0963506067787771,233,11.145159781505427
359,4565,426.39214016174174,4553.441673548824,437.9504666129232,426.39214016174725,519,234179.49521820724,76903536.24908936,5789,0.0,0.0,0.0,426.39214016174725,0.09731314211431773,234,10.484145075375881
360,4606,444.2127539719859,4623.820613810241,426.39214016174725,444.21275397198656,506,236264.32724699186,77139800.57633635,5837,0.39426163877280507,0.6536710596513231,0.0,443.16482127356244,0.08771087363971149,235,11.592638573520638
361,4635,433.0333677822264,4623.820613810241,444.21275397198656,433.0333677822262,509,238488.65464363009,77378289.23097998,5828,1.8627678372282686,0.0,0.0,431.17059994499795,0.0961724064151101,236,11.96855395801134
362,4994,506.86198066129964,5067.828612879069,433.0333677822262,506.86198066129424,557,245761.03235870812,77624050.26333869,6252,45.24890271189595,28.951038083909886,0.0,432.66203986548857,0.0793203849808042,237,13.45180029990339
363,5047,527.6905935403674,5067.828612879069,506.86198066129424,527.6905935403619,548,248290.8583213233,77872341.12166001,6598,27.29084977779609,69.86441689705777,8.248928489730972,422.28639837577686,0.10841782030644716,238,12.67277237524696
364,5045,453.813286597745,4971.12269305738,527.6905935403619,453.81328659774226,462,247015.75256111406,78119356.87422112,6548,7.151298480424555,12.51386906921222,1.0,433.1481190481058,0.1197183338854459,239,11.739533415129815
365,4897,527.9359796551244,4971.12269305738,453.81328659774226,527.9359796551231,560,245431.42681425202,78364788.30103537,6755,16.89045547133146,75.75670954532919,0.0,435.28881463846227,0.10192049719137566,57,13.28304189709327
366,4902,440.67741037326505,4814.7414307181425,527.9359796551231,440.6774103732668,495,245710.59258482454,78610498.8936202,6672,18.17947100474903,7.895849740781443,0.0,414.60208962773635,0.11963679526397517,48,12.606343011447189
367,4775,480.41884109140665,4814.7414307181425,440.6774103732668,480.4188410914111,529,242703.9244090637,78853202.81802925,6639,35.33666199334974,19.857305201858647,5.20763297630792,420.017240919895,0.08983933236738322,49,13.02604553521741
368,4581,443.36960622101105,4543.950765129598,480.4188410914111,443.36960622100895,489,238397.78672600788,79091600.60475527,6378,12.061233013340688,0.0,0.0,431.30837320766835,0.11245477639401025,50,11.965797585201077
369,4523,464.3203713506082,4543.950765129598,443.36960622100895,464.32037135060665,489,238140.71983293587,79329741.32458821,6394,42.60372788691447,7.691916570155865,2.0,412.0247268935365,0.10867307848491049,51,10.397850531465824
370,4175,428.1987024530299,4138.878331102425,464.32037135060665,428.198702453033,481,229431.80019584688,79559173.12478405,6052,0.0,0.0,0.0,428.198702453033,0.108345893285283,52,10.684939144606485
371,4039,528.0770335554544,4138.878331102425,428.198702453033,528.0770335554587,582,229491.9109205742,79788665.03570463,6273,14.891281428472254,74.42269878652843,3.0,435.7630533404583,0.09881072534445375,53,9.847751431363987
372,4125,469.1715195718607,4066.0944860164036,528.0770335554587,469.1715195718622,516,229791.83541519265,80018456.87111983,6299,55.632742253994635,3.215572055693876,6.0,404.3232052621737,0.1309266764636568,54,8.989085049441108
373,4068,467.2660055882643,4066.0944860164036,469.1715195718622,467.26600558826584,568,229501.84406017244,80247958.71518,6213,2.565537323677353,18.469540511649576,12.0,434.23092775293895,0.11251617236786428,55,8.673248392856133
374,4393,628.6472825776864,4554.381276989425,467.26600558826584,628.64728257769,656,239444.84749839167,80487403.56267838,6589,104.90956015606001,84.85306485743676,4.0,434.8846575641929,0.10133392745658067,56,8.142676573384794
375,4575,608.0285595671121,4554.381276989425,628.64728257769,608.028559567113,645,241104.74437642953,80728508.30705482,6239,184.37512442752654,2.2755117051808895,3.6351950658044245,417.7427283686014,0.1384843991101591,57,8.409658618122597
376,4694,730.8165281171005,4816.787968549991,608.028559567113,730.8165281171025,772,250477.58738739192,80978985.89444222,6474,306.591597298176,18.244706970174747,0.6154647804172271,405.3647590683357,0.13585101448477227,58,7.5278891551322635
377,4784,763.6044966670906,4816.787968549991,730.8165281171025,763.6044966670931,811,254667.25668829697,81233653.15113051,6478,348.71691683239396,12.213902235168604,3.5657671442513106,399.1079104552809,0.13396694310701415,59,8.744739499350068
378,4876,639.1444108442493,4751.539914177154,763.6044966670931,639.1444108442446,689,257664.52137521663,81491317.67250574,6465,200.10748925840113,18.29277770956172,2.756216548357301,417.98792732792424,0.1722682785738753,60,9.281439799506776
379,4650,740.6843250214015,4751.539914177154,639.1444108442446,740.6843250213948,804,257147.1698554433,81748464.84236118,6245,311.98319936352715,7.4933635793675535,7.908011131193888,413.2997509473063,0.13431968070678066,61,10.42716776391497
380,4328,769.3360801424678,4356.651755121068,740.6843250213948,769.3360801424668,916,251743.2339959191,82000208.0763571,6047,327.3880414383067,0.0,7.911901120100552,434.03613758405896,0.16579020406017136,62,10.095389342629964
381,4339,786.9878352635387,4356.651755121068,769.3360801424668,786.9878352635353,1043,263558.6562929379,82263766.73265004,5924,358.93605964866487,0.6106156394352809,5.160237143152457,422.28092283228403,0.17799487529623004,63,9.974455561141871
382,3784,656.6661420324172,3653.678306768883,786.9878352635353,656.6661420324207,1102,238103.64925927273,82501870.38190931,5418,222.4954288329896,0.0,3.921682449621663,430.24903074980756,0.17578656118235647,64,11.416739168800513
383,3727,583.344448801302,3653.678306768883,656.6661420324207,583.3444488013014,915,230200.14112075593,82732070.52303007,4913,159.19765125156198,0.0,8.142992289837636,416.00380525990244,0.17032495563360198,65,12.077038405630626
384,2891,432.1849654361017,2739.8405166347993,583.3444488013014,432.1849654361008,758,212869.32114188903,82944939.84417196,3911,0.0,0.0,0.0,432.1849654361008,0.20762597331771315,66,12.77271427352079
385,2739,433.0254820709001,2739.8405166347993,432.1849654361008,433.025482070899,697,203397.1467239384,83148336.9908959,3724,3.4353424477327232,0.0,0.0,429.59013962316635,0.1523166808551744,67,14.046688504958063
386,1744,431.0239927614639,1741.9985106905635,433.025482070899,431.0239927614654,705,177208.24777741765,83325545.23867331,2744,0.0,0.0,0.0,431.0239927614654,0.17396264494666108,68,16.49543101140636
387,1747,426.0225034520304,1741.9985106905635,431.0239927614654,426.02250345203123,628,171832.61364154285,83497377.85231486,2590,0.0,0.0,0.0,426.02250345203123,0.18176860821967017,69,20.15892758255544
388,924,430.9685090105754,928.9460055585457,426.02250345203123,430.96850901057763,677,154025.7174650923,83651403.56977995,1811,0.0,0.0,0.0,430.96850901057763,0.2602655755945535,70,22.74195107898369
389,919,440.9145145691218,928.9460055585457,430.96850901057763,440.91451456912284,616,148957.79472890025,83800361.36450885,1682,0.0,0.0,0.0,440.91451456912284,0.28139497168702016,71,28.08785760433474
390,510,436.36180488616617,505.44729031704264,440.91451456912284,436.3618048861653,603,139469.3310038864,83939830.69551274,1262,0.0,0.0,0.0,436.3618048861653,0.44369122285113294,72,33.90124185457514
391,496,445.8090952032088,505.44729031704264,436.3618048861653,445.8090952032084,566,135537.82039590535,84075368.51590864,1185,0.0,0.0,0.0,445.8090952032084,0.41340052141918987,73,43.591461521756074
392,466,439.9437356726926,460.1346404694832,445.8090952032084,439.94373567269105,538,135091.187606058,84210459.7035147,1117,0.0,0.0,0.0,439.94373567269105,0.6277540844299101,74,46.49689690122769
393,476,424.07837614217533,460.1346404694832,439.94373567269105,424.07837614217465,526,135615.43459820986,84346075.1381129,1084,0.0,0.0,0.0,424.07837614217465,0.6574992232538739,75,55.571682662770236
394,1224,420.80006453681244,1220.7216883946387,424.07837614217465,420.8000645368131,495,158104.47116959275,84504179.6092825,1793,0.0,0.0,0.0,420.8000645368131,0.5301207432677921,76,60.39423897526698
395,1223,418.52175293145115,1220.7216883946387,420.8000645368131,418.52175293145245,510,159556.88634344394,84663736.49562594,1778,0.0,0.0,0.0,418.52175293145245,0.3529708225684385,77,73.45288175254818
396,2643,415.440996911811,2639.9192439803587,418.52175293145245,415.44099691181174,448,196558.98437412118,84860295.48000006,3136,0.0,0.0,0.0,415.44099691181174,0.2982311719663404,78,61.926835256471975
397,2601,454.36024089217017,2639.9192439803587,415.44099691181174,454.36024089217034,530,197923.0571983183,85058218.53719838,3287,47.02548738142364,0.0,0.0,407.3347535107468,0.22181550614861864,79,53.59061980221917
398,3222,697.8373413942277,3465.477100502056,454.36024089217034,697.8373413942281,992,226992.3869724977,85285210.92417088,4374,298.39115454840083,0.0,0.0,399.4461868458269,0.22812198550801982,80,37.022308116610944
399,3522,641.3144418962838,3465.477100502056,697.8373413942281,641.314441896285,753,226685.59212399827,85511896.51629488,5328,110.94169817362248,110.93552341494882,0.0,419.43722030771295,0.22986891305716348,81,29.761869264372347
400,3903,642.2218333837927,3903.9073914875034,641.314441896285,642.2218333837926,868,242510.78277307824,85754407.29906796,5841,55.70207333370268,159.75867816908416,0.0,426.76108188100494,0.19166374913898068,82,22.028037161452726
401,3978,568.1292248713007,3903.9073914875034,642.2218333837926,568.129224871299,786,245002.68260158415,85999409.98166955,6211,10.465272926048106,122.59742934852045,4.467310700633206,430.59921189609724,0.16150460804216618,83,18.510437018272924
402,4699,549.9117500575821,4680.782525186282,568.129224871299,549.911750057586,736,256996.25456517356,86256406.23623472,6921,34.06389426758695,85.36310613733863,1.0,429.48474965266104,0.13842461344846546,84,16.65105307291574
403,4725,505.694275243869,4680.782525186282,549.911750057586,505.69427524387424,706,255979.9638367163,86512386.20007144,6542,16.379739195499052,45.84379917695312,0.0,443.4707368714219,0.11629168294701517,85,14.976374972390378
404,4762,454.78666827207417,4711.092393028192,505.69427524387424,454.78666827206234,626,245481.84845177043,86757868.0485232,6425,13.11123994708974,0.2937779461985315,0.0,441.3816503787739,0.10514216034686372,86,12.788185764321241
405,4726,439.87906130026204,4711.092393028192,454.78666827206234,439.87906130025095,574,242455.83656474767,87000323.88508795,6204,0.4012888836593259,0.0,0.0,439.47777241659156,0.08200294762960217,87,12.840338988546499
406,4557,436.3207348490696,4553.441673548824,439.87906130025095,436.3207348490764,549,235949.57253178707,87236273.45761974,5959,0.0,0.0,0.0,436.3207348490764,0.11062530406715249,88,11.168449168833018
407,4552,437.76240839789534,4553.441673548824,436.3207348490764,437.7624083979002,522,233032.40391245214,87469305.8615322,5788,0.0,0.0,0.0,437.7624083979002,0.09678958257870265,89,10.510523071713113
408,4620,441.5830222081395,4623.820613810241,437.7624083979002,441.5830222081407,518,237699.46092764122,87707005.32245983,5855,0.0,1.6452666820582422,0.0,439.9377555260825,0.09394819870878512,90,11.162409551114461
409,4640,425.4036360183809,4623.820613810241,441.5830222081407,425.4036360183802,500,237801.9470911973,87944807.26955102,5837,3.008462023104914,0.0,0.0,422.3951739952753,0.09441523469322152,91,12.566731440031504
410,4992,501.23224889745416,5067.828612879069,425.4036360183802,501.23224889744705,550,245321.2369337299,88190128.50648475,6240,43.19261620632228,26.341306111511642,0.0,431.69832657961337,0.08495954616817002,92,13.45046440834863
411,5057,512.0608617765201,5067.828612879069,501.23224889744705,512.0608617765159,539,248039.32068962482,88438167.82717437,6603,17.282504186485774,69.6444183740428,13.698872276621104,411.4350669393657,0.09769973293837181,93,15.187925253714688
412,5010,473.1835548338995,4971.12269305738,512.0608617765159,473.1835548338962,494,247011.6859820068,88685179.51315637,6530,12.296992666301207,20.299311756083156,1.0,439.58725041151183,0.10510623302734565,94,14.993254116671132
413,4904,540.3062478912789,4971.12269305738,473.1835548338962,540.3062478912773,566,245879.63928981533,88931059.15244618,6780,19.9559352580303,79.0795500136858,0.0,441.27076261956097,0.09960753749725008,95,14.217064327626659
414,4902,453.04767860941865,4814.7414307181425,540.3062478912773,453.04767860942127,505,245689.97163689404,89176749.12408307,6705,12.746155878646414,1.09144755840002,4.184419181336857,435.02565599103787,0.11731219745596833,96,13.907362427202369
415,4787,480.78910932756116,4814.7414307181425,453.04767860942127,480.78910932756474,542,242381.72197654142,89419130.84605962,6650,40.82313246806932,10.775820747970318,3.4211761996035195,425.7689799119219,0.08817230122499069,97,13.70987642111088
416,4583,441.73987445716557,4543.950765129598,480.78910932756474,441.7398744571629,481,240057.49136104612,89659188.33742067,6361,10.482223701361395,0.0,0.0,431.25765075580154,0.11309941312443458,98,12.759170913396803
417,4505,480.6906395867609,4543.950765129598,441.7398744571629,480.6906395867604,502,236615.51466662294,89895803.85208729,6397,44.02471857493518,4.83298194607328,0.0,431.83293906575227,0.09936263555634195,99,12.241303083955613
418,4177,442.5689706891835,4138.878331102425,480.6906395867604,442.56897068918596,497,230639.05103382544,90126442.90312111,6059,0.0,0.0,0.0,442.56897068918596,0.12436590568969635,100,11.015770297856074
419,4073,508.4473017916089,4138.878331102425,442.56897068918596,508.4473017916112,552,229462.04406378043,90355904.94718489,6290,16.31227211649295,60.708481815489854,5.8636726164667365,425.5628752431622,0.11018214463525224,101,10.869352785946607
420,4088,486.5417878080134,4066.0944860164036,508.4473017916112,486.5417878080155,546,228498.8341275365,90584403.78131242,6282,51.6494000640955,6.75758264317143,4.0,424.13480510074857,0.1280620006544505,102,9.973511252971505
421,4118,434.6362738244179,4066.0944860164036,486.5417878080155,434.6362738244192,522,230035.04531203062,90814438.82662445,6227,0.0,0.0,0.0,434.6362738244192,0.1227576278742579,65,9.597130315370944
422,4366,623.01755081384,4554.381276989425,434.6362738244192,623.0175508138433,666,238471.51489399766,91052910.34151845,6592,100.51345324454293,106.555235528764,0.0,415.9488620405359,0.09441150316381264,66,9.437077328833045
423,4577,600.3988278032657,4554.381276989425,623.0175508138433,600.3988278032652,651,240107.07111340956,91293017.41263185,6246,172.6781808143778,4.069358769644907,0.0,423.65128821924344,0.1286425282379844,67,10.26128631111131
424,4712,705.1867963532541,4816.787968549991,600.3988278032652,705.1867963532575,741,251511.25905510338,91544528.67168696,6459,289.5754844099462,23.038554034638764,0.0,392.5727579086718,0.15184734427587085,60,7.531420829917915
425,4819,702.9747649032452,4816.787968549991,705.1867963532575,702.9747649032475,734,252134.91255834923,91796663.58424531,6451,277.33260799465353,23.199205209134785,2.0,400.4429516994594,0.14498964385292276,61,6.857788556388743
426,4738,716.5146790804038,4751.539914177154,702.9747649032475,716.5146790803972,772,256907.54527993366,92053571.12952524,6396,270.39827671010994,28.46649998051124,3.0,414.6499023897768,0.1491475710972492,62,6.445137520050692
427,4751,717.0545932575533,4751.539914177154,716.5146790803972,717.0545932575482,776,255940.12840397836,92309511.25792922,6330,310.61501036841287,8.823189439021007,1.0,396.6163934501145,0.14944149862898434,63,7.249354420901757
428,4352,721.7063483786214,4356.651755121068,717.0545932575482,721.7063483786195,896,251643.33285637785,92561154.5907856,6056,317.8985142852482,0.0,1.284981476159075,402.5228526172118,0.1608088013790295,64,6.978316594851025
429,4319,759.3581034996923,4356.651755121068,721.7063483786195,759.3581034996892,1037,259484.2885517546,92820638.87933734,5903,341.3612686454834,0.0,5.089366784080324,412.9074680701264,0.16139113427391436,65,7.523866969536097
430,3796,617.0364102685708,3653.678306768883,759.3581034996892,617.036410268573,1052,241468.30855994014,93062107.18789728,5390,193.9236402981931,0.0,0.0,423.1127699703801,0.17677205752319583,66,8.91215419248102
431,3667,603.7147170374565,3653.678306768883,617.036410268573,603.7147170374552,948,230632.96370045657,93292740.15159774,4868,166.95086386440028,0.0,9.734711556789321,427.0291416162656,0.15216694399662484,67,10.053831686919665
432,2919,424.5552336722544,2739.8405166347993,603.7147170374552,424.5552336722541,725,211525.4081847144,93504265.55978245,3895,0.67206527639964,0.0,0.0,423.88316839585445,0.23196517201727165,68,10.481529919967457
433,2749,415.39575030705373,2739.8405166347993,424.5552336722541,415.39575030705316,641,202401.57759614522,93706667.13737859,3691,0.0,0.0,0.0,415.39575030705316,0.16051194080517384,69,11.093405934542458
434,1728,429.39426099761795,1741.9985106905635,415.39575030705316,429.3942609976197,716,176090.19879070704,93882757.3361693,2733,0.0,0.0,0.0,429.3942609976197,0.16760200801232758,70,12.833573364387163
435,1754,417.39277168818444,1741.9985106905635,429.3942609976197,417.39277168818546,629,172520.11919817713,94055277.45536748,2594,0.0,0.0,0.0,417.39277168818546,0.1979349399389133,71,14.801465739683668
436,935,411.3387772467295,928.9460055585457,417.39277168818546,411.33877724673044,626,151669.7630750617,94206947.21844254,1770,0.0,0.0,0.0,411.33877724673044,0.24740519961452637,72,17.51901294026258
437,914,426.284782805275,928.9460055585457,411.33877724673044,426.28478280527594,578,147633.56177035958,94354580.78021291,1637,0.0,0.0,0.0,426.28478280527594,0.28235633410050504,73,22.484553311992208
438,505,426.7320731223193,505.44729031704264,426.28478280527594,426.73207312231904,565,137257.28586623393,94491838.06607914,1217,0.0,0.0,0.0,426.73207312231904,0.34693287485888674,74,27.685992594488713
439,511,421.1793634393624,505.44729031704264,426.73207312231904,421.179363439362,531,134793.87701530464,94626631.94309445,1158,0.0,0.0,0.0,421.179363439362,0.43472588603054857,75,37.60304306901344
440,459,422.3140039088463,460.1346404694832,421.179363439362,422.3140039088448,531,134467.71679359212,94761099.65988804,1109,0.0,0.0,0.0,422.3140039088448,0.6104391462113717,76,40.98711945286202
441,458,424.44864437832916,460.1346404694832,422.3140039088448,424.4486443783278,528,134559.62103360606,94895659.28092165,1067,0.0,0.0,0.0,424.4486443783278,0.5785538963069009,77,49.122065878498034
442,1203,442.1703327729656,1220.7216883946387,424.4486443783278,442.17033277296656,506,156338.27392864972,95051997.55485031,1784,0.0,0.0,0.0,442.17033277296656,0.4296878702551814,78,59.56946165447653
443,1217,445.8920211676043,1220.7216883946387,442.17033277296656,445.8920211676057,539,159656.301916873,95211653.85676718,1801,0.0,0.0,0.0,445.8920211676057,0.33187005929686514,79,78.4466208803855
444,2645,440.8112651479646,2639.9192439803587,445.8920211676057,440.81126514796455,481,197361.93916389265,95409015.79593107,3164,0.0,0.0,0.0,440.81126514796455,0.3067079408793554,80,67.83320726020773
445,2588,492.7305091283238,2639.9192439803587,440.81126514796455,492.7305091283229,555,197160.5944521962,95606176.39038327,3305,57.88053382252771,0.0,0.0,434.84997530579545,0.21003760193541698,81,64.4503843551368
446,3204,754.2076096303795,3465.477100502056,492.7305091283229,754.2076096303822,1049,227036.59494301165,95833212.98532629,4407,373.14286683999933,0.0,0.0,381.0647427903815,0.24264797890766912,82,43.38755881470072
447,3561,658.6847101324347,3465.477100502056,754.2076096303822,658.6847101324377,840,232633.02787539782,96065846.01320168,5405,186.7495726196373,59.19922579053127,8.183540860634434,404.5523708616351,0.2687354654380211,83,32.382435337404026
448,3941,621.5921016199445,3903.9073914875034,658.6847101324377,621.5921016199443,812,242655.38026623207,96308501.39346792,5893,38.2180743136248,176.78117844337592,1.0,405.5928488629441,0.2163705159063484,84,21.86289266277011
449,4022,503.4994931074507,3903.9073914875034,621.5921016199443,503.499493107452,705,243188.07708557005,96551689.47055349,6170,17.985464515661214,53.478168416443985,7.0,425.0358601753467,0.1638765427569214,85,17.380767295802457
450,4597,587.2820182937348,4680.782525186282,503.499493107452,587.2820182937398,733,250499.6215212235,96802189.0920747,6869,39.235398708156325,116.1752128282271,2.0,429.8714067573565,0.10918484551216671,86,14.235256643531567
451,4791,477.06454348002353,4680.782525186282,587.2820182937398,477.06454348002643,677,257416.5197303028,97059605.611805,6513,20.333151823526126,34.64516541290183,3.748291142313626,418.33793510128515,0.12710624503099852,87,12.813487525588682
452,4741,447.15693650822595,4711.092393028192,477.06454348002643,447.15693650821635,619,245642.69043724763,97305248.30224225,6431,5.052463418626056,2.1423485328554364,1.0,438.96212455673475,0.0954353633845949,88,12.356704450356954
453,4732,426.24932953641655,4711.092393028192,447.15693650821635,426.24932953640547,566,242859.36228195246,97548107.6645242,6196,1.546983069535946,0.0,0.0,424.7023464668695,0.08510612920242161,89,12.31442192686287
454,4544,435.6910030852241,4553.441673548824,426.24932953640547,435.69100308522957,549,234062.90337061713,97782170.56789482,5951,0.0,0.0,0.0,435.69100308522957,0.08627633796805147,90,12.1205135212143
455,4542,447.13267663404804,4553.441673548824,435.69100308522957,447.1326766340544,537,233635.67671291245,98015806.24460773,5782,0.0,0.0,0.0,447.1326766340544,0.09172840143015291,91,12.082807268098634
456,4637,433.9532904442949,4623.820613810241,447.1326766340544,433.9532904442931,504,237654.41298748695,98253460.65759522,5842,0.0,1.8238699595158483,2.0,430.12942048477703,0.10764627736089732,92,11.990342851828597
457,4632,425.7739042545327,4623.820613810241,433.9532904442931,425.7739042545337,500,238264.82402920382,98491725.48162442,5836,0.0,0.0,0.0,425.7739042545337,0.09999566161930495,93,12.38312867521775
458,4999,494.60251713360685,5067.828612879069,425.7739042545337,494.6025171336014,537,244788.05926159333,98736513.54088601,6239,35.8437180634195,29.68460455511542,6.230842392137733,422.84335212292865,0.08133572200798002,94,13.366832154169776
459,5045,517.4311300126747,5067.828612879069,494.6025171336014,517.4311300126687,537,247079.61156896083,98983593.15245497,6605,14.25774884764164,72.77087506886991,14.613502888663017,415.78900320749466,0.09895089915222212,95,13.92466168163704
460,5026,462.5538230700522,4971.12269305738,517.4311300126687,462.5538230700498,481,247481.37562882312,99231074.5280838,6547,11.442686852177863,19.334850884119227,1.0,430.7762853337526,0.11394792255867446,96,12.52856338731322
461,4918,515.6765161274316,4971.12269305738,462.5538230700498,515.6765161274303,572,248090.37559166527,99479164.90367547,6775,20.245276630927794,66.49097755750238,2.0,426.9402619390006,0.0885958768016562,97,14.863424617377436
462,4878,452.41794684557135,4814.7414307181425,515.6765161274303,452.4179468455746,503,243944.30430561426,99723109.20798108,6672,3.520550201540283,0.0,0.0,448.89739664403425,0.11916274795918452,98,12.432203078236302
463,4771,496.15937756371477,4814.7414307181425,452.4179468455746,496.1593775637178,534,242320.08427671454,99965429.2922578,6617,55.20177308234868,18.219963353063598,3.0,419.7376411283057,0.09856870412532868,99,10.468737234326714
464,4601,439.11014269331827,4543.950765129598,496.1593775637178,439.1101426933157,483,238592.37654097757,100204021.66879877,6400,10.903214389382182,0.0,0.0,428.2069283039336,0.11878322928050755,100,8.637216048490846
465,4501,482.0609078229136,4543.950765129598,439.1101426933157,482.06090782291386,520,238008.4962807968,100442030.16507956,6403,46.44570926295596,6.146904119419432,1.0,428.46829444053884,0.09381473957434266,101,9.31579465038139
466,4196,424.9392389253371,4138.878331102425,482.06090782291386,424.93923892533974,478,230113.67940133368,100672143.8444809,6066,0.0,0.0,0.0,424.93923892533974,0.10926537566919198,102,9.958108964495233
467,4066,497.8175700277616,4138.878331102425,424.93923892533974,497.81757002776635,548,229431.9248631522,100901575.76934406,6274,12.733262804513721,66.83862830980047,1.0,417.24567891345214,0.101445929688801,103,9.053791797721383
468,4106,457.9120560441688,4066.0944860164036,497.81757002776635,457.9120560441694,520,228410.47475487745,101129986.24409895,6255,14.070390752116252,3.4303147429217233,5.993425636793062,434.41792491233826,0.11927101351465372,104,9.339217252048128
469,4072,452.0065420605715,4066.0944860164036,457.9120560441694,452.00654206057294,552,229466.44783402403,101359452.69193298,6220,6.407518699718781,0.0,0.0,445.59902336085423,0.10407016045976097,105,10.113125116517205
470,4384,622.3878190499936,4554.381276989425,452.00654206057294,622.3878190499967,653,239459.05447327576,101598911.74640626,6588,98.11734633302575,99.16017270804824,1.6071240379969076,423.5031759709245,0.1059149232710887,106,9.505128231600654
471,4572,604.7690960394193,4554.381276989425,622.3878190499967,604.769096039419,643,239853.19199811193,101838764.93840437,6240,185.0685395734396,1.8632058341089248,1.0,416.8373506318713,0.12501936514527456,107,10.425809569827724
472,4714,707.5570645894068,4816.787968549991,604.769096039419,707.5570645894111,743,251788.5978274277,102090553.5362318,6456,284.2800092558392,25.754470391571626,5.890157806812766,391.6324271351862,0.1417053047889412,108,9.646502572871285
473,4806,718.3450331393988,4816.787968549991,707.5570645894111,718.3450331394012,749,253081.3623145096,102343634.89854631,6454,304.933747189849,19.80159636409664,1.0,392.6096895854552,0.13827045753428863,109,10.151740958510228
474,4811,658.8849473165574,4751.539914177154,718.3450331394012,658.8849473165507,721,256334.97482099044,102599969.8733673,6415,228.44871620229426,22.296088268102892,1.0,407.14014284615433,0.16883600438879529,110,7.793469994299222
475,4607,803.4248614937078,4751.539914177154,658.8849473165507,803.4248614937006,875,256007.63090690062,102855977.50427419,6280,389.2864857715722,4.959347312882869,0.19366798579157773,408.98536042345535,0.13396356805409287,111,8.988321690730508
476,4433,727.0766166147714,4356.651755121068,803.4248614937006,727.0766166147725,844,254243.71250423166,103110221.21677843,6084,314.8158373703873,1.6509273865019907,1.2343679795946993,409.3754838782888,0.18930994211849747,112,7.446831148514539
477,4348,735.728371735845,4356.651755121068,727.0766166147725,735.7283717358433,962,258289.99106246617,103368511.20784089,5850,328.3141106595751,0.19830976836331615,2.0,405.2159513079052,0.16720434402153483,113,8.458502985488694
478,3744,645.4066785047244,3653.678306768883,735.7283717358433,645.4066785047262,1032,237717.52140305104,103606228.72924393,5331,236.3518517633967,0.0,1.5553311458317447,407.4994955954983,0.17373416090621346,114,8.916312407178522
479,3739,560.0849852736083,3653.678306768883,645.4066785047262,560.0849852736089,923,232071.07316764,103838299.80241157,4916,135.37907532960375,0.0,0.0,424.70590994400584,0.15985684797144226,115,9.440470675772033
480,3333,476.8343062795434,3249.749321005932,560.0849852736089,476.8343062795419,766,220097.4902701893,104058397.29268175,4353,58.060992290983016,0.0,0.0,418.7733139885596,0.1833924070885454,116,10.270622285385206
481,3239,487.58362728547627,3249.749321005932,476.8343062795419,487.58362728547513,693,214096.97618345558,104272494.26886521,4235,56.86293391002022,0.0,0.0,430.7206933754554,0.13050126010554927,117,10.918004412509394
482,2255,424.5245347451528,2191.9409074596747,487.58362728547513,424.5245347451539,808,193167.9719502584,104465662.24081548,3344,0.0,0.0,0.0,424.5245347451539,0.16245439066247347,118,12.253872684120966
483,2196,420.46544220483065,2191.9409074596747,424.5245347451539,420.4654422048318,665,183675.6536889995,104649337.89450447,3066,0.0,0.0,0.0,420.4654422048318,0.15589849533162203,119,15.086815532867924
484,1310,436.61350958440903,1326.1480673795788,420.4654422048318,436.61350958441153,731,165257.1690561205,104814595.06356059,2249,0.0,0.0,0.0,436.61350958441153,0.2051946315831976,120,18.589658056446925
485,1338,424.76157696398855,1326.1480673795788,436.61350958441153,424.76157696399116,619,160800.29633637774,104975395.35989697,2131,0.0,0.0,0.0,424.76157696399116,0.24854083280168865,121,24.34412627310209
486,756,413.55977960835844,744.7982026443678,424.76157696399116,413.559779608359,657,149945.31017252803,105125340.6700695,1588,0.0,0.0,0.0,413.559779608359,0.3273313158202377,122,29.92838421259012
487,736,422.35798225272583,744.7982026443678,413.559779608359,422.3579822527269,588,144140.96325668303,105269481.63332619,1451,0.0,0.0,0.0,422.3579822527269,0.336459208406675,123,39.48804462422857
488,600,430.55528176015423,608.197299507427,422.3579822527269,430.5552817601539,592,142025.25449858088,105411506.88782477,1317,0.0,0.0,0.0,430.5552817601539,0.4598095253571747,124,43.33344481019465
489,606,432.75258126758126,608.197299507427,430.5552817601539,432.75258126758104,581,141658.60911566595,105553165.49694043,1288,0.0,0.0,0.0,432.75258126758104,0.47561538111301155,125,51.47318756414142
490,1283,428.3382005439312,1278.585619276351,432.75258126758104,428.33820054393243,513,157216.16069966234,105710381.6576401,1891,0.0,0.0,0.0,428.33820054393243,0.3560616234855936,126,58.44080997466117
491,1281,425.92381982028246,1278.585619276351,428.33820054393243,425.9238198202833,542,159626.3867385075,105870008.04437861,1871,0.0,0.0,0.0,425.9238198202833,0.3248167876377827,127,70.06672842209959
492,1961,424.7780631636688,1959.8542433433818,425.9238198202833,424.7780631636672,483,174424.68382458697,106044432.72820319,2498,0.0,0.0,0.0,424.7780631636672,0.2835720312137682,128,66.59751945609403
493,1951,433.6323065070528,1959.8542433433818,424.7780631636672,433.63230650705106,502,173519.7641974248,106217952.49240062,2552,0.0,0.0,0.0,433.63230650705106,0.21076071996219745,129,70.0497064901464
494,2667,447.22609630332045,2680.593789796274,433.63230650705106,447.2260963033255,502,190875.66679123885,106408828.15919186,3265,17.23504298240522,0.0,0.0,429.99105332092034,0.21383879960176344,130,64.14768939853919
495,2639,488.8198860995949,2680.593789796274,447.2260963033255,488.8198860996012,710,198723.2616413908,106607551.42083326,3567,59.04654279657011,0.24807495992274298,0.0,429.5252683431083,0.18214277251327768,131,60.36566112311101
496,3518,655.5134058458107,3684.693519746208,488.8198860996012,655.513405845808,808,217839.55341885082,106825390.9742521,4539,246.41601718737147,8.742623150357826,2.0,398.35476550807897,0.15798001411756543,132,51.27420647910955
497,3756,584.2069255920151,3684.693519746208,655.513405845808,584.2069255920167,740,225272.39373248725,107050663.3679846,4988,157.29411319943517,29.427076799979005,4.0,393.4857355926016,0.20091801118946778,133,44.31354166629442
498,4124,521.0032083057877,4060.796282713779,584.2069255920167,521.0032083057932,695,233310.4617311534,107283973.82971574,5324,66.78844633773598,24.204269167650843,2.0,428.0104928004062,0.15235399639631178,134,38.42756886478397
499,4094,487.7994910195657,4060.796282713779,521.0032083057932,487.7994910195716,623,229797.1448811741,107513770.97459692,5496,11.924919556633244,42.00945342577529,3.0,430.86511803716286,0.13076478487202892,135,35.71113205994698
