time_step,met_demand,unmet_demand,new_demand,carried_in_unmet,carried_out_unmet,n_rebalance_moves,iteration_cost,cumulative_cost,n_vehicles_in_service
0,6092,367.52380952380463,6459.523809523805,0.0,367.5238095238095,0,304959.16845270345,304959.16845270345,6092
1,6448,379.04761904761654,6459.523809523805,367.5238095238095,379.047619047619,0,322236.5363237421,627195.7047764456,7367
2,4133,412.4761904761908,4166.428571428578,379.047619047619,412.47619047619077,0,257563.12569392583,884758.8304703715,5100
3,4164,414.9047619047615,4166.428571428578,412.47619047619077,414.90476190476164,0,258576.56948984246,1143335.399960214,4812
4,2265,411.1190476190545,2261.214285714292,414.90476190476164,411.11904761904725,0,210483.34274436007,1353818.742704574,2907
5,2266,406.33333333333985,2261.214285714292,411.11904761904725,406.33333333333354,0,210557.89556297817,1564376.6382675522,2749
6,1247,413.809523809525,1254.47619047619,406.33333333333354,413.8095238095243,0,186335.35188099512,1750711.9901485473,1724
7,1253,415.2857142857172,1254.47619047619,413.8095238095243,415.2857142857147,0,186174.34505140872,1936886.335199956,1612
8,1128,424.66666666666674,1137.3809523809502,415.2857142857147,424.66666666666646,0,185854.87481495563,2122741.210014912,1488
9,1133,429.0476190476186,1137.3809523809502,424.66666666666646,429.04761904761904,0,185958.32748407175,2308699.5374989836,1377
10,2836,489.40476190476784,2896.3571428571463,429.04761904761904,489.40476190476215,0,239858.40365886112,2548557.941157845,3079
11,2918,467.76190476191186,2896.3571428571463,489.40476190476215,467.76190476190556,0,242047.07095970385,2790605.012117549,3061
12,5998,585.4523809523835,6115.690476190475,467.76190476190556,585.4523809523808,0,327887.27408472216,3118492.286202271,6147
13,6146,555.1428571428596,6115.690476190475,585.4523809523808,555.1428571428576,0,331590.8465131946,3450083.1327154655,6577
14,7453,1066.142857142846,7963.999999999989,555.1428571428576,1066.1428571428585,0,351770.41172644624,3801853.544441912,7878
15,6938,2092.1428571428514,7963.999999999989,1066.1428571428585,2092.142857142859,0,341680.78158205206,4143534.3260239637,9638
16,8310,2801.3095238095175,9019.166666666664,2092.142857142859,2801.30952380952,0,373378.08192084497,4516912.407944809,10814
17,7984,3836.476190476178,9019.166666666664,2801.30952380952,3836.4761904761904,0,360913.20280551084,4877825.610750319,11488
18,9531,5153.261904761905,10847.785714285717,3836.4761904761904,5153.261904761909,0,389342.3169721251,5267167.927722445,13076
19,10205,5796.047619047633,10847.785714285717,5153.261904761909,5796.047619047622,0,416110.81282916537,5683278.7405516105,13043
20,10277,6498.119047619068,10979.071428571422,5796.047619047622,6498.119047619059,0,406380.5595052818,6089659.300056892,12992
21,10592,6885.190476190499,10979.071428571422,6498.119047619059,6885.1904761904925,0,405977.304776005,6495636.604832897,13134
22,10353,7156.666666666653,10624.476190476189,6885.1904761904925,7156.666666666662,0,409549.226790763,6905185.83162366,12503
23,9896,7885.142857142826,10624.476190476189,7156.666666666662,7885.142857142843,0,405684.4315790127,7310870.263202673,12239
24,10162,8498.047619047607,10774.904761904767,7885.142857142843,8498.047619047617,0,410466.4947644462,7721336.757967119,11955
25,10493,8779.952380952389,10774.904761904767,8498.047619047617,8779.952380952378,0,410260.0931978568,8131596.851164976,12281
26,10438,10134.09523809527,11792.142857142855,8779.952380952378,10134.09523809524,0,405637.529359118,8537234.380524093,12355
27,10559,11367.238095238143,11792.142857142855,10134.09523809524,11367.238095238068,0,414861.9777881639,8952096.358312257,12868
28,10456,12452.5476190476,11541.30952380952,11367.238095238068,12452.547619047646,0,422083.18080116727,9374179.539113425,12924
29,9882,14111.857142857167,11541.30952380952,12452.547619047646,14111.857142857145,0,397150.11154001486,9771329.65065344,13293
30,10391,14926.738095238106,11205.880952380967,14111.857142857145,14926.738095238117,0,413947.5413934778,10185277.192046918,13855
31,10456,15676.61904761906,11205.880952380967,14926.738095238117,15676.619047619044,0,423156.3159088051,10608433.507955723,14364
32,10208,16013.809523809523,10545.190476190486,15676.619047619044,16013.809523809537,0,393144.02437684685,11001577.53233257,13694
33,10045,16514.000000000022,10545.190476190486,16013.809523809537,16514.00000000002,0,419634.1292919885,11421211.661624558,13392
34,9362,16794.714285714323,9642.714285714286,16514.00000000002,16794.714285714246,0,376009.9775821138,11797221.639206672,13350
35,8896,17541.42857142855,9642.714285714286,16794.714285714246,17541.428571428572,0,399341.07692010177,12196562.716126774,12604
36,8680,18416.190476190506,9554.761904761903,17541.428571428572,18416.19047619049,0,358002.6585397962,12554565.37466657,12640
37,9150,18820.952380952425,9554.761904761903,18416.19047619049,18820.952380952407,0,387584.96950575383,12942150.344172323,12785
38,9660,19901.476190476187,10740.523809523826,18820.952380952407,19901.47619047619,0,403448.6781539372,13345599.02232626,13276
39,10829,19812.99999999997,10740.523809523826,19901.47619047619,19813.000000000015,0,422785.9883161673,13768385.010642428,13671
40,10976,20150.76190476194,11313.761904761905,19813.000000000015,20150.761904761875,0,434517.1389607225,14202902.14960315,13423
41,10791,20673.523809523802,11313.761904761905,20150.761904761875,20673.5238095238,0,453011.4798158385,14655913.62941899,12735
42,9768,22050.21428571429,11144.690476190484,20673.5238095238,22050.214285714297,0,411408.93983503093,15067322.56925402,12261
43,9522,23672.904761904807,11144.690476190484,22050.214285714297,23672.90476190477,0,414448.95791685634,15481771.527170876,11334
44,8654,25225.904761904763,10207.000000000002,23672.90476190477,25225.90476190473,0,419127.28921524744,15900898.816386124,11435
45,8400,27032.904761904705,10207.000000000002,25225.90476190473,27032.904761904854,0,390083.4198396483,16290982.236225773,10089
46,7316,28364.85714285721,8647.95238095239,27032.904761904854,28364.85714285714,0,356262.99151047354,16647245.227736246,8832
47,6385,30627.809523809483,8647.95238095239,28364.85714285714,30627.809523809505,0,326845.0171091269,16974090.24484537,7660
48,5700,31387.333333333256,6459.523809523805,30627.809523809505,31387.33333333334,0,315403.0482257431,17289493.293071114,6485
49,4926,32920.85714285708,6459.523809523805,31387.33333333334,32920.85714285713,0,301841.86124258157,17591335.154313695,6329
50,4279,32808.28571428547,4166.428571428578,32920.85714285713,32808.28571428568,0,278628.10515268066,17869963.259466376,5134
51,3454,33520.71428571402,4166.428571428578,32808.28571428568,33520.71428571437,0,251488.4129587967,18121451.672425173,4639
52,2436,33345.9285714284,2261.214285714292,33520.71428571437,33345.92857142863,0,226963.5966868443,18348415.269112017,2980
53,2330,33277.14285714266,2261.214285714292,33345.92857142863,33277.14285714282,0,207188.33261310094,18555603.601725116,2725
54,1901,32630.61904761871,1254.47619047619,33277.14285714282,32630.619047619035,0,203613.23395953194,18759216.83568465,2422
55,1476,32409.09523809496,1254.47619047619,32630.619047619035,32409.095238095204,0,194816.1155153697,18954032.95120002,1848
56,1496,32050.4761904759,1137.3809523809502,32409.095238095204,32050.476190476165,0,201662.26051991407,19155695.211719934,1782
57,1288,31899.85714285689,1137.3809523809502,32050.476190476165,31899.85714285715,0,197479.97508832964,19353175.186808262,1468
58,1966,32830.214285714115,2896.3571428571463,31899.85714285715,32830.21428571433,0,218534.13713871132,19571709.323946975,2129
59,2078,33648.57142857124,2896.3571428571463,32830.21428571433,33648.57142857141,0,223495.80545480756,19795205.129401784,2228
60,3602,36162.26190476179,6115.690476190475,33648.57142857141,36162.26190476187,0,270190.4186154476,20065395.548017234,3751
61,4355,37922.95238095225,6115.690476190475,36162.26190476187,37922.952380952396,0,292206.04112142546,20357601.58913866,4742
62,5214,40672.95238095229,7963.999999999989,37922.952380952396,40672.952380952294,0,309350.2918443465,20666951.880983006,5639
63,4974,43662.952380952185,7963.999999999989,40672.952380952294,43662.952380952345,0,297217.30729442346,20964169.18827743,7255
64,6088,46594.11904761881,9019.166666666664,43662.952380952345,46594.11904761908,0,331542.39154050994,21295711.57981794,7999
65,6049,49564.28571428555,9019.166666666664,46594.11904761908,49564.285714285754,0,326948.03312017757,21622659.612938117,9354
66,7347,53065.07142857134,10847.785714285717,49564.285714285754,53065.071428571406,0,369710.65349403303,21992370.26643215,10182
67,7790,56122.85714285699,10847.785714285717,53065.071428571406,56122.8571428572,0,365599.82600857713,22357970.092440728,10925
68,8301,58800.92857142861,10979.071428571422,56122.8571428572,58800.928571428485,0,380944.51879520155,22738914.61123593,10328
69,7914,61865.9999999999,10979.071428571422,58800.928571428485,61865.9999999999,0,367094.50987042196,23106009.121106353,10745
70,8593,63897.47619047614,10624.476190476189,61865.9999999999,63897.4761904762,0,372339.31526789325,23478348.436374247,10289
71,7479,67042.9523809525,10624.476190476189,63897.4761904762,67042.9523809522,0,369283.3652163542,23847631.801590603,9443
72,7880,69937.85714285726,10774.904761904767,67042.9523809522,69937.85714285716,0,387107.3684654762,24234739.17005608,9310
73,7574,73138.76190476221,10774.904761904767,69937.85714285716,73138.76190476192,0,346279.2168317947,24581018.386887874,9208
74,8048,76882.90476190497,11792.142857142855,73138.76190476192,76882.9047619049,0,382088.9267297317,24963107.313617606,9514
75,8402,80273.04761904794,11792.142857142855,76882.9047619049,80273.04761904762,0,400384.2002293538,25363491.51384696,10465
76,7888,83926.35714285732,11541.30952380952,80273.04761904762,83926.35714285717,0,363965.3766008609,25727456.89044782,10340
77,7984,87483.66666666688,11541.30952380952,83926.35714285717,87483.6666666667,0,373528.8196547566,26100985.710102577,10892
78,8602,90087.5476190479,11205.880952380967,87483.6666666667,90087.54761904768,0,383866.54319617955,26484852.253298756,11407
79,7712,93581.42857142887,11205.880952380967,90087.54761904768,93581.42857142875,0,337770.5221989488,26822622.775497705,11473
80,9172,94954.6190476194,10545.190476190486,93581.42857142875,94954.61904761913,0,400856.64295709424,27223479.4184548,11658
81,8455,97044.80952380977,10545.190476190486,94954.61904761913,97044.8095238096,0,378387.21936698456,27601866.637821786,11733
82,8724,97963.52380952385,9642.714285714286,97044.8095238096,97963.52380952374,0,384853.7729243586,27986720.410746146,11956
83,7539,100067.23809523799,9642.714285714286,97963.52380952374,100067.23809523814,0,368128.33416603995,28354848.744912185,11482
84,7079,102542.99999999997,9554.761904761903,100067.23809523814,102542.99999999997,0,358369.8769486848,28713218.62186087,11382
85,8723,103374.7619047618,9554.761904761903,102542.99999999997,103374.7619047619,0,427385.6439986776,29140604.265859548,11090
86,6618,107497.28571428594,10740.523809523826,103374.7619047619,107497.28571428568,0,335866.75110208977,29476471.016961638,11303
87,8715,109522.80952380973,10740.523809523826,107497.28571428568,109522.80952380942,0,397163.08211976883,29873634.09908141,10556
88,8086,112750.57142857123,11313.761904761905,109522.80952380942,112750.57142857145,0,386896.75968836807,30260530.858769774,11108
89,9769,114295.33333333326,11313.761904761905,112750.57142857145,114295.33333333321,0,434688.81171612884,30695219.670485903,11603
90,7677,117763.0238095237,11144.690476190484,114295.33333333321,117763.02380952389,0,397321.2518259834,31092540.922311887,10568
91,8270,120637.71428571438,11144.690476190484,117763.02380952389,120637.71428571433,0,394458.64656555734,31486999.568877444,10375
92,7941,122903.71428571445,10207.000000000002,120637.71428571433,122903.71428571435,0,381300.4194280758,31868299.98830552,10249
93,8363,124747.7142857145,10207.000000000002,122903.71428571435,124747.71428571414,0,376855.99080689356,32245155.979112413,9660
94,7487,125908.66666666698,8647.95238095239,124747.71428571414,125908.6666666665,0,364271.4968384239,32609427.475950837,9372
95,7242,127314.61904761934,8647.95238095239,125908.6666666665,127314.61904761897,0,343738.3930482429,32953165.86899908,7859
96,6230,127544.14285714284,6459.523809523805,127314.61904761897,127544.14285714274,0,331954.5571539965,33285120.426153075,7690
97,6150,127853.6666666666,6459.523809523805,127544.14285714274,127853.66666666669,0,338157.9372321313,33623278.36338521,7060
98,5430,126590.09523809579,4166.428571428578,127853.66666666669,126590.0952380953,0,272939.20186643436,33896217.56525164,6229
99,5237,125519.52380952427,4166.428571428578,126590.0952380953,125519.52380952358,0,296562.17737250647,34192779.74262415,5860
100,3699,124081.73809523857,2261.214285714292,125519.52380952358,124081.73809523805,0,258127.5141853504,34450907.2568095,4904
101,3537,122805.95238095304,2261.214285714292,124081.73809523805,122805.95238095235,0,245537.74291565665,34696444.99972516,4375
102,3695,120365.42857142951,1254.47619047619,122805.95238095235,120365.42857142867,0,256323.32295598998,34952768.32268115,4320
103,3094,118525.90476190583,1254.47619047619,120365.42857142867,118525.90476190475,0,225176.8645727452,35177945.1872539,3767
104,2900,116763.28571428663,1137.3809523809502,118525.90476190475,116763.28571428564,0,233659.3448390006,35411604.5320929,3533
105,2618,115282.66666666752,1137.3809523809502,116763.28571428564,115282.66666666658,0,220351.11238834567,35631955.64448124,2935
106,3049,115130.02380952434,2896.3571428571463,115282.66666666658,115130.02380952374,0,235353.62826145743,35867309.272742696,3271
107,2444,115582.3809523815,2896.3571428571463,115130.02380952374,115582.38095238079,0,232153.3544477238,36099462.62719042,2592
108,3415,118283.07142857138,6115.690476190475,115582.38095238079,118283.07142857146,0,262989.6312660507,36362452.25845647,3570
109,3962,120436.76190476205,6115.690476190475,118283.07142857146,120436.76190476179,0,271821.8920537082,36634274.15051018,4309
110,4556,123844.7619047618,7963.999999999989,120436.76190476179,123844.7619047621,0,294645.77236906905,36928919.92287925,5068
111,3806,128002.76190476224,7963.999999999989,123844.7619047621,128002.76190476188,0,279198.1344213951,37208118.05730064,6056
112,4371,132650.92857142913,9019.166666666664,128002.76190476188,132650.92857142852,0,299708.70606750937,37507826.76336815,6333
113,3910,137760.0952380959,9019.166666666664,132650.92857142852,137760.09523809512,0,279972.62469523,37787799.38806338,6698
114,5063,143544.88095238103,10847.785714285717,137760.09523809512,143544.88095238103,0,334562.5387416976,38122361.92680508,7436
115,6093,148299.66666666695,10847.785714285717,143544.88095238103,148299.6666666666,0,345867.4440735278,38468229.37087861,8258
116,5999,153279.73809523843,10979.071428571422,148299.6666666666,153279.73809523802,0,326614.7882512673,38794844.15912987,8350
117,5569,158689.80952380985,10979.071428571422,153279.73809523802,158689.80952380958,0,326983.97030245524,39121828.12943233,8141
118,6042,163272.28571428556,10624.476190476189,158689.80952380958,163272.2857142859,0,330249.6456751981,39452077.775107525,7883
119,6154,167742.7619047619,10624.476190476189,163272.2857142859,167742.7619047619,0,342250.3770039566,39794328.152111486,7350
120,5821,172696.6666666667,10774.904761904767,167742.7619047619,172696.66666666666,0,317139.8757289959,40111468.02784048,7371
121,5717,177754.57142857145,10774.904761904767,172696.66666666666,177754.5714285711,0,311590.90425142023,40423058.9320919,7203
122,6960,182586.71428571394,11792.142857142855,177754.5714285711,182586.71428571426,0,369235.8728089159,40792294.80490082,8171
123,5334,189044.8571428571,11792.142857142855,182586.71428571426,189044.85714285725,0,327489.4700246632,41119784.27492548,7466
124,5470,195116.16666666695,11541.30952380952,189044.85714285725,195116.16666666677,0,339334.85951200704,41459119.13443749,7318
125,5276,201381.47619047647,11541.30952380952,195116.16666666677,201381.47619047615,0,321486.0787923491,41780605.213229835,7324
126,5688,206899.3571428573,11205.880952380967,201381.47619047615,206899.3571428572,0,325568.920379689,42106174.133609526,7528
127,6189,211916.23809523834,11205.880952380967,206899.3571428572,211916.2380952382,0,357521.7631766851,42463695.89678621,8246
128,5693,216768.42857142817,10545.190476190486,211916.2380952382,216768.42857142945,0,339354.0137112034,42803049.91049742,8293
129,4852,222461.61904761943,10545.190476190486,216768.42857142945,222461.6190476192,0,307008.3484797579,43110058.258977175,8012
130,5007,227097.33333333384,9642.714285714286,222461.6190476192,227097.33333333294,0,316087.2327221972,43426145.491699375,7119
131,4721,232019.04761904757,9642.714285714286,227097.33333333294,232019.04761904763,0,301529.91807620646,43727675.409775585,7660
132,5642,235931.80952380996,9554.761904761903,232019.04761904763,235931.80952380976,0,326703.65944999235,44054379.06922558,7861
133,5785,239701.5714285721,9554.761904761903,235931.80952380976,239701.5714285717,0,344633.6195482343,44399012.68877381,8598
134,5868,244574.09523809527,10740.523809523826,239701.5714285717,244574.09523809495,0,337934.3425477643,44736947.03132158,8515
135,6837,248477.6190476185,10740.523809523826,244574.09523809495,248477.619047619,0,378459.3162303107,45115406.34755189,8721
136,7124,252667.3809523811,11313.761904761905,248477.619047619,252667.3809523807,0,369100.7874253631,45484507.13497725,9177
137,6732,257249.14285714243,11313.761904761905,252667.3809523807,257249.14285714322,0,361341.18322158954,45845848.31819884,8996
138,7085,261308.8333333333,11144.690476190484,257249.14285714322,261308.8333333334,0,359047.24581154773,46204895.56401038,8918
139,7195,265258.52380952355,11144.690476190484,261308.8333333334,265258.52380952385,0,351933.26010010415,46556828.824110486,8627
140,7544,267921.52380952385,10207.000000000002,265258.52380952385,267921.52380952385,0,362373.61102916894,46919202.435139656,8996
141,7853,270275.52380952385,10207.000000000002,267921.52380952385,270275.5238095241,0,414870.9553516475,47334073.39049131,9333
142,7154,271769.4761904765,8647.95238095239,270275.5238095241,271769.47619047645,0,349592.8715074267,47683666.261998735,8866
143,7750,272667.42857142887,8647.95238095239,271769.47619047645,272667.42857142794,0,382031.18867306976,48065697.45067181,8926
144,7320,272985.92857142794,7638.5,272667.42857142794,272985.92857142776,0,356495.35286370915,48422192.80353551,8244
145,6184,274440.42857142776,7638.5,272985.92857142776,274440.4285714281,0,353467.6687410978,48775660.47227661,7518
146,4841,274806.9285714281,5207.5,274440.4285714281,274806.928571428,0,278138.4025083848,49053798.874785,6154
147,4325,275689.428571428,5207.5,274806.928571428,275689.42857142794,0,275031.13553102745,49328830.01031603,5462
148,4181,274689.05357142794,3180.625,275689.42857142794,274689.0535714279,0,281107.95191577723,49609937.96223181,4586
149,3082,274787.6785714279,3180.625,274689.0535714279,274787.67857142776,0,229705.67106563813,49839643.63329744,3742
150,2635,273961.99107142776,1809.3125,274787.67857142776,273961.991071428,0,229439.22858554393,50069082.861882985,2968
151,2271,273500.303571428,1809.3125,273961.991071428,273500.3035714281,0,240854.79576993064,50309937.657652915,2539
152,2150,272817.3660714281,1467.0625,273500.3035714281,272817.36607142806,0,219297.6786836311,50529235.336336546,2491
153,2020,272264.42857142806,1467.0625,272817.36607142806,272264.4285714279,0,208536.4603381838,50737771.79667473,2235
154,1927,273362.3035714279,3024.875,272264.4285714279,273362.30357142794,0,210380.86042114516,50948152.65709587,2070
155,1962,274425.17857142794,3024.875,273362.30357142794,274425.178571428,0,207971.49566174703,51156124.15275762,2146
156,2231,276807.616071428,4613.4375,274425.178571428,276807.6160714278,0,209224.74561710833,51365348.89837473,2350
157,2433,278988.0535714278,4613.4375,276807.6160714278,278988.0535714278,0,220859.46021993953,51586208.35859467,2648
158,2522,282797.6160714278,6331.5625,278988.0535714278,282797.61607142776,0,235798.48375926662,51822006.84235394,2802
159,2932,286197.17857142776,6331.5625,282797.61607142776,286197.17857142776,0,250014.92625773346,52072021.76861168,3331
160,3542,291368.17857142776,8713.0,286197.17857142776,291368.1785714279,0,269269.1275560643,52341290.89616774,4029
161,3768,296313.1785714279,8713.0,291368.1785714279,296313.178571428,0,271785.0066929193,52613075.90286066,4944
162,4494,301410.053571428,9590.875,296313.178571428,301410.05357142794,0,302101.7916289981,52915177.69448966,5509
163,3611,307389.92857142794,9590.875,301410.05357142794,307389.9285714282,0,267184.7946616779,53182362.489151336,5540
164,4227,313102.3035714282,9939.375,307389.9285714282,313102.3035714282,0,300567.77829067374,53482930.26744201,5377
165,4186,318855.6785714282,9939.375,313102.3035714282,318855.67857142794,0,300254.62195934576,53783184.889401354,5664
166,4637,324428.30357142794,10209.625,318855.67857142794,324428.3035714278,0,317289.3311285112,54100474.22052986,5909
167,4074,330563.9285714278,10209.625,324428.3035714278,330563.928571428,0,278749.27348516724,54379223.49401503,5519
168,4824,336424.178571428,10684.25,330563.928571428,336424.178571428,0,306867.6482703404,54686091.14228537,6154
169,5415,341693.428571428,10684.25,336424.178571428,341693.42857142794,0,322619.9083106578,55008711.05059603,6466
170,5817,347080.24107142794,11203.8125,341693.42857142794,347080.24107142794,0,329828.9179558271,55338539.96855186,7160
171,5690,352594.05357142794,11203.8125,347080.24107142794,352594.05357142794,0,332603.65497328277,55671143.62352514,7265
172,5951,357682.24107142794,11039.1875,352594.05357142794,357682.2410714281,0,326721.0730111753,55997864.69653632,7825
173,6253,362468.4285714281,11039.1875,357682.2410714281,362468.42857142806,0,326560.46398153144,56324425.16051785,8112
174,5026,368206.05357142806,10763.625,362468.42857142806,368206.053571428,0,311619.20916377753,56636044.36968163,7713
175,4737,374232.678571428,10763.625,368206.053571428,374232.67857142806,0,284034.13020174904,56920078.499883376,6834
176,5963,378907.30357142806,10637.625,374232.67857142806,378907.30357142806,0,321310.09788145975,57241388.597764835,7876
177,6017,383527.92857142806,10637.625,378907.30357142806,383527.928571428,0,335243.4605372099,57576632.058302045,8406
178,6037,388441.616071428,10950.6875,383527.928571428,388441.61607142806,0,325130.37633747153,57901762.43463951,8416
179,6451,392941.30357142806,10950.6875,388441.61607142806,392941.30357142806,0,332484.5367348217,58234246.97137433,8585
180,6821,396440.42857142806,10320.125,392941.30357142806,396440.4285714282,0,371784.4337265472,58606031.40510088,8582
181,7034,399726.5535714282,10320.125,396440.4285714282,399726.55357142806,0,352454.05299996387,58958485.45810085,8926
182,7638,402643.49107142806,10554.9375,399726.55357142806,402643.49107142794,0,367878.99792594044,59326364.456026785,9226
183,7901,405297.42857142794,10554.9375,402643.49107142794,405297.42857142806,0,345243.31837366184,59671607.77440045,9400
184,7844,408288.55357142806,10835.125,405297.42857142806,408288.5535714281,0,354670.3114547739,60026278.08585522,9436
185,8847,410276.6785714281,10835.125,408288.5535714281,410276.6785714278,0,393791.9147359611,60420070.00059118,10014
186,8298,412340.8035714278,10362.125,410276.6785714278,412340.8035714281,0,361829.5289531002,60781899.52954428,10033
187,7720,414982.9285714281,10362.125,412340.8035714281,414982.9285714279,0,362057.891518197,61143957.42106248,9282
188,6635,417725.5535714279,9377.625,414982.9285714279,417725.5535714278,0,318416.47161777207,61462373.89268025,9367
189,6625,420478.1785714278,9377.625,417725.5535714278,420478.1785714282,0,330450.0944256777,61792823.98710593,8115
190,6520,421749.5535714282,7791.375,420478.1785714282,421749.553571428,0,348609.4458383861,62141433.43294431,7678
191,6263,423277.928571428,7791.375,421749.553571428,423277.9285714279,0,315275.12129907677,62456708.554243386,7058
192,6013,424903.4285714279,7638.5,423277.9285714279,424903.42857142794,0,330239.70783566963,62786948.26207905,6876
193,6016,426525.92857142794,7638.5,424903.42857142794,426525.9285714279,0,301112.9726083381,63088061.23468739,6467
194,5866,425867.4285714279,5207.5,426525.9285714279,425867.428571428,0,302416.32416627137,63390477.558853656,6633
195,5041,426033.928571428,5207.5,425867.428571428,426033.928571428,0,285864.5992766494,63676342.1581303,5626
196,4101,425113.553571428,3180.625,426033.928571428,425113.55357142806,0,277861.767604479,63954203.92573478,4529
197,4619,423675.17857142806,3180.625,425113.55357142806,423675.1785714281,0,265943.338975632,64220147.26471041,4989
198,3699,421785.4910714281,1809.3125,423675.1785714281,421785.4910714281,0,241493.88718575428,64461641.151896164,4607
199,3536,420058.8035714281,1809.3125,421785.4910714281,420058.80357142794,0,242088.1787738026,64703729.33066997,3755
200,2615,418910.86607142794,1467.0625,420058.80357142794,418910.86607142794,0,209086.24913898023,64912815.57980895,3784
201,2144,418233.92857142794,1467.0625,418910.86607142794,418233.9285714282,0,214031.67489347656,65126847.25470243,2501
202,2192,419066.8035714282,3024.875,418233.9285714282,419066.8035714278,0,227386.3941950805,65354233.64889751,2627
203,2065,420026.6785714278,3024.875,419066.8035714278,420026.67857142806,0,214075.27649971063,65568308.92539722,2285
204,2481,422159.11607142806,4613.4375,420026.67857142806,422159.116071428,0,241066.10699877422,65809375.03239599,2732
205,2052,424720.553571428,4613.4375,422159.116071428,424720.5535714279,0,227688.6446617053,66037063.67705769,2560
206,2799,428253.1160714279,6331.5625,424720.5535714279,428253.11607142794,0,250022.46611336956,66287086.14317106,2995
207,3141,431443.67857142794,6331.5625,428253.11607142794,431443.678571428,0,264263.14147649804,66551349.284647554,3621
208,3470,436686.678571428,8713.0,431443.678571428,436686.67857142794,0,260378.55184957272,66811727.83649713,3996
209,3863,441536.67857142794,8713.0,436686.67857142794,441536.6785714281,0,271315.8687070514,67083043.70520418,4627
210,4001,447126.5535714281,9590.875,441536.6785714281,447126.5535714279,0,285160.49928853975,67368204.20449272,4969
211,4485,452232.4285714279,9590.875,447126.5535714279,452232.42857142806,0,299009.6451894371,67667213.84968215,5677
212,5008,457163.80357142806,9939.375,452232.42857142806,457163.8035714279,0,311646.020783289,67978859.87046544,6253
213,4356,462747.1785714279,9939.375,457163.8035714279,462747.17857142835,0,301944.3391560861,68280804.20962153,5972
214,4550,468406.80357142835,10209.625,462747.17857142835,468406.803571428,0,302413.3696615017,68583217.57928303,5987
215,4614,474002.428571428,10209.625,468406.803571428,474002.42857142806,0,279206.942543035,68862424.52182606,5961
216,4862,479824.67857142806,10684.25,474002.42857142806,479824.678571428,0,300632.0862524542,69163056.60807851,6474
217,5406,485102.928571428,10684.25,479824.678571428,485102.928571428,0,313395.44029794924,69476452.04837646,6422
218,5182,491124.741071428,11203.8125,485102.928571428,491124.74107142794,0,307523.30084319355,69783975.34921965,6669
219,5297,497031.55357142794,11203.8125,491124.74107142794,497031.55357142794,0,297625.8742598043,70081601.22347945,6973
220,5561,502509.74107142794,11039.1875,497031.55357142794,502509.7410714278,0,343859.4854462795,70425460.70892572,7078
221,4998,508550.9285714278,11039.1875,502509.7410714278,508550.92857142806,0,300656.405699902,70726117.11462563,6930
222,5930,513384.55357142806,10763.625,508550.92857142806,513384.5535714281,0,328689.220485313,71054806.33511095,7090
223,4973,519175.1785714281,10763.625,513384.5535714281,519175.1785714279,0,293066.2133641251,71347872.54847507,6833
224,6099,523713.80357142794,10637.625,519175.1785714279,523713.80357142806,0,325506.7804526947,71673379.32892777,7414
225,5768,528583.428571428,10637.625,523713.80357142806,528583.4285714286,0,311296.00403597666,71984675.33296375,7884
226,6664,532870.1160714286,10950.6875,528583.4285714286,532870.1160714289,0,344801.7910293982,72329477.12399314,7969
227,5556,538264.8035714289,10950.6875,532870.1160714289,538264.8035714293,0,316050.88654516,72645528.01053831,8186
228,5698,542886.9285714293,10320.125,538264.8035714293,542886.9285714303,0,329393.45827586675,72974921.46881418,7742
229,5336,547871.0535714303,10320.125,542886.9285714303,547871.0535714299,0,319713.27090741374,73294634.7397216,7633
230,5245,553180.9910714299,10554.9375,547871.0535714299,553180.9910714298,0,313893.2337079528,73608527.97342955,6816
231,5383,558352.9285714298,10554.9375,553180.9910714298,558352.9285714306,0,331084.3248473986,73939612.29827695,6903
232,6053,563135.0535714306,10835.125,558352.9285714306,563135.0535714298,0,346468.8314554426,74286081.12973239,7185
233,5393,568577.1785714298,10835.125,563135.0535714298,568577.1785714298,0,316837.1207075813,74602918.25043997,6519
234,5363,573576.3035714298,10362.125,568577.1785714298,573576.30357143,0,302868.7127674186,74905786.9632074,6511
235,5540,578398.42857143,10362.125,573576.30357143,578398.4285714305,0,322284.6946099261,75228071.65781732,6158
236,5139,582637.0535714305,9377.625,578398.4285714305,582637.05357143,0,288958.7515051679,75517030.40932249,5974
237,5056,586958.67857143,9377.625,582637.05357143,586958.6785714298,0,298215.9193697588,75815246.32869224,6238
238,4951,589799.0535714298,7791.375,586958.6785714298,589799.0535714299,0,298806.7230073816,76114053.05169962,5563
239,4848,592742.4285714299,7791.375,589799.0535714299,592742.42857143,0,294876.35018711735,76408929.40188675,6259
240,5022,595358.92857143,7638.5,592742.42857143,595358.92857143,0,317262.4224962781,76726191.82438302,5850
241,4878,598119.42857143,7638.5,595358.92857143,598119.4285714299,0,285730.5102021585,77011922.33458517,5865
242,4457,598869.9285714299,5207.5,598119.4285714299,598869.9285714304,0,283169.95568089525,77295092.29026607,5205
243,4826,599251.4285714304,5207.5,598869.9285714304,599251.4285714296,0,282619.82756434614,77577712.11783041,5214
244,4221,598211.0535714296,3180.625,599251.4285714296,598211.0535714305,0,287241.83069170034,77864953.9485221,4558
245,3890,597501.6785714305,3180.625,598211.0535714305,597501.67857143,0,279311.2069361893,78144265.1554583,4367
246,3377,595933.99107143,1809.3125,597501.67857143,595933.9910714295,0,244535.88404390076,78388801.0395022,4576
247,3658,594085.3035714295,1809.3125,595933.9910714295,594085.3035714303,0,249797.43584021236,78638598.47534242,4692
248,3308,592244.3660714303,1467.0625,594085.3035714303,592244.3660714298,0,250591.170571074,78889189.6459135,3804
249,3318,590393.4285714298,1467.0625,592244.3660714298,590393.4285714299,0,238472.55741493858,79127662.20332843,3623
250,3679,589739.3035714299,3024.875,590393.4285714299,589739.30357143,0,254629.5148781072,79382291.71820654,4193
251,3663,589101.17857143,3024.875,589739.30357143,589101.1785714296,0,237166.15919666964,79619457.87740321,3962
252,3720,589994.6160714296,4613.4375,589101.1785714296,589994.6160714303,0,243982.8745713238,79863440.75197454,3865
253,3231,591377.0535714303,4613.4375,589994.6160714303,591377.05357143,0,240052.03045070835,80103492.78242524,3698
254,3982,593726.61607143,6331.5625,591377.05357143,593726.6160714302,0,256896.79207626305,80360389.5745015,4099
255,3248,596810.1785714302,6331.5625,593726.6160714302,596810.1785714295,0,225869.86844932538,80586259.44295083,3729
256,3657,601866.1785714295,8713.0,596810.1785714295,601866.17857143,0,267119.63051683694,80853379.07346767,3917
257,3782,606797.17857143,8713.0,601866.17857143,606797.1785714297,0,257431.5780207524,81110810.65148842,4575
258,4315,612073.0535714297,9590.875,606797.1785714297,612073.0535714299,0,273440.7938249875,81384251.44531341,5211
259,4596,617067.9285714299,9590.875,612073.0535714299,617067.92857143,0,262592.36267167644,81646843.80798508,5426
260,5166,621841.30357143,9939.375,617067.92857143,621841.3035714298,0,279812.3409071844,81926656.14889227,5818
261,5024,626756.6785714298,9939.375,621841.3035714298,626756.6785714303,0,299253.44256498106,82225909.59145725,6060
262,4496,632470.3035714303,10209.625,626756.6785714303,632470.3035714298,0,282107.1496224464,82508016.74107969,6329
263,5029,637650.9285714298,10209.625,632470.3035714298,637650.9285714299,0,295423.0561008309,82803439.79718052,5908
264,5435,642900.1785714299,10684.25,637650.9285714299,642900.1785714298,0,312696.52941469604,83116136.32659522,6466
265,5272,648312.4285714298,10684.25,642900.1785714298,648312.4285714299,0,284018.76112222654,83400155.08771744,6144
266,5472,654044.2410714299,11203.8125,648312.4285714299,654044.2410714297,0,291291.93341190915,83691447.02112935,6761
267,4569,660679.0535714297,11203.8125,654044.2410714297,660679.0535714299,0,273995.87535636005,83965442.89648572,5910
268,5633,666085.2410714299,11039.1875,660679.0535714299,666085.2410714298,0,299703.087962116,84265145.98444784,6512
269,4904,672220.4285714298,11039.1875,666085.2410714298,672220.4285714299,0,323926.72807058506,84589072.71251842,6265
270,4927,678057.0535714299,10763.625,672220.4285714299,678057.0535714303,0,312599.5383837682,84901672.25090219,5830
271,4474,684346.6785714303,10763.625,678057.0535714303,684346.6785714297,0,273992.3974684436,85175664.64837064,5914
272,5101,689883.3035714297,10637.625,684346.6785714297,689883.3035714303,0,302200.26399011846,85477864.91236076,6365
273,5491,695029.9285714303,10637.625,689883.3035714303,695029.9285714296,0,322709.21671734913,85800574.1290781,7083
274,5452,700528.6160714296,10950.6875,695029.9285714296,700528.6160714299,0,313728.3917838986,86114302.520862,6437
275,5761,705718.3035714299,10950.6875,700528.6160714299,705718.3035714303,0,318405.9348951891,86432708.45575719,7518
276,5085,710953.4285714303,10320.125,705718.3035714303,710953.4285714298,0,309579.05758705316,86742287.51334424,7091
277,5577,715696.5535714298,10320.125,710953.4285714298,715696.5535714298,0,322031.4514620231,87064318.96480627,7125
278,4929,721322.4910714298,10554.9375,715696.5535714298,721322.4910714304,0,337464.3719900725,87401783.33679634,6954
279,5088,726789.4285714304,10554.9375,721322.4910714304,726789.4285714298,0,348822.5118449845,87750605.84864132,6713
280,4603,733021.5535714298,10835.125,726789.4285714298,733021.5535714303,0,275245.97048922564,88025851.81913054,5770
281,5051,738805.6785714303,10835.125,733021.5535714303,738805.67857143,0,314713.39102388336,88340565.21015443,6341
282,5351,743816.80357143,10362.125,738805.67857143,743816.8035714302,0,328211.6746113529,88668776.88476579,6234
283,4775,749403.9285714302,10362.125,743816.8035714302,749403.9285714303,0,296741.949008086,88965518.83377388,6421
284,5123,753658.5535714303,9377.625,749403.9285714303,753658.5535714295,0,310410.63884632126,89275929.4726202,6095
285,4485,758551.1785714295,9377.625,753658.5535714295,758551.1785714297,0,289908.1882655687,89565837.66088577,5831
286,4079,762263.5535714297,7791.375,758551.1785714297,762263.5535714298,0,275954.46255538013,89841792.12344114,4837
287,4942,765112.9285714298,7791.375,762263.5535714298,765112.9285714299,0,305844.4242309106,90147636.54767205,5314
288,4626,766946.4523809551,6459.523809523805,765112.9285714299,766946.4523809535,0,291223.75904448767,90438860.30671653,4980
289,4568,768837.9761904787,6459.523809523805,766946.4523809535,768837.9761904749,0,284077.05974313477,90722937.36645967,5404
290,4546,768458.4047619033,4166.428571428578,768837.9761904749,768458.404761904,0,277306.6475690272,91000244.0140287,5153
291,4015,768609.8333333324,4166.428571428578,768458.404761904,768609.8333333317,0,268977.9547157781,91269221.96874447,4817
292,3884,766987.0476190449,2261.214285714292,768609.8333333317,766987.0476190471,0,260456.92661679906,91529678.89536127,4720
293,3528,765720.2619047603,2261.214285714292,766987.0476190471,765720.2619047625,0,230983.0962007878,91760661.99156207,4364
294,3741,763233.7380952376,1254.47619047619,765720.2619047625,763233.7380952388,0,248682.50343308825,92009344.49499516,3985
295,3193,761295.214285714,1254.47619047619,763233.7380952388,761295.2142857153,0,247963.30592980538,92257307.80092497,3443
296,3096,759336.5952380941,1137.3809523809502,761295.2142857153,759336.5952380946,0,226166.1890179698,92483473.98994294,3447
297,2729,757744.9761904734,1137.3809523809502,759336.5952380946,757744.9761904761,0,235377.63434513102,92718851.62428807,3039
298,2538,758103.3333333315,2896.3571428571463,757744.9761904761,758103.3333333338,0,248312.59449979098,92967164.21878786,3009
299,2674,758325.6904761893,2896.3571428571463,758103.3333333338,758325.6904761895,0,232235.00428931782,93199399.22307718,2789
300,1980,762461.3809523819,6115.690476190475,758325.6904761895,762461.3809523822,0,232702.0689423765,93432101.29201956,2283
301,2590,765987.0714285746,6115.690476190475,762461.3809523822,765987.071428572,0,237378.04591251747,93669479.33793208,2813
302,2774,771177.0714285724,7963.999999999989,765987.071428572,771177.0714285701,0,248385.01341364643,93917864.35134573,3114
303,2250,776891.0714285705,7963.999999999989,771177.0714285701,776891.0714285698,0,223664.88819324068,94141529.23953897,4053
304,2878,783032.2380952353,9019.166666666664,776891.0714285698,783032.2380952371,0,250768.5824768049,94392297.82201578,3897
305,2888,789163.4047619025,9019.166666666664,783032.2380952371,789163.4047619055,0,242704.96040812496,94635002.7824239,4717
306,3588,796423.1904761919,10847.785714285717,789163.4047619055,796423.1904761923,0,268306.5286559996,94903309.3110799,5181
307,4169,803101.9761904787,10847.785714285717,796423.1904761923,803101.9761904757,0,292731.942190658,95196041.25327057,5584
308,3942,810139.0476190462,10979.071428571422,803101.9761904757,810139.0476190478,0,287338.1387651081,95483379.39203568,5065
309,4575,816543.1190476182,10979.071428571422,810139.0476190478,816543.1190476199,0,305848.3299559911,95789227.72199167,5409
310,4055,823112.5952380965,10624.476190476189,816543.1190476199,823112.5952380938,0,308744.91581930453,96097972.63781098,5613
311,4750,828987.0714285704,10624.476190476189,823112.5952380938,828987.0714285726,0,316099.7786151078,96414072.41642608,5720
312,4378,835383.9761904783,10774.904761904767,828987.0714285726,835383.9761904755,0,294586.18012798403,96708658.59655406,5540
313,4736,841422.8809523812,10774.904761904767,835383.9761904755,841422.8809523806,0,293638.9035810344,97002297.5001351,5908
314,4937,848278.0238095241,11792.142857142855,841422.8809523806,848278.0238095255,0,330937.2422586662,97333234.74239376,6121
315,4140,855930.1666666691,11792.142857142855,848278.0238095255,855930.1666666669,0,300695.7636164392,97633930.5060102,6419
316,4957,862514.4761904766,11541.30952380952,855930.1666666669,862514.476190478,0,307102.4744343434,97941032.98044455,6196
317,5187,868868.7857142877,11541.30952380952,862514.476190478,868868.7857142864,0,315759.09282400983,98256792.07326856,6877
318,5448,874626.6666666673,11205.880952380967,868868.7857142864,874626.666666667,0,338238.21871881647,98595030.29198737,7175
319,5907,879925.5476190479,11205.880952380967,874626.666666667,879925.5476190461,0,327107.6608230099,98922137.95281038,7280
320,5306,885164.7380952378,10545.190476190486,879925.5476190461,885164.738095236,0,304812.9893493067,99226950.94215968,7444
321,5670,890039.9285714277,10545.190476190486,885164.738095236,890039.928571428,0,326300.62914134504,99553251.57130103,7597
322,4539,895143.6428571405,9642.714285714286,890039.928571428,895143.6428571425,0,285067.4042424066,99838318.97554344,7787
323,5693,899093.357142855,9642.714285714286,895143.6428571425,899093.3571428554,0,322888.4989970431,100161207.47454049,7786
324,4918,903730.119047618,9554.761904761903,899093.3571428554,903730.1190476186,0,283900.89886930725,100445108.3734098,8546
325,6108,907176.8809523812,9554.761904761903,903730.1190476186,907176.8809523825,0,336860.7870847512,100781969.16049455,8366
326,6008,911909.404761907,10740.523809523826,907176.8809523825,911909.4047619054,0,332407.3064054249,101114376.46689998,8361
327,6489,916160.9285714299,10740.523809523826,911909.4047619054,916160.9285714277,0,349748.2003043989,101464124.66720438,7459
328,5520,921954.6904761893,11313.761904761905,916160.9285714277,921954.6904761909,0,328458.0992559299,101792582.76646031,6594
329,5946,927322.4523809524,11313.761904761905,921954.6904761909,927322.4523809536,0,324603.8254219712,102117186.59188229,7240
330,6303,932164.1428571449,11144.690476190484,927322.4523809536,932164.1428571424,0,329164.80468935135,102446351.39657164,7265
331,6488,936820.8333333337,11144.690476190484,932164.1428571424,936820.8333333327,0,326705.3345857969,102773056.73115744,7684
332,6295,940732.8333333317,10207.000000000002,936820.8333333327,940732.8333333334,0,333269.3636931776,103106326.09485061,7104
333,5669,945270.8333333324,10207.000000000002,940732.8333333334,945270.8333333351,0,339466.0513845817,103445792.1462352,6842
334,6171,947747.7857142859,8647.95238095239,945270.8333333351,947747.7857142866,0,390320.1897683435,103836112.33600354,6946
335,6080,950315.7380952374,8647.95238095239,947747.7857142866,950315.7380952376,0,331511.3853463409,104167623.72134988,6874
336,5743,951032.2619047628,6459.523809523805,950315.7380952376,951032.261904761,0,347804.33224672335,104515428.0535966,6608
337,4575,952916.7857142861,6459.523809523805,951032.261904761,952916.7857142843,0,291473.0112595862,104806901.06485619,6316
338,4765,952318.2142857127,4166.428571428578,952916.7857142843,952318.2142857148,0,301657.3124524917,105108558.37730868,5702
339,4611,951873.6428571432,4166.428571428578,952318.2142857148,951873.6428571432,0,303439.4116109674,105411997.78891964,4866
340,4349,949785.8571428563,2261.214285714292,951873.6428571432,949785.8571428583,0,271442.5657758432,105683440.35469548,5920
341,3505,948542.0714285715,2261.214285714292,949785.8571428583,948542.0714285708,0,251763.36276692338,105935203.7174624,3940
342,2567,947229.547619046,1254.47619047619,948542.0714285708,947229.5476190471,0,225252.32524341796,106160456.04270582,3221
343,3102,945382.0238095223,1254.47619047619,947229.5476190471,945382.0238095248,0,239422.5240141253,106399878.56671995,3489
344,2147,944372.4047619037,1137.3809523809502,945382.0238095248,944372.4047619042,0,218549.50836252817,106618428.07508248,3428
345,2460,943049.785714283,1137.3809523809502,944372.4047619042,943049.7857142853,0,227579.4367257595,106846007.51180825,2615
346,2158,943788.1428571407,2896.3571428571463,943049.7857142853,943788.1428571418,0,210748.5013705529,107056756.0131788,2268
347,2782,943902.4999999972,2896.3571428571463,943788.1428571418,943902.4999999994,0,225708.54089422134,107282464.55407302,3039
348,2441,947577.1904761918,6115.690476190475,943902.4999999994,947577.1904761911,0,232198.14789305342,107514662.70196608,2625
349,2630,951062.8809523835,6115.690476190475,947577.1904761911,951062.8809523819,0,229174.77108682907,107743837.4730529,3019
350,3139,955887.8809523823,7963.999999999989,951062.8809523819,955887.8809523819,0,248645.36071638213,107992482.83376929,3365
351,2654,961197.8809523823,7963.999999999989,955887.8809523819,961197.8809523807,0,232687.77961164326,108225170.61338094,4303
352,3279,966938.0476190462,9019.166666666664,961197.8809523807,966938.0476190475,0,261113.6637182541,108486284.27709919,4627
353,3233,972724.2142857129,9019.166666666664,966938.0476190475,972724.2142857133,0,247916.34973519505,108734200.62683439,4884
354,3976,979595.9999999997,10847.785714285717,972724.2142857133,979596.0000000002,0,281182.11916801374,109015382.7460024,5580
355,4178,986265.7857142866,10847.785714285717,979596.0000000002,986265.7857142859,0,287629.2115361537,109303011.95753856,5638
356,4594,992650.8571428563,10979.071428571422,986265.7857142859,992650.8571428584,0,309854.2646239061,109612866.22216247,5984
357,4399,999230.9285714289,10979.071428571422,992650.8571428584,999230.9285714289,0,299953.9654912459,109912820.18765372,5758
358,4233,1005622.4047619055,10624.476190476189,999230.9285714289,1005622.4047619054,0,300489.39502037683,110213309.5826741,6005
359,4483,1011763.8809523821,10624.476190476189,1005622.4047619054,1011763.8809523811,0,295053.1017508942,110508362.684425,5407
360,4677,1017861.7857142867,10774.904761904767,1011763.8809523811,1017861.7857142854,0,266623.97770210705,110774986.6621271,6338
361,3999,1024637.6904761911,10774.904761904767,1017861.7857142854,1024637.6904761917,0,271631.1167746791,111046617.77890179,5438
362,5225,1031204.8333333352,11792.142857142855,1024637.6904761917,1031204.8333333342,0,310895.24192862306,111357513.02083041,5982
363,4468,1038528.9761904777,11792.142857142855,1031204.8333333342,1038528.9761904746,0,282754.6620147339,111640267.68284515,5795
364,5256,1044814.2857142829,11541.30952380952,1038528.9761904746,1044814.2857142858,0,332552.01743989903,111972819.70028505,6312
365,5335,1051020.595238095,11541.30952380952,1044814.2857142858,1051020.5952380926,0,292967.6238230021,112265787.32410805,7007
366,5313,1056913.4761904706,11205.880952380967,1051020.5952380926,1056913.476190475,0,296468.4909860976,112562255.81509414,6621
367,5270,1062849.357142853,11205.880952380967,1056913.476190475,1062849.3571428554,0,328683.8673857105,112890939.68247986,6980
368,4490,1068904.5476190445,10545.190476190486,1062849.3571428554,1068904.5476190473,0,303485.6931219108,113194425.37560177,6915
369,4984,1074465.7380952365,10545.190476190486,1068904.5476190473,1074465.7380952395,0,310711.06827494304,113505136.44387671,7551
370,5288,1078820.452380955,9642.714285714286,1074465.7380952395,1078820.4523809487,0,353015.30569595547,113858151.74957266,7554
371,4044,1084419.1666666642,9642.714285714286,1078820.4523809487,1084419.1666666672,0,290776.76253435743,114148928.51210701,6677
372,4701,1089272.928571431,9554.761904761903,1084419.1666666672,1089272.928571432,0,330721.70199544885,114479650.21410246,6331
373,4852,1093975.6904761957,9554.761904761903,1089272.928571432,1093975.69047619,0,324130.7460657195,114803780.96016818,7220
374,4703,1100013.214285712,10740.523809523826,1093975.69047619,1100013.2142857127,0,331218.63152493746,115134999.59169312,7142
375,4574,1106179.7380952346,10740.523809523826,1100013.2142857127,1106179.738095237,0,311635.9149205453,115446635.50661366,6377
376,4766,1112727.5000000002,11313.761904761905,1106179.738095237,1112727.4999999972,0,302028.7598782035,115748664.26649186,6117
377,5195,1118846.2619047605,11313.761904761905,1112727.4999999972,1118846.2619047628,0,333575.54634450295,116082239.81283636,6126
378,5911,1124079.9523809543,11144.690476190484,1118846.2619047628,1124079.952380952,0,344051.4090105201,116426291.22184688,6640
379,5447,1129777.6428571434,11144.690476190484,1124079.952380952,1129777.6428571453,0,338106.68601296784,116764397.90785985,6475
380,5519,1134465.6428571444,10207.000000000002,1129777.6428571453,1134465.642857143,0,337018.4340617181,117101416.34192157,6551
381,5081,1139591.642857142,10207.000000000002,1134465.642857143,1139591.6428571423,0,339558.18676402105,117440974.52868558,6154
382,5461,1142778.5952380914,8647.95238095239,1139591.6428571423,1142778.5952380938,0,349336.77634463937,117790311.30503023,6502
383,5080,1146346.547619043,8647.95238095239,1142778.5952380938,1146346.5476190473,0,327229.2601165415,118117540.56514677,6048
384,4248,1148558.071428568,6459.523809523805,1146346.5476190473,1148558.0714285702,0,299714.6082150064,118417255.17336178,4996
385,4482,1150535.595238091,6459.523809523805,1148558.0714285702,1150535.595238098,0,320045.08339855704,118737300.25676033,5202
386,3927,1150775.0238095229,4166.428571428578,1150535.595238098,1150775.023809524,0,287738.70474321407,119025038.96150355,4532
387,4133,1150808.452380949,4166.428571428578,1150775.023809524,1150808.452380951,0,291357.56574973615,119316396.52725329,4644
388,3925,1149144.6666666528,2261.214285714292,1150808.452380951,1149144.6666666626,0,280150.74093921314,119596547.2681925,4430
389,3722,1147683.8809523643,2261.214285714292,1149144.6666666626,1147683.8809523806,0,250528.34776312916,119847075.61595564,4212
390,3338,1145600.357142846,1254.47619047619,1147683.8809523806,1145600.357142856,0,242558.0170790684,120089633.6330347,3465
391,3271,1143583.8333333216,1254.47619047619,1145600.357142856,1143583.8333333347,0,250504.38458388357,120340138.0176186,3452
392,3034,1141687.2142857031,1137.3809523809502,1143583.8333333347,1141687.214285717,0,233796.06479881247,120573934.08241741,3650
393,2843,1139981.5952380856,1137.3809523809502,1141687.214285717,1139981.5952380963,0,239093.02790870066,120813027.11032611,3135
394,2781,1140096.9523809478,2896.3571428571463,1139981.5952380963,1140096.9523809555,0,229117.53042600382,121042144.64075212,3183
395,2766,1140227.309523807,2896.3571428571463,1140096.9523809555,1140227.3095238123,0,246116.72995752504,121288261.37070964,2893
396,3197,1143145.9999999981,6115.690476190475,1140227.3095238123,1143145.9999999986,0,255285.20447458804,121543546.57518423,3553
397,2769,1146492.6904761845,6115.690476190475,1143145.9999999986,1146492.6904761887,0,244408.67901691364,121787955.25420114,3674
398,2276,1152180.690476191,7963.999999999989,1146492.6904761887,1152180.690476193,0,232849.25905964602,122020804.5132608,2595
399,2658,1157486.6904761954,7963.999999999989,1152180.690476193,1157486.6904761884,0,235367.8758321124,122256172.3890929,3671
400,3126,1163379.8571428547,9019.166666666664,1157486.6904761884,1163379.857142859,0,252169.81264445302,122508342.20173736,4055
401,2961,1169438.0238095252,9019.166666666664,1163379.857142859,1169438.023809522,0,233605.99302186328,122741948.19475922,4601
402,3217,1177068.8095238025,10847.785714285717,1169438.023809522,1177068.8095238146,0,261710.36709532895,123003658.56185456,4988
403,3763,1184153.5952380951,10847.785714285717,1177068.8095238146,1184153.5952380938,0,273623.0101736019,123277281.57202816,5008
404,4210,1190922.6666666642,10979.071428571422,1184153.5952380938,1190922.6666666677,0,282490.8160210602,123559772.38804922,5123
405,3627,1198274.738095238,10979.071428571422,1190922.6666666677,1198274.7380952374,0,268090.1262527225,123827862.51430194,5372
406,4481,1204418.21428571,10624.476190476189,1198274.7380952374,1204418.2142857162,0,326269.12250223616,124154131.63680418,5758
407,4681,1210361.6904761887,10624.476190476189,1204418.2142857162,1210361.6904761891,0,298580.1450145163,124452711.78181869,5692
408,4496,1216640.5952380921,10774.904761904767,1210361.6904761891,1216640.595238099,0,291232.29733457917,124743944.07915327,5785
409,5239,1222176.500000002,10774.904761904767,1216640.595238099,1222176.500000001,0,316534.2915666973,125060478.37071997,6053
410,5599,1228369.6428571418,11792.142857142855,1222176.500000001,1228369.6428571427,0,333318.5438772205,125393796.91459718,6440
411,6045,1234116.7857142836,11792.142857142855,1228369.6428571427,1234116.7857142847,0,331919.53316002456,125725716.44775721,7242
412,4967,1240691.0952380926,11541.30952380952,1234116.7857142847,1240691.0952380935,0,310910.23865421343,126036626.68641143,7571
413,5184,1247048.4047619014,11541.30952380952,1240691.0952380935,1247048.4047619072,0,311475.1522760638,126348101.8386875,6865
414,5232,1253022.2857142852,11205.880952380967,1247048.4047619072,1253022.2857142845,0,319141.1680960184,126667243.00678352,6615
415,5044,1259184.1666666626,11205.880952380967,1253022.2857142845,1259184.166666669,0,309883.3231795661,126977126.32996309,6794
416,5560,1264169.3571428582,10545.190476190486,1259184.166666669,1264169.3571428577,0,330788.5305148545,127307914.86047794,6918
417,5757,1268957.5476190469,10545.190476190486,1264169.3571428577,1268957.5476190473,0,332123.27339913987,127640038.13387708,7132
418,5003,1273597.2619047628,9642.714285714286,1268957.5476190473,1273597.2619047614,0,306143.8944559186,127946182.02833301,7485
419,5906,1277333.976190477,9642.714285714286,1273597.2619047614,1277333.9761904727,0,347945.8939135518,128294127.92224656,7741
420,4799,1282089.7380952365,9554.761904761903,1277333.9761904727,1282089.7380952407,0,305073.07652084174,128599200.9987674,7597
421,5306,1286338.5000000044,9554.761904761903,1282089.7380952407,1286338.5000000005,0,306724.7146423361,128905925.71340974,8395
422,5749,1291330.0238095224,10740.523809523826,1286338.5000000005,1291330.0238095196,0,339219.54339476785,129245145.25680451,8546
423,4562,1297508.5476190415,10740.523809523826,1291330.0238095196,1297508.5476190476,0,294561.8781765155,129539707.13498102,6343
424,4665,1304157.3095238109,11313.761904761905,1297508.5476190476,1304157.3095238067,0,309976.64732345927,129849683.78230448,7434
425,4932,1310539.07142857,11313.761904761905,1304157.3095238067,1310539.0714285728,0,335264.9054678198,130184948.6877723,6453
426,5213,1316470.7619047642,11144.690476190484,1310539.0714285728,1316470.7619047626,0,324051.7062830834,130509000.39405538,6480
427,6170,1321445.452380954,11144.690476190484,1316470.7619047626,1321445.4523809543,0,377335.9977366172,130886336.391792,7217
428,5729,1325923.4523809534,10207.000000000002,1321445.4523809543,1325923.4523809552,0,355593.9899271459,131241930.38171914,6992
429,6027,1330103.4523809543,10207.000000000002,1325923.4523809552,1330103.4523809522,0,356022.2027428424,131597952.58446199,7111
430,6307,1332444.4047619014,8647.95238095239,1330103.4523809522,1332444.4047619062,0,347113.9058580814,131945066.49032007,6858
431,6290,1334802.3571428554,8647.95238095239,1332444.4047619062,1334802.3571428605,0,324501.11936659605,132269567.60968667,7368
432,6179,1335082.8809523813,6459.523809523805,1334802.3571428605,1335082.8809523822,0,337188.86577500985,132606756.47546168,6788
433,5439,1336103.404761903,6459.523809523805,1335082.8809523822,1336103.4047619067,0,297965.8123345477,132904722.28779623,7294
434,5258,1335011.8333333316,4166.428571428578,1336103.4047619067,1335011.8333333347,0,296696.7823860737,133201419.07018231,6224
435,4268,1334910.2619047596,4166.428571428578,1335011.8333333347,1334910.2619047617,0,283151.3678824472,133484570.43806475,5856
436,4156,1333015.4761904634,2261.214285714292,1334910.2619047617,1333015.4761904741,0,275765.67458689644,133760336.11265165,4729
437,4059,1331217.6904761759,2261.214285714292,1333015.4761904741,1331217.6904761912,0,255858.99945550453,134016195.11210716,4812
438,3599,1328873.1666666567,1254.47619047619,1331217.6904761912,1328873.1666666656,0,244265.35100753,134260460.46311468,4716
439,4164,1325963.642857131,1254.47619047619,1328873.1666666656,1325963.6428571425,0,264033.6418391229,134524494.1049538,4267
440,3373,1323728.023809511,1137.3809523809502,1325963.6428571425,1323728.023809525,0,232390.37267215177,134756884.47762594,4630
441,3707,1321158.4047618934,1137.3809523809502,1323728.023809525,1321158.4047619035,0,242771.06928161767,134999655.54690754,3946
442,3545,1320509.761904755,2896.3571428571463,1321158.4047619035,1320509.761904763,0,251774.70643761248,135251430.25334516,3978
443,3942,1319464.1190476145,2896.3571428571463,1320509.761904763,1319464.119047617,0,266705.9653319371,135518136.2186771,4049
444,3337,1322242.809523803,6115.690476190475,1319464.119047617,1322242.8095238085,0,275285.6054690235,135793421.82414612,3445
445,3192,1325166.4999999944,6115.690476190475,1322242.8095238085,1325166.4999999974,0,244172.22384115998,136037594.04798728,3863
446,3399,1329731.4999999998,7963.999999999989,1325166.4999999974,1329731.5000000014,0,252631.03425573366,136290225.08224303,3648
447,3048,1334647.5000000037,7963.999999999989,1329731.5000000014,1334647.4999999988,0,236220.11447581663,136526445.19671884,4070
448,4048,1339618.666666665,9019.166666666664,1334647.4999999988,1339618.6666666649,0,258650.0976290229,136785095.29434785,5016
449,3276,1345361.8333333312,9019.166666666664,1339618.6666666649,1345361.8333333393,0,251354.699904644,137036449.9942525,5248
450,3353,1352856.6190476199,10847.785714285717,1345361.8333333393,1352856.6190476175,0,276142.48908911203,137312592.4833416,5350
451,3676,1360028.404761898,10847.785714285717,1352856.6190476175,1360028.4047619028,0,261610.22516620482,137574202.7085078,5679
452,4069,1366938.4761904732,10979.071428571422,1360028.4047619028,1366938.4761904776,0,288389.31898411334,137862592.02749193,5682
453,3942,1373975.547619048,10979.071428571422,1366938.4761904776,1373975.5476190469,0,272552.1249012999,138135144.15239322,5542
454,4875,1379725.0238095194,10624.476190476189,1373975.5476190469,1379725.0238095247,0,333450.3007858512,138468594.45317906,5683
455,4677,1385672.4999999972,10624.476190476189,1379725.0238095247,1385672.4999999977,0,327839.6966463055,138796434.14982536,6093
456,4776,1391671.4047619007,10774.904761904767,1385672.4999999977,1391671.4047619079,0,312990.34612983046,139109424.4959552,5974
457,4511,1397935.3095238109,10774.904761904767,1391671.4047619079,1397935.309523812,0,296784.20688102127,139406208.70283622,5595
458,4177,1405550.452380953,11792.142857142855,1397935.309523812,1405550.4523809534,0,286143.1695741558,139692351.87241036,5180
459,4234,1413108.5952380942,11792.142857142855,1405550.4523809534,1413108.595238098,0,284361.5238408292,139976713.39625117,5933
460,4960,1419689.9047619058,11541.30952380952,1413108.595238098,1419689.9047619072,0,294825.3416110235,140271538.7378622,6275
461,4467,1426764.214285715,11541.30952380952,1419689.9047619072,1426764.214285713,0,290783.871276212,140562322.6091384,6228
462,5303,1432667.095238091,11205.880952380967,1426764.214285713,1432667.095238093,0,313660.65412750555,140875983.2632659,6535
463,6195,1437677.976190471,11205.880952380967,1432667.095238093,1437677.9761904753,0,315957.04507594596,141191940.30834186,7350
464,6134,1442089.1666666644,10545.190476190486,1437677.9761904753,1442089.1666666653,0,359020.46252570517,141550960.77086756,7295
465,6157,1446477.3571428545,10545.190476190486,1442089.1666666653,1446477.3571428566,0,352624.83378823195,141903585.6046558,7958
466,4328,1451792.071428572,9642.714285714286,1446477.3571428566,1451792.071428573,0,304739.40978342004,142208325.01443923,7652
467,6326,1455108.7857142885,9642.714285714286,1451792.071428573,1455108.785714284,0,343591.4177386927,142551916.43217793,8582
468,4381,1460282.5476190478,9554.761904761903,1455108.785714284,1460282.5476190497,0,295029.0777635811,142846945.50994152,8183
469,5175,1464662.3095238134,9554.761904761903,1460282.5476190497,1464662.3095238132,0,304468.9570675929,143151414.4670091,8483
470,6241,1469161.8333333351,10740.523809523826,1464662.3095238132,1469161.8333333333,0,324511.8249104232,143475926.29191953,8567
471,7236,1472666.3571428552,10740.523809523826,1469161.8333333333,1472666.3571428554,0,372623.7715578087,143848550.06347734,8894
472,7349,1476631.1190476187,11313.761904761905,1472666.3571428554,1476631.1190476208,0,369826.5071111356,144218376.57058847,8383
473,7936,1480008.880952384,11313.761904761905,1476631.1190476208,1480008.8809523806,0,360680.4807708441,144579057.05135933,8813
474,8061,1483092.571428572,11144.690476190484,1480008.8809523806,1483092.5714285718,0,376234.1172875114,144955291.16864684,9075
475,7279,1486958.2619047633,11144.690476190484,1483092.5714285718,1486958.2619047633,0,348694.83461734676,145303986.0032642,8342
476,7359,1489806.2619047624,10207.000000000002,1486958.2619047633,1489806.261904765,0,376915.2363467261,145680901.2396109,8581
477,6836,1493177.261904764,10207.000000000002,1489806.261904765,1493177.2619047621,0,361480.8502370608,146042382.08984798,8152
478,7480,1494345.2142857113,8647.95238095239,1493177.2619047621,1494345.214285715,0,379778.1412071119,146422160.23105508,8397
479,7258,1495735.1666666642,8647.95238095239,1494345.214285715,1495735.1666666663,0,386063.1528584736,146808223.38391355,8236
480,6270,1497103.6666666663,7638.5,1495735.1666666663,1497103.6666666658,0,328671.74860697926,147136895.13252053,7263
481,5686,1499056.1666666658,7638.5,1497103.6666666658,1499056.166666665,0,296790.0148749165,147433685.14739543,6845
482,5856,1498407.666666665,5207.5,1499056.166666665,1498407.6666666656,0,293006.0029921174,147726691.15038756,7111
483,5769,1497846.1666666656,5207.5,1498407.6666666656,1497846.1666666665,0,378610.4245390659,148105301.5749266,6528
484,4264,1496762.7916666665,3180.625,1497846.1666666665,1496762.7916666653,0,277315.53800819546,148382617.1129348,5094
485,3874,1496069.4166666653,3180.625,1496762.7916666653,1496069.4166666658,0,282121.46630774334,148664738.57924253,4129
486,4326,1493552.7291666658,1809.3125,1496069.4166666658,1493552.7291666656,0,270762.1395622613,148935500.71880478,4973
487,3896,1491466.0416666656,1809.3125,1493552.7291666656,1491466.041666666,0,248893.47119207768,149184394.18999687,4102
488,3164,1489769.104166666,1467.0625,1491466.041666666,1489769.104166665,0,244675.6923381263,149429069.882335,3965
489,3629,1487607.166666665,1467.0625,1489769.104166665,1487607.1666666656,0,260501.28539885435,149689571.16773385,3826
490,3273,1487359.0416666656,3024.875,1487607.1666666656,1487359.0416666656,0,258637.45567051927,149948208.62340435,3917
491,3072,1487311.9166666656,3024.875,1487359.0416666656,1487311.9166666653,0,245364.01582300375,150193572.63922736,3184
492,3293,1488632.3541666653,4613.4375,1487311.9166666653,1488632.354166666,0,253324.0308881775,150446896.67011553,3450
493,3585,1489660.791666666,4613.4375,1488632.354166666,1489660.791666666,0,247661.6496503718,150694558.3197659,3746
494,2913,1493079.354166666,6331.5625,1489660.791666666,1493079.3541666658,0,244249.37955031072,150938807.6993162,3291
495,3358,1496052.9166666658,6331.5625,1493079.3541666658,1496052.916666666,0,273547.69734221615,151212355.39665842,3808
496,3276,1501489.916666666,8713.0,1496052.916666666,1501489.9166666658,0,268126.543707672,151480481.9403661,3882
497,3263,1506939.9166666658,8713.0,1501489.9166666658,1506939.916666666,0,261055.53967753853,151741537.48004362,4419
498,3034,1513496.791666666,9590.875,1506939.916666666,1513496.7916666663,0,253807.05457189877,151995344.53461552,3925
499,3537,1519550.6666666663,9590.875,1513496.7916666663,1519550.666666666,0,261044.27052622853,152256388.80514175,4724
500,3451,1526039.041666666,9939.375,1519550.666666666,1526039.041666665,0,269672.969837773,152526061.77497953,4316
501,4111,1531867.416666665,9939.375,1526039.041666665,1531867.4166666653,0,301673.509236904,152827735.28421643,5176
502,4067,1538010.0416666653,10209.625,1531867.4166666653,1538010.041666666,0,279475.0296066165,153107210.31382304,4936
503,4122,1544097.666666666,10209.625,1538010.041666666,1544097.6666666658,0,278605.1750089186,153385815.48883197,5546
504,4221,1550560.9166666658,10684.25,1544097.6666666658,1550560.916666666,0,291509.34828419227,153677324.83711615,5304
505,4977,1556268.166666666,10684.25,1550560.916666666,1556268.166666666,0,313225.3652115351,153990550.2023277,5843
506,5147,1562324.979166666,11203.8125,1556268.166666666,1562324.9791666658,0,292284.2649826962,154282834.4673104,6186
507,4973,1568555.7916666658,11203.8125,1562324.9791666658,1568555.7916666653,0,310972.28001872246,154593806.74732912,6465
508,4786,1574808.9791666653,11039.1875,1568555.7916666653,1574808.9791666656,0,328382.3019861994,154922189.0493153,6564
509,4647,1581201.1666666656,11039.1875,1574808.9791666656,1581201.166666666,0,321922.2250497586,155244111.27436507,5874
510,5066,1586898.791666666,10763.625,1581201.166666666,1586898.7916666665,0,298277.741014982,155542389.01538005,6299
511,4661,1593001.4166666665,10763.625,1586898.7916666665,1593001.4166666658,0,280698.0446652136,155823087.06004527,6360
512,5600,1598039.0416666658,10637.625,1593001.4166666658,1598039.0416666658,0,298076.659506688,156121163.71955195,6634
513,5064,1603612.6666666658,10637.625,1598039.0416666658,1603612.666666666,0,277416.14717687096,156398579.8667288,6638
514,6478,1608085.354166666,10950.6875,1603612.666666666,1608085.354166666,0,323632.91027432156,156722212.77700314,7203
515,5372,1613664.041666666,10950.6875,1608085.354166666,1613664.0416666656,0,281684.29688866995,157003897.07389182,6665
516,5937,1618047.1666666656,10320.125,1613664.0416666656,1618047.1666666658,0,353486.2645766306,157357383.33846846,6969
517,5557,1622810.2916666658,10320.125,1618047.1666666658,1622810.2916666658,0,323094.6213329865,157680477.95980144,6873
518,5347,1628018.2291666658,10554.9375,1622810.2916666658,1628018.2291666665,0,332893.1486143051,158013371.10841575,6890
519,5892,1632681.1666666665,10554.9375,1628018.2291666665,1632681.1666666663,0,342148.61924787215,158355519.72766364,7126
520,5853,1637663.2916666663,10835.125,1632681.1666666663,1637663.291666666,0,343181.03287552367,158698700.76053917,7594
521,5406,1643092.416666666,10835.125,1637663.291666666,1643092.4166666653,0,291691.7745804497,158990392.53511962,6358
522,5296,1648158.5416666653,10362.125,1643092.4166666653,1648158.541666666,0,325660.41994319466,159316052.9550628,6463
523,4502,1654018.666666666,10362.125,1648158.541666666,1654018.6666666653,0,301362.48141130025,159617415.4364741,5594
524,4279,1659117.2916666653,9377.625,1654018.6666666653,1659117.2916666663,0,288402.24494139035,159905817.6814155,5536
525,5133,1663361.9166666663,9377.625,1659117.2916666663,1663361.916666666,0,324259.679387997,160230077.36080348,5766
526,4246,1666907.291666666,7791.375,1663361.916666666,1666907.2916666658,0,276649.6201402484,160506726.98094374,5537
527,4197,1670501.6666666658,7791.375,1666907.2916666658,1670501.666666666,0,287599.45529421617,160794326.43623796,4531
528,4095,1674045.166666666,7638.5,1670501.666666666,1674045.166666666,0,278984.44405111234,161073310.88028908,5400
529,4310,1677373.666666666,7638.5,1674045.166666666,1677373.6666666653,0,295626.7743254808,161368937.65461457,5066
530,3494,1679087.1666666653,5207.5,1677373.6666666653,1679087.1666666663,0,264589.7672945094,161633527.42190906,4545
531,3596,1680698.6666666663,5207.5,1679087.1666666663,1680698.6666666656,0,288506.5901144061,161922034.01202348,4463
532,3430,1680449.2916666656,3180.625,1680698.6666666656,1680449.2916666658,0,266133.8923250669,162188167.90434855,4063
533,3120,1680509.9166666658,3180.625,1680449.2916666658,1680509.9166666663,0,251727.19560297625,162439895.09995154,4030
534,2887,1679432.2291666663,1809.3125,1680509.9166666663,1679432.2291666658,0,239892.73010682297,162679787.83005837,3964
535,2211,1679030.5416666658,1809.3125,1679432.2291666658,1679030.5416666658,0,220631.17492907407,162900419.00498745,3042
536,2736,1677761.6041666658,1467.0625,1679030.5416666658,1677761.6041666656,0,221845.06175205682,163122264.0667395,3182
537,2091,1677137.6666666656,1467.0625,1677761.6041666656,1677137.6666666653,0,212498.22108582078,163334762.28782532,2404
538,2006,1678156.5416666653,3024.875,1677137.6666666653,1678156.5416666656,0,216049.888995042,163550812.17682037,2200
539,2058,1679123.4166666656,3024.875,1678156.5416666656,1679123.4166666656,0,220537.51619187056,163771349.69301224,2170
540,2002,1681734.8541666656,4613.4375,1679123.4166666656,1681734.854166666,0,215807.66239850447,163987157.35541075,2156
541,2486,1683862.291666666,4613.4375,1681734.854166666,1683862.2916666667,0,236310.19569736824,164223467.55110812,2605
542,2368,1687825.8541666667,6331.5625,1683862.2916666667,1687825.8541666653,0,226559.1799076601,164450026.73101577,2708
543,2364,1691793.4166666653,6331.5625,1687825.8541666653,1691793.416666666,0,219872.4343346079,164669899.16535038,2951
544,2579,1697927.416666666,8713.0,1691793.416666666,1697927.416666666,0,243076.34476716892,164912975.51011756,3069
545,2867,1703773.416666666,8713.0,1697927.416666666,1703773.4166666665,0,236388.7226577617,165149364.23277533,3390
546,3047,1710317.2916666665,9590.875,1703773.4166666665,1710317.2916666665,0,257310.8133979428,165406675.04617327,3946
547,2940,1716968.1666666665,9590.875,1710317.2916666665,1716968.1666666658,0,241194.89540985483,165647869.94158313,4023
548,3678,1723229.5416666658,9939.375,1716968.1666666658,1723229.5416666658,0,266161.6135065589,165914031.55508968,4281
549,3621,1729547.9166666658,9939.375,1723229.5416666658,1729547.9166666658,0,253673.3930014521,166167704.94809115,4669
550,3794,1735963.5416666658,10209.625,1729547.9166666658,1735963.5416666665,0,257562.6630341246,166425267.61112526,4500
551,4160,1742013.1666666665,10209.625,1735963.5416666665,1742013.166666667,0,277173.3888394065,166702440.99996465,4817
552,4061,1748636.416666667,10684.25,1742013.166666667,1748636.4166666653,0,278767.6472087607,166981208.6471734,4764
553,4291,1755029.6666666653,10684.25,1748636.4166666653,1755029.6666666665,0,270107.50748586806,167251316.15465927,5141
554,4497,1761736.4791666665,11203.8125,1755029.6666666665,1761736.479166666,0,276936.3815714412,167528252.5362307,5078
555,4540,1768400.291666666,11203.8125,1761736.479166666,1768400.2916666658,0,295007.603183237,167823260.13941395,5750
556,4385,1775054.4791666658,11039.1875,1768400.2916666658,1775054.4791666663,0,310882.7183463181,168134142.85776028,5438
557,3836,1782257.6666666663,11039.1875,1775054.4791666663,1782257.666666666,0,265667.592384682,168399810.45014498,5041
558,3802,1789219.291666666,10763.625,1782257.666666666,1789219.2916666653,0,270284.49676350603,168670094.94690847,5029
559,4139,1795843.9166666653,10763.625,1789219.2916666653,1795843.9166666658,0,305441.6583319128,168975536.60524037,5436
560,4361,1802120.5416666658,10637.625,1795843.9166666658,1802120.541666666,0,286732.11565725086,169262268.72089761,5353
561,4437,1808321.166666666,10637.625,1802120.541666666,1808321.1666666656,0,289423.5023243063,169551692.22322193,5906
562,4104,1815167.8541666656,10950.6875,1808321.1666666656,1815167.8541666665,0,270773.2309312149,169822465.45415315,5946
563,4195,1821923.5416666665,10950.6875,1815167.8541666665,1821923.5416666658,0,291055.1721981863,170113520.62635133,5153
564,3751,1828492.6666666658,10320.125,1821923.5416666658,1828492.666666666,0,282761.02771605644,170396281.6540674,5472
565,4799,1834013.791666666,10320.125,1828492.666666666,1834013.7916666663,0,295598.24079486565,170691879.89486226,6038
566,4378,1840190.7291666663,10554.9375,1834013.7916666663,1840190.7291666656,0,290374.0340024397,170982253.92886472,5679
567,5362,1845383.6666666656,10554.9375,1840190.7291666656,1845383.6666666663,0,300109.7614190015,171282363.69028372,6491
568,4907,1851311.7916666663,10835.125,1845383.6666666663,1851311.7916666665,0,307511.6253117285,171589875.31559545,6169
569,5766,1856380.9166666665,10835.125,1851311.7916666665,1856380.9166666658,0,311282.56319513044,171901157.8787906,6476
570,5074,1861669.0416666658,10362.125,1856380.9166666658,1861669.0416666672,0,311103.39658765553,172212261.27537826,5793
571,5305,1866726.1666666672,10362.125,1861669.0416666672,1866726.1666666656,0,309903.08024908014,172522164.35562733,6411
572,4841,1871262.7916666656,9377.625,1866726.1666666656,1871262.7916666656,0,294464.68430827104,172816629.0399356,6080
573,5092,1875548.4166666656,9377.625,1871262.7916666656,1875548.4166666665,0,274028.95253472595,173090657.99247032,6143
574,5575,1877764.7916666665,7791.375,1875548.4166666665,1877764.7916666667,0,302566.3304391053,173393224.3229094,6286
575,5770,1879786.1666666667,7791.375,1877764.7916666667,1879786.1666666667,0,332935.6555331339,173726159.97844255,6546
576,5186,1881059.6904761875,6459.523809523805,1879786.1666666667,1881059.6904761915,0,314197.52881912916,174040357.5072617,6234
577,4888,1882631.2142857122,6459.523809523805,1881059.6904761915,1882631.214285713,0,304058.7599457563,174344416.26720744,5448
578,4716,1882081.6428571378,4166.428571428578,1882631.214285713,1882081.6428571441,0,292564.5878505944,174636980.85505804,5933
579,5183,1881065.071428569,4166.428571428578,1882081.6428571441,1881065.0714285714,0,300348.08281761955,174937328.93787566,5643
580,3815,1879511.285714273,2261.214285714292,1881065.0714285714,1879511.2857142873,0,250951.1898914821,175188280.12776715,5216
581,4673,1877099.499999989,2261.214285714292,1879511.2857142873,1877099.5000000028,0,300572.3348903608,175488852.4626575,5538
582,4207,1874146.9761904683,1254.47619047619,1877099.5000000028,1874146.9761904778,0,262897.2613626903,175751749.7240202,4529
583,4465,1870936.4523809433,1254.47619047619,1874146.9761904778,1870936.4523809515,0,278615.06287181535,176030364.78689203,4577
584,3943,1868130.83333332,1137.3809523809502,1870936.4523809515,1868130.8333333333,0,261272.6587884452,176291637.44568047,4544
585,3347,1865921.2142857017,1137.3809523809502,1868130.8333333333,1865921.2142857146,0,223385.24929275434,176515022.69497323,3679
586,3616,1865201.571428566,2896.3571428571463,1865921.2142857146,1865201.5714285697,0,246174.10774819972,176761196.80272144,3812
587,3571,1864526.9285714212,2896.3571428571463,1865201.5714285697,1864526.9285714307,0,247440.52197705398,177008637.3246985,3713
588,3382,1867260.6190476166,6115.690476190475,1864526.9285714307,1867260.6190476192,0,263812.42615534825,177272449.75085387,3742
589,3400,1869976.309523805,6115.690476190475,1867260.6190476192,1869976.3095238104,0,254588.83572313612,177527038.586577,4323
590,3242,1874698.3095238127,7963.999999999989,1869976.3095238104,1874698.309523809,0,237671.34101198663,177764709.927589,3548
591,2821,1879841.3095238113,7963.999999999989,1874698.309523809,1879841.3095238123,0,237600.26050242045,178002310.18809143,3846
592,3515,1885345.4761904785,9019.166666666664,1879841.3095238123,1885345.4761904778,0,263482.18856725143,178265792.37665868,4551
593,3009,1891355.6428571441,9019.166666666664,1885345.4761904778,1891355.6428571423,0,248374.24780737684,178514166.62446606,4887
594,3955,1898248.4285714228,10847.785714285717,1891355.6428571423,1898248.4285714272,0,262320.1104308714,178776486.73489693,5343
595,4328,1904768.2142857078,10847.785714285717,1898248.4285714272,1904768.214285713,0,289261.04750764,179065747.78240457,5416
596,4042,1911705.2857142834,10979.071428571422,1904768.214285713,1911705.2857142899,0,267225.60293163854,179332973.38533622,5400
597,4636,1918048.3571428603,10979.071428571422,1911705.2857142899,1918048.3571428598,0,282072.02363599127,179615045.4089722,5857
598,5451,1923221.8333333323,10624.476190476189,1918048.3571428598,1923221.8333333323,0,296644.9056767409,179911690.31464896,6406
599,5484,1928362.3095238048,10624.476190476189,1923221.8333333323,1928362.3095238076,0,316418.87965201726,180228109.19430098,6169
600,5595,1933542.2142857106,10774.904761904767,1928362.3095238076,1933542.2142857148,0,315451.2215913328,180543560.4158923,6871
601,6149,1938168.1190476178,10774.904761904767,1933542.2142857148,1938168.119047619,0,345337.08166334755,180888897.49755564,6929
602,4058,1945902.2619047598,11792.142857142855,1938168.119047619,1945902.261904761,0,286017.35276803444,181174914.85032368,6683
603,4407,1953287.4047619018,11792.142857142855,1945902.261904761,1953287.4047619042,0,294822.94982810004,181469737.80015177,5497
604,5323,1959505.714285712,11541.30952380952,1953287.4047619042,1959505.7142857162,0,325364.8678392672,181795102.66799104,6264
605,4326,1966721.023809524,11541.30952380952,1959505.7142857162,1966721.0238095217,0,315507.6758287706,182110610.34381983,5601
606,4147,1973779.9047618997,11205.880952380967,1966721.0238095217,1973779.904761906,0,307498.7447906219,182418109.08861044,5373
607,4937,1980048.785714284,11205.880952380967,1973779.904761906,1980048.7857142843,0,296445.36054261256,182714554.44915307,6138
608,4095,1986498.9761904734,10545.190476190486,1980048.7857142843,1986498.9761904774,0,278533.6542518129,182993088.10340488,5549
609,4431,1992613.1666666665,10545.190476190486,1986498.9761904774,1992613.1666666665,0,289274.0064131067,183282362.10981798,5903
610,4588,1997667.880952382,9642.714285714286,1992613.1666666665,1997667.8809523839,0,279630.67148373934,183561992.7813017,6471
611,4967,2002343.5952380993,9642.714285714286,1997667.8809523839,2002343.595238093,0,310930.2175895737,183872922.9988913,6261
612,4255,2007643.3571428568,9554.761904761903,2002343.595238093,2007643.3571428577,0,306567.39578416885,184179490.39467546,6269
613,4839,2012359.1190476215,9554.761904761903,2007643.3571428577,2012359.1190476227,0,326745.72869200597,184506236.12336746,6359
614,4697,2018402.6428571446,10740.523809523826,2012359.1190476227,2018402.6428571437,0,314263.19946682296,184820499.32283428,6187
615,5663,2023480.1666666656,10740.523809523826,2018402.6428571437,2023480.1666666672,0,343876.77597296255,185164376.09880725,6995
616,5480,2029313.9285714305,11313.761904761905,2023480.1666666672,2029313.928571429,0,337767.4272530153,185502143.52606025,6784
617,5542,2035085.6904761924,11313.761904761905,2029313.928571429,2035085.690476189,0,301120.928137894,185803264.45419815,7123
618,5866,2040364.3809523804,11144.690476190484,2035085.690476189,2040364.380952382,0,357967.7458181986,186161232.20001635,7104
619,6479,2045030.0714285735,11144.690476190484,2040364.380952382,2045030.071428572,0,380860.29717596155,186542092.49719232,7222
620,5813,2049424.0714285711,10207.000000000002,2045030.071428572,2049424.0714285732,0,354422.92752054555,186896515.42471287,6853
621,5805,2053826.0714285723,10207.000000000002,2049424.0714285732,2053826.0714285742,0,286607.53991931427,187183122.96463218,6470
622,5123,2057351.0238095233,8647.95238095239,2053826.0714285742,2057351.0238095238,0,321909.1004749156,187505032.0651071,5642
623,5798,2060200.976190473,8647.95238095239,2057351.0238095238,2060200.9761904748,0,355318.76430186105,187860350.82940897,6289
624,5773,2060887.4999999956,6459.523809523805,2060200.9761904748,2060887.5000000002,0,343954.8407254,188204305.67013437,6201
625,4844,2062503.023809521,6459.523809523805,2060887.5000000002,2062503.0238095236,0,340916.0768562586,188545221.74699062,5724
626,3846,2062823.4523809485,4166.428571428578,2062503.0238095236,2062823.4523809557,0,285050.47944773734,188830272.22643834,4551
627,3947,2063042.8809523806,4166.428571428578,2062823.4523809557,2063042.8809523813,0,282405.6391104702,189112677.86554882,4421
628,3010,2062294.095238083,2261.214285714292,2063042.8809523813,2062294.0952380968,0,254192.41301137107,189366870.2785602,3755
629,2843,2061712.3095237985,2261.214285714292,2062294.0952380968,2061712.3095238097,0,256345.25301483105,189623215.53157502,3403
630,3233,2059733.7857142752,1254.47619047619,2061712.3095238097,2059733.785714286,0,247896.08434905097,189871111.61592406,3647
631,2409,2058579.2619047514,1254.47619047619,2059733.785714286,2058579.2619047647,0,209987.56613141185,190081099.18205547,2894
632,2776,2056940.6428571332,1137.3809523809502,2058579.2619047647,2056940.6428571458,0,244822.88730048115,190325922.06935596,2950
633,2477,2055601.0238095142,1137.3809523809502,2056940.6428571458,2055601.0238095238,0,238735.81712072296,190564657.8864767,2691
634,3000,2055497.3809523752,2896.3571428571463,2055601.0238095238,2055497.3809523836,0,233992.3444544429,190798650.23093113,3262
635,2656,2055737.738095235,2896.3571428571463,2055497.3809523836,2055737.738095238,0,228107.11346282036,191026757.34439394,3196
636,2612,2059241.428571424,6115.690476190475,2055737.738095238,2059241.4285714314,0,230234.1957871205,191256991.54018107,2710
637,2910,2062447.1190476173,6115.690476190475,2059241.4285714314,2062447.1190476213,0,237895.67781562128,191494887.2179967,3081
638,3422,2066989.1190476236,7963.999999999989,2062447.1190476213,2066989.1190476224,0,253217.24266914697,191748104.46066582,3593
639,2787,2072166.1190476248,7963.999999999989,2066989.1190476224,2072166.1190476217,0,241461.2989553474,191989565.75962117,4192
640,2837,2078348.285714288,9019.166666666664,2072166.1190476217,2078348.2857142894,0,248586.82889953704,192238152.5885207,4051
641,3269,2084098.4523809557,9019.166666666664,2078348.2857142894,2084098.4523809527,0,246769.10303246602,192484921.69155318,4506
642,3681,2091265.2380952332,10847.785714285717,2084098.4523809527,2091265.238095236,0,265678.6226320332,192750600.3141852,4958
643,3614,2098499.0238095154,10847.785714285717,2091265.238095236,2098499.0238095224,0,269998.7791915777,193020599.0933768,4676
644,4062,2105416.095238091,10979.071428571422,2098499.0238095224,2105416.095238095,0,279449.917224528,193300049.0106013,5392
645,3770,2112625.1666666637,10979.071428571422,2105416.095238095,2112625.166666671,0,264354.88982467575,193564403.900426,5331
646,4141,2119108.6428571437,10624.476190476189,2112625.166666671,2119108.6428571455,0,277950.4139237291,193842354.31434974,5078
647,4117,2125616.119047618,10624.476190476189,2119108.6428571455,2125616.11904762,0,294834.6986390699,194137189.0129888,5242
648,4311,2132080.0238095187,10774.904761904767,2125616.11904762,2132080.0238095275,0,307787.4042790843,194444976.4172679,5340
649,4761,2138093.9285714263,10774.904761904767,2132080.0238095275,2138093.9285714277,0,301880.9367294623,194746857.35399735,5549
650,4370,2145516.071428564,11792.142857142855,2138093.9285714277,2145516.071428572,0,303224.3579649074,195050081.71196225,5610
651,3996,2153312.214285708,11792.142857142855,2145516.071428572,2153312.2142857146,0,292633.6169020925,195342715.32886434,5039
652,4412,2160441.5238095154,11541.30952380952,2153312.2142857146,2160441.5238095256,0,299785.685147404,195642501.01401174,5588
653,3871,2168111.8333333265,11541.30952380952,2160441.5238095256,2168111.8333333363,0,300573.2699540255,195943074.28396577,5491
654,3847,2175470.714285711,11205.880952380967,2168111.8333333363,2175470.714285713,0,292171.921397509,196235246.20536327,5354
655,4029,2182647.5952380877,11205.880952380967,2175470.714285713,2182647.5952380993,0,292612.6155268529,196527858.82089013,5716
656,3798,2189394.7857142873,10545.190476190486,2182647.5952380993,2189394.7857142873,0,277480.1413328451,196805338.96222296,5862
657,4350,2195589.9761904753,10545.190476190486,2189394.7857142873,2195589.976190484,0,298460.2114004841,197103799.17362344,5949
658,4781,2200451.690476197,9642.714285714286,2195589.976190484,2200451.69047619,0,291766.58791406767,197395565.76153752,6057
659,3885,2206209.4047619025,9642.714285714286,2200451.69047619,2206209.404761906,0,283620.8795397625,197679186.64107728,5611
660,3980,2211784.1666666567,9554.761904761903,2206209.404761906,2211784.166666667,0,301808.1618069768,197980994.80288425,5557
661,3670,2217668.928571418,9554.761904761903,2211784.166666667,2217668.9285714305,0,279632.08725457825,198260626.89013883,6113
662,4043,2224366.4523809515,10740.523809523826,2217668.9285714305,2224366.4523809524,0,286292.7081832284,198546919.59832206,5749
663,4281,2230825.9761904734,10740.523809523826,2224366.4523809524,2230825.9761904767,0,304230.9156064152,198851150.51392847,5921
664,4678,2237461.7380952397,11313.761904761905,2230825.9761904767,2237461.738095234,0,311436.6838411619,199162587.19776964,5620
665,4798,2243977.499999997,11313.761904761905,2237461.738095234,2243977.4999999967,0,326496.73941528774,199489083.93718493,5652
666,4125,2250997.190476183,11144.690476190484,2243977.4999999967,2250997.19047619,0,301519.18952765403,199790603.1267126,5231
667,4508,2257633.880952376,11144.690476190484,2250997.19047619,2257633.8809523787,0,311327.4217584306,200101930.54847103,5730
668,4406,2263434.8809523745,10207.000000000002,2257633.8809523787,2263434.8809523825,0,293664.8073223002,200395595.35579333,5541
669,5271,2268370.8809523783,10207.000000000002,2263434.8809523825,2268370.880952383,0,327414.51292241324,200723009.86871573,5852
670,4595,2272423.8333333284,8647.95238095239,2268370.880952383,2272423.8333333354,0,308994.49175584194,201032004.36047158,5248
671,5318,2275753.785714281,8647.95238095239,2272423.8333333354,2275753.7857142813,0,308138.47544220544,201340142.83591378,5914
672,5420,2276793.3095237953,6459.523809523805,2275753.7857142813,2276793.309523799,0,302769.34088073194,201642912.1767945,5938
673,5348,2277904.833333313,6459.523809523805,2276793.309523799,2277904.83333333,0,290641.9731900394,201933554.14998454,5895
674,5119,2276952.261904744,4166.428571428578,2277904.83333333,2276952.261904762,0,297856.63996790303,202231410.78995243,5554
675,5112,2276006.690476176,4166.428571428578,2276952.261904762,2276006.690476189,0,309593.00655312516,202541003.79650554,5731
676,4732,2273535.9047618867,2261.214285714292,2276006.690476189,2273535.904761904,0,276525.5709786879,202817529.36748424,5120
677,4406,2271391.1190476017,2261.214285714292,2273535.904761904,2271391.1190476194,0,245553.80285284962,203063083.17033708,5447
678,4133,2268512.5952380765,1254.47619047619,2271391.1190476194,2268512.595238102,0,289419.0125790958,203352502.18291616,4243
679,4159,2265608.0714285593,1254.47619047619,2268512.595238102,2265608.0714285816,0,276778.4580973408,203629280.6410135,4440
680,3722,2263023.4523809436,1137.3809523809502,2265608.0714285816,2263023.452380954,0,252871.8640893654,203882152.50510287,3973
681,3294,2260866.833333316,1137.3809523809502,2263023.452380954,2260866.8333333377,0,248632.56284813094,204130785.067951,3669
682,2911,2260852.1904761796,2896.3571428571463,2260866.8333333377,2260852.190476188,0,226561.76998839737,204357346.83793938,3687
683,3591,2260157.54761903,2896.3571428571463,2260852.190476188,2260157.5476190536,0,242558.5399219605,204599905.37786135,3828
684,2695,2263578.238095238,6115.690476190475,2260157.5476190536,2263578.238095242,0,223977.9569758835,204823883.33483723,2825
685,2706,2266987.9285714263,6115.690476190475,2263578.238095242,2266987.928571429,0,239115.59182496206,205062998.92666218,2989
686,3230,2271721.928571422,7963.999999999989,2266987.928571429,2271721.9285714235,0,244520.08203797927,205307519.00870016,3544
687,3371,2276314.9285714165,7963.999999999989,2271721.9285714235,2276314.928571424,0,232274.4708345678,205539793.47953472,4726
688,3629,2281705.095238078,9019.166666666664,2276314.928571424,2281705.095238091,0,253595.24902382342,205793388.72855854,4435
689,3795,2286929.261904745,9019.166666666664,2281705.095238091,2286929.261904758,0,275884.6164943387,206069273.34505287,5083
690,3387,2294390.0476190355,10847.785714285717,2286929.261904758,2294390.047619049,0,263529.09734139324,206332802.44239426,4832
691,4135,2301102.8333333265,10847.785714285717,2294390.047619049,2301102.833333329,0,293600.948136343,206626403.3905306,5381
692,4486,2307595.9047618974,10979.071428571422,2301102.833333329,2307595.904761905,0,304762.09718051716,206931165.4877111,5659
693,4195,2314379.9761904734,10979.071428571422,2307595.904761905,2314379.976190474,0,300755.84107827034,207231921.32878938,5485
694,4795,2320209.4523809464,10624.476190476189,2314379.976190474,2320209.4523809543,0,310005.7059614728,207541927.03475085,5603
695,4372,2326461.928571427,10624.476190476189,2320209.4523809543,2326461.928571427,0,290309.1676914026,207832236.20244226,6344
696,4941,2332295.8333333256,10774.904761904767,2326461.928571427,2332295.8333333377,0,319087.0823187056,208151323.28476095,5672
697,5040,2338030.7380952365,10774.904761904767,2332295.8333333377,2338030.7380952393,0,333435.4482600128,208484758.73302096,6569
698,4605,2345217.8809523755,11792.142857142855,2338030.7380952393,2345217.880952384,0,316401.75573804055,208801160.488759,6004
699,4939,2352071.02380952,11792.142857142855,2345217.880952384,2352071.0238095256,0,294797.4520056688,209095957.94076467,6112
700,5608,2358004.3333333265,11541.30952380952,2352071.0238095256,2358004.3333333363,0,327497.17219499586,209423455.11295965,7186
701,5267,2364278.642857137,11541.30952380952,2358004.3333333363,2364278.6428571437,0,328512.94687893835,209751968.0598386,7042
702,5039,2370445.523809518,11205.880952380967,2364278.6428571437,2370445.5238095224,0,307047.98933234334,210059016.04917094,7023
703,5913,2375738.404761897,11205.880952380967,2370445.5238095224,2375738.4047619095,0,364656.3427813442,210423672.39195228,7513
704,4821,2381462.5952380975,10545.190476190486,2375738.4047619095,2381462.5952380965,0,320053.0646184278,210743725.4565707,6241
705,4995,2387012.7857142845,10545.190476190486,2381462.5952380965,2387012.7857142827,0,314142.82021482754,211057868.27678555,7455
706,4770,2391885.4999999953,9642.714285714286,2387012.7857142827,2391885.499999998,0,310288.360504766,211368156.63729033,6981
707,4257,2397271.214285711,9642.714285714286,2391885.499999998,2397271.2142857187,0,298142.8451493316,211666299.48243967,6701
708,5499,2401326.9761904697,9554.761904761903,2397271.2142857187,2401326.9761904823,0,311090.86612550507,211977390.34856516,7002
709,4933,2405948.738095233,9554.761904761903,2401326.9761904823,2405948.7380952407,0,308832.49088614475,212286222.8394513,6972
710,5558,2411131.2619047617,10740.523809523826,2405948.7380952407,2411131.261904755,0,322640.950939235,212608863.79039055,7227
711,5987,2415884.785714276,10740.523809523826,2411131.261904755,2415884.78571429,0,351898.76278706733,212960762.55317762,7470
712,5072,2422126.547619053,11313.761904761905,2415884.78571429,2422126.5476190504,0,325356.47067399696,213286119.02385163,6768
713,5673,2427767.3095238134,11313.761904761905,2422126.5476190504,2427767.3095238213,0,354098.5213996435,213640217.54525128,6992
714,5477,2433435.0000000075,11144.690476190484,2427767.3095238213,2433435.000000004,0,329298.3559115795,213969515.90116286,7408
715,5881,2438698.6904761903,11144.690476190484,2433435.000000004,2438698.690476196,0,341174.8753624088,214310690.77652526,7002
716,5629,2443276.6904761917,10207.000000000002,2438698.690476196,2443276.6904761917,0,322974.6795347497,214633665.45606002,7279
717,6041,2447442.6904761875,10207.000000000002,2443276.6904761917,2447442.690476185,0,364659.0479182912,214998324.5039783,7128
718,5824,2450266.6428571306,8647.95238095239,2447442.690476185,2450266.6428571395,0,347099.52326847916,215345424.0272468,6865
719,6005,2452909.595238085,8647.95238095239,2450266.6428571395,2452909.595238096,0,347928.14939876786,215693352.17664558,7185
720,5944,2453425.11904761,6459.523809523805,2452909.595238096,2453425.1190476194,0,318095.4408884393,216011447.617534,6393
721,5969,2453915.6428571334,6459.523809523805,2453425.1190476194,2453915.6428571404,0,319275.3500684254,216330722.96760243,6628
722,5780,2452302.071428554,4166.428571428578,2453915.6428571404,2452302.0714285676,0,308038.26033493015,216638761.22793737,6399
723,4144,2452324.4999999814,4166.428571428578,2452302.0714285676,2452324.500000002,0,274985.17765472,216913746.40559208,4893
724,4454,2450131.7142856997,2261.214285714292,2452324.500000002,2450131.7142857118,0,281594.2669869439,217195340.67257902,4813
725,3617,2448775.9285714095,2261.214285714292,2450131.7142857118,2448775.9285714254,0,236294.92500322242,217431635.59758225,4354
726,2914,2447116.4047618825,1254.47619047619,2448775.9285714254,2447116.4047619044,0,241564.49831463292,217673200.09589687,3476
727,3509,2444861.8809523615,1254.47619047619,2447116.4047619044,2444861.880952382,0,254128.39100272482,217927328.48689958,3909
728,2902,2443097.261904744,1137.3809523809502,2444861.880952382,2443097.2619047607,0,240553.92978410417,218167882.41668367,3147
729,3043,2441191.6428571227,1137.3809523809502,2443097.2619047607,2441191.64285715,0,244687.80332727765,218412570.22001097,3380
730,3393,2440694.999999992,2896.3571428571463,2441191.64285715,2440695.000000002,0,252101.9797360446,218664672.199747,3501
731,3088,2440503.357142844,2896.3571428571463,2440695.000000002,2440503.3571428596,0,236739.4219543981,218901411.6217014,3235
732,3016,2443603.047619044,6115.690476190475,2440503.3571428596,2443603.0476190513,0,229490.67324477097,219130902.29494616,3179
733,3549,2446169.7380952355,6115.690476190475,2443603.0476190513,2446169.738095239,0,237318.34730927495,219368220.64225543,3961
734,3765,2450368.738095232,7963.999999999989,2446169.738095239,2450368.738095241,0,252405.32997404865,219620625.97222948,4005
735,2800,2455532.738095234,7963.999999999989,2450368.738095241,2455532.7380952397,0,236765.72916959546,219857391.7013991,3887
736,3377,2461174.9047618937,9019.166666666664,2455532.7380952397,2461174.9047619062,0,259834.92208522133,220117226.6234843,4417
737,3373,2466821.07142856,9019.166666666664,2461174.9047619062,2466821.071428573,0,244318.25433987705,220361544.8778242,5015
738,3411,2474257.8571428508,10847.785714285717,2466821.071428573,2474257.857142855,0,268814.2503629719,220630359.12818715,4950
739,3624,2481481.6428571325,10847.785714285717,2474257.857142855,2481481.642857146,0,272270.00817935006,220902629.1363665,4968
740,4027,2488433.7142857146,10979.071428571422,2481481.642857146,2488433.714285714,0,260949.57716851347,221163578.713535,5311
741,3845,2495567.7857142827,10979.071428571422,2488433.714285714,2495567.785714282,0,293842.5018683191,221457421.21540332,5273
742,4491,2501701.2619047547,10624.476190476189,2495567.785714282,2501701.261904759,0,293073.14071106445,221750494.3561144,5749
743,4869,2507456.7380952314,10624.476190476189,2501701.261904759,2507456.738095237,0,311992.83026089345,222062487.1863753,5776
744,4352,2513879.6428571357,10774.904761904767,2507456.738095237,2513879.642857147,0,292319.31581640185,222354806.5021917,5322
745,4682,2519972.5476190457,10774.904761904767,2513879.642857147,2519972.547619051,0,306045.89392302715,222660852.3961147,5507
746,4186,2527578.690476187,11792.142857142855,2519972.547619051,2527578.690476188,0,284225.77094362304,222945078.16705832,5959
747,4755,2534615.833333324,11792.142857142855,2527578.690476188,2534615.833333336,0,337759.4358033845,223282837.6028617,5924
748,4096,2542061.1428571367,11541.30952380952,2534615.833333336,2542061.1428571455,0,286447.59109886695,223569285.19396058,5884
749,4414,2549188.4523809464,11541.30952380952,2542061.1428571455,2549188.4523809487,0,299617.7050449735,223868902.89900556,6381
750,4080,2556314.3333333232,11205.880952380967,2549188.4523809487,2556314.3333333405,0,303127.9926823407,224172030.8916879,6071
751,5034,2562486.214285715,11205.880952380967,2556314.3333333405,2562486.2142857206,0,343349.86505825433,224515380.75674614,6331
752,4500,2568531.4047619086,10545.190476190486,2562486.2142857206,2568531.4047619,0,291108.09198811033,224806488.84873426,6513
753,4214,2574862.595238088,10545.190476190486,2568531.4047619,2574862.595238096,0,281419.6312075134,225087908.4799418,6119
754,4675,2579830.309523809,9642.714285714286,2574862.595238096,2579830.3095238134,0,322551.59013486054,225410460.07007664,6260
755,4061,2585412.023809526,9642.714285714286,2579830.3095238134,2585412.0238095224,0,286577.6609927734,225697037.73106942,7112
756,4223,2590743.7857142733,9554.761904761903,2585412.0238095224,2590743.7857142836,0,286034.5342577286,225983072.26532716,6721
757,4343,2595955.5476190345,9554.761904761903,2590743.7857142836,2595955.5476190494,0,282449.0717413549,226265521.3370685,6810
758,4680,2602016.0714285704,10740.523809523826,2595955.5476190494,2602016.071428573,0,276688.5689680972,226542209.9060366,7083
759,4928,2607828.595238094,10740.523809523826,2602016.071428573,2607828.5952380965,0,306480.47080574103,226848690.37684232,6526
760,5005,2614137.3571428596,11313.761904761905,2607828.5952380965,2614137.3571428577,0,332970.67333530943,227181661.05017763,6187
761,4924,2620527.119047621,11313.761904761905,2614137.3571428577,2620527.1190476157,0,340593.1303482065,227522254.18052584,6643
762,5552,2626119.809523802,11144.690476190484,2620527.1190476157,2626119.8095238134,0,352842.2768300822,227875096.45735592,6786
763,5556,2631708.4999999995,11144.690476190484,2626119.8095238134,2631708.5000000023,0,337050.894275136,228212147.35163105,6831
764,5372,2636543.499999998,10207.000000000002,2631708.5000000023,2636543.500000004,0,318245.29114143533,228530392.64277247,6634
765,5509,2641241.5,10207.000000000002,2636543.500000004,2641241.4999999977,0,320180.3446951889,228850572.98746765,6253
766,5607,2644282.452380943,8647.95238095239,2641241.4999999977,2644282.452380949,0,322976.18904122827,229173549.17650887,6441
767,5689,2647241.4047618946,8647.95238095239,2644282.452380949,2647241.4047619086,0,346511.07545681414,229520060.2519657,6107
768,5352,2648348.9285714226,6459.523809523805,2647241.4047619086,2648348.928571432,0,331427.07832013146,229851487.33028585,6064
769,5413,2649395.452380946,6459.523809523805,2648348.928571432,2649395.452380953,0,312188.54099412786,230163675.87127998,6236
770,5460,2648101.8809523666,4166.428571428578,2649395.452380953,2648101.8809523806,0,293190.054849169,230456865.92612916,6087
771,4847,2647421.3095237943,4166.428571428578,2648101.8809523806,2647421.3095238134,0,288730.43210541015,230745596.35823458,5970
772,4458,2645224.523809511,2261.214285714292,2647421.3095238134,2645224.523809515,0,298624.3551539453,231044220.71338853,5421
773,5083,2642402.7380952127,2261.214285714292,2645224.523809515,2642402.7380952416,0,290590.9850706491,231334811.69845918,5525
774,5103,2638554.2142856987,1254.47619047619,2642402.7380952416,2638554.2142857136,0,291145.17259315087,231625956.87105232,5697
775,4926,2634882.6904761707,1254.47619047619,2638554.2142857136,2634882.6904762,0,273402.1007104374,231899358.97176278,5277
776,3722,2632298.071428562,1137.3809523809502,2634882.6904762,2632298.0714285746,0,260561.66665938438,232159920.63842216,4226
777,4897,2628538.4523809366,1137.3809523809502,2632298.0714285746,2628538.452380944,0,312015.9748859055,232471936.61330807,5016
778,3901,2627533.809523786,2896.3571428571463,2628538.452380944,2627533.8095238064,0,271732.7106987586,232743669.32400683,4753
779,4014,2626416.1666666484,2896.3571428571463,2627533.8095238064,2626416.1666666637,0,274594.8177771959,233018264.141784,4456
780,3250,2629281.857142848,6115.690476190475,2626416.1666666637,2629281.8571428596,0,246203.03172393318,233264467.17350796,3733
781,4595,2630802.547619044,6115.690476190475,2629281.8571428596,2630802.5476190466,0,278661.6839864518,233543128.8574944,4863
782,4258,2634508.5476190397,7963.999999999989,2630802.5476190466,2634508.547619048,0,266070.4764658174,233809199.33396024,4559
783,2781,2639691.547619041,7963.999999999989,2634508.547619048,2639691.547619044,0,239548.32066547056,234048747.6546257,5109
784,3658,2645052.714285698,9019.166666666664,2639691.547619044,2645052.7142857183,0,255519.92135860826,234304267.57598433,4984
785,3163,2650908.880952372,9019.166666666664,2645052.7142857183,2650908.8809523783,0,243773.40055417077,234548040.9765385,4863
786,4186,2657570.666666656,10847.785714285717,2650908.8809523783,2657570.666666663,0,283093.70073261147,234831134.67727113,5862
787,4915,2663503.4523809403,10847.785714285717,2657570.666666663,2663503.452380953,0,294846.0636530765,235125980.7409242,5980
788,3455,2671027.5238095215,10979.071428571422,2663503.452380953,2671027.523809526,0,254180.737383664,235380161.47830787,5010
789,4084,2677922.5952380947,10979.071428571422,2671027.523809526,2677922.595238092,0,301388.47168428113,235681549.94999215,4824
790,4834,2683713.0714285644,10624.476190476189,2677922.595238092,2683713.071428572,0,314212.13814660034,235995762.08813876,6146
791,5139,2689198.5476190443,10624.476190476189,2683713.071428572,2689198.5476190504,0,295852.8931560395,236291614.9812948,6109
792,4782,2695191.452380949,10774.904761904767,2689198.5476190504,2695191.4523809534,0,305293.0731099956,236596908.0544048,5620
793,4653,2701313.357142852,10774.904761904767,2695191.4523809534,2701313.357142857,0,320504.2329057631,236917412.28731057,5466
794,5550,2707555.499999993,11792.142857142855,2701313.357142857,2707555.499999998,0,308065.1368302308,237225477.4241408,6582
795,4623,2714724.6428571343,11792.142857142855,2707555.499999998,2714724.6428571492,0,277619.60245497,237503097.02659577,6948
796,5091,2721174.95238095,11541.30952380952,2714724.6428571492,2721174.9523809548,0,323651.41578300163,237826748.44237876,6152
797,4902,2727814.2619047556,11541.30952380952,2721174.9523809548,2727814.2619047565,0,294252.21098806476,238121000.65336683,6855
798,6049,2732971.142857131,11205.880952380967,2727814.2619047565,2732971.142857146,0,373866.01680622145,238494866.67017305,7284
799,4611,2739566.0238095205,11205.880952380967,2732971.142857146,2739566.0238095243,0,316864.9862126253,238811731.65638566,6118
800,4434,2745677.214285712,10545.190476190486,2739566.0238095243,2745677.2142857136,0,312880.7361968915,239124612.39258257,6352
801,4711,2751511.4047619016,10545.190476190486,2745677.2142857136,2751511.404761911,0,310338.70925888745,239434951.10184145,6186
802,4396,2756758.1190476236,9642.714285714286,2751511.404761911,2756758.1190476115,0,291900.3532665795,239726851.45510802,6190
803,3770,2762630.833333324,9642.714285714286,2756758.1190476115,2762630.833333334,0,276561.95118430996,240003413.40629232,6126
804,4216,2767969.595238085,9554.761904761903,2762630.833333334,2767969.595238098,0,277892.29917135363,240281305.70546368,6328
805,4361,2773163.357142849,9554.761904761903,2767969.595238098,2773163.3571428605,0,292673.766466353,240573979.47193003,6266
806,3992,2779911.8809523815,10740.523809523826,2773163.3571428605,2779911.8809523853,0,285802.23963319283,240859781.71156323,5736
807,4980,2785672.4047619062,10740.523809523826,2779911.8809523853,2785672.404761908,0,326014.5386222191,241185796.25018546,5673
808,4585,2792401.166666671,11313.761904761905,2785672.404761908,2792401.1666666702,0,305611.1141030997,241491407.36428857,5577
809,5264,2798450.9285714333,11313.761904761905,2792401.1666666702,2798450.9285714356,0,325780.7397014732,241817188.10399005,5910
810,4987,2804608.6190476217,11144.690476190484,2798450.9285714356,2804608.619047624,0,315712.6034243966,242132900.70741445,6237
811,4632,2811121.30952381,11144.690476190484,2804608.619047624,2811121.3095238027,0,313449.51970534795,242446350.2271198,5866
812,4464,2816864.3095237985,10207.000000000002,2811121.3095238027,2816864.3095238125,0,320163.098778649,242766513.32589844,5691
813,5352,2821719.3095238083,10207.000000000002,2816864.3095238125,2821719.309523815,0,317886.24846304377,243084399.57436147,6144
814,4433,2825934.2619047603,8647.95238095239,2821719.309523815,2825934.2619047607,0,293435.2140773169,243377834.7884388,5917
815,5374,2829208.214285706,8647.95238095239,2825934.2619047607,2829208.214285721,0,323883.2846334802,243701718.07307228,6017
816,3977,2832869.714285721,7638.5,2829208.214285721,2832869.7142857215,0,297610.2901729407,243999328.36324522,5872
817,5325,2835183.2142857215,7638.5,2832869.7142857215,2835183.2142857206,0,331068.25942539645,244330396.62267062,6417
818,4638,2835752.7142857206,5207.5,2835183.2142857206,2835752.7142857206,0,311608.24781708943,244642004.87048772,5308
819,4618,2836342.2142857206,5207.5,2835752.7142857206,2836342.2142857197,0,298486.33216281317,244940491.20265055,4870
820,4636,2834886.8392857197,3180.625,2836342.2142857197,2834886.8392857197,0,292629.19881659385,245233120.40146714,5004
821,4930,2833137.4642857197,3180.625,2834886.8392857197,2833137.46428572,0,280449.5231312715,245513569.92459843,5477
822,4385,2830561.77678572,1809.3125,2833137.46428572,2830561.776785721,0,259969.0089483551,245773538.93354678,4759
823,4044,2828327.089285721,1809.3125,2830561.776785721,2828327.0892857206,0,254607.0801540067,246028146.01370078,4566
824,3898,2825896.1517857206,1467.0625,2828327.0892857206,2825896.151785719,0,246780.7416991622,246274926.75539994,4345
825,3171,2824192.214285719,1467.0625,2825896.151785719,2824192.214285722,0,246094.19529900164,246521020.95069894,3342
826,4183,2823034.089285722,3024.875,2824192.214285722,2823034.0892857215,0,243058.50760008703,246764079.45829904,4280
827,4356,2821702.9642857215,3024.875,2823034.0892857215,2821702.964285719,0,250741.5948423515,247014821.0531414,4530
828,4127,2822189.401785719,4613.4375,2821702.964285719,2822189.401785721,0,240594.99820400839,247255416.0513454,4506
829,4635,2822167.839285721,4613.4375,2822189.401785721,2822167.839285721,0,280468.9125202381,247535884.96386564,4798
830,3927,2824572.401785721,6331.5625,2822167.839285721,2824572.401785721,0,238689.1478059544,247774574.1116716,4209
831,4082,2826821.964285721,6331.5625,2824572.401785721,2826821.96428572,0,251876.32873498736,248026450.4404066,4326
832,4951,2830583.96428572,8713.0,2826821.96428572,2830583.964285718,0,268219.71060659626,248294670.1510132,5466
833,3814,2835482.964285718,8713.0,2830583.964285718,2835482.9642857215,0,240877.24587065668,248535547.39688385,4450
834,3879,2841194.8392857215,9590.875,2835482.9642857215,2841194.8392857187,0,264914.8860736412,248800462.2829575,4410
835,4362,2846423.7142857187,9590.875,2841194.8392857187,2846423.71428572,0,270933.9433575841,249071396.22631508,5216
836,4716,2851647.08928572,9939.375,2846423.71428572,2851647.089285721,0,265428.7208311672,249336824.94714624,5425
837,3985,2857601.464285721,9939.375,2851647.089285721,2857601.4642857225,0,268652.74099299364,249605477.68813923,4795
838,4989,2862822.0892857225,10209.625,2857601.4642857225,2862822.0892857215,0,315912.7496535727,249921390.4377928,5764
839,4433,2868598.7142857215,10209.625,2862822.0892857215,2868598.7142857215,0,279200.17036626907,250200590.60815907,5542
840,5705,2873577.9642857215,10684.25,2868598.7142857215,2873577.9642857215,0,305151.3266234137,250505741.93478248,6395
841,5100,2879162.2142857215,10684.25,2873577.9642857215,2879162.2142857215,0,303094.16598130495,250808836.10076377,6171
842,4955,2885411.0267857215,11203.8125,2879162.2142857215,2885411.0267857215,0,319622.6337648281,251128458.7345286,5592
843,4848,2891766.8392857215,11203.8125,2885411.0267857215,2891766.83928572,0,302700.16740061436,251431158.90192923,5819
844,5223,2897583.02678572,11039.1875,2891766.83928572,2897583.0267857206,0,309988.3430003515,251741147.24492958,6640
845,5125,2903497.2142857206,11039.1875,2897583.0267857206,2903497.2142857206,0,319206.24811838474,252060353.49304795,6510
846,4904,2909356.8392857206,10763.625,2903497.2142857206,2909356.8392857206,0,307004.53721954284,252367358.0302675,6559
847,4350,2915770.4642857206,10763.625,2909356.8392857206,2915770.4642857206,0,293406.9109697473,252660764.94123724,6438
848,4690,2921718.0892857206,10637.625,2915770.4642857206,2921718.08928572,0,304301.4121565355,252965066.35339376,5920
849,5260,2927095.71428572,10637.625,2921718.08928572,2927095.7142857197,0,278581.9201590037,253243648.27355278,6415
850,4195,2933851.4017857197,10950.6875,2927095.7142857197,2933851.4017857206,0,285220.0257236784,253528868.29927644,6389
851,4106,2940696.0892857206,10950.6875,2933851.4017857206,2940696.089285721,0,272999.18059790233,253801867.47987434,5672
852,3785,2947231.214285721,10320.125,2940696.089285721,2947231.2142857187,0,298968.5476264724,254100836.0275008,5060
853,4053,2953498.3392857187,10320.125,2947231.2142857187,2953498.3392857197,0,304292.16481928615,254405128.1923201,5439
854,3558,2960495.2767857197,10554.9375,2953498.3392857197,2960495.276785721,0,264919.04789040214,254670047.2402105,5037
855,4097,2966953.214285721,10554.9375,2960495.276785721,2966953.2142857206,0,308443.4492638303,254978490.68947434,5144
856,4414,2973374.3392857206,10835.125,2966953.2142857206,2973374.33928572,0,277086.1830965022,255255576.87257084,5936
857,3390,2980819.46428572,10835.125,2973374.33928572,2980819.4642857215,0,252854.83431296115,255508431.70688382,5359
858,4614,2986567.5892857215,10362.125,2980819.4642857215,2986567.58928572,0,283153.3964435883,255791585.1033274,5205
859,4001,2992928.71428572,10362.125,2986567.58928572,2992928.714285721,0,297878.5331688276,256089463.63649622,5259
860,4857,2997449.339285721,9377.625,2992928.714285721,2997449.339285721,0,302092.2292035152,256391555.86569974,5547
861,4356,3002470.964285721,9377.625,2997449.339285721,3002470.964285721,0,291586.3465999989,256683142.21229973,5632
862,4184,3006078.339285721,7791.375,3002470.964285721,3006078.339285721,0,260148.77674112952,256943290.98904085,4649
863,4005,3009864.714285721,7791.375,3006078.339285721,3009864.714285721,0,272446.81971897907,257215737.80875984,4556
864,4144,3012180.238095235,6459.523809523805,3009864.714285721,3012180.238095241,0,298645.0982158978,257514382.90697575,4488
865,3836,3014803.761904755,6459.523809523805,3012180.238095241,3014803.761904766,0,252979.47643082472,257767362.38340658,4150
866,5033,3013937.1904761796,4166.428571428578,3014803.761904766,3013937.1904761908,0,310386.1594008528,258077748.54280743,5390
867,3844,3014259.6190476045,4166.428571428578,3013937.1904761908,3014259.6190476217,0,270005.96171984606,258347754.50452727,4536
868,3408,3013112.8333333195,2261.214285714292,3014259.6190476217,3013112.833333331,0,252174.87323002858,258599929.3777573,3878
869,3701,3011673.047619029,2261.214285714292,3013112.833333331,3011673.047619054,0,266561.1535709539,258866490.53132826,4217
870,3421,3009506.523809511,1254.47619047619,3011673.047619054,3009506.5238095326,0,240213.48991741272,259106704.0212457,4207
871,3274,3007486.9999999898,1254.47619047619,3009506.5238095326,3007487.000000005,0,253818.858334005,259360522.8795797,3535
872,3446,3005178.380952367,1137.3809523809502,3007487.000000005,3005178.380952383,0,249325.11395865912,259609847.99353835,4051
873,3578,3002737.761904745,1137.3809523809502,3005178.380952383,3002737.7619047617,0,250229.10048293127,259860077.0940213,3809
874,3540,3002094.1190476036,2896.3571428571463,3002737.7619047617,3002094.119047621,0,244501.91746884972,260104579.01149014,3697
875,4185,3000805.4761904627,2896.3571428571463,3002094.119047621,3000805.4761904813,0,257378.80584272498,260361957.81733286,4367
876,4041,3002880.1666666656,6115.690476190475,3000805.4761904813,3002880.1666666674,0,257866.9011723299,260619824.7185052,4277
877,4138,3004857.8571428517,6115.690476190475,3002880.1666666674,3004857.857142851,0,244722.2003240508,260864546.91882926,4443
878,4162,3008659.8571428442,7963.999999999989,3004857.857142851,3008659.8571428573,0,256346.96961330407,261120893.88844258,4370
879,3467,3013156.8571428503,7963.999999999989,3008659.8571428573,3013156.8571428563,0,255722.0123158332,261376615.90075842,4602
880,4099,3018077.0238095103,9019.166666666664,3013156.8571428563,3018077.023809524,0,250709.0279375746,261627324.92869598,5631
881,4527,3022569.1904761777,9019.166666666664,3018077.023809524,3022569.190476196,0,268027.7982167227,261895352.7269127,5759
882,4224,3029192.9761904734,10847.785714285717,3022569.190476196,3029192.976190477,0,281443.9395086034,262176796.66642132,6181
883,4543,3035497.7619047547,10847.785714285717,3029192.976190477,3035497.7619047537,0,296580.13581339223,262473376.8022347,5732
884,5518,3040958.8333333223,10979.071428571422,3035497.7619047537,3040958.8333333377,0,313390.68202701584,262786767.48426172,6621
885,5367,3046570.9047619062,10979.071428571422,3040958.8333333377,3046570.904761904,0,337140.16992982564,263123907.65419155,6781
886,4289,3052906.3809523764,10624.476190476189,3046570.904761904,3052906.380952377,0,296378.33653533587,263420285.9907269,5204
887,4169,3059361.8571428494,10624.476190476189,3052906.380952377,3059361.8571428624,0,276796.8075476717,263697082.79827455,5146
888,4486,3065650.761904761,10774.904761904767,3059361.8571428624,3065650.7619047617,0,304072.4186449135,264001155.21691945,5860
889,4933,3071492.6666666605,10774.904761904767,3065650.7619047617,3071492.6666666623,0,333493.0601223873,264334648.27704185,6525
890,5335,3077949.8095237985,11792.142857142855,3071492.6666666623,3077949.8095238064,0,313773.72322782583,264648422.00026968,6387
891,5267,3084474.9523809426,11792.142857142855,3077949.8095238064,3084474.952380952,0,312006.1594268768,264960428.15969655,6378
892,4762,3091254.261904753,11541.30952380952,3084474.952380952,3091254.2619047584,0,288237.46185425343,265248665.6215508,6274
893,6111,3096684.5714285593,11541.30952380952,3091254.2619047584,3096684.571428558,0,329048.45827111515,265577714.0798219,7121
894,5456,3102434.4523809324,11205.880952380967,3096684.571428558,3102434.4523809534,0,308838.5288984485,265886552.60872036,7165
895,5548,3108092.333333328,11205.880952380967,3102434.4523809534,3108092.333333334,0,328973.12381188234,266215525.73253223,7302
896,5587,3113050.523809522,10545.190476190486,3108092.333333334,3113050.5238095247,0,334081.9559116851,266549607.68844393,7659
897,4553,3119042.7142857127,10545.190476190486,3113050.5238095247,3119042.7142857094,0,295594.49485159985,266845202.18329552,7031
898,4293,3124392.428571422,9642.714285714286,3119042.7142857094,3124392.4285714314,0,297947.8451758608,267143150.02847138,5894
899,4649,3129386.142857144,9642.714285714286,3124392.4285714314,3129386.14285714,0,320195.31482949073,267463345.34330088,6541
900,4864,3134076.904761891,9554.761904761903,3129386.14285714,3134076.904761906,0,318086.59777699603,267781431.9410779,7157
901,3568,3140063.6666666567,9554.761904761903,3134076.904761906,3140063.666666666,0,272160.185166377,268053592.12624428,6508
902,4508,3146296.190476187,10740.523809523826,3140063.666666666,3146296.1904761917,0,277308.8657328706,268330900.99197716,6295
903,4921,3152115.7142857127,10740.523809523826,3146296.1904761917,3152115.714285713,0,286403.9448477833,268617304.9368249,6492
904,4629,3158800.476190476,11313.761904761905,3152115.714285713,3158800.47619048,0,278769.6478799609,268896074.5847049,5786
905,5407,3164707.238095243,11313.761904761905,3158800.47619048,3164707.2380952355,0,289991.7476651289,269186066.33237,5919
906,4956,3170895.9285714217,11144.690476190484,3164707.2380952355,3170895.9285714333,0,272813.9387902738,269458880.27116024,5814
907,4565,3177475.6190476194,11144.690476190484,3170895.9285714333,3177475.6190476147,0,288726.11954319413,269747606.39070344,5222
908,4310,3183372.6190476106,10207.000000000002,3177475.6190476147,3183372.619047627,0,287328.6770435029,270034935.06774694,4687
909,5288,3188291.6190476227,10207.000000000002,3183372.619047627,3188291.6190476203,0,292259.1836981897,270327194.2514451,5797
910,4796,3192143.571428566,8647.95238095239,3188291.6190476203,3192143.571428574,0,279025.0834167735,270606219.3348619,6051
911,4701,3196090.5238095196,8647.95238095239,3192143.571428574,3196090.5238095256,0,285195.78863955045,270891415.1235014,4884
912,3611,3198939.0476190397,6459.523809523805,3196090.5238095256,3198939.0476190397,0,261138.38255373627,271152553.5060552,4665
913,5627,3199771.5714285537,6459.523809523805,3198939.0476190397,3199771.5714285676,0,316302.9165696205,271468856.4226248,6075
914,4846,3199091.9999999814,4166.428571428578,3199771.5714285676,3199092.000000002,0,299932.896857889,271768789.31948274,5902
915,4219,3199039.4285714156,4166.428571428578,3199092.000000002,3199039.4285714263,0,247751.85668305674,272016541.1761658,4796
916,4903,3196397.642857124,2261.214285714292,3199039.4285714263,3196397.642857146,0,277978.03731010045,272294519.21347594,5399
917,3852,3194806.857142844,2261.214285714292,3196397.642857146,3194806.8571428517,0,276759.2603276509,272571278.4738036,4036
918,4471,3191590.333333309,1254.47619047619,3194806.8571428517,3191590.3333333298,0,280848.73813743104,272852127.211941,4750
919,3355,3189489.809523787,1254.47619047619,3191590.3333333298,3189489.809523812,0,253512.44678887265,273105639.65872985,3673
920,4703,3185924.190476174,1137.3809523809502,3189489.809523812,3185924.190476192,0,286818.1872904293,273392457.8460203,4870
921,4429,3182632.571428554,1137.3809523809502,3185924.190476192,3182632.5714285783,0,275751.6609830181,273668209.5070033,4868
922,4801,3180727.9285714203,2896.3571428571463,3182632.5714285783,3180727.9285714338,0,286684.8118517628,273954894.31885505,5193
923,3682,3179942.2857142757,2896.3571428571463,3180727.9285714338,3179942.2857142887,0,286885.98588439834,274241780.3047395,3765
924,4396,3181661.976190473,6115.690476190475,3179942.2857142887,3181661.976190471,0,293770.23513280565,274535550.5398723,4597
925,3761,3184016.6666666553,6115.690476190475,3181661.976190471,3184016.6666666674,0,276865.3846301711,274812415.92450243,4490
926,4387,3187593.6666666605,7963.999999999989,3184016.6666666674,3187593.666666668,0,291734.2343945013,275104150.1588969,4977
927,3402,3192155.666666661,7963.999999999989,3187593.666666668,3192155.6666666754,0,270029.37420391105,275374179.53310084,5698
928,3418,3197756.8333333293,9019.166666666664,3192155.6666666754,3197756.8333333326,0,260287.16716703214,275634466.70026785,5167
929,3285,3203490.9999999865,9019.166666666664,3197756.8333333326,3203491.000000003,0,267612.5128951996,275902079.2131631,5539
930,3802,3210536.7857142803,10847.785714285717,3203491.000000003,3210536.78571429,0,263320.84088452585,276165400.0540476,5957
931,3376,3218008.5714285676,10847.785714285717,3210536.78571429,3218008.5714285653,0,261428.98519930846,276426829.0392469,4424
932,4030,3224957.642857134,10979.071428571422,3218008.5714285653,3224957.6428571404,0,288043.2701759896,276714872.3094229,5071
933,3603,3232333.714285709,10979.071428571422,3224957.6428571404,3232333.714285714,0,259644.6154035963,276974516.9248265,5293
934,4487,3238471.1904761866,10624.476190476189,3232333.714285714,3238471.190476191,0,292252.7712894044,277266769.6961159,4963
935,3884,3245211.6666666637,10624.476190476189,3238471.190476191,3245211.666666663,0,264614.6127664237,277531384.30888236,5508
936,4952,3251034.5714285616,10774.904761904767,3245211.666666663,3251034.57142857,0,303435.0705528874,277834819.37943524,5569
937,3750,3258059.4761904688,10774.904761904767,3251034.57142857,3258059.4761904767,0,269192.4562227341,278104011.83565795,5179
938,4830,3265021.619047613,11792.142857142855,3258059.4761904767,3265021.6190476115,0,279781.10874793056,278383792.9444059,5874
939,4319,3272494.7619047477,11792.142857142855,3265021.6190476115,3272494.761904759,0,297764.6816128455,278681557.62601876,5637
940,4662,3279374.0714285597,11541.30952380952,3272494.761904759,3279374.0714285737,0,290685.7685363779,278972243.39455515,5959
941,3397,3287518.3809523745,11541.30952380952,3279374.0714285737,3287518.38095238,0,272099.4678819153,279244342.86243707,5640
942,4400,3294324.2619047547,11205.880952380967,3287518.38095238,3294324.2619047645,0,271424.984118216,279515767.8465553,5771
943,3442,3302088.142857139,11205.880952380967,3294324.2619047645,3302088.142857147,0,260346.04407097455,279776113.89062625,5491
944,3512,3309121.333333335,10545.190476190486,3302088.142857147,3309121.3333333274,0,262601.06532772526,280038714.95595396,4748
945,3723,3315943.5238095154,10545.190476190486,3309121.3333333274,3315943.523809525,0,274167.5128589353,280312882.4688129,4936
946,4739,3320847.238095238,9642.714285714286,3315943.523809525,3320847.2380952355,0,266329.3182418667,280579211.7870548,5809
947,3989,3326500.9523809482,9642.714285714286,3320847.2380952355,3326500.952380954,0,269190.79896403244,280848402.5860188,5619
948,3638,3332417.714285705,9554.761904761903,3326500.952380954,3332417.714285711,0,274868.77490633854,281123271.36092514,5625
949,4347,3337625.476190462,9554.761904761903,3332417.714285711,3337625.4761904706,0,275760.42296896037,281399031.7838941,5770
950,3606,3344759.9999999916,10740.523809523826,3337625.4761904706,3344759.999999997,0,229488.24645469667,281628520.03034884,4823
951,5249,3350251.523809518,10740.523809523826,3344759.999999997,3350251.523809522,0,293446.77825193875,281921966.8086008,6371
952,5104,3356461.285714285,11313.761904761905,3350251.523809522,3356461.2857142854,0,295319.8255231344,282217286.6341239,5883
953,3484,3364291.0476190485,11313.761904761905,3356461.2857142854,3364291.047619051,0,264824.9806366395,282482111.6147606,4368
954,4747,3370688.738095237,11144.690476190484,3364291.047619051,3370688.7380952365,0,301139.5017411362,282783251.1165017,5657
955,4134,3377699.4285714226,11144.690476190484,3370688.7380952365,3377699.428571428,0,293549.0236241993,283076800.1401259,5178
956,4486,3383420.428571424,10207.000000000002,3377699.428571428,3383420.428571435,0,292084.4628729158,283368884.6029988,5213
957,4502,3389125.428571431,10207.000000000002,3383420.428571435,3389125.4285714286,0,285652.11109686,283654536.71409565,5410
958,3294,3394479.380952374,8647.95238095239,3389125.4285714286,3394479.3809523867,0,273139.37978133775,283927676.093877,4001
959,4084,3399043.333333332,8647.95238095239,3394479.3809523867,3399043.33333333,0,292152.70917417697,284219828.8030512,5187
960,3672,3401830.8571428442,6459.523809523805,3399043.33333333,3401830.8571428563,0,275149.2285649904,284494978.03161615,4768
961,4803,3403487.3809523704,6459.523809523805,3401830.8571428563,3403487.380952384,0,303875.3076268725,284798853.339243,5157
962,3590,3404063.8095237976,4166.428571428578,3403487.380952384,3404063.8095238153,0,265068.9846842236,285063922.3239272,5577
963,4129,3404101.238095229,4166.428571428578,3404063.8095238153,3404101.2380952425,0,274378.9919442837,285338301.31587154,4570
964,3391,3402971.4523809403,2261.214285714292,3404101.2380952425,3402971.4523809487,0,251317.24698569698,285589618.5628572,3995
965,4799,3400433.6666666465,2261.214285714292,3402971.4523809487,3400433.6666666656,0,324816.92840243987,285914435.49125963,5447
966,3072,3398616.1428571227,1254.47619047619,3400433.6666666656,3398616.142857144,0,252171.775532806,286166607.2667924,4494
967,4123,3395747.6190476012,1254.47619047619,3398616.142857144,3395747.6190476185,0,280560.8813815927,286447168.148174,4444
968,4354,3392530.9999999804,1137.3809523809502,3395747.6190476185,3392531.0,0,292890.70564862725,286740058.8538226,5731
969,2959,3390709.380952362,1137.3809523809502,3392531.0,3390709.3809523764,0,258708.6152073748,286998767.46902996,3859
970,4484,3389121.7380952183,2896.3571428571463,3390709.3809523764,3389121.738095242,0,315043.97075095354,287313811.4397809,4726
971,4042,3387976.095238084,2896.3571428571463,3389121.738095242,3387976.095238094,0,306735.3885509972,287620546.8283319,4274
972,4006,3390085.7857142785,6115.690476190475,3387976.095238094,3390085.785714283,0,290236.65562087623,287910783.48395276,4473
973,4613,3391588.4761904674,6115.690476190475,3390085.785714283,3391588.4761904734,0,284483.2981545188,288195266.7821073,5008
974,4138,3395414.4761904664,7963.999999999989,3391588.4761904734,3395414.4761904795,0,280007.555002528,288475274.3371098,4371
975,3922,3399456.4761904725,7963.999999999989,3395414.4761904795,3399456.476190474,0,259681.5181214884,288734955.8552313,5479
976,4306,3404169.642857128,9019.166666666664,3399456.476190474,3404169.6428571423,0,273870.1255598565,289008825.98079115,5157
977,4679,3408509.809523796,9019.166666666664,3404169.6428571423,3408509.809523806,0,273085.41445163253,289281911.3952428,6061
978,3975,3415382.5952380835,10847.785714285717,3408509.809523806,3415382.5952380975,0,277849.29064874916,289559760.68589157,5401
979,4395,3421835.380952375,10847.785714285717,3415382.5952380975,3421835.380952379,0,282185.4283514911,289841946.11424303,6233
980,3107,3429707.452380948,10979.071428571422,3421835.380952379,3429707.45238095,0,253212.53221000574,290095158.646453,4262
981,3713,3436973.5238095187,10979.071428571422,3429707.45238095,3436973.5238095243,0,296161.5055271413,290391320.15198016,4822
982,4082,3443515.9999999967,10624.476190476189,3436973.5238095243,3443516.0,0,306700.2686841993,290698020.42066437,4937
983,4349,3449791.4761904725,10624.476190476189,3443516.0,3449791.4761904767,0,281418.1744839073,290979438.59514827,5152
984,4469,3456097.3809523755,10774.904761904767,3449791.4761904767,3456097.380952384,0,297123.278729479,291276561.87387776,5516
985,4727,3462145.2857142827,10774.904761904767,3456097.380952384,3462145.285714283,0,270707.6416879927,291547269.51556575,5932
986,4311,3469626.4285714193,11792.142857142855,3462145.285714283,3469626.4285714296,0,293400.0774305235,291840669.5929963,5124
987,4761,3476657.571428566,11792.142857142855,3469626.4285714296,3476657.571428573,0,289442.0047367946,292130111.5977331,6228
988,3651,3484547.880952374,11541.30952380952,3476657.571428573,3484547.8809523825,0,260957.88179218455,292391069.47952527,5499
989,3133,3492956.1904761833,11541.30952380952,3484547.8809523825,3492956.190476192,0,263024.59447584243,292654094.07400113,4482
990,3316,3500846.0714285667,11205.880952380967,3492956.190476192,3500846.0714285714,0,258484.6763631844,292912578.7503643,4510
991,3918,3508133.952380946,11205.880952380967,3500846.0714285714,3508133.9523809534,0,273523.6532486091,293186102.4036129,5031
992,4003,3514676.1428571413,10545.190476190486,3508133.9523809534,3514676.1428571423,0,265881.9315144716,293451984.33512735,5555
993,3457,3521764.33333333,10545.190476190486,3514676.1428571423,3521764.333333338,0,252329.71419893086,293704314.0493263,4678
994,3976,3527431.047619051,9642.714285714286,3521764.333333338,3527431.0476190504,0,296936.63922363037,294001250.68854994,5318
995,3551,3533522.761904763,9642.714285714286,3527431.0476190504,3533522.7619047603,0,275545.814037413,294276796.5025874,5596
996,3134,3539943.523809511,9554.761904761903,3533522.7619047603,3539943.523809522,0,263413.9346786936,294540210.43726605,5162
997,3902,3545596.285714273,9554.761904761903,3539943.523809522,3545596.2857142836,0,276727.63218259363,294816938.06944865,5359
998,3563,3552773.8095238046,10740.523809523826,3545596.2857142836,3552773.8095238074,0,275198.36411839246,295092136.43356705,5976
999,2942,3560572.3333333284,10740.523809523826,3552773.8095238074,3560572.333333334,0,248229.2256583703,295340365.6592254,4301
1000,2962,3568924.095238097,11313.761904761905,3560572.333333334,3568924.095238091,0,252321.81861792717,295592687.47784334,3699
1001,4194,3576043.857142854,11313.761904761905,3568924.095238091,3576043.8571428563,0,307027.8259272634,295899715.3037706,5707
1002,4126,3583062.5476190425,11144.690476190484,3576043.8571428563,3583062.547619045,0,306813.88315080723,296206529.1869214,5034
1003,3783,3590424.238095231,11144.690476190484,3583062.547619045,3590424.238095239,0,287834.78265678766,296494363.9695782,4380
1004,3249,3597382.2380952346,10207.000000000002,3590424.238095239,3597382.238095233,0,263225.66177350155,296757589.6313517,4035
1005,4492,3603097.238095229,10207.000000000002,3597382.238095233,3603097.2380952393,0,294024.400626246,297051614.03197795,5134
1006,5652,3606093.1904761847,8647.95238095239,3603097.2380952393,3606093.190476192,0,330795.85349773755,297382409.8854757,6407
1007,3348,3611393.1428571376,8647.95238095239,3606093.190476192,3611393.1428571437,0,239393.79483628433,297621803.680312,3985
1008,3749,3614103.6666666577,6459.523809523805,3611393.1428571437,3614103.6666666605,0,276539.189761939,297898342.8700739,4039
1009,4249,3616314.1904761745,6459.523809523805,3614103.6666666605,3616314.190476191,0,269033.5258410986,298167376.39591503,4574
1010,5118,3615362.619047605,4166.428571428578,3616314.190476191,3615362.6190476157,0,284083.87769320415,298451460.2736082,5541
1011,3750,3615779.0476190294,4166.428571428578,3615362.6190476157,3615779.047619055,0,252622.2886344036,298704082.5622426,4198
1012,3766,3614274.261904753,2261.214285714292,3615779.047619055,3614274.2619047663,0,268443.20569555025,298972525.7679382,4030
1013,3010,3613525.476190464,2261.214285714292,3614274.2619047663,3613525.4761904753,0,265458.66975935176,299237984.4376975,3365
1014,4511,3610268.9523809324,1254.47619047619,3613525.4761904753,3610268.9523809534,0,311569.4924862706,299549553.9301838,4629
1015,3967,3607556.4285714105,1254.47619047619,3610268.9523809534,3607556.428571429,0,263778.9192907692,299813332.8494746,4429
1016,4230,3604463.809523791,1137.3809523809502,3607556.428571429,3604463.809523812,0,277784.54114732833,300091117.39062196,5248
1017,3481,3602120.190476174,1137.3809523809502,3604463.809523812,3602120.1904761996,0,268555.1710756408,300359672.5616976,3612
1018,3285,3601731.5476190415,2896.3571428571463,3602120.1904761996,3601731.5476190452,0,257932.76011922007,300617605.3218168,3642
1019,4353,3600274.904761887,2896.3571428571463,3601731.5476190452,3600274.904761902,0,290947.0156041129,300908552.33742094,4505
1020,3819,3602571.5952380863,6115.690476190475,3600274.904761902,3602571.5952380975,0,253672.1172704792,301162224.4546914,4742
1021,2829,3605858.2857142817,6115.690476190475,3602571.5952380975,3605858.285714287,0,247276.26687171776,301409500.7215631,2969
1022,4393,3609429.28571428,7963.999999999989,3605858.285714287,3609429.2857142854,0,293037.9871847561,301702538.70874786,4614
1023,3180,3614213.2857142785,7963.999999999989,3609429.2857142854,3614213.2857142743,0,252980.65244558928,301955519.3611935,4128
1024,2651,3620581.452380928,9019.166666666664,3614213.2857142743,3620581.452380955,0,223236.3705940815,302178755.73178756,4291
1025,3637,3625963.619047609,9019.166666666664,3620581.452380955,3625963.6190476157,0,250184.2169499279,302428939.9487375,4472
1026,3192,3633619.404761893,10847.785714285717,3625963.6190476157,3633619.404761904,0,266780.3504971987,302695720.2992347,4003
1027,3043,3641424.1904761815,10847.785714285717,3633619.404761904,3641424.190476186,0,263525.1379660236,302959245.4372007,4017
1028,3590,3648813.2619047547,10979.071428571422,3641424.190476186,3648813.261904764,0,265413.8880464401,303224659.32524717,4718
1029,3499,3656293.3333333326,10979.071428571422,3648813.261904764,3656293.333333336,0,262034.325101937,303486693.6503491,4267
1030,3336,3663581.8095238083,10624.476190476189,3656293.333333336,3663581.8095238046,0,260511.15182635107,303747204.8021754,4587
1031,3107,3671099.285714277,10624.476190476189,3663581.8095238046,3671099.285714287,0,256674.94665857626,304003879.74883395,4464
1032,3426,3678448.1904761856,10774.904761904767,3671099.285714287,3678448.1904761954,0,267737.7451795501,304271617.4940135,4834
1033,3722,3685501.095238094,10774.904761904767,3678448.1904761954,3685501.0952380984,0,264695.9087889763,304536313.40280247,4912
1034,4225,3693068.2380952346,11792.142857142855,3685501.0952380984,3693068.2380952337,0,273564.5903057677,304809877.9931082,5105
1035,3428,3701432.38095237,11792.142857142855,3693068.2380952337,3701432.3809523783,0,266183.89609653084,305076061.88920474,4080
1036,3745,3709228.690476179,11541.30952380952,3701432.3809523783,3709228.6904761894,0,291091.53544359724,305367153.42464834,4344
1037,3755,3717014.99999999,11541.30952380952,3709228.6904761894,3717015.0000000014,0,278172.36300937674,305645325.78765774,4841
1038,4201,3724019.880952376,11205.880952380967,3717015.0000000014,3724019.8809523834,0,267717.48582731467,305913043.27348506,5192
1039,3812,3731413.761904758,11205.880952380967,3724019.8809523834,3731413.7619047645,0,280518.25069496495,306193561.52418005,4638
1040,3952,3738006.9523809524,10545.190476190486,3731413.7619047645,3738006.952380952,0,268825.3220039088,306462386.84618396,5253
1041,3417,3745135.14285714,10545.190476190486,3738006.952380952,3745135.142857141,0,274919.13274092367,306737305.9789249,4772
1042,3503,3751274.8571428536,9642.714285714286,3745135.142857141,3751274.8571428526,0,272074.3284623925,307009380.3073873,5536
1043,3255,3757662.5714285653,9642.714285714286,3751274.8571428526,3757662.571428563,0,266210.9869023528,307275591.29428965,4752
1044,3873,3763344.333333314,9554.761904761903,3757662.571428563,3763344.3333333307,0,280588.7365467064,307556180.03083634,5532
1045,3337,3769562.0952380816,9554.761904761903,3763344.3333333307,3769562.095238095,0,265548.15063731745,307821728.1814737,4539
1046,4022,3776280.619047616,10740.523809523826,3769562.095238095,3776280.619047618,0,288705.7578388971,308110433.9393126,5142
1047,3627,3783394.142857139,10740.523809523826,3776280.619047618,3783394.1428571446,0,275779.66002511815,308386213.5993377,4728
1048,3754,3790953.9047619076,11313.761904761905,3783394.1428571446,3790953.9047619016,0,266063.2607780518,308652276.86011577,4755
1049,4042,3798225.6666666646,11313.761904761905,3790953.9047619016,3798225.6666666637,0,286702.68692902586,308938979.5470448,4536
1050,3791,3805579.35714285,11144.690476190484,3798225.6666666637,3805579.357142853,0,289533.25717151456,309228512.8042163,4642
1051,4108,3812616.047619039,11144.690476190484,3805579.357142853,3812616.0476190485,0,308282.19007430814,309536794.99429065,4850
1052,2895,3819928.0476190443,10207.000000000002,3812616.0476190485,3819928.047619044,0,264312.99721289496,309801107.99150354,3764
1053,4433,3825702.0476190397,10207.000000000002,3819928.047619044,3825702.047619048,0,313063.5777834251,310114171.56928694,4784
1054,4191,3830158.9999999935,8647.95238095239,3825702.047619048,3830158.9999999995,0,308191.44607972424,310422363.0153667,4755
1055,3933,3834873.952380945,8647.95238095239,3830158.9999999995,3834873.9523809482,0,269700.78931842354,310692063.8046851,4196
1056,4639,3836694.4761904622,6459.523809523805,3834873.9523809482,3836694.47619047,0,284062.20259523427,310976126.00728035,5070
1057,4560,3838593.999999984,6459.523809523805,3836694.47619047,3838594.000000001,0,294927.5744837279,311271053.5817641,5146
1058,3613,3839147.4285714147,4166.428571428578,3838594.000000001,3839147.428571429,0,243028.71971674106,311514082.3014808,4963
1059,3782,3839531.857142843,4166.428571428578,3839147.428571429,3839531.857142854,0,261466.01949830615,311775548.3209791,4098
1060,4425,3837368.071428552,2261.214285714292,3839531.857142854,3837368.0714285793,0,290754.67296395253,312066302.9939431,4514
1061,3499,3836130.285714277,2261.214285714292,3837368.0714285793,3836130.285714283,0,288794.955188397,312355097.9491315,3874
1062,3333,3834051.7619047402,1254.47619047619,3836130.285714283,3834051.7619047663,0,267219.11057717435,312622317.05970865,3652
1063,3882,3831424.2380952234,1254.47619047619,3834051.7619047663,3831424.2380952425,0,295028.9230955313,312917345.9828042,4449
1064,3556,3829005.6190476045,1137.3809523809502,3831424.2380952425,3829005.61904762,0,266920.77503451484,313184266.75783867,4153
1065,3629,3826513.999999982,1137.3809523809502,3829005.61904762,3826514.0000000023,0,274777.5535268366,313459044.3113655,3926
1066,3669,3825741.3571428442,2896.3571428571463,3826514.0000000023,3825741.3571428563,0,280618.4258648618,313739662.73723036,3871
1067,4261,3824376.7142856983,2896.3571428571463,3825741.3571428563,3824376.7142857164,0,280633.5053872972,314020296.24261767,4652
1068,4258,3826234.4047619007,6115.690476190475,3824376.7142857164,3826234.4047619067,0,260375.48037376002,314280671.7229914,4645
1069,3532,3828818.095238091,6115.690476190475,3826234.4047619067,3828818.0952380947,0,239389.7946356064,314520061.517627,4103
1070,4673,3832109.0952380877,7963.999999999989,3828818.0952380947,3832109.0952380905,0,294642.01395180693,314814703.5315788,4770
1071,2939,3837134.0952380835,7963.999999999989,3832109.0952380905,3837134.095238096,0,234633.94288427374,315049337.47446305,5549
1072,2701,3843452.26190475,9019.166666666664,3837134.095238096,3843452.261904754,0,241412.66183326053,315290750.13629633,4116
1073,4349,3848122.428571408,9019.166666666664,3843452.261904754,3848122.428571429,0,303822.52049756364,315594572.6567939,5928
1074,3027,3855943.2142857066,10847.785714285717,3848122.428571429,3855943.214285714,0,243492.40500016292,315838065.06179404,6173
1075,2801,3863989.9999999916,10847.785714285717,3855943.214285714,3863989.999999999,0,251385.79341991537,316089450.85521394,3551
1076,4471,3870498.0714285676,10979.071428571422,3863989.999999999,3870498.071428576,0,286317.1024044241,316375767.95761836,5273
1077,4325,3877152.1428571446,10979.071428571422,3870498.071428576,3877152.1428571376,0,284996.7369451583,316660764.6945635,5461
1078,3974,3883802.61904761,10624.476190476189,3877152.1428571376,3883802.619047619,0,266002.1642611225,316926766.8588246,4925
1079,4068,3890359.0952380914,10624.476190476189,3883802.619047619,3890359.0952381007,0,271024.3634493685,317197791.222274,4594
1080,4729,3896404.9999999995,10774.904761904767,3890359.0952381007,3896404.9999999935,0,281209.6944878545,317479000.9167619,5234
1081,4165,3903014.9047618923,10774.904761904767,3896404.9999999935,3903014.9047619035,0,280124.2274161617,317759125.14417803,5181
1082,4175,3910632.0476190397,11792.142857142855,3903014.9047619035,3910632.047619046,0,285404.3251600071,318044529.46933806,5230
1083,3899,3918525.1904761824,11792.142857142855,3910632.047619046,3918525.190476196,0,281806.34102599946,318326335.81036407,5222
1084,3668,3926398.4999999967,11541.30952380952,3918525.190476196,3926398.499999996,0,264400.10726842546,318590735.9176325,4743
1085,3615,3934324.8095237967,11541.30952380952,3926398.499999996,3934324.80952381,0,249843.72336846252,318840579.641001,5037
1086,3085,3942445.6904761847,11205.880952380967,3934324.80952381,3942445.690476182,0,244256.10533059656,319084835.7463316,4016
1087,4335,3949316.5714285565,11205.880952380967,3942445.690476182,3949316.571428577,0,285843.2906025774,319370679.03693414,5362
1088,3413,3956448.761904765,10545.190476190486,3949316.571428577,3956448.761904764,0,273250.6599172501,319643929.6968514,4924
1089,3585,3963408.952380952,10545.190476190486,3956448.761904764,3963408.952380954,0,278435.40747453383,319922365.1043259,4587
1090,2176,3970875.6666666665,9642.714285714286,3963408.952380954,3970875.6666666665,0,233328.06860227324,320155693.17292815,4343
1091,3244,3977274.380952379,9642.714285714286,3970875.6666666665,3977274.380952391,0,256507.40501912954,320412200.57794726,3980
1092,3487,3983342.142857142,9554.761904761903,3977274.380952391,3983342.142857139,0,275775.27646623476,320687975.8544135,5146
1093,3657,3989239.90476189,9554.761904761903,3983342.142857139,3989239.9047619123,0,269531.06985186366,320957506.9242654,5206
1094,3008,3996972.4285714333,10740.523809523826,3989239.9047619123,3996972.428571428,0,250919.9510515877,321208426.875317,4601
1095,3732,4003980.952380949,10740.523809523826,3996972.428571428,4003980.952380955,0,252957.04892912618,321461383.92424613,4876
1096,2962,4012332.7142857183,11313.761904761905,4003980.952380955,4012332.7142857085,0,271929.2494970504,321733313.1737432,3429
1097,3958,4019688.4761904716,11313.761904761905,4012332.7142857085,4019688.4761904785,0,271098.7732050299,322004411.94694823,5134
1098,3695,4027138.1666666646,11144.690476190484,4019688.4761904785,4027138.16666666,0,283686.2389707195,322288098.1859189,4995
1099,4311,4033971.857142846,11144.690476190484,4027138.16666666,4033971.85714285,0,303220.2691015797,322591318.4550205,4847
1100,3116,4041062.8571428456,10207.000000000002,4033971.85714285,4041062.857142853,0,289269.46433008136,322880587.91935056,3739
1101,4323,4046946.857142849,10207.000000000002,4041062.857142853,4046946.85714286,0,303176.7237071449,323183764.6430577,5438
1102,3450,4052144.8095238055,8647.95238095239,4046946.85714286,4052144.8095238074,0,280310.34185693564,323464074.98491466,4117
1103,4425,4056367.761904753,8647.95238095239,4052144.8095238074,4056367.7619047537,0,308579.14900251816,323772654.13391715,4770
1104,3293,4060713.2619047537,7638.5,4056367.7619047537,4060713.261904753,0,273287.65109141386,324045941.78500855,4040
1105,4602,4063749.761904753,7638.5,4060713.261904753,4063749.7619047547,0,254415.03298279556,324300356.8179913,6164
1106,3906,4065051.2619047547,5207.5,4063749.7619047547,4065051.261904753,0,278105.26844672643,324578462.08643806,4315
1107,3443,4066815.761904753,5207.5,4065051.261904753,4066815.761904753,0,245692.35494584995,324824154.4413839,4176
1108,2916,4067080.386904753,3180.625,4066815.761904753,4067080.3869047533,0,234844.27761686983,325058998.71900076,3241
1109,4464,4065797.0119047533,3180.625,4067080.3869047533,4065797.0119047533,0,283548.8655893806,325342547.58459014,4754
1110,3932,4063674.3244047533,1809.3125,4065797.0119047533,4063674.324404751,0,243863.82296323474,325586411.4075534,4695
1111,2754,4062729.636904751,1809.3125,4063674.324404751,4062729.636904752,0,240420.70063088599,325826832.1081843,2862
1112,3543,4060653.699404752,1467.0625,4062729.636904752,4060653.6994047533,0,301408.2717926865,326128240.379977,3749
1113,3425,4058695.7619047533,1467.0625,4060653.6994047533,4058695.7619047537,0,285428.6395357846,326413669.0195128,3609
1114,4104,4057616.6369047537,3024.875,4058695.7619047537,4057616.6369047523,0,268720.970573173,326682389.99008596,4820
1115,3003,4057638.5119047523,3024.875,4057616.6369047523,4057638.5119047537,0,246919.11894160922,326929309.10902756,3148
1116,3525,4058726.9494047537,4613.4375,4057638.5119047537,4058726.949404751,0,248042.99780203582,327177352.1068296,3612
1117,3665,4059675.386904751,4613.4375,4058726.949404751,4059675.386904752,0,264097.2978881849,327441449.40471774,3888
1118,3527,4062479.949404752,6331.5625,4059675.386904752,4062479.9494047523,0,265564.1192854458,327707013.5240032,4788
1119,3126,4065685.5119047523,6331.5625,4062479.9494047523,4065685.5119047547,0,229456.33631543885,327936469.86031866,3728
1120,4230,4070168.5119047547,8713.0,4065685.5119047547,4070168.511904753,0,277476.3144484526,328213946.17476714,4606
1121,3849,4075032.511904753,8713.0,4070168.511904753,4075032.5119047533,0,239408.1166365288,328453354.29140365,5168
1122,3122,4081501.3869047533,9590.875,4075032.5119047533,4081501.386904754,0,251001.38220261264,328704355.6736063,3765
1123,4906,4086186.261904754,9590.875,4081501.386904754,4086186.261904753,0,299398.3383843618,329003754.01199067,5524
1124,3851,4092274.636904753,9939.375,4086186.261904753,4092274.636904753,0,256196.77926281554,329259950.7912535,4377
1125,3913,4098301.011904753,9939.375,4092274.636904753,4098301.011904752,0,252669.17977378072,329512619.9710273,4583
1126,2945,4105565.636904752,10209.625,4098301.011904752,4105565.6369047514,0,242386.2778205296,329755006.24884784,3825
1127,4148,4111627.2619047514,10209.625,4105565.6369047514,4111627.2619047523,0,264254.57706762064,330019260.82591546,4457
1128,4350,4117961.5119047523,10684.25,4111627.2619047523,4117961.511904754,0,276198.8624092361,330295459.6883247,4863
1129,4777,4123868.761904754,10684.25,4117961.511904754,4123868.761904753,0,279958.7165991836,330575418.40492386,5010
1130,3997,4131075.574404753,11203.8125,4123868.761904753,4131075.5744047533,0,285810.3511830319,330861228.7561069,4552
1131,3804,4138475.3869047533,11203.8125,4131075.5744047533,4138475.3869047537,0,265380.3764054413,331126609.13251233,4636
1132,4478,4145036.5744047537,11039.1875,4138475.3869047537,4145036.5744047537,0,317832.397842305,331444441.5303546,4970
1133,3088,4152987.7619047537,11039.1875,4145036.5744047537,4152987.7619047523,0,267679.41210035374,331712120.942455,4181
1134,4351,4159400.3869047523,10763.625,4152987.7619047523,4159400.3869047547,0,261991.92973465362,331974112.87218964,4981
1135,3649,4166515.0119047547,10763.625,4159400.3869047547,4166515.0119047514,0,269049.4698370321,332243162.34202665,4210
1136,4098,4173054.6369047514,10637.625,4166515.0119047514,4173054.636904753,0,287609.4175296042,332530771.75955623,4957
1137,2739,4180953.261904753,10637.625,4173054.636904753,4180953.261904753,0,238092.38834102754,332768864.14789724,4609
1138,4182,4187721.949404753,10950.6875,4180953.261904753,4187721.949404753,0,296583.85279421194,333065448.0006915,5052
1139,3640,4195032.636904753,10950.6875,4187721.949404753,4195032.63690476,0,261026.48655022978,333326474.4872417,4587
1140,3591,4201761.76190476,10320.125,4195032.63690476,4201761.761904762,0,266101.6182596923,333592576.10550135,4620
1141,3154,4208927.886904762,10320.125,4201761.761904762,4208927.886904758,0,254995.38973643907,333847571.49523777,4287
1142,3205,4216277.824404758,10554.9375,4208927.886904758,4216277.824404766,0,250049.1576648094,334097620.6529026,4200
1143,3615,4223217.761904766,10554.9375,4216277.824404766,4223217.761904763,0,243509.39632558444,334341130.0492282,4933
1144,3535,4230517.886904763,10835.125,4223217.761904763,4230517.88690477,0,267132.6408296851,334608262.6900579,4223
1145,3731,4237622.01190477,10835.125,4230517.88690477,4237622.011904768,0,265160.602969411,334873423.2930273,4304
1146,3114,4244870.136904768,10362.125,4237622.011904768,4244870.136904768,0,270156.0835778841,335143579.37660515,3664
1147,4121,4251111.261904768,10362.125,4244870.136904768,4251111.261904766,0,300769.0316274785,335444348.4082326,4570
1148,3238,4257250.886904766,9377.625,4251111.261904766,4257250.886904769,0,258798.38515433756,335703146.793387,3479
1149,3951,4262677.511904769,9377.625,4257250.886904769,4262677.51190477,0,276176.5344697595,335979323.3278568,4731
1150,4173,4266295.88690477,7791.375,4262677.51190477,4266295.886904768,0,286985.0991067238,336266308.4269635,4818
1151,3977,4270110.261904768,7791.375,4266295.886904768,4270110.261904768,0,264779.0365353416,336531087.46349883,5046
1152,3447,4274301.761904768,7638.5,4270110.261904768,4274301.761904766,0,245516.45611467067,336776603.9196135,3925
1153,3610,4278330.261904766,7638.5,4274301.761904766,4278330.261904768,0,270519.3639415117,337047123.283555,4290
1154,4363,4279174.761904768,5207.5,4278330.261904768,4279174.761904768,0,281765.2126369766,337328888.4961919,4515
1155,3739,4280643.261904768,5207.5,4279174.761904768,4280643.261904769,0,255334.37362737418,337584222.8698193,4055
1156,3456,4280367.886904769,3180.625,4280643.261904769,4280367.886904767,0,253909.65254436625,337838132.52236366,3854
1157,3195,4280353.511904767,3180.625,4280367.886904767,4280353.51190477,0,254600.20783419904,338092732.73019785,3474
1158,3506,4278656.82440477,1809.3125,4280353.51190477,4278656.824404767,0,251379.76101229645,338344112.49121016,3847
1159,3679,4276787.136904767,1809.3125,4278656.824404767,4276787.136904767,0,251976.74520937685,338596089.23641956,4550
1160,4096,4274158.199404767,1467.0625,4276787.136904767,4274158.199404771,0,262682.6840197521,338858771.9204393,4431
1161,3237,4272388.261904771,1467.0625,4274158.199404771,4272388.261904767,0,236878.07689895152,339095649.99733824,3515
1162,3590,4271823.136904767,3024.875,4272388.261904767,4271823.136904769,0,266452.19526341395,339362102.1926016,3827
1163,3122,4271726.011904769,3024.875,4271823.136904769,4271726.011904769,0,264384.8727219535,339626487.0653236,3211
1164,3773,4272566.449404769,4613.4375,4271726.011904769,4272566.449404767,0,278086.10927345575,339904573.174597,3909
1165,2655,4274524.886904767,4613.4375,4272566.449404767,4274524.88690477,0,242141.651271993,340146714.825869,2710
1166,2396,4278460.44940477,6331.5625,4274524.88690477,4278460.449404766,0,235252.00430239504,340381966.8301714,2608
1167,5353,4279439.011904766,6331.5625,4278460.449404766,4279439.01190477,0,298153.25231314125,340680120.08248454,5513
1168,3125,4285027.01190477,8713.0,4279439.01190477,4285027.011904765,0,235692.37956597313,340915812.4620505,3310
1169,3520,4290220.011904765,8713.0,4285027.011904765,4290220.011904767,0,269370.50091676787,341185182.9629673,4372
1170,2784,4297026.886904767,9590.875,4290220.011904767,4297026.886904766,0,256585.17551708646,341441768.13848436,3579
1171,3422,4303195.761904766,9590.875,4297026.886904766,4303195.761904766,0,269372.6836696868,341711140.82215405,4330
1172,3647,4309488.136904766,9939.375,4303195.761904766,4309488.136904765,0,291106.783460303,342002247.60561436,4478
1173,2814,4316613.511904765,9939.375,4309488.136904765,4316613.511904768,0,265819.601715554,342268067.2073299,3809
1174,2847,4323976.136904768,10209.625,4316613.511904768,4323976.136904768,0,253043.69267691846,342521110.90000683,3553
1175,3820,4330365.761904768,10209.625,4323976.136904768,4330365.761904769,0,279096.84543616785,342800207.745443,4698
1176,2936,4338114.011904769,10684.25,4330365.761904769,4338114.011904766,0,262173.38996863813,343062381.1354116,4075
1177,3047,4345751.261904766,10684.25,4338114.011904766,4345751.261904766,0,243109.37704153304,343305490.51245314,3711
1178,5074,4351881.074404766,11203.8125,4345751.261904766,4351881.074404763,0,300306.06286661443,343605796.57531977,5449
1179,3174,4359910.886904763,11203.8125,4351881.074404763,4359910.886904771,0,237469.47620252735,343843266.0515223,4193
1180,3620,4367330.074404771,11039.1875,4359910.886904771,4367330.074404766,0,280831.73622393335,344124097.78774625,4057
1181,3229,4375140.261904766,11039.1875,4367330.074404766,4375140.2619047705,0,249640.6679809375,344373738.45572716,5303
1182,2964,4382939.8869047705,10763.625,4375140.2619047705,4382939.886904766,0,254048.79234506574,344627787.2480722,4698
1183,3924,4389779.511904766,10763.625,4382939.886904766,4389779.511904768,0,267681.63744082476,344895468.885513,4776
1184,3277,4397140.136904768,10637.625,4389779.511904768,4397140.136904774,0,254050.22676972003,345149519.11228275,4822
1185,3193,4404584.761904774,10637.625,4397140.136904774,4404584.761904769,0,261662.9524782303,345411182.064761,3819
1186,4492,4411043.449404769,10950.6875,4404584.761904769,4411043.44940477,0,283324.1799052899,345694506.2446663,5200
1187,3728,4418266.13690477,10950.6875,4411043.44940477,4418266.13690477,0,270476.9427929206,345964983.1874592,4923
1188,2853,4425733.26190477,10320.125,4418266.13690477,4425733.261904771,0,241570.66764049878,346206553.8550997,4322
1189,3787,4432266.386904771,10320.125,4425733.261904771,4432266.38690477,0,274436.803787062,346480990.65888673,4693
1190,2779,4440042.32440477,10554.9375,4432266.38690477,4440042.32440477,0,248998.67116875248,346729989.3300555,4196
1191,3742,4446855.26190477,10554.9375,4440042.32440477,4446855.261904766,0,262215.8778335327,346992205.207889,4129
1192,3155,4454535.386904766,10835.125,4446855.261904766,4454535.386904773,0,239868.79602767114,347232074.0039167,3884
1193,3802,4461568.511904773,10835.125,4454535.386904773,4461568.511904771,0,283476.8973996167,347515550.9013163,4451
1194,3470,4468460.636904771,10362.125,4461568.511904771,4468460.636904771,0,255413.0766151683,347770963.97793144,4406
1195,3886,4474936.761904771,10362.125,4468460.636904771,4474936.761904768,0,258230.94241973764,348029194.9203512,4508
1196,3468,4480846.386904768,9377.625,4474936.761904768,4480846.386904771,0,267365.0369668108,348296559.957318,3601
1197,3405,4486819.011904771,9377.625,4480846.386904771,4486819.01190477,0,273815.1983133192,348570375.1556313,3687
1198,2908,4491702.38690477,7791.375,4486819.01190477,4491702.386904769,0,256844.49501960265,348827219.6506509,3200
1199,4226,4495267.761904769,7791.375,4491702.386904769,4495267.761904768,0,279702.4912541417,349106922.14190507,4433
1200,2802,4498925.285714322,6459.523809523805,4495267.761904768,4498925.285714293,0,252808.8918459267,349359731.033751,3251
1201,3632,4501752.809523847,6459.523809523805,4498925.285714293,4501752.809523799,0,256587.74056295137,349616318.774314,3844
1202,2903,4503016.238095254,4166.428571428578,4501752.809523799,4503016.238095235,0,246149.71771581503,349862468.4920298,3194
1203,4169,4503013.666666689,4166.428571428578,4503016.238095235,4503013.666666654,0,264319.254079173,350126787.74610895,4473
1204,4200,4501074.880952413,2261.214285714292,4503013.666666654,4501074.88095238,0,297534.8169457983,350424322.56305474,4392
1205,3362,4499974.095238139,2261.214285714292,4501074.88095238,4499974.095238096,0,245504.08883577774,350669826.6518905,4075
1206,2706,4498522.571428634,1254.47619047619,4499974.095238096,4498522.571428567,0,246896.76890287446,350916723.4207934,3034
1207,3589,4496188.047619105,1254.47619047619,4498522.571428567,4496188.047619036,0,283405.8681286938,351200129.28892213,3844
1208,3022,4494303.428571477,1137.3809523809502,4496188.047619036,4494303.42857143,0,239190.30972900474,351439319.5986511,3524
1209,3163,4492277.80952387,1137.3809523809502,4494303.42857143,4492277.809523804,0,260388.10547684372,351699707.70412797,3452
1210,3880,4491294.1666667005,2896.3571428571463,4492277.809523804,4491294.166666663,0,271418.59515203413,351971126.29928,3973
1211,3162,4491028.52380956,2896.3571428571463,4491294.166666663,4491028.523809512,0,248007.84099399074,352219134.140274,3459
1212,4489,4492655.21428571,6115.690476190475,4491028.523809512,4492655.214285717,0,267194.77626513445,352486328.91653913,4575
1213,2432,4496338.904761915,6115.690476190475,4492655.214285717,4496338.904761903,0,241867.16542225197,352728196.0819614,2534
1214,3750,4500552.904761904,7963.999999999989,4496338.904761903,4500552.904761904,0,279850.5147906222,353008046.596752,3904
1215,2856,4505660.904761905,7963.999999999989,4500552.904761904,4505660.904761923,0,268875.37103574275,353276921.96778774,4489
1216,3062,4511618.071428599,9019.166666666664,4505660.904761923,4511618.071428577,0,254255.1839406508,353531177.1517284,4234
1217,3281,4517356.238095254,9019.166666666664,4511618.071428577,4517356.238095239,0,252033.0025524314,353783210.15428084,4477
1218,2945,4525259.023809538,10847.785714285717,4517356.238095239,4525259.023809531,0,257661.0375936621,354040871.1918745,4333
1219,4126,4531980.80952383,10847.785714285717,4525259.023809531,4531980.809523808,0,283098.63512432715,354323969.82699883,5004
1220,3898,4539061.880952381,10979.071428571422,4531980.809523808,4539061.8809523685,0,265685.4601888624,354589655.2871877,5107
1221,3512,4546528.952380941,10979.071428571422,4539061.8809523685,4546528.952380953,0,260135.41565206117,354849790.70283973,4273
1222,3671,4553482.428571449,10624.476190476189,4546528.952380953,4553482.428571415,0,286986.60719048465,355136777.3100302,4306
1223,4081,4560025.90476191,10624.476190476189,4553482.428571415,4560025.904761895,0,288069.0579838479,355424846.3680141,4694
1224,3534,4567266.809523818,10774.904761904767,4560025.904761895,4567266.809523816,0,285830.1710130831,355710676.53902715,4425
1225,4135,4573906.71428574,10774.904761904767,4567266.809523816,4573906.714285733,0,256766.66900339496,355967443.2080305,4871
1226,2715,4582983.857142888,11792.142857142855,4573906.714285733,4582983.857142866,0,241080.17926889192,356208523.3872994,3920
1227,3889,4590887.0000000205,11792.142857142855,4582983.857142866,4590886.999999997,0,286065.0355152661,356494588.42281467,5161
1228,4114,4598314.309523818,11541.30952380952,4590886.999999997,4598314.309523786,0,291624.06631548575,356786212.48913014,5149
1229,2750,4607105.619047607,11541.30952380952,4598314.309523786,4607105.619047623,0,235500.6154451818,357021713.10457534,4969
1230,3803,4614508.50000002,11205.880952380967,4607105.619047623,4614508.499999995,0,275744.2702639718,357297457.3748393,4920
1231,3521,4622193.380952392,11205.880952380967,4614508.499999995,4622193.380952386,0,263941.732762913,357561399.10760224,5158
1232,3421,4629317.571428588,10545.190476190486,4622193.380952386,4629317.571428571,0,253612.38892385986,357815011.4965261,4624
1233,3154,4636708.761904772,10545.190476190486,4629317.571428571,4636708.761904758,0,265065.66440741,358080077.16093355,4443
1234,3569,4642782.47619047,9642.714285714286,4636708.761904758,4642782.476190488,0,243142.03419509914,358323219.1951287,4682
1235,3845,4648580.1904762,9642.714285714286,4642782.476190488,4648580.190476191,0,294881.4891870322,358618100.68431574,4982
1236,2779,4655355.952380949,9554.761904761903,4648580.190476191,4655355.952380959,0,244704.3602714598,358862805.0445872,4873
1237,3911,4660999.714285716,9554.761904761903,4655355.952380959,4660999.714285712,0,278110.07378711604,359140915.1183743,5516
1238,3763,4667977.238095251,10740.523809523826,4660999.714285712,4667977.238095232,0,274752.9838258332,359415668.10220015,5108
1239,3522,4675195.761904771,10740.523809523826,4667977.238095232,4675195.761904741,0,272275.7740764384,359687943.8762766,4368
1240,3658,4682851.523809496,11313.761904761905,4675195.761904741,4682851.523809519,0,294108.96785620874,359982052.84413284,4627
1241,4357,4689808.285714274,11313.761904761905,4682851.523809519,4689808.285714289,0,278635.89846875035,360260688.7426016,5335
1242,4105,4696847.97619048,11144.690476190484,4689808.285714289,4696847.97619046,0,257822.51479808617,360518511.2573997,5217
1243,3635,4704357.666666651,11144.690476190484,4696847.97619046,4704357.666666667,0,260109.21854791426,360778620.4759476,4145
1244,4467,4710097.666666674,10207.000000000002,4704357.666666667,4710097.666666658,0,263068.3874060652,361041688.86335367,4712
1245,2935,4717369.666666665,10207.000000000002,4710097.666666658,4717369.666666666,0,266931.8391319331,361308620.7024856,4065
1246,3641,4722376.619047641,8647.95238095239,4717369.666666666,4722376.619047627,0,274341.92514772055,361582962.62763333,4226
1247,3495,4727529.571428602,8647.95238095239,4722376.619047627,4727529.571428558,0,246154.1367780355,361829116.7644114,4016
1248,3226,4730763.095238112,6459.523809523805,4727529.571428558,4730763.095238091,0,261635.51722549135,362090752.2816369,3760
1249,3866,4733356.6190476455,6459.523809523805,4730763.095238091,4733356.619047596,0,302368.3252896917,362393120.60692656,4078
1250,3455,4734068.04761905,4166.428571428578,4733356.619047596,4734068.047619046,0,251418.53114877894,362644539.13807535,4258
1251,3717,4734517.4761905,4166.428571428578,4734068.047619046,4734517.476190471,0,253538.45052613184,362898077.58860147,3902
1252,4196,4732582.69047623,2261.214285714292,4734517.476190471,4732582.690476191,0,278801.00222247984,363176878.59082395,4643
1253,2795,4732048.9047619505,2261.214285714292,4732582.690476191,4732048.904761895,0,261095.45136111256,363437974.04218507,3055
1254,4462,4728841.380952433,1254.47619047619,4732048.904761895,4728841.380952386,0,298613.2041738052,363736587.2463589,4836
1255,3889,4726206.857142924,1254.47619047619,4728841.380952386,4726206.857142847,0,271187.7488401224,364007774.99519897,4054
1256,2165,4725179.238095287,1137.3809523809502,4726206.857142847,4725179.23809524,0,222665.42851517373,364230440.42371416,2621
1257,4225,4722091.61904768,1137.3809523809502,4725179.23809524,4722091.619047619,0,260120.57689941267,364490561.0006136,4341
1258,3558,4721429.976190516,2896.3571428571463,4722091.619047619,4721429.976190462,0,267553.86592835444,364758114.8665419,3779
1259,4513,4719813.333333358,2896.3571428571463,4721429.976190462,4719813.333333336,0,290457.0907331976,365048571.9572751,4611
1260,3720,4722209.023809534,6115.690476190475,4719813.333333336,4722209.023809529,0,266994.1579239533,365315566.115199,4086
1261,4031,4724293.714285727,6115.690476190475,4722209.023809529,4724293.714285712,0,270904.0785901953,365586470.19378924,4389
1262,4244,4728013.714285713,7963.999999999989,4724293.714285712,4728013.7142857,0,308290.63420391514,365894760.82799315,4486
1263,2518,4733459.714285701,7963.999999999989,4728013.7142857,4733459.714285718,0,236084.4050381438,366130845.2330313,4356
1264,3594,4738884.880952395,9019.166666666664,4733459.714285718,4738884.880952367,0,260262.5182570994,366391107.75128835,5019
1265,2878,4745026.047619043,9019.166666666664,4738884.880952367,4745026.047619031,0,237494.18792979844,366628601.93921816,3774
1266,2920,4752953.83333333,10847.785714285717,4745026.047619031,4752953.8333333405,0,256600.6347184178,366885202.5739366,3701
1267,3650,4760151.61904764,10847.785714285717,4752953.8333333405,4760151.619047618,0,286151.45685066853,367171354.0307872,4503
1268,4356,4766774.69047619,10979.071428571422,4760151.619047618,4766774.6904761875,0,312227.891026416,367483581.92181367,5152
1269,4100,4773653.76190476,10979.071428571422,4766774.6904761875,4773653.761904759,0,262366.4917443758,367745948.41355807,5051
1270,3598,4780680.238095255,10624.476190476189,4773653.761904759,4780680.238095245,0,262611.71767826175,368008560.1312363,4157
1271,3809,4787495.714285741,10624.476190476189,4780680.238095245,4787495.71428571,0,279954.384338037,368288514.51557434,4800
1272,4245,4794025.619047633,10774.904761904767,4787495.71428571,4794025.61904761,0,292093.2848546038,368580607.8004289,4872
1273,3131,4801669.523809534,10774.904761904767,4794025.61904761,4801669.523809531,0,242964.38890532078,368823572.1893343,4689
1274,4627,4808834.666666686,11792.142857142855,4801669.523809531,4808834.666666665,0,291521.45972335536,369115093.6490576,5188
1275,3901,4816725.80952382,11792.142857142855,4808834.666666665,4816725.809523808,0,299439.06232264626,369414532.71138024,5165
1276,3375,4824892.119047629,11541.30952380952,4816725.809523808,4824892.119047596,0,258264.92027202173,369672797.63165224,4596
1277,3744,4832689.428571417,11541.30952380952,4824892.119047596,4832689.42857144,0,303426.74170670693,369976224.37335896,5146
1278,3198,4840697.309523837,11205.880952380967,4832689.42857144,4840697.309523801,0,263636.89895346225,370239861.2723124,4462
1279,3572,4848331.190476198,11205.880952380967,4840697.309523801,4848331.190476187,0,275178.72229662817,370515039.99460906,4650
1280,3758,4855118.380952388,10545.190476190486,4848331.190476187,4855118.380952372,0,283664.6128041273,370798704.6074132,4831
1281,4176,4861487.571428574,10545.190476190486,4855118.380952372,4861487.571428573,0,264063.4903551442,371062768.0977683,5344
1282,4234,4866896.2857142845,9642.714285714286,4861487.571428573,4866896.28571429,0,269551.5596536346,371332319.65742195,5464
1283,4001,4872538.000000002,9642.714285714286,4866896.28571429,4872538.00000001,0,277320.7711021022,371609640.4285241,4620
1284,3742,4878350.761904768,9554.761904761903,4872538.00000001,4878350.76190475,0,285389.0627955798,371895029.49131966,4746
1285,4031,4883874.5238095075,9554.761904761903,4878350.76190475,4883874.523809526,0,278243.81854677567,372173273.3098664,5343
1286,3497,4891118.047619065,10740.523809523826,4883874.523809526,4891118.047619047,0,277144.2604051269,372450417.57027155,4596
1287,2956,4898902.571428586,10740.523809523826,4891118.047619047,4898902.571428568,0,263753.2850153053,372714170.85528684,4400
1288,4294,4905922.333333324,11313.761904761905,4898902.571428568,4905922.333333327,0,291720.686182561,373005891.5414694,4802
1289,3847,4913389.095238083,11313.761904761905,4905922.333333327,4913389.095238101,0,279830.75365043443,373285722.2951198,5046
1290,4109,4920424.785714292,11144.690476190484,4913389.095238101,4920424.78571428,0,290095.00874783215,373575817.30386764,4612
1291,4168,4927401.476190471,11144.690476190484,4920424.78571428,4927401.476190475,0,287430.27819162456,373863247.58205926,4956
1292,4417,4933191.476190482,10207.000000000002,4927401.476190475,4933191.476190458,0,279428.8043262694,374142676.38638556,5382
1293,4116,4939282.4761904655,10207.000000000002,4933191.476190458,4939282.47619049,0,285352.52556824713,374428028.9119538,4738
1294,4108,4943822.4285714645,8647.95238095239,4939282.47619049,4943822.428571426,0,280014.4432600451,374708043.3552139,4723
1295,4422,4948048.380952401,8647.95238095239,4943822.428571426,4948048.380952385,0,319782.87173914106,375027826.226953,4822
1296,3401,4951106.904761939,6459.523809523805,4948048.380952385,4951106.904761902,0,276081.51183310995,375303907.73878616,4632
1297,3651,4953915.428571456,6459.523809523805,4951106.904761902,4953915.428571429,0,290227.1231404691,375594134.8619266,4139
1298,4088,4953993.857142883,4166.428571428578,4953915.428571429,4953993.857142857,0,302058.6382103113,375896193.5001369,4501
1299,4151,4954009.2857143115,4166.428571428578,4953993.857142857,4954009.2857142845,0,296139.5453244644,376192333.04546136,5019
1300,3774,4952496.500000044,2261.214285714292,4954009.2857142845,4952496.499999997,0,285179.7882481108,376477512.8337095,4400
1301,3947,4950810.714285756,2261.214285714292,4952496.499999997,4950810.714285712,0,283399.200009912,376760912.03371936,4177
1302,3835,4948230.19047625,1254.47619047619,4950810.714285712,4948230.190476191,0,284430.3955731607,377045342.4292925,4352
1303,4457,4945027.666666729,1254.47619047619,4948230.190476191,4945027.666666665,0,287166.8358698244,377332509.26516235,4763
1304,4221,4941944.047619105,1137.3809523809502,4945027.666666665,4941944.047619046,0,270601.60121725267,377603110.8663796,4479
1305,4326,4938755.428571486,1137.3809523809502,4941944.047619046,4938755.428571421,0,247383.80395888106,377850494.6703385,4750
1306,4159,4937492.785714317,2896.3571428571463,4938755.428571421,4937492.785714283,0,258727.59194368756,378109222.2622822,4423
1307,4318,4936071.142857179,2896.3571428571463,4937492.785714283,4936071.142857138,0,316001.53189763485,378425223.79417986,4499
1308,3614,4938572.833333336,6115.690476190475,4936071.142857138,4938572.833333338,0,276880.9074348993,378702104.70161474,4130
1309,4990,4939698.523809535,6115.690476190475,4938572.833333338,4939698.5238095205,0,256812.54919992428,378958917.2508147,5381
1310,3681,4943981.523809521,7963.999999999989,4939698.5238095205,4943981.523809509,0,270405.75693884434,379229323.0077535,3990
1311,4336,4947609.52380951,7963.999999999989,4943981.523809509,4947609.523809526,0,285281.81331118976,379514604.8210647,5484
1312,3044,4953584.690476202,9019.166666666664,4947609.523809526,4953584.690476187,0,250299.2311643375,379764904.05222905,3683
1313,3583,4959020.857142863,9019.166666666664,4953584.690476187,4959020.857142856,0,258128.9542517838,380023033.0064808,5008
1314,4691,4965177.642857156,10847.785714285717,4959020.857142856,4965177.642857155,0,275645.7921638688,380298678.79864466,6266
1315,3561,4972464.428571454,10847.785714285717,4965177.642857155,4972464.428571431,0,274617.90584745485,380573296.7044921,4576
1316,4808,4978635.500000004,10979.071428571422,4972464.428571431,4978635.500000002,0,307545.0897826692,380880841.79427475,5868
1317,3530,4986084.571428575,10979.071428571422,4978635.500000002,4986084.5714285765,0,284859.84733047325,381165701.6416052,6125
1318,2787,4993922.047619072,10624.476190476189,4986084.5714285765,4993922.0476190485,0,252135.25239099615,381417836.8939962,4484
1319,3472,5001074.523809544,10624.476190476189,4993922.0476190485,5001074.523809529,0,274046.17991204234,381691883.0739082,4283
1320,4314,5007535.428571452,10774.904761904767,5001074.523809529,5007535.428571424,0,331720.8359609872,382023603.9098692,5534
1321,3754,5014556.333333348,10774.904761904767,5007535.428571424,5014556.3333333405,0,295566.1249104324,382319170.0347796,5475
1322,3290,5023058.476190495,11792.142857142855,5014556.3333333405,5023058.476190474,0,251117.30838346327,382570287.3431631,4191
1323,2921,5031929.619047629,11792.142857142855,5023058.476190474,5031929.619047605,0,231664.0191666396,382801951.3623297,4303
1324,3458,5040012.928571426,11541.30952380952,5031929.619047605,5040012.928571423,0,251943.703213284,383053895.065543,4135
1325,3643,5047911.238095243,11541.30952380952,5040012.928571423,5047911.238095242,0,258217.28798157186,383312112.35352457,4822
1326,4059,5055058.119047638,11205.880952380967,5047911.238095242,5055058.119047624,0,285572.42386643164,383597684.777391,5306
1327,3017,5063247.0000000205,11205.880952380967,5055058.119047624,5063247.000000011,0,233861.92202713952,383831546.6994181,3987
1328,3741,5070051.190476213,10545.190476190486,5063247.000000011,5070051.190476184,0,274175.49516643584,384105722.19458455,4722
1329,4835,5075761.380952385,10545.190476190486,5070051.190476184,5075761.380952382,0,265518.00471270096,384371240.19929725,6059
1330,3644,5081760.095238094,9642.714285714286,5075761.380952382,5081760.0952380905,0,259057.4373781089,384630297.63667536,5254
1331,3981,5087421.809523802,9642.714285714286,5081760.0952380905,5087421.809523811,0,251120.08451804088,384881417.7211934,5293
1332,2838,5094138.571428568,9554.761904761903,5087421.809523811,5094138.571428565,0,246463.48431247484,385127881.20550585,4531
1333,3958,5099735.333333323,9554.761904761903,5094138.571428565,5099735.333333332,0,279725.8551960769,385407607.0607019,4929
1334,3189,5107286.857142871,10740.523809523826,5099735.333333332,5107286.8571428545,0,275517.23661818146,385683124.29732007,4423
1335,4640,5113387.380952394,10740.523809523826,5107286.8571428545,5113387.380952384,0,316240.97618448193,385999365.27350456,5257
1336,3259,5121442.14285714,11313.761904761905,5113387.380952384,5121442.142857136,0,269717.2652888212,386269082.5387934,4524
1337,4389,5128366.904761892,11313.761904761905,5121442.142857136,5128366.904761912,0,297488.8115228974,386566571.3503163,5164
1338,3640,5135871.5952381035,11144.690476190484,5128366.904761912,5135871.595238083,0,283538.219228765,386850109.56954503,4420
1339,3866,5143150.285714274,11144.690476190484,5135871.595238083,5143150.285714285,0,277432.76052472915,387127542.3300698,4521
1340,3817,5149540.285714293,10207.000000000002,5143150.285714285,5149540.285714277,0,269662.3021142262,387397204.632184,4940
1341,4450,5155297.2857142845,10207.000000000002,5149540.285714277,5155297.285714272,0,281846.70792358124,387679051.3401076,5081
1342,3803,5160142.238095247,8647.95238095239,5155297.285714272,5160142.238095241,0,266037.7553342613,387945089.0954419,4110
1343,4706,5164084.190476215,8647.95238095239,5160142.238095241,5164084.190476188,0,284603.0304719308,388229692.1259138,5007
1344,3960,5166583.7142857425,6459.523809523805,5164084.190476188,5166583.7142857285,0,277495.423037526,388507187.5489513,4582
1345,3592,5169451.238095283,6459.523809523805,5166583.7142857285,5169451.238095236,0,291165.40290868655,388798352.95186,4035
1346,3959,5169658.66666669,4166.428571428578,5169451.238095236,5169658.666666676,0,289383.086985326,389087736.03884536,4174
1347,3388,5170437.095238131,4166.428571428578,5169658.666666676,5170437.095238095,0,277075.73428305594,389364811.7731284,3653
1348,3789,5168909.309523854,2261.214285714292,5170437.095238095,5168909.309523812,0,297550.24068534747,389662362.01381373,4353
1349,4275,5166895.523809571,2261.214285714292,5168909.309523812,5166895.523809533,0,266175.4061291799,389928537.4199429,4586
1350,4161,5163989.000000071,1254.47619047619,5166895.523809533,5163988.999999996,0,270782.11340943805,390199319.5333524,4705
1351,4266,5160977.476190534,1254.47619047619,5163988.999999996,5160977.4761904795,0,277277.7156400167,390476597.2489924,4660
1352,4136,5157978.85714292,1137.3809523809502,5160977.4761904795,5157978.857142849,0,281172.51382809377,390757769.7628205,4794
1353,3424,5155692.238095289,1137.3809523809502,5157978.857142849,5155692.238095241,0,253325.9838760718,391011095.74669653,3619
1354,3586,5155002.595238137,2896.3571428571463,5155692.238095241,5155002.595238083,0,254172.69631583506,391265268.44301236,3770
1355,4469,5153429.952380979,2896.3571428571463,5155002.595238083,5153429.952380953,0,281518.74036977056,391546787.18338215,4556
1356,4259,5155286.642857151,6115.690476190475,5153429.952380953,5155286.642857143,0,283334.16116729507,391830121.3445495,4547
1357,3832,5157570.3333333405,6115.690476190475,5155286.642857143,5157570.333333341,0,276699.172843908,392106820.5173934,4352
1358,4666,5160868.333333342,7963.999999999989,5157570.333333341,5160868.333333337,0,295748.43526794366,392402568.95266134,4763
1359,4597,5164235.333333338,7963.999999999989,5160868.333333337,5164235.333333341,0,270887.35325404967,392673456.30591536,5676
1360,3487,5169767.500000018,9019.166666666664,5164235.333333341,5169767.499999985,0,284132.60946979333,392957588.9153851,4540
1361,4366,5174420.666666661,9019.166666666664,5169767.499999985,5174420.666666673,0,283371.87941100163,393240960.7947961,6381
1362,3254,5182014.452380972,10847.785714285717,5174420.666666673,5182014.4523809375,0,258936.61917992757,393499897.413976,6493
1363,3929,5188933.238095237,10847.785714285717,5182014.4523809375,5188933.238095248,0,283911.6663993957,393783809.08037543,4693
1364,3897,5196015.309523821,10979.071428571422,5188933.238095248,5196015.309523804,0,290111.1551373386,394073920.2355128,5071
1365,4094,5202900.380952377,10979.071428571422,5196015.309523804,5202900.380952378,0,286734.699648945,394360654.9351617,5279
1366,4330,5209194.857142873,10624.476190476189,5202900.380952378,5209194.857142857,0,259051.6081955245,394619706.54335725,5551
1367,4842,5214977.333333353,10624.476190476189,5209194.857142857,5214977.333333322,0,276957.8678043507,394896664.4111616,5967
1368,4101,5221651.238095245,10774.904761904767,5214977.333333322,5221651.238095246,0,284059.3224168911,395180723.7335785,4800
1369,4323,5228103.14285717,10774.904761904767,5221651.238095246,5228103.142857141,0,277501.2068204369,395458224.94039893,5509
1370,3831,5236064.285714296,11792.142857142855,5228103.142857141,5236064.285714283,0,282896.15844657633,395741121.0988455,4952
1371,4260,5243596.4285714375,11792.142857142855,5236064.285714283,5243596.428571428,0,284916.13032677304,396026037.2291722,5171
1372,4796,5250341.738095249,11541.30952380952,5243596.428571428,5250341.738095226,0,290150.92231808556,396316188.15149033,5792
1373,3410,5258473.047619047,11541.30952380952,5250341.738095226,5258473.047619053,0,259871.91590461787,396576060.067395,4895
1374,4401,5265277.92857145,11205.880952380967,5258473.047619053,5265277.928571424,0,317956.9298132294,396894016.9972082,5584
1375,3586,5272897.809523821,11205.880952380967,5265277.928571424,5272897.809523806,0,269513.39925648365,397163530.39646465,4633
1376,4324,5279119.000000007,10545.190476190486,5272897.809523806,5279118.999999995,0,293396.9436263066,397456927.34009093,5539
1377,3891,5285773.190476197,10545.190476190486,5279118.999999995,5285773.190476179,0,273920.32804646884,397730847.6681374,5828
1378,4046,5291369.904761891,9642.714285714286,5285773.190476179,5291369.904761897,0,269121.72410850454,397999969.3922459,5863
1379,3907,5297105.619047609,9642.714285714286,5291369.904761897,5297105.619047633,0,274339.03380746447,398274308.42605335,5693
1380,4239,5302421.380952391,9554.761904761903,5297105.619047633,5302421.3809523685,0,284141.49015838513,398558449.9162117,6418
1381,3836,5308140.142857126,9554.761904761903,5302421.3809523685,5308140.142857139,0,249786.7146190813,398808236.6308308,5677
1382,4088,5314792.666666678,10740.523809523826,5308140.142857139,5314792.666666668,0,279751.513821835,399087988.14465266,5421
1383,5715,5319818.190476207,10740.523809523826,5314792.666666668,5319818.190476184,0,322303.55850397993,399410291.70315665,6283
1384,3908,5327223.952380939,11313.761904761905,5319818.190476184,5327223.952380948,0,278607.8053470133,399688899.5085037,4324
1385,4742,5333795.714285703,11313.761904761905,5327223.952380948,5333795.714285717,0,317542.8201998267,400006442.3287035,5574
1386,4923,5340017.404761909,11144.690476190484,5333795.714285717,5340017.404761906,0,309100.14722739893,400315542.4759309,5391
1387,4305,5346857.095238097,11144.690476190484,5340017.404761906,5346857.095238103,0,295629.24135957495,400611171.7172905,5272
1388,3659,5353405.09523811,10207.000000000002,5346857.095238103,5353405.095238087,0,276560.67815199075,400887732.3954425,4779
1389,5233,5358379.095238094,10207.000000000002,5353405.095238087,5358379.09523811,0,297390.53378255985,401185122.929225,5728
1390,4055,5362972.047619085,8647.95238095239,5358379.09523811,5362972.047619025,0,255804.1416432917,401440927.0708683,4407
1391,3787,5367833.0,8647.95238095239,5362972.047619025,5367832.999999998,0,282257.7500105067,401723184.8208788,4335
