time_step,172,925,1232,873,856,973,1140,794,464,834,402,1478,928,702,1004,1399,1058,525,850,1213,200,1105,579,1011,783,714,1412,967,1067,1187
0,700,700,700,700,700,700,700,700,700,700,700,700,700,700,700,700,700,700,700,700,700,700,700,700,700,700,700,700,700,700
1,702,489,672,688,710,573,731,632,712,641,761,670,552,691,762,675,714,766,742,716,700,759,783,704,570,812,746,754,778,795
2,710,278,584,681,725,450,703,545,729,587,801,661,406,675,831,690,732,833,765,758,726,816,866,711,434,930,813,800,868,892
3,717,216,451,655,732,364,660,475,738,540,866,652,306,668,886,765,750,865,766,796,755,843,864,709,419,1023,883,791,926,919
4,724,309,360,640,727,230,654,389,749,479,890,655,289,652,909,829,750,911,786,793,773,872,913,690,380,1120,953,632,981,961
5,733,119,303,635,715,189,606,363,757,465,854,693,204,647,924,853,762,942,800,792,789,908,972,704,367,1176,1019,701,1021,987
6,738,149,237,608,712,139,583,328,761,436,857,729,126,645,925,867,778,968,801,770,800,928,995,700,381,1226,1069,659,1064,1021
7,740,85,176,583,711,101,564,314,763,425,856,730,137,647,944,916,785,981,801,751,805,939,1000,692,412,1263,1124,660,1097,998
8,745,72,111,559,708,69,549,300,767,408,857,780,116,650,948,917,798,1001,805,705,806,946,1017,680,439,1298,1180,672,1120,977
9,749,79,79,517,705,60,525,286,764,386,825,812,124,651,973,931,803,1017,805,657,808,951,1043,676,516,1333,1226,653,1118,928
10,757,71,81,500,706,62,498,272,766,368,825,885,119,651,976,901,790,1027,804,615,806,958,1052,677,578,1355,1268,636,1119,877
11,759,158,213,441,697,130,445,233,744,343,766,1039,189,574,931,678,715,1005,820,567,802,920,1020,673,1128,1338,1308,557,1093,714
12,760,160,180,383,694,112,387,232,718,323,717,1127,221,516,885,604,698,979,834,516,804,930,989,694,1692,1331,1356,500,1074,584
13,761,480,482,244,666,315,392,505,656,287,617,1155,472,332,737,380,546,883,836,454,809,916,930,657,2267,1256,1388,255,1039,283
14,766,516,415,226,647,323,512,522,597,359,522,1016,558,270,673,393,574,813,882,417,801,839,896,592,2451,1204,1397,271,1012,536
15,777,579,542,458,643,618,579,662,585,484,450,977,564,440,424,690,543,815,805,416,803,717,762,392,1997,1195,1402,276,994,411
16,788,749,606,378,631,786,800,653,485,571,410,588,603,520,375,840,357,743,868,415,812,615,752,284,2142,1146,1416,257,981,429
17,808,710,516,529,630,905,687,623,393,585,439,339,600,627,378,1030,289,663,1030,428,822,500,779,366,2041,1137,1533,292,1006,315
18,820,566,684,693,620,774,834,714,351,563,551,252,618,593,476,854,278,629,1112,401,828,306,664,281,2020,1100,1578,271,1006,563
19,833,944,523,443,608,1116,683,1060,293,705,554,246,962,724,590,737,564,458,905,284,832,447,650,442,1899,472,1449,330,722,525
20,859,882,538,379,612,1114,597,848,258,664,570,444,996,706,536,669,433,373,1001,226,826,437,657,457,2234,493,1463,617,662,449
21,878,996,517,331,585,1045,677,945,244,752,623,409,1031,638,499,694,439,372,1025,219,832,447,680,484,1981,515,1495,522,695,430
22,870,995,500,346,577,1110,625,865,241,781,514,428,1149,572,500,523,501,387,1056,286,846,430,702,511,1954,520,1522,537,721,431
23,882,1003,463,271,558,946,624,850,235,784,519,452,1300,658,460,439,481,373,1124,311,853,397,672,507,1921,543,1513,546,834,481
24,904,987,456,308,532,918,628,828,237,755,477,456,1435,630,457,421,434,362,1115,336,863,382,694,503,1902,570,1521,558,860,471
25,916,1016,502,312,502,851,575,909,237,673,515,448,1538,480,458,417,459,360,1123,350,867,363,734,495,1923,554,1538,571,891,423
26,932,1025,511,288,481,758,659,850,237,667,518,410,1629,517,456,356,439,348,1124,367,866,373,733,505,1923,601,1533,568,915,411
27,952,951,579,309,445,933,658,1030,246,701,458,293,1489,523,473,460,513,325,968,368,873,399,723,522,1956,551,1527,505,822,448
28,972,970,563,379,437,911,741,969,250,634,582,170,1305,736,478,531,496,329,970,373,873,457,812,533,1651,593,1531,559,707,488
29,990,888,585,297,416,778,740,908,271,770,630,224,1343,666,505,560,483,341,1144,377,880,474,778,503,1703,501,1524,513,705,503
30,1004,897,547,318,405,1025,703,1043,286,688,593,271,1037,655,501,607,447,336,1097,346,889,434,860,503,1714,624,1521,507,658,484
31,1024,756,578,401,394,1002,731,887,306,672,597,254,1023,646,486,482,482,355,961,391,898,559,921,586,1702,695,1514,521,669,507
32,1037,863,572,381,366,981,696,936,329,615,611,259,947,634,465,553,453,371,1054,410,905,477,934,511,1707,723,1522,515,688,485
33,1050,710,570,368,338,811,748,964,358,646,680,267,878,624,499,622,394,386,1016,451,913,609,833,425,1727,877,1528,485,737,486
34,1071,811,539,368,305,799,731,994,386,603,733,262,862,607,472,659,360,389,994,478,919,480,787,524,1697,896,1524,493,786,471
35,1095,608,536,374,296,723,672,723,407,552,770,286,883,665,489,740,369,413,970,508,929,554,960,461,1584,1038,1517,544,881,453
36,1118,569,540,444,288,691,652,958,440,527,791,279,769,649,584,825,345,424,932,519,941,563,974,358,1355,1101,1545,453,928,438
37,1134,760,563,293,294,758,677,913,475,567,805,275,815,648,821,824,328,426,886,550,957,432,906,359,1215,1038,1573,322,929,457
38,1159,572,577,407,341,714,780,937,509,559,821,288,778,626,605,785,328,432,885,582,968,525,905,363,1132,1015,1582,524,859,442
39,1183,828,633,373,353,893,863,849,511,647,865,253,872,719,566,635,434,433,715,591,974,528,904,439,825,819,1573,534,693,495
40,1197,834,624,260,304,722,986,1042,490,613,893,266,1064,661,626,646,429,441,741,613,986,707,880,493,626,812,1438,462,660,484
41,1220,737,821,364,299,744,1168,675,470,724,946,265,889,575,535,702,480,471,1125,595,1004,619,949,573,316,855,1079,580,635,585
42,1240,939,709,294,306,1338,1350,827,278,721,821,294,808,517,674,650,396,316,992,482,1023,688,863,550,467,776,846,559,778,498
43,1258,1012,857,297,403,1277,868,1226,269,584,660,357,1168,467,575,1046,538,310,905,218,1036,708,934,477,484,776,549,594,573,574
44,828,731,1059,348,319,1136,862,1372,280,695,649,350,1307,629,615,1259,553,335,1259,268,403,698,1013,581,585,804,280,636,591,555
45,736,962,784,277,270,1369,1032,1129,263,920,616,340,1170,482,607,1173,453,333,1347,314,141,914,1131,486,579,897,328,715,656,576
46,687,1139,783,340,236,1261,915,1507,266,655,530,423,1359,587,607,891,519,282,899,325,132,876,1100,522,707,889,354,889,721,599
47,716,1020,830,352,175,1195,752,1581,331,559,530,478,1458,785,601,1031,490,253,902,317,135,820,795,529,828,1001,396,884,743,513
48,741,1186,767,306,196,1213,671,1410,359,527,448,510,1557,595,625,1105,404,252,950,255,167,697,728,547,1011,1143,456,963,705,506
49,759,1127,742,213,136,690,727,1600,386,408,386,503,1493,402,712,1100,444,301,1124,324,195,774,817,501,1152,1304,575,902,803,400
50,782,1243,618,194,127,565,720,1679,391,573,389,564,758,411,739,1070,378,200,1193,398,231,829,820,523,1180,1419,712,887,981,426
51,803,1152,677,138,134,479,726,1364,419,513,422,643,716,423,788,1200,423,217,1243,464,257,871,833,447,1335,1503,788,595,1120,307
52,819,911,664,129,146,445,665,1247,415,538,449,732,522,397,826,1312,427,255,1298,469,281,898,894,453,1251,1608,850,617,1175,307
53,836,847,513,224,163,285,615,1187,437,441,551,862,456,376,826,1331,427,331,1330,510,332,957,1012,403,1140,1609,913,457,1268,361
54,850,763,442,224,188,276,588,1151,459,426,551,961,451,359,824,1318,438,359,1338,502,363,986,1049,334,1151,1530,977,448,1303,391
55,875,752,377,234,216,233,564,1140,481,399,564,1013,349,346,851,1366,442,384,1361,475,373,997,1053,326,1177,1471,1041,441,1339,360
56,888,732,322,233,212,229,562,1119,473,382,567,1076,337,342,845,1351,461,401,1366,438,388,1009,1069,316,1202,1457,1098,440,1363,322
57,904,746,258,211,202,236,530,1104,477,372,537,1099,337,335,859,1367,471,409,1364,401,394,1011,1088,312,1282,1457,1147,427,1374,289
58,922,748,235,197,201,215,497,1093,473,365,539,1177,330,332,863,1334,487,413,1369,367,399,1005,1092,303,1353,1448,1193,418,1388,244
59,936,777,162,143,198,223,440,1080,450,332,486,1321,365,261,808,1155,497,382,1377,321,395,996,1064,315,1914,1439,1234,363,1379,187
60,950,812,278,215,193,250,374,1057,426,307,429,1412,389,232,764,1050,484,349,1395,270,397,985,1037,335,1991,1423,1275,304,1350,267
61,959,941,375,195,171,293,429,1103,367,277,319,1415,497,323,650,826,433,231,1420,201,398,898,996,375,2369,1349,1306,232,1320,332
62,973,996,400,258,155,305,496,1115,302,384,298,1346,618,364,499,580,455,146,1445,189,396,865,959,426,2359,1293,1331,293,1298,456
63,990,1103,531,438,191,573,577,1176,288,431,269,1328,624,393,286,532,394,257,1375,203,397,823,840,376,2046,1290,1350,255,1272,392
64,1005,1050,566,341,248,754,778,1066,268,582,442,952,603,643,338,716,305,256,1396,209,353,635,662,237,2023,1255,1405,246,1254,412
65,1011,837,554,627,362,886,662,940,311,474,528,652,603,456,441,1083,291,406,1430,195,272,431,607,368,2044,1235,1462,276,1248,308
66,1033,676,650,673,453,852,969,782,365,529,492,380,626,742,532,820,270,458,1470,180,170,440,553,246,1900,1192,1499,265,1235,548
67,1036,868,585,508,525,1116,639,814,351,767,565,234,931,702,648,723,534,394,1348,230,154,381,833,581,1676,471,1374,456,1059,497
68,1075,860,544,457,530,1085,650,886,282,929,616,358,993,631,481,745,486,385,1428,294,173,429,689,423,1831,496,1423,420,1039,362
69,1090,1040,529,288,470,909,591,853,252,885,631,352,1030,554,466,732,452,351,1471,274,157,410,723,494,1978,513,1454,574,1043,434
70,1087,991,513,361,442,966,679,889,237,704,654,231,1128,559,498,626,455,354,1489,313,161,440,744,491,1904,497,1466,509,1053,559
71,1101,959,516,301,432,801,692,853,230,769,646,235,1270,632,459,444,458,317,1556,336,164,404,709,525,1984,549,1464,518,1157,519
72,1120,942,548,322,393,771,813,897,236,720,580,222,1417,580,480,453,466,315,1551,367,217,359,698,474,1900,548,1462,531,1190,428
73,1139,932,536,309,372,691,800,896,237,671,572,215,1513,530,467,425,449,303,1557,369,237,370,741,565,1908,573,1473,502,1220,428
74,1156,946,493,312,347,667,787,934,229,668,570,209,1590,485,459,513,441,302,1551,378,237,360,728,521,1913,576,1477,513,1228,410
75,1178,984,583,340,311,1036,883,1060,234,801,565,219,1081,529,478,583,502,298,1383,349,247,398,816,505,1663,538,1371,470,1088,507
76,1195,997,714,377,329,960,945,1127,243,719,626,242,1070,891,411,634,501,327,1271,258,257,488,812,622,1239,528,1299,618,853,447
77,1213,1002,730,257,337,751,992,1086,259,799,632,277,1194,877,619,566,480,345,1393,243,258,511,818,543,1121,467,1295,613,769,553
78,1214,1031,684,502,316,1020,957,976,276,750,632,266,1111,772,547,595,478,340,1161,240,263,445,1026,528,893,806,1310,595,754,512
79,1218,923,696,505,313,1202,984,992,289,874,595,219,1137,733,520,653,467,358,948,301,298,550,1032,534,795,757,1258,620,734,495
80,1235,900,726,474,321,1214,934,1008,319,701,635,212,1175,776,548,638,458,358,951,313,297,596,1047,535,764,836,1197,629,687,516
81,1246,826,832,348,332,911,1024,1161,314,649,649,256,1139,791,612,684,369,377,1102,310,312,601,943,498,800,947,1176,662,599,530
82,1273,878,939,336,342,792,976,1091,303,700,656,278,1240,725,597,589,392,390,1280,350,318,507,971,555,816,929,1155,559,575,488
83,1288,782,907,376,347,781,1012,797,287,647,682,312,1181,745,575,657,388,394,1477,376,323,514,1152,431,765,899,1147,587,653,518
84,1297,889,716,448,356,793,1027,948,267,521,645,254,1141,689,652,804,419,359,1319,343,335,554,1102,500,688,892,1134,642,740,526
85,1301,925,564,454,374,993,1037,973,408,911,606,275,1187,710,847,825,396,348,1145,234,187,541,970,502,607,847,1012,577,688,556
86,1051,991,688,446,398,1101,1109,1075,405,1148,607,292,1271,754,713,717,430,347,1120,236,134,570,1078,496,792,839,388,615,652,537
87,80,1217,810,353,343,1454,1269,1155,373,1062,597,262,1550,772,605,719,403,344,822,225,118,649,1129,620,995,938,298,593,698,547
88,78,1287,1001,334,305,948,863,1288,236,1189,686,262,1400,943,768,687,428,348,1017,213,108,768,1211,651,678,941,218,591,808,745
89,67,1387,1023,359,272,838,1019,1389,235,1202,662,309,1465,787,759,631,469,368,1320,285,111,622,1116,561,621,780,192,602,762,787
90,63,1475,1064,367,247,1342,867,1417,210,975,564,322,1410,548,705,617,502,333,1189,199,160,670,1328,681,682,921,132,663,647,700
91,62,1350,1003,291,333,1867,970,1019,207,1232,657,328,1227,641,771,841,633,316,921,207,139,563,1189,721,524,967,78,623,695,625
92,60,1219,1111,299,293,1141,1219,1267,214,1014,594,250,1789,636,800,1047,468,346,916,196,139,633,1126,680,553,921,87,633,685,664
93,66,995,1389,232,271,637,1424,1308,182,1067,675,341,1690,525,581,744,471,379,1369,212,133,492,1355,738,657,877,100,631,653,806
94,59,1048,1269,360,189,715,954,1147,214,733,600,308,1768,520,947,929,647,416,1274,348,108,552,1270,776,642,858,175,692,749,733
95,54,739,1189,294,196,904,1050,708,204,1196,506,314,2224,716,1044,997,558,356,1004,309,134,536,770,671,648,1412,186,658,583,840
96,43,2140,839,268,203,1072,1247,1177,194,1052,315,495,1655,508,573,882,706,289,782,386,132,542,708,604,913,1192,266,516,484,817
97,63,1690,1051,346,212,1281,1063,1214,316,652,299,446,2226,491,661,795,539,206,1035,286,129,435,941,832,743,963,263,810,484,528
98,44,1706,1069,315,125,1249,843,1354,473,1275,280,562,1680,524,737,1241,658,164,976,143,68,436,844,519,849,878,329,543,489,627
99,39,1568,1093,343,208,1037,845,1101,560,999,369,567,1571,587,847,1511,421,198,913,165,85,376,885,720,992,837,500,628,481,554
100,25,1499,1021,290,281,951,858,1039,458,1042,276,1077,1471,420,788,1276,408,196,763,335,92,395,1086,529,1312,906,528,597,512,569
101,29,999,823,350,246,687,1059,957,458,740,304,1460,1210,431,767,1220,384,140,1000,439,132,271,1449,513,1681,1088,700,428,515,520
102,28,929,664,269,265,455,943,731,451,626,543,2121,903,430,860,1239,360,168,1000,394,141,289,1314,505,1928,1121,929,440,417,537
103,43,654,560,219,350,410,887,635,458,577,675,2401,806,388,1128,1505,452,161,822,413,172,193,1216,318,2224,1160,985,288,485,415
104,161,670,637,265,342,447,805,535,516,405,777,2393,607,385,992,1914,236,211,801,475,191,238,1271,269,1967,1194,1054,287,527,428
105,233,650,465,297,395,447,776,321,522,377,823,2190,614,418,995,2052,292,270,824,442,321,300,1231,345,1639,1248,1200,323,527,463
106,256,613,463,328,398,447,736,367,563,408,829,2107,414,472,960,1920,308,307,830,442,353,343,1263,323,1544,1286,1279,319,622,500
107,277,650,518,350,389,340,640,379,602,402,834,1736,455,464,823,1757,340,293,846,408,358,374,1230,438,1960,1276,1355,365,592,549
108,350,686,510,347,391,380,584,405,574,405,788,1737,476,399,765,1703,381,330,857,409,365,400,1206,465,1978,1263,1401,377,586,482
109,360,830,595,325,369,399,471,572,545,428,707,1602,596,357,646,1456,386,234,885,346,380,346,1176,505,2374,1197,1441,340,561,571
110,371,957,640,337,358,427,490,606,487,479,597,1567,703,445,524,1276,425,261,905,333,377,363,1098,554,2393,1145,1473,360,530,519
111,386,1078,800,453,347,662,592,683,480,624,513,1543,723,542,403,1209,427,338,835,339,379,374,973,397,2022,1131,1466,310,504,467
112,406,1173,944,401,345,825,791,713,377,534,431,1467,749,741,394,925,294,333,873,342,390,345,933,324,2115,1097,1487,287,504,460
113,421,950,890,503,333,847,952,583,291,717,490,1396,731,950,453,752,314,365,1005,329,396,334,870,424,1859,1069,1571,280,515,410
114,440,816,834,752,407,799,839,768,293,482,591,1161,748,872,518,877,309,484,1048,328,364,367,677,393,1896,1024,1596,339,508,470
115,453,859,782,624,503,1089,776,1083,307,877,772,809,876,796,724,1056,497,508,844,210,293,433,838,523,1325,492,1312,409,406,524
116,485,880,774,542,498,957,881,901,289,1206,730,731,947,646,811,949,490,541,896,255,254,378,824,644,1314,429,1280,465,548,455
117,505,1158,717,345,422,937,832,906,268,839,775,613,996,740,908,810,417,444,824,318,232,436,897,713,1486,536,1226,499,647,554
118,497,1118,735,300,395,922,825,998,274,742,726,471,979,754,904,657,485,411,799,305,261,533,1109,801,1311,613,1226,471,706,672
119,509,1063,836,318,352,765,905,1220,292,865,755,340,1216,663,601,696,551,375,808,321,235,500,913,891,1330,618,1252,551,681,578
120,511,1148,827,354,314,709,925,949,311,1136,744,230,1266,592,591,827,530,370,734,253,222,399,1043,967,1318,657,1205,531,680,657
121,517,1238,962,451,305,688,977,899,331,1063,846,244,1162,847,556,847,479,385,581,183,206,401,1194,1041,998,683,1064,517,644,691
122,506,1346,1064,451,312,875,1038,931,279,856,907,284,1281,779,652,734,528,351,593,209,173,451,1324,1099,756,781,816,545,355,724
123,62,1617,1139,376,288,1143,1105,1048,223,1111,905,222,1571,518,850,819,610,409,458,184,90,461,1415,1165,559,798,159,546,354,795
124,64,2005,1074,392,271,1358,772,1144,200,1090,996,209,1372,435,830,677,528,398,570,185,77,499,1348,1250,625,729,81,554,408,859
125,70,1945,1087,305,283,945,758,1059,195,1066,1114,184,1695,611,690,665,545,335,767,249,87,540,1395,1328,662,542,32,689,401,756
126,63,1861,898,317,182,995,778,1022,185,930,850,173,1495,1204,635,665,494,302,1111,268,94,534,1562,1363,556,530,30,688,414,801
127,55,1718,867,304,239,1523,826,1420,150,1075,871,177,1447,855,665,599,459,406,1060,230,85,566,1266,952,622,885,30,669,217,762
128,49,1280,943,266,219,1240,747,2019,111,1072,741,179,1393,840,818,596,692,375,883,258,86,501,1205,989,557,1034,36,688,501,682
129,46,1333,921,298,315,1091,797,1879,135,1292,835,169,1604,669,797,662,599,497,966,270,83,535,1067,804,531,1028,39,578,522,638
130,50,1530,785,420,320,1160,769,1497,150,1123,710,176,1570,847,691,642,436,363,948,310,169,592,1214,1003,685,949,151,606,497,637
131,43,1452,1001,337,481,959,1281,1245,179,727,651,280,1380,1063,592,599,425,490,1086,263,158,419,1477,742,801,1019,149,536,401,764
132,53,1265,735,201,360,1227,1166,1112,221,959,772,215,1044,949,875,611,521,379,1099,276,166,751,1336,574,929,988,246,534,784,652
133,54,1005,559,505,228,952,1133,1072,216,982,738,270,1196,771,816,809,382,467,1203,240,151,626,1449,620,840,1216,326,597,893,684
134,59,1213,700,309,60,1224,777,996,247,893,742,226,1060,805,1121,938,487,423,1182,211,158,716,1501,595,901,1061,258,558,901,678
135,57,1069,787,367,401,898,755,948,255,770,722,281,1289,763,852,959,511,487,1465,196,96,783,1495,621,1111,1060,160,619,507,716
136,53,1048,883,131,430,753,1289,1249,252,857,782,287,970,971,673,911,380,395,906,211,143,751,1154,493,939,1274,130,670,1122,893
137,52,1031,819,247,395,735,1248,1026,195,870,986,318,626,793,717,807,548,355,1056,221,122,843,1509,656,896,1361,353,507,964,744
138,51,890,865,220,278,993,1092,923,245,805,949,387,1313,1017,668,743,427,520,1587,326,93,655,1321,672,485,1001,368,668,570,868
139,50,617,759,477,248,683,1092,1034,366,746,993,362,1209,628,768,1016,419,372,1592,262,82,689,1238,649,597,1168,544,805,826,709
140,61,652,653,264,510,1119,1389,1092,315,537,888,246,1426,735,1095,1174,607,295,765,276,63,642,892,627,506,974,718,782,969,728
141,66,1309,557,261,454,1138,1608,1025,321,285,734,270,1379,649,830,957,382,253,867,369,153,697,930,401,728,1276,558,584,847,1112
142,81,923,798,242,368,928,1228,556,237,467,656,326,1072,807,768,979,374,372,1946,291,219,476,1806,750,489,868,333,695,1058,887
143,70,579,834,218,507,888,1383,1461,276,473,766,329,1209,653,840,988,439,283,1479,493,245,453,1414,463,471,1172,413,520,747,934
144,71,1789,772,350,271,874,1034,1080,476,1006,725,333,1266,516,1252,762,306,203,1294,369,230,1021,818,746,275,736,416,632,592,785
145,68,1959,999,224,253,1373,1053,857,484,892,622,490,767,469,986,696,808,485,1181,381,118,446,725,619,729,751,450,973,400,742
146,42,806,682,244,219,1704,981,912,931,863,727,557,834,489,875,771,473,369,741,316,123,1052,1162,680,1199,691,631,791,566,569
147,37,1144,619,240,312,1502,877,1114,774,612,502,635,2500,527,808,1025,410,265,599,336,182,390,867,689,1570,963,388,446,326,341
148,38,1026,722,609,607,985,680,1481,467,483,496,600,1781,605,667,1198,322,247,619,287,186,330,871,697,1503,1311,291,566,674,651
149,31,1282,742,302,648,648,776,1398,405,2650,464,606,1633,592,613,937,320,132,743,296,150,352,640,292,1655,602,533,357,529,672
150,84,1038,1423,818,621,761,567,2527,316,1814,322,694,1293,772,523,911,301,183,574,301,90,243,670,420,1482,514,420,474,485,359
151,65,1391,1417,1341,309,351,599,1052,343,1626,435,636,1280,901,460,1552,376,231,625,327,122,335,518,244,2684,380,287,247,623,243
152,63,1176,1319,975,476,478,708,1078,290,1160,570,1143,1006,1056,546,1312,550,249,749,339,93,349,719,220,2542,439,389,318,433,255
153,70,840,1204,656,415,492,568,637,392,982,821,1645,1039,950,345,1368,449,284,740,466,148,299,641,252,3412,405,496,230,427,327
154,119,837,1098,330,413,483,589,576,383,681,816,2288,952,823,418,1456,451,227,627,499,139,273,572,222,3912,473,364,202,410,367
155,129,672,1238,272,230,501,701,711,420,770,651,2056,829,899,401,1636,524,234,677,425,150,325,688,348,3814,422,207,233,424,413
156,206,682,1207,352,394,512,746,633,421,735,501,1820,877,843,452,1840,515,242,849,449,318,399,667,480,2782,418,246,356,589,469
157,200,791,1323,371,411,568,924,760,527,835,497,1279,961,926,508,1659,619,220,768,341,387,453,792,562,1927,538,347,393,544,569
158,212,787,1374,369,363,562,959,772,532,809,512,1005,1012,961,538,1886,681,240,771,354,316,421,920,591,1509,582,403,382,568,609
159,136,972,1554,431,214,817,1102,1042,514,965,645,406,1131,1029,651,1799,771,143,1001,261,193,376,1209,508,664,507,238,317,680,724
160,36,962,1599,475,210,521,1164,999,379,1020,559,306,1180,1102,690,1998,757,161,1059,248,249,352,1330,499,619,411,165,425,757,768
161,52,918,1735,437,205,759,1465,1154,357,1218,475,283,1261,1227,643,1702,663,208,930,188,191,348,1213,531,520,449,176,404,511,777
162,40,799,1605,382,201,644,1632,1573,289,1188,446,262,1253,1333,576,1768,586,221,818,171,172,492,936,512,505,435,138,727,566,730
163,53,1318,1572,390,244,847,1231,1404,227,1144,401,240,1177,1337,569,1931,643,197,761,140,158,419,918,554,581,565,160,677,438,704
164,50,1029,1670,313,279,818,1346,1044,189,1224,461,250,1494,1162,574,1730,683,256,836,153,142,371,1260,595,518,546,137,614,590,666
165,26,1112,1401,227,195,960,1167,1114,191,997,560,234,1360,1027,830,1899,541,249,856,143,110,446,1327,540,770,965,236,572,305,640
166,13,1115,1734,183,224,1024,819,1140,267,1135,489,290,1255,892,920,1689,673,349,696,215,107,349,1591,590,727,727,238,565,414,570
167,0,1086,947,446,122,1013,1514,1086,224,1007,726,302,1300,776,812,1242,823,286,803,221,71,413,1292,676,698,954,410,553,519,678
168,0,1063,1247,373,178,1103,1426,1114,147,1105,913,399,1758,620,636,1154,663,366,508,196,87,428,1104,592,608,969,332,864,586,461
169,0,1318,1081,60,264,830,1049,1347,38,909,859,219,1493,896,780,1103,663,292,1384,289,87,550,1167,620,920,807,244,535,448,748
170,0,1079,1094,461,301,975,1274,1229,60,1296,713,313,1479,650,677,971,684,382,1325,290,64,388,1300,762,803,726,171,435,611,487
171,0,1326,845,190,257,871,1038,1302,78,1214,496,343,1575,859,800,866,819,310,1206,256,52,535,1222,744,921,912,158,560,678,567
172,0,1259,925,385,202,947,984,1404,206,890,597,240,1866,1116,667,950,694,199,1237,270,51,491,1272,617,802,724,241,771,441,552
173,0,1159,1408,339,214,810,1107,1248,364,1224,616,226,1507,833,679,1007,650,340,991,241,75,491,1199,841,723,1042,185,542,611,328
174,0,1161,1111,353,313,716,1148,1479,364,919,566,294,1750,821,837,768,649,479,1013,353,73,512,880,688,622,1167,227,581,441,715
175,0,846,848,705,220,622,1048,1176,303,1188,785,283,1859,666,810,665,544,199,1062,405,113,465,1490,663,794,853,243,645,779,721
176,0,941,938,332,219,1119,1225,1617,208,947,604,251,1217,928,437,852,761,464,844,404,123,284,1467,645,968,998,255,387,1047,518
177,0,1203,970,323,294,540,846,1427,362,784,706,265,1257,782,804,917,720,587,1012,279,68,576,1361,597,839,970,254,710,806,741
178,110,1107,841,343,348,798,939,1313,385,1028,930,275,1431,717,721,767,694,466,883,272,56,708,1168,639,958,718,356,667,534,828
179,110,1070,1426,352,364,836,939,1223,451,891,868,236,1139,1268,582,884,481,277,878,211,74,784,927,595,1039,1063,274,865,323,570
180,110,1219,932,382,314,783,963,1069,524,858,756,227,1528,892,873,964,651,489,1185,258,35,306,979,685,901,877,256,632,438,914
181,146,1298,1139,298,246,979,1601,1017,402,1053,779,261,823,974,932,920,578,405,1106,237,25,256,842,279,976,1255,198,618,722,635
182,81,948,575,378,313,535,886,1243,310,791,697,429,1548,974,985,722,507,565,947,153,231,1116,1167,694,840,705,272,829,957,602
183,79,418,1111,226,319,887,635,1696,288,920,877,481,1813,785,643,1090,414,496,657,212,255,473,1258,472,734,1088,171,927,1033,542
184,60,1707,993,282,378,651,605,1165,100,626,766,503,1632,654,696,1007,482,587,724,415,269,678,1275,722,693,1177,229,531,1017,376
185,148,1174,639,466,330,859,934,1261,452,454,583,410,1300,1002,610,783,444,346,615,414,172,538,1705,372,630,1133,418,816,870,1122
186,126,913,552,404,369,1044,985,1310,758,503,897,462,1079,633,932,993,903,362,289,358,78,610,1413,448,664,1071,356,469,993,1026
187,99,448,540,247,215,1089,753,711,802,1388,1190,465,1542,806,1049,998,571,238,621,287,94,822,1093,728,420,997,241,902,713,931
188,99,867,1161,389,248,703,625,1076,746,613,1013,401,1647,781,1006,934,521,223,1458,333,77,535,1183,724,508,692,245,745,686,761
189,66,1200,930,659,336,787,1485,654,606,763,745,380,1121,700,780,648,275,311,1087,301,160,596,1299,383,523,928,232,960,997,1088
190,44,992,322,439,423,1411,1068,753,429,806,451,433,649,653,758,1358,375,476,1081,365,155,1263,1042,748,796,1330,367,674,814,525
191,13,739,1627,603,427,781,752,1929,429,403,817,467,1449,609,817,910,445,433,890,244,143,488,732,1040,470,1299,279,542,634,589
192,16,1425,1210,466,343,398,1473,1198,439,914,732,275,1070,565,649,924,662,350,786,542,339,443,1204,496,531,1044,225,428,745,1108
193,10,1659,838,449,233,1003,902,1097,328,868,555,269,1231,537,789,1169,675,277,975,332,304,583,1486,623,642,791,221,984,509,661
194,196,1060,844,201,186,1448,1059,1709,464,1420,363,448,1113,782,839,1050,574,374,712,255,164,508,1088,466,356,1327,235,694,494,571
195,196,2466,570,539,252,1057,744,1679,304,892,440,583,914,844,600,948,574,361,584,434,171,706,1134,645,576,857,207,323,447,953
196,196,1471,637,711,267,473,981,1000,284,1112,906,687,2949,825,610,702,499,265,556,451,174,359,753,463,895,702,200,603,734,535
197,180,2497,536,388,229,1110,1139,1085,339,1198,665,952,981,974,623,689,419,465,677,297,107,417,947,430,1383,633,206,579,312,543
198,38,942,662,962,143,880,761,605,366,730,835,1440,1910,597,372,833,506,453,727,347,138,390,912,419,2725,629,282,405,478,513
199,104,1551,1606,1075,139,850,457,347,353,767,733,1282,1681,405,487,1584,337,195,470,317,317,265,618,296,3290,326,163,308,296,381
200,107,503,1239,790,176,1212,500,336,259,641,861,2213,1602,685,412,1239,234,341,372,399,273,289,903,374,3506,284,289,322,320,319
201,80,698,1632,669,177,835,466,237,355,478,746,2390,1519,419,375,1233,168,357,518,449,169,235,789,554,4236,214,171,180,359,292
202,24,417,1279,626,198,732,450,280,369,433,854,2968,1328,296,379,1140,206,373,406,474,84,362,716,451,4889,168,122,222,461,293
203,103,507,1352,662,233,867,568,464,301,458,910,2477,1344,376,445,1304,353,367,521,467,185,257,827,614,3623,245,131,284,301,454
204,189,510,1548,652,258,623,629,406,264,456,777,2309,1242,400,460,1410,320,267,543,531,158,368,969,629,3387,298,153,326,524,394
205,205,608,1516,701,220,701,767,626,347,553,795,1877,1402,452,557,1399,413,276,792,441,226,410,1160,765,1831,371,113,425,563,488
206,231,657,1550,718,306,769,840,675,256,551,916,1454,1428,520,623,1430,445,271,793,398,204,374,1325,807,1193,447,167,471,667,514
207,169,711,1715,745,211,867,954,974,272,604,1080,705,1515,677,651,1607,365,287,783,353,175,363,1481,880,722,292,182,431,656,573
208,43,901,1732,759,198,870,1017,842,252,582,1196,317,1540,578,702,1704,361,242,844,269,138,321,1783,889,682,305,150,412,713,658
209,33,702,1794,860,201,735,940,1152,209,677,1173,287,1581,541,647,1389,433,292,797,236,120,581,1680,770,481,411,151,947,578,602
210,16,1067,1623,608,183,701,903,1063,200,844,1433,234,1518,818,608,1541,578,260,691,221,88,434,1424,656,419,804,182,637,537,709
211,1,970,1531,603,236,842,786,1157,212,762,1020,221,1561,753,620,1536,498,210,602,151,71,456,1268,729,944,1337,157,608,531,627
212,0,1099,1459,816,226,954,1341,1137,148,885,967,327,1408,591,703,1080,426,272,745,105,120,515,1456,617,680,996,362,548,506,511
213,0,1044,1231,572,185,883,1338,1401,127,915,766,404,1665,720,853,919,603,266,875,70,107,415,1316,686,826,791,400,590,402,630
214,18,1096,1623,548,239,987,1341,1167,268,822,641,239,1585,743,719,880,717,361,729,151,93,384,1314,808,666,737,297,927,398,502
215,20,1276,1346,443,254,958,1243,1087,382,897,581,233,1973,769,826,859,589,327,695,237,55,409,1316,686,802,661,173,771,500,632
216,20,1048,1382,428,217,976,1059,1076,395,897,679,231,1960,751,786,956,493,332,661,269,71,437,1382,917,720,708,146,684,747,572
217,20,1411,1350,427,104,942,855,1659,382,849,627,217,1847,763,740,874,571,268,880,294,144,530,1229,692,704,672,197,630,515,607
218,20,1368,1218,316,226,857,963,1259,330,1031,619,157,1903,713,632,916,587,286,737,205,130,456,1433,787,845,829,165,682,679,651
219,20,1338,1002,404,304,1182,1237,1296,236,877,525,261,1999,716,851,762,473,394,632,193,154,595,1400,698,736,830,190,622,426,647
220,37,1403,1465,350,167,1035,903,1147,213,1051,529,351,1858,734,667,837,827,479,1049,229,139,389,1214,838,674,788,147,651,277,552
221,29,1230,1162,388,151,902,1444,1284,249,481,604,280,1950,819,667,689,572,416,1021,241,57,561,1151,877,953,833,166,754,517,552
222,25,1376,1075,241,133,873,1496,791,218,974,665,368,1874,818,657,544,482,296,1062,414,92,465,1262,899,982,866,162,390,767,733
223,25,1168,1077,365,193,725,1184,1315,159,832,978,300,2069,555,716,985,672,399,944,314,71,220,1083,677,767,929,245,575,711,747
224,25,1360,950,143,286,1027,1032,939,227,1041,1012,271,1609,650,834,1175,600,408,1023,217,67,800,1255,817,773,606,220,577,546,510
225,14,1107,933,508,387,1082,889,1218,198,963,876,304,1553,784,694,1066,464,465,1266,277,100,584,1375,714,354,553,243,769,337,923
226,0,1141,724,460,215,754,1411,774,330,768,1289,191,1526,1102,796,991,511,423,1125,214,56,560,1377,728,462,944,166,554,810,598
227,0,1070,1185,279,240,767,1190,1115,338,838,1239,291,1214,1172,817,811,470,324,1144,455,53,629,1440,488,442,872,114,794,547,662
228,0,572,668,654,327,1051,952,1066,312,887,1233,348,1856,923,624,1160,360,370,517,425,53,695,1665,607,365,903,156,698,767,786
229,41,1053,960,237,304,645,983,879,189,1149,983,337,1377,991,735,988,754,519,847,471,84,481,1374,481,897,1127,294,573,753,494
230,41,895,594,252,243,527,782,1337,87,842,854,197,1592,973,571,1074,574,467,1285,404,105,707,1193,631,1126,1126,328,632,594,967
231,66,1365,677,422,105,992,1072,1363,274,617,673,294,1475,722,791,1049,529,574,1168,215,230,406,1247,442,870,926,399,797,566,674
232,66,780,960,179,341,1260,1142,874,417,1305,728,323,1188,804,714,941,652,513,943,376,228,434,1463,321,859,1275,247,744,406,517
233,40,411,1177,392,396,1289,857,1030,653,1035,909,327,1283,787,630,1261,476,510,573,320,225,225,1133,780,926,1153,268,606,779,549
234,27,1065,509,504,276,398,904,1010,863,594,956,293,1839,706,749,1101,524,635,790,354,258,433,1363,479,856,788,218,452,730,1326
235,79,1020,1335,309,251,469,691,836,791,1054,797,270,1568,965,803,876,521,483,729,442,157,748,1404,719,555,1234,241,745,534,374
236,68,477,507,413,311,546,1317,2014,694,1086,813,348,791,876,693,855,687,462,628,364,268,1317,1038,451,590,1059,245,1055,909,118
237,153,296,681,275,318,1531,882,1219,424,696,740,398,927,1079,860,1109,689,330,750,310,270,526,1740,451,425,1032,183,747,1095,864
238,153,1278,852,322,411,1174,975,1150,328,532,674,595,1184,588,760,713,403,356,1012,325,233,1066,1177,859,667,1306,185,398,848,476
239,103,1496,1304,367,373,1295,771,766,336,680,766,381,1003,527,760,1297,808,467,1097,245,270,645,1145,478,588,1103,160,516,816,437
240,233,938,614,231,212,1645,1145,1037,637,704,870,402,930,582,577,1038,485,292,1036,244,146,555,943,721,666,895,299,912,612,1399
241,291,1501,1110,477,269,672,613,974,648,480,866,430,2161,747,663,1145,532,294,528,300,179,612,1107,594,478,1056,436,368,711,758
242,254,1487,940,366,256,918,808,1000,531,888,740,397,1249,441,621,1406,591,382,607,347,157,407,1110,836,784,1101,397,492,603,884
243,259,2451,936,350,248,1053,698,1023,472,750,579,640,1075,681,541,1188,595,387,489,309,139,782,804,464,1044,880,197,626,527,813
244,171,1568,1433,700,282,840,954,1453,354,587,778,671,1008,621,782,1136,446,358,618,407,118,379,1053,325,1183,713,196,735,477,654
245,85,1312,1001,1217,265,1054,1006,1059,305,829,454,1122,675,870,613,1153,454,322,607,359,131,651,600,228,2145,705,256,583,436,503
246,59,496,1339,1000,197,693,533,1299,306,652,664,1393,468,692,828,1142,399,541,616,584,108,319,706,602,3037,511,194,464,530,628
247,14,311,1182,866,148,1094,677,320,355,709,514,2322,1283,983,844,940,313,279,635,670,127,279,880,305,3611,250,245,164,345,335
248,129,244,1396,758,184,717,899,605,279,507,764,2440,922,822,525,1717,213,317,412,462,115,256,781,229,4059,215,191,189,304,349
249,127,179,1400,678,105,844,747,542,239,462,799,2952,871,816,508,1684,155,314,447,485,131,177,756,473,4178,172,153,180,278,148
250,200,404,1393,595,383,906,659,552,272,466,813,3186,697,809,480,1371,280,279,223,514,103,142,761,359,4099,246,136,190,260,222
251,171,364,1639,538,216,491,818,664,260,554,667,2820,969,856,544,1569,354,295,440,527,97,212,858,532,3415,267,133,274,176,280
252,184,356,1527,516,191,482,823,691,353,543,684,2666,891,921,520,1568,288,286,366,439,77,291,916,537,3450,355,176,270,244,389
253,111,482,1623,575,188,550,1018,846,231,620,824,1766,1027,957,620,1437,378,317,491,409,114,331,1207,688,2224,489,207,348,377,545
254,104,528,1657,573,193,567,1079,785,186,659,966,1144,1088,965,686,1644,428,340,451,433,94,299,1403,746,2039,580,201,360,297,505
255,42,626,1826,621,105,528,1243,1054,179,851,1174,515,1002,1055,736,1858,353,244,451,408,90,276,1589,824,1632,335,154,349,326,554
256,31,534,1867,631,105,479,1316,1161,153,956,1210,369,816,1079,864,1865,328,390,471,296,73,294,1768,821,1366,343,125,341,328,620
257,22,669,1863,610,166,581,1206,1129,130,1209,1216,301,849,1211,808,1715,492,430,346,315,47,346,1731,687,1037,477,141,393,277,596
258,36,737,1604,448,86,516,1167,1517,125,1009,1418,228,1012,946,677,1889,439,372,373,332,56,372,1880,745,1046,335,135,500,367,633
259,32,828,1669,464,86,711,977,1112,103,1373,1159,205,887,983,713,1729,486,295,644,268,62,395,1927,587,1040,701,177,560,292,535
260,65,919,1489,438,36,646,840,1659,63,942,957,236,1307,857,577,1706,558,269,584,266,93,312,1622,445,1094,1345,153,477,416,629
261,69,988,1422,318,97,806,777,1209,43,1149,737,273,1509,891,713,1352,634,260,359,265,76,429,1660,687,1230,1290,140,524,439,654
262,44,1020,1388,279,230,1113,1528,1589,44,1007,664,254,1265,835,743,1126,580,323,670,248,74,247,1391,504,1277,940,249,494,317,557
263,48,1327,1219,274,234,728,1436,1220,99,1200,599,265,1542,794,537,947,400,357,1098,339,65,534,1382,561,1243,797,232,802,199,522
264,81,1130,1177,251,239,1372,1076,1111,235,964,707,200,1287,767,456,1237,537,267,809,281,67,415,1453,841,1211,836,222,634,492,645
265,68,1165,1283,549,175,1061,1169,1186,328,985,730,314,1739,527,443,1063,466,209,976,255,85,355,1386,695,1129,620,192,607,601,639
266,53,1191,977,217,331,999,1137,1134,451,850,659,294,1516,824,1042,805,562,302,1013,300,86,440,1447,738,1040,649,166,514,519,744
267,51,1212,1368,319,335,1131,979,1214,415,1030,549,230,1924,787,685,942,413,376,722,267,54,179,1190,748,1161,649,161,513,737,659
268,47,1333,939,395,339,932,999,1129,369,872,609,326,1628,929,647,911,441,317,876,212,140,1303,1253,652,880,627,300,578,378,639
269,35,1030,1075,373,240,1103,1003,1000,309,675,688,334,1789,641,589,967,961,369,722,255,137,725,1348,667,1031,1004,231,639,674,386
270,25,1155,1219,226,344,1005,1058,1020,167,925,559,308,1677,807,719,934,595,355,850,189,126,284,1542,550,967,919,232,427,936,880
271,103,1313,1378,618,292,839,972,1073,234,839,727,575,1929,600,323,868,464,410,832,256,143,448,1187,430,804,834,305,692,856,656
272,99,1310,840,177,418,1204,865,1521,352,441,698,597,1296,775,1060,965,587,333,1267,263,154,812,988,702,800,639,246,690,332,569
273,111,1044,1187,389,273,717,824,685,556,760,644,545,1758,693,817,1233,666,418,1285,223,132,795,1442,759,850,652,187,453,402,500
274,75,922,857,392,371,1188,1335,994,559,533,816,433,1493,528,883,1068,654,422,1188,201,99,378,1492,669,1029,640,138,295,829,519
275,44,923,1577,349,249,1140,538,1701,521,665,767,474,1424,755,800,910,568,451,829,460,28,245,1065,444,695,1157,98,594,864,665
276,44,1001,724,641,383,1009,1035,1062,352,1253,744,461,1616,921,578,821,426,212,779,435,28,880,1160,995,466,1147,202,299,429,897
277,39,982,1358,437,303,899,993,1512,252,578,667,439,1057,901,907,712,509,153,821,299,23,770,1261,743,430,1241,197,1485,438,594
278,23,1640,996,554,401,892,932,1318,240,674,543,392,1395,582,684,1504,572,407,943,383,17,208,1007,646,770,1015,163,664,946,489
279,44,1026,418,288,315,1008,1132,1097,329,1222,599,366,1109,757,817,1392,525,415,1177,366,17,969,1130,515,787,844,310,701,809,516
280,24,728,920,168,326,676,558,1274,350,636,737,397,1812,921,1205,1116,631,384,715,334,14,416,1414,774,862,860,260,861,1069,558
281,49,1194,1132,358,162,1101,875,1562,296,424,682,372,975,1018,936,889,406,367,1085,281,14,682,1176,548,890,1118,334,524,777,773
282,49,592,1062,332,155,479,917,1570,282,387,1137,427,1734,678,951,710,653,400,553,314,119,1013,1475,1075,605,1269,292,587,756,427
283,88,636,665,450,111,871,1657,1258,305,986,729,229,1068,1067,811,605,534,316,698,372,296,572,1375,657,257,1128,264,1087,721,1187
284,76,360,855,734,147,1899,1652,1029,378,1142,785,378,1433,740,772,569,518,365,709,299,323,820,1065,627,381,976,256,457,759,496
285,48,768,668,391,148,1039,736,624,348,803,1094,380,1556,768,1327,1396,557,345,662,313,310,658,1012,794,611,1076,222,403,875,1068
286,54,1080,1150,482,124,1214,750,528,440,663,774,296,1148,1082,964,1117,707,407,569,391,232,481,1161,861,861,954,206,532,748,1024
287,36,1754,1234,363,132,637,821,815,470,429,808,150,671,664,804,1371,416,530,693,361,138,1024,1262,546,1466,1144,182,1099,531,449
288,6,546,1135,361,111,708,797,1764,351,523,864,250,1655,780,730,1274,464,1015,931,264,243,657,925,422,1181,1089,170,609,492,683
289,11,992,1136,532,553,464,1061,955,447,877,845,289,961,760,807,1077,418,554,579,275,304,554,1556,469,1605,688,499,354,564,814
290,81,1946,1075,300,409,360,770,818,387,1434,731,383,876,562,504,836,685,527,851,366,229,498,1025,571,1981,1060,470,231,374,660
291,206,1970,1240,454,410,565,450,1482,578,934,808,577,744,651,654,986,463,303,429,405,185,363,1290,366,1698,734,268,768,567,452
292,207,2621,1443,325,308,508,939,1169,466,638,555,570,803,777,806,866,345,298,535,314,199,499,803,555,1954,677,207,625,421,567
293,238,709,1297,1438,170,800,752,1016,492,521,554,1435,1847,730,439,1190,468,224,766,335,201,490,814,467,1739,449,208,525,316,370
294,173,696,1594,812,209,1764,986,555,404,1340,573,2256,1042,599,400,1084,388,287,982,465,132,302,740,355,1010,501,186,263,464,438
295,47,392,1322,630,255,1589,1011,493,375,879,466,2453,1423,479,452,2005,326,277,741,509,174,258,664,262,1955,346,189,164,562,302
296,68,132,1488,657,608,1251,1080,187,499,869,536,3216,915,301,478,1713,249,250,871,626,285,197,602,472,1849,531,200,210,428,232
297,68,168,1436,472,432,1074,1089,331,453,807,565,3640,684,402,436,1608,111,279,1083,781,395,73,435,398,2380,338,191,159,442,270
298,44,200,1342,416,400,986,749,361,601,664,535,3906,625,381,429,1579,114,280,826,783,385,103,386,272,3248,232,311,155,442,245
299,159,292,1441,436,417,729,872,401,444,676,543,3328,988,456,475,1404,264,272,958,487,272,234,481,426,2699,345,331,298,541,331
300,187,284,1456,436,412,754,924,410,532,671,675,2877,804,434,486,1562,271,300,844,550,156,254,633,450,2677,372,378,315,527,369
301,170,433,1650,523,434,868,1211,761,343,848,818,707,1080,594,556,1661,297,285,1032,550,151,230,838,636,1934,456,219,465,640,610
302,77,505,1714,570,287,829,1301,764,439,864,795,334,1134,796,637,1936,336,369,1088,377,185,244,904,512,1665,373,174,567,659,565
303,51,665,1894,573,287,1070,1248,1244,441,1162,715,320,1045,727,485,1990,305,362,809,299,160,281,865,519,1261,363,163,572,513,611
304,47,696,1681,492,268,862,1295,1233,312,1349,653,271,1133,827,726,2202,303,303,853,274,158,281,896,523,1115,399,157,470,507,714
305,32,719,1726,580,257,944,1239,1465,280,1311,632,240,1003,746,659,2084,417,259,946,220,150,301,756,534,1255,559,150,468,494,574
306,20,877,1379,976,245,1125,1163,1203,241,1590,493,230,1037,660,658,2002,362,298,880,200,105,328,757,525,1225,742,159,378,522,620
307,0,1097,1503,780,331,1275,998,1528,308,1397,427,312,1158,689,675,1532,334,348,706,144,52,391,836,569,1131,680,195,496,474,634
308,14,1059,1138,599,410,1134,948,1363,324,1312,479,279,1324,1192,926,1147,576,257,1249,141,6,322,878,575,1014,503,371,423,452,585
309,31,1181,927,416,431,1349,1085,1624,232,1203,611,279,1284,858,845,986,472,232,1127,153,0,294,812,733,1028,627,353,652,528,647
310,31,1150,1106,349,378,1198,1012,1447,287,1117,558,153,1453,974,862,969,552,168,1287,156,0,620,893,550,1230,733,326,636,405,400
311,47,1066,838,374,270,1086,987,1134,185,1025,689,166,1681,766,678,875,571,376,1159,352,0,501,1228,684,1033,792,178,594,977,688
312,47,1247,781,382,387,1333,1020,1399,247,939,504,187,1856,955,613,758,411,377,1125,359,0,421,1180,444,887,1015,120,512,896,598
313,45,1212,1054,322,497,1358,1316,1178,240,855,504,207,1572,862,484,677,479,458,1087,401,109,417,1350,466,1061,780,75,574,838,522
314,16,1216,272,285,481,1269,828,1479,262,836,655,212,1650,788,886,725,556,423,965,320,109,636,1302,967,983,743,296,730,540,570
315,30,1419,578,545,444,1283,1201,1208,243,1185,558,334,1884,967,614,693,393,323,734,382,133,559,1186,718,1123,650,352,418,527,316
316,29,1035,515,377,382,1162,1243,1546,239,1428,753,305,1859,852,702,381,535,272,797,340,133,656,899,804,973,759,321,744,668,291
317,19,1367,446,392,439,1106,1138,963,260,1220,1057,235,1821,784,618,563,429,328,821,372,34,777,1047,758,1394,716,346,563,664,323
318,18,1195,723,273,459,887,1005,1415,213,689,928,234,1732,1116,983,648,500,330,1120,366,143,261,836,622,1118,773,221,604,711,877
319,18,735,732,327,409,1035,1229,670,222,1471,573,321,1562,691,931,383,424,455,1357,285,146,333,1417,827,981,845,151,900,594,976
320,18,1014,1009,381,259,1398,998,1395,341,782,561,351,2216,924,818,457,636,494,941,248,132,313,1142,728,774,696,104,554,684,632
321,52,985,450,342,187,1287,673,1635,392,1149,569,148,1516,830,793,757,406,383,729,327,132,969,1349,860,581,799,93,671,856,1080
322,91,1117,1144,432,149,495,832,743,549,812,760,174,1661,968,750,905,418,231,1073,312,90,404,1368,734,863,996,230,963,997,739
323,91,1221,1816,497,272,800,947,1032,523,615,598,190,1568,933,866,581,268,582,1062,314,1,401,1230,600,674,1109,245,467,820,677
324,91,741,830,239,243,1033,1526,1290,432,807,697,211,1351,892,788,603,544,589,1149,287,1,577,1269,486,851,847,505,693,753,675
325,213,481,1011,294,751,728,1601,1273,220,1052,959,276,1834,910,846,590,436,393,1100,253,108,413,1028,639,844,618,450,473,842,364
326,198,956,1442,341,691,1296,763,700,188,1137,1433,284,1747,734,823,1033,393,249,1413,297,107,191,767,544,411,986,459,490,547,380
327,194,1081,1024,387,538,1159,428,867,118,873,1313,424,1570,525,678,943,225,357,1080,266,107,541,605,880,866,1134,379,675,905,858
328,164,877,948,578,321,1369,1209,477,211,834,1077,415,1523,290,684,506,494,363,1000,391,222,983,1545,544,798,870,277,555,1076,399
329,84,399,1121,405,193,343,848,884,263,814,711,419,1300,565,541,667,882,487,1654,344,348,593,2185,770,769,921,260,609,1187,434
330,36,985,495,416,553,454,1079,1263,403,361,934,253,977,624,620,1004,561,727,1224,342,326,714,1474,490,733,812,257,707,818,1358
331,19,686,698,471,582,1266,597,948,580,1096,889,260,912,772,624,1319,299,401,766,367,243,718,1071,706,619,1253,218,685,1160,775
332,14,870,799,438,432,1116,727,1115,498,1059,840,261,909,844,941,1464,442,251,1065,316,287,591,1146,477,850,1395,234,393,808,418
333,6,565,1335,391,501,826,830,933,471,1247,787,508,1082,626,1072,828,315,757,1103,265,258,295,806,648,794,1221,256,831,919,524
334,198,630,712,468,446,554,1287,1008,437,771,1130,667,1165,462,1176,686,501,539,1066,468,147,1293,695,499,339,1380,155,967,890,264
335,198,568,508,259,257,1332,547,1623,845,347,646,530,1017,926,1166,1649,513,474,492,422,133,479,1045,676,445,1340,600,486,788,689
336,198,500,837,399,115,929,976,1749,835,983,972,387,628,1202,927,1376,588,371,1307,289,152,598,700,432,241,869,524,660,541,715
337,181,933,599,521,269,1315,1000,905,565,620,873,317,313,1115,680,1207,560,270,583,464,174,396,1662,565,246,1705,544,693,967,758
338,155,1428,719,453,331,1037,983,1678,482,609,928,512,499,1182,695,1181,289,667,712,295,275,721,1168,293,548,1068,480,477,752,383
339,67,812,937,240,307,480,1059,1068,490,903,846,660,1923,939,1033,949,406,770,675,364,356,485,990,448,729,834,397,784,546,503
340,77,1629,300,377,331,544,801,1530,483,360,774,583,1406,772,536,1115,557,374,208,321,282,317,1078,1066,1686,965,326,418,517,1267
341,75,828,265,696,225,2486,649,1315,297,593,680,675,2378,555,444,1014,252,371,641,333,290,279,1101,454,1585,489,308,333,563,826
342,88,927,1254,218,147,1568,789,759,287,853,789,647,2506,491,977,1159,368,293,745,396,181,234,1543,357,1917,312,308,347,357,183
343,54,1288,2259,413,169,1058,660,650,337,585,545,746,1595,465,587,940,284,221,820,315,214,876,1002,383,3193,445,233,177,280,206
344,108,2147,1577,1486,105,988,563,767,257,852,401,566,1622,577,711,1214,364,213,801,331,134,177,507,310,2554,369,182,486,232,399
345,105,1026,2317,589,473,151,1178,749,172,2114,619,642,472,870,471,1143,254,407,964,354,330,121,483,194,3713,98,283,199,212,297
346,59,1180,2125,614,1277,121,1207,727,247,1155,692,713,517,762,634,1330,307,416,789,351,305,183,540,175,3498,190,247,132,350,157
347,107,958,2064,642,696,140,1271,729,289,1091,832,628,571,691,615,1435,457,228,1487,418,194,147,583,324,3202,135,268,127,296,375
348,84,962,2106,657,525,175,1303,652,289,1098,822,542,750,698,636,1583,682,210,1294,460,196,143,579,278,3193,129,139,134,423,258
349,74,1184,2232,718,427,246,1438,999,241,1274,677,485,932,797,554,1699,482,243,1023,350,175,197,781,352,2343,131,144,180,284,338
350,48,858,2181,753,302,236,1682,696,198,1278,681,421,658,865,672,1873,399,182,813,265,158,240,672,490,2522,556,149,394,299,459
351,43,1552,2354,576,307,450,1188,841,200,1473,488,400,689,832,496,2036,493,211,738,260,172,324,561,463,2135,529,132,346,311,400
352,42,946,1878,516,317,525,1402,1263,88,1459,493,354,1077,694,519,2318,488,187,716,216,145,278,522,416,2121,523,103,478,394,522
353,29,1284,2116,537,208,861,1612,1014,159,1616,381,330,1138,548,501,1886,456,206,773,151,133,372,849,333,1892,409,84,343,350,429
354,0,1056,1534,431,223,802,1943,809,184,1236,491,309,926,771,475,2151,514,261,1031,183,109,232,831,355,2181,364,162,488,470,478
355,4,1018,2026,410,197,1169,1251,1566,102,1137,520,305,877,699,521,1504,536,193,1110,199,73,431,909,583,1795,420,171,440,298,536
356,30,981,1447,313,229,1473,1260,1469,61,1130,718,346,1260,794,513,1137,469,287,1380,247,123,560,636,526,1421,572,314,426,372,506
357,55,1306,1572,353,462,762,1112,1274,111,1032,711,273,1793,756,370,1010,565,312,1188,309,119,380,943,598,1366,473,291,554,433,517
358,55,1314,1418,531,537,1406,1123,1346,109,841,787,335,1500,813,337,906,333,357,790,328,91,324,976,338,1256,521,298,732,754,544
359,50,1085,1210,468,591,927,1176,1312,219,1196,707,299,1451,788,450,793,377,307,963,315,96,550,986,617,1274,836,150,402,945,460
360,73,1129,1186,339,480,980,961,1086,235,1316,721,267,1609,758,572,783,439,312,1403,232,105,358,984,622,1340,706,152,782,716,354
361,48,1211,844,351,480,1020,943,1385,297,1288,706,192,1258,622,348,884,726,244,1461,303,102,339,1253,692,1590,701,156,463,704,389
362,23,1603,902,566,391,905,1005,1295,568,1128,656,244,1914,726,393,772,723,252,1013,347,87,226,1166,452,1204,618,160,455,676,530
363,23,1381,858,318,453,1154,1297,1419,440,1209,680,272,1638,585,669,666,573,357,734,291,105,369,852,671,1105,892,342,480,532,635
364,42,1056,1119,558,375,728,929,1471,523,884,372,325,2004,809,307,667,806,473,1091,217,56,502,1277,683,1043,777,334,954,442,176
365,38,1085,487,343,370,959,1154,1604,440,1511,635,160,1724,901,476,638,445,314,1248,163,51,714,1074,772,985,454,330,727,348,850
366,33,989,1107,535,242,751,1238,1796,212,1001,765,280,2021,1319,424,497,670,211,1233,105,55,454,655,802,966,591,331,666,498,553
367,29,1499,709,260,244,990,1875,1528,165,1184,653,254,1818,679,634,386,381,273,1117,89,42,249,994,700,1045,876,284,378,820,845
368,15,1585,698,291,405,944,1281,624,142,1265,1159,172,1379,577,441,788,709,293,918,247,40,571,1323,858,928,826,252,803,1110,356
369,21,1066,1016,179,294,624,874,1698,380,885,682,164,1931,904,841,755,668,160,888,357,35,344,1584,758,656,1173,166,638,726,533
370,21,1076,1033,170,401,972,1274,1588,317,1704,882,96,1451,612,484,685,473,184,780,344,51,722,1393,650,612,851,258,401,810,705
371,31,1060,891,323,217,1111,1273,1206,255,901,992,155,1203,1051,817,1024,986,463,978,276,66,265,852,623,457,1044,313,795,1031,341
372,23,971,803,231,155,1338,1062,960,206,1119,845,202,1566,771,635,1298,339,616,843,205,59,347,1128,396,747,1448,318,708,879,782
373,23,984,803,914,87,515,1000,1064,25,717,994,587,1829,1080,567,900,275,764,1965,154,99,251,911,651,408,836,371,532,915,779
374,85,466,981,432,388,654,647,1314,56,1246,648,678,1557,940,779,681,364,518,1905,144,99,329,1549,599,977,945,270,591,608,550
375,68,974,301,535,559,973,717,1425,310,1012,776,356,1328,1004,487,990,260,355,635,378,68,1362,1316,392,988,1010,237,745,1048,391
376,65,1338,917,586,453,1452,440,810,322,747,1084,236,934,1210,687,1137,338,110,336,417,48,460,1471,709,1251,1107,232,324,1179,600
377,65,561,892,550,483,559,770,1137,344,1297,1145,206,1575,847,518,751,684,442,1079,408,60,1266,1311,371,713,826,175,604,992,369
378,59,944,1113,459,545,499,1303,1176,460,748,1176,211,1100,888,619,699,658,657,1240,411,24,1044,1060,643,794,793,263,529,572,313
379,24,497,529,492,708,624,1044,1296,276,692,1149,383,1183,668,1028,650,500,598,815,236,31,482,1194,279,862,1242,423,561,1093,1441
380,72,959,644,456,789,1371,880,1046,295,958,1305,446,592,962,1084,1164,695,617,425,271,47,541,849,275,361,1269,450,380,947,850
381,59,586,748,750,721,925,1349,982,422,1285,608,432,663,650,856,1275,661,430,963,275,143,315,1442,522,738,673,378,260,1122,767
382,61,666,922,452,57,695,1024,789,428,572,783,545,895,791,316,939,691,398,1731,668,234,170,1541,963,1060,1432,374,488,719,596
383,61,522,804,285,194,916,1015,817,479,436,904,510,865,619,483,1220,389,445,1401,534,257,190,668,634,1533,1721,305,1229,542,1022
384,194,931,732,434,151,1650,438,1289,481,153,707,462,533,734,833,1777,448,254,1682,411,500,480,643,574,1084,1281,428,726,418,572
385,183,1250,1388,415,286,1216,705,704,949,964,642,408,562,334,774,1031,394,296,738,403,353,484,1452,261,1039,1199,527,866,664,513
386,290,545,766,444,306,484,899,653,906,714,546,537,1676,566,602,971,508,234,829,408,536,1464,1365,301,796,860,510,618,965,701
387,290,1642,602,538,260,413,619,661,937,889,604,351,1458,674,523,1275,652,144,819,427,337,1235,1262,558,481,796,646,758,818,331
388,168,1116,1056,522,293,1800,1390,2235,467,474,666,325,592,803,664,1126,143,453,809,416,366,427,564,693,364,813,386,360,577,932
389,176,1871,977,433,283,893,1146,1196,339,1130,867,712,1692,554,1141,1299,181,354,478,484,288,537,825,456,596,506,357,452,417,360
390,83,917,649,1416,302,291,1207,1194,270,832,1102,517,3067,447,618,1160,239,466,517,247,203,438,631,395,599,998,310,360,554,971
391,166,2437,2163,644,118,279,735,718,175,833,706,584,1447,561,1358,943,355,379,604,256,266,357,950,774,1729,258,260,151,488,306
392,160,836,908,593,639,668,509,535,407,473,956,851,2351,741,851,1550,325,512,589,303,141,143,535,265,3554,149,362,176,631,287
393,143,896,1604,1156,1094,1489,239,606,361,324,586,919,679,1223,757,937,255,383,718,267,245,286,539,180,4059,124,221,213,267,230
394,194,408,1565,849,538,1731,743,609,254,517,707,967,301,1137,1245,787,661,347,1123,352,274,163,480,144,4033,113,238,117,211,192
395,99,288,1560,756,742,1671,827,845,279,576,712,866,441,1055,909,1275,435,512,621,251,203,179,372,230,4202,115,221,140,202,416
396,91,540,1674,755,574,1080,1002,761,378,487,932,676,609,1078,860,1307,618,523,648,345,258,171,617,353,3634,205,191,135,244,254
397,81,512,1728,862,384,1028,1025,766,250,772,1047,672,644,1259,894,1445,476,314,610,236,218,243,839,415,2947,260,211,209,263,390
398,73,612,1870,865,366,948,854,791,225,738,1013,503,579,1311,971,1634,418,209,632,226,193,287,1059,430,2928,249,186,198,243,389
399,67,797,1617,851,351,967,755,948,265,712,1271,482,717,1423,930,1926,349,233,548,219,172,279,975,413,2449,207,169,252,216,440
400,58,675,1195,710,387,1048,1777,965,206,750,1186,410,590,1516,773,1422,339,203,479,194,187,412,1208,352,2465,355,189,455,155,339
401,28,715,1291,772,273,818,1294,875,100,722,1467,293,639,1482,678,1285,630,206,594,200,172,194,1170,508,2496,495,248,652,286,417
402,12,806,1161,620,173,901,1211,917,129,870,937,304,747,1776,772,1119,404,296,719,242,120,319,1368,447,2345,644,197,404,451,589
403,18,715,940,476,257,1122,1143,1639,207,698,907,449,1108,1180,762,766,528,315,667,192,59,375,1178,453,2692,394,236,544,404,576
404,31,2308,905,310,254,1001,1017,1301,239,989,777,381,1121,1205,835,660,505,351,510,261,83,406,1109,457,1709,483,287,464,504,537
405,53,1053,992,487,367,963,1050,1726,231,990,749,179,1611,1052,721,662,498,319,883,293,77,449,1067,632,1602,482,222,808,360,422
406,100,1524,982,426,270,1045,984,1384,208,766,536,260,1527,1065,616,537,167,334,1098,291,198,583,1029,614,1885,654,281,765,201,670
407,98,1378,877,322,637,1118,1105,1282,99,1151,707,197,1681,1034,625,468,467,301,670,269,167,349,979,437,1435,513,225,842,903,664
408,78,1452,538,383,607,1010,980,1422,42,1004,644,339,1180,1025,471,500,704,216,1289,214,304,302,1082,903,1154,1110,267,599,733,448
409,55,1319,400,433,509,1396,861,1403,54,959,696,377,1821,988,492,512,453,236,1328,203,297,491,1115,621,999,868,179,640,774,521
410,34,1321,765,340,376,1796,942,1489,304,864,484,206,1677,973,594,485,715,377,840,291,256,729,1122,495,1060,621,168,674,693,309
411,59,1377,465,346,414,1914,1091,1683,274,763,609,267,1475,985,491,453,574,387,569,296,216,945,967,951,900,734,99,701,804,191
412,60,1366,967,415,346,1526,1078,1231,355,999,993,282,1695,842,424,502,536,238,1081,238,203,174,642,901,1229,779,51,515,746,586
413,54,1292,1099,447,272,1196,997,1316,407,756,819,137,1701,807,413,916,432,214,1206,213,263,691,1076,795,1143,822,144,635,653,84
414,53,1394,373,420,263,877,877,1021,277,655,794,81,1625,531,659,801,387,377,1382,162,166,663,1489,592,1214,828,209,810,720,1300
415,95,979,957,280,520,995,740,1470,199,1102,612,178,1901,1020,740,588,870,409,1245,128,178,383,1039,490,814,722,176,543,651,976
416,94,1085,1289,486,466,859,579,1549,158,915,472,185,1762,561,635,327,893,483,1416,295,146,338,1123,900,871,766,178,733,695,741
417,70,1297,474,393,421,785,1493,1004,151,1189,687,422,1321,276,537,392,556,368,1394,300,132,973,931,643,1623,974,397,574,503,720
418,81,1002,737,241,347,812,1607,1247,98,995,838,407,1649,1066,649,411,486,190,1493,307,135,707,480,456,1312,1008,319,590,635,695
419,73,974,453,311,396,1065,932,844,477,988,920,265,1668,1291,648,1170,597,354,1037,208,72,583,960,351,936,1020,315,515,727,850
420,69,1005,734,550,408,797,686,845,502,817,526,415,1518,831,708,1064,493,442,1484,188,34,709,1833,369,752,781,339,468,949,684
421,17,1219,981,613,401,1545,613,565,543,850,568,403,1264,819,641,875,386,596,872,299,10,651,1821,906,810,826,337,246,773,550
422,41,915,416,460,423,1571,980,1137,218,868,834,366,1134,1064,785,929,478,409,1541,286,10,800,1086,499,911,966,567,351,355,600
423,41,650,775,381,267,650,760,1502,159,1049,987,399,1748,961,681,972,720,390,1406,253,90,682,526,643,1104,1028,397,322,862,595
424,37,1197,738,430,270,934,484,688,164,1148,1016,347,992,987,770,1189,543,397,1055,379,85,510,678,923,956,1252,454,601,1042,734
425,37,1239,616,602,300,922,931,1148,435,783,971,331,1139,713,542,915,525,319,1306,353,84,380,1098,611,1070,294,316,627,1215,1178
426,37,877,783,495,568,1297,1033,1053,461,930,709,428,1126,818,542,727,675,298,450,407,55,676,1325,513,936,1467,205,514,932,663
427,45,1011,1137,543,620,824,489,1286,434,494,574,437,1028,942,738,1062,331,214,746,464,64,517,1513,787,527,1595,348,559,912,759
428,32,882,660,516,722,1136,919,1366,322,663,1271,400,846,875,962,1084,439,237,1174,319,64,418,723,598,445,1274,301,805,480,1067
429,18,893,299,440,300,428,1729,929,634,1277,1440,343,1446,850,440,802,506,314,1859,277,135,899,698,589,549,720,271,594,698,623
430,45,412,763,458,281,683,1521,1086,654,879,1302,457,1436,929,799,686,381,155,844,238,147,543,1004,344,446,1714,416,375,1021,981
431,42,1267,1031,456,409,778,734,940,696,461,1047,371,1080,526,1518,661,693,554,858,317,98,508,1131,855,557,1324,370,455,776,487
432,41,1147,812,392,402,381,1609,810,532,1003,677,337,1735,438,756,957,535,936,736,436,460,573,1021,554,212,1411,294,408,878,517
433,142,1611,837,329,411,392,1491,594,190,864,420,545,1151,734,796,671,723,665,816,459,480,782,1343,644,589,1202,379,427,714,599
434,163,922,681,813,321,619,509,1860,181,687,523,394,699,648,626,2226,459,567,745,406,552,1263,946,769,355,1173,429,420,567,477
435,343,907,727,574,333,1708,647,1030,307,904,778,431,698,427,730,1755,442,294,1034,296,322,489,1891,396,631,685,517,479,520,705
436,299,1657,618,202,186,747,586,667,432,667,1145,691,644,882,1068,1443,298,325,1047,553,237,873,1260,466,489,525,466,727,809,991
437,239,1560,2123,1296,246,859,634,566,530,636,1084,844,586,818,772,1243,385,335,423,469,197,401,1042,293,675,391,445,1091,414,403
438,190,330,1164,743,115,1603,522,548,697,539,939,888,705,696,1115,984,249,239,496,323,247,413,958,205,2183,278,546,1546,298,1241
439,28,447,1039,850,655,1548,352,2268,480,613,705,891,438,383,593,930,212,385,547,356,174,284,689,267,3996,765,348,226,291,240
440,27,1033,1707,1671,710,1571,467,1434,385,542,840,871,270,1245,805,944,184,261,474,313,133,369,648,160,2685,296,294,243,232,186
441,26,663,701,908,65,731,1273,1965,627,620,507,706,496,1372,1232,911,224,148,1187,304,164,286,512,238,4031,165,361,134,269,174
442,45,1295,626,1008,685,1200,738,1163,421,744,770,655,1135,1184,695,975,294,366,799,302,310,242,426,433,3468,119,262,136,279,225
443,68,463,1289,961,408,912,595,1285,281,741,599,772,1224,1169,847,944,242,347,1453,278,373,226,464,257,3632,200,258,139,320,253
444,58,469,471,960,406,1129,772,1187,264,736,810,538,1209,1166,813,1284,714,158,1297,247,313,252,601,270,3872,227,204,147,198,228
445,54,658,388,1031,340,1013,1158,1404,219,564,722,523,1433,1238,867,972,520,148,1318,189,179,326,675,465,3347,219,226,202,271,331
446,44,731,1047,1067,311,984,859,1272,169,990,625,488,1654,1230,842,1153,563,112,847,188,183,327,691,428,2966,194,229,179,266,361
447,51,804,966,1094,322,1179,1490,1725,130,820,500,405,1320,1349,654,1097,549,129,827,211,178,294,474,374,2788,262,223,190,219,376
448,51,792,955,774,249,1024,1049,1587,111,994,455,386,1500,1456,580,1117,478,147,1117,194,142,310,550,569,2567,297,231,325,313,680
449,47,882,833,771,252,1213,1116,1635,172,928,466,373,1295,1398,568,1099,466,238,1144,176,145,415,689,411,2132,820,260,438,236,382
450,30,1089,774,643,252,1334,1106,1551,179,915,409,365,1287,1041,553,988,491,335,1099,182,162,216,711,362,2188,1392,243,363,251,489
451,33,1279,658,464,355,1584,876,1502,188,1009,902,357,1735,973,712,864,290,246,734,198,161,277,769,465,1770,1025,209,430,366,569
452,28,1031,427,511,455,1352,1129,1286,267,765,1059,342,1438,984,530,983,478,223,1081,213,143,465,1068,533,1707,862,165,414,556,505
453,27,1253,685,399,345,1482,1095,1440,185,1028,864,256,1570,808,682,819,888,383,1362,260,118,362,874,430,1396,790,105,481,465,148
454,28,1243,416,373,244,1506,858,1558,252,919,508,175,1730,882,597,921,581,442,1258,316,105,331,1238,513,1485,597,133,348,791,652
455,31,1145,305,182,338,1356,1186,1237,487,828,778,274,1991,1100,790,707,316,378,918,226,84,652,1099,741,1114,619,284,529,778,527
456,98,823,831,424,713,1314,1149,1879,481,647,776,308,1758,946,648,527,276,281,989,274,154,450,918,665,1148,684,260,524,504,551
457,146,1367,883,260,883,1543,838,1259,366,1351,761,304,1772,705,468,765,807,328,852,307,158,212,1010,563,1209,806,238,219,294,326
458,137,1265,551,452,742,1299,698,1445,365,882,793,309,1808,731,546,981,357,297,1030,269,117,329,666,681,1215,754,155,906,596,624
459,136,1220,579,343,257,1536,928,1029,358,993,552,239,1874,1009,409,691,547,242,1456,277,154,560,1162,664,1363,778,240,567,631,206
460,69,1194,555,383,250,1453,881,1319,226,1381,653,297,2089,766,410,751,656,445,1305,223,116,476,922,412,1056,938,356,576,574,268
461,62,1457,278,273,256,1119,1204,1461,202,1214,844,313,1912,731,401,808,541,498,1530,295,41,708,637,425,1133,991,311,424,363,568
462,53,1319,482,267,279,1127,609,820,298,805,845,199,1713,1232,668,865,737,454,1358,316,18,563,1157,878,941,936,401,702,307,651
463,74,1126,387,270,294,1172,649,1713,314,1106,605,234,1679,748,682,802,845,317,1358,265,147,933,1187,682,751,961,239,395,465,600
464,69,778,1026,750,523,941,1074,1249,373,1148,367,280,2081,1060,276,872,391,455,1276,213,142,612,1235,564,684,940,156,706,407,352
465,53,1465,961,708,685,1083,1012,1203,253,1045,522,177,1252,853,400,448,301,506,919,210,194,675,1126,1053,650,1210,107,424,799,706
466,46,764,953,475,576,936,890,1474,229,680,766,183,1585,696,1001,601,633,404,993,121,262,470,846,783,1026,954,109,762,1006,776
467,86,873,875,532,443,989,1108,291,395,939,790,85,1313,869,918,854,646,263,1136,219,205,632,1099,861,1160,981,78,593,1041,726
468,77,1370,442,511,318,861,1096,875,370,487,649,332,1134,929,500,1227,678,333,1382,199,126,942,1257,659,1094,1050,258,503,756,585
469,60,860,1346,485,259,919,981,1169,366,650,733,303,871,865,944,1001,678,477,1317,140,132,480,1278,918,899,970,248,423,903,325
470,44,554,259,284,310,1524,879,1297,450,480,927,258,1467,951,1497,991,408,405,917,141,82,946,836,516,1039,964,502,324,941,807
471,108,635,635,306,523,1458,1264,1318,405,477,1142,337,1520,657,831,780,561,427,736,186,83,510,1339,292,1169,787,341,732,984,457
472,69,1123,832,237,512,1134,892,778,317,249,1186,337,1417,1364,1111,1074,748,343,850,207,81,385,1141,755,662,992,512,449,750,493
473,105,753,814,432,535,528,1086,682,205,628,808,513,922,1064,585,1064,515,398,1295,381,78,1007,1676,314,330,1260,473,1352,911,286
474,105,427,423,381,575,1062,734,1880,221,675,832,705,727,1076,965,998,309,447,1408,378,98,762,1248,361,253,861,319,433,817,1520
475,89,665,955,354,408,520,944,1137,286,1619,869,483,1262,555,862,1360,496,556,1033,394,63,411,1365,204,585,751,133,589,1353,699
476,77,247,1137,609,403,225,869,2169,274,1237,838,443,1121,613,872,963,280,298,1318,365,90,746,1118,232,503,910,260,353,1031,1399
477,46,1432,692,497,586,625,1134,1554,252,931,584,348,615,1159,546,1541,503,328,481,412,212,957,1091,230,568,1602,312,367,824,571
478,39,1629,727,159,514,773,1033,808,177,622,901,394,1966,819,469,1201,417,104,516,452,231,552,1874,508,791,980,630,503,676,535
479,10,961,457,161,407,747,1209,1921,347,277,1100,417,1334,819,472,1204,388,49,481,501,407,517,1025,883,721,644,571,1281,735,954
480,3,1064,639,345,252,929,528,1605,559,477,843,420,689,915,997,1035,455,167,902,490,304,614,1187,1277,717,913,593,769,765,547
481,5,1101,718,533,479,1013,1637,1177,534,1144,648,413,395,569,860,825,799,406,1134,462,280,396,954,693,357,717,581,714,671,785
482,5,1612,543,824,437,527,938,475,406,748,668,323,513,878,1086,902,590,342,872,406,320,725,1124,834,500,1514,557,784,647,900
483,164,859,642,728,376,200,680,674,426,606,700,222,3401,870,932,1382,500,482,784,424,252,630,834,671,534,903,407,498,505,714
484,183,1045,727,292,367,1340,875,679,469,1211,602,562,1954,820,994,833,287,437,929,424,150,485,998,656,595,1017,450,460,541,618
485,232,488,656,396,235,2695,951,680,460,801,685,439,1776,779,942,1013,180,377,1388,349,104,325,616,616,689,816,252,860,529,671
486,247,2267,359,116,165,1535,534,669,672,524,722,648,2248,581,1084,1548,415,273,1094,342,152,428,981,395,773,550,350,384,394,550
487,113,1140,2475,261,246,1255,246,1299,506,365,930,863,708,625,586,1065,201,464,955,536,241,233,475,691,2357,517,273,224,732,418
488,95,766,1157,1429,340,1018,597,1591,402,350,721,904,867,771,711,1010,245,317,756,386,162,1203,498,250,2430,285,286,236,399,818
489,91,654,1289,1564,210,844,1089,1466,442,442,1130,867,661,658,558,1023,215,308,777,355,119,236,502,307,3467,282,287,259,326,572
490,157,332,1127,1068,965,509,1956,1631,335,1552,967,929,350,582,739,923,113,384,391,296,191,208,307,215,3309,257,299,122,393,393
491,130,989,874,1375,516,285,1682,1457,292,1325,714,886,413,719,596,975,198,375,935,257,123,228,532,343,3439,333,258,97,325,329
492,106,624,1424,1127,618,335,1632,1460,219,1324,1074,624,596,734,791,1227,370,285,427,204,155,218,466,301,3379,289,233,233,216,309
493,79,631,1005,1144,444,337,1498,1593,200,1390,689,642,466,803,839,832,1188,403,402,195,139,225,601,444,3565,265,244,161,223,353
494,68,474,855,1152,383,438,1599,1535,236,1493,814,596,610,843,854,1276,579,488,387,201,154,289,547,348,3374,239,249,225,279,415
495,63,453,1028,1172,316,372,828,1814,248,1566,703,524,462,901,789,1223,778,470,499,231,265,265,625,426,3631,201,206,290,245,406
496,50,516,1028,1186,345,567,1016,1723,210,1556,692,420,556,1013,888,955,601,492,383,239,162,340,567,470,3661,365,169,268,213,349
497,12,566,970,1229,207,627,973,2056,197,1838,700,356,646,1068,920,799,429,595,416,229,176,362,591,506,3035,310,186,321,233,447
498,3,745,646,1240,192,584,786,1843,221,1768,568,327,854,916,701,944,777,439,468,243,151,337,881,556,2983,888,147,308,184,300
499,3,703,745,829,175,653,668,2353,277,1898,662,341,1002,906,739,860,564,368,393,236,110,344,830,400,2764,1178,105,399,185,310
500,16,829,780,765,300,602,317,2653,189,1798,534,288,1186,760,574,589,529,333,519,289,80,308,790,544,2074,1153,155,1420,310,316
501,33,1050,317,673,183,701,705,2096,171,2338,432,324,895,697,553,463,507,303,607,285,87,233,1290,652,2157,952,151,972,316,857
502,35,1018,269,663,219,988,1308,2294,157,1230,825,307,1290,591,568,473,749,366,638,252,75,400,1481,421,1937,829,104,771,374,368
503,37,1175,295,479,203,958,1421,1634,215,1931,788,321,1084,671,515,674,781,410,848,200,81,440,1498,679,1846,606,200,539,123,348
504,39,1244,545,560,151,1065,640,1972,294,1267,895,306,1440,851,792,959,851,226,821,312,135,421,998,401,1598,692,131,709,127,558
505,28,1211,780,517,250,609,949,1569,323,1442,719,237,1313,715,803,728,674,287,805,294,133,233,1067,663,1587,732,110,474,841,907
506,67,1324,887,636,169,898,1227,1371,367,1414,558,213,1119,636,487,931,424,396,1031,229,88,611,1248,581,1243,637,81,829,729,569
507,63,1059,1229,179,299,917,1096,1402,281,1448,725,488,1730,629,1021,518,637,409,999,155,89,686,958,749,1348,809,63,570,178,266
508,56,1230,357,451,176,788,1301,1523,268,1183,813,478,1575,514,735,443,687,415,491,175,57,683,961,646,1296,1135,173,724,404,1262
509,54,1424,886,347,392,1010,1343,1064,247,1412,761,477,1449,378,802,583,851,367,574,247,45,420,1127,697,1222,1029,150,425,809,408
510,99,1115,795,403,372,824,1048,1001,164,1161,797,412,1644,832,650,775,771,413,809,299,8,1020,1018,519,1122,1038,150,580,788,373
511,147,1213,872,209,347,997,1081,1336,122,1239,653,337,1485,893,543,1027,1009,261,770,325,73,999,872,362,1155,870,147,638,753,265
512,191,1034,1027,457,259,772,815,1190,207,1232,505,194,1620,462,581,1482,773,338,717,243,74,242,965,696,1314,804,265,542,727,1272
513,155,963,1477,461,310,852,1104,1261,407,1102,758,538,1620,604,737,839,590,482,469,330,92,882,800,621,866,849,268,465,450,648
514,68,952,869,319,231,603,1201,1361,415,717,1035,532,1353,551,590,889,908,699,877,316,182,569,700,441,1091,938,268,336,728,1261
515,59,1012,971,358,211,894,706,1562,394,657,887,578,1097,696,633,1017,485,328,1043,254,147,634,1168,672,1140,825,230,679,796,867
516,58,749,498,295,537,767,1264,1501,272,896,434,591,1553,344,553,1012,451,560,678,179,270,1203,1275,525,999,891,145,767,1006,727
517,56,1228,917,175,575,836,1148,1181,110,568,696,458,810,922,823,806,1158,443,1249,228,253,727,1204,433,936,826,332,784,502,616
518,22,702,961,416,371,1154,616,873,243,1381,776,445,1522,1067,606,961,555,386,901,360,176,408,1027,827,823,938,335,279,756,1113
519,20,782,1011,782,163,1002,941,1353,347,865,761,418,1104,848,300,884,637,551,1458,365,175,710,557,655,793,963,195,934,907,519
520,97,490,753,341,335,1677,1105,1338,451,969,1038,366,929,918,789,1256,563,370,873,287,24,535,1158,560,859,725,127,380,716,971
521,88,915,1095,318,329,1255,1110,1441,320,481,795,246,1680,907,720,999,771,208,670,351,117,293,1365,625,755,613,218,690,905,720
522,178,990,912,341,277,849,889,1318,146,654,678,315,1140,615,1113,832,567,402,852,374,308,587,1701,559,644,1328,473,517,771,670
523,165,651,851,568,274,917,1177,1169,86,767,503,512,1015,729,858,346,711,472,726,305,288,413,1754,1106,502,1226,514,516,608,1271
524,91,1199,1028,432,288,1173,1565,1517,91,416,977,714,1122,660,684,506,630,423,815,389,258,399,1007,769,524,1003,407,785,544,584
525,37,1012,375,202,437,444,574,1006,209,792,1097,614,1800,559,1083,1377,675,596,810,399,182,1216,1251,921,479,848,324,528,673,480
526,43,861,1110,506,288,515,1103,1314,292,855,919,299,876,703,1040,1249,729,391,678,270,130,521,1298,847,384,1758,249,399,1007,366
527,73,485,1488,668,148,603,819,1910,707,893,875,125,1091,509,878,1228,738,375,796,561,250,451,822,386,309,1031,230,1203,646,702
528,133,426,369,487,149,1402,563,1686,752,1673,632,292,731,388,632,1282,582,483,356,543,256,751,1059,346,469,1275,490,421,868,1504
529,123,2085,892,494,383,574,732,1002,633,1272,677,369,1691,630,1164,1210,580,300,498,321,250,373,1220,207,660,599,437,338,604,682
530,102,2072,586,602,260,543,669,970,394,1027,824,395,608,555,659,1164,552,324,499,313,242,986,941,789,1217,947,440,1161,656,503
531,77,830,821,806,264,1842,870,1314,268,994,888,363,1309,488,829,1193,652,642,126,322,250,504,769,675,992,1131,224,458,653,446
532,26,671,503,453,249,1068,1319,1014,326,906,650,366,1254,988,871,1253,509,342,1499,308,136,309,1100,452,1336,663,197,847,514,871
533,24,415,1687,714,285,1088,1175,994,421,634,661,631,802,586,490,957,732,465,1854,280,148,505,508,278,2539,687,189,422,421,408
534,23,531,1230,584,511,820,751,692,358,687,700,1069,959,754,1017,1773,596,304,1319,326,117,601,407,405,1953,838,259,263,531,622
535,51,695,2136,854,573,597,719,678,560,468,636,1615,747,577,633,1172,486,243,1025,516,317,301,550,271,2917,423,228,337,319,356
536,87,1417,893,765,454,404,520,595,877,469,922,2243,885,413,866,2055,246,298,766,381,383,398,382,251,2444,375,222,282,323,384
537,192,1188,1322,806,347,451,1000,848,793,292,529,2395,956,475,525,2127,180,290,581,379,521,215,359,175,2479,325,357,175,401,317
538,156,1099,1289,766,524,210,842,649,664,346,786,3077,759,391,577,1857,158,268,672,474,315,216,322,439,2553,383,383,126,354,345
539,91,932,1291,785,383,169,977,708,607,249,727,2976,873,449,589,1874,374,231,702,541,146,250,459,536,2419,325,179,325,337,496
540,67,965,1301,799,439,187,993,838,595,401,784,2642,1054,508,613,1781,277,204,745,651,130,214,465,637,2247,269,208,246,357,383
541,62,1017,1419,837,365,335,1121,785,414,433,822,1798,970,613,684,1707,430,158,818,566,122,241,518,746,2136,471,179,337,307,589
542,42,959,1422,843,293,250,1183,724,557,378,955,1064,1059,659,758,1870,480,108,760,607,114,371,707,823,2099,378,168,376,370,623
543,30,1079,1589,869,281,367,1279,996,409,479,963,880,1142,665,790,2014,324,248,576,418,110,325,723,787,1869,314,158,374,410,532
544,2,1031,1643,581,258,338,1355,910,362,470,1192,797,1019,746,617,2054,393,227,612,292,98,468,646,719,1989,725,165,356,390,545
545,0,894,1825,506,267,526,1413,1466,308,602,836,734,993,678,595,1747,604,219,536,302,84,319,880,576,1567,715,156,559,422,671
546,6,1097,1478,354,281,624,1356,981,297,798,797,669,1235,629,507,1974,431,282,653,296,65,468,1076,799,1488,576,128,564,328,763
547,6,1136,1747,326,283,523,1132,1418,273,750,667,659,1089,484,505,1875,517,222,689,315,60,558,1070,691,1705,552,128,530,437,653
548,22,1130,1494,382,286,758,1172,1303,263,786,650,603,1328,480,634,2179,644,230,649,267,131,377,1050,611,1316,565,176,453,422,639
549,65,1173,1851,412,264,739,1183,1273,146,547,654,590,1180,616,600,1734,638,168,972,249,139,397,887,815,1344,688,275,397,365,639
550,67,1074,1248,199,181,784,1035,1301,322,729,623,574,1448,603,603,2106,578,159,954,239,114,465,906,704,1303,544,349,668,487,633
551,61,1166,1164,142,281,787,1636,1238,441,948,670,510,1337,713,262,1546,625,292,844,297,37,517,1001,497,1062,812,259,607,651,597
552,48,1323,1425,597,330,705,1197,1504,377,439,584,501,1382,587,314,1521,562,263,777,289,30,636,1098,619,1163,641,211,519,722,636
553,40,1168,1118,257,275,679,1159,1362,336,1209,640,424,1298,447,500,1382,697,391,858,226,112,570,1010,532,1042,852,245,951,545,675
554,24,1458,1125,285,305,1087,830,1693,277,780,589,342,1110,542,574,1248,611,266,1007,219,113,532,1001,775,1211,864,219,579,621,713
555,10,1344,1287,290,306,817,658,1382,238,961,665,287,1767,648,620,1150,644,157,1010,286,76,465,912,699,1192,1036,182,655,604,652
556,28,1396,961,229,279,828,1051,1445,279,841,495,314,1581,806,384,1054,664,109,634,254,85,383,1166,638,1268,1080,246,1051,625,826
557,49,1043,1169,299,214,770,1367,1069,233,894,211,276,1436,567,893,854,663,263,1036,288,83,598,1641,735,1602,871,228,547,619,482
558,93,1405,1123,492,253,1024,828,1050,183,843,484,388,1469,435,759,858,595,595,864,217,52,509,1063,641,1472,897,192,668,721,827
559,94,1244,1125,283,181,753,869,1076,173,901,658,256,1519,664,1060,1168,705,619,1212,343,65,532,1011,471,1112,765,209,625,599,708
560,104,1086,956,343,155,728,1000,1110,191,783,1031,388,1535,773,554,1158,537,158,1293,310,56,690,717,757,1643,778,270,757,553,586
561,71,944,919,298,280,1155,964,1012,405,703,732,390,1230,607,931,925,485,134,791,340,50,370,1880,752,1176,975,235,647,659,940
562,27,915,1038,143,331,866,759,1164,477,775,824,445,1127,773,751,993,683,452,947,316,51,244,1372,681,1079,1205,251,818,627,866
563,23,969,1147,794,354,756,853,1191,367,1148,603,418,1911,410,395,1090,593,693,859,394,17,624,1262,180,949,795,192,722,654,637
564,26,1070,754,329,270,760,761,920,221,1069,879,457,1251,873,628,1132,498,595,913,342,7,863,1001,620,1222,1111,134,817,676,801
565,16,1202,1035,363,397,880,509,929,211,930,877,413,1251,1044,770,1244,642,425,831,336,97,772,741,572,1254,949,186,639,849,636
566,22,862,428,462,299,711,902,1115,196,1167,813,403,1673,1010,519,1292,531,428,697,294,180,709,764,569,1411,945,330,409,971,888
567,44,888,584,779,249,953,739,1441,290,854,592,353,1041,713,687,1160,560,364,1132,351,180,745,932,502,1084,1033,362,910,748,730
568,46,719,575,338,119,674,554,1533,258,454,444,302,1677,1153,891,995,426,417,959,462,170,692,1650,597,1246,1169,379,417,764,920
569,43,605,1193,531,113,503,1174,758,374,1229,430,393,1579,995,824,908,438,406,1041,278,19,612,1951,222,905,1247,361,566,742,560
570,59,608,1299,540,289,886,1216,1231,364,595,815,341,920,776,831,799,555,532,495,311,9,415,1448,807,851,1536,264,638,782,788
571,114,1155,591,464,293,648,594,1115,572,524,1342,297,1468,597,957,1378,668,372,589,311,154,340,1327,542,815,1053,347,432,822,1119
572,103,1127,688,243,423,1061,1226,706,401,1035,1187,388,1262,480,490,1174,357,255,771,411,154,475,1491,573,682,1222,260,820,754,781
573,81,590,347,596,583,1351,886,545,712,1142,679,440,604,459,615,1281,658,460,648,320,180,806,1421,636,504,1077,323,1317,664,1075
574,65,329,1169,543,393,854,626,1724,814,588,528,461,1588,706,590,905,463,451,1308,247,351,391,1491,966,326,802,242,706,546,827
575,27,1491,780,447,209,491,1110,781,722,962,927,482,1235,718,704,808,656,371,1222,377,275,1064,1037,545,195,1194,235,448,752,735
576,9,1304,354,359,264,997,1081,1512,602,988,835,268,1069,430,764,1338,494,456,875,393,231,550,1182,422,636,1182,258,773,605,769
577,157,869,600,300,187,2198,1268,1363,445,970,454,200,715,542,611,1148,756,593,901,304,354,366,1521,589,532,1168,256,429,548,656
578,157,1638,410,414,137,1368,536,1085,457,794,684,310,987,683,1094,1249,415,448,826,337,259,1169,1235,747,672,913,226,454,617,679
579,165,1526,1713,827,117,983,633,1522,410,845,874,437,1076,286,647,1136,343,410,816,391,306,558,714,574,908,756,345,559,643,480
580,231,1020,1113,911,105,758,591,986,451,656,897,583,2016,610,1012,1391,253,371,632,287,202,504,819,377,1096,704,262,950,393,819
581,175,870,1236,1361,144,486,1421,892,314,539,831,1219,1359,667,1098,1098,480,404,566,283,271,308,633,270,2195,462,197,193,516,512
582,124,376,1269,1239,206,399,1070,539,266,427,934,1340,2126,1133,799,1377,244,339,469,320,182,325,557,339,2728,365,229,394,454,431
583,116,265,961,841,208,148,1500,430,357,437,1163,2049,1148,1076,737,1929,258,179,388,356,207,265,636,683,3343,284,213,156,300,367
584,54,415,994,809,414,161,1137,606,313,354,1152,2298,1214,988,647,1906,170,502,214,473,139,162,490,727,3532,208,192,190,283,256
585,194,433,934,741,527,128,1011,457,225,368,1132,2573,1194,948,662,1821,236,511,132,568,216,86,410,745,3680,147,173,200,200,348
586,297,428,934,739,517,272,984,415,333,415,1018,2822,664,893,662,1761,226,276,97,463,306,111,337,680,4182,141,200,188,291,348
587,368,513,1042,751,442,272,1064,549,365,426,864,2234,815,882,689,1739,308,294,185,451,276,196,576,784,3361,217,253,278,349,457
588,361,516,1051,749,640,305,1073,499,390,419,926,1927,823,896,706,1849,322,306,143,482,263,214,640,746,2982,263,313,335,401,460
589,177,555,1229,826,419,320,1348,699,408,612,1082,993,1064,1001,789,1912,323,331,224,473,243,253,839,817,2263,235,223,304,513,525
590,70,587,1306,840,452,315,1437,672,306,620,924,492,844,1019,826,2108,389,245,319,370,239,307,1066,966,2366,325,203,388,385,614
591,65,738,1067,1023,405,505,1606,1111,286,808,1109,528,864,1147,772,2093,374,335,294,274,223,376,818,606,1653,344,193,380,379,624
592,60,794,1144,683,393,594,1651,1098,226,709,782,461,978,1322,704,1916,368,314,405,273,229,323,935,594,2046,256,198,466,428,650
593,33,782,969,726,313,929,1515,972,162,839,794,381,938,1352,649,2023,434,265,556,255,160,379,1249,592,1711,328,216,490,387,601
594,12,895,750,594,392,900,1605,918,132,868,713,291,959,1283,736,1717,448,310,916,256,149,345,1089,625,1947,555,230,437,335,593
595,6,909,629,437,324,1128,1229,1032,98,828,639,306,1523,1093,756,1471,437,331,800,253,121,424,1208,585,1905,576,273,562,511,606
596,22,957,796,700,384,1115,1216,1536,110,771,557,358,1367,997,695,1228,556,339,1042,244,93,366,1196,639,1448,533,309,605,444,377
597,22,1355,747,592,234,1140,988,1384,71,986,584,314,1516,1006,545,1073,279,327,1124,249,90,431,1075,567,1489,781,236,680,512,603
598,22,950,883,358,211,1303,781,1376,102,854,482,374,1431,1011,958,867,643,256,1138,347,90,402,1336,628,1516,683,245,767,532,454
599,22,872,951,405,610,1075,960,1373,202,795,619,389,1900,1037,783,800,455,277,806,321,43,416,1237,660,1336,767,173,694,676,346
600,21,1564,477,242,601,963,699,1595,309,940,481,303,1247,967,650,931,577,250,1101,323,29,274,1372,796,1275,608,190,703,534,978
601,19,1186,733,416,694,1186,598,1451,266,1083,533,243,2065,709,557,916,532,269,732,319,5,573,1505,737,1336,612,156,682,367,520
602,22,1071,850,286,344,1279,661,1606,207,889,650,308,1833,1056,510,716,629,170,873,288,5,550,1375,567,1194,670,226,962,446,757
603,26,1147,822,242,303,1063,843,1494,106,863,619,181,1886,910,753,747,714,182,909,232,114,391,1249,873,1208,857,189,790,668,619
604,22,1537,924,331,523,1188,619,1587,17,916,615,81,1840,791,667,711,620,423,1216,320,189,318,1015,676,1000,556,177,740,577,804
605,20,998,341,317,502,1287,613,2150,458,897,624,232,1974,591,749,656,730,347,1032,283,303,592,1148,541,1008,476,240,710,570,611
606,24,1206,438,400,511,1179,843,1409,458,658,308,391,1409,1098,827,677,319,339,1338,212,303,679,1381,1021,765,551,282,838,548,588
607,17,953,470,440,241,1043,987,1356,505,977,693,320,2145,967,553,551,585,266,968,285,203,214,1207,625,621,669,180,975,1340,644
608,21,1029,592,271,154,1265,1242,1646,449,792,934,368,1659,784,742,467,559,209,1073,275,174,611,926,560,905,684,139,709,1304,457
609,31,795,568,506,411,1160,291,1412,287,501,887,341,1766,879,657,1032,635,418,1257,294,158,643,476,511,1398,748,315,716,776,1131
610,31,569,214,472,647,751,809,1037,379,722,838,224,1401,1068,738,1106,668,449,1536,333,108,1181,891,863,1072,955,310,765,271,592
611,27,1245,772,203,692,913,1630,849,392,989,763,269,1398,974,689,719,352,475,1214,341,103,415,873,492,916,867,287,791,842,508
612,27,1086,800,345,371,875,918,1177,336,613,759,276,1864,906,498,671,612,451,1430,361,102,290,915,800,849,775,293,506,1000,1094
613,22,848,1568,669,255,871,858,1143,300,492,924,315,1849,874,427,596,387,298,1468,276,166,153,1048,653,970,1172,206,699,857,636
614,21,685,836,421,186,680,426,1102,562,945,872,318,1389,467,513,1329,728,293,1460,355,157,120,1403,725,1067,1102,200,936,920,782
615,14,948,369,413,218,1422,648,1210,588,556,1116,251,1372,947,651,1351,191,245,869,332,120,1287,1359,382,927,781,222,751,716,744
616,101,597,539,321,399,815,1262,695,585,1742,772,311,1235,919,622,1120,189,166,705,277,97,957,1629,621,711,1064,204,905,663,777
617,101,1103,785,422,606,741,637,1495,408,834,909,481,996,714,1037,729,532,180,913,361,83,499,1707,788,643,742,201,624,969,760
618,87,366,440,602,660,291,1251,826,248,1299,843,347,2066,1144,729,624,569,537,737,282,30,507,1033,667,653,1174,256,765,1005,962
619,87,830,935,464,362,1022,1103,1188,150,809,993,366,1290,946,699,882,475,853,1432,226,2,506,700,553,716,935,212,697,809,758
620,122,731,698,509,434,490,782,229,502,495,931,431,1273,1006,986,624,224,930,1568,269,2,997,1760,789,358,1632,272,681,736,539
621,74,1170,493,393,399,600,1048,540,479,589,1015,285,1431,789,871,751,338,563,887,299,2,545,1442,455,1000,1939,251,513,658,1181
622,74,651,714,321,394,790,1114,2059,622,394,972,342,1046,901,1034,737,942,451,797,287,2,428,1460,660,912,1303,188,554,351,500
623,142,676,1011,227,417,786,858,1548,641,510,1090,287,1453,699,1181,437,529,304,383,366,58,405,1312,952,1010,1138,310,953,863,454
624,272,875,802,486,96,1334,1160,1059,575,1287,1046,557,773,625,908,263,487,95,1306,382,176,947,1479,591,581,1038,258,712,658,172
625,211,1634,1069,459,358,341,1124,2042,422,815,789,448,1322,631,976,552,336,249,984,359,432,295,1121,681,312,1046,327,473,633,559
626,265,1785,370,380,316,543,1101,1356,405,717,536,367,1182,639,810,536,199,437,748,454,604,269,1038,773,389,1211,729,1191,860,790
627,197,794,448,453,301,1885,839,1078,552,1116,646,441,1845,835,630,711,730,519,402,349,393,215,935,522,1013,689,783,470,615,594
628,210,817,728,415,117,1267,840,669,453,903,702,452,2001,972,639,701,779,594,471,297,465,1092,757,524,1019,658,629,613,665,551
629,217,674,2088,513,127,661,893,968,453,860,681,497,1401,757,560,1000,596,569,687,455,275,263,861,500,1262,1060,569,274,687,592
630,162,390,1433,501,66,1047,891,720,356,528,978,479,1477,1020,862,1437,343,340,544,462,210,640,761,365,2333,379,365,298,815,798
631,145,276,1821,1138,209,769,1484,416,437,520,738,893,598,862,645,1689,220,308,612,358,204,225,419,291,3523,375,553,158,475,639
632,45,1169,1139,2300,876,848,871,439,274,396,767,875,461,838,485,2632,241,415,546,339,216,306,305,160,2531,206,439,184,355,342
633,70,1627,1797,1044,880,701,635,303,360,297,689,1162,379,252,927,2046,255,291,247,300,389,243,289,280,3939,127,358,161,679,273
634,151,1310,1713,984,1132,515,1093,296,254,435,849,978,346,523,550,2239,705,354,223,460,397,150,296,141,3309,173,343,132,643,306
635,177,1376,1775,908,1035,859,793,356,327,449,861,880,379,537,572,2168,324,400,222,374,229,182,243,347,3323,193,287,177,570,677
636,162,1124,1770,916,833,446,874,487,331,448,898,1195,539,540,624,2164,257,399,287,537,146,176,407,360,3076,276,283,351,709,385
637,76,1368,1943,1002,636,437,1112,586,246,402,954,686,591,692,640,2381,358,268,356,416,179,263,710,359,2403,247,275,302,704,408
638,68,1246,2113,1019,660,620,1238,772,203,501,796,607,636,459,668,2115,472,207,366,284,177,217,944,479,2394,220,241,242,523,513
639,64,1433,1786,728,565,673,1407,904,189,594,598,586,709,881,479,2536,428,238,299,283,159,450,710,450,2100,217,232,319,495,488
640,55,1080,1884,602,495,824,1385,849,178,674,526,505,738,799,538,2356,465,215,363,267,128,340,730,479,1967,904,220,394,521,519
641,72,1270,1864,620,517,875,1564,726,137,820,509,442,735,618,437,2424,450,177,406,231,168,284,768,408,1913,1021,195,379,463,507
642,56,948,1905,403,388,836,1268,1248,123,803,563,439,943,503,630,2552,465,247,688,188,141,308,866,546,1612,873,161,290,521,486
643,56,1340,1821,482,251,993,1166,972,153,887,422,354,947,500,531,2143,456,286,1205,185,138,488,943,419,1559,612,328,331,375,657
644,50,1238,1719,436,521,1186,1062,1066,159,763,485,313,1179,749,444,2068,362,277,1122,209,179,277,642,567,1299,623,367,347,695,596
645,46,1322,1678,360,564,1457,862,979,159,983,480,375,798,356,579,1834,387,291,972,181,145,506,1106,537,1192,797,252,476,774,552
646,34,1176,1502,529,477,1063,792,1229,162,650,696,351,1742,597,878,1324,704,253,1112,227,145,511,901,548,1106,386,221,369,887,428
647,29,1394,1401,409,372,971,878,1383,160,640,883,210,1533,1125,502,1288,430,251,1559,332,134,490,431,644,1103,554,262,537,608,487
648,55,1107,1167,281,332,1105,956,1095,319,803,586,247,1146,825,594,1035,575,360,1168,403,174,533,899,680,1248,763,221,982,924,417
649,123,1817,819,312,468,1220,684,833,308,1135,367,249,1870,695,755,997,657,420,850,360,164,365,1035,579,1100,763,240,526,781,508
650,121,1048,982,496,623,1067,815,1649,334,745,414,255,1369,695,536,981,358,213,755,341,150,240,1436,865,1802,802,222,529,688,469
651,84,1370,767,886,583,947,952,1487,285,1202,479,225,1937,586,590,849,355,305,475,287,125,450,704,596,1149,785,172,755,790,823
652,87,1322,274,262,261,1353,674,1701,370,1507,666,257,2040,997,492,670,669,360,616,352,104,606,772,745,930,810,211,386,732,774
653,77,1489,674,292,318,874,517,1254,359,1206,615,171,1836,992,831,752,831,251,1296,252,117,248,998,847,1119,477,199,910,788,410
654,70,1106,1059,340,357,850,673,1540,465,879,752,50,1975,1108,747,606,694,339,1355,231,138,271,1069,742,1125,528,160,789,803,179
655,70,1384,906,259,419,711,1031,1408,362,1173,675,135,1669,467,845,310,498,585,812,273,155,557,1106,811,1100,1059,116,674,741,689
656,71,1462,855,564,419,835,1026,1559,371,782,483,133,1565,684,723,677,489,755,632,198,162,995,1207,702,727,1130,217,585,624,368
657,67,1091,685,665,439,1389,1083,1075,278,851,1109,115,1240,862,949,778,793,521,813,243,209,604,795,624,1064,1041,256,570,373,418
658,74,715,182,397,98,854,944,1045,250,804,1460,238,1739,1594,774,637,647,173,1294,257,183,379,433,749,1093,903,256,621,902,1305
659,79,860,928,347,95,913,821,1366,242,831,1281,162,1530,673,550,1013,704,352,1335,298,194,194,1159,443,1171,1191,292,620,781,575
660,72,1032,623,492,132,1183,746,659,232,1065,1187,245,1591,523,629,956,653,361,1327,318,162,617,1747,556,847,1147,253,566,615,464
661,62,1026,765,552,149,1071,680,1647,257,766,644,407,1499,449,706,686,377,220,760,249,119,956,2368,972,779,1043,187,470,886,248
662,34,1017,917,118,309,874,892,1743,219,634,1286,355,1729,946,889,747,619,148,694,282,59,510,1201,752,1094,898,160,567,1074,233
663,24,928,107,457,294,1442,1084,909,207,910,1310,203,1004,1017,658,981,341,375,676,324,38,401,1085,817,876,1328,335,787,845,1237
664,17,651,951,404,254,252,749,1289,311,687,694,240,1726,797,492,1483,236,842,1426,311,24,796,1313,532,765,1221,404,809,744,580
665,63,1246,615,85,246,316,1449,751,284,867,366,245,1462,1308,506,1189,347,767,991,222,15,1116,1799,285,739,1173,340,664,1141,403
666,54,628,1050,179,151,1199,936,1319,312,629,749,267,1012,1389,679,903,431,406,1276,264,21,498,1433,556,840,1147,262,453,1183,774
667,77,666,890,460,127,634,784,935,775,655,902,413,1486,663,1248,719,285,415,1020,267,14,895,1313,282,750,1723,334,836,790,642
668,299,1210,899,287,784,604,771,777,676,834,813,443,903,333,1457,787,392,407,917,514,156,571,786,915,993,1278,302,689,868,335
669,284,626,750,365,1081,650,1416,786,636,761,762,438,1237,490,1107,685,377,360,786,455,262,962,916,640,831,1253,299,759,634,392
670,229,496,722,497,102,358,873,1005,534,495,990,394,1402,498,945,1592,842,412,1636,418,252,644,1028,308,608,949,321,1015,993,442
671,230,1088,725,448,329,856,1116,1075,515,516,1236,288,654,369,674,1269,622,383,1724,345,123,810,766,664,701,1448,346,640,621,419
672,73,556,806,415,404,1795,1349,635,696,371,1008,365,1520,630,513,1355,155,260,923,308,124,541,1495,312,771,1392,419,969,611,229
673,8,929,278,326,287,1411,1016,1723,638,416,969,409,763,544,812,1329,686,683,1032,281,127,676,1013,556,521,1332,517,589,915,214
674,3,998,582,225,141,557,581,1920,448,1523,528,537,1256,847,764,1103,449,615,893,327,182,560,1339,841,212,1126,538,536,759,610
675,3,2007,856,217,153,236,612,1482,439,1576,761,511,1275,748,543,903,397,404,865,322,204,986,1858,703,305,729,540,351,607,407
676,86,1167,1209,166,57,256,955,1440,401,2001,696,520,1093,960,631,1300,185,797,693,255,304,452,1192,621,330,860,514,814,573,472
677,96,1007,1085,1848,95,753,326,1387,373,972,887,939,1081,684,861,1219,373,384,604,341,382,284,837,306,1338,488,392,378,445,835
678,96,819,915,1131,87,1984,165,910,463,1631,904,927,964,630,466,1238,595,287,416,373,263,305,597,325,2038,550,336,558,370,657
679,97,521,2065,1028,202,1319,540,887,300,908,842,721,771,690,888,1340,571,307,373,324,242,257,570,167,3118,290,320,205,659,478
680,74,996,898,182,313,2021,551,390,261,1034,824,540,454,850,488,1557,225,255,230,415,165,246,412,341,4111,323,253,156,552,1883
681,4,1622,874,789,1264,1013,1647,232,423,749,607,843,418,1522,432,1189,298,344,382,337,267,202,480,141,3742,189,303,168,335,184
682,94,1947,773,1040,1815,620,1624,229,300,776,1050,830,269,1376,695,1328,157,149,199,494,179,135,236,187,3326,186,258,196,267,265
683,117,1791,784,1047,1232,381,1374,309,404,714,1005,966,344,1236,489,1067,341,182,313,371,193,153,385,403,4069,146,237,130,592,225
684,116,1740,670,964,1157,254,1448,257,283,649,1177,788,928,1258,361,1105,903,188,249,277,193,197,413,274,3983,166,226,201,368,207
685,97,1518,547,997,711,467,1683,506,275,940,817,719,787,1339,820,1283,531,261,333,190,192,258,624,337,3498,197,245,168,272,388
686,71,1882,384,1061,644,384,1787,639,276,611,1171,613,1033,1399,577,1079,532,227,309,143,186,291,686,440,3002,235,255,447,278,358
687,64,1736,415,688,625,592,1919,677,234,1014,810,631,904,1522,469,1619,663,259,281,146,155,110,756,426,2753,357,261,271,267,376
688,49,1420,511,713,492,606,1975,866,205,739,808,571,993,1590,455,2004,540,172,467,177,152,364,737,405,2563,463,180,226,304,253
689,34,1539,1401,661,449,737,1761,427,184,968,821,513,977,1306,432,1492,557,214,592,177,128,311,824,511,2631,332,218,301,327,175
690,34,1313,1161,818,375,846,2032,751,139,804,702,592,952,1503,497,1365,529,258,564,165,113,215,702,371,2165,434,184,309,346,761
691,34,1290,806,402,468,936,1212,854,104,1130,615,545,1038,1136,635,1445,632,297,620,185,153,435,667,409,2643,500,254,436,397,722
692,47,1164,974,168,248,1134,1182,2121,35,698,590,516,1292,1048,715,1364,583,316,647,231,115,535,724,620,1934,366,301,504,502,326
693,47,1305,789,541,293,994,1109,1371,49,862,437,483,1705,1072,531,1198,350,294,1077,300,125,379,880,532,1864,743,201,491,473,505
694,86,1291,699,132,219,949,925,1028,232,1301,290,439,1634,994,625,1057,729,248,996,297,116,306,992,489,1797,1199,199,660,422,649
695,67,1910,954,367,480,1103,877,1258,242,914,393,607,1212,964,522,871,596,280,925,209,116,319,996,565,1562,703,169,728,642,449
696,48,1462,1136,435,501,927,651,1085,248,1012,767,461,1903,1030,435,878,735,193,1004,304,94,259,822,771,1356,693,240,520,598,432
697,48,1596,694,287,518,1420,828,1572,230,928,726,397,1472,867,623,1017,505,273,631,320,99,639,884,705,1135,767,254,388,616,561
698,96,1432,1013,419,226,1262,622,1400,101,1247,607,344,1822,991,303,1000,542,271,1490,220,33,418,680,502,1277,614,234,795,711,328
699,91,1373,436,385,430,1349,784,1144,92,1091,395,340,1942,742,765,851,767,344,1258,168,21,457,968,697,1392,545,187,449,769,768
700,71,1383,812,193,592,1299,955,1311,207,902,686,389,1380,1129,575,691,855,343,1260,239,2,532,908,532,1482,565,134,730,601,242
701,66,1784,789,477,558,954,726,1585,214,1064,957,393,1374,763,451,850,567,302,1078,274,2,375,667,658,1141,909,104,382,820,716
702,85,1359,797,447,514,796,871,1072,177,483,493,405,2456,924,460,856,793,237,1525,220,89,234,1160,716,1119,791,91,292,894,644
703,68,1399,635,373,399,1095,545,1317,302,951,368,390,1610,769,546,1013,382,345,1466,157,89,404,1118,905,1189,546,129,836,1004,650
704,49,1526,872,651,393,752,1148,914,287,1045,741,375,2028,618,547,687,420,419,1133,267,89,344,814,738,1004,977,363,389,796,614
705,49,1142,616,539,406,1306,611,1546,302,1192,871,257,1212,698,558,967,747,491,901,333,78,909,452,758,764,891,371,905,763,365
706,49,559,927,501,466,1300,1052,1072,350,1053,936,227,1724,682,376,934,789,249,993,257,59,742,1180,808,776,1005,327,706,654,247
707,42,978,653,191,553,814,976,1326,258,1030,586,290,1604,733,337,747,732,319,1110,282,59,463,1422,785,774,1232,131,728,1045,800
708,37,1112,628,376,452,947,647,748,500,1192,682,444,1836,782,563,944,580,325,972,241,69,542,1578,675,758,976,98,542,1069,685
709,26,788,331,632,517,1085,679,1364,484,695,722,389,1934,1101,1079,1175,250,498,750,174,69,979,1026,634,425,1141,246,588,925,294
710,30,1115,935,448,456,1014,402,1372,405,743,1391,421,1295,1053,782,1327,320,403,464,213,55,756,794,563,449,1337,306,753,813,585
711,30,1009,699,502,413,660,808,1111,367,973,1397,286,1762,1013,319,959,432,147,801,312,74,682,1108,429,998,1003,296,588,785,1037
712,65,1092,834,403,353,1167,605,958,209,1157,942,310,1655,959,685,807,467,293,669,230,109,434,1228,786,770,1352,450,614,964,433
713,65,840,869,633,170,502,993,1317,536,1103,311,263,1177,653,708,824,527,518,1503,237,157,500,1723,580,856,823,501,734,869,508
714,55,817,1180,345,174,827,1066,971,570,1049,450,340,1023,944,889,783,809,443,1031,186,157,284,1710,452,1102,823,442,865,838,375
715,43,911,493,492,575,286,1119,800,464,804,745,459,1960,749,864,843,573,329,718,110,276,449,1629,579,962,866,537,461,659,1245
716,43,1118,875,436,550,938,1045,401,585,1053,789,424,1616,671,652,1265,446,390,970,348,137,207,1272,448,1185,554,400,856,533,793
717,30,432,700,383,573,988,1369,1369,749,618,850,551,962,1000,991,974,341,406,1405,426,180,340,996,710,666,649,408,821,550,563
718,12,1088,800,91,198,610,718,1023,611,669,1015,362,1591,431,966,1671,203,351,906,501,352,709,1223,415,786,866,262,861,966,743
719,2,651,1021,697,429,937,824,1305,525,621,1196,342,1047,613,743,1064,250,378,734,350,508,384,859,627,484,1515,274,446,1241,933
720,0,572,391,238,468,1579,952,662,372,1064,628,348,856,1110,784,1324,838,350,898,283,408,288,1347,314,487,1842,279,604,1025,689
721,0,1481,464,383,518,1112,1094,1106,355,829,699,457,1101,1003,516,1337,300,346,775,349,271,252,1260,884,679,1510,330,345,745,499
722,75,1968,332,401,482,1569,625,696,457,887,567,412,1193,998,692,1524,242,204,822,428,377,177,1333,538,590,1057,516,554,642,642
723,166,1964,831,348,343,834,418,1115,380,647,841,496,857,824,899,1081,943,336,441,333,267,578,732,402,782,1133,548,1096,602,763
724,170,1049,1469,617,241,423,657,1669,520,369,846,320,1428,929,802,1103,572,455,519,331,179,542,870,559,859,830,490,774,537,871
725,170,1061,2460,564,270,385,472,1650,628,725,956,566,1267,496,566,1001,468,461,550,477,165,748,1189,452,886,636,405,422,363,541
726,231,617,1569,798,109,190,667,1469,588,635,1209,638,926,543,846,1118,428,431,722,474,172,1783,1081,335,1420,524,341,512,293,331
727,161,375,1043,1115,81,737,1909,883,670,502,1142,738,490,1346,692,932,172,513,583,276,299,378,744,439,2904,616,393,257,333,277
728,197,172,911,2072,247,1320,963,566,482,527,896,734,355,1188,993,1322,509,343,350,266,242,370,495,204,3555,404,301,168,410,438
729,342,156,665,1360,420,1952,1593,323,513,697,915,724,307,1136,1326,1065,466,362,462,283,231,241,438,162,3670,167,218,181,422,203
730,277,605,532,1229,1396,1589,745,242,491,699,987,927,907,1119,775,1007,469,496,409,301,203,97,276,218,3976,162,260,130,200,276
731,264,788,390,1114,997,1473,1076,372,461,748,816,788,595,1092,783,1509,495,516,747,238,207,163,308,292,3817,166,219,154,150,262
732,210,1014,424,1106,560,1490,1109,345,438,740,1102,783,710,1111,834,1436,283,397,714,227,132,113,251,240,4137,162,188,187,317,240
733,97,585,212,1175,530,1588,1234,553,391,821,1169,987,888,1205,990,1408,346,410,475,150,143,229,647,323,3424,105,171,178,224,342
734,83,631,896,1209,425,1133,854,535,374,764,990,636,725,1287,1024,1695,229,298,449,151,215,177,935,410,3587,195,198,176,220,499
735,69,570,761,1393,342,1123,1377,814,373,766,1411,620,768,1379,782,1199,375,329,381,131,189,294,848,336,2953,231,187,356,234,409
736,52,841,637,1192,264,1208,1148,700,289,840,1009,557,914,1559,722,997,433,256,398,141,146,336,1227,513,3023,428,183,265,191,531
737,35,916,793,1002,228,1013,1102,1741,177,773,966,464,1014,1592,606,785,404,236,754,182,96,388,1138,354,2777,345,198,345,144,432
738,42,1038,633,886,337,804,1105,1177,249,978,954,338,1035,1830,599,825,437,293,586,221,102,257,1060,378,2650,628,128,374,396,660
739,21,1124,650,745,285,1165,850,1465,166,999,794,323,1073,1183,687,678,525,310,756,242,80,194,941,395,2803,1111,120,356,271,688
740,43,1195,667,1149,143,1480,857,1478,76,937,646,368,1443,1104,723,657,427,376,726,237,127,273,954,445,2013,711,346,487,352,560
741,45,1332,415,820,196,1300,820,1544,117,985,554,385,1433,1039,682,802,532,302,765,270,100,667,962,362,2265,652,329,379,444,502
742,51,1349,302,757,527,1351,1039,1358,104,1003,840,393,1616,878,819,598,801,234,1040,199,108,472,811,754,1769,487,259,416,215,450
743,52,1254,573,563,569,1132,972,1417,47,914,810,243,1483,975,628,505,691,228,1296,267,105,270,947,666,1628,561,125,721,640,718
744,43,1512,786,640,576,1241,755,1349,33,1041,686,158,1594,1104,589,605,769,166,975,295,148,260,741,690,1451,1022,101,528,761,381
745,72,1078,511,526,397,1199,831,1209,419,968,675,374,1873,1028,754,436,739,203,992,276,127,580,892,630,1168,765,126,561,764,827
746,73,1247,1118,381,542,1625,1088,1422,422,854,462,461,1886,957,690,421,542,302,750,143,154,262,977,573,953,756,119,371,1091,358
747,82,875,800,323,580,1573,1044,1484,407,945,450,369,1668,1028,552,424,815,347,664,255,174,1239,656,502,887,547,58,949,1170,133
748,173,1761,712,248,375,1468,548,1428,345,1051,718,311,1675,735,607,463,624,217,1221,286,269,595,466,718,812,581,151,357,834,1251
749,128,1251,927,295,389,1282,913,1806,98,1284,581,155,1635,748,671,693,575,130,1848,167,257,549,623,650,663,545,145,711,569,712
750,128,995,1100,148,516,951,915,934,337,773,393,125,2002,607,502,844,663,356,1745,209,173,250,1545,681,977,733,349,612,683,754
751,118,1283,960,253,463,1566,997,1068,387,964,646,69,1581,540,826,561,600,362,1575,269,149,346,1166,671,809,700,523,397,572,579
752,36,1195,523,754,346,1522,1309,1158,343,764,709,417,1139,1115,536,700,414,362,1577,174,132,409,748,610,815,683,483,449,848,730
753,0,833,834,350,353,1248,1146,1459,388,752,971,462,1615,988,964,654,337,551,1329,184,85,381,452,688,807,783,284,568,857,677
754,0,1124,556,207,351,905,571,1553,311,688,663,488,1437,573,941,1022,721,436,1354,120,171,374,1509,1055,960,774,406,769,478,483
755,0,883,1140,250,430,997,954,925,396,297,773,249,2137,955,935,987,479,500,902,88,165,195,1514,609,611,1256,305,755,600,713
756,96,1013,580,492,433,740,952,868,325,1167,833,245,1451,837,668,1008,236,322,1145,115,170,1130,1629,619,495,986,299,786,711,649
757,138,936,617,124,326,1016,1159,1654,353,928,1022,158,1406,735,973,647,349,535,1210,191,134,1180,837,620,520,1020,254,639,817,502
758,138,1181,685,84,575,1183,397,1809,563,842,988,481,944,975,1126,496,544,454,1094,131,121,1043,888,945,418,860,125,735,687,488
759,138,707,626,544,585,1331,622,1185,457,734,986,487,1112,1100,716,826,524,290,600,416,38,337,1629,621,538,1443,83,761,1232,332
760,71,780,710,220,376,1211,504,807,539,1167,890,404,1097,1177,792,971,239,314,523,421,29,670,2019,443,679,1251,296,550,1563,287
761,61,518,544,279,369,572,480,1667,502,742,539,380,994,722,625,1120,214,608,1454,389,20,809,2197,695,967,1207,303,600,1113,310
762,49,654,545,452,430,667,1029,940,424,899,819,316,1111,896,705,589,355,760,1172,264,14,771,1572,446,1260,1268,534,343,1224,492
763,20,1544,1045,999,535,600,799,281,383,825,1159,226,1291,733,958,509,532,574,1045,299,54,604,1287,253,951,1233,359,662,1196,44
764,20,720,1576,672,466,602,1080,634,484,537,1014,137,1263,647,1201,610,567,403,893,290,101,834,1172,425,1059,894,373,1422,705,199
765,20,2009,452,505,489,723,1223,877,529,404,1071,156,495,976,1100,696,415,456,726,285,101,623,884,716,693,872,342,779,1011,1372
766,20,730,470,195,328,1093,927,1062,669,618,974,395,1067,817,972,968,925,423,529,452,440,688,1543,447,1133,643,296,696,740,740
767,133,472,1063,153,307,1315,1103,1008,690,394,921,470,755,1176,648,906,862,200,708,381,392,611,1579,1039,970,554,151,627,764,648
768,117,554,694,131,323,676,1046,1498,595,930,1182,484,805,779,659,1159,599,470,548,319,422,432,980,502,746,1261,180,613,562,1734
769,147,835,844,526,123,411,1367,1014,556,1277,1135,567,1081,656,738,1361,404,438,579,315,368,649,785,540,600,1314,166,447,880,877
770,191,1027,838,287,57,1373,1571,528,531,1094,1168,536,1194,478,880,1147,229,679,493,521,240,392,956,581,321,717,441,1280,527,723
771,131,917,752,188,88,2163,408,1358,587,388,940,700,1211,377,1735,1487,242,470,344,441,223,559,901,417,728,552,394,682,610,1007
772,150,2382,547,707,106,465,804,853,485,755,749,442,1397,665,691,1092,329,405,1114,442,186,279,593,451,1549,932,778,465,436,751
773,126,1156,820,777,95,692,791,973,353,758,586,603,1120,891,678,947,412,284,857,356,138,1037,697,500,2043,1050,486,466,704,604
774,93,902,1762,266,285,486,254,1813,382,767,660,749,1039,737,723,1406,338,435,1074,274,127,760,532,575,2594,448,465,343,238,473
775,143,502,988,285,325,833,1305,998,174,1025,458,903,525,856,472,1189,275,164,1164,298,113,413,974,304,3633,452,496,290,229,1214
776,91,208,781,1630,437,441,2566,977,358,1326,529,1030,498,791,503,1234,415,277,783,426,186,407,863,403,1955,645,304,211,362,363
777,101,610,934,805,1234,1414,1302,361,348,2528,388,974,353,500,505,1474,347,168,975,276,261,253,285,163,3229,163,236,185,346,282
778,86,1011,577,991,1053,1611,1793,504,322,1396,608,1066,863,572,398,1196,258,125,745,311,480,270,236,200,3114,280,289,162,227,256
779,104,889,514,938,1433,1643,1335,413,319,1359,454,764,838,610,341,1616,164,221,852,382,280,261,332,317,3369,236,354,146,265,251
780,86,1045,553,897,1134,1624,1288,592,365,1350,542,883,1203,599,253,1582,181,147,973,338,154,249,276,279,3275,213,279,177,204,259
781,79,782,963,1000,926,1723,1525,775,313,1549,489,651,1055,687,527,1102,179,182,1136,263,192,269,276,364,2864,193,212,142,218,364
782,40,728,541,1037,616,1838,1450,902,248,1563,339,584,892,613,416,1863,486,171,813,215,181,298,721,423,2679,231,225,192,265,430
783,42,889,955,1194,589,1610,1762,976,223,1743,280,576,976,471,334,1492,342,194,681,191,169,207,800,477,2441,253,205,217,245,466
784,38,881,728,748,494,1398,1587,1159,193,1932,473,529,989,731,464,1895,349,157,675,245,178,351,626,304,2387,324,184,232,217,532
785,24,873,735,736,448,1532,1479,967,191,1994,680,486,956,1232,326,1768,503,157,790,247,159,389,690,407,1841,463,244,310,200,173
786,14,965,748,1110,350,1382,1413,1028,135,1185,739,429,971,1024,404,1535,422,238,1055,195,139,129,555,389,2760,421,290,238,201,536
787,20,913,810,804,239,1456,955,932,140,1788,826,413,825,1106,617,1247,542,144,1166,218,187,409,536,483,1779,913,230,463,246,593
788,20,1237,379,708,502,1632,1081,1092,124,1494,732,377,961,877,475,1181,404,314,1040,178,148,497,1030,344,2179,706,162,231,384,511
789,20,981,803,567,543,1327,1033,1934,165,1337,639,443,1367,763,643,900,623,341,845,274,182,129,904,711,1795,487,117,455,444,228
790,24,1688,681,376,381,1464,1113,1487,181,1449,501,260,986,678,419,814,422,446,903,286,122,455,1309,391,1600,569,93,656,826,420
791,19,912,551,563,167,1696,605,1492,220,1279,493,210,1112,800,676,660,627,420,1514,329,100,395,1024,670,1966,619,91,681,458,651
792,15,1668,405,488,256,1109,681,1380,194,1283,1047,317,1900,587,472,738,261,384,1452,308,20,771,577,605,1698,847,408,376,462,291
793,16,1241,257,567,592,1669,713,1529,112,885,1105,304,1679,760,622,702,586,381,804,249,9,479,913,539,1285,827,422,512,600,641
794,20,1438,1108,306,655,1190,1129,829,319,1462,783,338,1623,938,570,520,878,258,958,292,8,431,1254,347,1536,516,399,495,289,111
795,17,1496,432,332,371,1691,674,1558,295,1363,368,189,1629,991,687,598,549,335,869,229,48,786,877,567,1377,546,208,488,510,920
796,24,986,888,434,207,1738,1383,1693,421,1013,465,240,1493,471,514,301,350,424,391,222,90,545,1314,666,1639,698,159,755,734,742
797,30,1487,921,343,252,1218,614,795,437,1592,545,240,1553,749,626,931,627,226,856,210,216,454,1064,645,1380,637,64,855,773,660
798,31,1007,997,464,478,1028,777,1698,215,1155,437,238,1710,844,488,880,405,215,1205,170,224,966,752,1013,1536,736,52,482,430,367
799,21,1279,279,484,368,1596,1113,1172,121,1227,558,356,2244,762,627,972,345,436,908,195,152,1084,415,498,1385,757,266,568,586,226
800,97,1267,594,411,520,1683,1354,1362,111,1054,463,269,1717,863,461,871,446,412,619,155,180,630,755,795,1154,958,273,643,619,264
801,97,1045,734,355,486,1174,1086,1132,315,1271,651,269,1511,784,197,677,596,443,643,387,166,467,1126,670,1211,918,307,783,889,610
802,91,1242,526,437,356,920,817,833,310,848,581,405,1744,653,448,1060,623,403,1140,367,63,846,866,551,1506,1121,246,490,985,522
803,189,769,656,294,432,649,702,1203,373,624,662,406,1695,966,848,824,939,390,1359,306,54,574,870,507,1199,1199,163,732,827,589
804,193,1129,621,231,241,525,755,1009,648,293,945,210,1665,858,1004,1298,603,449,1202,364,112,641,1080,534,1040,1228,204,704,741,473
805,174,671,709,476,220,780,865,991,539,995,706,286,1384,922,738,1215,319,378,1522,301,81,668,1183,649,1277,1042,201,604,805,299
806,115,781,677,446,226,1378,614,1122,542,999,759,450,1491,856,463,1113,182,291,1082,266,135,684,1262,864,1205,908,292,678,691,428
807,79,515,560,599,205,1993,889,1265,383,1132,1323,494,1161,862,543,1145,414,220,1019,223,409,88,202,798,1023,682,286,903,1201,384
808,32,845,670,394,678,660,814,875,176,783,1300,393,1137,947,586,1291,835,516,1393,217,424,330,963,545,780,993,235,557,979,652
809,60,899,598,496,800,603,1254,1094,206,513,1026,312,883,989,651,1153,529,699,1450,344,397,557,1427,295,417,816,437,506,1071,518
810,60,708,1161,494,821,303,1035,782,353,1352,627,276,923,954,719,1012,326,656,1475,278,284,661,1696,714,613,779,589,290,610,449
811,39,573,395,501,420,1228,1312,1219,558,709,1675,312,596,665,902,900,291,427,558,305,318,398,985,575,544,1177,549,631,866,1372
812,76,496,725,720,456,975,883,1115,621,769,1630,365,675,409,1243,1014,755,392,517,295,296,519,1245,251,593,1216,447,613,952,737
813,79,954,832,192,503,661,1462,1087,565,1221,1804,352,653,891,729,907,174,246,806,223,188,392,1452,636,414,1078,500,323,910,766
814,51,1549,754,207,461,363,603,948,646,643,681,527,411,1006,501,1346,58,236,468,528,151,532,2538,698,472,1314,516,866,1373,553
815,51,674,1651,376,198,297,1031,1052,466,749,1161,582,1823,771,534,954,277,253,906,471,123,76,1417,141,378,1979,621,956,670,362
816,51,356,752,652,214,1574,949,700,513,579,899,555,1453,628,1081,815,397,271,851,535,203,1285,1378,289,478,1205,600,522,642,573
817,38,1231,451,591,320,576,562,416,855,1093,673,272,1953,561,1094,1223,456,528,646,523,160,1212,1218,792,497,645,475,455,838,646
818,158,537,561,555,213,1564,834,1222,806,737,702,220,1110,391,1001,869,653,560,867,468,129,452,655,847,349,1096,418,1759,678,589
819,186,809,566,415,242,823,727,2463,556,1056,519,422,1098,602,611,821,552,623,825,354,257,526,1066,745,266,1339,344,632,818,737
820,169,1172,1257,600,197,519,997,1292,562,1093,693,630,952,754,747,731,445,465,1328,382,224,778,816,809,337,799,324,874,514,540
821,173,1649,1970,266,144,394,734,1854,350,676,580,505,630,1107,424,1655,204,423,1160,442,209,650,1289,495,400,637,364,550,519,547
822,176,636,1602,500,125,1546,582,1589,225,998,796,511,939,742,418,1453,186,308,954,332,121,602,773,485,856,861,375,365,406,1538
823,96,2049,2401,292,98,1088,671,1377,249,809,829,624,299,813,564,1075,653,440,870,484,153,286,645,313,1095,400,345,442,410,1130
824,100,1180,1030,325,92,2534,700,1027,306,636,957,695,807,496,257,954,396,244,1000,327,143,320,636,180,2415,504,292,346,265,1836
825,164,875,1267,1891,196,1595,1947,613,317,570,812,875,1172,721,301,1073,251,263,712,297,261,391,571,284,1879,318,271,298,445,370
826,247,632,699,1387,1275,1761,802,770,355,439,826,975,1025,477,1422,1369,584,213,565,388,194,206,502,256,2381,225,259,162,245,359
827,172,432,594,1133,1229,1851,912,378,526,441,903,1083,2033,452,839,1083,602,268,798,324,272,201,358,278,2607,247,261,213,184,326
828,197,366,476,1040,515,1038,1463,474,370,431,1185,700,1122,828,242,1639,1542,310,1149,295,206,230,479,383,3009,331,270,204,250,256
829,96,417,561,1072,702,1423,1005,713,306,881,1297,788,1669,910,215,1610,794,396,801,216,119,175,581,384,2593,300,237,231,224,284
830,91,511,425,1078,509,1403,1458,683,207,847,1059,667,1624,942,355,1681,763,367,495,222,123,155,788,464,2810,287,255,210,226,295
831,80,522,322,1080,496,1543,1443,833,229,922,1157,633,1255,979,283,1723,564,325,559,231,115,290,875,531,2664,267,241,257,194,387
832,68,482,274,1134,474,1092,1407,863,215,922,1193,532,1585,1017,329,1838,492,392,615,189,128,248,846,441,2692,268,251,264,249,500
833,61,611,1588,1116,451,913,1409,1104,158,942,1079,351,1147,1129,316,1280,466,531,525,219,131,213,982,365,2308,400,244,361,272,328
834,51,873,971,1122,484,968,1166,1579,171,876,1086,302,1096,872,534,1267,527,477,610,211,106,390,874,371,2233,354,197,335,277,620
835,46,575,1044,1176,433,825,1134,1326,103,1024,973,339,1733,843,548,1225,450,352,683,140,121,331,867,487,2235,487,254,521,131,594
836,47,709,812,748,328,878,971,1512,135,892,864,339,1207,984,472,1127,603,371,603,203,66,294,942,667,2143,853,236,830,648,516
837,59,1057,624,725,352,1245,934,1454,246,867,789,301,1958,984,390,1091,684,337,334,219,121,404,769,645,1748,546,276,1177,230,434
838,56,1094,676,579,314,1179,1074,1688,297,967,763,365,1500,982,628,785,564,334,432,308,98,960,798,498,1776,702,248,659,241,435
839,54,919,1093,708,273,1079,939,1400,188,1114,774,288,1769,970,430,1030,459,321,666,323,97,538,834,552,1664,928,205,606,277,502
840,56,1154,676,435,230,1031,1255,1464,289,1045,715,316,1567,988,568,834,928,314,1101,322,117,477,811,396,1477,819,277,675,113,550
841,67,1307,1040,497,351,1141,933,1298,180,951,792,453,1954,770,512,808,481,337,690,309,158,369,787,701,1300,1077,245,735,580,177
842,55,1005,779,562,337,1042,1326,1306,200,939,953,489,1656,821,540,1204,433,268,572,222,63,661,1030,547,1384,919,184,383,525,595
843,74,1113,846,369,68,937,1425,1307,268,1144,669,421,1866,773,669,974,589,321,770,180,65,471,836,812,1360,1107,119,280,539,628
844,70,1050,533,564,185,1201,1765,1120,321,895,738,399,1886,672,465,816,638,350,1012,127,83,785,965,475,1245,721,146,896,269,608
845,68,1147,859,209,367,856,1010,1087,176,1020,822,403,1773,719,845,1063,693,280,1150,161,82,341,1045,686,1453,675,156,688,505,661
846,80,969,808,386,384,921,1280,1060,307,922,1070,282,1740,582,779,1056,650,352,1067,145,43,653,1025,573,1282,625,170,473,754,562
847,52,1174,716,471,206,1154,1136,1139,318,642,900,248,1482,869,598,1126,676,298,1249,321,73,596,1127,801,1170,715,101,582,608,452
848,79,982,584,416,107,665,832,1202,233,577,843,305,1903,1142,724,1061,664,250,957,348,123,881,1213,862,1187,1012,206,479,617,546
849,64,880,720,317,213,1344,972,1068,252,665,693,321,1726,456,660,906,435,420,941,365,166,684,1741,628,1467,795,161,731,549,660
850,76,869,707,473,387,844,986,932,142,1171,639,433,1694,872,477,1103,619,346,1100,372,171,764,742,698,1212,1260,281,512,587,531
851,72,1053,762,421,370,683,904,1167,146,1254,644,386,1688,578,425,1229,736,418,834,347,232,782,929,438,1058,998,252,508,792,894
852,65,835,1172,218,164,981,1064,1243,149,843,1119,335,1651,581,583,1225,428,263,1024,307,231,499,877,587,1203,1119,290,541,907,496
853,53,1264,822,181,405,819,785,1305,420,564,1001,440,1505,980,807,981,376,211,1223,270,132,197,876,791,823,767,247,679,1016,1060
854,44,518,559,638,451,796,1114,798,644,1261,527,442,1741,842,531,960,593,381,1129,263,63,1126,1246,402,849,581,197,913,759,632
855,90,673,997,464,375,493,1213,1036,710,831,440,484,1682,652,1095,839,468,465,1008,195,16,941,1282,477,471,1039,282,655,896,731
856,75,778,968,225,464,1323,1480,1007,700,905,596,482,1237,780,1190,650,469,702,762,281,31,536,1489,647,84,1018,333,348,903,537
857,103,764,1337,409,272,1015,835,1385,444,854,778,320,1560,741,629,1451,217,495,524,420,68,428,1245,650,455,1586,240,338,975,462
858,103,1536,566,340,383,1157,586,925,337,820,654,321,1349,788,792,1438,323,324,706,347,264,933,1100,487,632,953,525,1264,750,297
859,111,755,755,579,380,519,951,781,443,532,997,443,1775,711,794,1055,621,346,1253,305,260,599,1399,258,715,1176,444,723,708,612
860,82,543,1065,155,287,567,953,1377,516,1195,1253,461,1008,655,622,803,405,475,1014,319,234,919,979,732,989,1112,356,556,761,607
861,87,391,1283,338,487,193,1206,1052,642,657,896,394,1549,828,835,883,538,498,894,376,237,658,1464,298,713,1284,322,980,614,403
862,92,1297,1115,196,275,690,528,1090,590,491,779,324,1186,746,1070,1451,440,397,872,295,192,555,1664,565,972,1214,283,631,550,450
863,81,1626,871,595,152,463,1000,1395,780,360,837,398,1799,544,644,1051,457,466,774,359,187,494,963,882,604,729,370,499,822,798
864,60,2132,484,344,303,462,1078,1613,507,936,963,407,1161,406,557,880,824,366,900,297,254,823,812,427,572,1033,254,775,517,853
865,77,970,1127,408,311,1533,1184,1817,487,1063,772,453,1005,341,598,764,642,264,920,263,210,412,754,709,814,1004,186,927,478,507
866,48,946,1121,234,330,1410,739,1191,447,619,687,417,1487,688,1135,1368,808,444,1006,241,171,526,877,470,561,907,236,800,455,631
867,44,672,1558,609,315,1294,717,747,350,747,1068,320,1299,655,586,1367,541,228,731,318,326,544,1017,558,888,1069,316,582,572,962
868,47,603,664,639,138,897,897,711,351,991,910,1160,2640,684,743,1235,518,249,747,240,237,366,595,296,1148,531,215,295,513,1740
869,42,575,612,473,109,1959,1780,647,220,715,811,1939,925,677,454,1274,396,557,553,493,164,253,901,394,1885,576,217,558,296,545
870,43,1288,672,1376,174,813,915,408,249,549,771,1743,1052,744,418,2014,305,359,508,390,200,392,463,461,2730,494,213,361,345,550
871,143,1061,625,1424,175,1639,736,431,210,420,709,1772,1446,980,428,2296,287,172,407,341,140,160,345,283,2803,350,170,233,317,497
872,313,1323,753,1072,163,1234,1381,589,202,356,886,1845,495,732,263,2331,330,152,178,268,384,143,354,743,3443,161,209,194,162,341
873,403,829,837,909,493,876,794,441,259,271,1155,2099,678,550,378,2066,301,299,174,394,327,130,441,550,3884,172,248,283,282,477
874,425,676,771,797,570,886,596,415,313,220,1308,2669,601,459,379,1886,304,258,224,454,307,121,303,421,4166,194,346,221,280,430
875,320,758,934,822,558,830,729,510,310,278,1228,2043,682,524,434,1908,389,213,301,462,181,220,380,481,3792,238,320,316,292,547
876,371,761,895,829,578,617,693,506,310,305,979,2212,745,528,470,1895,412,208,424,483,243,262,427,501,3421,287,218,364,436,620
877,144,1046,1078,906,502,505,987,725,187,560,902,1381,876,628,565,2005,373,156,438,475,240,270,694,477,2635,305,162,328,625,825
878,64,1036,1154,911,444,562,1092,1047,158,555,1043,1303,1064,637,645,2124,399,249,407,285,177,291,851,588,1808,283,204,277,557,785
879,59,1003,972,1081,473,817,1254,1084,146,629,943,1348,863,914,595,2324,401,280,341,270,154,302,868,479,1275,444,193,307,389,792
880,57,885,1082,1045,431,780,1162,1145,139,706,873,1358,873,756,556,2219,415,256,474,262,126,324,939,433,1479,557,217,386,348,717
881,41,1133,1014,1106,352,910,1179,1046,122,791,944,1275,902,616,509,2177,442,199,513,252,131,234,940,418,1608,506,184,377,388,691
882,30,950,887,902,403,1037,1147,939,175,814,882,1169,937,1016,588,2023,386,307,732,227,68,259,844,477,1459,688,225,487,270,672
883,4,979,827,706,385,866,811,1238,170,944,725,1119,998,1085,721,1776,522,372,837,265,82,461,816,573,1285,763,248,442,245,735
884,48,1042,823,685,217,1151,882,1032,81,1030,732,831,1411,758,797,1622,516,344,1033,270,194,409,710,527,1315,686,246,529,536,543
885,53,2026,458,638,465,1079,1001,933,81,1146,612,783,1170,549,632,1277,626,387,1206,291,204,224,583,662,1388,644,200,524,452,706
886,55,999,562,445,537,1001,946,1641,109,739,468,690,1488,920,749,1187,725,373,1173,373,183,292,938,342,1295,709,143,616,621,681
887,57,1824,736,345,465,1183,1105,1146,259,853,371,616,1480,935,659,997,432,215,1247,351,167,415,978,849,1311,484,261,500,384,375
888,58,1740,783,338,378,1092,600,1392,318,1173,692,545,1864,690,731,1030,657,261,992,324,77,357,758,517,1073,635,261,584,416,664
889,44,1683,807,424,361,1301,811,1392,437,1107,784,426,1473,839,662,875,481,343,713,284,64,475,828,679,871,772,304,669,493,598
890,38,1524,717,362,414,1138,716,1554,350,864,902,451,1537,880,623,876,490,287,486,280,87,461,1119,351,1037,878,223,700,658,997
891,19,1306,987,414,249,1173,736,1579,213,1225,919,415,1895,724,391,721,408,233,986,269,78,292,816,843,1241,835,206,425,671,731
892,18,1425,647,352,251,1220,545,1305,237,936,877,359,2102,656,560,969,906,346,1108,293,119,735,1386,762,784,691,284,463,349,315
893,17,1097,551,334,47,960,215,2080,160,1036,777,288,1925,762,571,1069,504,544,1137,322,159,520,931,522,993,729,266,758,689,1037
894,15,1777,756,324,386,795,819,1959,175,370,704,229,1501,1253,688,778,989,258,718,287,148,383,1029,526,1123,773,282,512,706,737
895,11,1443,663,392,349,554,1209,1413,313,1173,831,270,1946,1079,477,485,549,268,718,243,100,847,1219,541,1000,733,202,696,559,717
896,27,1037,599,439,527,1715,566,1187,289,816,854,317,1244,865,516,415,400,331,908,184,100,854,1360,1171,1324,688,127,905,293,942
897,23,1164,442,239,610,1497,1306,1550,464,912,885,405,1296,800,486,524,512,349,858,192,7,298,1268,802,1303,517,111,535,832,813
898,21,968,562,709,430,459,1138,1140,406,756,907,401,1758,1189,761,541,544,634,1271,167,48,69,1158,723,598,889,99,946,957,751
899,45,718,773,382,119,1084,629,1126,296,1077,829,198,1591,1127,546,1264,429,549,1494,205,127,459,1186,792,797,1148,56,627,710,617
900,45,1060,1098,321,498,762,636,1272,244,738,993,246,1497,1125,789,1359,684,509,1343,165,179,579,858,492,843,1267,25,532,422,419
901,40,493,681,283,632,938,585,984,407,538,923,330,2092,843,887,992,486,368,1581,291,179,646,1576,520,947,731,36,851,379,761
902,25,776,1003,262,716,1212,1101,1160,357,598,937,299,1504,637,1179,1002,318,317,810,301,225,356,1736,502,845,573,27,441,1242,539
903,25,686,518,644,594,1406,872,764,375,1139,863,424,1185,692,817,773,393,371,352,342,133,567,1384,444,724,799,71,849,1570,1224
904,25,1101,814,583,455,480,489,1119,575,372,668,467,1809,853,602,1196,241,486,736,475,97,501,1264,858,907,1415,60,536,1236,580
905,15,1311,573,201,170,699,993,834,440,780,754,485,778,990,802,1261,484,574,1446,397,96,502,1579,756,582,1102,568,698,292,838
906,6,501,536,371,476,890,700,1821,309,535,843,472,639,932,993,1035,342,339,952,390,37,780,1550,782,636,1316,619,783,899,516
907,138,762,593,185,471,796,1080,802,224,946,994,421,1180,959,1189,911,481,411,1101,384,37,735,1146,480,476,1435,562,670,860,571
908,138,639,804,638,491,1033,939,865,201,907,1123,496,1064,662,1036,775,739,356,641,341,74,558,937,478,430,1484,306,931,1188,726
909,200,1598,356,458,430,583,824,642,297,692,1342,482,474,847,1077,1154,602,455,1450,294,68,514,789,1203,323,1094,460,565,1228,499
910,324,936,975,646,593,518,1125,1329,462,738,809,454,240,917,1044,1030,585,164,1003,354,122,445,1010,683,262,1430,551,810,995,446
911,258,929,933,570,517,465,1079,1004,763,683,812,473,495,774,761,717,247,409,1049,315,118,1008,1809,626,219,1397,841,665,783,281
912,199,1046,1319,353,391,1485,555,1303,917,539,672,386,613,780,1308,790,349,499,636,334,175,1195,1642,302,161,670,513,641,591,636
913,139,1794,1733,235,184,998,764,1187,852,304,482,326,1113,825,605,869,454,439,661,299,173,696,1071,373,909,1200,465,472,919,459
914,145,1098,398,322,230,915,349,1452,693,251,458,177,2141,1023,746,1075,431,337,689,278,276,547,697,674,892,711,433,1041,617,1904
915,204,2245,543,423,258,744,979,858,660,999,557,452,1452,358,590,631,395,437,774,299,325,538,892,830,747,1649,454,526,463,718
916,196,1181,565,564,297,785,1425,1317,493,474,679,346,2241,368,631,764,572,400,574,287,343,254,585,587,1325,1320,318,834,739,536
917,194,1110,1166,706,274,1258,1090,902,485,243,578,576,1518,589,524,1616,836,600,685,321,265,287,1005,449,1457,545,410,469,394,448
918,144,551,907,834,275,936,1810,578,434,687,1115,612,1162,640,430,1005,509,495,423,346,294,334,549,503,2312,612,343,418,626,1116
919,35,383,2384,918,172,1315,1174,571,359,554,883,654,481,571,442,2079,156,398,458,576,302,156,436,259,3728,408,285,216,358,289
920,41,496,972,1833,340,1980,1695,782,438,761,784,843,295,799,407,1176,299,279,567,426,162,1004,358,243,2521,199,370,263,379,288
921,35,334,1371,534,1026,1563,732,1093,349,1703,774,616,426,629,306,1866,664,215,861,254,154,162,458,320,3191,179,252,162,337,434
922,31,413,1527,1054,918,1570,1030,1063,237,1039,1009,595,394,410,337,1389,1015,174,1539,253,291,138,262,243,2721,196,267,216,393,276
923,56,994,1442,1039,797,1592,579,1102,223,756,653,614,411,796,295,1679,891,158,1559,287,180,146,311,284,3052,132,281,164,242,285
924,130,884,1540,968,945,1061,984,1127,222,821,943,567,488,477,293,1768,974,124,1129,238,161,155,275,294,3248,179,268,192,228,317
925,122,833,1741,1020,914,566,1200,1345,184,723,727,513,631,803,263,1930,679,68,1323,175,199,241,376,399,2804,68,228,233,250,442
926,99,715,1671,1035,817,618,1082,1386,123,1019,706,444,714,471,322,2071,760,120,1095,163,198,247,872,472,2290,183,206,185,354,562
927,89,943,1643,775,592,878,868,1568,137,689,589,415,751,773,254,2093,674,154,981,170,183,315,779,336,2297,766,190,219,356,523
928,85,981,1653,601,562,820,906,1651,99,1080,462,349,732,694,289,2108,650,147,945,151,109,325,661,398,1923,1334,177,233,294,581
929,72,853,1408,1114,548,929,1061,1094,119,1042,835,311,753,489,309,2021,486,250,987,118,95,303,593,388,2181,1279,173,278,386,525
930,55,811,1409,971,568,1066,1021,1215,113,932,815,336,897,513,751,1742,464,355,1183,102,105,197,684,330,1939,830,148,391,511,546
931,51,711,1308,548,507,1306,748,1185,149,1098,678,355,1165,927,1149,1414,306,347,1183,89,117,445,735,495,1602,716,287,499,244,636
932,33,1326,1199,718,446,1212,962,1392,326,877,397,313,1161,1172,850,1102,307,348,1069,193,113,441,885,419,1593,415,319,425,339,648
933,43,1030,1018,499,567,1404,1038,1184,303,1349,778,332,1312,562,438,725,453,316,1205,257,80,225,901,535,1885,544,312,561,510,634
934,92,1824,1037,666,505,1170,714,982,264,890,696,196,1198,726,415,797,702,338,1045,402,100,522,783,753,1305,690,209,715,673,591
935,121,1481,934,509,502,1312,756,845,145,1165,633,229,1903,811,383,957,666,209,1171,404,110,481,1006,278,1412,761,150,477,650,539
936,102,1444,812,530,492,1025,642,1784,192,783,599,203,1538,692,449,1000,496,221,999,411,66,495,856,383,1645,831,303,782,709,516
937,84,1441,871,628,387,1115,508,1372,287,964,782,199,1573,511,585,872,462,335,794,416,215,471,631,965,1515,766,268,664,925,394
938,45,1019,967,212,345,1102,809,1376,270,1022,439,322,1692,642,1190,602,547,404,1457,245,247,229,1064,530,1406,835,360,741,309,572
939,13,1276,943,377,393,1208,1015,1201,241,769,274,255,1824,920,777,644,496,319,1534,195,241,456,1187,412,1439,728,344,619,331,569
940,16,1359,655,375,278,918,609,1071,363,409,400,198,1726,687,664,963,587,169,1402,238,150,319,1559,1031,1865,772,274,723,640,580
941,23,1121,522,242,224,886,976,1767,397,695,805,251,1753,678,494,918,741,386,1256,370,242,764,917,618,1476,712,295,595,575,301
942,23,1212,1056,387,234,1466,1019,938,412,1522,1037,273,1614,385,618,403,480,390,936,289,158,538,944,737,1206,639,204,781,678,421
943,23,1271,903,406,273,655,925,1579,344,817,1431,264,1882,961,679,154,459,337,1278,257,160,661,511,491,982,936,110,709,655,887
944,19,1070,809,504,451,672,491,1404,341,680,1223,229,1571,1263,679,383,800,207,1371,183,135,238,1162,866,943,977,145,715,797,672
945,12,807,708,715,453,928,792,1207,240,766,970,178,2024,408,715,988,299,283,1115,99,105,173,1718,600,1131,1122,232,787,913,512
946,25,1184,371,245,493,735,1049,1370,324,951,576,192,1783,913,506,1042,292,341,1091,230,47,903,1345,567,1280,1035,368,787,628,327
947,23,932,457,415,524,1010,1293,1028,378,1198,733,267,1645,698,631,836,421,300,1092,284,57,769,1238,539,1168,1167,431,571,398,497
948,40,1145,946,330,268,643,927,1070,448,768,934,218,1297,929,561,641,437,349,1251,345,36,474,1114,625,986,1107,400,820,776,1115
949,142,917,1240,294,473,959,1121,1175,357,885,625,401,1107,1123,762,403,645,330,981,276,45,191,1092,452,1000,1145,402,603,1116,738
950,135,890,1409,456,512,732,910,1048,330,659,591,390,1474,883,652,780,492,404,948,422,102,422,1389,209,1124,1236,174,470,1094,663
951,134,1291,419,562,310,820,462,1087,367,784,1121,217,620,1175,634,1326,518,539,1039,325,104,1013,653,810,1225,1333,291,375,973,473
952,135,411,662,497,513,976,782,855,478,1308,1089,238,1994,825,469,1259,410,530,930,237,99,902,864,300,1073,887,355,835,719,368
953,106,751,1084,396,338,1349,1007,792,523,737,1336,322,1175,971,549,752,507,562,895,270,100,795,1093,536,972,1126,359,658,589,350
954,52,737,1043,569,250,799,359,1162,467,798,949,487,883,858,969,268,652,451,1686,221,15,366,1291,812,1223,1025,270,596,909,833
955,36,592,756,607,305,259,1331,695,538,1081,1190,462,1568,1007,641,517,640,286,1668,266,121,618,1278,540,1130,815,207,624,858,364
956,32,886,1136,285,473,895,1161,842,410,768,1267,203,647,570,770,1252,519,230,1284,254,129,341,1304,699,1090,1512,292,851,506,392
957,50,569,517,533,336,592,1409,1058,590,594,932,146,1636,832,366,1458,299,675,1198,318,129,692,1372,548,451,1358,282,921,700,439
958,244,603,1126,192,313,536,1101,1340,494,590,904,279,1428,467,721,1274,557,513,992,294,202,406,1544,548,341,1480,268,1009,732,502
959,243,1052,1001,60,236,276,1213,1416,454,939,1237,530,1059,617,1086,1121,274,395,1305,122,133,738,1309,648,515,1444,475,341,472,289
960,214,661,739,300,253,1183,561,2339,509,573,1359,671,791,788,998,824,823,294,857,247,269,354,1227,203,471,1014,424,581,805,668
961,175,545,666,463,355,1195,881,1316,386,753,967,753,1155,543,801,785,519,297,791,314,270,607,1537,758,625,912,483,926,676,546
962,6,1617,783,609,252,1119,886,692,455,670,626,403,1653,567,1056,1440,571,542,766,289,433,278,946,373,426,981,573,589,1001,398
963,14,1067,487,596,260,1973,1003,860,449,436,546,249,1073,532,1210,1952,310,718,772,447,327,687,1025,522,195,747,487,598,620,838
964,66,1362,2086,292,336,1026,871,979,465,343,702,493,1108,618,729,1075,296,441,524,458,320,548,869,447,1020,793,463,834,774,662
965,69,2630,792,429,296,296,687,763,431,1061,710,735,502,479,617,1020,946,319,858,409,282,356,558,702,1619,507,399,234,482,1812
966,65,2715,1080,758,260,443,320,941,309,950,720,801,870,598,556,1225,288,248,695,323,206,1417,720,296,1877,404,368,611,615,321
967,66,979,984,2330,162,1942,428,1241,337,733,903,479,737,630,353,1254,234,297,871,443,155,263,646,383,1964,445,245,368,595,533
968,72,817,816,965,70,2563,1390,1114,425,430,514,830,692,570,1491,1235,204,212,669,325,144,261,702,191,2677,230,232,186,713,260
969,42,437,1849,1173,123,2211,1992,778,351,274,632,842,384,1114,703,1060,119,192,641,311,368,199,629,210,3002,227,286,163,372,316
970,73,289,1416,991,908,1801,1987,751,235,416,431,944,588,1688,295,935,606,104,397,458,550,251,453,198,2768,137,247,169,428,486
971,161,308,1476,1031,585,1903,1806,437,275,325,728,976,554,1536,281,1204,554,96,481,497,512,179,435,267,2792,180,271,190,597,363
972,132,319,1523,1011,833,1745,1484,464,394,290,790,547,855,1568,381,1379,378,70,646,341,176,202,754,382,3150,184,207,164,339,292
973,101,514,1567,1069,650,1702,1610,604,267,442,1049,561,663,1579,310,960,452,50,555,253,275,270,742,404,2710,175,224,246,579,417
974,97,531,1755,1152,560,1345,1043,840,232,445,696,426,697,1651,277,1683,428,98,531,253,187,278,716,444,2762,370,226,270,471,536
975,93,579,1506,951,329,1227,1679,805,228,615,565,370,853,1806,396,1428,485,132,525,240,169,207,695,367,2710,383,218,569,445,425
976,85,865,1125,794,314,1345,1218,899,147,588,598,358,741,1949,250,1490,351,678,538,242,201,261,804,580,2502,448,257,340,437,595
977,70,747,1215,728,292,1314,1199,725,112,676,485,344,872,1883,605,1279,321,714,773,238,161,333,915,373,2672,403,260,362,388,541
978,53,599,1103,785,151,1080,1121,822,193,574,470,313,1011,2137,747,1003,530,781,814,246,130,272,866,466,2617,444,246,339,463,624
979,44,762,1415,477,301,1079,825,1383,165,1043,606,383,1113,1867,810,707,500,268,632,181,86,290,725,460,2741,590,251,429,353,514
980,36,1181,1136,1130,469,1113,884,1948,100,825,804,317,872,1237,679,627,569,261,679,226,158,321,706,435,2040,571,280,539,419,438
981,51,965,1040,927,452,946,932,1447,136,1059,611,264,1555,1555,555,482,562,400,789,313,140,457,895,672,1716,566,252,329,542,390
982,49,1135,913,707,363,1343,922,1647,282,843,453,203,1108,1417,598,479,533,323,561,325,130,399,1161,755,1861,558,175,783,775,199
983,51,1273,999,706,380,1255,724,1353,350,811,392,160,1471,1257,639,498,387,270,1068,319,80,245,1254,561,2080,693,107,618,315,684
984,69,1200,1016,688,412,872,667,1646,327,840,711,234,1647,1386,794,453,403,296,1467,297,84,199,763,627,1544,553,164,735,552,354
985,70,1195,522,611,430,1566,711,1545,334,1010,902,275,1649,1270,436,545,384,276,920,264,34,555,810,608,1589,719,363,503,203,701
986,71,1286,739,541,390,1613,1049,1307,133,874,836,463,1498,1103,485,399,604,192,583,290,124,731,1181,379,1470,662,304,664,749,280
987,125,882,805,666,129,1477,1043,1861,79,630,729,495,1195,1055,316,184,883,151,625,255,170,471,939,961,1473,1064,259,772,732,574
988,163,553,793,475,81,1247,576,1294,126,1006,662,338,1954,1113,689,621,560,266,1181,190,204,251,1179,569,1357,981,227,445,821,1078
989,161,1912,1283,734,588,1171,416,1530,298,660,552,65,1346,915,807,951,865,326,1309,142,186,58,838,774,756,463,268,355,760,511
990,166,945,720,137,515,1108,843,1436,328,1409,618,87,1722,662,368,1017,541,390,1282,223,152,802,1294,775,780,318,214,850,772,526
991,105,1102,671,406,681,1503,1017,1586,530,910,558,185,1868,832,324,840,620,330,615,256,136,575,828,711,750,553,221,540,695,1052
992,75,1067,984,534,611,956,788,975,492,777,357,223,1869,906,497,1046,447,557,1158,200,85,1019,1620,745,753,483,145,149,659,823
993,105,1200,475,490,357,769,1122,1386,485,944,599,181,1506,803,365,983,929,518,1343,192,43,784,1147,432,655,909,263,647,843,525
994,86,1001,519,415,246,1134,1113,1348,457,297,572,481,1637,970,565,472,474,484,1554,152,71,590,1414,1084,661,950,229,289,1176,559
995,68,1036,598,296,498,891,620,679,337,1320,1109,372,1743,780,704,442,529,378,1316,247,58,616,817,544,735,1182,252,860,1305,668
996,68,872,1121,438,578,950,645,1521,307,830,918,317,1314,1167,566,525,378,289,1315,299,118,527,1059,702,684,861,272,937,1141,281
997,3,678,499,160,299,1233,929,1770,183,641,924,243,1811,1109,816,223,629,408,1439,336,201,608,1026,367,740,922,334,504,919,1046
998,1,1253,711,86,399,896,702,805,147,1068,488,207,1499,842,731,529,560,295,1377,361,173,610,2114,992,1065,914,290,241,857,787
999,1,924,236,679,282,1316,1031,1276,139,687,393,133,1309,670,251,840,390,689,1284,354,173,936,1359,721,1079,852,378,1200,860,558
1000,1,1188,1106,425,279,955,1245,1827,359,838,492,251,1530,706,318,778,508,484,623,181,162,413,1471,414,1189,1213,323,499,921,301
1001,8,932,951,491,142,796,498,985,432,1105,1142,211,1145,889,619,1134,463,567,870,248,208,569,910,543,1023,1795,243,584,862,635
1002,20,693,456,543,181,403,1007,901,420,767,1096,576,1742,1282,790,1137,604,390,1216,345,46,461,1123,658,668,1318,249,360,1012,536
1003,65,1014,796,774,225,1001,1290,1507,358,360,1225,519,1192,1064,449,1295,456,528,1185,322,89,294,1244,483,532,1114,258,126,844,391
1004,65,553,852,134,821,451,786,1058,298,1161,906,414,748,913,660,1019,621,727,323,259,89,439,1731,398,761,1417,209,289,1057,1841
1005,65,310,654,413,409,848,1520,1447,238,702,739,404,1062,902,664,1113,973,896,1007,229,187,391,1940,252,457,1292,189,183,826,688
1006,58,927,361,460,562,747,1209,1490,235,419,1150,409,813,649,575,973,352,616,1019,253,175,389,1400,183,919,1496,227,447,976,1511
1007,243,330,838,351,270,1268,1023,1118,581,365,1166,203,513,716,596,1707,531,584,805,256,85,416,1259,551,859,1068,375,1241,1124,558
1008,236,1806,554,294,259,1331,925,589,990,240,770,118,371,682,1026,1806,435,354,731,202,267,273,1408,1060,1036,701,353,612,712,859
1009,208,1785,845,305,224,596,937,502,1014,557,704,432,1629,349,732,1448,316,419,756,349,277,352,840,869,925,909,311,980,751,679
1010,217,1686,1058,660,218,1048,1166,555,865,673,452,590,1215,749,617,1213,883,340,560,262,330,366,949,620,356,868,254,704,810,716
1011,48,705,631,616,132,2342,719,1312,746,835,319,464,620,420,1259,871,727,398,444,447,416,399,921,563,878,1324,285,410,649,1100
1012,25,533,807,165,137,960,603,2030,445,253,604,636,1870,702,1605,1464,684,215,483,396,271,275,756,673,800,951,346,989,744,578
1013,25,1326,1749,210,154,769,418,1184,384,1209,488,913,1287,831,758,888,227,297,495,377,317,776,733,583,1857,662,249,397,625,812
1014,40,968,714,846,142,1322,614,775,348,794,895,589,897,942,492,1345,262,224,435,533,215,1383,518,362,2159,523,677,1047,598,341
1015,86,768,827,1572,105,924,1510,779,453,410,921,611,500,777,617,1103,202,323,1023,497,187,764,752,392,3020,296,536,167,597,281
1016,160,327,609,838,491,1279,2080,710,242,515,929,925,440,1446,1295,1138,130,155,848,344,289,376,486,257,2980,211,509,235,455,301
1017,141,266,1459,1025,1351,944,1623,376,169,1045,1225,901,428,652,549,1402,146,166,658,475,304,342,462,217,3026,282,505,254,329,278
1018,223,713,1231,955,844,684,2000,300,218,703,782,862,298,995,249,1811,312,239,1149,485,326,491,630,216,3057,201,414,138,273,201
1019,153,474,1507,1003,702,557,1668,320,298,700,1040,809,769,1130,200,1596,855,214,704,344,192,222,547,279,3409,266,399,226,231,186
1020,187,913,1554,980,888,353,1189,375,353,842,1100,563,518,1038,344,1597,1058,144,526,281,152,219,603,338,3685,233,305,170,235,257
1021,166,661,1539,997,487,384,1059,504,210,976,762,548,708,1123,545,1842,807,250,798,222,214,247,846,418,3347,204,286,178,264,408
1022,124,588,1495,1009,474,419,1087,644,190,1070,1252,458,646,1131,644,1940,591,236,626,241,185,287,695,504,2912,278,358,145,278,493
1023,119,780,1214,1193,461,480,1675,645,169,883,1280,418,737,1259,405,1625,518,265,570,280,170,309,766,443,2845,327,331,186,230,417
1024,115,715,1150,985,417,685,1271,623,135,875,1301,373,729,1450,377,1633,654,167,752,227,139,231,1017,556,2773,266,272,298,300,514
1025,79,611,893,1132,280,814,1377,574,106,938,1134,377,928,1543,394,1470,589,446,840,190,136,373,913,452,2606,392,236,417,231,529
1026,82,945,1017,1037,284,882,1362,1004,150,825,1370,314,759,1106,506,1076,741,507,595,217,79,134,953,440,2708,485,276,228,406,512
1027,48,987,673,734,286,627,1215,1689,205,1256,1053,357,1085,1123,537,802,552,562,665,182,79,498,788,517,2100,409,260,476,494,741
1028,41,1024,911,797,377,977,1072,1273,199,1095,991,417,1123,1119,575,741,793,360,839,229,91,521,811,417,2138,504,183,823,191,368
1029,36,930,534,569,254,1497,773,1464,58,931,789,242,1727,1212,533,900,517,342,692,335,262,393,923,609,2301,553,136,596,456,436
1030,51,1219,670,496,168,1209,724,1105,118,1162,830,314,1385,942,517,1274,537,296,962,315,225,442,978,618,1876,828,115,645,691,288
1031,35,1314,867,472,336,1369,1004,1077,263,1209,734,286,1518,1053,572,827,500,245,887,325,188,436,951,465,1691,937,114,545,419,361
1032,49,919,511,371,359,1191,847,1486,276,1035,639,314,1752,1010,758,808,630,318,697,283,188,211,1011,626,1775,442,103,745,852,794
1033,41,1360,896,518,292,682,732,1324,299,1109,756,242,1706,752,441,1006,705,236,1046,237,245,336,1052,849,1617,804,317,570,535,295
1034,35,1360,637,302,404,759,625,1211,283,819,855,269,1548,877,603,589,787,278,1131,162,134,256,1128,703,1510,1207,457,782,372,917
1035,29,1139,914,485,313,1248,782,1304,215,1198,833,221,1381,850,664,672,685,230,1296,167,115,452,996,787,1300,790,502,638,443,351
1036,45,1151,383,231,623,1125,763,1415,173,905,881,196,1782,711,604,667,737,269,862,171,171,430,1099,845,1386,982,272,734,628,759
1037,47,1308,425,436,544,1339,936,1386,355,1120,699,212,2023,840,426,491,592,279,907,274,202,234,1188,803,1132,694,200,527,955,426
1038,47,1058,654,645,563,852,1172,1451,296,661,558,410,1953,1114,434,337,786,237,1074,252,213,642,1291,636,864,805,185,553,963,294
1039,39,854,325,522,382,510,834,1116,304,817,840,345,1663,786,704,759,611,241,1979,234,222,1035,917,977,1249,602,337,396,508,892
1040,34,1544,817,121,471,874,476,1329,223,993,1066,322,1502,452,955,869,676,275,1717,278,195,459,767,587,1340,403,328,479,885,563
1041,84,1176,745,369,336,1408,860,963,74,857,829,330,1523,821,747,597,308,145,1186,226,152,162,1079,783,1265,1098,234,1038,922,683
1042,77,826,377,578,310,1117,963,1071,196,1152,501,223,1407,916,794,585,711,355,1222,319,120,591,1075,952,1022,1322,83,645,812,678
1043,80,877,485,624,552,999,593,937,181,566,630,214,1636,744,760,1035,722,534,1289,400,85,655,1528,787,917,1089,32,812,502,735
1044,54,500,931,507,548,889,662,1288,152,992,658,252,1479,514,868,935,830,496,1412,317,97,410,1247,600,1192,850,18,848,791,663
1045,41,1195,1134,185,493,856,1388,489,305,1172,822,226,1485,529,969,862,268,354,1268,305,31,501,1319,607,1031,751,348,631,912,523
1046,35,587,928,612,390,336,1327,1272,282,514,881,94,2130,852,804,730,902,245,1162,391,38,505,1380,452,642,925,348,632,800,804
1047,32,657,1192,547,243,1286,770,737,245,1209,987,313,1434,683,781,475,696,218,731,355,54,730,1324,909,596,1264,381,754,780,617
1048,19,658,712,407,570,914,826,1528,291,1030,968,371,1501,559,718,829,570,158,737,275,63,555,1342,695,845,1638,423,677,359,762
1049,14,1377,762,554,520,994,1197,1018,239,1246,767,263,1547,888,709,678,498,318,418,371,82,333,1397,542,306,1657,390,636,593,686
1050,12,573,582,757,591,925,707,1114,221,648,920,208,1840,860,490,1422,540,516,558,351,118,225,1130,876,564,1445,341,765,958,743
1051,9,662,642,191,605,568,1185,1012,620,766,953,233,1169,1046,1113,1242,659,394,564,355,125,867,1063,786,777,1117,187,581,811,698
1052,9,445,670,367,543,513,894,842,835,521,1051,186,839,699,845,1565,220,469,551,352,81,625,2082,331,1270,979,481,572,1015,1148
1053,71,186,904,233,454,513,937,1888,831,1224,998,347,761,410,742,1078,675,524,671,534,39,636,1376,502,645,867,461,696,1132,665
1054,136,306,1291,400,451,227,395,1402,692,744,1173,448,1041,1103,491,1086,241,665,606,404,77,491,1185,883,508,1294,567,488,1132,1073
1055,136,1109,1053,562,586,587,685,1623,272,751,1171,491,434,941,426,885,774,576,646,401,97,367,1654,441,341,1244,572,550,686,939
1056,159,1650,529,312,524,1284,1049,1683,281,507,1384,467,293,350,732,582,392,591,632,394,262,282,1098,433,1062,1078,791,541,679,979
1057,184,2260,527,430,373,183,1141,545,471,1362,1031,473,1744,709,759,677,545,537,662,324,426,342,1154,301,883,548,667,412,554,776
1058,262,1524,876,381,324,468,682,1087,518,849,893,383,1761,1002,1275,593,325,494,525,455,437,334,928,504,791,696,677,615,648,693
1059,225,2451,1173,515,289,881,588,890,602,719,639,408,1383,691,744,1052,371,457,324,349,290,368,1132,394,741,1219,528,406,517,654
1060,284,926,1410,628,313,1376,733,757,484,591,826,588,980,351,687,1152,435,351,391,350,233,224,763,447,1120,1306,472,1696,599,527
1061,237,817,2115,791,430,2116,589,506,295,511,692,584,573,627,476,1308,653,428,1317,422,255,521,710,598,1426,566,251,375,486,325
1062,133,590,1425,185,452,1558,635,355,202,430,768,988,931,1223,342,1051,523,361,1833,354,133,1676,644,397,1905,462,308,299,266,571
1063,53,449,1983,196,385,1037,671,477,243,245,531,738,772,1360,436,1391,463,332,2672,333,122,1646,454,429,1894,562,247,268,375,236
1064,54,357,1510,172,954,593,1528,1570,774,265,461,722,532,1207,498,1792,258,184,1946,341,113,916,405,410,1824,369,309,299,291,346
1065,38,592,1278,1189,1499,278,1237,1879,976,388,401,724,426,707,290,1253,459,242,2398,345,169,501,325,216,1797,231,310,297,225,330
1066,120,786,1247,1288,895,626,1671,1593,817,393,454,1063,690,527,594,950,295,152,2421,411,276,294,299,229,1554,234,279,192,414,236
1067,127,842,1189,1172,405,754,1588,1616,354,373,322,886,894,440,267,1831,729,121,1843,363,253,215,437,320,2236,333,214,159,383,334
1068,120,1022,1582,1170,344,617,1556,1347,333,408,378,1198,1008,714,232,1124,1037,141,1740,302,243,219,306,323,2024,217,211,206,336,542
1069,86,682,1622,1245,260,485,1830,1562,323,745,455,730,1073,462,325,1701,1011,159,1493,210,113,237,400,444,1865,232,258,160,319,513
1070,76,866,1871,1226,243,507,1942,1454,233,438,272,872,1011,662,336,1062,1142,156,1722,192,119,207,425,408,2047,249,251,145,338,528
1071,70,930,1428,1299,225,767,1760,1444,241,638,269,774,820,931,186,2046,950,146,1332,231,117,244,319,500,1641,409,232,185,322,544
1072,62,846,1243,1388,273,845,1844,1496,208,647,318,629,960,797,327,2048,794,164,1249,168,92,252,202,373,1542,749,245,301,349,589
1073,61,874,1223,975,149,958,1944,1219,192,839,133,601,817,576,451,1892,714,212,1390,168,45,227,892,413,1624,753,256,379,387,636
1074,41,901,1026,885,225,1086,1655,1173,208,716,201,546,925,541,678,1994,767,297,1381,196,11,259,1281,485,1353,574,299,289,433,574
1075,36,1182,1364,789,380,1158,1279,1177,114,937,508,427,1099,598,464,1367,579,246,1242,227,11,220,1081,532,1823,634,275,375,269,607
1076,31,1091,1197,816,533,1686,1355,1238,169,634,1365,393,950,1025,763,1104,384,281,1035,224,8,357,576,440,1087,715,253,282,375,633
1077,23,1324,1115,720,551,1164,1149,1017,214,943,1373,357,1266,709,417,1009,430,227,1415,217,44,247,711,463,1481,430,199,772,444,569
1078,30,967,998,575,225,1240,1028,1517,159,578,1010,326,1308,899,998,912,509,274,2028,157,47,463,618,271,1494,673,195,698,106,697
1079,30,1194,1076,492,193,953,952,991,185,1145,639,379,1570,1033,488,865,474,328,1397,243,88,408,1388,417,1386,618,183,320,1060,505
1080,56,789,804,438,316,1351,687,1764,158,1219,553,441,1672,704,485,652,455,326,1353,251,191,483,1237,442,1008,647,134,703,1006,675
1081,42,1625,574,360,261,1261,762,1853,127,818,688,273,1221,772,457,918,702,399,1429,369,240,420,832,552,1121,760,148,627,888,501
1082,45,1468,647,426,490,967,626,1502,138,991,694,245,1644,693,546,934,639,418,1451,315,262,328,1293,927,1007,775,309,569,368,283
1083,36,1191,813,521,614,1141,974,1533,290,835,732,293,1639,774,518,816,380,349,1197,230,171,330,944,443,1693,871,357,759,349,207
1084,90,1274,852,563,428,926,624,1435,296,621,703,318,1663,1084,475,701,728,292,1196,200,166,214,966,994,1344,636,425,628,788,370
1085,85,1271,269,483,329,957,725,1173,235,1412,1171,354,1456,455,613,912,568,463,1616,161,133,286,831,367,1415,684,346,532,764,934
1086,85,895,762,226,246,1261,1086,1031,218,564,990,263,1707,937,607,728,242,428,1576,255,149,349,1113,652,1573,693,308,890,581,585
1087,75,1097,509,331,329,834,752,1495,239,568,1010,288,1341,715,850,821,1026,487,1662,232,114,355,876,546,1308,983,225,550,415,967
1088,186,1623,498,357,403,999,612,1083,209,1310,644,290,1938,530,862,689,513,246,1317,317,208,602,1332,625,1267,553,246,625,460,456
1089,167,725,466,669,363,1316,1313,2082,283,560,414,279,1342,929,467,814,643,354,1098,350,164,609,1363,604,1024,747,186,793,527,349
1090,159,770,300,110,248,1469,793,1970,258,419,597,223,1206,741,961,866,524,292,1246,317,162,763,933,763,1366,981,163,956,634,810
1091,120,529,1000,76,204,535,600,921,228,1358,552,390,1873,857,806,721,449,437,2044,288,123,184,1290,926,1036,1157,133,584,1118,461
1092,18,962,270,770,374,912,1028,928,262,811,946,430,1146,1061,654,696,336,573,1587,240,75,313,1298,523,1038,1016,236,459,965,1073
1093,18,539,576,354,424,1499,823,1228,217,1149,920,280,1312,882,696,938,562,573,1261,345,95,578,1225,501,865,853,215,816,753,503
1094,37,528,392,212,321,818,736,1760,263,999,1009,138,1617,931,1101,724,419,398,1417,349,74,399,673,783,893,1207,348,728,641,1085
1095,48,1423,876,458,376,1194,682,1074,431,953,1353,202,1210,891,1059,833,335,248,997,216,67,318,978,443,904,885,416,613,956,561
1096,45,1215,549,482,251,764,762,1085,455,749,985,269,953,852,891,899,476,353,928,231,140,185,1461,304,720,1596,507,947,1172,774
1097,76,602,615,564,101,787,664,795,574,1035,590,290,1581,1148,570,864,858,402,1506,257,89,308,2091,464,429,912,464,589,969,806
1098,69,899,1170,213,375,640,850,1208,566,913,802,199,1039,1051,709,615,610,703,1073,225,123,948,1768,667,423,879,449,584,710,520
1099,36,449,169,398,259,616,1017,573,598,1081,1179,203,1006,821,867,901,626,656,925,201,107,477,1799,455,641,1178,488,485,1322,1467
1100,36,477,1342,397,214,462,893,933,553,707,1037,102,988,461,582,888,557,393,1278,370,82,758,1948,678,1095,1538,363,607,630,631
1101,36,716,966,291,141,859,1426,1255,490,1046,875,108,622,532,588,848,434,375,1397,345,148,501,1708,658,974,1161,272,539,824,865
1102,36,780,670,468,171,460,737,1301,604,636,944,864,941,860,400,1050,509,186,1257,390,122,719,1402,559,729,1049,329,1146,991,690
1103,13,714,1114,289,415,786,549,879,673,822,911,864,751,820,1100,1085,698,244,738,368,246,647,1139,633,1020,1105,271,549,546,1011
1104,48,398,656,373,315,1014,810,1172,490,874,999,480,310,667,764,1720,688,505,924,332,408,661,843,736,776,1669,413,616,688,651
1105,166,797,748,396,324,771,969,566,670,757,1047,308,428,515,1232,1242,672,391,743,644,332,756,1498,728,692,1153,542,435,729,749
1106,172,2257,992,782,291,408,835,528,691,580,870,349,714,542,676,1903,377,223,1280,370,332,576,815,489,762,1090,575,413,510,598
1107,131,1082,1496,289,168,548,972,688,516,651,1010,444,1738,478,1037,1316,552,270,1082,408,293,557,751,714,395,781,597,814,651,571
1108,188,2244,1015,378,109,1175,896,649,547,706,665,593,824,403,606,1552,519,224,1158,339,207,1094,552,574,279,682,419,1394,479,530
1109,160,974,1691,181,187,743,863,3564,397,651,554,667,550,680,575,1292,461,135,838,343,193,553,468,664,560,1100,395,574,551,436
1110,110,859,1066,216,201,876,766,2087,414,904,460,712,2743,314,629,1164,636,224,837,327,184,1249,874,472,780,387,355,445,329,380
1111,122,502,1768,258,160,1929,641,2324,301,741,513,809,1904,536,496,1135,538,329,577,334,268,673,861,283,1398,353,323,332,260,332
1112,133,538,732,305,121,655,2190,1250,349,514,523,836,2270,1187,392,1153,272,402,714,465,160,1651,489,237,1560,568,287,267,218,562
1113,170,1311,728,1900,319,2073,999,733,251,302,303,839,1170,1314,349,1484,208,654,449,353,108,145,297,391,1950,178,276,550,410,786
1114,112,2426,733,2081,700,1541,840,473,309,343,270,939,591,1008,491,1162,104,308,451,393,358,157,362,268,3337,227,255,174,282,305
1115,99,1976,763,1542,463,1762,1533,339,177,512,312,818,650,1506,270,1036,109,283,867,321,315,396,312,320,2947,309,237,254,347,225
1116,137,1484,1287,1276,539,1643,707,722,446,669,554,737,658,1188,281,1731,370,439,560,257,224,96,417,356,2761,259,252,232,276,442
1117,103,1508,1044,1336,436,1610,586,685,374,778,594,543,586,1188,365,1588,1089,420,336,353,198,144,454,441,2711,258,233,247,415,377
1118,88,1374,1360,1327,565,1645,745,632,293,763,372,625,641,1181,331,1725,467,389,373,290,244,222,603,498,2822,314,239,255,283,334
1119,80,1502,1414,1276,432,1674,479,663,363,920,372,518,758,1270,335,1806,563,237,398,304,174,223,780,398,2743,180,242,198,309,389
1120,69,1559,1570,1264,417,1613,459,783,289,985,361,453,599,1271,284,1826,561,189,468,319,187,195,619,481,2650,221,238,346,238,486
1121,58,1306,1422,1311,365,1266,1378,753,235,766,375,426,888,1437,536,1695,453,216,402,314,191,237,589,533,2274,283,240,247,287,517
1122,63,945,907,973,353,1493,1678,795,184,885,456,302,908,1516,482,1644,390,230,372,284,168,248,722,549,2356,528,218,386,348,617
1123,42,1722,1124,785,359,1164,985,958,159,801,536,293,948,1365,413,1954,544,58,539,337,124,268,784,533,2348,588,174,331,315,449
1124,34,1192,1009,654,326,1833,679,1297,133,828,463,232,937,1138,486,1329,519,250,511,373,103,444,1480,531,1906,612,177,471,365,688
1125,34,1328,1309,616,191,1301,836,1142,160,1041,528,237,1372,1109,643,1441,417,317,763,315,65,308,1430,413,1632,686,230,415,245,476
1126,52,1307,974,595,162,1708,439,1253,231,814,359,359,1075,1124,630,1284,567,415,606,319,35,564,1241,406,1768,976,234,920,118,465
1127,50,1603,757,533,104,1271,1125,1245,159,1207,699,389,1363,1019,252,1132,456,358,895,248,71,347,1077,465,1615,580,155,675,522,628
1128,57,1386,656,493,154,1485,1517,1041,139,904,989,404,1253,985,386,1207,769,358,648,204,62,367,1011,405,1506,951,124,652,650,237
1129,59,1426,904,463,380,1262,1109,956,175,832,817,383,1491,842,548,1165,636,204,665,229,112,172,1156,623,1650,850,118,557,566,650
1130,41,1271,1379,318,451,1219,968,846,241,942,733,319,1144,906,856,1070,419,214,794,341,75,758,1346,912,1227,690,71,613,405,431
1131,69,1234,627,464,257,1204,1028,1235,309,812,738,261,1544,993,755,1285,575,442,787,311,78,892,895,273,1308,797,120,644,367,696
1132,62,1134,1873,618,107,1310,616,886,457,1358,839,298,1322,613,829,1049,470,464,595,201,81,39,1212,797,1380,509,197,491,747,446
1133,56,782,1116,385,205,1425,1088,1159,375,1100,706,279,1009,808,624,960,664,423,600,313,81,576,1219,630,1226,667,338,798,711,677
1134,58,1649,1120,637,247,1217,1319,1037,327,824,732,338,956,1095,567,855,431,275,685,319,19,384,1363,345,1068,904,279,523,631,796
1135,83,1380,1121,698,127,947,794,826,193,963,855,334,1664,960,402,1160,542,322,1117,322,30,282,1249,651,995,725,382,571,542,763
1136,73,1320,983,557,196,1323,805,916,169,950,901,235,1677,996,569,1168,776,420,1057,287,48,327,1267,465,1042,571,233,616,585,468
1137,61,1234,958,648,273,873,555,1367,159,953,837,398,1263,653,612,1132,528,323,1152,261,40,838,1152,1032,1162,782,198,642,434,480
1138,45,875,907,396,302,1176,967,1053,243,942,618,475,1239,709,903,935,357,402,898,365,114,920,1385,701,967,896,187,465,719,839
1139,117,823,967,510,417,803,1150,1355,145,1204,483,391,920,640,603,942,865,502,498,379,97,471,1343,381,974,1513,207,525,1227,548
1140,112,1344,930,376,171,1376,557,1293,183,913,738,430,975,842,708,1267,553,298,1268,303,83,742,1020,594,1186,914,144,304,813,563
1141,109,663,721,310,311,1480,801,1288,141,575,917,339,2080,1529,550,1461,361,168,720,265,169,283,632,690,1012,860,163,756,839,807
1142,86,989,544,494,355,980,1039,705,147,1142,767,368,1186,812,616,1099,549,336,1374,319,152,1179,1498,288,1093,1054,350,483,496,500
1143,81,560,991,384,348,518,635,1073,536,646,612,441,1378,657,951,1127,484,429,817,330,171,569,1524,861,777,1177,353,1350,723,497
1144,76,1761,1343,405,384,587,914,861,536,682,628,305,1261,689,1180,1114,420,726,732,289,166,307,932,712,737,1135,510,680,641,287
1145,66,1076,296,366,337,465,1282,1127,596,386,472,413,1105,922,796,1126,433,591,892,400,81,843,1383,409,821,1199,470,1104,451,1092
1146,57,1084,752,241,507,883,1136,620,258,1363,536,512,894,1079,604,1369,609,327,467,315,96,594,1274,426,921,1461,299,599,1058,659
1147,58,631,1236,534,311,967,1303,924,513,1000,687,468,2254,642,503,1347,366,432,784,488,148,340,1025,232,794,843,363,464,776,567
1148,80,511,557,257,135,463,825,1187,454,745,721,283,1736,704,577,1366,768,299,631,414,102,501,1035,873,953,1581,266,905,947,1124
1149,69,903,860,340,312,1052,1181,990,500,1034,756,240,1456,807,1063,1226,526,703,487,284,86,358,695,569,397,1264,290,1131,843,578
1150,186,597,556,591,467,651,557,1863,414,765,541,331,974,993,991,1037,835,380,984,221,242,886,872,519,553,1529,234,721,521,989
1151,180,1579,830,192,251,535,1034,1304,543,571,834,346,837,785,1137,995,558,533,1395,353,237,882,1513,658,390,768,235,454,607,464
1152,165,2291,705,290,202,1167,667,1870,647,620,796,366,511,515,436,1442,301,366,771,358,211,725,1401,440,522,898,224,357,877,859
1153,143,1506,513,441,155,1635,610,1744,654,229,676,424,1475,559,755,1311,293,334,1201,364,290,543,1185,601,293,891,265,444,565,901
1154,46,736,873,313,159,934,760,1744,739,1179,717,206,2143,508,524,1250,736,510,869,317,217,569,633,571,476,994,267,824,640,546
1155,63,959,498,495,202,1070,1512,1647,495,748,685,281,1239,762,417,1216,371,370,731,338,315,345,997,463,672,910,259,1184,588,1168
1156,57,1635,1743,423,201,854,859,1052,442,831,861,319,1731,1330,688,1353,292,251,785,287,296,397,873,490,736,632,226,378,417,561
1157,70,1042,1090,275,209,1756,1227,893,376,724,771,495,968,850,633,1453,275,403,536,358,200,498,790,349,2126,686,327,438,397,785
1158,84,1154,2157,621,268,898,774,741,308,609,864,756,619,896,515,1247,456,259,655,322,292,311,598,371,3232,523,222,451,313,484
1159,80,627,1519,1672,239,892,594,480,395,457,950,1598,504,583,357,2206,477,375,393,330,274,211,586,283,3191,469,199,393,319,347
1160,65,953,1228,1418,242,821,488,397,354,464,546,2164,427,1090,377,2034,379,177,455,508,239,180,581,251,3343,354,502,285,345,333
1161,186,794,1572,1168,386,365,862,328,370,478,803,2115,889,657,245,1990,277,250,262,568,211,145,395,614,3653,342,348,175,201,351
1162,267,725,1314,1032,234,315,650,310,457,364,883,2161,757,638,280,1919,570,260,238,617,482,129,471,505,3813,501,332,329,194,253
1163,348,760,1308,1038,221,303,749,429,350,333,876,2328,877,672,324,1885,348,293,264,707,405,150,550,636,3325,493,247,329,221,231
1164,372,777,1360,984,250,315,779,361,488,381,877,2313,875,691,348,1908,569,288,200,547,172,132,611,621,3222,557,206,345,217,234
1165,250,861,1428,1041,230,325,945,545,287,460,914,2259,1022,752,479,1865,465,300,254,597,207,172,707,570,2615,565,201,289,163,232
1166,102,815,1422,1050,151,364,995,523,264,478,969,2126,954,773,574,2066,475,314,262,647,156,175,919,561,2500,372,194,279,150,370
1167,78,733,1376,1088,91,410,1119,777,256,469,1049,2122,816,866,442,2224,521,184,272,448,144,135,1091,554,2402,301,191,248,240,353
1168,69,751,1486,1099,79,507,918,724,278,564,1068,1925,788,924,521,2420,390,213,296,402,91,252,1235,492,2197,274,165,260,120,492
1169,58,660,1157,1155,74,507,1095,902,215,655,777,1831,887,980,478,2531,385,285,346,346,55,189,1025,543,2225,532,132,344,183,448
1170,41,926,1194,955,188,462,995,1072,171,664,1074,1844,922,688,369,2292,549,285,391,344,66,163,1039,555,2180,530,146,255,147,493
1171,21,781,936,639,193,690,711,891,87,724,929,1660,1339,1202,491,2437,295,135,407,354,76,380,959,506,1904,449,138,803,310,553
1172,32,1202,1049,701,18,657,1840,915,84,802,850,1097,711,802,350,2314,453,172,472,320,56,274,978,412,1864,889,103,719,390,474
1173,17,805,693,748,120,493,2202,1113,97,849,833,1072,1597,822,442,1593,300,278,479,296,56,630,736,758,1572,726,315,520,139,699
1174,27,990,1140,592,119,777,1440,1082,132,821,738,1082,1737,673,701,2083,513,373,326,258,75,351,772,464,1475,370,298,598,563,430
1175,30,967,1009,458,114,574,1162,1155,90,823,650,969,1410,565,672,1546,497,311,474,234,123,766,850,761,1569,547,213,510,1306,645
1176,33,1569,935,646,244,726,1079,1129,144,729,764,662,1235,803,516,1587,761,298,1023,371,135,669,726,527,1266,676,124,369,816,438
1177,81,1309,1307,594,375,791,1030,1268,191,483,820,531,1552,619,493,1444,809,272,1547,379,93,463,1240,718,1136,491,151,242,372,199
1178,111,922,699,447,371,1174,1016,1171,188,1041,586,541,1699,791,301,1284,752,256,850,379,157,481,1302,631,1199,859,150,280,323,1039
1179,93,1394,893,403,225,729,986,867,213,1043,521,477,1370,652,566,1218,471,256,765,346,177,912,1325,429,1041,1323,142,1192,380,591
1180,139,1237,1016,621,291,1009,703,1083,285,908,705,554,1776,658,599,1001,581,261,917,291,163,379,935,610,976,812,211,643,811,825
1181,111,1198,876,339,330,886,839,1231,272,983,839,505,1758,1117,333,1248,707,159,935,326,148,641,843,659,897,864,327,727,577,325
1182,49,1426,756,430,556,1121,826,1180,311,777,738,430,1440,444,512,1298,733,313,990,325,102,569,1222,448,1063,869,321,393,890,468
1183,26,954,1582,486,635,456,767,805,484,856,498,400,1990,1018,196,983,579,426,1075,375,150,245,1393,997,828,628,287,718,680,483
1184,22,1132,931,81,459,958,775,1699,413,671,769,490,1420,783,552,1206,744,471,1449,302,93,294,1059,812,1057,331,108,338,629,952
1185,16,1147,1131,437,335,871,998,1152,355,1067,1024,492,1359,781,519,1169,297,481,1423,256,104,431,812,432,981,868,161,942,382,577
1186,8,1042,400,636,289,660,572,796,192,1129,882,430,1686,982,896,929,586,466,1426,233,114,1000,1130,713,809,858,126,678,709,623
1187,8,1090,750,371,277,1014,743,995,217,951,878,557,1819,795,1102,818,770,530,1000,199,100,423,1171,502,1018,873,136,518,836,539
1188,0,1210,755,581,230,976,925,1539,265,756,821,506,1631,723,857,857,565,500,758,192,162,665,429,491,1065,1325,92,501,940,683
1189,6,748,881,302,299,953,1001,839,276,855,584,419,1896,1076,750,870,377,632,549,321,173,333,2008,205,797,1142,279,787,927,715
1190,73,657,698,267,215,1034,662,1588,550,664,542,323,1306,377,560,1256,479,383,884,392,164,421,2258,700,943,978,483,833,688,622
1191,73,945,1157,382,333,1134,1042,554,587,1054,1052,382,1445,951,623,820,758,155,789,367,137,239,1416,724,664,947,500,773,674,323
1192,73,729,161,466,493,575,1597,1312,473,970,1336,430,1736,926,621,1030,522,169,947,267,119,1292,914,441,460,887,358,582,844,270
1193,73,499,1074,515,385,956,579,1349,492,873,1122,513,1046,1017,564,1281,738,252,572,360,123,506,684,640,742,1323,306,986,939,491
1194,45,1389,997,318,258,829,789,793,613,668,647,418,1281,977,696,964,342,704,761,290,261,745,1549,609,456,1295,354,405,771,776
1195,13,740,752,756,235,607,1409,889,785,750,772,367,1665,709,426,995,579,684,543,276,317,761,1522,449,326,1168,281,656,1121,447
1196,4,591,949,194,261,704,1156,703,974,1777,784,324,890,589,667,1164,906,344,689,213,208,650,1652,464,462,1060,404,879,823,515
1197,2,547,966,467,361,510,1970,1487,1039,979,830,244,821,548,555,1012,397,332,542,399,180,1096,951,419,480,1309,263,1222,558,514
1198,1,1103,1288,538,280,1441,950,1053,769,740,904,395,1041,475,1127,627,445,384,708,257,133,516,930,837,594,1324,263,568,632,677
1199,116,199,909,450,99,1126,1083,2138,497,417,851,453,1161,954,1195,774,546,283,1232,248,301,615,555,528,206,1268,337,689,772,998
1200,127,698,1806,239,334,727,898,1281,389,349,654,429,1404,734,848,828,375,243,813,281,268,660,1696,670,1087,881,246,614,550,871
1201,178,514,444,317,369,830,1101,817,401,1476,616,516,1836,585,685,551,263,584,743,295,131,375,1282,412,780,1001,315,879,453,2251
1202,254,2929,512,415,183,841,1127,1113,486,1029,569,358,1199,680,788,1194,372,409,614,583,126,339,812,491,653,992,227,538,553,614
1203,177,1291,719,566,142,1167,881,1165,344,774,721,334,1595,613,661,1601,425,498,744,443,216,345,855,597,821,968,325,1027,391,594
1204,159,1296,1419,496,114,1622,775,862,306,844,635,540,1445,563,792,1288,715,434,856,354,115,301,843,311,1088,931,237,572,468,619
1205,143,820,778,1121,113,994,643,568,338,428,789,1167,2090,954,307,1260,610,394,664,361,133,827,672,343,1938,642,266,424,644,569
1206,102,568,1900,821,64,856,603,415,445,459,1007,1150,1527,683,560,1311,536,408,532,268,262,276,738,1440,2309,424,270,297,345,424
1207,86,301,1689,693,128,1010,1293,366,395,223,563,1280,1305,1160,411,1909,334,257,453,342,268,163,576,475,3713,365,303,255,323,361
1208,98,313,1574,842,163,323,1228,260,349,325,895,1637,940,856,453,2148,287,394,508,353,302,194,613,881,3733,284,216,208,386,237
1209,74,589,1334,704,138,304,1111,361,255,335,858,1889,817,783,467,2280,286,460,435,492,293,129,649,713,3891,358,187,249,243,316
1210,161,543,1311,681,105,475,1102,319,193,326,822,2146,876,753,418,2041,285,371,392,526,248,194,642,686,4082,308,243,281,230,240
1211,194,617,1452,705,85,516,809,321,235,366,837,2251,881,812,476,1709,388,346,442,485,104,252,707,796,3309,440,212,337,501,415
1212,201,620,1426,704,124,536,864,303,241,373,876,2087,882,818,483,1722,403,365,594,475,97,293,794,618,3023,478,362,344,532,362
1213,168,805,1600,780,109,435,1123,565,210,650,1122,1012,1086,930,578,1914,449,359,575,443,150,281,1110,753,2028,332,234,281,401,517
1214,56,705,1692,799,95,450,1219,593,174,783,1117,608,1036,927,522,1931,500,318,516,340,135,296,1369,711,1991,658,275,272,404,508
1215,52,733,1754,817,83,682,1002,829,149,1083,1122,574,913,1061,432,2032,412,349,455,287,124,402,1312,526,1621,662,232,432,381,487
1216,46,881,1678,640,141,790,1033,1169,125,941,1157,493,927,1163,446,1940,392,279,433,285,125,391,1357,552,1545,505,260,358,411,537
1217,27,933,1396,722,135,906,1178,983,124,1305,1267,427,953,886,422,1958,465,234,596,272,100,378,1459,502,1437,453,237,327,400,518
1218,14,811,1281,578,88,1126,1178,1018,143,1115,1236,361,892,1001,505,1604,501,303,696,245,107,337,1646,491,1594,456,295,392,421,565
1219,1,1134,1101,422,85,993,1137,1023,257,944,1105,317,782,884,663,1315,467,339,778,224,65,416,1748,564,1423,846,278,451,626,612
1220,8,972,988,303,566,546,1042,1635,205,1002,957,372,1590,871,604,1125,436,379,641,221,115,440,1325,559,1380,803,260,506,567,582
1221,10,1143,1210,613,613,1401,1063,1585,139,1177,768,359,1410,862,542,700,248,377,586,200,184,339,1110,598,1550,924,241,380,189,479
1222,41,1107,832,732,461,1358,976,1321,147,867,631,249,1093,901,633,814,666,353,977,307,190,465,1082,701,1693,653,218,592,400,540
1223,43,853,970,692,126,846,1052,1647,186,956,703,247,1808,830,579,871,537,232,1371,261,161,460,1108,371,1147,601,216,890,936,300
1224,44,1565,1003,535,35,946,835,1543,124,975,661,345,1788,781,545,631,519,206,1191,311,234,160,1078,613,1317,773,212,460,866,704
1225,36,1405,953,466,303,1263,1156,1289,101,1000,691,270,1326,669,702,805,607,252,863,281,183,625,1000,707,1525,896,237,417,518,454
1226,34,1418,655,484,379,1200,973,1552,116,844,760,213,1654,757,529,858,653,321,896,306,198,461,782,724,1364,846,278,746,480,519
1227,45,1084,946,298,474,1070,1167,1930,327,983,374,319,1755,839,349,850,734,303,634,270,116,302,1292,587,1243,742,253,905,561,248
1228,49,1439,854,274,362,1394,1156,1704,304,942,478,248,1621,694,398,873,540,261,653,229,75,683,1420,445,1311,901,235,618,498,341
1229,18,1457,382,352,319,1038,635,1374,352,955,940,231,1704,733,610,860,738,206,940,353,95,480,1104,782,1066,670,267,426,677,1236
1230,18,1177,701,374,272,1346,799,1787,408,756,978,283,1497,967,479,724,769,109,807,303,127,795,1059,882,927,756,216,704,451,529
1231,17,1108,919,509,148,1058,1152,1225,320,1027,514,321,1618,1088,632,436,492,246,1295,243,100,535,1476,661,765,1108,116,718,595,558
1232,24,1237,1179,467,578,1079,1050,1292,400,1300,504,260,1443,876,396,433,389,487,1403,207,47,550,1441,805,791,784,119,463,400,596
1233,24,1019,842,479,826,1067,564,1596,576,742,801,119,956,916,533,934,810,455,1560,190,93,260,1014,773,946,822,129,848,291,815
1234,44,774,801,354,714,740,578,1508,454,805,762,168,2191,1039,428,726,669,558,1192,140,110,392,848,802,1010,712,281,701,927,572
1235,59,1071,885,373,575,709,1302,974,546,1004,763,147,1576,918,463,746,282,421,1170,201,70,557,931,633,1301,763,268,347,1336,609
1236,59,411,764,327,397,731,1279,1419,495,716,963,134,1239,707,561,655,459,437,1099,277,116,702,947,764,1186,1292,252,812,1297,503
1237,59,902,641,233,406,1330,1098,1379,216,902,916,393,1220,814,735,777,565,626,1154,380,194,765,799,624,911,1206,400,360,650,345
1238,57,946,1192,446,523,984,410,1607,226,697,794,386,1522,735,761,1174,596,435,841,348,163,609,875,489,1125,1177,403,361,869,249
1239,34,614,1056,364,451,1420,469,1022,333,901,789,549,1139,726,715,1004,373,463,1078,316,167,500,1612,287,818,999,302,626,839,1034
1240,62,850,925,324,290,1558,1180,1345,324,664,794,592,763,1144,383,844,488,358,712,401,183,836,1553,428,643,1359,274,255,1063,405
1241,113,658,393,227,192,717,1240,1381,297,396,902,370,2058,1101,480,1068,437,480,1543,363,131,426,1600,258,552,1182,361,201,1036,837
1242,108,644,582,247,412,975,808,1619,339,327,1434,382,1060,931,522,972,578,204,848,306,113,1025,1249,228,709,1268,495,911,1066,638
1243,94,547,355,253,558,871,646,1149,281,1587,1151,450,507,651,618,916,695,434,1038,267,101,982,1157,1100,604,1198,485,329,1196,780
1244,90,1421,617,342,597,790,1143,1112,337,598,949,394,1006,991,866,732,158,401,698,193,98,711,1160,697,548,1446,540,313,909,1143
1245,59,1211,735,254,322,678,1264,726,434,801,824,354,1378,750,860,1019,431,854,822,320,125,698,1072,540,282,980,664,1048,1003,492
1246,49,1002,489,220,370,782,1519,967,687,576,896,399,1424,828,514,892,308,551,660,521,109,722,910,413,672,1118,476,700,1088,1138
1247,37,171,660,706,311,1339,968,696,693,670,889,483,932,702,1055,893,366,580,660,378,119,462,1279,445,719,1082,438,1409,899,959
1248,25,575,476,411,192,2012,385,1124,544,618,769,588,1424,1040,1152,1703,309,721,885,377,252,358,722,363,566,939,350,767,732,621
1249,309,1919,653,936,138,1550,807,1000,771,701,544,388,927,696,488,1337,834,465,190,313,288,562,939,495,871,873,337,531,598,540
1250,309,676,926,898,79,703,1264,651,521,1305,834,529,1296,682,534,1078,709,379,1062,266,260,703,779,314,959,943,426,659,622,634
1251,354,1397,1043,739,106,823,1039,869,487,999,797,530,922,663,554,1105,152,364,1156,454,315,466,1049,823,781,857,417,374,474,891
1252,350,971,1130,461,261,718,918,2120,250,584,849,614,627,570,684,999,423,478,853,434,284,460,623,471,708,1443,358,1332,432,595
1253,129,2075,151,1507,231,429,788,1028,220,451,847,811,606,559,631,1151,446,476,305,380,189,1092,1816,586,1005,1155,632,361,418,525
1254,131,1399,1800,1093,227,397,671,1204,191,558,681,469,481,648,985,1500,246,259,763,382,151,303,1113,478,1943,787,378,529,474,759
1255,74,1962,974,569,558,451,624,783,310,557,519,580,582,1046,1281,1448,283,314,1266,344,136,276,483,388,3175,453,373,256,510,425
1256,92,703,1291,529,1117,1025,357,1259,418,560,849,707,659,1084,736,1285,373,369,1188,342,104,201,350,634,3316,375,289,214,342,232
1257,91,809,1709,873,608,1821,455,1084,315,632,379,751,751,1042,330,1023,332,176,1532,363,266,165,717,212,3118,283,267,241,392,263
1258,91,724,929,805,340,1487,1021,939,156,581,638,878,1640,1220,392,1752,380,178,1206,371,245,141,352,211,3221,200,241,157,219,285
1259,118,529,1450,831,389,1482,729,1021,249,578,446,727,1655,1182,583,1593,861,225,782,354,225,124,358,306,3208,173,205,173,241,203
1260,75,516,1475,825,323,1432,938,1040,179,584,569,640,1305,1116,362,1620,623,179,1323,292,120,106,304,638,3493,172,190,125,236,200
1261,67,625,1537,902,280,1273,1559,1449,185,506,431,627,1208,1203,621,1797,414,248,887,217,104,246,489,431,2682,164,179,114,129,426
1262,51,655,1742,592,276,1533,952,1584,101,519,403,561,1358,1242,467,1820,499,236,917,191,119,182,392,513,2639,203,220,486,105,442
1263,45,869,1493,541,195,1086,1622,1760,113,676,448,515,1500,1044,321,2139,374,276,767,200,113,279,417,442,2376,209,203,420,122,435
1264,44,882,2092,582,148,1283,1252,1808,123,688,554,431,1344,793,377,1911,411,165,699,226,103,199,531,504,1928,663,212,330,272,445
1265,45,805,1442,613,73,1290,1121,1392,163,696,560,411,1201,715,474,2320,547,157,751,195,58,217,636,408,1706,1523,197,293,361,630
1266,34,794,1612,594,36,1256,1349,1441,168,650,464,353,1173,859,362,1667,428,301,891,178,56,420,558,460,2181,1430,185,306,250,544
1267,29,1007,1370,598,247,1712,1068,1221,117,702,257,407,1330,792,571,1481,509,375,844,250,67,464,1368,388,1771,783,198,272,254,548
1268,38,955,1343,719,278,1609,1177,1529,116,741,352,270,1268,839,440,1420,461,253,907,248,71,258,1180,392,1505,631,234,426,762,578
1269,27,1356,1304,542,286,1385,1076,1321,247,537,498,376,1427,981,723,1126,305,285,880,239,42,333,886,426,1748,473,188,481,944,558
1270,37,1253,1152,498,522,1757,965,1245,244,1058,1013,496,1382,668,614,975,455,233,696,247,127,535,529,603,1455,705,153,215,661,507
1271,31,1036,1086,226,521,1187,873,1262,286,733,1076,443,1636,763,455,921,501,348,1331,298,185,315,545,440,1372,699,274,973,593,591
1272,29,1161,893,216,811,1353,875,1298,187,1033,687,342,1599,694,387,868,305,411,983,351,219,399,878,952,1518,574,201,488,670,618
1273,23,734,720,416,815,1531,1055,1549,276,857,242,314,1386,554,376,926,709,364,789,359,219,569,1316,593,1988,715,174,410,637,384
1274,62,1567,1149,679,654,1143,911,1013,253,566,482,258,2004,454,692,803,465,312,961,306,251,106,1528,529,1402,601,143,530,756,420
1275,65,1242,1025,442,287,1469,838,1374,339,457,762,193,1205,835,764,727,198,221,1175,223,213,390,1050,898,1780,777,209,699,556,587
1276,62,1125,829,588,247,1610,995,1424,346,1929,768,297,1919,359,580,626,333,213,1072,278,151,181,843,620,1453,770,173,325,558,326
1277,75,1001,1031,334,426,853,652,1935,382,1562,931,207,1792,391,646,802,851,305,1223,296,125,245,952,591,1177,426,419,810,365,195
1278,47,1128,598,380,338,1663,767,1454,355,1157,1097,377,1514,716,771,634,398,307,1079,282,126,603,764,563,1094,477,325,799,656,531
1279,49,1538,563,176,296,1714,882,1482,366,1100,760,316,1134,1182,817,803,491,270,1092,218,124,653,670,628,732,819,305,351,977,492
1280,45,441,322,517,354,779,827,1240,454,695,576,413,2202,808,603,902,875,236,1550,170,35,614,1739,1132,828,797,260,485,845,256
1281,124,1292,461,140,460,1249,794,1217,360,1302,661,410,1395,1064,477,550,482,269,1184,241,29,807,1337,704,778,688,404,798,853,470
1282,121,1166,1494,201,440,1224,734,1263,348,1003,602,245,1631,1530,465,626,427,296,1203,282,68,436,1225,768,496,732,467,618,586,303
1283,121,1230,671,382,364,1345,748,1220,314,992,1205,255,1170,960,573,612,331,578,1189,356,106,627,556,670,270,940,337,849,804,1225
1284,123,914,617,447,205,946,1294,660,168,1057,1289,178,1290,1132,611,448,514,483,1822,302,119,587,796,551,495,1077,251,634,1089,901
1285,123,753,623,427,369,700,1140,704,95,953,1006,238,1435,1055,976,912,767,485,1407,157,179,669,1416,354,697,990,245,486,975,664
1286,85,902,643,637,470,1545,1174,226,359,939,1254,238,1317,923,698,1011,317,580,1213,134,87,553,1560,258,692,1145,314,379,946,401
1287,79,822,234,396,157,1169,917,971,395,555,850,384,1520,1183,555,1274,271,532,1054,213,73,470,1295,316,1044,914,327,924,1300,806
1288,42,849,679,470,326,1237,948,1394,401,661,831,527,724,577,506,1172,506,484,1049,409,89,553,1640,376,1313,1110,352,492,874,409
1289,31,854,635,486,413,359,665,762,435,1039,681,605,1063,499,353,1077,255,527,1473,375,47,782,2427,959,1090,1122,323,431,645,587
1290,21,1129,1114,324,167,702,1039,1125,604,997,1081,318,198,792,363,1103,326,536,1099,449,77,488,1480,706,925,1088,372,1044,1002,331
1291,21,788,772,372,338,793,974,1731,453,728,1163,379,665,574,463,1313,572,732,981,360,171,674,1487,560,751,791,233,365,843,953
1292,17,587,1314,105,254,653,850,716,411,1517,1250,361,1304,950,895,1292,321,504,958,275,156,564,1165,1056,679,859,188,462,689,648
1293,95,653,494,548,319,371,1513,1188,667,1300,642,362,608,1482,300,1238,628,522,793,476,117,619,1381,392,502,758,436,996,540,1060
1294,125,606,716,616,112,1166,908,934,682,748,636,392,1253,918,968,1636,484,311,443,292,154,568,1501,452,839,879,444,478,821,918
1295,118,669,892,512,323,1370,673,600,591,998,779,420,697,744,755,1170,314,291,436,392,149,403,1445,406,683,2383,471,1111,641,564
1296,79,1430,941,463,318,988,679,1306,434,620,1036,277,1070,719,961,1192,357,303,388,284,135,377,1284,995,520,1814,480,462,603,485
1297,186,2179,635,336,309,723,1299,701,254,1325,1052,240,1115,535,1004,873,569,531,319,361,156,600,968,608,333,1155,466,903,532,733
1298,169,1545,361,169,187,1361,958,1550,368,788,847,380,746,595,841,1057,911,592,564,406,144,991,862,632,451,1424,487,591,498,525
1299,169,124,1009,712,412,1999,1257,1327,365,525,1028,425,2222,516,644,802,436,501,492,457,176,532,737,604,473,752,465,532,432,875
1300,235,1557,416,588,384,2776,1276,849,309,610,763,634,693,454,620,785,308,418,708,359,317,551,638,444,457,655,426,584,920,1266
1301,237,580,2007,568,341,1553,230,800,387,747,746,304,1523,228,1273,1454,293,564,1495,307,308,810,604,432,465,458,344,777,696,469
1302,148,353,1621,308,422,1365,793,1359,403,382,890,472,1370,579,708,1000,458,283,1144,393,290,1023,1271,313,1815,445,253,341,405,393
1303,150,572,1660,538,273,775,1399,1310,602,663,611,441,1139,640,581,1391,249,213,1084,353,236,221,858,386,3180,295,221,211,272,476
1304,61,619,985,1792,208,493,2292,1514,484,471,609,716,902,471,390,1058,130,367,1036,398,212,211,390,265,3497,354,347,243,248,237
1305,66,1649,890,1152,745,297,1185,728,445,462,488,898,639,1567,977,1345,131,271,275,275,409,346,452,246,3648,401,219,165,381,248
1306,90,1639,844,1085,566,331,1566,1222,337,365,556,1359,544,1760,275,1203,503,143,501,315,537,94,397,249,3345,219,253,219,300,183
1307,85,1655,1370,1115,437,367,1204,909,416,490,455,1089,530,1810,384,1530,496,181,456,247,346,186,310,371,3422,244,215,174,298,208
1308,71,1279,960,1127,644,320,1333,967,355,487,910,1430,561,1793,354,1539,385,200,300,412,240,157,363,434,3256,238,206,227,295,157
1309,54,1237,734,1200,405,407,1531,1037,348,423,862,1051,707,1875,402,1640,356,123,338,359,176,173,634,543,3065,169,213,256,336,346
1310,42,1062,612,1211,399,414,1720,813,300,488,670,1085,828,1966,362,1753,312,136,417,346,179,221,784,542,3169,204,237,158,251,319
1311,38,1081,605,1286,390,573,1596,1052,267,631,549,840,845,2027,334,2017,343,166,368,342,158,152,572,468,2944,274,218,166,271,427
1312,36,942,692,1259,304,831,1599,829,250,691,425,731,800,2134,352,1730,282,134,331,298,137,308,761,417,3186,385,204,317,218,417
1313,23,1131,628,1551,218,741,1314,653,231,664,420,636,821,2273,461,1820,590,209,455,265,46,94,834,408,2719,498,237,285,330,445
1314,12,1072,475,1083,253,659,1181,839,92,857,394,573,919,2264,570,1511,424,284,504,220,110,393,613,363,3160,588,288,324,384,591
1315,7,1181,808,787,311,946,1181,1188,139,605,927,461,1157,2531,488,1220,160,253,584,224,152,252,502,567,2616,507,238,334,330,344
1316,6,1368,476,692,284,968,994,954,117,805,1104,433,1057,2400,638,1191,314,253,546,191,140,586,546,564,2750,417,180,472,300,254
1317,47,974,912,542,125,696,952,1642,139,966,969,420,1653,1535,512,854,305,283,870,311,77,512,798,511,2707,370,114,557,492,155
1318,45,866,233,783,431,1221,844,2366,119,862,534,453,1057,1985,490,611,632,378,1061,310,79,318,846,627,1772,521,104,457,274,721
1319,45,860,451,496,383,1322,842,1534,44,958,501,484,1581,1545,530,445,296,461,807,301,41,389,1311,628,2376,343,177,720,423,706
1320,45,1762,399,639,454,875,766,1356,20,829,677,255,1503,1324,394,956,791,447,733,337,112,464,1209,481,1570,828,171,772,511,320
1321,81,1281,576,650,291,1143,514,1457,22,1010,898,293,1710,1239,431,998,515,268,452,339,110,670,897,680,1489,1203,332,637,409,405
1322,144,1278,539,326,167,1216,969,1597,142,909,967,272,1973,1240,747,750,404,198,986,288,88,428,638,377,1277,1035,326,703,620,396
1323,137,1845,686,330,387,1136,884,1375,150,1167,713,304,1959,1224,609,486,475,158,776,222,203,294,1190,289,1253,608,294,604,549,693
1324,163,1407,865,326,406,725,759,1455,186,959,871,129,1463,919,626,704,799,210,1266,305,200,677,1022,767,1240,746,246,651,529,379
1325,148,1357,1188,334,888,839,366,868,466,632,632,107,1708,1052,460,814,787,449,930,291,207,411,1459,1175,877,495,251,838,667,304
1326,152,1200,296,380,741,762,756,1580,459,569,750,257,1433,1167,590,724,657,441,920,247,162,275,1019,701,870,629,183,737,897,1446
1327,94,851,814,310,544,1298,1429,1622,483,1117,543,295,1195,995,223,518,618,492,889,261,143,685,1202,444,1038,726,190,727,511,743
1328,59,785,522,115,268,1015,1182,1413,443,648,749,227,2049,918,684,422,424,436,1084,207,131,576,964,398,1385,1001,199,988,400,1308
1329,27,1245,686,612,172,1172,705,1394,358,707,935,250,1343,821,313,796,778,316,1280,165,197,893,762,1014,1413,1087,298,403,270,588
1330,83,633,644,274,251,1211,678,1367,296,1235,819,421,2339,943,303,1092,493,342,1574,203,166,489,924,579,1075,645,437,380,617,487
1331,79,1293,1052,331,175,700,829,1554,214,734,698,501,1874,1123,494,810,564,533,1260,259,172,553,1229,340,814,771,336,313,1064,331
1332,103,1629,663,452,367,665,1159,804,258,606,873,356,1469,1123,419,899,510,372,1042,286,170,304,1520,690,631,944,336,800,1214,336
1333,69,1285,494,709,564,884,829,985,113,914,775,475,1644,736,597,836,528,419,484,203,200,409,1213,478,500,1581,262,846,1233,735
1334,62,1097,53,366,604,676,527,1453,282,838,879,496,1732,1077,777,689,564,524,1425,196,137,878,1121,1015,278,1134,119,497,978,526
1335,90,537,297,739,587,992,702,1295,316,1320,1257,389,1626,982,472,534,1127,509,1429,133,87,521,653,557,525,914,267,1102,522,519
1336,85,1099,556,641,630,2150,578,1114,369,839,882,282,1493,1136,723,646,251,411,697,143,86,205,1347,614,614,806,269,453,1503,378
1337,97,1076,512,239,675,1247,1122,1086,374,724,806,214,1409,975,409,507,387,402,1236,104,57,807,1673,463,1000,855,310,930,821,483
1338,97,917,487,403,514,1113,1097,1075,713,630,992,385,1213,1062,444,380,287,513,1661,203,0,561,1519,419,958,817,238,504,1126,672
1339,100,989,391,455,542,890,564,830,692,612,1095,488,1007,1158,1091,898,415,372,1426,166,0,391,1527,362,585,1531,463,499,788,673
1340,54,272,516,437,476,745,588,1048,432,751,1125,413,1182,834,928,1020,498,643,1409,243,0,635,1166,284,960,2015,355,837,504,630
1341,38,854,748,399,418,421,1023,1047,686,1002,753,557,428,599,523,1099,149,873,998,562,65,831,1351,520,999,2040,423,443,849,302
1342,36,464,711,590,548,885,1829,788,677,905,735,489,704,908,441,803,363,239,643,559,134,840,1206,381,1412,1404,526,808,625,347
1343,37,1143,494,196,354,1131,1835,544,653,403,1074,507,388,455,669,1032,414,322,661,527,290,649,1089,1009,1416,1196,728,502,851,431
1344,190,404,737,322,455,356,853,466,827,743,685,551,589,847,855,1989,687,315,395,322,376,853,1063,920,1001,1074,694,1217,800,414
1345,189,1340,1575,361,339,291,673,512,510,734,627,498,502,962,424,1712,389,411,507,672,251,564,886,704,883,1300,695,922,583,984
1346,236,1047,1249,431,108,863,698,1085,540,335,625,395,345,751,638,1892,424,411,517,493,295,547,807,427,1065,1293,642,475,631,1735
1347,237,1629,2765,415,262,437,310,928,578,500,371,549,333,627,953,1156,397,277,269,296,401,528,1316,417,936,670,574,937,961,971
1348,95,1186,2117,525,177,464,483,794,380,384,559,594,1610,620,1096,1225,452,420,608,264,266,393,1079,497,319,749,428,442,494,2280
1349,134,2137,627,174,315,950,866,2027,538,366,590,678,536,571,1304,915,613,580,651,402,232,1990,756,416,471,385,352,440,436,548
1350,75,885,1378,178,304,2439,752,1490,387,471,838,706,2940,590,486,985,399,207,544,465,224,393,684,333,719,305,330,231,536,726
1351,73,222,773,370,235,1411,633,3826,479,486,604,734,1560,455,1049,1017,208,189,1165,325,165,767,516,278,1107,605,363,301,507,577
1352,75,210,791,2099,166,980,1621,1899,330,1491,521,630,1129,701,661,1254,173,158,1402,332,144,398,474,320,1421,277,322,307,486,228
1353,71,1497,542,1465,356,798,1062,1506,372,985,839,788,793,773,980,1194,191,168,1068,312,117,289,571,626,2085,478,223,197,359,295
1354,67,2007,540,492,896,350,1887,1715,291,1517,697,734,486,632,395,997,181,169,1271,324,206,318,350,252,2743,245,227,303,431,277
1355,56,1983,1060,655,1117,334,1268,1056,384,1037,559,752,542,1113,391,1214,423,143,1118,416,148,338,630,311,2615,226,333,202,320,256
1356,29,1437,1060,637,482,300,1389,1128,245,973,359,737,858,1123,390,1458,1014,197,1449,302,246,230,491,337,2968,192,217,165,329,258
1357,18,1636,1181,595,391,666,1641,1329,211,1207,508,582,783,1078,353,1253,781,106,781,246,201,266,513,478,2569,222,241,306,457,401
1358,12,1724,960,721,381,543,1761,1532,218,1110,373,531,882,1129,342,1823,681,62,701,212,157,357,419,427,2329,296,238,269,381,429
1359,12,1827,1423,616,406,743,1830,1517,252,1137,350,503,938,1217,251,1733,668,102,641,208,137,222,436,448,1916,246,225,247,397,352
1360,6,1515,1116,560,391,759,2067,1714,196,957,281,473,1028,787,646,2235,604,150,544,200,121,266,451,272,2120,193,288,244,336,480
1361,19,1251,815,532,284,872,2016,1437,131,912,435,437,992,872,638,2201,533,183,676,243,52,335,810,420,1548,989,270,270,318,509
1362,21,1175,700,719,174,873,1871,1210,87,921,295,406,970,857,534,2078,632,158,794,244,42,290,1055,432,1743,1076,271,446,407,519
1363,31,1135,1137,453,175,997,2134,1346,94,848,388,469,1161,1058,797,1596,506,148,547,121,29,178,758,571,1766,933,238,410,467,509
1364,36,1132,795,354,336,1269,1482,1024,160,1212,803,406,1218,680,476,1971,588,321,841,229,65,503,783,485,1677,550,256,441,443,464
1365,39,1269,655,487,525,1129,1645,1484,173,746,1135,459,1379,708,448,1262,394,397,726,279,85,601,792,601,1222,607,208,409,662,474
1366,25,1368,583,361,276,753,1376,1285,280,957,1151,344,1091,771,516,1117,458,473,1107,276,66,661,646,411,1779,605,153,547,935,629
1367,27,1112,778,149,265,897,1334,945,244,1066,745,249,1681,839,843,1124,420,306,1748,254,144,183,1145,773,1179,529,239,457,749,576
1368,11,1190,346,359,520,1041,1154,886,189,1310,435,298,1359,909,608,856,824,313,1391,238,125,533,1422,647,1392,606,336,548,751,403
1369,41,1374,298,397,556,1196,860,1313,313,921,853,387,1635,1054,409,806,828,288,817,275,87,561,1129,527,1246,572,359,578,741,579
1370,43,1181,910,242,664,1428,1231,1365,222,591,930,255,1616,808,395,755,431,354,596,319,197,425,1253,428,1492,988,266,732,598,285
1371,78,1656,703,183,599,1463,645,1034,240,1213,1100,253,1342,936,518,750,568,333,405,350,204,629,1137,880,1266,963,298,345,519,390
1372,75,1436,1059,371,520,991,727,991,301,839,839,237,2213,1056,400,618,739,328,977,265,168,450,782,464,1288,782,379,842,434,429
1373,92,1311,574,320,393,965,1076,1466,339,585,894,255,1698,705,682,824,546,408,1179,177,87,796,843,1130,1265,886,225,641,523,115
1374,84,1185,538,436,495,1108,853,1829,310,934,703,280,1727,704,678,687,592,309,1395,291,50,265,800,620,1213,797,326,540,693,558
1375,63,1610,486,349,346,1233,925,1213,392,910,574,220,1806,778,770,736,643,307,1293,245,42,645,1072,463,1133,793,337,673,498,445
1376,102,1245,760,129,281,973,956,1579,502,509,769,277,1880,695,528,635,599,297,1056,263,144,129,1531,1159,1256,678,243,442,1021,362
1377,92,1435,482,280,579,1436,995,1293,454,928,604,308,1482,759,441,759,593,390,868,194,127,516,1230,774,1155,734,230,527,930,405
1378,109,683,799,664,629,919,746,1192,314,788,639,338,1815,967,417,635,670,394,1206,247,119,406,962,663,1272,969,143,810,750,735
1379,128,652,500,674,585,983,901,1420,215,579,726,416,1293,1047,344,806,611,372,1223,231,165,1289,1329,670,1005,941,192,599,675,429
1380,126,965,798,191,515,1252,1003,446,449,1185,796,405,1069,937,876,655,520,337,1288,226,124,579,1486,539,1271,980,164,513,617,688
1381,100,670,529,452,427,1485,949,959,333,868,772,245,1435,533,1400,803,537,406,755,233,90,805,1382,572,1391,1105,161,373,761,469
1382,52,805,837,668,361,711,515,1456,305,431,748,310,1644,584,914,1058,581,510,1097,281,121,764,1441,551,803,956,274,1008,664,550
1383,108,1078,751,326,175,955,761,1335,410,907,1077,354,1188,866,326,1231,490,274,1062,314,143,397,1087,524,1001,1064,248,649,1313,586
1384,82,874,891,342,375,1108,1114,911,233,544,1111,388,1557,1432,432,1191,325,127,998,263,108,283,832,534,1163,1328,319,403,1182,550
1385,57,524,316,246,409,395,864,932,211,807,644,424,1214,1261,793,1019,260,308,1145,341,195,1022,1502,671,1070,1444,548,1087,816,475
1386,57,604,853,667,563,880,1183,1104,290,707,798,424,1223,1010,674,775,189,389,851,348,197,626,906,589,1432,1275,591,481,546,768
1387,79,454,559,564,303,796,892,1285,698,809,677,498,1325,872,895,1166,702,351,736,292,189,332,1021,609,1281,1061,387,571,858,738
1388,63,804,718,582,261,549,656,595,802,1678,1104,335,1244,694,523,1347,500,382,668,460,123,764,1562,845,515,937,375,613,837,464
1389,35,848,475,320,506,926,638,705,771,1037,996,265,1215,763,916,1318,493,449,455,362,72,461,1637,694,541,970,333,811,1158,830
1390,32,719,847,524,332,494,986,878,920,847,920,385,660,649,715,1005,519,847,945,231,181,747,1146,461,492,922,391,1403,859,943
1391,29,700,1050,377,89,538,1118,1006,436,445,1124,328,990,485,1029,1404,494,912,810,266,172,1023,1144,252,727,1848,440,464,668,632
