time_step,172,925,1232,873,856,973,1140,794,464,834,402,1478,928,702,1004,1399,1058,525,850,1213,200,1105,579,1011,783,714,1412,967,1067,1187
0,20,20,20,20,20,20,20,20,20,20,20,20,20,20,20,20,20,20,20,20,20,20,20,20,20,20,20,20,20,20
1,9,5,20,4,2,5,19,30,28,14,54,17,20,28,24,65,5,29,40,22,23,9,31,8,9,28,21,5,20,6
2,10,14,21,10,7,13,32,12,39,24,69,23,25,13,42,17,2,25,35,14,22,14,14,10,16,15,15,15,20,12
3,12,17,20,10,8,0,19,5,45,24,32,34,1,31,22,63,3,37,36,33,27,14,20,2,15,22,16,10,14,8
4,17,48,14,5,13,16,9,40,32,38,32,15,0,29,47,19,15,6,24,39,37,4,5,20,6,35,2,2,30,1
5,8,1,10,57,8,1,8,40,40,88,28,12,63,9,20,26,1,5,25,19,29,3,10,2,10,23,11,18,25,0
6,6,2,16,88,1,11,25,9,24,1,28,18,5,34,21,44,22,3,36,7,46,2,31,25,3,3,19,67,1,2
7,6,20,8,83,9,12,14,29,22,20,27,12,9,27,1,3,1,31,3,30,66,16,19,8,8,43,35,7,29,2
8,10,3,19,19,30,0,1,6,22,7,7,9,6,8,24,10,8,18,5,38,64,2,48,5,79,41,28,39,25,19
9,14,10,24,11,8,23,2,5,8,2,17,35,49,11,35,19,9,65,27,23,24,2,17,26,20,57,9,19,24,5
10,14,52,5,1,9,0,1,17,45,31,35,71,48,14,3,30,9,14,16,3,22,0,10,3,67,39,6,2,26,7
11,15,14,49,5,2,41,31,0,28,8,12,26,7,25,49,7,6,25,32,0,14,0,18,21,27,15,23,49,14,37
12,10,11,54,1,30,18,3,13,32,29,26,5,29,23,4,6,22,18,8,27,14,0,19,31,112,13,9,22,3,8
13,6,31,15,3,19,15,25,13,13,3,10,2,64,10,4,16,5,15,15,20,32,0,17,6,118,8,5,23,21,66
14,4,14,21,9,19,16,6,22,19,6,11,17,12,16,16,16,31,24,22,43,23,7,32,5,70,10,2,8,21,78
15,4,21,16,7,10,16,26,33,31,6,22,17,4,17,24,16,23,35,22,45,9,7,33,3,30,10,8,36,21,48
16,4,20,18,10,2,4,23,32,21,6,28,16,11,14,36,50,35,20,46,11,9,0,5,15,59,35,8,36,24,2
17,2,34,19,7,2,18,11,15,20,18,26,15,11,9,23,57,49,19,24,7,4,6,15,48,69,45,7,14,1,5
18,4,16,1,54,4,54,26,13,18,25,26,0,11,2,9,57,28,8,40,7,2,9,59,69,8,28,4,14,1,3
19,4,0,0,42,2,11,22,29,16,18,12,12,56,2,54,38,28,15,21,6,2,17,62,49,0,23,12,25,6,16
20,6,0,0,6,6,7,22,20,15,30,1,12,27,1,82,18,13,24,9,26,2,17,71,10,24,25,11,25,5,85
21,10,2,77,20,3,12,11,0,10,26,1,13,14,2,46,19,24,19,18,26,1,11,50,12,60,27,11,50,7,18
22,10,2,54,15,3,41,4,0,20,15,1,0,32,2,61,28,0,19,9,26,0,10,21,34,72,29,2,40,16,34
23,9,13,53,13,5,41,4,0,20,0,21,0,33,41,32,13,15,4,4,26,0,7,21,31,49,16,2,24,32,71
24,6,2,33,26,4,74,4,3,22,13,60,0,41,45,5,23,23,3,4,0,0,7,15,29,40,16,1,24,25,52
25,6,2,48,61,8,51,0,3,18,1,59,0,31,58,5,16,17,0,5,1,0,3,38,9,30,0,0,43,25,62
26,2,38,54,34,17,39,4,32,5,1,40,0,10,23,72,10,14,31,5,1,0,3,36,3,35,5,0,39,13,34
27,0,38,7,10,14,5,18,32,5,0,58,2,11,13,70,10,3,52,29,1,0,0,17,11,19,5,0,39,47,84
28,0,65,7,1,14,0,12,17,0,2,33,36,5,72,34,3,3,39,29,11,0,0,22,19,36,9,0,59,47,25
29,0,65,0,0,48,12,7,28,0,12,33,36,5,15,25,3,3,21,21,11,0,0,22,8,111,32,0,51,31,0
30,4,2,0,0,48,12,6,5,0,12,22,36,5,20,25,29,3,51,82,10,3,0,1,26,104,27,0,36,31,0
31,4,2,5,0,48,12,6,1,0,0,73,37,0,20,0,29,31,51,81,10,3,0,21,26,53,40,0,16,31,0
32,25,4,2,8,0,49,0,41,14,6,92,19,53,20,0,26,35,29,58,5,3,0,21,7,38,4,0,41,0,0
33,40,3,0,1,0,43,13,8,14,38,77,5,53,18,12,12,6,21,58,2,3,40,21,3,10,4,0,63,6,26
34,40,3,0,0,0,60,11,0,17,4,68,1,65,33,29,12,15,5,58,2,0,40,22,11,8,4,0,60,2,30
35,36,27,62,10,8,90,11,0,9,48,24,1,12,19,31,12,9,7,42,0,0,0,3,4,8,0,0,67,2,58
36,39,27,10,6,8,34,53,0,10,43,13,0,12,19,23,1,9,4,35,20,0,11,3,4,8,32,26,39,0,111
37,29,15,16,0,16,34,38,43,2,5,13,3,6,50,4,27,5,4,0,28,0,15,3,0,0,32,60,17,23,112
38,29,53,16,0,9,34,1,43,2,6,13,3,6,49,3,38,103,9,0,28,0,15,2,31,0,1,60,17,28,1
39,2,29,10,51,8,0,1,10,3,6,0,11,107,1,19,47,2,58,15,12,0,9,0,46,0,14,66,0,38,35
40,4,35,7,43,6,59,20,7,3,22,0,11,101,7,21,32,0,47,19,12,0,9,10,15,0,13,55,0,10,32
41,4,6,16,55,10,15,20,7,23,37,0,8,79,38,23,66,83,0,7,27,0,0,0,0,31,26,4,0,10,5
42,4,6,3,12,11,15,2,8,23,36,0,7,58,36,55,66,83,0,7,27,0,0,0,0,42,26,43,8,9,13
43,4,19,16,13,10,10,7,15,22,23,8,49,8,25,4,53,9,0,7,25,0,0,0,9,87,13,43,25,83,13
44,4,41,0,0,10,16,4,15,26,6,8,49,8,13,4,70,12,0,0,25,0,0,12,5,87,7,52,31,79,16
45,2,53,4,15,46,16,0,0,12,6,8,42,36,2,4,29,2,0,5,45,0,0,23,4,79,7,10,19,113,18
46,0,39,0,14,41,16,0,0,12,2,8,60,36,3,0,29,90,0,11,45,0,0,40,4,79,12,10,2,34,13
47,0,0,50,0,41,13,0,0,12,39,2,25,29,3,31,29,97,13,7,83,0,4,28,0,24,12,0,32,26,0
48,0,0,39,40,21,10,0,0,2,40,2,56,46,1,46,7,31,13,35,67,0,4,0,36,24,2,0,17,32,29
49,0,0,20,35,47,10,79,0,2,49,2,24,10,0,22,7,53,13,39,32,0,0,0,36,0,60,0,15,6,39
50,0,0,5,61,41,10,79,27,23,23,2,24,10,12,5,13,34,13,32,48,1,0,0,0,0,58,0,0,6,73
51,0,0,5,34,15,0,79,27,21,23,2,9,0,17,18,6,43,23,24,43,1,22,0,0,0,60,26,10,32,60
52,0,21,26,8,15,60,24,27,0,0,2,9,6,26,29,6,11,10,79,51,1,22,61,7,12,2,26,1,26,32
53,0,21,26,0,37,53,24,0,18,0,2,7,6,26,49,0,11,10,70,53,1,29,61,13,12,1,26,0,8,36
54,0,0,0,0,22,64,0,0,18,35,0,7,25,0,20,0,21,62,94,20,1,44,69,34,14,1,2,13,0,34
55,0,0,0,0,22,12,87,0,62,62,0,25,25,0,20,0,21,36,24,4,0,17,63,34,34,1,2,6,34,9
56,0,0,20,34,18,12,99,2,66,18,0,27,65,0,0,0,0,36,32,16,0,0,55,0,19,17,2,31,22,9
57,0,0,20,91,36,31,59,1,75,18,7,36,65,0,31,0,0,6,8,14,0,2,28,0,2,17,0,31,22,0
58,0,0,20,78,18,24,8,1,55,13,23,43,87,0,49,0,24,6,8,20,38,2,12,0,2,17,0,1,51,0
59,0,0,20,65,18,1,8,1,57,30,18,40,22,0,62,79,24,0,12,33,38,2,0,0,8,6,0,5,51,0
60,0,0,0,22,17,1,0,0,46,0,18,31,0,1,13,79,0,0,32,35,38,0,8,0,71,69,9,35,51,24
61,18,0,0,22,11,1,0,43,8,12,0,30,0,1,14,77,0,0,9,22,38,0,0,41,71,44,9,58,57,14
62,18,1,0,19,8,1,7,43,8,76,36,30,41,18,1,15,2,1,0,20,2,3,27,0,71,46,9,78,10,9
63,18,1,0,0,8,0,7,43,6,31,36,42,44,7,56,6,2,1,0,2,1,3,88,41,71,46,12,19,0,9
64,18,0,41,0,46,0,56,32,0,0,36,18,3,74,60,6,2,0,24,2,1,12,88,50,1,0,3,19,8,0
65,14,0,41,0,64,0,39,8,0,17,38,18,29,2,59,6,72,4,24,0,1,12,89,32,1,0,3,0,27,0
66,14,32,41,10,64,0,39,15,0,10,37,20,32,2,84,3,73,4,24,0,1,9,52,0,1,3,3,0,27,0
67,0,0,30,11,18,19,9,90,8,42,13,56,32,24,37,11,9,18,36,0,52,0,5,11,0,3,3,0,63,0
68,0,0,0,11,18,19,9,95,8,1,0,56,0,24,37,11,38,18,67,0,51,11,21,11,41,0,3,0,47,3
69,0,0,15,11,0,0,9,5,8,3,0,44,82,37,51,11,0,24,63,0,51,49,21,12,28,0,0,0,73,3
70,0,1,61,0,0,4,9,5,8,3,24,44,87,16,38,35,5,20,17,10,51,49,5,12,28,0,0,0,65,3
71,0,5,50,0,0,4,0,4,10,8,39,44,81,16,30,35,5,6,0,10,51,0,11,67,45,13,41,0,24,1
72,0,5,26,0,0,85,0,12,10,0,39,12,0,18,24,11,2,6,24,10,21,44,6,84,19,32,49,50,10,1
73,0,16,32,0,0,11,0,18,20,0,39,11,3,71,24,1,11,0,41,10,0,44,6,38,17,24,102,50,10,1
74,0,11,32,10,0,4,16,0,20,1,39,11,0,65,27,0,11,0,23,30,0,0,6,31,73,24,109,2,55,0
75,0,33,2,20,0,3,16,0,6,1,26,15,0,55,28,0,33,0,21,20,3,1,0,58,72,11,119,2,55,0
76,0,22,2,1,11,47,16,0,5,11,22,9,21,62,43,0,13,0,0,20,3,21,0,71,83,43,74,0,0,0
77,0,0,2,13,11,47,61,1,5,11,149,9,21,7,20,0,35,0,0,20,3,20,0,27,11,43,61,0,0,23
78,0,0,2,13,16,48,45,1,5,11,149,9,22,7,20,1,35,0,16,20,3,20,0,26,11,30,61,0,7,22
79,0,0,0,33,16,105,0,0,5,11,165,18,22,0,0,1,25,0,35,0,3,20,0,0,0,51,16,0,7,67
80,0,37,0,33,9,22,0,0,0,4,87,14,1,22,0,79,25,3,55,0,19,63,3,0,0,56,16,0,7,45
81,0,35,35,0,9,66,0,0,0,25,82,9,1,0,5,79,5,3,20,33,19,32,3,0,22,56,16,0,0,45
82,0,35,35,0,0,67,0,0,0,36,16,9,0,50,0,79,5,3,20,33,19,32,3,43,22,64,16,0,13,0
83,0,35,6,0,0,35,61,20,0,78,0,9,0,8,0,18,92,3,0,45,19,0,5,37,36,64,16,0,13,0
84,0,35,6,0,0,71,25,0,0,78,0,8,17,6,6,1,92,0,0,45,0,0,5,32,63,80,8,9,13,0
85,0,0,6,36,30,54,63,0,0,2,24,75,17,1,18,20,11,0,0,45,0,1,53,32,27,60,0,0,0,25
86,0,0,0,30,30,47,74,0,0,0,24,118,37,0,31,20,0,2,41,12,0,21,40,2,27,19,0,0,0,25
87,0,0,0,22,42,35,23,21,0,23,24,110,60,36,8,20,0,2,41,24,0,20,40,0,27,0,0,8,0,14
88,0,22,0,55,42,7,23,0,0,11,24,82,60,36,35,33,0,2,18,12,0,20,40,21,0,23,0,20,0,14
89,0,26,4,125,12,19,23,0,30,11,0,17,23,36,13,13,0,24,0,12,3,4,40,21,51,39,25,9,0,20
90,28,51,4,125,15,19,0,0,62,11,0,17,3,44,13,13,0,37,0,12,3,12,0,0,51,15,25,9,0,31
91,28,40,4,144,23,13,0,0,62,0,0,16,3,8,13,0,0,49,0,12,3,40,0,0,51,15,25,9,0,42
92,28,33,4,15,13,13,0,0,32,4,7,23,5,52,0,0,0,44,0,0,47,36,0,0,0,50,25,139,8,22
93,28,1,5,28,12,1,1,1,1,4,22,18,10,47,0,0,0,44,32,0,46,36,0,0,1,160,25,14,41,22
94,28,0,1,26,0,48,1,1,37,32,26,7,10,23,15,0,0,4,32,11,47,0,0,0,1,181,0,33,33,3
95,28,1,8,25,0,48,12,22,36,32,4,0,10,19,7,0,132,0,48,11,45,5,2,1,1,49,0,19,34,1
96,3,0,7,0,0,35,19,22,36,21,13,0,1,17,25,38,139,0,16,11,55,5,34,39,5,54,0,0,1,4
97,0,0,7,4,35,0,15,0,36,35,16,0,23,17,33,38,143,0,16,0,17,3,34,93,4,8,0,5,14,4
98,0,9,7,4,35,0,1,0,36,49,33,0,23,17,21,38,95,12,0,0,12,3,38,75,0,24,0,5,60,3
99,0,9,3,51,35,0,0,0,0,49,94,1,38,0,8,38,12,25,75,0,11,0,30,17,0,16,0,5,80,3
100,0,4,13,31,16,0,0,15,0,57,116,6,16,0,0,2,0,25,75,0,6,0,63,17,0,26,22,25,65,0
101,1,1,0,31,16,4,0,37,0,18,114,11,16,0,30,2,0,25,75,0,45,0,33,0,0,4,22,33,65,17
102,1,1,0,53,1,7,0,16,0,1,112,11,2,0,29,44,21,40,18,0,40,5,33,0,0,102,18,10,8,27
103,1,1,10,37,10,4,0,16,0,1,33,11,2,17,29,44,80,15,18,14,45,0,0,0,25,94,0,1,13,79
104,1,1,14,0,10,4,70,67,0,62,3,1,2,15,29,23,69,15,2,14,45,21,17,0,8,43,0,0,12,52
105,1,1,66,1,10,4,57,47,0,75,47,1,0,30,2,23,13,0,2,14,33,41,17,67,8,27,0,0,12,1
106,1,6,53,1,10,57,0,30,0,75,51,17,13,2,46,0,13,0,2,0,10,79,36,50,0,27,7,8,5,1
107,4,79,53,0,0,52,0,0,0,1,48,17,13,4,131,0,0,0,6,0,6,33,59,0,1,0,7,50,5,31
108,3,68,18,0,0,65,11,0,0,1,21,19,0,119,49,35,0,1,22,0,0,12,52,3,1,0,7,33,29,31
109,3,36,0,0,0,11,11,0,0,18,6,19,0,117,49,53,0,2,15,0,0,64,115,3,1,0,7,15,55,0
110,4,35,0,6,0,18,0,0,0,18,7,12,0,115,52,38,3,1,15,0,0,64,80,0,35,10,15,15,49,8
111,1,19,0,6,0,18,0,0,0,0,7,12,0,0,52,5,23,4,63,0,0,50,29,148,86,10,15,0,29,23
112,1,0,0,6,0,15,0,3,0,0,7,12,10,3,19,0,13,4,63,0,0,66,29,153,86,43,15,0,29,23
113,1,0,10,21,0,0,28,20,0,0,2,12,10,3,1,0,0,3,64,0,0,35,10,158,70,51,0,35,12,54
114,0,83,43,15,0,0,63,20,0,84,2,72,2,3,22,3,0,3,41,0,0,19,10,4,3,51,0,11,12,34
115,0,55,25,68,37,0,58,17,13,17,0,71,2,11,26,3,18,0,41,0,0,19,12,4,1,41,0,11,0,50
116,0,10,25,45,82,51,7,32,13,17,12,71,2,9,51,3,18,0,1,0,0,33,12,4,10,41,0,10,0,41
117,0,0,25,54,82,51,7,46,32,7,22,71,0,41,64,3,21,0,1,4,0,14,2,2,9,0,0,0,0,42
118,0,0,0,54,67,64,5,46,32,7,22,0,0,41,52,0,48,0,1,16,0,39,0,2,9,0,0,74,17,4
119,0,0,0,25,2,2,62,46,32,44,22,0,67,44,20,0,48,0,1,16,0,14,3,0,9,0,0,125,17,1
120,0,0,9,25,2,0,64,44,19,0,0,0,59,88,62,45,1,0,1,45,0,35,3,0,0,22,0,51,17,8
121,0,0,9,64,2,0,61,45,0,0,6,0,39,82,63,45,0,18,1,29,0,35,3,0,0,22,0,51,17,8
122,0,56,9,39,2,0,5,63,0,3,7,0,71,40,1,41,70,78,0,29,0,0,0,0,0,22,0,12,17,35
123,0,54,0,25,0,63,36,41,0,22,7,0,71,0,15,0,37,118,2,29,0,0,0,0,0,0,0,12,33,35
124,0,0,0,44,0,63,30,41,0,19,7,0,71,0,3,0,37,118,2,10,0,0,0,15,6,0,0,66,33,35
125,1,20,1,30,0,43,1,47,0,10,7,0,0,0,79,0,66,117,2,14,0,0,0,15,6,0,45,63,33,0
126,1,20,1,30,2,40,22,54,0,0,7,0,0,0,79,37,29,106,63,14,0,0,1,14,9,0,45,0,26,0
127,1,20,18,12,2,41,21,54,0,21,0,0,26,106,57,37,29,28,63,14,0,0,1,0,3,0,46,0,0,0
128,1,18,56,2,2,1,21,45,0,22,12,0,38,106,4,37,0,31,63,14,40,0,0,0,3,0,55,0,29,0
129,1,32,98,0,2,0,0,45,0,22,122,0,12,1,43,47,45,26,0,14,40,0,0,0,3,0,10,0,29,8
130,1,32,62,0,0,0,0,0,0,38,148,0,12,1,33,47,0,26,45,0,40,0,0,0,3,0,10,19,75,8
131,0,70,27,0,0,0,0,0,0,2,76,24,15,1,33,47,0,78,45,0,40,15,20,29,0,0,10,2,46,20
132,0,63,76,0,0,0,0,33,0,2,76,24,15,2,0,47,0,75,14,3,40,5,20,29,0,1,9,0,46,20
133,0,10,101,3,0,0,0,33,40,55,50,24,24,2,26,20,0,72,14,50,0,5,20,0,4,1,0,0,46,0
134,0,10,54,3,0,14,0,27,66,58,50,24,24,2,21,20,0,72,0,52,0,0,0,52,4,1,0,46,0,0
135,0,120,0,0,0,38,0,1,66,58,0,3,0,5,31,20,24,6,0,52,50,0,0,49,4,20,0,46,7,0
136,0,96,20,0,40,38,0,1,26,5,0,3,0,5,31,0,24,6,0,49,50,91,0,38,4,20,0,19,34,0
137,0,8,20,45,40,33,43,0,26,0,22,3,0,0,124,0,0,0,0,10,57,91,0,0,23,20,0,1,34,0
138,0,8,20,48,40,24,43,0,5,0,22,9,51,8,119,0,0,0,0,2,53,40,0,0,43,30,0,1,34,0
139,0,0,0,52,0,15,13,40,5,113,31,44,48,8,0,0,7,0,0,4,46,0,0,0,39,30,40,31,34,0
140,0,0,0,3,42,0,3,30,5,57,36,44,35,8,49,0,37,0,11,23,7,0,11,56,20,0,55,39,29,0
141,0,13,16,3,42,12,3,30,5,84,22,18,45,4,1,0,24,0,11,21,21,0,11,76,0,0,15,47,28,48
142,0,6,16,3,42,12,21,30,1,79,5,57,10,21,1,39,4,0,10,46,14,7,8,32,0,0,15,8,28,85
143,0,6,6,0,0,1,13,12,1,18,5,54,10,20,4,77,0,0,92,31,14,7,15,32,0,0,4,37,70,71
144,0,6,6,6,0,29,13,12,1,12,0,54,0,20,12,30,47,8,92,25,14,7,21,0,0,0,4,61,42,78
145,0,14,3,2,47,29,13,15,1,23,0,54,0,14,24,30,47,8,0,25,0,7,16,0,0,0,5,59,94,70
146,0,27,3,0,68,29,0,35,1,8,0,0,25,73,76,63,47,8,0,0,0,11,16,0,15,0,1,0,94,0
147,0,11,0,16,66,2,0,20,0,8,29,0,81,76,76,69,0,9,0,3,0,12,16,47,15,6,0,0,32,6
148,0,0,47,16,56,2,32,0,0,76,29,0,89,76,15,69,5,9,0,3,16,0,0,0,18,6,0,10,0,26
149,0,0,64,36,55,66,32,6,1,12,29,0,85,3,9,49,5,0,0,22,16,0,0,73,18,0,0,10,0,9
150,0,0,4,20,0,75,46,34,1,0,0,0,33,32,1,0,60,8,55,22,68,0,46,27,53,0,0,10,5,0
151,0,0,31,20,0,128,14,62,1,0,0,0,0,31,1,0,60,12,0,22,68,0,46,0,53,3,0,10,5,33
152,0,0,41,0,0,56,0,58,0,12,10,10,0,31,93,0,60,4,10,40,52,0,46,18,19,8,0,16,1,15
153,0,16,41,35,0,21,0,0,0,12,10,10,0,0,230,0,59,7,10,18,52,0,0,19,19,8,0,33,0,0
154,0,16,0,37,0,0,41,0,52,29,0,10,0,24,118,0,59,3,10,18,0,0,0,116,10,5,3,30,0,19
155,0,16,0,0,11,0,41,0,52,29,0,0,59,61,118,0,0,0,0,18,0,0,15,115,13,5,13,15,0,19
156,0,3,0,0,23,24,41,0,1,17,0,13,6,98,81,0,0,0,0,18,0,0,66,95,15,0,33,13,0,53
157,0,0,0,18,156,0,60,1,0,0,0,13,24,60,8,0,0,21,0,0,0,0,69,39,15,17,33,13,0,53
158,0,0,0,0,152,11,40,1,0,0,0,13,19,60,45,0,0,21,0,20,0,0,69,0,15,17,20,52,0,45
159,0,0,0,0,184,11,8,20,0,19,0,13,15,0,95,0,0,21,30,80,0,0,0,52,0,17,20,0,0,15
160,0,0,13,0,184,11,0,28,0,25,0,0,15,0,98,0,0,22,30,62,0,0,0,51,0,17,17,18,0,9
161,0,17,13,11,32,0,0,27,136,6,0,0,15,0,54,0,0,1,30,62,1,51,0,38,18,61,0,18,0,9
162,0,0,0,0,22,0,0,0,136,34,0,62,15,0,54,0,0,1,30,9,1,38,17,78,18,67,0,18,0,0
163,0,3,93,0,22,0,0,0,133,29,7,113,0,0,3,0,23,0,48,9,1,38,0,32,11,35,0,0,0,0
164,0,14,93,0,13,38,0,0,124,19,7,146,35,0,0,0,32,0,18,9,1,10,0,32,0,0,0,0,9,0
165,0,0,24,0,146,38,0,0,0,1,7,153,35,0,14,0,23,0,0,9,0,10,1,94,0,0,0,9,0,36
166,0,0,10,47,146,35,23,24,0,0,0,51,0,0,14,9,0,0,0,0,0,38,1,54,0,1,0,9,0,138
167,0,26,10,32,42,0,23,24,1,0,0,40,116,0,14,52,38,0,0,0,0,0,0,0,0,14,0,1,0,167
168,0,26,10,0,9,0,71,23,1,57,0,15,116,0,44,52,14,0,0,0,0,0,0,0,0,0,0,25,0,137
169,0,26,12,0,0,0,126,9,1,52,0,1,54,14,44,62,23,0,0,0,0,0,1,0,0,46,0,38,0,91
170,0,15,12,0,97,0,5,15,1,25,14,11,0,38,30,56,50,0,0,0,0,121,1,0,0,46,1,14,0,48
171,0,15,12,4,97,0,5,15,1,25,14,11,0,38,30,56,46,0,23,25,0,121,1,0,0,40,1,14,0,6
172,0,0,37,9,90,0,1,0,0,12,14,11,0,24,0,3,46,15,30,33,0,136,0,61,6,25,1,0,0,46
173,0,0,57,8,0,87,2,0,0,0,14,11,25,0,31,9,0,15,30,52,0,61,0,14,6,12,1,122,3,40
174,0,0,13,0,0,110,2,8,0,0,14,0,25,0,31,9,0,15,7,52,0,53,0,1,14,12,0,133,3,98
175,15,3,20,0,0,109,2,8,1,0,0,0,64,0,0,20,0,0,0,52,0,25,0,3,53,0,1,218,0,6
176,15,3,14,0,109,0,2,8,1,0,26,0,14,6,0,20,0,0,5,33,0,75,0,7,46,0,1,214,0,1
177,15,3,1,1,136,7,0,8,1,0,33,0,14,19,0,14,0,0,5,78,0,49,0,7,161,14,7,26,0,1
178,15,3,1,0,184,7,0,8,5,0,33,0,14,52,0,1,14,0,5,72,0,15,0,3,147,14,7,0,0,0
179,15,0,4,0,173,7,8,0,13,0,33,9,0,52,0,1,14,0,0,72,0,15,0,0,116,30,7,0,0,31
180,0,0,14,0,48,8,73,214,12,0,7,9,27,37,0,0,38,20,0,1,0,0,0,0,0,49,7,0,4,32
181,0,0,14,0,48,1,73,136,12,0,7,9,3,78,0,1,24,20,7,7,0,0,0,24,0,49,0,31,18,38
182,0,0,1,0,0,1,74,98,56,0,7,9,3,78,0,1,0,20,6,7,0,0,0,47,38,46,3,31,36,38
183,0,37,74,1,0,0,1,86,48,0,0,9,3,85,23,26,0,7,6,7,0,0,0,24,38,46,3,31,44,1
184,0,37,80,0,0,1,2,13,48,0,80,9,0,145,24,26,0,0,0,9,0,0,0,50,38,0,20,0,18,0
185,1,1,14,0,0,1,39,13,48,0,78,0,18,0,84,35,0,0,0,9,0,3,0,0,38,85,17,50,0,66
186,1,1,29,10,0,8,54,0,0,66,71,0,34,8,61,32,0,0,0,2,0,3,0,10,38,126,18,15,0,13
187,1,1,24,0,0,11,15,64,0,72,71,0,34,8,70,7,0,38,0,2,0,0,0,10,0,134,18,7,0,13
188,1,0,43,0,0,10,0,64,0,21,0,2,55,8,70,7,0,38,32,0,0,15,0,4,0,205,18,7,0,0
189,0,0,6,19,0,3,15,64,0,21,1,2,55,0,26,0,0,19,157,61,0,15,14,4,0,79,9,0,30,0
190,0,0,6,16,0,0,15,0,13,30,1,2,33,0,26,0,0,19,157,61,0,0,17,0,66,16,9,64,49,0
191,0,0,163,0,0,10,95,0,13,20,1,7,33,16,17,13,0,9,19,56,0,0,17,0,66,3,8,0,34,0
192,0,82,163,0,0,4,39,0,13,20,0,7,33,0,0,23,0,10,19,53,0,0,0,0,83,3,8,0,6,34
193,0,82,0,9,33,4,31,8,13,20,0,6,0,0,0,91,19,1,19,40,0,0,0,0,83,3,21,1,101,15
194,0,8,0,0,33,13,39,8,0,103,3,0,0,89,46,91,19,1,0,9,0,0,0,0,0,0,21,1,101,15
195,0,83,0,0,10,13,21,1,1,0,3,0,0,108,38,72,26,1,18,16,20,0,0,0,0,31,19,23,21,75
196,0,27,0,13,0,0,87,0,1,0,0,0,0,116,38,72,7,4,18,8,20,0,0,1,0,31,19,23,40,75
197,0,34,13,75,0,18,0,0,2,0,0,0,1,99,15,34,0,26,0,0,20,7,0,0,0,31,6,0,26,193
198,0,0,0,75,0,65,0,0,33,0,0,0,1,112,0,0,15,26,0,0,20,7,0,0,6,34,6,0,20,180
199,0,22,0,0,0,65,0,0,33,75,0,0,21,27,0,180,15,24,0,0,0,7,0,85,6,34,0,6,0,0
200,0,22,0,0,0,21,0,85,31,75,0,44,35,13,0,97,15,24,0,0,2,0,0,0,6,34,83,6,0,7
201,0,0,0,0,0,21,0,0,31,84,0,50,14,13,0,97,34,29,0,0,2,0,85,0,0,0,83,0,57,0
202,0,0,13,0,0,0,0,23,0,22,8,112,14,0,0,97,28,6,16,0,46,0,91,0,0,0,83,0,41,0
203,0,0,13,0,0,0,35,6,0,2,8,132,96,0,0,0,28,0,16,0,45,0,57,0,0,15,83,0,41,23
204,0,0,13,14,0,83,35,1,0,1,8,81,82,0,2,0,9,0,15,0,63,0,7,6,0,15,0,101,41,23
205,0,0,13,0,6,77,35,39,0,10,14,81,2,0,0,0,0,0,6,0,32,15,25,16,7,7,63,101,34,17
206,0,10,35,0,34,0,17,39,0,0,14,34,102,0,0,0,0,0,6,0,32,0,18,16,8,7,140,81,7,0
207,0,40,35,30,34,0,17,0,0,0,14,34,72,0,16,0,0,0,15,0,19,0,18,16,8,13,140,72,7,0
208,0,0,16,30,32,72,23,0,0,0,32,34,1,8,16,0,0,0,9,0,19,0,0,0,0,13,140,97,58,0
209,0,0,16,30,0,161,6,0,0,0,52,34,2,8,85,0,0,0,26,0,0,32,0,0,0,13,0,77,58,0
210,22,0,34,30,0,107,17,54,0,0,37,0,2,8,103,6,0,0,0,0,0,41,0,0,0,16,0,70,40,13
211,22,0,34,0,0,107,25,54,0,103,37,0,0,0,2,6,30,0,0,0,0,41,0,0,0,16,0,0,40,83
212,22,0,34,16,107,0,0,54,0,103,27,0,0,0,2,6,55,0,33,0,0,0,0,0,0,0,8,13,27,93
213,22,35,1,16,107,1,40,46,1,102,1,0,0,0,2,7,57,0,33,0,0,0,0,0,27,0,89,13,0,0
214,15,35,1,0,53,1,86,0,1,102,1,0,0,0,69,20,6,0,87,0,7,0,0,0,27,0,89,0,0,0
215,5,0,69,0,53,1,0,0,1,0,8,102,0,4,69,20,0,0,93,17,7,0,35,0,26,0,89,0,0,1
216,0,0,69,0,33,0,0,7,54,0,13,102,32,4,19,13,0,18,60,18,7,0,35,0,26,0,89,0,0,1
217,0,35,65,0,122,0,0,7,54,0,13,121,45,4,0,0,0,18,60,18,7,0,4,19,7,0,0,0,0,1
218,0,29,65,0,100,61,0,7,54,18,0,121,34,4,0,0,0,17,0,18,8,0,11,19,0,33,0,0,0,1
219,0,8,4,54,100,43,19,0,52,18,0,19,34,0,0,0,0,17,0,64,8,0,6,1,113,33,0,7,0,0
220,0,9,4,54,11,37,19,0,38,18,0,19,34,7,0,10,0,16,14,54,1,0,12,1,113,40,0,0,89,0
221,0,0,4,24,11,0,0,19,0,0,0,0,37,7,0,10,13,80,14,54,39,0,7,0,113,25,0,0,133,10
222,0,0,0,0,0,37,0,0,0,0,24,0,37,26,0,10,13,64,0,70,39,0,7,0,113,6,0,0,145,9
223,0,0,0,9,0,150,0,0,0,6,24,0,32,35,0,6,0,64,0,70,30,13,0,0,7,0,0,0,145,9
224,7,0,0,8,0,142,0,33,7,15,24,0,17,28,0,5,0,74,0,0,8,13,54,0,7,0,144,0,5,9
225,15,1,1,5,1,108,14,1,7,72,24,0,17,28,3,5,0,17,0,0,0,0,54,7,29,33,144,0,14,0
226,15,0,1,0,1,108,15,33,7,72,24,0,16,28,8,6,8,17,0,0,0,0,46,7,29,1,144,0,14,0
227,15,0,22,0,1,0,1,18,7,66,16,6,36,0,8,1,15,17,0,136,0,0,0,61,29,1,6,0,138,0
228,15,0,46,0,0,0,1,0,0,0,0,6,36,0,24,1,15,0,0,136,0,66,0,61,29,1,6,18,139,0
229,8,23,32,0,15,61,1,0,0,0,8,6,28,0,0,1,6,16,0,136,0,63,0,50,29,1,6,21,89,0
230,8,0,0,0,15,61,46,0,0,0,8,0,14,6,1,6,23,16,0,124,0,63,0,50,0,29,0,41,89,0
231,8,0,40,0,15,0,46,0,0,63,26,0,14,6,62,6,23,16,0,84,0,0,0,50,0,29,0,23,89,0
232,0,68,54,0,10,46,0,153,29,0,48,0,0,6,61,6,0,0,0,7,0,5,26,50,4,8,0,19,0,0
233,0,68,0,0,10,46,54,86,29,0,59,0,56,6,5,6,117,8,0,7,0,5,26,0,4,8,0,0,0,0
234,0,0,0,23,1,110,49,0,29,8,41,0,61,0,74,6,67,8,0,7,0,5,75,5,13,0,0,18,0,0
235,0,0,49,23,0,103,0,1,0,8,48,0,61,5,68,0,80,8,0,0,0,0,75,5,13,6,0,18,29,0
236,0,0,49,67,61,84,0,0,0,8,48,0,0,24,91,0,13,8,0,0,0,0,4,77,13,6,0,18,29,0
237,0,0,49,80,61,0,0,0,0,0,76,0,4,24,40,0,13,8,8,0,41,0,84,72,5,6,0,0,29,0
238,0,0,81,7,67,0,22,0,0,0,76,0,4,2,21,0,0,79,16,0,41,0,84,76,5,19,0,0,0,0
239,0,0,18,6,59,27,22,63,8,0,76,0,1,1,2,0,0,78,8,0,41,0,152,29,5,0,0,0,0,4
240,0,1,2,6,59,30,29,62,9,0,69,0,1,0,2,0,29,46,2,0,41,0,92,49,5,0,0,6,0,60
241,0,93,2,0,0,59,0,47,9,46,110,0,1,0,0,0,29,6,2,0,0,0,0,49,0,5,0,23,59,60
242,69,93,0,0,0,32,0,0,9,46,41,27,1,0,0,0,29,6,3,0,0,0,0,96,0,5,0,25,59,59
243,69,0,0,0,25,7,0,0,30,47,41,27,0,25,118,0,0,6,1,0,0,0,0,52,0,10,0,0,59,83
244,69,0,0,0,27,0,0,0,30,0,43,51,0,25,94,0,47,6,1,0,0,0,60,58,0,8,0,0,0,81
245,69,1,1,1,27,1,1,3,29,7,40,51,1,25,81,1,46,1,1,1,0,0,59,43,41,8,16,0,0,45
246,66,1,43,0,26,47,46,2,29,7,40,24,2,38,52,1,0,1,18,1,3,0,5,2,41,0,16,89,0,0
247,0,1,43,0,0,10,46,81,34,1,40,32,1,52,1,1,0,1,18,7,3,26,37,2,58,0,16,89,0,0
248,0,0,14,0,0,0,27,28,16,10,0,33,1,41,1,2,1,54,18,51,3,0,77,2,87,0,16,89,0,29
249,1,0,6,0,0,0,26,28,16,10,0,9,0,48,1,1,20,54,0,53,3,0,85,1,87,1,27,54,0,69
250,2,39,23,0,1,0,0,0,56,0,0,37,0,8,27,1,0,53,0,2,44,0,13,102,80,1,27,54,0,30
251,2,94,17,0,1,0,9,0,52,0,29,37,0,5,26,1,0,5,3,2,98,0,63,47,51,0,27,11,1,19
252,2,54,17,0,1,0,15,1,55,40,29,37,0,5,26,27,0,5,3,2,95,0,63,47,45,0,0,11,1,19
253,2,53,47,1,0,0,36,1,55,40,29,3,3,0,12,74,45,5,17,6,73,1,33,0,36,27,0,0,1,0
254,2,45,47,1,10,11,36,5,15,40,0,3,14,0,7,74,45,38,14,6,58,1,33,0,28,66,0,0,1,0
255,0,30,2,70,10,5,0,21,15,0,0,4,14,0,6,130,4,40,14,6,54,1,10,0,60,23,0,40,41,0
256,0,30,16,57,25,94,0,21,15,13,1,1,12,0,6,47,0,40,0,0,39,1,10,60,0,0,2,42,41,27
257,0,29,16,59,25,89,0,0,0,34,1,2,0,0,31,74,0,20,39,0,0,0,27,60,0,23,2,1,41,27
258,0,29,1,2,15,23,0,57,0,1,1,2,0,66,41,74,0,0,39,0,0,0,50,76,0,23,2,30,41,27
259,0,0,1,2,15,39,23,57,0,1,1,2,0,66,41,28,0,0,0,0,0,0,20,106,0,65,2,102,0,29
260,0,0,0,0,0,47,0,1,0,58,1,31,1,66,12,90,2,0,0,0,0,0,12,101,0,29,2,103,15,29
261,0,0,2,39,0,8,1,0,0,58,1,32,67,0,35,84,2,1,0,6,0,0,0,28,0,29,0,103,15,89
262,0,0,2,77,6,0,1,1,0,28,11,31,149,0,25,9,1,0,1,46,0,63,0,28,0,37,1,9,1,73
263,0,0,0,51,6,0,36,1,0,53,11,31,10,0,0,0,1,0,1,46,0,72,0,28,0,39,1,150,21,42
264,0,0,0,51,6,0,36,76,0,53,10,31,10,0,0,0,1,0,1,74,0,8,0,0,1,103,1,117,21,0
265,0,44,1,3,6,0,45,80,0,13,14,29,0,0,0,0,47,12,1,70,0,0,0,0,1,77,2,125,0,30
266,0,44,1,0,0,13,115,34,0,38,14,29,0,0,0,0,170,12,1,61,0,0,15,0,1,18,2,2,0,30
267,0,52,2,0,0,31,107,34,0,143,7,30,0,0,35,0,30,12,0,35,0,0,15,0,0,0,1,36,0,30
268,0,1,0,0,0,31,107,0,3,137,4,29,0,29,36,0,30,12,1,37,0,51,9,10,0,0,1,42,0,30
269,0,9,1,0,2,119,43,0,3,137,0,22,0,38,67,32,0,0,5,67,0,8,34,6,0,0,0,7,0,0
270,0,0,1,0,2,119,43,48,3,0,0,22,0,38,19,32,0,0,4,67,0,8,34,16,137,0,0,7,0,0
271,0,0,0,1,10,12,43,67,0,0,0,22,0,108,37,32,3,0,11,67,0,0,34,13,137,0,3,0,0,0
272,0,0,0,33,10,0,37,33,0,0,0,21,0,119,37,10,3,7,42,8,0,52,34,13,131,7,3,0,0,0
273,1,1,1,4,8,1,41,62,4,2,3,0,0,34,122,10,0,7,74,5,0,52,0,10,127,7,3,21,0,0
274,1,38,1,0,93,1,4,49,4,2,8,0,0,42,94,10,0,9,33,0,0,93,0,0,42,39,16,21,0,0
275,1,38,1,0,93,1,6,49,4,2,50,0,0,42,89,10,7,14,37,0,0,89,0,0,0,32,14,21,0,0
276,1,35,86,0,85,0,2,0,4,0,50,0,0,1,4,21,7,7,31,0,0,89,42,1,0,32,32,37,0,33
277,1,2,85,0,85,4,2,0,0,0,9,0,0,1,26,54,0,8,65,41,0,32,20,8,1,0,87,36,0,33
278,0,2,0,0,13,89,33,0,0,0,0,0,21,1,26,54,2,38,52,41,0,39,0,0,1,0,74,0,72,42
279,0,35,0,0,0,89,0,0,0,0,0,0,21,1,22,58,2,31,52,41,0,65,0,0,8,0,74,0,72,29
280,0,35,73,2,4,114,0,0,0,0,0,0,0,21,8,37,0,31,0,41,1,13,0,0,22,52,1,0,124,21
281,0,33,6,2,4,305,0,0,0,0,0,2,0,21,8,0,37,8,0,41,1,13,23,0,22,52,1,0,0,21
282,0,33,6,2,4,229,0,0,0,0,41,2,0,21,7,0,0,8,0,1,1,0,23,22,0,52,69,0,45,34
283,0,2,0,11,0,130,0,0,0,0,41,1,0,21,13,34,0,0,0,36,1,2,12,74,0,0,167,6,45,4
284,0,2,0,78,0,0,0,0,0,0,41,1,0,0,13,34,0,0,0,36,45,7,7,7,0,0,137,92,75,25
285,0,0,0,119,0,0,46,33,0,1,0,1,0,0,0,1,0,0,0,36,56,7,7,7,0,0,137,73,75,1
286,0,0,0,97,7,0,46,32,7,1,0,0,2,0,0,0,0,0,0,2,56,9,71,0,0,0,79,58,133,0
287,0,0,1,97,7,0,8,0,7,0,0,0,112,68,0,0,0,0,0,0,56,9,42,0,0,0,0,60,133,0
288,0,0,1,51,7,0,0,0,0,0,0,39,119,68,0,0,0,0,0,28,56,9,42,0,0,0,0,47,133,0
289,0,119,1,9,7,0,0,0,0,0,0,39,0,96,93,0,0,0,30,28,26,45,40,0,0,0,0,2,65,0
290,0,46,119,9,7,65,0,0,26,0,0,39,0,28,93,0,0,68,30,28,0,0,40,0,2,0,0,0,0,0
291,0,52,123,4,7,95,0,1,12,0,0,35,0,26,13,0,14,66,0,71,0,0,42,0,2,0,0,0,0,37
292,0,6,123,0,0,27,0,1,12,40,22,35,0,8,28,13,14,66,0,43,17,46,2,51,2,0,0,0,7,37
293,0,1,5,0,12,27,0,54,0,0,35,0,0,58,28,13,52,1,118,43,17,46,2,3,0,0,0,0,42,43
294,0,28,0,0,12,0,0,113,0,0,13,3,0,55,0,41,52,0,118,33,17,46,3,3,0,0,0,15,42,6
295,0,46,106,0,12,35,0,113,0,0,0,3,33,20,7,69,55,0,15,0,17,0,0,13,0,0,0,15,35,6
296,0,7,106,0,12,35,0,60,0,0,17,48,0,0,7,56,29,0,33,0,0,0,0,13,59,0,0,48,35,35
297,0,0,106,0,12,28,0,0,0,7,17,45,48,0,0,35,0,0,62,0,0,0,3,13,66,92,0,3,28,35
298,0,0,0,0,0,41,0,0,0,6,17,151,48,0,29,7,0,0,62,0,12,0,3,86,66,6,0,3,28,35
299,0,6,0,0,13,62,0,0,0,3,0,121,33,0,35,7,0,0,59,0,12,43,3,86,26,17,0,0,28,46
300,0,9,0,4,46,3,0,0,0,62,26,121,0,29,92,34,0,0,0,0,40,43,0,28,0,17,1,0,0,45
301,0,9,0,4,46,0,0,0,0,10,78,121,0,29,127,34,23,0,0,0,40,43,0,6,0,16,1,0,3,10
302,0,0,0,3,46,0,0,12,0,16,81,1,1,0,127,31,32,0,0,3,28,120,26,0,0,0,10,0,4,59
303,0,0,16,0,46,43,0,12,0,6,81,1,1,0,121,43,23,0,0,3,28,114,1,3,0,6,10,25,1,16
304,0,0,13,0,0,46,121,0,0,60,27,0,1,0,0,43,0,0,0,3,28,114,1,3,12,6,33,26,47,16
305,0,0,3,1,0,9,152,114,0,54,27,0,0,0,43,9,16,0,0,3,25,1,22,0,12,9,33,4,47,16
306,0,9,3,0,0,9,153,14,0,54,27,0,10,25,43,0,16,0,0,0,0,0,38,100,12,3,33,4,47,0
307,0,9,3,0,0,9,1,47,0,14,0,4,10,79,53,152,16,0,0,0,0,0,38,127,12,3,23,0,0,0
308,0,12,10,0,0,0,0,0,0,14,0,4,0,79,62,152,0,0,0,0,0,23,54,127,12,0,0,48,0,3
309,12,0,127,14,0,0,0,0,0,0,0,4,0,0,62,35,12,79,146,0,0,4,30,0,0,0,0,72,0,3
310,12,9,127,14,0,0,0,0,0,3,0,4,0,0,21,35,3,79,146,0,0,4,53,0,0,0,41,49,0,0
311,12,58,131,30,0,0,0,14,2,3,0,0,0,0,0,0,3,79,119,35,0,0,50,0,0,0,41,4,19,0
312,90,58,119,17,0,0,108,14,2,16,0,23,1,0,0,0,0,0,0,35,0,0,50,0,0,3,41,4,19,0
313,90,58,119,17,0,108,10,14,2,3,0,23,1,13,0,0,0,0,0,35,0,0,27,0,23,3,41,4,9,0
314,86,3,55,0,0,108,12,0,0,3,0,23,0,13,17,0,0,14,0,93,5,103,0,31,24,0,0,0,9,1
315,78,0,0,0,0,111,15,7,0,4,1,23,0,13,17,0,0,14,0,93,5,103,0,82,24,0,0,9,0,1
316,78,7,0,0,0,111,11,35,0,4,1,13,0,13,21,0,0,14,0,58,5,103,0,24,0,0,0,20,0,82
317,53,7,20,0,0,1,0,35,0,0,32,17,49,13,107,0,0,15,0,58,5,0,0,0,0,4,103,35,0,46
318,8,0,12,0,1,0,8,0,13,53,31,17,81,0,107,0,0,0,0,19,0,0,39,14,1,37,103,35,7,14
319,0,0,21,87,1,0,2,0,13,1,31,17,81,1,0,0,20,20,0,18,0,0,39,66,12,37,103,23,7,0
320,0,0,21,55,50,36,60,68,13,15,31,17,32,1,0,0,6,30,0,8,0,0,39,31,12,33,35,0,7,0
321,0,0,49,2,57,36,60,101,5,14,84,0,21,1,1,0,6,30,0,8,0,0,39,0,12,0,35,0,8,31
322,0,0,49,0,57,36,75,101,5,14,53,35,37,0,1,0,0,30,0,8,0,6,39,0,0,1,0,14,8,31
323,0,0,151,4,57,0,31,0,40,14,28,35,31,61,7,0,0,30,8,33,0,6,0,0,19,1,0,13,0,31
324,0,0,102,5,8,0,38,0,88,0,28,50,38,61,6,57,0,19,1,25,0,6,0,0,19,1,0,24,0,24
325,0,0,0,0,8,0,7,66,88,0,0,50,24,61,11,88,102,19,7,25,0,0,0,0,43,1,0,0,0,0
326,19,0,0,0,0,0,1,66,88,0,19,22,24,61,5,88,102,0,7,23,0,0,8,35,24,0,0,6,0,2
327,19,109,0,0,0,0,1,58,56,0,50,22,11,0,29,31,102,0,0,0,0,0,8,35,0,61,0,6,0,2
328,4,89,0,14,0,12,55,52,7,0,51,21,0,6,44,18,102,0,0,0,0,2,61,0,0,61,0,1,0,0
329,4,100,1,24,0,2,55,52,7,0,56,123,0,53,39,7,0,0,0,0,0,2,61,0,0,14,0,0,0,0
330,4,105,1,41,0,2,55,36,7,36,36,123,2,77,39,2,0,0,0,0,0,0,20,0,0,14,0,0,0,0
331,0,13,1,7,0,0,55,34,3,36,40,102,2,118,21,2,36,14,92,0,0,0,0,20,0,0,0,4,0,0
332,0,0,88,13,0,0,3,41,0,0,40,102,38,167,9,14,36,14,4,0,0,0,0,21,0,6,0,4,0,0
333,0,0,95,33,0,85,3,44,24,0,16,0,31,181,9,14,34,0,1,0,0,0,0,1,0,6,0,21,2,0
334,0,0,60,22,0,85,3,38,24,0,16,0,31,14,97,14,0,0,0,0,72,41,0,12,0,41,0,21,2,7
335,16,74,0,20,0,91,3,0,24,0,2,0,0,14,86,0,7,0,0,0,72,41,80,12,21,35,0,0,2,0
336,16,77,0,0,0,91,3,0,24,14,2,0,0,9,13,0,0,0,0,0,72,0,99,44,94,35,0,0,7,0
337,16,99,1,1,92,1,4,0,0,49,2,0,0,8,1,0,0,0,0,0,71,0,99,53,94,0,2,0,7,0
338,16,24,1,34,92,1,1,0,0,35,5,0,0,8,1,0,80,0,0,0,71,75,19,20,94,0,2,0,7,14
339,14,24,1,27,7,72,51,7,0,0,3,0,0,15,0,0,115,0,0,0,2,27,113,0,20,1,2,0,85,14
340,14,0,0,51,8,74,75,7,0,0,0,0,0,15,0,16,115,0,0,0,2,2,97,0,20,1,2,1,100,0
341,0,2,50,0,8,76,25,7,0,0,0,0,0,5,51,111,35,0,0,0,2,2,90,0,34,1,0,1,15,85
342,0,0,50,34,1,5,25,0,7,0,0,0,0,71,52,111,35,0,1,0,2,2,97,2,1,4,0,0,15,85
343,0,0,33,106,1,5,0,0,7,0,0,34,0,71,29,112,0,23,3,0,2,0,7,2,1,4,35,0,40,85
344,0,0,111,135,0,0,0,0,9,0,0,34,85,49,0,16,0,23,7,0,0,0,7,0,1,60,35,0,26,2
345,0,0,0,33,0,32,0,0,2,27,0,34,85,49,0,127,0,0,33,0,0,2,0,35,1,56,0,0,84,0
346,0,0,3,0,43,26,0,0,2,27,1,34,83,6,33,117,0,0,1,0,0,7,0,35,0,51,2,0,129,0
347,0,0,3,0,43,0,34,0,0,9,84,0,118,6,59,49,0,0,71,0,0,7,0,0,18,51,2,0,46,0
348,0,0,0,0,43,0,34,53,0,9,80,0,118,0,27,6,33,0,70,6,0,5,4,0,18,0,2,43,46,3
349,0,0,0,43,43,0,0,28,0,0,80,0,118,0,3,32,33,0,75,6,0,0,55,0,18,0,0,43,20,3
350,0,0,0,36,0,80,0,48,0,0,44,0,83,0,3,26,32,0,79,6,0,0,55,0,14,0,0,44,48,2
351,0,0,0,2,0,80,0,62,0,0,44,0,117,0,3,26,77,0,49,6,0,0,55,0,0,28,0,1,50,0
352,0,0,0,0,0,33,2,100,55,0,44,0,34,1,2,26,77,9,49,0,0,0,0,0,6,111,0,1,7,43
353,1,41,1,0,0,33,2,61,55,0,42,0,0,1,0,0,16,48,0,26,0,0,9,0,76,111,0,35,0,42
354,1,49,0,0,0,33,44,11,55,0,43,0,0,1,96,23,7,48,0,26,0,0,9,0,68,51,0,34,1,0
355,1,15,34,59,0,0,85,0,55,0,1,0,51,0,107,23,0,64,0,26,0,0,9,1,68,0,0,0,1,0
356,1,146,34,8,0,0,9,31,3,0,0,0,61,0,158,24,0,34,0,25,0,0,0,0,0,9,0,15,0,42
357,1,146,25,8,0,9,0,37,0,0,0,0,61,0,51,9,0,34,0,34,0,0,0,51,0,9,0,18,0,107
358,0,14,17,8,0,42,0,67,0,0,0,44,31,130,51,1,0,2,0,9,0,0,8,44,0,7,0,3,0,122
359,0,10,0,13,0,19,0,66,0,0,1,44,31,130,3,0,137,2,0,9,0,0,8,67,0,58,0,0,0,2
360,0,10,127,0,10,19,0,66,0,0,1,88,21,130,3,0,10,2,0,9,0,0,8,23,13,58,0,0,0,2
361,1,10,127,75,10,27,0,9,0,0,1,88,21,130,3,0,10,1,0,0,0,0,0,14,13,58,0,0,0,2
362,1,0,44,0,10,8,0,12,0,0,1,47,21,100,82,0,137,1,0,4,0,0,0,14,13,58,0,30,15,2
363,1,0,44,0,10,0,0,0,0,8,0,47,0,101,82,0,137,86,14,4,0,0,30,0,0,19,0,0,15,2
364,1,0,44,0,0,0,0,0,10,84,0,43,0,1,0,0,110,87,14,28,0,110,31,0,9,14,9,0,5,0
365,2,1,0,0,2,0,0,0,10,77,0,8,0,10,0,5,107,77,14,28,0,119,31,0,9,12,9,35,44,0
366,1,0,0,77,0,2,1,0,10,77,1,8,0,10,0,5,1,0,0,28,0,9,30,1,9,12,129,35,154,0
367,1,0,4,0,0,6,1,0,11,3,1,8,39,0,160,13,0,0,0,24,0,0,1,54,0,0,129,35,110,0
368,1,4,1,0,0,11,1,0,11,0,0,43,0,0,158,8,0,0,0,29,0,0,1,53,1,0,129,39,110,0
369,1,4,1,0,0,11,1,0,1,0,0,40,0,0,158,8,53,0,3,13,0,0,31,0,1,10,129,9,126,0
370,0,7,130,0,110,0,0,0,0,0,0,35,11,1,109,8,53,57,1,5,0,0,30,0,1,16,0,9,17,0
371,0,7,0,4,110,0,0,0,0,0,0,35,11,2,0,4,53,122,33,5,0,0,30,0,12,16,0,9,2,145
372,0,3,6,4,93,0,13,0,0,0,0,35,28,2,0,10,53,122,33,5,0,0,30,0,12,6,0,0,0,145
373,1,1,6,27,93,0,13,0,2,0,0,28,28,7,0,15,0,155,88,0,0,0,33,0,12,1,62,0,0,28
374,1,1,7,23,33,0,0,0,2,0,0,28,0,5,0,15,0,157,68,0,0,10,3,58,2,0,62,4,93,28
375,1,3,1,23,32,1,0,0,2,0,0,6,11,5,0,15,9,119,68,0,28,10,46,15,0,38,53,4,93,17
376,1,55,1,26,32,1,25,20,2,0,0,6,3,5,0,15,21,5,106,0,28,10,135,15,0,18,53,0,0,17
377,1,55,1,0,32,1,30,20,2,0,0,7,3,0,36,0,89,5,38,15,28,0,150,0,0,18,52,0,17,0
378,1,55,0,0,0,1,5,20,0,150,0,7,118,0,13,0,23,0,70,15,28,2,0,0,17,6,52,0,17,0
379,1,0,0,0,90,0,21,0,0,148,0,2,98,0,65,55,17,0,0,15,28,4,0,17,17,17,0,0,5,0
380,0,17,45,0,90,0,20,0,0,103,0,1,98,0,65,55,0,0,1,15,28,4,2,17,17,17,0,0,5,0
381,0,45,13,20,36,4,15,103,10,1,0,0,0,0,82,36,0,0,55,72,0,0,2,0,17,20,18,14,5,32
382,0,45,0,20,0,17,15,99,4,1,0,17,0,0,74,36,10,0,54,72,8,1,2,0,0,20,18,14,41,32
383,0,45,0,7,0,114,0,1,4,35,0,69,10,2,17,25,0,0,54,82,8,33,0,0,18,17,18,0,41,0
384,0,18,54,7,0,105,0,1,9,35,0,64,35,28,17,0,0,0,0,82,8,33,0,45,18,0,0,5,36,0
385,0,18,54,7,0,35,0,1,9,43,0,0,0,131,0,0,0,0,0,91,8,0,0,64,18,2,0,83,36,0
386,0,18,47,0,0,69,0,7,1,8,8,0,0,120,0,7,0,1,0,27,9,36,0,75,26,58,0,83,0,0
387,0,0,0,147,0,69,18,54,0,8,8,0,0,79,0,7,0,1,0,0,9,36,1,75,26,58,0,4,0,0
388,0,27,73,17,0,0,18,24,0,130,8,0,0,109,0,7,0,36,0,0,12,1,1,10,0,58,0,69,0,0
389,0,13,126,17,0,0,18,24,0,111,0,14,12,109,0,7,0,44,0,0,12,0,59,0,0,0,1,33,0,0
390,0,0,126,17,0,0,0,24,0,111,9,14,13,23,86,0,18,43,13,0,3,0,58,1,7,0,1,33,0,0
391,0,5,21,35,0,0,0,0,0,0,9,14,13,0,86,0,0,42,8,0,3,0,58,26,7,23,67,183,0,0
392,0,5,0,18,0,0,0,0,0,42,25,14,13,0,71,0,0,17,52,0,3,44,14,26,7,23,66,139,21,0
393,0,5,97,18,0,0,3,0,0,11,50,14,0,0,71,0,13,31,52,0,0,44,17,1,7,23,66,42,35,0
394,35,0,97,0,0,18,3,0,0,14,51,0,11,0,35,5,0,31,52,0,0,45,17,0,49,23,0,0,101,13
395,35,14,193,0,0,18,3,0,0,0,60,0,11,0,1,5,0,31,0,12,33,32,40,0,42,0,0,0,69,1
396,35,144,52,0,0,0,1,0,0,0,0,0,0,0,18,5,1,31,17,12,33,32,23,14,102,0,0,0,69,11
397,35,121,1,1,1,0,21,0,23,67,0,0,32,0,18,5,0,0,86,12,33,1,31,14,35,0,0,0,52,11
398,23,0,1,1,1,0,18,37,40,79,0,0,0,0,11,1,0,0,86,12,16,0,31,35,35,0,0,121,52,0
399,23,0,0,0,1,1,18,51,40,12,0,0,31,0,11,1,0,0,86,12,16,0,1,21,179,0,0,59,37,0
400,1,0,0,177,1,1,18,48,40,12,0,0,0,0,11,1,0,0,84,2,16,46,9,0,23,14,0,96,0,0
401,0,0,18,102,0,1,0,48,41,87,0,0,0,0,95,1,0,0,0,3,16,46,9,0,23,14,2,94,0,0
402,0,0,0,103,0,71,0,48,1,74,52,13,0,0,92,0,7,0,0,3,0,46,9,13,23,1,2,0,42,0
403,0,31,0,126,46,70,9,0,18,31,52,13,0,1,83,0,8,0,0,3,0,0,9,13,43,0,2,0,42,0
404,0,0,0,0,46,57,9,0,18,62,52,84,0,50,0,0,8,0,0,3,0,0,9,55,135,0,0,0,0,12
405,1,1,1,1,100,2,10,1,17,31,44,84,1,49,17,0,9,0,0,3,0,31,1,51,133,0,0,0,0,12
406,1,0,46,0,65,5,1,1,17,0,1,71,1,80,18,113,1,43,0,9,7,31,1,42,33,0,0,1,12,0
407,1,1,46,0,65,5,42,1,11,0,1,71,0,80,24,113,1,43,0,9,7,1,0,0,33,1,0,1,43,0
408,1,47,79,6,39,87,0,1,11,26,0,0,35,0,24,26,0,8,0,9,41,85,0,0,0,2,1,71,0,1
409,1,47,62,6,39,85,1,2,0,26,0,0,35,0,24,11,0,0,9,9,41,76,0,0,0,19,1,105,0,1
410,1,1,101,53,19,75,1,2,4,0,18,0,31,0,33,11,0,0,16,9,64,76,4,0,0,18,1,62,0,0
411,1,1,43,53,85,0,1,11,4,0,18,0,31,0,33,20,0,0,78,0,64,76,4,3,0,15,59,0,0,0
412,1,10,43,1,85,1,0,9,4,0,10,76,31,0,27,20,0,6,78,0,64,0,4,2,0,68,59,0,0,1
413,0,14,43,0,85,1,1,25,36,0,10,76,1,0,28,20,0,6,62,0,62,0,0,1,0,55,58,0,15,1
414,0,0,0,0,13,29,28,7,48,27,0,77,1,60,2,9,62,17,0,0,2,59,0,0,1,55,14,73,15,1
415,0,0,0,0,0,44,9,7,48,28,0,77,0,60,1,9,62,17,0,0,1,59,1,0,1,2,15,105,0,54
416,0,41,0,27,0,44,16,0,20,10,0,74,28,47,1,0,2,11,25,0,0,37,1,0,1,9,47,105,0,54
417,0,10,19,18,0,0,16,24,20,0,29,1,24,47,1,0,33,11,25,0,0,39,10,10,1,7,120,0,0,135
418,0,0,19,30,0,15,35,24,12,0,29,13,24,14,15,1,31,11,0,2,0,51,27,0,1,1,106,26,0,113
419,0,9,31,30,0,15,35,11,0,0,29,13,0,14,14,2,0,2,26,2,0,26,42,0,1,32,105,48,0,113
420,0,9,12,31,14,1,19,11,0,0,45,99,0,0,14,3,0,2,45,2,0,26,24,0,0,31,105,80,0,27
421,0,9,117,79,14,22,0,11,0,0,16,99,2,61,0,1,0,2,24,2,0,26,0,0,0,31,0,57,0,27
422,0,9,106,92,14,22,0,0,11,1,16,112,2,61,0,1,0,19,24,0,0,0,31,0,2,0,10,57,0,10
423,0,0,14,62,0,23,30,0,19,26,16,121,2,38,0,1,0,19,36,0,0,0,31,0,2,106,10,42,0,2
424,0,0,14,0,0,23,30,0,19,46,0,121,1,39,62,0,0,53,15,0,0,0,0,0,2,106,10,57,0,2
425,0,106,44,48,0,24,0,0,19,0,0,40,0,1,2,0,60,53,17,0,0,81,0,0,25,38,10,32,0,0
426,0,0,44,82,0,4,32,0,0,0,2,9,0,21,19,0,60,0,17,0,0,81,0,125,56,38,0,0,0,10
427,0,0,0,49,44,0,32,10,0,4,2,9,33,22,19,0,59,0,2,0,0,81,0,125,56,15,0,38,0,0
428,0,0,0,0,44,93,1,22,0,4,2,0,32,22,68,0,0,0,0,0,0,69,0,125,56,15,0,38,9,0
429,0,0,0,0,44,114,1,113,0,4,2,0,0,69,9,0,0,47,7,0,23,0,34,78,26,16,0,4,9,0
430,0,0,0,0,0,0,1,91,0,127,0,0,80,48,0,0,47,47,29,0,23,0,34,0,0,0,0,4,69,0
431,0,91,0,0,7,1,10,0,0,31,78,4,2,144,0,0,47,47,22,0,23,0,33,0,0,0,0,0,60,0
432,0,124,0,31,7,1,9,0,0,0,78,4,2,140,0,0,38,47,83,0,23,4,0,0,0,0,9,0,0,0
433,0,37,0,31,7,125,0,0,0,0,78,4,0,0,140,2,3,82,46,0,23,4,0,0,0,0,9,9,0,0
434,0,37,48,31,0,70,0,0,0,55,78,4,0,3,92,2,0,35,46,47,0,4,0,0,0,0,16,32,0,0
435,0,15,48,109,0,58,0,0,12,52,0,4,0,3,92,2,0,35,72,47,0,9,0,0,0,0,7,35,0,0
436,0,0,48,0,0,2,32,109,12,52,0,0,0,3,0,0,15,35,72,51,0,9,150,0,0,0,7,3,0,0
437,0,0,0,0,0,28,23,78,12,0,46,0,0,3,0,0,15,21,18,61,0,52,150,48,35,0,7,3,0,0
438,3,0,6,0,7,100,23,30,12,0,46,0,0,0,0,0,15,21,18,31,0,52,150,48,35,0,0,0,0,3
439,3,0,15,0,7,100,28,2,12,0,46,0,0,0,0,0,0,21,9,31,0,202,48,0,73,0,0,0,0,3
440,3,2,13,2,16,111,28,73,0,0,1,0,0,0,0,0,0,46,0,31,0,153,48,0,73,0,0,0,0,0
441,3,31,13,2,1,12,1,73,0,0,16,0,0,0,1,0,0,81,18,0,0,150,147,28,23,0,0,0,0,0
442,3,31,13,2,1,12,49,57,0,0,16,0,0,91,1,0,0,81,18,0,0,75,99,28,23,0,0,0,0,0
443,1,24,0,43,18,0,48,0,0,0,30,0,0,148,0,0,37,74,0,0,0,17,99,1,0,0,0,0,1,59
444,1,0,0,37,18,0,48,0,0,0,30,21,0,148,0,0,37,16,0,0,0,17,136,31,0,0,0,0,1,59
445,1,38,49,28,11,28,10,1,7,0,31,21,0,142,0,0,0,16,59,0,0,0,136,4,0,0,0,0,1,17
446,1,36,143,0,0,28,14,0,7,16,31,21,0,0,13,0,0,0,59,0,136,0,1,0,0,0,0,44,49,1
447,1,36,143,16,6,88,14,0,1,0,0,21,0,0,13,0,0,31,0,0,136,0,1,0,0,0,0,44,49,0
448,1,37,138,16,6,0,0,5,1,0,0,21,0,0,97,0,0,31,0,0,132,14,4,0,0,4,0,44,49,0
449,1,1,138,1,6,15,1,5,2,0,0,37,0,0,84,0,24,31,53,0,132,0,4,0,0,4,0,15,46,0
450,1,1,54,0,6,15,1,6,1,4,0,25,1,0,84,0,1,31,53,0,0,0,239,0,0,4,12,15,46,0
451,1,0,28,6,28,11,0,0,1,4,0,25,2,0,130,0,0,31,21,0,0,6,279,0,0,0,12,15,0,0
452,31,0,30,6,28,96,0,0,72,8,0,25,0,0,46,0,0,0,16,0,1,6,208,0,0,0,12,15,0,0
453,31,25,18,6,28,1,0,0,72,99,0,0,0,0,46,0,0,0,28,1,1,6,208,0,0,0,12,0,0,18
454,31,25,18,0,28,1,46,0,77,101,0,0,0,208,0,15,0,0,12,1,2,0,0,10,0,16,0,0,0,9
455,30,2,18,0,28,5,46,0,77,0,1,0,0,247,0,15,0,0,1,1,2,23,0,13,0,12,0,67,0,12
456,0,0,0,0,28,31,46,0,6,0,31,0,0,247,0,15,0,0,1,1,2,25,0,102,0,12,0,41,0,12
457,0,0,0,14,17,23,74,0,6,0,180,0,0,98,0,0,1,0,0,0,2,37,0,85,1,13,0,2,0,47
458,0,0,0,101,17,0,74,0,6,0,182,0,0,33,12,0,0,0,65,0,0,34,0,0,1,1,26,0,1,47
459,0,0,0,81,17,0,53,0,0,0,46,0,0,0,12,0,0,0,71,74,0,34,136,0,1,1,26,0,1,47
460,0,6,0,75,17,0,53,11,0,0,46,0,0,0,59,0,6,0,65,74,0,23,136,0,1,1,26,0,1,0
461,0,6,0,75,0,26,19,13,0,0,25,32,23,0,59,0,27,0,65,74,0,0,136,0,0,1,0,1,18,0
462,0,0,46,6,0,26,24,1,0,0,1,32,0,0,59,0,27,1,65,103,0,0,23,12,19,0,0,137,18,0
463,0,0,46,6,0,26,24,0,0,0,65,32,0,0,48,0,27,1,0,103,0,0,24,13,19,1,11,137,17,0
464,0,0,93,6,0,0,161,0,1,0,65,32,1,0,0,0,21,29,26,75,0,0,24,1,25,12,11,0,17,0
465,0,0,53,0,0,0,151,0,1,6,65,10,1,0,0,0,0,29,26,71,0,0,24,94,25,29,11,0,0,4
466,0,0,32,10,0,0,151,21,1,6,65,10,0,0,0,0,0,29,26,61,0,1,0,94,3,29,11,22,0,28
467,0,0,32,10,0,87,0,40,1,6,0,10,0,149,0,11,0,28,0,0,0,1,0,1,70,123,0,3,0,28
468,0,28,0,10,0,108,0,19,0,7,0,10,1,149,0,11,0,28,0,0,29,1,3,33,67,93,0,3,0,0
469,0,23,0,28,0,36,87,0,0,1,0,20,1,134,0,17,38,0,0,0,29,0,3,19,67,94,0,3,0,0
470,0,0,0,28,0,36,87,0,0,1,0,10,1,23,0,20,149,0,0,0,29,0,3,42,77,94,0,0,0,0
471,0,0,0,0,0,36,208,0,0,0,0,10,1,0,31,3,118,0,0,0,29,43,0,40,77,1,0,0,3,0
472,67,0,36,0,87,0,121,0,0,0,20,10,19,0,31,3,100,0,0,0,9,43,0,40,10,1,0,0,3,0
473,67,1,36,1,121,1,22,1,0,0,20,11,18,0,31,0,96,0,0,0,9,0,0,6,10,1,0,0,105,43
474,67,1,0,1,121,1,0,1,96,0,29,43,11,0,10,41,0,0,0,0,0,3,0,0,0,1,7,0,102,65
475,67,0,0,1,121,1,0,1,96,0,0,44,0,29,10,52,0,0,3,0,0,0,0,0,0,0,34,0,102,39
476,31,1,0,20,23,0,70,0,96,14,2,44,0,29,1,42,0,0,3,0,0,102,10,39,0,0,70,0,0,3
477,25,1,1,20,1,52,94,1,96,14,2,42,0,18,1,1,0,2,3,4,0,142,10,39,0,1,27,0,0,3
478,5,0,64,103,1,52,54,2,0,0,0,1,0,18,10,0,1,2,96,4,0,43,0,11,2,1,100,0,0,30
479,0,11,66,105,1,52,54,2,0,0,0,1,0,18,10,0,1,3,96,4,0,43,0,0,2,4,100,0,0,27
480,0,0,47,48,2,21,77,43,0,0,0,32,19,0,0,0,0,5,96,22,0,2,34,0,10,4,100,0,0,38
481,0,96,47,0,3,0,125,35,0,0,0,31,19,0,27,4,0,2,0,22,0,1,34,0,13,1,100,8,21,11
482,0,0,0,0,2,0,88,6,0,2,0,31,19,0,27,4,47,15,0,18,0,0,34,0,21,51,98,104,22,11
483,0,11,98,0,19,0,191,25,0,2,0,0,0,0,23,22,4,18,0,0,0,0,79,1,21,51,0,32,3,0
484,0,13,1,0,18,0,0,106,0,2,23,0,4,0,21,18,0,16,0,0,0,1,45,21,0,52,0,31,2,226
485,0,2,0,0,18,88,0,14,0,2,23,11,4,0,24,18,0,16,48,0,0,1,45,114,0,1,0,31,2,138
486,0,0,0,0,18,199,2,1,0,14,23,11,0,43,26,2,0,0,48,0,0,46,0,109,16,1,0,0,41,0
487,0,2,42,0,0,170,0,27,0,1,35,11,3,43,30,0,0,0,6,0,18,46,0,100,4,0,0,0,62,0
488,0,2,42,0,0,87,26,25,0,1,35,11,3,43,4,0,2,0,6,0,18,46,0,13,4,0,0,170,62,0
489,0,0,43,0,0,87,25,70,0,0,10,0,37,23,4,0,2,0,62,1,18,35,0,13,4,0,0,147,8,11
490,0,0,2,0,9,0,25,20,0,129,10,0,0,34,0,0,52,2,61,1,18,24,0,4,4,39,0,147,8,11
491,0,0,12,3,9,0,0,40,0,129,0,25,0,34,0,0,63,6,21,5,14,11,0,0,151,69,6,0,2,0
492,0,0,12,3,9,94,0,40,0,65,0,25,11,0,0,0,39,4,21,5,0,0,0,101,167,2,0,0,2,0
493,1,1,1,5,9,94,1,40,0,35,0,25,11,21,3,0,13,0,0,0,0,0,0,101,163,0,26,5,2,43
494,1,1,1,4,12,75,1,0,2,15,6,168,5,22,4,19,13,0,20,0,0,40,0,98,20,0,26,4,0,43
495,1,16,0,1,3,0,0,4,2,0,6,168,0,22,9,96,9,0,20,12,0,138,0,0,20,0,26,4,0,43
496,1,16,56,0,3,0,0,4,2,0,6,143,0,1,7,96,0,0,20,12,0,100,25,41,20,21,26,0,0,0
497,1,36,52,1,1,27,1,1,0,2,6,142,0,4,7,96,0,0,3,32,0,3,25,41,0,118,0,1,0,0
498,1,20,21,42,1,31,1,1,0,2,21,142,0,4,0,96,59,0,3,28,1,3,25,0,0,97,0,1,0,0
499,0,20,21,41,1,34,24,1,0,6,22,0,7,142,0,1,52,0,3,28,1,2,29,1,1,162,0,1,0,0
500,0,72,21,0,29,5,24,1,0,3,16,0,0,142,41,8,28,0,3,0,7,3,6,4,24,162,0,0,1,0
501,0,72,2,0,29,21,25,0,1,0,0,1,0,142,41,8,33,16,0,0,7,3,6,3,27,162,0,0,1,0
502,0,0,74,142,29,6,25,21,1,0,0,1,0,0,41,8,33,16,0,0,80,91,0,1,27,3,0,0,1,0
503,0,0,98,175,24,6,0,26,1,0,41,1,7,0,1,1,0,12,25,0,73,91,7,4,3,3,0,0,0,1
504,0,0,25,3,0,6,0,26,1,7,41,1,7,12,32,73,0,0,25,142,73,24,0,4,3,3,0,91,0,1
505,0,0,24,3,1,11,0,49,0,30,41,6,7,20,31,51,1,0,2,142,55,24,0,4,3,3,0,91,0,1
506,0,0,0,24,4,10,2,22,0,71,41,5,7,8,31,11,12,0,5,142,55,0,0,0,0,0,24,125,0,1
507,0,0,0,24,4,10,1,32,7,71,41,6,11,8,0,0,12,0,5,142,0,0,0,0,0,55,49,122,0,0
508,0,71,0,32,4,10,11,24,7,0,0,104,0,150,0,0,12,0,0,43,0,0,0,0,0,55,49,28,0,0
509,0,41,0,32,0,0,11,0,7,0,0,104,0,150,0,0,0,0,0,43,0,4,22,0,0,30,49,52,55,0
510,0,11,0,73,0,0,0,0,7,10,0,99,4,142,0,0,0,0,0,51,0,0,12,0,0,30,32,69,60,0
511,0,19,0,41,2,0,0,30,0,10,0,124,3,142,0,0,7,0,24,51,0,0,12,0,0,0,32,43,60,0
512,0,0,8,47,2,0,0,30,0,53,1,123,22,134,0,0,7,0,24,8,0,0,38,0,0,0,25,18,60,0
513,0,0,8,1,2,0,0,30,134,144,1,32,22,0,0,0,7,101,24,8,25,12,26,0,0,0,0,1,22,0
514,0,0,8,0,10,0,30,7,134,6,1,24,37,0,0,8,0,101,0,0,25,13,139,0,0,0,0,2,31,24
515,0,30,0,0,10,0,0,15,134,6,1,1,0,0,0,8,0,101,0,0,25,49,139,0,0,49,0,1,24,7
516,0,52,7,0,10,0,0,8,134,0,1,1,0,0,0,8,0,101,0,0,25,55,126,0,18,49,0,1,2,2
517,0,120,19,0,10,30,0,133,38,0,1,1,0,0,0,10,0,3,0,0,25,30,126,0,18,8,0,26,2,0
518,0,101,19,2,0,30,0,133,0,10,25,4,0,1,0,2,0,0,126,0,38,49,0,0,18,8,0,26,8,0
519,0,0,12,1,7,31,0,163,0,111,25,4,1,0,18,2,0,0,126,0,38,19,0,0,0,8,0,26,8,0
520,0,0,12,1,7,1,0,6,30,88,25,3,1,26,17,2,1,0,0,0,38,28,157,23,0,0,0,0,134,0
521,0,0,2,0,7,38,12,7,30,0,0,3,2,22,17,0,0,0,0,0,0,9,245,43,0,0,0,29,134,0
522,0,0,2,0,7,38,0,12,30,0,0,3,2,22,17,0,133,0,0,0,0,9,112,87,0,7,0,29,90,0
523,0,0,0,0,6,142,58,12,30,3,3,2,0,0,17,0,75,0,51,0,0,105,8,36,0,1,0,29,0,22
524,0,0,3,0,2,111,58,0,31,30,3,2,75,0,3,0,0,0,77,0,0,117,8,0,0,1,21,36,0,22
525,0,0,3,16,2,201,58,8,31,15,3,21,75,7,3,0,0,8,60,0,0,12,0,0,0,0,21,53,0,3
526,0,0,5,16,0,6,57,8,31,210,3,24,75,7,3,0,0,9,60,0,0,12,0,0,0,0,21,53,0,0
527,0,0,1,0,12,6,4,0,31,171,0,22,1,7,19,11,0,12,0,36,7,0,0,0,2,39,75,123,0,21
528,0,0,1,1,12,6,0,0,31,0,0,22,171,0,19,11,4,12,0,36,7,0,0,0,9,39,79,123,0,17
529,0,0,0,1,12,0,0,0,13,1,0,22,171,0,16,11,4,0,0,36,41,0,6,0,21,52,138,38,0,17
530,0,0,171,0,12,0,0,9,13,18,0,0,0,0,41,0,4,0,0,5,55,60,1,0,12,0,176,23,0,0
531,0,12,250,0,0,0,0,9,13,18,0,0,0,0,41,0,7,0,0,5,48,61,4,0,12,0,97,23,0,0
532,0,12,273,0,0,59,0,0,12,0,0,0,0,36,5,0,16,0,0,13,49,61,4,0,4,0,38,18,0,0
533,0,0,272,5,0,11,0,0,0,0,0,0,0,37,5,0,75,0,7,8,15,0,38,61,16,0,0,12,0,38
534,0,0,272,5,0,11,0,0,4,0,0,0,0,87,5,0,75,0,7,8,15,0,3,11,12,0,0,56,0,29
535,0,0,0,5,0,0,0,0,4,0,0,0,0,51,261,5,11,0,18,8,1,36,3,86,12,14,0,56,0,29
536,0,0,0,0,0,0,0,0,4,0,0,0,0,51,269,5,0,0,29,0,11,36,46,76,33,0,0,40,0,0
537,0,18,40,0,0,1,79,0,4,0,3,5,0,57,241,0,0,0,11,0,10,33,43,51,4,0,0,0,0,0
538,0,18,40,0,0,1,3,0,0,24,3,5,0,45,61,76,0,180,23,0,10,33,39,31,4,0,0,4,0,0
539,44,11,40,0,0,1,3,0,17,24,0,12,33,45,0,76,0,180,23,0,10,37,6,1,0,3,0,4,0,30
540,44,0,0,3,0,1,0,26,17,25,0,18,33,17,0,78,0,180,12,0,1,79,4,0,9,3,0,15,5,30
541,44,1,13,3,1,26,1,26,17,1,0,18,0,0,0,77,0,0,0,0,0,74,217,1,27,3,0,15,5,30
542,44,1,13,36,49,3,0,19,17,1,0,18,0,3,3,28,5,7,1,0,0,38,214,1,22,15,0,0,8,54
543,19,1,0,36,49,3,0,38,17,1,25,0,0,3,3,28,6,7,1,27,0,0,0,214,22,19,0,33,8,40
544,0,6,0,38,49,1,60,12,0,0,25,1,0,20,0,28,0,62,1,51,0,0,2,157,1,17,0,22,5,42
545,1,1,48,37,2,0,59,4,0,8,26,43,0,18,0,28,0,61,1,51,0,0,1,157,2,19,0,28,5,0
546,1,18,48,37,2,31,59,4,0,8,26,43,0,1,157,0,17,44,0,39,0,0,1,0,1,29,0,28,6,0
547,1,73,48,44,1,15,0,5,0,8,1,43,25,174,0,0,54,0,0,64,0,1,0,6,1,29,0,0,6,1
548,1,0,2,1,1,15,0,6,3,127,1,43,25,174,0,0,54,0,0,25,28,2,0,5,40,0,0,43,3,1
549,0,37,15,1,1,0,1,1,3,119,2,7,55,174,0,72,0,0,2,29,28,5,0,0,39,0,0,6,3,0
550,0,37,15,0,1,3,1,0,3,0,1,7,55,293,2,72,0,0,2,29,29,5,0,0,39,0,0,6,0,0
551,0,31,15,0,1,3,1,3,0,0,1,7,0,293,1,72,1,0,2,29,29,56,0,0,12,0,1,0,27,15
552,173,123,28,0,20,2,71,3,0,0,1,7,0,0,13,0,2,0,3,29,29,37,0,0,0,0,16,7,27,9
553,173,148,28,1,22,1,71,2,0,0,0,7,0,4,0,37,1,0,1,29,1,13,0,1,0,0,16,8,27,9
554,173,175,0,1,20,1,57,1,0,0,1,1,0,4,0,79,1,0,1,1,0,13,1,10,0,1,22,9,28,0
555,173,86,0,1,18,1,0,175,0,0,1,1,0,4,1,79,1,0,0,1,0,13,1,10,0,1,8,9,16,0
556,173,29,0,0,0,1,0,13,0,0,2,1,0,4,1,79,58,0,0,1,0,18,1,10,0,170,8,15,16,0
557,0,18,0,9,1,0,13,0,1,0,152,1,0,0,1,0,86,0,0,38,0,42,1,0,24,170,9,15,16,3
558,0,18,1,0,6,3,33,0,1,0,152,2,9,0,15,0,81,0,0,37,0,23,133,0,24,37,9,15,1,0
559,0,81,1,37,6,21,33,0,1,24,152,1,9,1,15,0,0,0,0,37,0,23,133,0,0,0,9,15,1,0
560,0,29,2,45,5,30,33,0,1,24,150,1,0,1,38,0,0,0,6,37,0,0,133,0,0,54,1,9,1,0
561,1,31,1,45,5,28,20,39,1,24,146,1,0,1,23,0,0,0,6,37,0,0,65,0,13,16,0,10,1,86
562,1,71,1,2,32,1,20,37,1,0,146,0,0,29,0,0,0,0,6,9,0,0,66,0,13,0,15,41,1,108
563,1,112,1,15,27,1,5,5,1,0,0,0,37,62,29,0,0,0,6,29,0,0,150,0,0,0,15,0,1,103
564,1,112,1,0,27,0,0,5,1,0,0,0,37,62,147,0,0,0,0,29,0,0,150,0,0,0,15,0,7,6
565,0,43,0,0,27,0,0,5,1,0,0,0,37,102,216,0,0,0,16,29,0,0,111,0,1,0,0,0,7,5
566,62,43,9,0,44,0,0,1,0,44,0,0,0,1,216,110,1,0,16,20,0,27,0,0,1,0,0,0,0,5
567,62,87,12,0,44,0,0,1,0,0,0,1,0,0,156,110,61,1,13,0,0,26,0,0,1,0,5,20,0,0
568,62,0,13,0,43,110,0,107,0,0,0,1,61,0,156,0,0,1,13,1,0,9,0,1,0,0,5,0,0,17
569,62,1,13,1,174,109,0,106,0,42,0,1,36,0,25,0,0,1,0,1,0,0,9,14,0,0,5,0,0,0
570,62,1,1,1,131,3,0,106,43,42,0,26,14,1,106,0,0,0,0,1,0,0,9,0,0,0,17,0,0,36
571,38,1,1,0,191,0,0,4,52,41,0,16,14,1,107,0,0,0,0,44,0,1,0,9,24,0,12,5,3,36
572,0,1,1,0,191,0,0,0,52,4,0,16,9,1,143,0,0,0,37,44,0,1,38,9,24,0,17,5,7,0
573,0,0,0,1,103,1,0,0,9,0,0,0,0,53,45,0,0,0,168,43,0,1,38,9,80,4,17,21,7,0
574,0,4,0,0,50,38,0,0,0,14,0,0,81,62,31,1,0,1,168,43,0,1,19,0,56,0,5,26,0,0
575,1,0,0,0,50,60,0,0,0,18,0,0,59,61,57,1,168,57,0,43,0,0,20,0,0,0,5,0,0,0
576,1,174,0,0,54,60,0,0,0,30,0,0,0,0,27,1,75,57,0,37,0,0,15,0,5,0,5,0,0,59
577,1,185,1,1,4,49,1,1,1,4,10,26,0,0,27,1,75,57,0,0,0,42,0,0,5,0,0,0,50,59
578,2,181,43,1,18,13,1,1,5,0,67,26,0,0,26,0,61,0,0,37,0,0,0,0,5,0,0,4,50,59
579,2,77,39,0,23,1,0,1,5,1,79,191,0,0,26,0,0,0,0,37,0,0,0,0,5,0,24,63,26,0
580,3,9,39,0,19,0,0,1,5,1,60,169,0,20,24,0,0,0,68,37,0,0,4,0,6,0,24,59,26,26
581,26,1,39,0,19,0,1,0,4,1,12,228,0,20,1,0,36,9,67,1,5,0,5,0,0,49,50,0,0,26
582,25,1,53,0,19,0,0,1,42,0,12,228,0,2,0,0,37,9,15,0,5,0,25,1,0,49,50,0,0,26
583,36,1,52,0,5,0,14,0,38,0,1,59,5,3,0,70,0,9,52,0,5,0,25,0,0,49,7,169,0,0
584,36,1,26,0,0,67,14,0,37,1,0,59,5,3,0,44,0,25,37,0,5,0,9,0,0,49,12,169,1,0
585,26,1,26,1,1,70,14,1,37,24,0,60,49,8,5,0,9,12,37,0,0,0,0,0,0,169,5,0,1,44
586,13,2,0,12,2,94,26,1,49,23,0,60,0,18,5,0,46,13,0,1,0,0,0,2,0,183,5,0,1,44
587,13,2,6,12,2,77,26,169,49,82,0,1,0,18,1,0,46,4,0,19,0,0,0,2,13,14,0,0,0,44
588,13,0,6,12,0,0,82,169,49,3,0,0,0,0,1,0,77,4,0,43,0,0,0,44,13,14,0,0,2,68
589,2,13,1,1,0,0,147,2,2,89,14,2,53,0,0,0,1,15,0,43,0,0,169,13,11,0,9,0,2,11
590,2,26,1,123,0,0,1,2,2,89,25,2,53,0,0,0,1,0,0,25,0,0,65,0,15,9,9,146,2,2
591,0,6,1,123,0,2,1,0,2,89,27,2,2,0,0,0,0,0,0,25,0,20,4,0,76,9,10,146,2,53
592,0,6,0,0,0,2,90,1,0,2,27,3,2,0,146,0,0,0,0,25,0,20,4,0,199,9,10,0,1,53
593,13,0,2,0,0,2,2,109,0,2,0,3,1,0,38,0,0,0,0,0,0,20,31,114,184,9,11,0,0,59
594,13,0,2,9,0,6,19,109,0,2,0,1,1,0,38,65,0,0,18,4,0,0,29,96,184,0,2,2,0,0
595,13,1,2,92,0,6,19,109,0,2,0,1,1,0,47,65,0,0,18,4,0,0,4,4,184,25,1,2,0,0
596,15,4,0,92,0,0,19,0,47,0,0,1,138,0,118,65,0,38,23,4,0,1,6,1,0,25,1,0,0,2
597,15,4,1,1,1,1,27,1,47,2,0,1,57,0,84,59,0,38,23,4,0,1,3,0,118,1,0,91,20,0
598,15,4,0,0,1,1,24,1,47,2,0,0,1,0,84,0,60,38,23,0,0,2,3,1,122,0,0,91,20,60
599,14,63,0,1,1,59,0,1,47,2,0,4,1,46,50,0,59,0,0,0,0,2,0,3,132,0,0,88,20,7
600,2,110,0,1,1,59,1,0,0,2,0,4,59,46,50,0,0,0,0,0,0,2,0,3,47,1,0,185,20,7
601,0,110,0,1,1,75,1,0,2,0,46,11,0,2,50,0,0,2,59,1,0,0,3,0,105,4,0,122,0,5
602,0,0,0,0,0,0,1,0,2,1,46,11,0,112,75,1,0,2,47,1,0,0,45,62,63,9,0,122,0,0
603,0,5,0,0,0,0,0,0,2,0,46,12,0,112,75,1,4,2,47,1,0,0,40,12,59,9,0,122,1,50
604,0,5,53,48,0,0,0,0,2,4,46,8,0,0,0,1,4,64,0,1,19,0,40,8,59,9,0,178,1,50
605,0,5,53,48,0,50,0,0,105,16,55,8,0,0,63,1,1,64,0,0,43,0,0,8,0,0,0,79,1,0
606,0,48,53,0,0,55,75,0,103,16,9,8,0,0,63,1,1,64,0,46,43,2,0,8,0,0,0,4,1,0
607,0,48,53,29,18,0,75,20,103,0,9,104,8,0,0,1,0,35,0,46,43,2,0,4,0,0,0,0,1,1
608,0,0,48,30,18,0,2,20,103,0,8,103,0,0,0,74,0,35,0,46,43,0,0,4,8,0,53,0,4,1
609,0,1,48,70,12,0,2,0,38,0,8,103,0,0,4,73,20,54,0,46,24,2,0,0,8,0,53,0,3,31
610,0,1,48,70,44,0,62,0,6,59,0,44,28,0,4,73,4,38,8,43,0,1,0,0,24,0,7,0,5,31
611,0,1,48,70,44,0,135,0,6,59,0,0,28,0,5,19,4,19,8,0,0,1,0,43,24,0,6,0,5,75
612,0,0,48,0,44,0,170,0,6,0,1,0,1,40,1,45,0,19,8,0,0,0,0,43,2,0,6,59,5,102
613,0,0,0,0,0,0,154,0,0,0,1,48,0,56,0,119,43,19,8,0,6,0,0,0,0,0,6,60,5,75
614,0,0,0,18,0,0,154,0,3,40,7,48,0,16,19,106,43,0,8,0,6,0,0,0,0,0,0,60,0,72
615,0,60,0,18,1,0,108,0,49,48,6,48,69,16,19,79,0,1,0,0,6,0,0,0,45,0,0,0,0,27
616,0,4,0,18,1,60,0,0,153,27,6,88,69,42,0,79,0,1,0,0,6,0,0,0,45,0,0,0,0,1
617,1,1,4,0,1,60,0,48,153,0,6,40,69,40,18,45,27,1,0,0,6,0,0,0,45,0,0,0,34,1
618,1,5,14,1,3,60,0,48,105,61,0,40,94,26,0,0,27,30,0,0,6,0,0,0,45,0,0,0,34,0
619,1,5,104,1,2,0,0,135,18,0,0,40,49,87,0,0,27,30,0,0,6,0,60,0,0,1,0,0,34,0
620,27,4,90,2,2,0,0,87,1,39,0,0,66,60,0,0,0,30,48,0,7,28,74,0,0,35,0,0,0,0
621,27,1,49,1,3,7,1,1,1,46,1,0,63,51,0,0,0,27,48,0,7,21,113,10,0,121,0,0,0,1
622,26,45,4,0,62,58,1,48,0,46,1,0,3,0,25,0,0,3,2,0,7,0,59,10,54,121,0,1,23,1
623,26,46,11,0,62,51,1,47,0,46,1,0,3,0,25,1,84,3,1,0,7,2,0,0,1,37,0,123,22,0
624,27,22,7,0,15,52,1,47,0,0,0,0,2,92,25,1,84,3,1,0,0,0,4,9,1,0,0,160,47,0
625,27,22,7,1,0,23,0,1,0,0,0,29,2,46,0,0,0,28,16,0,0,0,4,7,3,0,0,206,47,131
626,1,45,7,1,1,1,0,0,0,0,118,29,3,1,1,0,0,25,16,22,0,0,6,6,2,0,0,137,47,131
627,1,57,1,1,1,4,0,0,0,0,118,136,3,3,1,0,0,25,15,22,0,0,2,0,2,47,0,161,0,0
628,1,0,16,58,1,4,0,0,0,0,94,136,26,2,2,0,3,24,55,22,0,0,2,0,0,47,0,106,0,1
629,2,4,0,51,0,4,0,7,0,0,68,40,42,2,2,0,0,1,55,22,0,0,2,71,0,0,0,97,33,97
630,1,4,55,51,0,0,0,7,2,0,68,40,17,4,0,0,0,2,38,22,1,27,0,71,97,0,17,1,33,42
631,1,4,55,22,33,0,51,71,2,0,0,40,92,4,0,0,0,2,0,0,1,27,38,0,98,0,17,0,0,42
632,1,0,0,22,33,0,106,71,2,0,15,0,77,4,0,0,0,2,0,0,1,27,38,0,138,42,17,0,4,0
633,3,1,1,1,33,0,58,70,2,0,183,51,6,0,0,0,0,0,0,0,1,0,30,27,40,64,17,8,4,0
634,3,1,1,0,34,4,58,70,2,0,183,51,6,0,0,0,17,0,0,0,0,0,0,27,71,64,0,8,0,0
635,2,81,0,0,1,4,0,0,0,0,183,51,1,0,0,0,1,0,2,116,0,1,0,27,31,33,0,8,0,58
636,2,17,64,0,1,4,0,0,0,0,183,51,3,9,0,0,1,0,0,116,0,59,0,0,58,24,3,5,0,0
637,1,17,64,1,0,0,0,0,0,8,0,0,3,13,0,0,25,0,0,159,183,60,0,0,58,0,3,0,0,5
638,1,17,64,1,0,0,5,0,0,8,9,0,0,33,0,3,25,0,29,51,183,31,0,108,29,0,3,0,0,0
639,1,0,64,0,0,31,5,13,4,2,9,0,0,33,0,3,25,0,29,51,179,0,0,96,29,6,3,0,0,17
640,1,17,64,0,2,34,0,13,15,0,9,20,0,33,27,9,9,0,25,45,168,0,0,101,2,6,0,0,0,0
641,1,17,0,0,2,53,0,0,15,0,6,20,5,100,27,9,4,0,25,0,116,0,101,52,2,6,26,13,0,0
642,0,0,0,0,2,77,0,2,131,0,6,37,0,101,1,13,0,27,0,0,0,0,101,52,0,6,26,18,0,0
643,0,0,0,0,2,77,1,2,131,0,0,37,0,101,0,10,0,27,0,0,0,0,101,52,6,6,29,12,6,0
644,0,5,20,0,29,0,1,2,0,0,0,17,126,72,0,4,0,5,26,6,0,0,149,67,31,0,20,12,8,0
645,0,5,20,0,75,0,0,0,0,6,0,17,126,0,4,0,0,75,26,6,0,0,127,44,33,0,14,12,8,2
646,0,0,0,83,75,20,0,5,0,37,0,17,126,0,4,0,0,75,26,6,0,0,44,0,2,0,14,12,8,46
647,0,0,0,83,75,26,8,5,0,10,0,12,0,31,0,0,43,75,26,23,0,0,1,126,2,0,0,8,0,46
648,0,0,0,83,76,29,8,35,26,7,0,14,0,31,0,0,43,11,0,23,0,0,1,125,2,64,0,8,0,14
649,0,0,0,0,47,52,3,118,27,30,7,14,0,0,0,29,0,5,0,17,7,6,28,0,127,69,0,0,0,14
650,0,52,0,0,6,0,0,177,27,25,7,14,0,0,0,3,0,0,5,17,7,6,47,0,127,5,46,0,3,26
651,0,46,0,0,6,17,0,177,27,6,85,2,5,0,0,3,0,0,5,0,9,6,47,0,72,0,46,12,3,26
652,0,46,26,0,119,64,0,90,1,6,85,2,11,0,0,3,0,0,0,0,9,0,0,5,84,0,46,3,0,0
653,0,0,26,5,113,45,0,92,0,0,78,2,6,19,52,0,0,0,0,3,9,0,0,5,84,8,46,7,0,0
654,0,0,26,15,223,35,6,28,0,7,103,0,0,19,0,0,0,0,0,3,49,0,2,52,12,8,0,12,0,0
655,0,0,32,15,110,0,0,28,0,7,103,0,0,19,0,0,125,0,9,3,47,0,37,52,0,8,0,5,0,0
656,0,0,6,15,136,0,0,0,0,0,44,0,2,26,0,26,125,0,9,3,47,0,37,52,0,8,0,5,0,59
657,0,3,6,15,26,0,0,0,19,0,25,0,5,26,0,26,0,7,9,1,47,0,16,52,0,0,0,148,110,59
658,0,2,6,1,26,0,19,0,19,0,25,52,0,0,0,39,2,7,0,0,47,0,16,12,0,0,0,148,120,59
659,0,0,2,1,0,0,19,0,19,0,0,52,0,0,0,39,25,7,26,0,47,0,2,196,0,14,0,0,79,72
660,28,0,2,0,0,0,19,0,19,0,0,52,0,0,0,39,180,7,26,1,19,0,2,41,0,14,0,70,79,2
661,28,1,27,1,1,1,1,1,14,26,19,52,0,19,41,39,173,0,0,1,0,0,2,2,0,0,0,70,81,0
662,28,0,27,1,1,1,1,25,14,6,78,67,0,25,41,0,0,0,173,1,0,79,0,2,20,0,0,6,4,0
663,28,0,27,0,1,0,1,99,14,6,78,67,0,19,44,1,0,0,178,1,0,4,0,0,20,0,0,8,4,0
664,28,2,0,0,0,1,1,103,14,0,78,64,27,0,44,1,0,3,5,1,0,179,0,19,20,0,0,8,2,0
665,28,2,8,0,23,2,1,59,14,0,0,5,27,0,1,0,1,81,5,0,0,156,0,19,20,43,0,103,2,0
666,0,43,8,0,37,2,0,34,29,0,28,0,39,0,28,0,1,81,0,1,0,154,0,5,0,7,0,103,0,0
667,0,41,10,0,37,1,0,2,29,0,28,0,39,99,27,0,5,81,0,1,0,1,2,0,0,39,0,4,154,0
668,0,0,9,0,37,42,0,2,29,39,28,0,31,99,27,0,27,59,0,1,0,1,3,0,0,8,0,76,82,0
669,1,3,2,1,0,42,37,2,57,39,0,0,31,2,124,0,0,56,0,1,0,1,8,0,0,69,0,99,25,0
670,1,2,21,1,0,42,37,0,28,19,0,0,10,2,97,0,2,56,0,0,0,26,15,2,0,88,0,100,51,0
671,1,88,1,0,58,0,39,0,28,3,0,56,2,43,154,25,10,0,0,0,0,46,9,2,0,0,0,7,26,2
672,0,64,0,0,58,27,0,2,28,43,0,56,0,0,100,25,10,1,26,0,0,19,10,65,0,0,3,6,0,57
673,0,27,6,0,58,62,0,47,1,43,0,56,0,8,55,0,19,1,26,0,28,0,40,59,0,0,3,6,0,55
674,0,27,63,0,58,30,0,47,1,76,0,0,0,14,55,55,19,1,0,0,28,26,39,2,0,0,1,56,0,2
675,0,39,63,0,0,10,0,0,1,27,0,0,0,14,75,29,19,0,47,0,70,26,43,26,1,2,1,105,0,2
676,0,53,59,0,64,0,19,1,1,27,0,0,0,0,20,29,26,0,47,0,70,0,43,26,1,6,1,105,0,2
677,0,53,59,0,64,2,21,0,0,0,0,29,0,0,33,0,26,1,101,0,42,0,17,0,13,6,0,105,28,0
678,0,9,59,0,64,2,2,0,0,0,2,178,0,0,34,0,0,20,93,0,42,0,43,4,20,0,0,0,28,0
679,0,0,56,0,17,2,0,0,0,48,13,178,0,0,73,0,16,19,57,0,41,0,28,4,20,0,0,0,28,0
680,0,0,56,25,17,0,0,16,2,143,13,83,0,0,93,0,0,34,32,0,26,4,28,0,0,0,0,0,28,0
681,0,0,56,25,9,0,0,16,3,128,39,98,0,0,20,0,28,15,32,33,0,4,35,0,19,0,0,0,0,40
682,0,39,17,25,9,0,0,44,1,43,0,65,87,0,20,0,56,15,0,33,0,37,35,1,19,0,31,0,0,23
683,0,80,17,25,0,0,0,28,10,0,0,33,143,0,1,32,0,15,14,33,0,23,27,17,19,27,31,0,0,25
684,0,80,70,17,0,0,0,28,35,0,0,0,143,0,1,15,0,15,22,8,0,0,20,16,44,27,1,0,0,58
685,0,56,74,17,1,0,0,28,35,0,0,0,0,0,15,95,0,0,18,27,0,0,20,159,26,26,1,0,0,2
686,0,59,44,17,1,0,0,0,27,0,0,15,0,0,40,80,35,0,8,55,0,26,1,78,23,8,0,0,81,2
687,0,67,44,0,66,0,35,0,27,0,0,15,17,0,40,80,0,0,0,48,0,33,0,13,23,8,0,3,81,0
688,0,67,44,0,66,0,48,0,0,0,0,15,18,1,40,80,0,0,0,47,0,33,2,0,23,7,0,1,108,0
689,0,52,0,34,65,0,48,0,0,0,0,31,18,1,23,80,10,0,0,47,0,33,19,0,23,6,0,1,109,0
690,0,2,17,22,65,0,15,80,26,0,0,66,27,1,23,0,10,1,0,62,0,0,42,109,0,5,0,0,27,0
691,0,18,0,27,1,0,0,80,26,27,0,66,0,1,81,23,15,1,0,48,0,15,42,28,0,0,9,64,28,0
692,0,17,0,38,1,1,0,81,26,27,0,66,0,15,81,0,23,1,3,34,0,15,42,28,0,0,9,64,28,0
693,0,0,0,0,1,1,8,81,26,19,0,66,15,32,38,62,23,0,3,34,0,0,0,0,29,42,9,83,0,28
694,0,0,0,0,0,16,8,65,26,0,0,28,16,17,53,81,3,19,23,15,0,0,1,0,111,42,47,29,0,0
695,0,0,0,0,0,15,8,65,0,62,0,0,0,17,15,81,3,19,32,0,0,0,2,0,111,58,38,44,30,0
696,0,0,41,0,0,15,8,0,0,33,3,0,0,0,15,106,3,43,29,0,0,29,1,0,112,50,38,44,30,0
697,0,0,61,19,0,15,0,33,0,0,114,0,0,0,15,106,3,25,9,27,0,3,24,0,1,33,38,18,56,0
698,0,0,99,19,0,0,0,0,0,0,114,2,36,1,15,106,15,25,9,27,0,0,24,0,17,0,1,34,56,0
699,0,0,99,19,12,0,0,1,2,0,114,2,36,1,16,25,0,25,9,107,0,24,0,0,17,0,31,34,26,0
700,0,0,0,0,17,0,0,1,2,0,114,2,31,1,15,0,0,25,0,133,0,24,16,0,1,0,105,59,35,19
701,0,0,0,0,17,0,0,1,2,13,134,2,31,1,2,0,0,25,0,121,0,7,16,0,21,0,105,25,58,19
702,0,0,61,1,5,0,0,0,110,0,26,2,15,14,2,0,0,16,1,41,0,7,16,0,20,0,44,85,35,99
703,0,0,73,1,6,0,0,0,125,0,26,0,0,62,1,3,0,16,1,39,0,7,16,0,20,0,32,36,37,99
704,0,0,45,1,25,5,25,10,123,0,26,0,33,62,0,3,1,32,0,14,0,0,0,0,17,0,39,0,14,125
705,0,42,4,0,25,5,25,2,15,0,43,0,3,62,0,3,11,32,0,14,9,0,0,41,1,0,39,0,110,114
706,0,16,4,0,25,145,25,2,0,0,17,13,29,49,0,3,11,23,0,14,9,0,15,41,1,0,39,9,110,0
707,0,27,0,3,103,76,7,2,0,4,17,38,29,65,0,5,25,16,0,0,9,0,15,0,33,0,9,9,108,0
708,0,43,0,3,101,50,7,2,0,4,0,38,19,84,0,7,25,0,0,0,9,0,15,0,33,10,9,9,108,24
709,0,0,78,16,0,57,7,2,0,4,0,52,19,84,0,7,23,0,0,0,9,0,0,29,35,10,4,23,117,24
710,0,0,159,15,0,23,31,5,0,0,23,52,29,84,0,7,0,1,0,0,0,4,56,9,34,27,4,24,9,4
711,0,0,74,15,0,46,0,0,0,61,107,14,16,0,0,7,0,24,32,0,0,4,85,9,2,27,2,62,9,4
712,0,0,10,0,0,0,0,25,0,109,107,14,62,0,0,0,0,24,32,0,0,11,112,0,2,15,2,38,33,4
713,0,0,58,36,0,0,0,25,0,74,30,0,37,77,0,0,14,23,13,0,0,47,112,0,0,15,6,9,24,0
714,0,0,101,36,0,25,0,2,1,74,30,6,37,77,0,0,125,23,9,0,0,10,1,0,0,15,4,0,24,0
715,0,0,62,62,35,48,4,2,1,0,0,6,115,77,0,0,125,0,33,0,0,10,1,0,0,15,4,0,0,0
716,0,0,2,0,35,48,4,101,1,0,15,6,113,77,0,2,26,0,33,0,0,10,0,5,62,0,0,0,60,0
717,0,0,7,0,35,23,0,101,34,0,15,1,113,77,25,2,0,0,0,0,0,10,5,4,62,26,0,0,60,0
718,0,0,7,0,35,23,0,0,34,101,15,1,12,0,25,2,0,0,0,0,77,33,5,4,39,26,101,0,60,0
719,0,0,7,0,0,23,1,0,46,37,16,0,0,0,37,2,0,10,35,0,77,23,5,68,26,26,101,0,60,0
720,0,0,60,0,0,23,1,37,28,0,1,0,0,0,31,0,18,25,35,0,79,23,0,68,63,0,101,2,0,5
721,0,5,73,0,0,25,0,37,13,16,25,0,0,0,56,0,18,25,0,0,112,123,0,60,12,0,0,0,0,0
722,0,5,62,0,10,0,0,0,13,17,24,0,60,0,56,0,38,1,11,0,111,113,0,0,37,25,0,0,17,0
723,0,4,62,0,23,0,0,0,83,17,24,1,60,0,23,0,37,34,12,0,28,113,0,0,37,25,0,0,17,0
724,0,0,0,0,16,0,0,0,83,1,0,1,0,0,113,48,23,34,12,12,28,0,0,0,37,127,0,0,28,37
725,1,0,0,0,16,26,122,0,83,1,0,28,0,0,28,48,2,5,12,12,0,0,28,23,10,127,0,0,28,0
726,1,0,0,0,0,26,170,23,17,0,0,28,0,0,20,0,2,13,60,12,0,0,28,23,10,143,0,1,23,0
727,1,0,0,0,0,26,25,23,17,108,0,52,145,20,0,0,3,8,60,22,0,0,28,23,0,16,0,5,18,0
728,1,26,116,0,0,28,0,23,17,67,0,24,108,0,25,0,1,8,0,22,0,28,43,0,0,1,2,42,18,0
729,0,26,56,0,18,153,0,0,17,27,1,24,130,0,0,5,1,8,0,0,0,38,43,0,0,0,15,37,1,0
730,0,0,56,0,18,283,8,1,0,27,1,50,0,0,0,5,0,0,0,0,0,38,43,0,0,17,15,37,1,0
731,0,43,0,0,11,43,8,1,0,25,1,43,56,0,0,5,0,0,0,9,0,0,37,0,0,17,15,7,278,1
732,0,43,0,1,11,44,0,0,0,25,0,26,55,0,8,5,0,0,0,9,0,18,38,17,0,0,15,7,278,0
733,0,25,0,1,0,1,0,0,11,0,0,26,273,0,8,5,0,55,0,8,0,73,1,17,1,0,15,7,48,25
734,0,0,0,0,17,1,0,17,0,0,0,0,230,32,9,0,37,55,0,13,2,56,1,0,1,0,13,0,91,25
735,0,0,0,0,17,0,0,248,0,32,0,0,37,32,17,0,0,55,0,5,2,24,1,0,1,0,13,0,91,25
736,0,13,0,0,17,0,8,209,0,64,0,0,104,0,9,0,0,18,0,5,2,24,1,37,1,0,0,0,43,45
737,0,23,0,0,17,0,41,3,49,32,1,0,104,0,8,0,0,18,0,5,2,32,2,243,0,0,0,0,0,20
738,0,10,0,0,6,0,41,37,49,0,1,1,98,0,31,0,0,0,0,13,0,32,1,243,0,0,17,0,0,20
739,0,243,0,0,6,0,41,26,49,0,4,9,0,0,18,0,0,0,10,13,0,40,1,0,0,98,17,20,0,5
740,0,206,0,27,6,0,33,0,49,0,12,9,20,0,0,37,29,0,10,13,0,39,18,0,0,70,17,0,0,5
741,0,31,0,3,0,1,33,24,0,206,11,0,20,0,0,37,78,0,10,13,0,8,18,9,0,70,17,0,6,5
742,0,0,0,0,0,1,0,52,0,45,8,17,237,13,0,37,52,0,10,0,0,8,7,7,0,0,0,11,39,56
743,0,8,0,24,0,0,0,28,10,6,8,17,237,18,0,0,2,0,0,0,0,50,39,7,0,1,0,18,39,88
744,0,8,0,24,0,0,0,28,10,8,0,17,293,18,0,0,2,0,0,0,0,51,39,7,0,1,0,18,0,76
745,0,16,0,0,0,0,26,0,10,0,0,17,225,1,0,7,1,68,0,0,0,35,39,94,0,37,0,18,0,6
746,0,16,0,1,0,0,26,0,164,0,0,27,14,1,0,7,0,68,0,0,0,35,39,94,0,53,0,8,47,0
747,0,16,0,1,0,0,0,0,164,17,0,18,37,1,0,19,0,68,0,0,0,75,27,94,0,16,0,0,47,0
748,0,16,0,0,0,16,0,0,164,17,0,18,28,27,1,21,0,0,0,0,0,47,0,1,68,35,0,0,141,0
749,0,0,0,0,0,16,0,35,164,17,0,18,0,27,1,21,0,0,28,0,0,33,14,1,68,16,0,0,141,0
750,0,13,2,0,0,16,0,62,162,0,0,18,0,0,5,8,1,0,28,0,0,33,14,1,68,16,0,17,136,0
751,0,13,2,84,0,0,0,104,162,0,0,0,0,0,21,8,1,0,28,0,0,33,15,0,0,0,0,35,94,0
752,0,13,2,106,0,0,0,156,0,0,0,0,0,0,22,41,0,42,0,0,162,0,15,0,0,28,0,13,0,0
753,0,8,2,106,0,0,0,63,0,86,0,0,0,0,7,53,0,42,0,0,162,0,15,0,0,41,0,0,0,15
754,0,28,2,5,0,3,0,63,0,233,0,33,101,0,7,20,8,42,14,0,13,0,0,0,0,13,0,0,0,15
755,0,0,0,5,13,54,0,50,0,233,6,33,58,0,27,25,8,15,14,2,0,0,0,0,0,13,0,0,0,44
756,0,0,0,5,13,68,0,50,0,149,6,55,0,0,27,25,8,15,0,2,0,0,0,13,0,0,0,0,58,106
757,0,13,20,0,13,14,62,0,0,0,6,105,0,0,32,5,0,149,0,2,0,0,0,54,15,0,0,0,58,52
758,0,13,20,0,13,14,62,33,0,8,21,72,0,0,32,5,42,149,0,0,0,0,0,54,2,0,0,0,16,44
759,0,0,20,62,27,0,0,33,0,14,15,101,0,0,0,0,47,149,0,0,0,0,0,25,15,32,0,0,16,44
760,0,0,0,62,14,0,0,33,0,0,83,101,0,53,0,13,0,62,0,0,0,47,0,0,40,32,0,44,16,0
761,0,0,0,62,14,0,0,6,0,134,68,29,0,53,74,13,0,0,32,0,0,47,0,0,25,16,0,27,0,0
762,0,0,0,0,0,62,0,25,0,73,68,29,0,53,45,13,29,0,32,0,0,46,0,62,0,16,0,33,14,0
763,0,0,0,0,16,62,0,25,0,1,15,0,0,0,117,13,29,0,32,0,0,46,53,62,29,53,0,33,14,0
764,0,0,0,0,58,0,0,0,0,63,15,0,0,0,85,0,29,0,0,45,0,0,53,95,33,78,0,32,14,0
765,0,0,0,0,58,0,0,0,0,0,0,0,0,0,126,0,0,0,0,45,0,0,104,68,60,93,0,32,0,14
766,0,0,0,0,58,0,0,64,53,68,0,0,0,0,62,0,0,0,0,45,0,0,51,0,60,93,0,32,0,14
767,0,0,0,0,42,14,17,64,53,68,0,0,0,0,61,29,0,0,93,28,0,0,51,0,47,0,0,0,32,1
768,0,0,0,0,0,14,17,0,53,103,0,28,0,64,0,29,51,31,93,0,0,0,0,68,16,0,0,0,32,1
769,0,0,0,0,0,102,0,0,8,1,0,28,0,64,14,2,51,31,138,0,0,44,0,68,16,0,0,0,32,1
770,0,12,0,0,0,102,0,0,8,14,0,28,0,0,0,2,51,19,138,0,0,45,16,68,64,0,0,0,32,1
771,0,8,0,0,0,41,93,61,8,14,0,28,4,0,51,0,32,0,45,2,0,45,103,0,65,0,0,0,0,0
772,0,22,0,0,0,41,10,61,0,0,0,0,4,0,51,0,0,28,0,34,0,45,111,0,65,83,0,45,0,0
773,0,22,0,41,45,0,0,0,0,0,0,0,65,0,0,0,64,28,0,34,0,0,0,0,52,93,0,156,0,0
774,0,0,0,41,45,0,22,0,0,0,0,4,61,0,0,0,14,28,0,34,0,0,0,68,52,25,0,156,50,0
775,0,0,156,0,1,0,14,0,0,0,0,4,0,0,41,0,105,28,0,42,0,39,0,68,52,0,0,0,50,0
776,0,0,180,0,0,41,34,0,0,41,0,4,0,0,0,0,157,28,0,8,0,39,0,68,0,0,0,0,0,0
777,0,2,50,0,0,41,175,0,0,0,0,4,0,0,68,0,181,28,0,8,0,2,0,0,0,0,0,41,0,0
778,0,2,139,0,5,50,77,4,0,0,23,0,0,0,68,0,181,0,0,8,0,2,0,3,0,0,0,38,0,0
779,0,0,80,0,5,50,77,4,0,2,0,8,0,92,38,68,112,0,0,0,0,59,0,5,0,0,0,0,0,0
780,0,0,80,0,5,50,0,27,0,2,0,8,0,69,38,68,0,0,0,0,0,136,0,5,0,0,0,112,0,0
781,0,0,1,0,84,50,0,0,0,29,0,0,0,69,46,68,0,0,0,0,0,136,0,5,0,14,0,98,0,0
782,0,0,1,0,131,0,38,0,0,27,69,13,0,0,8,68,0,5,14,0,0,123,0,0,0,0,97,1,5,0
783,0,131,1,0,131,0,38,0,0,0,69,13,0,0,0,68,0,5,14,0,0,0,0,0,27,0,97,1,5,0
784,0,8,0,0,131,0,161,0,0,69,0,13,0,68,0,0,0,5,14,0,0,0,0,5,27,0,98,0,1,0
785,0,44,14,0,95,0,123,0,0,96,0,13,0,68,0,0,0,0,0,38,0,0,0,5,5,0,98,0,1,0
786,0,37,14,0,8,123,0,95,0,96,0,13,0,68,0,0,0,0,0,38,0,97,0,5,5,0,1,0,0,0
787,0,175,14,0,13,41,0,7,0,96,0,13,0,0,0,0,0,0,134,38,0,0,0,0,0,68,1,0,0,0
788,0,109,0,16,17,41,0,5,0,13,0,0,92,0,104,0,0,0,134,0,0,0,0,0,0,68,1,0,0,0
789,0,11,98,16,17,41,0,5,0,81,0,0,0,0,104,0,0,0,0,0,0,134,0,0,0,0,0,0,92,1
790,0,0,98,14,4,0,0,0,0,81,0,0,0,5,104,0,0,0,0,0,0,147,41,2,0,1,0,0,103,0
791,0,0,56,0,0,0,90,0,0,0,0,0,0,5,81,0,0,0,0,0,0,151,41,44,0,105,0,0,27,0
792,0,0,0,0,147,27,90,0,0,0,0,0,0,46,81,0,0,0,0,0,0,60,0,42,0,105,0,0,0,2
793,0,0,0,0,147,8,65,0,0,0,0,0,0,46,0,0,100,0,0,0,0,127,1,0,0,104,0,0,0,2
794,0,0,15,0,147,10,42,23,0,0,0,5,0,26,0,0,73,0,0,0,0,67,165,0,0,0,0,0,27,0
795,0,0,15,0,114,10,60,23,0,0,0,5,0,2,0,0,71,0,0,0,0,49,165,0,26,0,0,0,60,0
796,0,49,15,0,0,11,60,23,50,0,0,5,0,2,0,0,0,0,0,0,0,64,164,0,26,0,0,0,131,0
797,0,49,19,0,0,3,0,25,50,14,0,45,0,0,0,0,0,0,0,26,8,64,164,0,0,0,2,0,131,0
798,0,120,19,0,0,0,0,2,50,14,0,45,0,0,3,23,13,0,0,26,8,215,0,0,0,0,2,60,0,0
799,0,71,18,0,49,0,0,16,0,3,0,42,0,0,3,24,13,0,0,26,8,215,1,50,0,0,2,59,0,0
800,0,71,0,0,49,0,0,16,8,104,0,93,0,26,1,24,31,0,0,0,0,63,1,50,12,2,2,47,0,0
801,0,0,0,0,49,0,0,87,21,101,0,51,63,26,1,24,60,3,0,0,0,0,1,0,12,2,2,97,0,0
802,0,2,0,0,51,0,0,186,21,0,0,51,24,26,1,0,61,3,47,0,0,0,0,0,12,2,0,113,0,0
803,0,2,49,0,2,26,113,172,21,0,0,51,24,0,1,0,1,3,47,32,0,0,0,0,12,2,0,0,42,0
804,0,2,49,0,2,76,63,0,21,104,0,51,24,0,0,0,1,3,47,32,68,0,12,0,0,3,0,0,42,0
805,0,0,1,0,2,76,63,3,1,101,0,0,23,2,0,0,1,0,47,32,68,0,12,0,0,1,51,48,23,45
806,0,3,1,0,2,0,0,0,1,0,0,0,0,2,139,23,0,101,0,32,116,0,12,0,0,0,52,48,23,45
807,0,3,0,0,3,2,0,0,1,32,0,0,23,0,139,23,0,101,0,12,116,0,0,0,0,1,52,48,2,42
808,0,0,2,0,3,2,0,0,34,32,0,0,26,0,139,57,0,101,0,12,83,0,0,0,0,1,94,14,0,0
809,11,0,0,0,3,31,0,0,33,40,0,1,97,0,5,57,0,144,0,12,48,0,51,0,0,0,43,2,22,0
810,11,0,15,0,3,31,0,0,33,36,8,1,79,23,1,34,2,146,0,12,40,0,51,4,0,18,28,2,22,0
811,22,0,15,0,3,2,0,79,33,36,8,1,0,70,2,34,0,88,0,12,0,42,51,4,0,18,28,14,37,1
812,22,0,54,0,3,0,0,79,33,0,0,1,22,78,4,46,18,66,0,0,0,3,51,0,0,8,0,50,29,33
813,22,1,39,81,0,3,0,77,3,0,0,35,22,78,4,12,0,0,0,0,0,18,0,15,69,8,0,80,29,4
814,22,1,39,29,0,109,0,0,3,4,0,4,22,102,0,54,0,0,0,1,0,18,0,15,69,8,0,100,0,0
815,0,0,106,25,0,109,4,0,3,4,22,4,22,52,15,42,0,0,0,1,0,65,0,0,69,15,0,34,0,8
816,0,0,106,0,0,34,4,0,0,26,0,4,0,149,17,42,0,1,57,1,0,8,0,25,69,15,0,0,0,42
817,0,0,67,0,73,2,4,0,0,22,0,73,0,97,9,0,8,9,57,50,0,13,0,58,0,15,0,8,0,35
818,0,0,8,0,73,2,4,0,0,26,0,69,67,97,3,16,0,10,57,55,0,13,0,42,0,15,0,8,0,35
819,0,67,8,35,73,0,0,0,0,19,4,69,0,100,2,23,0,10,0,55,0,9,0,42,15,4,0,65,0,0
820,0,1,16,35,34,1,0,0,0,138,4,16,0,42,2,23,0,9,9,152,0,0,0,42,15,4,0,57,0,0
821,0,36,8,3,34,1,0,4,0,119,4,16,0,96,2,23,13,42,9,158,0,0,0,0,15,0,0,17,0,0
822,0,35,0,3,0,9,23,4,35,135,4,0,0,96,2,0,13,58,9,158,0,0,0,0,1,0,0,1,0,14
823,0,35,0,9,1,8,27,0,35,16,4,0,1,97,5,0,13,100,0,116,0,0,0,0,119,0,0,0,0,14
824,0,35,14,139,1,8,4,23,15,16,4,0,0,1,4,0,0,100,0,4,0,0,0,0,119,0,0,112,0,1
825,43,1,18,139,1,8,1,7,15,59,4,0,36,1,4,0,0,16,0,0,0,0,20,0,114,0,0,112,0,1
826,43,1,18,43,1,0,3,7,15,67,39,0,1,0,4,96,0,16,0,0,0,74,20,0,40,0,0,112,0,0
827,43,1,18,0,0,0,3,0,18,70,36,0,14,0,44,96,0,0,0,43,0,74,4,0,23,0,1,0,112,0
828,29,1,4,0,0,0,3,0,18,4,36,0,13,0,0,84,0,0,44,43,14,74,71,0,37,12,1,0,112,0
829,1,1,8,0,2,0,1,0,16,0,0,1,13,45,84,0,0,0,40,62,16,0,66,74,1,50,1,4,114,0
830,1,2,4,0,2,13,110,13,16,0,0,1,0,45,84,28,0,1,40,28,16,0,43,34,0,37,0,4,4,74
831,1,39,20,0,2,13,133,13,0,0,0,1,0,106,0,28,0,1,82,28,16,0,1,34,0,0,0,8,0,74
832,1,37,20,1,2,82,133,13,0,0,0,31,0,93,0,24,0,1,0,1,0,0,1,74,0,76,0,8,0,2
833,0,121,22,0,0,0,23,14,0,0,0,31,0,35,59,0,0,0,0,0,0,0,0,100,7,186,0,2,0,0
834,0,86,2,0,0,0,23,21,0,0,35,32,0,37,59,12,0,0,22,0,0,0,18,82,7,163,0,0,0,1
835,0,43,2,0,43,0,0,21,0,0,35,32,0,37,54,40,0,0,22,0,0,0,18,82,7,163,0,0,0,1
836,0,12,2,0,43,0,0,28,0,0,35,32,0,0,54,71,0,0,15,0,0,0,263,0,44,0,0,0,0,1
837,0,55,0,0,43,0,0,7,0,0,35,1,15,40,0,51,0,14,0,0,0,0,263,0,3,0,31,41,0,1
838,0,35,0,1,40,0,15,7,0,0,0,1,7,40,0,44,2,14,0,0,0,0,172,91,21,35,31,43,1,0
839,0,43,0,0,0,0,106,41,0,0,0,1,14,0,172,1,3,54,0,0,0,0,0,35,60,35,31,3,1,0
840,0,43,0,0,0,0,100,222,0,0,0,1,14,0,11,1,3,40,0,0,0,0,0,35,60,0,31,3,1,35
841,0,43,0,2,0,0,53,181,0,1,0,0,14,0,11,0,2,40,0,0,0,0,0,88,61,0,31,3,47,23
842,0,0,53,42,0,1,0,18,0,2,0,0,7,0,194,0,5,6,0,0,0,0,60,88,4,43,7,23,47,0
843,0,131,53,0,0,1,0,0,7,2,0,0,0,0,236,0,0,6,0,0,0,0,60,18,4,5,7,23,47,0
844,0,56,91,0,0,1,0,0,7,234,0,0,0,0,3,0,0,6,0,0,0,0,72,18,30,5,7,23,47,0
845,0,0,131,0,0,2,0,0,7,236,0,4,0,0,0,0,0,0,23,0,0,0,54,18,66,5,7,0,47,0
846,0,0,131,18,0,2,0,0,7,224,0,4,3,27,0,0,0,0,23,0,0,12,54,0,66,0,4,0,20,5
847,0,0,131,0,0,0,0,0,27,0,0,4,5,45,0,0,0,0,23,0,0,12,1,0,119,0,4,0,0,229
848,0,0,0,0,82,0,0,0,20,1,0,24,5,45,0,0,0,0,79,0,0,145,0,46,53,4,0,0,0,96
849,0,1,0,0,82,68,0,0,20,12,2,24,3,0,0,0,0,0,56,0,0,133,0,43,53,7,0,0,0,96
850,0,44,0,7,75,61,0,0,0,12,2,22,0,94,4,0,20,3,0,0,0,133,7,56,55,3,0,0,0,2
851,0,0,0,19,91,45,0,0,0,0,2,1,0,94,4,21,72,3,0,0,0,133,7,100,3,3,0,0,0,2
852,0,2,0,19,16,82,0,20,0,0,0,1,0,38,98,23,52,3,0,5,0,0,135,100,3,0,0,0,0,3
853,0,2,0,112,44,82,0,20,0,0,0,1,7,38,98,20,24,0,0,8,0,0,128,0,3,1,0,2,7,3
854,0,0,0,100,44,0,12,0,0,0,9,0,7,38,169,0,15,7,0,8,0,0,128,2,8,21,0,22,7,3
855,0,0,128,6,28,0,12,129,0,0,24,2,0,0,40,0,3,7,0,8,0,16,7,134,8,21,0,20,7,0
856,0,0,128,0,28,21,6,129,0,17,24,2,7,0,21,0,3,7,0,3,0,16,7,129,2,19,0,25,0,6
857,0,3,0,0,16,25,2,129,0,17,0,2,9,0,21,3,0,7,0,0,0,0,7,129,24,19,0,25,28,134
858,0,3,0,0,16,25,0,0,0,2,0,2,2,0,28,0,3,7,20,0,0,0,22,2,24,19,0,5,28,392
859,0,3,0,0,16,46,0,0,21,182,0,0,0,0,7,0,23,0,0,0,0,0,29,2,24,0,0,5,30,212
860,0,1,0,0,0,21,0,0,21,180,0,0,0,4,7,24,23,2,0,0,21,0,29,16,24,0,0,217,6,4
861,0,1,0,0,0,17,0,0,21,0,7,0,0,24,29,24,47,2,0,0,26,0,0,392,0,0,0,0,6,4
862,0,0,0,0,0,16,0,0,21,0,7,0,0,25,29,28,24,2,4,23,26,1,0,392,0,0,0,0,2,0
863,0,28,24,0,0,8,0,0,0,0,7,0,0,25,28,0,0,11,5,23,26,21,0,0,0,0,0,0,2,392
864,0,28,24,0,0,0,0,1,0,0,7,0,0,0,33,0,0,25,5,23,25,21,2,0,0,0,0,6,0,400
865,0,0,0,180,0,24,2,1,0,28,7,0,0,0,29,0,0,23,5,20,0,21,27,0,0,0,0,0,0,233
866,7,0,0,180,0,24,2,1,0,46,0,0,0,0,228,0,0,20,21,20,0,0,27,0,9,5,0,0,0,10
867,7,0,10,187,2,0,2,71,0,0,0,0,0,1,223,0,0,20,21,0,0,0,25,0,7,24,0,0,0,0
868,21,6,4,14,2,139,0,14,0,21,0,0,0,62,220,0,0,11,0,41,0,20,5,0,0,20,0,0,0,0
869,21,11,4,14,2,139,0,14,0,21,0,0,20,62,163,0,0,11,0,41,0,20,57,0,0,0,0,0,0,0
870,21,11,0,0,0,0,139,0,4,0,0,0,20,90,2,0,0,11,0,41,0,0,239,0,0,0,0,20,2,0
871,14,6,0,218,0,7,139,0,4,0,0,11,20,87,42,0,0,6,0,0,0,0,21,0,0,0,0,20,2,3
872,14,6,0,218,0,7,139,0,4,5,0,11,0,0,41,0,20,1,1,0,0,0,20,88,21,0,0,0,2,2
873,14,0,0,5,0,7,0,0,4,0,0,6,0,0,265,0,2,7,1,0,0,20,20,4,21,0,139,0,0,85
874,0,0,0,5,0,0,7,0,0,0,0,6,0,0,224,0,6,21,1,0,0,20,20,0,21,45,139,0,0,85
875,0,16,0,0,0,7,5,0,1,0,0,0,0,0,163,0,6,8,0,0,0,20,20,0,21,45,139,6,0,143
876,0,16,0,0,0,7,5,0,1,0,0,0,0,21,163,20,4,8,20,0,0,0,2,0,0,45,139,6,0,143
877,0,0,0,21,4,0,5,0,1,0,162,0,0,0,94,20,0,2,42,0,0,7,2,0,6,45,91,0,48,50
878,0,0,0,43,4,0,5,20,1,0,4,91,0,0,93,0,0,5,22,0,0,7,181,0,6,0,0,0,98,20
879,0,0,0,43,4,0,5,20,2,91,4,91,0,0,1,0,0,5,22,0,0,7,179,0,8,0,0,0,98,20
880,0,0,0,63,4,0,0,9,1,119,0,91,0,0,13,0,1,3,22,0,0,0,181,0,0,0,0,0,0,93
881,0,0,0,20,4,179,0,9,23,119,0,91,0,0,13,0,1,3,0,0,0,0,2,0,0,0,0,0,0,136
882,0,0,0,23,0,179,0,3,23,9,1,91,0,0,47,83,136,2,0,0,0,1,2,0,0,0,0,0,0,0
883,0,0,0,3,0,0,2,125,25,9,2,0,20,36,7,176,43,3,0,0,0,1,0,0,0,0,0,0,148,0
884,0,0,0,3,0,0,2,122,3,0,5,0,20,45,50,176,0,3,23,0,0,0,0,0,0,0,0,0,148,0
885,0,1,0,0,0,0,2,122,3,0,4,0,20,45,48,179,0,5,23,0,0,0,0,0,0,0,0,0,148,0
886,0,1,9,0,0,122,148,0,3,0,4,0,0,0,43,98,0,51,14,0,0,0,4,0,0,81,0,0,0,22
887,0,2,9,0,0,22,148,0,0,0,4,0,0,0,2,3,0,48,0,97,0,0,0,126,0,84,0,0,14,41
888,0,0,9,0,0,0,148,0,0,0,0,0,4,0,1,3,0,30,0,97,0,0,19,126,0,84,0,2,36,41
889,0,0,9,0,0,14,57,0,0,2,0,91,4,0,0,3,0,31,78,97,0,0,20,126,0,6,0,1,22,39
890,0,0,4,9,0,19,126,0,0,2,0,91,0,0,1,0,0,31,81,97,0,0,21,0,0,0,57,0,22,39
891,0,0,3,9,0,86,126,0,0,2,0,91,0,14,1,0,0,78,0,89,0,0,21,0,0,0,57,0,23,0
892,0,0,0,9,0,86,0,0,0,0,0,91,50,14,1,0,0,49,0,165,14,31,7,0,0,0,57,25,1,0
893,0,0,0,9,0,0,0,14,4,0,0,91,50,0,1,0,0,47,0,165,14,31,3,0,0,0,57,27,1,86
894,0,0,57,9,0,0,0,14,4,0,0,0,28,1,2,0,27,45,0,165,14,31,0,0,0,0,0,91,1,111
895,0,0,0,0,0,0,0,0,4,123,0,0,20,15,2,0,27,45,9,71,14,2,0,0,0,0,0,100,0,168
896,0,0,0,0,0,45,0,0,4,139,0,0,65,15,0,0,27,0,9,14,0,0,14,0,0,0,0,100,0,168
897,0,0,0,14,0,59,9,0,5,60,0,152,45,129,0,0,0,0,9,0,0,0,14,0,0,0,0,0,27,77
898,0,0,0,60,0,59,9,0,1,4,0,152,0,129,14,0,0,0,0,0,0,9,14,0,0,0,0,0,2,147
899,0,0,0,60,0,14,14,0,6,4,0,152,0,129,59,0,0,0,0,4,0,0,9,0,57,0,0,0,2,90
900,0,0,0,60,0,14,8,0,6,4,0,152,0,4,59,0,125,0,0,4,0,6,9,0,57,0,0,0,2,90
901,0,0,0,0,0,14,10,0,15,0,0,152,0,4,146,0,57,0,0,4,0,78,0,0,117,0,0,0,0,3
902,0,0,0,0,0,0,65,0,14,0,14,8,57,0,87,0,0,0,0,4,0,73,0,153,117,0,5,0,0,3
903,0,0,0,0,0,0,65,0,14,0,17,8,57,0,67,0,20,0,0,4,0,44,0,91,60,62,5,29,0,57
904,0,0,0,0,0,0,63,0,0,44,17,14,0,0,67,57,77,0,91,0,14,0,0,0,60,62,5,29,0,0
905,0,0,0,0,0,0,0,0,0,44,17,74,0,0,52,57,92,0,154,0,14,0,0,0,1,62,5,28,0,0
906,0,0,0,0,0,0,28,0,0,44,3,74,0,0,52,57,92,0,154,0,14,0,0,0,1,76,5,0,0,0
907,51,0,0,0,0,44,0,0,0,0,72,74,0,1,0,57,3,0,154,20,14,0,0,28,1,76,5,0,0,0
908,51,0,74,0,0,44,14,0,154,0,72,5,1,0,5,0,60,0,0,20,71,0,0,28,1,0,0,0,0,0
909,51,1,62,2,0,0,58,0,154,0,72,5,0,0,5,0,59,9,12,20,62,0,0,0,0,0,0,0,28,0
910,51,0,62,2,0,0,58,0,154,0,72,5,0,0,5,0,0,9,71,20,62,0,0,0,0,0,0,0,28,1
911,51,72,0,1,0,0,0,0,56,5,0,5,0,9,62,0,0,0,71,20,0,0,62,58,0,0,0,0,28,100
912,0,0,0,20,0,0,0,0,56,5,0,0,0,9,62,0,0,0,0,0,0,71,62,73,51,0,0,28,5,158
913,0,0,0,0,0,0,0,76,0,0,0,0,0,0,120,0,9,0,0,0,0,71,4,73,51,5,0,141,5,45
914,0,0,0,0,5,73,0,76,4,0,0,0,3,22,120,0,6,0,0,0,0,49,0,0,51,5,0,141,0,45
915,0,6,0,0,5,78,0,0,4,0,0,29,3,22,58,0,76,0,0,62,0,0,49,0,51,0,0,112,0,45
916,0,6,0,0,5,5,3,0,4,117,96,29,0,0,55,0,76,0,3,62,0,0,27,112,0,0,0,0,0,0
917,1,13,0,0,5,0,3,0,4,117,94,29,0,0,3,0,0,0,60,50,0,0,27,76,0,112,0,0,0,6
918,1,89,0,0,0,0,3,51,5,21,44,8,4,50,3,0,0,0,60,0,0,4,23,117,0,111,0,0,0,6
919,3,56,4,0,0,57,3,51,5,21,44,0,0,147,1,0,0,0,27,0,0,4,0,60,0,14,0,89,8,6
920,3,107,4,0,6,57,0,0,5,21,0,0,60,147,0,3,0,0,27,0,44,4,0,0,0,14,1,89,8,0
921,2,15,1,93,6,107,5,1,5,21,0,14,60,97,0,3,0,0,22,0,44,0,0,0,1,5,5,85,8,0
922,2,0,1,38,6,0,19,2,0,0,0,17,42,0,55,18,0,0,0,0,44,128,22,0,1,107,5,85,8,0
923,0,0,1,38,0,0,24,2,0,2,0,17,0,0,55,18,0,0,14,85,44,170,22,0,1,102,4,1,0,0
924,0,4,0,38,0,0,24,45,0,2,0,17,0,0,3,18,14,1,0,85,5,170,22,0,53,97,1,1,0,0
925,0,12,0,1,0,170,43,45,0,5,0,17,0,19,0,18,6,1,22,86,5,0,0,0,52,0,0,1,0,97
926,0,8,0,1,0,170,39,21,0,5,45,17,0,1,18,1,10,1,22,1,5,0,0,64,52,18,4,0,0,97
927,0,8,0,0,0,113,39,21,0,5,45,17,0,2,24,1,4,1,22,1,62,0,0,64,52,18,4,0,0,97
928,14,0,0,68,0,2,0,21,0,0,45,5,0,115,24,40,3,0,22,1,62,0,0,0,52,17,4,97,0,8
929,14,1,1,68,0,3,0,8,22,3,44,2,0,113,24,40,0,0,21,1,57,0,0,0,52,17,4,97,0,8
930,14,36,1,45,0,66,0,8,22,3,60,2,6,50,31,0,8,52,21,0,57,0,0,0,17,0,4,97,0,0
931,14,36,1,52,3,69,0,0,22,50,16,0,4,0,65,99,8,52,21,0,57,1,11,0,17,0,0,2,0,0
932,14,0,1,88,3,65,0,65,22,0,16,0,0,0,4,99,0,0,21,0,57,1,11,4,69,0,8,52,0,0
933,14,21,1,0,3,65,0,65,22,0,16,0,1,0,149,99,0,0,0,0,0,0,11,73,0,0,8,52,0,0
934,0,7,0,164,0,22,0,0,8,1,30,0,1,65,149,0,0,0,0,0,0,0,0,73,0,0,8,52,20,0
935,0,7,0,216,0,22,0,0,8,1,14,0,0,65,165,1,0,0,0,0,0,0,0,69,4,0,8,0,20,0
936,0,0,0,177,0,0,0,0,8,1,0,8,0,87,204,1,0,14,0,0,0,0,0,69,4,0,0,0,20,7
937,1,9,1,175,0,0,0,0,3,0,114,8,17,22,0,1,0,14,0,0,0,65,0,69,94,0,0,0,0,7
938,1,9,1,0,4,17,0,0,3,175,114,8,0,22,0,1,0,14,0,0,69,65,0,0,94,0,0,0,0,3
939,1,0,0,1,4,17,0,0,3,1,59,8,65,77,0,0,0,14,4,0,69,0,0,1,264,3,0,0,0,9
940,1,0,0,1,4,0,0,0,3,265,59,8,65,69,0,0,0,0,4,0,69,8,0,15,0,3,0,0,17,9
941,1,60,10,1,0,0,0,0,3,271,0,0,43,55,0,22,18,0,4,0,69,8,0,0,0,0,0,0,35,0
942,1,1,0,1,0,17,0,0,2,272,0,0,0,55,102,22,18,0,4,0,69,18,0,0,0,0,0,0,18,0
943,1,1,164,1,0,17,2,43,0,8,0,104,0,0,59,22,18,0,0,0,37,50,0,0,0,0,0,0,18,55
944,0,37,164,0,0,17,0,44,0,8,0,104,0,0,1,22,18,0,0,0,0,32,0,61,0,0,0,0,37,55
945,0,33,164,0,0,0,18,44,0,0,0,104,0,0,1,22,8,0,4,0,0,32,0,61,0,0,0,0,54,55
946,0,33,65,139,0,0,18,0,0,0,0,104,0,0,1,9,0,0,4,4,0,32,21,61,0,0,0,0,17,92
947,0,15,187,139,0,0,0,0,0,0,0,18,0,0,62,8,32,0,4,4,0,0,21,0,0,8,0,0,0,102
948,0,15,187,139,0,0,0,0,0,0,0,73,0,57,4,8,32,0,4,4,0,0,21,0,0,8,0,1,0,47
949,0,0,90,139,0,36,0,0,0,4,21,73,0,57,0,0,0,0,0,4,15,0,0,0,0,8,105,1,0,47
950,0,0,82,139,0,0,0,0,0,4,21,73,36,61,0,0,0,0,0,0,15,0,0,0,8,8,151,0,0,2
951,0,0,0,0,0,57,0,0,138,4,21,0,13,4,0,32,0,0,0,55,15,0,0,1,8,0,152,18,0,82
952,0,0,0,0,0,57,0,82,138,0,21,0,13,3,0,32,0,0,0,55,15,0,0,0,8,4,130,42,0,0
953,0,0,4,0,0,60,0,0,138,0,21,0,82,0,0,0,32,0,61,58,15,0,0,78,8,0,1,42,0,0
954,1,0,4,0,0,3,13,57,138,0,21,0,69,0,0,0,32,0,61,58,14,0,0,120,8,0,1,0,0,0
955,1,0,116,0,7,3,13,57,138,0,0,0,69,0,0,0,0,0,75,3,0,1,55,8,1,21,0,32,0,0
956,1,0,81,0,7,36,0,57,0,138,0,0,69,0,0,11,0,0,75,3,0,1,55,34,0,0,0,32,0,0
957,1,0,4,1,7,35,0,55,0,138,21,0,51,0,0,11,0,0,0,89,0,0,75,34,0,0,1,77,0,0
958,0,0,0,1,21,21,0,55,0,138,25,0,0,0,0,11,0,0,0,137,0,0,75,34,0,4,1,77,0,0
959,0,75,138,1,14,0,11,55,0,0,25,0,7,0,0,0,0,0,22,137,0,0,1,0,0,38,0,76,0,0
960,0,75,138,0,14,0,32,55,0,0,4,0,0,77,0,0,0,0,22,137,0,0,1,0,0,38,0,0,0,7
961,0,1,160,0,14,0,32,0,0,0,0,32,0,80,0,0,0,0,0,105,0,0,39,0,0,0,55,0,0,82
962,0,0,160,0,14,0,32,1,0,0,0,32,0,0,0,0,0,0,0,105,0,0,39,0,80,0,55,4,0,78
963,0,0,160,0,9,0,25,1,0,0,5,31,0,0,0,0,0,0,0,0,7,0,16,23,185,0,55,83,0,0
964,0,0,0,0,0,0,0,1,0,0,14,56,0,0,185,0,0,0,55,0,7,0,16,23,0,160,0,83,0,0
965,0,0,0,0,0,0,0,0,0,0,14,33,1,0,185,31,0,0,55,0,7,0,0,0,0,160,0,91,0,23
966,0,0,0,0,0,0,0,0,0,0,14,8,70,0,29,31,0,138,55,112,7,0,0,0,91,22,0,0,1,22
967,0,0,0,0,0,0,1,0,0,6,1,8,91,0,28,0,0,138,4,112,0,0,7,45,85,0,51,0,23,0
968,0,0,0,0,0,0,5,0,0,6,1,3,91,0,28,0,5,138,0,112,0,0,7,45,85,0,51,0,23,0
969,0,0,0,0,0,0,0,0,0,6,139,0,5,0,21,0,73,0,4,112,0,91,7,0,17,0,54,45,3,23
970,0,112,28,0,0,0,0,0,0,6,139,0,4,0,21,0,27,0,35,0,0,115,7,0,17,0,3,14,3,69
971,0,0,28,0,0,0,112,1,69,0,0,8,4,6,0,0,0,0,31,0,0,46,7,0,29,139,18,4,3,95
972,0,0,28,0,0,0,112,9,73,0,0,0,0,0,0,0,0,0,31,0,0,95,0,46,14,145,18,19,0,10
973,0,0,49,0,0,0,3,9,73,1,0,0,0,19,0,112,0,0,0,0,0,95,0,55,14,145,15,0,0,10
974,0,0,32,0,0,0,11,208,73,1,0,0,58,19,0,112,0,0,0,0,0,37,0,0,7,0,0,27,0,15
975,0,10,22,0,0,0,6,199,73,8,0,0,23,0,0,112,0,0,0,0,0,37,0,35,19,0,0,32,0,24
976,0,16,22,0,0,0,0,0,73,199,0,0,0,8,0,112,0,0,0,0,0,37,0,58,19,0,0,47,0,9
977,0,9,34,46,21,0,0,92,4,31,61,0,0,8,0,43,0,0,0,0,0,0,168,31,20,0,0,23,0,9
978,0,9,34,46,21,0,0,112,0,0,83,0,0,27,0,0,0,0,0,0,0,20,199,0,1,31,9,8,0,0
979,0,9,34,2,21,138,0,139,0,0,83,0,0,0,0,0,0,0,0,0,0,17,61,0,1,75,9,11,0,0
980,0,0,2,0,21,138,0,139,0,42,83,9,0,0,1,0,30,0,0,0,0,2,31,0,0,75,9,18,0,0
981,0,0,2,38,21,138,0,0,0,4,83,9,75,0,140,9,30,0,0,0,0,0,0,0,31,0,2,18,0,0
982,0,0,7,38,0,138,0,0,0,4,0,9,75,0,140,9,30,83,0,0,0,0,0,0,31,0,2,13,21,0
983,0,0,7,38,0,0,0,0,0,133,0,1,75,0,11,17,51,7,0,0,0,0,76,0,31,0,140,13,0,0
984,0,0,1,0,0,113,0,0,0,16,61,1,81,0,49,17,21,7,0,4,0,0,76,0,0,0,140,13,0,0
985,0,0,1,0,0,113,0,0,0,12,65,44,4,46,61,5,42,7,0,4,0,140,55,0,0,0,0,1,0,0
986,0,7,0,0,0,113,0,0,0,0,65,44,1,2,61,17,46,0,0,4,0,172,65,2,0,0,0,1,0,0
987,0,138,0,0,0,7,1,0,0,0,114,44,0,3,12,17,46,0,0,4,0,34,178,2,0,0,0,0,0,0
988,0,215,2,0,0,0,13,0,0,0,53,22,0,1,109,12,0,0,0,0,0,34,103,0,0,0,0,35,0,1
989,0,81,15,0,0,0,163,0,0,0,37,9,0,0,109,12,0,0,0,0,0,34,103,0,1,0,0,35,0,1
990,0,81,13,0,0,0,157,0,0,2,37,9,0,0,119,0,1,0,0,0,0,34,105,0,1,6,0,35,0,0
991,90,81,13,0,0,0,157,0,0,2,0,9,0,35,12,0,1,0,0,0,0,107,52,0,1,40,0,0,0,0
992,90,0,0,13,0,0,163,0,0,11,0,0,0,42,12,0,0,0,0,55,0,84,39,0,1,40,1,0,0,49
993,90,1,0,13,0,0,59,0,0,9,74,0,0,7,162,0,0,0,0,55,0,38,40,0,0,0,1,2,0,49
994,90,0,0,7,0,50,46,0,0,9,74,0,13,0,162,0,0,0,0,55,0,0,40,0,0,0,1,40,13,0
995,90,0,0,7,0,50,46,0,0,9,74,0,13,0,150,0,0,0,12,55,0,0,40,0,0,0,1,40,13,0
996,83,0,40,7,0,50,55,0,0,0,81,0,0,0,12,0,0,0,14,9,0,0,38,13,184,0,1,0,13,0
997,30,1,40,58,0,0,55,0,0,0,7,0,0,0,12,0,12,74,2,9,0,0,38,13,181,54,1,0,13,0
998,28,12,78,51,0,1,55,1,0,0,20,0,135,0,0,0,1,74,2,9,0,0,0,0,46,74,0,0,13,0
999,12,27,38,47,0,1,55,0,0,40,20,0,139,0,0,0,1,52,2,9,0,0,0,36,46,74,0,0,1,0
1000,12,2,0,55,137,0,25,38,0,38,20,0,4,0,0,55,1,52,0,0,0,0,1,36,47,67,0,9,1,0
1001,12,16,1,55,138,21,11,38,0,38,0,1,3,9,0,53,0,0,0,0,0,0,1,36,99,67,0,0,1,0
1002,12,13,1,0,136,59,0,0,1,0,0,1,67,9,56,53,13,0,0,0,19,0,36,0,35,89,0,0,0,0
1003,0,13,1,0,136,59,0,87,1,0,0,1,64,9,56,53,13,15,0,0,19,35,36,0,0,2,0,0,0,0
1004,0,13,1,0,136,59,9,41,1,0,0,1,64,54,2,53,13,15,46,0,19,36,7,0,29,1,0,0,0,0
1005,0,0,0,41,0,0,143,0,1,13,0,0,0,113,137,0,0,15,46,13,20,19,8,0,29,1,0,1,0,0
1006,0,18,0,41,0,0,135,0,1,13,19,0,0,38,135,0,0,15,46,13,1,8,3,0,104,0,0,1,1,8
1007,15,0,0,39,0,2,148,18,1,46,19,0,0,38,135,0,0,0,0,13,1,8,4,0,104,8,0,0,1,0
1008,15,0,0,39,0,2,103,18,1,46,19,0,0,0,11,0,0,0,0,13,46,0,42,132,104,8,0,0,0,1
1009,15,1,1,33,8,2,0,48,102,46,19,0,0,0,11,1,0,0,0,13,46,0,41,138,75,0,0,0,0,0
1010,16,3,1,0,8,0,7,70,102,0,0,0,0,0,37,19,0,0,1,0,45,184,0,0,88,19,0,0,0,0
1011,2,0,0,0,8,33,3,1,102,69,0,0,0,0,4,20,0,14,20,0,120,165,0,0,13,19,0,0,0,7
1012,2,0,0,6,0,0,3,56,26,40,13,0,30,33,4,20,84,3,19,0,75,165,0,0,0,14,0,0,0,7
1013,2,2,5,6,2,42,2,56,26,2,16,2,30,33,5,2,84,3,19,2,75,133,2,2,2,2,2,2,15,24
1014,5,0,4,0,2,59,0,1,38,2,11,2,18,91,7,4,84,0,0,2,75,1,5,28,2,3,2,6,147,1
1015,3,0,4,0,3,23,0,1,87,41,5,2,5,75,6,28,2,3,0,2,0,0,34,170,4,9,2,5,85,1
1016,3,0,0,0,75,0,0,10,87,41,5,2,3,91,8,26,2,3,0,2,0,105,36,74,2,1,2,5,17,0
1017,0,2,26,0,75,18,0,9,87,43,5,0,3,97,4,0,0,2,0,2,0,157,36,24,3,1,0,0,6,0
1018,0,1,26,0,75,19,3,4,0,43,11,0,0,97,2,0,0,5,87,2,33,157,2,24,3,0,0,0,6,0
1019,0,1,0,0,0,17,43,9,13,0,9,84,0,29,1,0,0,4,87,2,90,73,2,1,3,0,6,25,101,0
1020,0,73,0,0,0,2,43,9,13,0,24,84,87,29,3,0,0,4,0,1,90,24,2,1,3,0,6,1,101,0
1021,0,73,0,3,0,0,43,0,13,4,24,84,89,0,1,0,0,2,0,30,90,24,2,1,0,0,6,10,101,0
1022,0,47,0,3,0,0,0,0,13,2,15,84,89,6,1,0,24,9,27,73,63,0,0,0,0,7,29,9,95,4
1023,0,4,0,0,87,0,0,0,13,15,15,85,2,53,1,0,9,9,27,73,63,3,2,3,0,3,26,8,95,4
1024,0,15,0,62,148,0,0,84,0,15,4,1,0,53,0,1,0,9,27,74,1,3,2,16,0,3,26,17,36,3
1025,0,18,27,62,148,0,0,84,0,15,0,1,27,53,0,1,0,9,4,3,0,3,0,13,71,3,44,9,5,0
1026,0,18,27,84,2,0,0,78,19,2,0,14,27,34,0,1,0,0,4,3,0,0,20,0,60,3,44,9,151,0
1027,0,16,29,84,0,3,0,78,19,0,0,23,22,0,0,6,0,2,0,0,34,41,20,0,44,25,3,0,151,0
1028,0,11,29,84,2,4,0,58,19,0,0,27,0,22,0,6,0,2,20,0,34,36,20,0,3,30,1,41,151,0
1029,0,11,29,58,2,0,0,4,19,199,0,38,0,24,0,5,0,11,20,0,34,0,36,1,3,27,1,41,37,0
1030,0,38,0,58,2,84,0,4,19,115,0,38,0,24,2,6,3,11,20,0,34,0,36,1,0,27,0,37,41,0
1031,0,38,0,0,2,84,3,83,0,126,0,47,0,0,2,0,3,0,57,27,34,19,36,28,0,0,0,6,5,0
1032,0,27,0,0,11,201,3,84,0,11,0,47,0,0,0,0,0,0,57,27,34,1,38,27,0,3,0,6,23,0
1033,0,27,27,0,11,201,0,3,0,11,0,47,0,0,0,0,0,0,35,27,4,82,38,0,0,25,30,6,23,3
1034,32,0,27,0,11,0,3,0,0,11,0,58,0,0,0,0,4,0,35,27,0,82,5,6,4,25,30,5,219,16
1035,32,39,27,0,5,0,3,0,0,27,0,23,0,0,12,0,0,0,0,0,0,80,9,12,0,25,30,107,117,52
1036,32,0,27,0,5,0,0,43,0,27,1,23,1,23,2,0,0,0,0,0,0,10,9,11,0,2,30,102,117,135
1037,32,43,28,1,6,1,1,1,0,12,1,23,1,23,2,16,0,0,15,0,0,10,29,11,0,7,30,77,117,113
1038,32,124,0,1,10,1,1,1,1,0,2,50,0,1,1,16,22,0,15,2,0,13,29,37,0,117,30,77,5,12
1039,32,0,2,0,10,0,0,0,1,0,2,28,0,0,2,0,22,22,15,32,0,12,31,161,0,117,0,78,21,12
1040,32,0,2,0,9,0,0,0,78,0,2,27,1,0,1,0,22,22,15,36,0,12,27,161,2,117,0,1,21,12
1041,25,0,2,0,9,15,0,0,78,6,2,27,1,0,77,0,22,22,0,36,0,12,27,162,2,53,0,1,21,0
1042,0,2,2,0,38,2,0,0,112,6,0,27,0,0,109,51,1,134,0,24,0,21,2,3,2,14,49,1,0,0
1043,0,7,3,0,38,2,0,0,111,2,2,28,0,0,108,53,1,134,0,24,0,16,0,0,0,13,52,6,0,0
1044,0,5,1,4,38,0,2,0,38,0,2,15,0,0,94,55,1,138,0,20,0,16,0,0,29,78,52,12,0,0
1045,0,0,5,40,38,0,2,0,38,10,2,15,0,0,94,55,2,102,0,20,0,0,0,0,29,78,52,18,0,0
1046,0,0,45,40,0,0,0,78,91,112,2,15,0,0,52,55,2,0,0,0,0,0,0,9,29,0,52,18,0,0
1047,0,51,1,36,0,44,55,78,66,112,9,15,0,0,38,4,2,0,22,0,0,1,0,9,0,0,0,25,0,32
1048,0,30,55,31,4,44,1,0,67,36,7,10,0,133,38,4,2,0,22,0,0,1,1,87,0,0,0,25,0,2
1049,0,30,55,31,4,44,8,0,63,36,7,0,0,148,2,24,2,0,22,9,0,0,1,78,0,25,0,11,0,0
1050,0,2,23,31,58,0,8,50,50,0,7,0,0,149,55,24,2,0,0,27,0,0,11,77,0,25,0,0,1,0
1051,0,0,22,31,58,0,8,14,0,0,7,2,0,1,264,24,0,0,0,27,0,0,11,78,0,50,0,0,1,2
1052,0,0,14,0,42,0,38,14,77,0,5,2,0,1,260,21,0,0,8,27,0,11,15,1,0,50,2,0,6,6
1053,0,0,0,23,42,0,30,13,77,0,6,2,0,1,260,22,0,0,8,18,0,11,4,0,8,50,2,11,6,6
1054,0,0,8,23,42,0,30,0,77,0,5,231,0,1,30,2,2,0,8,18,0,11,16,50,29,5,2,3,1,6
1055,1,0,8,14,0,16,0,42,77,0,5,281,0,3,7,2,31,0,8,30,0,11,18,9,29,5,2,0,1,0
1056,1,5,19,0,0,16,21,72,56,29,0,281,0,3,7,2,2,0,8,30,0,0,32,9,0,5,2,0,0,0
1057,1,12,0,42,19,13,178,30,0,22,0,50,0,3,7,4,7,0,0,30,0,1,34,14,0,56,3,74,0,0
1058,1,2,7,0,19,0,178,30,0,35,0,50,12,3,42,10,25,0,0,32,0,1,16,4,0,0,3,130,0,0
1059,3,2,7,0,19,0,94,98,0,30,0,50,42,30,42,15,25,0,0,2,0,1,2,4,0,0,3,130,1,0
1060,2,2,137,0,23,1,39,187,0,0,0,50,0,4,42,5,0,1,0,1,0,11,2,0,0,26,3,21,1,42
1061,2,1,130,1,4,107,39,79,48,0,0,0,2,4,3,4,19,1,0,2,0,13,7,0,0,26,55,21,1,31
1062,2,1,58,1,4,133,18,79,48,4,0,1,2,0,0,1,19,1,0,1,0,11,28,0,3,74,55,21,1,34
1063,2,8,76,1,0,133,0,0,48,8,1,1,0,0,0,2,19,0,4,1,0,3,28,4,3,74,50,21,79,34
1064,0,8,18,0,0,26,0,0,48,8,21,2,3,59,0,108,0,0,53,1,0,0,58,4,3,74,21,0,79,6
1065,0,2,0,0,0,26,7,0,48,30,21,2,1,59,0,114,0,3,59,0,0,20,35,0,1,74,1,18,79,0
1066,0,106,2,0,0,0,7,0,48,8,21,1,0,59,0,82,0,0,59,0,0,20,61,25,1,0,2,18,80,0
1067,0,31,2,0,77,21,0,0,42,8,0,18,0,0,59,89,0,0,0,0,0,20,107,24,1,60,2,1,38,0
1068,0,30,31,0,77,21,0,0,42,0,0,19,6,0,59,27,1,0,0,76,0,0,78,42,1,60,1,29,0,0
1069,0,0,31,0,29,0,41,1,42,59,0,19,6,0,0,27,0,0,0,76,0,0,137,79,2,1,1,28,21,0
1070,0,0,29,0,45,0,41,60,0,0,0,26,6,0,0,20,0,0,0,93,95,1,70,62,30,1,0,0,21,0
1071,0,0,29,0,16,0,0,60,2,35,0,26,0,0,0,20,0,0,0,93,95,1,70,0,91,0,0,41,21,0
1072,0,0,0,0,16,0,0,0,2,111,0,8,0,0,68,20,0,2,0,17,95,0,2,0,130,0,29,60,39,1
1073,0,0,0,0,16,0,20,0,2,20,0,8,0,0,159,0,0,2,0,17,95,0,2,0,130,0,29,60,39,1
1074,0,0,1,0,16,0,20,0,23,20,0,7,18,17,159,0,0,91,45,0,50,0,1,0,41,1,29,60,1,0
1075,0,2,30,0,0,36,74,0,26,0,1,7,18,62,85,0,0,89,65,0,5,0,0,0,98,1,0,0,1,0
1076,0,2,30,0,16,20,74,0,26,14,1,7,0,62,85,0,0,80,65,0,0,0,0,0,98,1,0,0,1,18
1077,0,2,0,0,81,20,74,0,26,14,57,7,1,45,85,0,0,80,0,0,41,0,0,47,1,1,0,0,0,18
1078,0,0,0,0,81,0,79,0,27,14,56,34,2,45,129,20,0,5,0,7,41,0,1,9,0,0,31,18,0,1
1079,0,0,0,26,81,0,39,0,60,14,56,34,0,0,59,20,0,26,2,7,41,0,1,0,0,0,71,18,0,45
1080,0,0,0,26,18,0,84,0,123,56,0,55,0,0,59,20,0,21,2,0,41,0,1,0,0,5,71,1,0,17
1081,0,0,19,13,0,0,45,0,118,64,0,47,0,0,59,59,5,21,0,0,41,1,13,0,0,5,71,0,0,19
1082,0,21,19,0,0,0,45,0,63,28,59,38,0,0,13,39,9,0,0,0,96,89,13,5,0,61,0,0,0,2
1083,0,21,19,0,0,5,93,0,63,0,100,3,68,0,28,39,9,0,0,0,55,21,13,0,0,61,0,0,1,1
1084,0,21,19,0,0,5,93,0,56,7,100,3,68,0,28,39,0,0,0,0,55,21,13,9,0,61,0,0,1,1
1085,0,21,80,0,4,65,48,0,0,7,45,1,39,3,8,29,20,100,0,0,55,39,13,1,0,0,21,0,1,0
1086,13,19,100,2,4,64,0,0,0,0,45,1,0,3,29,77,20,100,1,0,54,20,0,1,19,7,21,0,0,0
1087,13,19,100,52,4,64,0,0,0,0,45,1,0,3,21,85,20,100,1,0,4,20,0,0,19,8,21,0,0,0
1088,13,27,78,66,0,0,0,0,0,0,45,30,8,0,0,141,4,100,1,0,0,20,0,20,23,0,21,0,0,3
1089,13,1,106,183,0,0,0,0,0,1,45,30,8,0,0,137,4,0,0,0,0,0,0,0,28,20,21,0,0,3
1090,13,1,28,0,0,0,0,0,0,46,0,29,8,0,257,63,4,0,0,0,0,21,0,23,5,98,1,0,0,3
1091,13,20,8,4,0,0,63,0,0,46,0,29,8,0,262,0,0,0,0,0,0,21,0,4,0,98,1,20,0,3
1092,11,26,0,4,0,0,63,46,2,0,0,3,8,0,85,0,20,0,0,0,0,21,0,12,0,98,1,20,0,180
1093,11,29,0,4,3,0,63,20,2,46,0,8,0,17,85,0,0,27,0,0,0,0,0,12,0,71,22,3,0,177
1094,0,45,0,11,3,0,0,32,2,46,48,43,0,17,41,0,0,27,0,0,0,177,18,0,3,36,22,29,0,0
1095,0,43,0,0,4,0,0,32,2,1,82,88,0,17,7,2,47,27,0,0,0,177,18,0,3,0,21,29,0,0
1096,0,43,0,8,7,0,0,0,2,0,82,88,0,44,32,2,0,0,0,4,0,178,10,47,3,0,21,3,26,0
1097,0,0,5,8,7,0,0,0,0,0,82,80,25,27,32,179,5,0,0,4,0,1,10,90,3,0,0,21,21,0
1098,0,0,15,8,3,0,0,0,0,1,3,80,7,92,52,65,5,0,7,4,4,0,0,132,0,80,0,16,26,0
1099,0,0,15,0,19,6,0,0,0,5,1,80,0,90,59,0,5,8,3,4,6,65,0,128,0,80,0,0,26,0
1100,0,0,95,0,21,3,128,21,0,7,1,0,80,117,32,0,3,8,3,4,6,65,0,0,0,0,0,1,5,0
1101,0,0,189,0,79,0,29,21,0,39,1,0,80,43,0,0,3,8,49,4,6,43,0,0,0,0,0,1,5,0
1102,0,0,190,0,79,4,67,0,3,39,1,0,80,5,8,0,0,0,46,0,6,5,0,0,0,21,3,0,43,0
1103,0,0,100,80,62,4,67,0,30,35,0,0,0,2,8,0,0,0,46,0,1,0,0,0,90,26,3,0,43,3
1104,0,0,100,80,66,0,88,0,30,35,0,0,0,2,0,0,0,0,46,0,1,0,0,0,98,5,46,0,0,3
1105,20,2,1,0,8,0,24,0,22,0,0,83,0,0,100,0,0,0,46,0,1,0,80,2,96,12,45,0,58,0
1106,20,2,1,0,66,0,24,0,14,0,88,83,0,0,100,4,0,0,0,0,47,2,82,8,8,8,43,0,0,0
1107,20,0,1,0,58,8,0,0,14,2,168,18,0,0,101,4,24,0,0,0,46,67,2,7,0,3,43,1,8,5
1108,20,0,0,0,58,8,0,0,0,3,168,18,0,0,2,6,27,0,0,0,46,73,2,7,0,14,43,1,100,4
1109,20,1,0,0,29,8,43,0,46,3,168,0,0,0,5,2,27,0,0,0,0,22,3,7,0,0,0,18,165,33
1110,0,30,0,0,0,0,43,0,48,80,0,0,18,0,13,2,0,0,11,0,88,14,21,7,0,0,0,27,165,33
1111,0,168,13,0,0,43,0,0,48,80,0,0,5,0,12,2,0,0,11,1,88,14,45,33,0,0,0,10,27,0
1112,0,138,13,30,0,43,0,27,38,0,0,1,0,0,12,0,80,2,11,1,88,24,44,33,0,0,0,15,0,0
1113,3,0,24,29,43,0,0,28,2,0,0,11,0,0,12,0,80,32,0,1,58,24,41,162,0,9,0,41,0,0
1114,3,59,52,0,43,0,0,28,0,0,14,4,1,0,29,0,162,44,13,0,1,10,0,0,5,9,7,116,0,0
1115,3,59,3,0,43,153,1,28,0,0,14,4,0,0,29,0,9,44,13,0,0,10,0,0,6,9,7,116,0,49
1116,3,0,3,60,0,153,1,28,47,19,0,4,0,29,5,0,9,0,13,0,0,9,0,0,45,0,7,80,36,49
1117,0,0,3,69,0,153,0,0,47,19,6,4,0,29,6,9,0,0,13,0,0,28,80,49,42,0,7,0,36,0
1118,0,0,28,9,3,0,0,60,47,29,6,4,0,19,6,9,0,0,0,0,0,0,80,21,29,166,20,28,36,0
1119,0,0,75,38,3,0,0,60,47,29,6,0,0,19,0,0,0,0,0,0,0,0,80,30,6,14,13,180,0,0
1120,0,0,75,0,0,0,0,0,4,0,0,0,0,25,65,28,29,0,29,9,0,0,123,9,22,14,13,152,3,0
1121,32,21,4,0,14,0,0,0,4,0,0,71,0,4,65,28,8,0,90,9,0,0,43,0,46,0,0,149,3,9
1122,32,21,8,0,14,0,0,0,4,0,0,71,0,4,60,28,0,0,93,9,0,0,52,0,174,0,0,21,0,9
1123,32,2,8,0,14,9,0,0,4,56,0,71,0,4,4,0,0,0,112,9,43,0,9,0,174,0,0,49,0,0
1124,32,93,8,54,14,9,0,9,0,15,0,17,2,4,4,0,0,45,19,31,43,0,0,0,152,0,0,49,0,0
1125,32,3,0,54,0,0,0,9,0,0,0,17,0,15,4,35,2,45,19,26,43,99,0,0,173,0,0,10,14,0
1126,32,3,0,10,1,0,1,0,0,0,0,21,0,9,15,35,2,45,0,26,43,99,44,0,173,19,0,9,13,0
1127,32,17,0,10,1,99,1,0,0,0,0,6,0,9,15,35,0,45,0,43,43,0,44,0,182,5,0,0,13,0
1128,22,14,0,10,1,91,1,124,0,0,0,131,0,9,11,35,0,0,0,46,7,0,0,0,93,5,0,0,0,0
1129,1,2,12,1,0,83,0,136,0,0,0,131,10,10,0,35,43,0,0,3,0,0,18,7,68,19,21,0,0,0
1130,1,138,38,0,0,59,0,5,0,0,0,127,10,34,0,3,17,0,0,3,0,0,50,7,68,19,21,0,0,0
1131,1,124,38,0,0,59,0,5,0,0,14,0,10,34,5,0,0,68,7,3,0,0,50,0,0,14,117,17,34,0
1132,1,101,20,0,0,0,0,3,0,23,14,23,0,24,5,0,0,68,17,10,0,0,109,0,0,14,117,17,34,0
1133,1,1,20,1,0,67,0,3,0,22,14,124,0,24,5,14,23,44,17,10,0,0,42,1,0,0,116,17,34,0
1134,1,9,0,3,0,109,0,0,16,18,6,124,0,17,6,14,24,44,17,10,4,0,0,24,0,0,116,0,34,4
1135,45,9,0,3,0,132,0,0,36,0,6,124,114,18,18,14,24,0,0,10,9,0,0,0,0,0,34,0,0,4
1136,45,0,0,3,0,100,0,0,36,6,0,104,118,64,27,24,0,0,0,10,9,0,0,0,0,0,54,0,0,0
1137,44,1,0,0,0,0,0,3,36,0,0,104,4,73,27,24,6,0,0,0,9,0,0,106,1,108,54,0,0,0
1138,44,1,0,0,0,0,0,3,20,26,0,1,4,143,23,1,23,0,0,0,9,104,16,19,1,108,20,0,34,0
1139,36,1,0,19,1,0,3,0,20,7,8,1,4,143,23,1,23,0,0,0,9,104,16,0,0,84,20,24,34,19
1140,36,0,0,1,1,0,47,0,0,6,8,1,89,87,41,4,1,0,0,0,0,56,17,0,0,9,0,44,138,14
1141,36,0,43,0,0,0,27,1,0,15,8,1,89,62,34,4,1,0,57,0,0,25,4,0,0,0,0,44,135,14
1142,0,0,43,0,0,27,0,1,0,18,36,0,89,44,34,11,1,0,57,0,0,54,4,4,0,0,0,0,101,76
1143,0,0,19,4,0,27,0,1,0,14,36,0,108,44,16,11,0,0,71,0,0,54,0,105,0,0,9,0,0,81
1144,0,58,71,4,4,10,19,0,44,0,52,0,19,0,18,15,0,0,0,0,85,10,0,101,0,0,9,63,0,18
1145,0,20,71,4,4,0,19,0,44,10,16,0,19,0,18,5,0,0,36,0,85,10,0,139,0,0,9,73,0,18
1146,0,0,71,0,4,39,0,0,44,10,16,10,0,0,18,5,0,0,36,0,85,0,19,38,0,0,110,77,0,18
1147,0,9,0,0,75,35,0,0,44,0,16,11,0,4,10,5,0,0,36,0,85,18,36,38,0,0,101,77,0,0
1148,0,9,0,0,96,20,0,0,0,0,0,11,0,4,10,0,44,0,41,0,31,0,51,90,0,70,101,18,4,0
1149,0,0,0,9,183,1,0,0,0,43,0,4,31,4,10,0,62,0,5,0,0,0,51,3,19,70,101,0,4,0
1150,0,51,0,9,183,4,10,0,0,43,0,4,31,0,0,0,20,1,0,0,0,0,42,74,19,3,101,0,5,0
1151,0,11,0,19,15,4,84,0,0,0,2,4,0,0,9,0,58,1,0,0,0,0,42,77,0,0,101,0,173,0
1152,0,0,0,19,18,4,84,0,0,0,2,19,0,6,3,101,40,1,76,0,0,11,42,73,4,0,0,0,97,0
1153,0,0,15,73,3,0,0,0,0,22,2,18,0,6,0,101,40,1,118,0,0,11,0,4,4,0,1,0,97,84
1154,0,0,55,73,3,101,0,0,0,22,2,18,0,6,0,0,1,0,118,0,0,11,0,101,4,0,1,0,0,84
1155,0,1,42,73,3,0,11,0,0,22,2,18,6,10,0,0,102,0,42,0,1,0,88,97,4,0,4,0,0,74
1156,0,145,0,73,0,0,11,0,0,0,0,18,6,10,0,45,0,2,42,0,1,4,88,52,0,0,4,22,77,0
1157,0,86,0,0,0,0,11,0,0,0,0,0,6,10,0,45,0,20,0,73,1,98,88,0,22,59,4,0,77,0
1158,0,86,0,0,0,0,11,0,0,0,5,0,1,0,0,40,88,20,0,73,1,110,0,10,22,59,74,0,0,0
1159,0,20,11,0,0,0,10,0,14,0,5,0,0,0,0,40,89,0,0,73,1,12,59,0,22,84,160,0,0,0
1160,0,40,0,73,0,23,10,1,14,0,5,0,0,0,111,0,18,0,0,0,0,0,59,0,0,84,160,0,0,2
1161,0,39,0,20,0,10,10,54,14,0,0,18,0,0,111,0,21,0,68,0,0,0,57,0,0,84,92,0,0,2
1162,0,0,0,1,0,58,10,54,14,39,0,18,0,0,133,1,113,32,68,0,0,0,19,38,0,0,0,0,0,2
1163,0,0,26,1,0,58,0,0,14,54,0,18,10,0,62,1,113,32,42,0,0,0,19,38,2,0,0,0,0,110
1164,0,0,26,0,0,53,0,0,0,54,0,18,29,14,74,1,86,37,42,0,0,0,0,29,2,16,0,0,9,110
1165,0,0,26,0,0,0,21,54,0,0,0,18,8,14,120,0,86,37,42,0,0,0,7,30,2,16,0,0,9,110
1166,0,0,0,39,0,54,25,26,0,0,0,1,8,0,120,0,0,16,26,60,42,1,7,30,0,16,0,0,129,0
1167,0,26,0,5,18,54,25,26,9,0,0,0,0,0,136,0,0,16,30,60,42,0,7,0,0,16,0,10,120,0
1168,0,52,0,5,18,54,14,0,25,0,10,0,0,0,136,0,0,16,31,60,49,120,0,0,0,0,0,10,0,0
1169,0,29,0,5,18,54,14,44,25,19,10,102,0,0,34,0,0,16,35,60,49,86,0,0,0,0,0,0,0,0
1170,0,0,0,14,18,0,1,78,25,0,10,102,0,0,0,56,0,5,63,4,49,0,1,0,34,54,0,0,86,0
1171,0,0,0,14,0,25,0,78,0,54,0,102,0,0,0,56,0,5,63,0,7,0,44,1,1,22,0,42,86,0
1172,0,0,0,0,0,25,0,96,11,54,0,0,14,0,0,0,0,0,52,0,7,0,49,1,1,4,0,144,86,56
1173,0,0,86,62,52,25,0,18,11,54,0,16,0,0,0,41,0,0,8,0,0,0,48,1,1,4,0,117,0,56
1174,0,0,0,25,52,9,0,18,2,54,0,16,4,0,0,41,0,0,8,1,0,0,0,48,1,86,0,179,0,56
1175,0,0,0,0,26,9,0,18,0,0,0,147,0,0,25,1,44,0,8,1,0,0,0,48,1,123,56,65,26,2
1176,0,0,0,48,26,139,0,0,0,0,0,147,0,0,91,0,40,0,8,1,0,4,0,0,1,11,56,0,26,2
1177,0,0,0,48,0,40,0,0,8,0,0,131,0,0,107,0,139,0,0,0,0,30,0,0,1,11,56,0,3,26
1178,0,1,0,13,26,42,0,0,8,0,0,73,0,91,27,41,128,0,0,0,0,21,0,35,0,0,56,11,3,24
1179,0,29,0,0,35,33,0,14,5,0,0,73,0,92,31,41,128,0,0,0,0,17,13,35,0,0,27,0,3,24
1180,0,29,0,3,95,0,0,14,5,35,0,0,0,2,8,41,0,0,73,16,0,17,13,112,0,0,0,90,0,47
1181,0,141,0,44,95,0,17,14,1,35,0,0,0,0,4,0,0,0,73,16,0,0,13,0,6,0,0,90,0,51
1182,0,0,73,41,53,42,17,1,0,7,0,24,42,0,20,0,0,0,0,16,0,154,0,0,6,0,0,93,0,11
1183,0,53,73,0,0,42,17,1,0,7,0,24,49,0,20,0,0,0,0,46,0,154,0,11,6,0,0,97,0,0
1184,0,53,73,0,14,28,17,1,0,7,0,24,49,0,16,0,0,0,0,46,0,154,0,11,6,0,53,44,4,0
1185,0,0,1,0,122,0,0,1,7,0,0,23,7,0,16,28,53,17,0,47,0,46,0,11,6,42,125,44,4,0
1186,0,0,0,0,123,0,23,10,12,0,0,0,1,0,16,31,53,17,41,38,0,46,0,0,6,43,125,0,15,0
1187,0,0,0,0,123,0,23,52,12,0,0,0,5,0,0,47,53,17,41,38,0,46,0,0,6,1,125,0,11,0
1188,0,28,0,0,112,0,0,63,12,0,0,0,4,0,0,19,0,18,64,38,46,0,0,0,6,1,178,7,4,0
1189,0,28,0,0,112,125,0,28,0,38,0,0,0,0,0,33,0,1,64,0,46,43,0,0,6,12,53,7,4,0
1190,0,33,0,0,0,144,6,28,41,38,0,0,11,0,0,14,0,1,0,0,46,16,0,0,0,7,42,7,116,50
1191,0,5,0,28,0,144,0,0,41,1,0,0,11,0,0,42,6,1,0,4,46,25,0,0,0,7,42,35,112,50
1192,0,35,1,0,0,19,0,7,41,28,0,0,11,126,111,42,6,0,1,4,46,9,0,7,0,0,7,33,0,66
1193,0,35,29,0,0,5,0,7,41,28,0,0,11,126,111,37,6,0,1,4,46,9,0,7,0,0,7,5,0,85
1194,0,35,33,6,9,37,0,7,0,28,0,7,12,192,111,0,0,0,1,4,0,0,0,0,46,0,48,0,0,24
1195,0,0,33,10,9,37,0,1,0,7,126,7,1,85,146,0,0,0,7,0,11,0,0,0,46,0,41,0,0,33
1196,0,50,5,10,9,0,0,147,0,0,126,7,1,42,0,0,0,0,7,0,11,0,0,0,10,36,69,0,37,33
1197,1,50,8,4,1,1,1,114,0,0,125,5,0,47,0,0,0,0,0,0,11,1,0,0,10,42,66,7,78,28
1198,1,114,8,0,1,1,1,36,0,28,10,5,0,27,4,0,123,0,31,2,0,1,0,50,0,6,17,7,78,49
1199,1,0,0,0,1,17,1,36,0,28,10,5,46,119,5,0,146,0,31,2,0,0,0,50,0,6,0,7,32,57
1200,1,0,0,0,1,17,5,36,0,150,0,12,46,35,11,0,152,0,31,2,0,0,0,50,0,0,0,0,32,19
1201,1,1,32,1,1,3,1,44,1,167,0,12,41,0,29,27,0,0,0,2,0,0,0,6,0,33,0,152,46,0
1202,1,1,144,44,1,5,0,2,1,44,0,7,0,0,29,27,16,0,0,0,0,0,0,7,0,198,3,24,14,32
1203,1,0,144,0,1,5,0,101,1,66,0,16,0,0,44,27,16,0,0,0,0,1,24,5,0,97,3,0,48,0
1204,0,14,0,4,6,0,160,101,1,54,0,9,0,7,44,27,0,0,0,0,0,20,25,1,0,90,3,0,34,0
1205,0,14,0,1,5,80,126,68,0,21,0,9,0,7,27,17,67,3,0,0,0,57,24,1,0,11,1,27,34,0
1206,0,80,27,0,5,14,126,1,0,0,24,0,0,7,4,17,101,3,24,21,0,56,0,1,0,79,1,9,0,0
1207,0,80,27,47,5,14,126,1,0,0,34,0,0,7,4,17,54,3,80,21,0,0,0,1,0,69,1,9,0,0
1208,0,98,0,47,4,14,126,1,0,5,34,0,0,0,55,17,0,3,62,21,2,0,69,0,0,0,1,9,0,32
1209,0,36,9,47,4,0,25,0,0,5,131,21,0,83,54,5,0,0,37,79,3,0,0,0,0,24,1,3,1,32
1210,0,35,0,0,5,9,25,0,0,15,121,21,0,86,101,37,1,0,34,79,3,0,0,0,0,24,0,3,1,0
1211,0,0,0,0,2,9,25,0,0,15,121,21,35,86,15,32,0,0,0,79,1,1,86,0,5,60,4,3,0,0
1212,0,0,0,25,2,9,35,0,5,131,0,8,0,3,0,111,0,15,0,0,1,1,86,0,5,143,17,0,3,0
1213,0,54,0,156,2,0,35,0,5,0,1,8,0,9,0,79,0,15,0,0,0,1,32,32,5,88,75,0,3,0
1214,0,54,0,121,0,0,0,35,5,0,1,0,0,9,0,1,0,15,0,0,0,36,32,110,5,3,74,88,11,0
1215,0,54,0,121,0,0,0,38,5,0,1,0,0,21,0,1,0,0,0,0,0,0,32,110,0,3,74,88,11,41
1216,0,1,0,0,0,0,3,38,5,33,22,0,1,12,130,0,0,0,0,32,0,0,79,110,0,3,74,9,8,40
1217,0,0,4,1,0,41,0,0,32,92,21,0,1,0,50,0,5,3,9,32,0,78,79,46,33,0,0,33,0,40
1218,0,0,4,25,0,41,0,0,32,118,21,0,1,0,0,0,5,3,9,32,0,101,79,23,33,0,0,33,0,40
1219,0,0,4,66,0,0,0,0,32,118,21,0,42,79,0,5,0,3,9,32,0,59,22,1,33,0,0,33,0,41
1220,0,9,0,68,1,60,0,0,32,122,21,0,42,76,0,6,0,3,0,73,0,0,55,0,0,0,0,0,32,0
1221,0,121,0,68,1,60,0,21,32,4,0,0,0,76,0,48,0,3,0,41,0,0,55,0,0,0,0,0,32,38
1222,0,121,0,46,1,60,0,21,0,0,0,10,0,76,0,64,0,3,32,41,0,0,55,0,0,0,0,0,32,38
1223,0,0,0,7,1,0,0,21,0,32,0,10,0,0,0,58,0,92,71,41,0,0,79,6,0,141,0,0,35,6
1224,0,41,0,4,21,0,0,0,32,32,0,10,0,0,0,58,0,92,39,0,55,1,24,0,0,147,0,0,35,9
1225,0,2,0,0,21,0,0,0,32,32,0,10,0,0,0,58,40,92,39,0,55,0,24,0,0,151,0,0,35,9
1226,0,52,0,0,21,0,2,0,32,0,0,42,48,0,199,0,40,40,0,0,55,0,24,32,0,10,0,0,3,0
1227,0,62,0,0,0,0,50,0,0,0,0,32,0,0,199,0,40,40,32,0,55,0,0,0,0,24,10,32,24,0
1228,0,57,0,0,0,0,42,0,0,0,5,32,0,0,0,0,48,0,32,0,0,0,0,202,0,79,10,72,21,0
1229,0,0,21,50,0,0,64,0,0,47,5,32,0,0,57,0,0,0,32,0,0,0,0,202,33,8,10,39,0,0
1230,0,0,31,33,0,0,64,0,0,47,47,17,0,0,74,0,0,0,0,0,0,0,0,0,33,23,0,39,32,160
1231,0,0,31,0,0,0,50,0,0,80,64,39,0,0,74,0,0,0,8,0,0,0,0,0,33,15,14,0,32,160
1232,0,0,31,0,0,47,160,0,0,33,64,39,0,0,17,0,0,0,8,57,0,8,0,0,33,15,14,0,74,0
1233,0,0,31,0,0,64,160,0,0,33,17,39,0,0,0,0,0,0,8,57,0,8,47,0,33,15,14,0,74,0
1234,0,0,0,0,0,64,0,2,0,187,38,39,0,0,0,0,0,0,6,57,0,8,42,5,10,48,46,0,48,0
1235,0,16,0,0,0,39,0,2,0,0,22,52,14,187,0,0,35,0,53,57,0,0,42,5,10,28,32,0,6,0
1236,0,21,0,0,2,39,39,2,0,42,21,13,14,187,0,0,33,0,48,0,0,0,6,0,67,28,32,0,6,0
1237,4,4,51,4,3,25,41,3,3,85,21,13,34,126,3,20,32,3,3,3,3,3,7,3,4,52,38,3,3,3
1238,4,1,51,0,3,3,41,31,3,91,4,13,20,0,7,20,1,3,3,3,3,3,1,56,0,46,20,132,35,2
1239,4,0,48,0,3,6,3,28,3,91,4,4,60,0,7,20,1,2,3,3,3,0,40,0,0,31,20,179,35,2
1240,4,38,48,0,3,4,1,28,0,61,4,6,22,0,7,23,0,2,3,3,3,0,171,3,0,31,20,83,32,0
1241,4,38,3,0,1,4,1,28,0,2,6,6,22,0,0,55,3,0,0,3,3,0,230,3,2,31,40,83,32,0
1242,0,34,3,4,1,0,1,0,0,0,32,10,43,0,2,22,3,8,0,0,31,0,236,36,1,0,40,83,10,0
1243,0,6,4,7,0,0,0,1,0,0,284,41,22,0,2,22,3,88,0,0,31,0,22,33,3,0,21,0,0,10
1244,0,23,4,7,0,16,0,0,0,0,284,36,22,0,2,6,22,89,0,0,31,0,22,33,3,0,0,0,0,0
1245,1,23,0,11,0,21,2,0,0,0,98,32,0,0,186,6,25,83,0,33,31,0,19,0,3,0,0,4,0,22
1246,1,23,0,4,0,16,0,0,0,0,98,18,0,21,194,6,5,0,22,33,31,0,102,0,0,0,0,26,0,0
1247,1,0,17,27,0,6,0,0,19,0,0,8,87,31,107,0,103,0,15,33,2,0,83,0,29,0,6,26,0,0
1248,1,1,17,22,0,1,26,0,19,0,0,8,87,47,107,5,103,0,12,0,0,5,83,0,13,5,5,33,0,0
1249,1,1,120,0,0,0,0,0,19,1,0,8,10,26,129,5,26,0,2,0,0,6,83,0,13,92,0,54,0,4
1250,0,1,98,0,0,2,1,0,19,1,1,3,8,26,22,0,28,0,0,189,0,6,0,5,14,110,5,53,0,8
1251,0,0,101,0,0,8,0,0,19,3,1,0,0,0,48,53,2,1,1,189,0,26,0,5,14,116,5,0,0,8
1252,13,28,29,0,0,8,0,11,0,1,0,0,98,0,163,53,2,1,89,82,0,2,0,13,4,0,3,0,0,0
1253,13,28,28,1,23,1,1,1,1,1,2,0,91,26,125,53,3,1,91,82,0,2,8,13,4,0,0,1,0,0
1254,13,0,26,1,23,0,1,118,1,29,2,0,0,16,125,53,3,0,61,0,0,91,8,4,0,12,9,1,2,1
1255,0,17,53,1,21,0,0,118,1,30,2,26,0,9,11,0,3,114,52,0,0,91,8,0,13,16,9,0,4,1
1256,0,17,53,1,21,118,0,1,1,0,2,79,0,9,41,0,11,114,0,0,0,0,0,0,13,107,9,0,3,0
1257,0,17,61,13,21,118,0,9,0,1,0,79,4,0,29,1,8,10,0,0,0,0,106,0,0,107,0,1,2,13
1258,0,0,13,39,0,118,0,9,0,53,0,70,2,0,29,1,8,10,0,0,0,0,106,0,0,91,16,1,21,13
1259,0,0,57,39,2,1,0,0,208,53,0,17,0,9,35,1,0,2,2,0,0,0,0,8,0,106,16,10,34,0
1260,0,0,55,0,29,0,0,1,208,33,0,17,0,10,47,0,0,2,2,0,0,0,0,40,0,108,17,9,2,20
1261,0,110,50,0,39,0,0,1,115,16,0,17,0,10,47,0,0,2,0,0,0,0,0,40,0,108,17,4,4,20
1262,0,110,6,0,67,45,0,1,17,0,0,16,1,26,47,0,106,0,98,0,2,0,0,11,0,2,17,4,4,20
1263,0,11,22,0,67,45,0,1,17,0,0,16,1,26,26,0,106,0,119,0,2,0,0,110,0,2,1,4,4,20
1264,0,110,22,0,67,45,0,1,17,66,0,23,1,3,26,0,106,16,53,0,2,0,4,11,0,0,5,0,2,20
1265,0,110,0,45,67,0,0,23,17,66,0,132,0,0,0,0,0,16,53,0,28,0,6,0,0,0,4,1,1,31
1266,0,114,0,45,0,0,0,22,17,66,0,152,0,1,0,0,0,16,67,0,28,0,3,0,0,0,4,1,53,11
1267,0,125,0,0,0,0,0,22,2,0,0,152,0,1,0,0,0,16,26,30,26,1,2,0,62,0,4,1,53,77
1268,0,67,26,0,0,0,0,0,2,0,0,235,1,1,0,0,0,16,1,30,26,0,13,0,62,0,0,1,53,66
1269,0,134,40,0,0,0,0,45,0,0,21,190,1,0,0,34,0,26,3,30,26,0,11,2,17,0,0,0,20,0
1270,0,79,40,0,0,0,1,71,0,0,21,83,2,0,0,141,1,26,2,85,0,0,11,0,17,0,0,0,20,0
1271,0,67,15,24,32,0,44,28,0,0,21,83,2,0,0,169,1,0,1,85,0,0,11,0,17,0,0,0,0,0
1272,0,0,17,52,32,0,44,0,0,0,21,83,0,0,17,169,1,0,68,55,11,30,0,0,0,0,0,0,0,0
1273,0,1,20,52,32,1,0,0,0,14,21,83,44,0,0,53,0,0,67,31,11,30,0,0,0,140,0,0,0,0
1274,0,84,20,52,32,0,0,0,0,14,0,0,44,1,0,24,0,0,67,31,11,30,21,0,0,140,0,0,0,29
1275,0,0,17,52,3,0,0,0,0,14,0,0,43,4,28,25,0,0,151,0,11,30,21,4,31,140,0,0,0,26
1276,0,14,43,30,3,0,0,0,0,140,0,0,17,25,28,25,0,0,147,0,0,0,0,4,31,0,0,0,67,26
1277,0,0,0,30,2,67,43,24,0,140,0,0,0,0,0,25,1,0,147,0,0,11,17,30,20,29,0,0,0,14
1278,0,0,0,13,0,84,43,24,0,140,0,0,0,0,24,1,17,0,147,0,0,11,17,30,0,29,0,0,0,20
1279,0,0,0,0,0,17,43,24,0,9,132,30,147,0,86,0,22,0,0,0,0,5,17,19,0,29,0,0,0,20
1280,0,0,19,0,0,17,13,92,0,0,133,30,63,84,84,0,5,0,0,0,0,5,0,6,0,29,0,0,0,20
1281,0,0,32,63,0,0,0,92,0,0,133,30,0,84,84,0,22,0,20,0,0,3,29,6,2,0,0,0,0,0
1282,0,0,38,63,0,0,0,18,0,0,1,29,0,216,84,0,22,0,20,0,0,3,103,0,2,0,1,0,0,0
1283,0,0,19,63,0,0,0,18,0,19,1,0,0,216,0,0,22,0,20,84,3,0,103,0,2,0,1,29,0,0
1284,0,0,19,43,0,1,30,0,0,21,1,0,0,154,0,39,0,0,20,84,65,0,33,0,0,60,1,29,0,0
1285,1,20,1,40,0,20,48,0,22,3,0,0,0,132,0,39,33,0,0,84,65,0,1,26,0,63,1,1,0,0
1286,1,50,1,40,0,20,41,0,138,3,0,0,8,19,0,17,25,0,0,84,62,0,1,54,0,36,0,0,0,0
1287,1,29,0,0,0,0,41,0,138,0,20,1,28,0,0,1,25,0,0,0,62,17,20,127,43,36,0,0,11,0
1288,1,29,0,0,41,0,41,0,138,0,20,1,31,25,0,1,27,0,0,0,36,17,0,86,33,62,0,0,11,0
1289,1,29,0,0,41,0,0,0,34,0,20,1,31,25,0,1,8,0,0,0,36,17,0,0,33,166,0,105,52,0
1290,1,0,0,0,41,0,0,0,0,34,20,1,0,25,0,1,29,0,0,29,36,25,0,0,33,166,0,105,54,0
1291,0,0,0,0,41,0,0,0,55,34,0,85,0,25,0,1,29,1,9,29,36,26,20,0,33,111,0,6,59,0
1292,0,0,6,0,1,0,0,0,96,35,46,85,0,25,0,11,18,0,9,62,36,47,20,0,0,82,0,8,13,0
1293,0,9,0,0,1,0,20,35,96,0,82,85,0,25,0,11,0,0,0,62,0,13,0,0,0,18,34,90,13,6
1294,25,4,0,0,1,0,20,1,96,0,81,85,8,90,0,11,0,34,0,59,0,1,0,0,1,18,46,0,13,6
1295,25,18,6,0,1,5,0,1,0,85,81,59,8,90,0,22,0,34,9,0,0,96,0,0,1,0,46,0,13,0
1296,25,18,0,0,3,5,0,0,0,85,1,59,13,90,0,20,0,47,9,0,0,67,81,0,1,0,46,0,30,0
1297,25,2,1,1,10,4,1,1,0,0,1,56,6,0,0,20,19,47,9,0,0,66,81,46,0,0,0,175,29,0
1298,25,22,1,1,10,38,1,67,0,0,1,56,18,0,0,0,7,13,9,0,0,0,115,12,0,0,0,175,29,0
1299,0,0,1,0,90,34,1,67,1,0,25,0,28,0,22,0,7,138,0,0,0,0,39,1,0,66,0,51,29,0
1300,13,0,34,19,90,35,0,0,1,0,25,7,1,68,22,0,1,125,27,0,0,0,5,0,0,66,0,1,10,50
1301,13,1,34,19,80,35,11,1,1,1,25,7,1,69,23,1,1,125,37,0,0,0,0,10,0,60,1,0,0,44
1302,13,81,31,0,0,0,9,1,0,11,25,7,63,69,42,3,0,123,27,0,0,2,0,10,0,0,45,3,35,0
1303,13,81,31,69,0,0,0,0,6,11,5,7,25,0,19,2,61,117,27,26,0,2,0,14,1,0,45,3,35,0
1304,13,80,0,1,0,92,0,68,6,0,5,0,20,7,117,2,0,11,0,26,0,11,0,5,1,24,45,3,36,27
1305,13,1,1,0,0,59,119,0,6,70,3,0,20,39,1,0,0,11,0,26,0,10,0,5,1,24,80,110,1,0
1306,0,45,1,1,0,144,13,0,6,70,3,0,0,39,35,25,0,0,0,1,0,10,1,20,11,2,38,107,1,27
1307,0,47,1,1,35,137,14,1,6,2,10,0,78,40,35,25,0,0,0,0,0,0,1,19,10,0,83,27,1,27
1308,0,0,0,0,35,119,14,1,6,0,13,0,73,19,35,25,2,0,0,5,0,0,28,105,13,1,83,0,1,22
1309,0,0,0,0,6,119,0,1,0,0,13,14,1,19,0,25,2,0,72,5,0,1,28,62,13,1,83,0,100,35
1310,0,0,0,0,0,0,0,0,0,0,13,14,1,19,0,27,0,0,78,18,0,1,41,49,1,0,203,1,100,34
1311,0,0,1,0,0,0,0,0,0,19,13,31,39,0,0,2,0,0,39,18,0,22,41,27,1,0,118,14,100,115
1312,0,27,1,6,0,0,0,0,0,0,0,31,39,1,0,2,0,0,39,18,0,22,69,19,14,0,118,13,100,81
1313,0,27,0,6,109,0,100,0,0,35,0,31,39,1,0,2,6,0,22,13,0,1,34,1,13,39,9,13,18,81
1314,0,0,9,0,109,27,100,0,0,64,0,18,26,79,6,2,6,0,22,0,0,1,5,1,26,78,0,0,18,3
1315,0,0,0,0,138,35,100,0,0,39,0,19,0,79,6,0,6,0,22,0,0,25,5,0,26,78,1,0,18,3
1316,0,22,0,0,127,35,2,0,42,0,0,14,10,100,6,0,0,0,5,0,0,140,0,39,0,0,1,39,18,0
1317,0,1,0,0,127,35,2,0,42,0,0,14,10,100,6,0,0,0,26,0,0,140,0,39,0,0,1,39,18,0
1318,0,0,0,1,47,0,0,0,44,0,0,7,9,31,0,0,0,0,62,78,0,215,0,39,5,0,1,43,18,0
1319,0,0,0,1,182,0,0,0,44,0,0,6,9,18,0,0,0,0,62,109,0,80,0,40,5,0,0,44,0,0
1320,0,29,30,0,135,0,0,0,44,0,18,6,0,1,0,0,9,0,62,109,10,51,0,0,5,0,9,5,30,47
1321,0,29,30,5,135,0,0,0,4,0,18,6,47,1,0,0,0,0,40,109,10,51,0,5,22,0,49,0,39,0
1322,0,16,1,5,0,0,78,91,2,0,18,35,47,14,0,0,0,0,39,31,10,0,0,0,22,5,49,0,135,2
1323,0,16,0,5,0,0,109,91,2,0,18,35,0,14,1,0,0,0,39,0,14,0,0,0,18,5,49,48,134,2
1324,0,0,0,0,0,18,109,6,0,0,0,45,0,100,3,4,0,0,40,0,15,0,0,0,17,5,40,57,134,7
1325,0,0,39,0,0,58,109,6,0,0,0,26,0,100,3,4,0,0,1,19,5,0,2,0,17,5,0,67,132,7
1326,17,0,0,0,0,42,78,5,0,3,0,28,0,79,148,4,0,0,54,40,5,45,33,0,0,0,0,14,0,5
1327,45,0,0,0,31,42,0,5,0,3,0,28,5,65,148,4,0,0,53,40,5,45,33,0,47,0,0,1,0,0
1328,45,0,0,10,31,76,0,0,0,0,0,18,5,59,125,0,48,0,10,44,2,45,31,0,47,0,0,4,0,0
1329,45,1,1,1,33,69,1,1,1,1,11,19,1,58,1,1,58,0,0,40,0,15,36,0,77,0,0,129,0,0
1330,45,2,0,1,32,15,32,0,1,0,11,1,1,0,59,1,58,0,34,40,0,69,5,2,77,18,0,96,0,0
1331,45,1,0,1,3,0,32,0,1,1,11,1,58,95,39,1,0,47,34,4,0,69,20,32,50,18,0,1,0,36
1332,1,1,0,30,3,0,31,19,1,1,11,2,1,139,39,1,0,47,33,0,0,25,20,50,69,0,0,1,0,75
1333,1,1,1,72,2,2,31,39,1,2,11,2,1,79,65,0,0,0,33,0,0,25,39,49,65,1,0,0,2,76
1334,1,1,2,61,2,2,31,39,25,2,11,2,0,79,65,0,0,0,0,0,0,0,39,18,97,1,0,11,33,78
1335,1,0,1,0,2,2,0,49,51,0,1,2,0,18,172,0,0,31,0,0,11,0,39,0,32,79,0,72,35,2
1336,1,0,35,0,2,0,0,17,51,0,1,1,0,18,172,0,37,31,0,0,11,0,2,33,32,79,1,74,2,0
1337,1,19,35,1,1,1,1,1,51,1,1,1,1,1,173,0,37,31,0,32,11,1,2,0,32,69,1,77,18,0
1338,1,19,35,1,1,1,174,40,51,33,0,1,1,1,1,1,37,0,0,32,11,1,2,0,32,29,1,77,17,0
1339,1,19,35,1,0,15,52,0,0,33,0,1,0,2,1,1,99,0,0,32,0,123,0,0,34,30,1,73,47,0
1340,0,0,34,1,1,14,52,0,0,33,1,1,1,1,0,1,2,0,0,33,1,123,0,0,34,30,1,40,47,149
1341,0,0,0,1,2,14,85,0,0,0,1,1,0,35,32,34,1,0,0,1,1,123,0,0,22,30,0,40,47,130
1342,0,0,85,1,2,0,15,0,1,0,0,30,0,35,32,0,34,0,0,0,1,112,0,0,22,69,51,1,47,62
1343,0,57,28,1,0,0,113,0,1,0,0,30,0,0,35,14,32,0,16,0,1,0,34,0,22,53,51,50,0,62
1344,0,57,0,0,0,0,113,0,1,0,0,30,28,1,0,14,32,0,16,0,1,51,34,62,104,53,0,3,0,0
1345,0,3,33,0,0,0,40,0,1,0,0,0,25,1,98,46,0,0,16,0,0,0,96,53,79,1,0,57,0,51
1346,0,3,79,0,1,0,0,0,0,0,46,0,0,0,99,0,0,0,0,0,0,0,62,53,79,90,0,12,0,76
1347,0,0,79,0,1,0,0,0,0,0,87,0,0,0,61,0,0,17,0,0,0,0,62,36,90,90,0,1,0,76
1348,0,0,16,0,1,76,141,0,0,0,87,0,0,0,163,0,3,17,0,0,0,0,36,0,11,49,0,0,0,0
1349,42,52,1,1,0,89,48,0,0,0,84,0,0,17,105,0,93,17,3,0,0,0,36,0,11,0,0,1,0,0
1350,42,52,1,1,0,0,48,89,2,0,84,0,0,15,104,1,93,17,3,0,0,35,1,0,11,0,0,1,0,0
1351,42,0,3,16,0,93,0,176,86,0,0,11,0,0,17,1,0,0,0,48,0,87,0,18,0,1,0,1,0,0
1352,42,0,3,3,0,93,13,49,86,0,0,11,1,0,17,1,128,0,0,48,0,87,0,17,0,1,0,0,0,0
1353,42,1,11,1,0,1,3,48,31,0,0,11,55,1,20,96,145,0,0,48,0,85,0,0,0,1,0,0,0,0
1354,58,41,57,1,1,1,0,55,0,0,4,53,16,1,3,95,91,0,0,0,0,81,0,3,0,7,0,0,0,32
1355,16,46,140,0,1,1,3,80,0,0,4,48,16,0,1,70,91,42,0,0,0,1,1,0,0,6,0,1,0,32
1356,16,183,2,1,1,0,3,79,0,0,4,49,1,0,16,1,0,42,0,0,0,4,1,0,0,2,1,2,69,123
1357,16,183,2,1,1,25,1,72,1,1,5,28,1,1,16,1,1,40,1,1,1,4,1,1,0,0,2,4,69,120
1358,0,0,3,0,1,24,0,0,1,2,1,28,0,0,17,0,329,4,1,106,2,4,56,3,0,2,2,2,12,0
1359,0,0,3,0,1,24,0,0,1,4,1,28,0,0,212,0,134,4,3,106,2,4,16,2,40,2,1,0,12,0
1360,0,0,0,0,1,0,0,0,2,157,1,29,0,3,57,0,135,4,27,106,1,0,16,2,40,6,13,0,0,0
1361,0,2,0,0,0,0,0,0,2,141,1,1,0,3,57,1,135,4,24,106,1,19,16,29,40,5,12,0,1,0
1362,0,1,0,29,0,1,1,141,1,0,58,1,1,2,97,1,78,4,24,105,1,19,16,0,0,5,12,0,1,1
1363,4,1,0,1,1,25,21,4,1,0,134,1,1,0,74,106,1,54,1,0,1,18,0,0,0,0,13,137,0,1
1364,4,13,0,6,1,25,21,0,0,0,134,0,2,0,74,106,0,54,1,0,1,2,16,0,0,1,1,137,0,1
1365,4,3,107,26,1,25,1,1,0,0,134,2,2,0,43,0,0,97,1,0,1,0,16,0,0,1,1,133,1,0
1366,4,3,108,25,1,27,1,1,0,0,134,2,1,0,12,0,0,73,0,0,1,0,16,1,54,0,2,133,1,0
1367,0,3,107,0,1,5,0,2,0,0,150,127,0,0,12,25,0,75,8,0,1,0,0,2,54,0,1,26,1,0
1368,0,0,107,0,1,7,0,13,0,0,16,130,40,1,12,21,0,35,8,1,134,0,0,0,42,0,0,27,0,5
1369,0,0,22,0,1,7,1,12,0,42,16,130,40,1,12,128,0,35,8,1,134,0,0,0,0,0,0,5,0,5
1370,0,21,22,0,0,0,1,12,0,42,16,128,0,9,4,107,5,1,7,1,134,3,8,34,0,0,0,45,0,0
1371,3,22,22,0,0,0,0,13,0,0,16,128,0,10,0,0,3,0,7,1,134,47,8,109,0,0,0,45,0,32
1372,3,90,2,135,4,0,0,1,0,0,5,1,0,12,22,0,3,16,43,1,45,68,2,107,0,0,0,0,8,32
1373,3,90,1,135,4,1,1,1,0,0,5,1,0,58,22,0,3,16,43,0,0,68,2,105,0,0,0,0,9,32
1374,3,141,1,0,3,1,0,2,0,4,1,1,0,46,16,105,6,0,40,12,0,68,2,16,0,0,35,0,9,88
1375,0,141,40,0,4,0,0,47,0,4,2,0,24,0,2,105,6,0,0,12,0,68,16,1,3,0,35,1,1,88
1376,0,1,40,0,1,1,2,47,0,7,2,0,24,141,2,0,1,0,0,12,17,0,14,52,3,0,35,0,5,193
1377,0,0,40,0,32,2,2,47,0,3,1,1,0,141,2,0,1,0,0,12,17,0,18,22,3,0,35,0,5,216
1378,1,3,0,15,32,2,42,0,0,0,0,1,243,141,1,0,0,0,0,12,17,0,4,22,3,1,35,0,5,20
1379,1,3,0,15,32,2,167,0,0,0,21,1,243,51,0,12,20,1,0,0,17,0,4,0,3,1,0,1,5,0
1380,1,0,0,0,2,3,167,15,0,0,22,4,242,0,51,12,0,1,0,0,1,30,1,20,0,21,0,2,5,0
1381,1,0,0,69,0,3,0,15,0,0,22,4,109,0,51,12,0,1,2,133,1,30,1,118,0,21,0,7,0,0
1382,2,0,0,69,0,0,0,15,0,32,22,4,0,3,63,0,0,0,19,225,1,30,1,86,0,21,0,7,0,0
1383,1,0,0,156,0,0,0,0,4,60,1,0,0,20,63,0,6,1,4,225,1,29,1,0,0,2,1,21,1,3
1384,1,0,51,87,0,0,0,0,4,29,1,0,0,20,17,0,1,1,4,225,1,29,1,0,0,2,1,90,1,34
1385,0,29,55,0,0,18,29,87,5,12,17,0,1,1,5,129,90,5,0,96,1,1,1,0,0,1,0,0,1,16
1386,0,84,0,0,4,18,0,87,1,108,17,0,1,1,5,129,90,5,0,0,1,1,29,0,0,1,0,0,1,17
1387,0,84,0,0,4,14,0,88,1,96,17,0,1,28,2,192,27,5,0,0,0,13,5,0,0,0,0,1,5,17
1388,0,0,0,0,4,74,0,184,1,0,17,0,0,41,2,206,27,4,0,4,12,12,5,0,0,1,0,1,4,1
1389,1,0,0,0,6,74,6,97,1,0,0,0,0,57,0,113,0,0,0,91,12,12,4,0,0,94,28,0,4,0
1390,1,0,0,0,2,2,5,1,1,0,0,0,0,126,104,113,0,0,0,96,16,1,4,0,0,93,27,0,8,0
1391,1,0,0,0,23,1,5,1,4,0,0,0,0,148,104,14,0,0,0,96,16,54,4,1,0,93,27,0,8,0
