time_step,172,925,1232,873,856,973,1140,794,464,834,402,1478,928,702,1004,1399,1058,525,850,1213,200,1105,579,1011,783,714,1412,967,1067,1187
0,20,20,20,20,20,20,20,20,20,20,20,20,20,20,20,20,20,20,20,20,20,20,20,20,20,20,20,20,20,20
1,21,12,18,23,20,12,21,24,19,18,20,21,21,19,21,20,21,20,20,20,20,19,21,25,22,21,21,19,20,21
2,22,10,17,24,20,7,18,23,19,15,21,21,21,18,21,22,19,20,21,21,20,21,20,27,22,21,21,24,20,24
3,22,9,15,25,20,5,20,25,19,15,21,21,16,18,21,22,20,20,22,21,20,21,20,26,22,22,21,26,20,25
4,22,5,15,27,20,5,21,26,19,15,21,21,8,18,23,23,20,21,22,21,20,21,20,29,22,23,21,25,20,26
5,22,7,15,28,20,7,21,26,19,13,21,21,8,18,22,23,22,21,21,21,20,21,20,30,22,23,21,22,20,25
6,22,5,15,28,20,7,21,26,19,13,21,21,6,18,22,24,21,21,21,21,20,21,20,31,22,23,21,24,20,26
7,22,4,16,28,20,7,21,28,19,13,21,21,1,18,22,24,21,21,21,21,20,21,20,33,22,23,21,25,20,26
8,22,4,16,28,20,7,21,28,19,13,21,21,0,18,22,24,21,21,21,21,20,21,20,33,22,23,21,26,20,26
9,22,4,16,28,20,3,21,29,19,12,21,21,4,18,22,24,21,21,21,21,20,21,20,34,22,23,21,25,20,26
10,22,6,16,28,20,2,20,29,19,12,21,21,0,18,22,24,22,21,21,21,20,21,20,34,22,23,21,28,20,26
11,22,7,15,27,20,2,19,26,19,11,20,21,1,18,21,25,23,21,21,20,20,21,20,32,32,23,21,27,20,25
12,22,10,15,26,20,2,15,26,19,10,19,20,0,15,20,24,20,21,21,19,20,20,19,31,55,22,21,26,18,24
13,22,7,15,25,19,8,11,24,19,6,19,20,14,13,18,19,17,17,21,19,20,18,15,35,74,22,19,21,18,25
14,22,12,18,20,16,14,10,22,18,5,18,19,4,10,17,16,18,17,21,17,20,19,12,33,107,21,19,17,16,22
15,22,15,17,19,14,21,10,20,15,8,16,18,4,5,15,16,17,16,24,16,20,17,13,32,128,21,19,10,15,17
16,21,20,13,18,13,34,9,18,16,5,15,18,4,2,15,16,12,16,24,15,20,18,14,26,146,19,17,7,14,15
17,21,24,17,22,15,36,18,17,15,24,15,18,23,22,14,15,17,15,29,14,20,16,14,18,59,18,17,17,14,16
18,21,26,16,15,16,50,20,10,15,29,15,16,13,16,16,16,7,15,41,14,19,15,11,18,71,18,17,16,11,17
19,21,38,13,7,16,57,16,8,15,36,15,16,15,12,12,14,6,15,47,14,19,14,10,12,78,18,15,16,8,17
20,21,39,16,4,16,64,16,3,12,31,14,16,15,11,11,13,4,16,51,13,19,15,10,14,91,18,15,15,6,11
21,21,44,14,10,16,47,15,16,12,33,14,15,22,8,9,11,25,17,48,13,19,16,9,20,57,17,15,16,8,13
22,21,50,15,10,17,63,16,12,12,35,13,15,10,6,13,12,12,17,51,14,19,16,10,13,64,18,16,11,7,12
23,21,43,13,11,17,64,20,10,12,34,11,14,12,5,13,11,11,16,60,13,19,14,9,15,69,19,16,7,6,15
24,21,44,13,10,18,63,20,8,12,29,13,14,6,7,15,11,6,16,60,13,19,14,10,13,85,17,16,8,6,13
25,21,37,15,12,18,47,19,17,14,28,13,14,28,10,13,11,14,16,47,12,19,13,12,20,56,16,16,23,10,9
26,21,40,18,14,18,40,15,21,14,26,12,15,26,15,14,10,9,16,42,11,19,13,11,16,74,17,16,16,12,9
27,21,51,16,10,17,41,10,19,15,24,12,15,24,11,13,10,7,17,45,10,19,14,10,18,86,17,16,9,11,12
28,21,51,13,7,17,50,5,17,15,24,12,16,23,11,12,9,10,18,40,10,19,16,8,20,95,17,17,8,9,10
29,21,39,18,12,16,44,16,14,15,17,13,16,29,13,13,11,12,19,38,11,19,16,11,27,56,17,17,29,10,11
30,21,36,22,8,17,47,14,14,16,10,13,16,36,11,12,11,11,19,34,11,19,15,8,34,64,14,18,28,11,10
31,21,47,25,6,18,54,13,9,19,6,12,16,28,9,8,13,12,19,24,10,19,13,4,35,76,14,19,32,11,8
32,22,38,32,4,18,45,13,10,19,8,11,16,33,9,9,13,16,19,10,10,19,15,5,44,83,14,17,32,9,7
33,22,32,32,9,15,37,15,16,19,21,13,16,27,9,11,13,16,20,12,9,19,13,5,56,50,18,17,38,10,10
34,22,34,34,6,16,46,14,15,19,13,15,17,31,10,13,13,9,21,2,9,19,14,5,60,51,19,17,36,9,11
35,22,28,40,6,16,46,14,12,19,9,16,17,30,12,14,12,14,21,1,9,19,9,5,63,47,22,18,41,9,9
36,24,31,37,6,16,48,18,14,19,1,15,17,30,12,18,12,13,21,2,9,19,11,7,55,43,22,19,45,7,9
37,24,34,38,2,3,34,20,5,20,18,16,17,29,13,17,12,10,20,37,10,19,11,8,48,40,21,19,47,2,6
38,24,32,38,4,4,44,19,8,22,6,17,17,30,17,18,12,17,20,7,10,19,15,7,51,44,18,19,50,3,8
39,24,23,39,2,5,43,16,7,23,7,18,17,35,17,17,12,19,20,7,10,19,14,7,49,45,19,19,56,5,6
40,24,24,44,1,6,38,19,5,23,5,18,17,40,18,17,12,22,20,5,10,19,11,5,42,44,20,19,58,5,9
41,24,13,42,5,7,31,21,25,21,11,19,17,43,17,13,12,28,20,7,11,19,12,4,39,39,21,19,44,5,11
42,24,9,44,6,8,20,22,6,22,6,19,17,66,19,13,12,26,20,6,12,19,16,9,43,35,19,20,46,6,10
43,24,5,38,7,8,14,21,9,22,7,18,17,64,18,13,13,32,21,6,12,19,20,13,43,26,20,20,47,6,17
44,24,9,32,10,6,6,19,10,22,3,18,18,61,16,14,14,31,22,6,13,19,24,16,44,22,21,21,47,6,26
45,24,16,35,10,6,5,15,6,22,9,18,17,46,15,16,14,36,23,4,13,19,23,16,47,20,22,21,47,6,29
46,24,11,29,11,7,4,12,9,23,4,19,17,46,15,19,14,40,24,4,14,19,25,18,44,13,22,21,53,7,32
47,24,6,28,11,7,0,10,11,23,3,19,17,50,16,18,14,43,26,2,15,19,26,20,40,2,23,22,61,9,35
48,24,3,27,11,7,0,11,11,23,1,21,17,47,17,18,14,42,27,2,16,19,28,18,41,2,24,22,62,11,34
49,25,24,28,6,7,18,11,3,23,17,20,19,19,15,16,13,41,28,3,17,19,29,19,44,2,24,22,41,12,35
50,25,9,27,10,7,3,13,14,23,6,21,19,29,12,15,14,44,28,4,18,19,34,19,47,1,25,22,42,12,38
51,25,3,30,11,8,3,18,13,23,1,21,20,25,15,15,14,44,28,3,18,19,34,20,47,2,24,22,46,12,36
52,25,5,30,11,8,2,20,13,23,0,21,20,22,15,15,13,45,28,3,18,19,34,21,48,2,25,22,44,12,36
53,25,6,30,11,8,4,20,10,23,7,21,20,23,15,14,14,40,28,4,18,19,33,22,45,3,25,22,41,12,37
54,25,4,30,11,8,4,21,10,23,6,21,20,19,16,13,14,40,29,4,18,19,34,22,46,3,25,22,43,12,38
55,25,0,29,12,8,4,21,11,23,6,21,20,15,16,13,14,41,29,4,18,19,34,22,45,3,26,22,47,12,40
56,25,1,29,12,8,4,21,11,23,6,21,20,13,16,13,14,41,29,4,18,19,34,22,47,3,26,22,46,12,40
57,25,8,28,12,8,6,21,11,23,6,21,20,12,16,13,14,40,30,6,18,19,34,22,40,6,26,22,41,12,40
58,25,7,26,12,8,6,21,11,23,7,21,20,11,16,13,14,40,30,6,18,19,34,22,41,9,26,22,41,12,39
59,25,5,23,11,8,7,21,11,23,6,21,20,7,14,13,14,39,30,6,18,19,35,21,41,22,26,21,42,12,39
60,25,5,21,11,7,9,24,13,23,5,20,20,2,13,10,14,39,29,6,17,19,34,21,43,40,25,20,34,12,39
61,25,9,22,8,7,3,27,13,24,2,20,19,4,8,12,14,38,24,7,16,18,31,18,44,86,25,20,6,12,38
62,25,8,21,4,7,3,25,14,23,1,20,18,1,0,11,12,38,24,7,16,18,30,15,51,117,25,19,0,11,36
63,24,8,19,2,7,8,22,12,23,2,20,18,3,0,9,11,34,24,8,15,18,30,11,51,131,24,18,3,10,35
64,24,10,17,1,6,14,21,10,23,4,20,18,6,1,5,10,30,22,5,15,18,27,10,51,142,27,18,1,9,35
65,24,22,17,19,10,20,19,14,22,33,18,16,26,21,8,10,23,21,15,15,18,24,10,19,51,25,19,23,8,30
66,23,28,18,16,7,32,18,12,21,23,17,24,20,8,0,11,22,21,22,15,18,22,10,19,94,23,21,10,4,21
67,23,48,18,13,6,42,15,7,21,17,15,24,13,1,0,11,14,20,27,17,18,20,5,11,115,23,21,12,3,20
68,23,54,19,9,6,53,13,11,21,21,14,24,15,3,0,10,5,20,31,16,18,17,3,9,120,20,20,7,2,16
69,23,34,18,9,9,46,12,14,20,19,12,24,17,13,25,8,23,20,29,16,18,15,9,37,54,19,20,13,8,16
70,23,37,20,9,9,50,13,15,20,19,8,34,24,10,9,9,6,20,36,17,18,18,11,25,66,19,19,9,8,19
71,23,40,20,7,8,51,11,15,20,23,9,34,27,9,10,10,6,20,36,16,18,18,7,14,75,18,19,11,8,17
72,23,31,21,7,7,54,10,22,21,16,9,34,25,8,9,11,3,20,35,16,18,19,7,11,86,19,19,18,8,13
73,23,22,19,10,10,54,12,23,21,14,9,33,26,16,9,12,16,20,28,15,18,16,11,27,53,19,19,19,10,16
74,23,20,18,9,11,60,11,32,20,15,7,33,26,18,8,10,14,20,26,15,18,16,10,23,65,19,19,12,9,13
75,23,25,14,3,12,59,6,34,21,13,8,33,28,12,9,11,12,19,25,14,18,20,9,28,77,18,20,10,10,9
76,23,15,18,2,11,59,5,40,21,4,9,33,24,12,7,10,11,20,17,14,18,16,8,42,88,19,21,15,11,7
77,23,54,19,9,11,60,10,33,21,23,8,33,19,14,8,7,11,21,9,15,18,16,9,15,53,19,20,19,11,12
78,23,25,15,6,12,56,10,37,21,10,10,34,29,17,10,8,22,20,7,15,18,17,8,24,73,19,20,14,12,8
79,23,21,19,4,11,54,5,39,21,7,10,34,35,20,11,8,27,20,2,16,18,19,8,23,80,19,20,10,12,4
80,23,23,17,5,11,50,5,41,20,8,11,34,33,16,10,8,27,19,3,15,17,22,10,27,84,17,20,7,12,5
81,23,31,19,5,10,55,7,35,20,21,11,34,26,18,10,8,23,19,7,16,17,22,10,19,60,17,22,16,13,6
82,23,16,21,2,11,53,9,29,21,6,12,34,32,20,15,8,30,19,7,17,17,21,9,14,75,17,22,19,15,6
83,24,11,26,5,12,49,10,31,21,1,13,34,28,21,14,7,28,21,8,17,17,22,9,16,74,18,23,23,15,2
84,24,12,24,6,13,49,7,33,22,2,13,34,27,20,18,7,31,21,7,17,17,24,9,17,68,17,23,20,16,2
85,24,16,22,9,12,41,10,28,23,16,13,34,24,20,20,7,32,21,9,17,17,24,10,11,47,20,23,24,18,8
86,24,22,23,12,14,36,11,30,23,14,13,35,25,19,20,7,32,21,9,17,17,24,11,8,43,21,24,21,17,7
87,24,21,24,11,14,36,14,29,24,12,15,35,21,18,22,8,30,20,6,17,17,25,10,11,44,23,24,23,17,5
88,24,20,22,10,14,35,14,30,25,15,15,34,19,19,23,8,27,20,5,18,17,26,8,11,44,24,24,25,20,4
89,24,15,24,9,14,34,13,32,26,16,18,34,25,22,26,8,30,21,5,17,17,23,7,4,43,26,25,19,21,2
90,24,16,27,13,15,32,11,34,25,13,19,34,27,21,26,8,30,22,3,17,17,22,7,5,41,26,25,14,22,4
91,24,8,23,12,18,32,11,37,25,5,20,34,32,21,23,8,31,21,1,17,17,29,8,5,38,26,26,16,25,7
92,24,7,16,13,18,33,12,37,23,3,19,34,34,22,23,8,32,22,1,16,17,29,9,3,35,26,27,19,26,12
93,24,11,14,11,19,25,12,39,24,6,19,34,34,22,24,10,35,22,1,16,17,28,8,5,28,27,28,16,27,14
94,25,7,12,8,20,25,11,37,25,6,20,34,36,19,26,11,34,25,0,16,18,31,12,8,22,26,28,14,28,16
95,25,6,14,8,20,14,12,37,25,6,21,34,35,20,26,11,37,27,1,17,19,30,13,4,15,29,28,19,30,17
96,25,2,12,7,20,10,14,40,25,10,21,34,41,20,27,11,37,27,1,17,19,31,14,4,9,30,28,19,30,15
97,25,16,12,8,20,9,13,40,25,9,21,34,46,20,27,11,37,27,1,17,19,32,16,4,7,30,28,4,28,14
98,25,4,11,8,20,9,12,41,25,10,21,34,41,20,28,11,38,27,2,17,19,34,16,10,7,30,26,7,30,17
99,25,1,13,8,20,8,13,43,25,9,21,34,32,19,27,11,39,27,2,17,19,36,20,12,5,30,27,10,30,17
100,25,3,12,8,20,7,13,41,25,9,21,34,30,19,27,12,40,27,2,17,19,38,21,12,5,29,27,10,30,17
101,25,9,12,9,20,7,15,41,26,9,21,34,28,19,26,12,41,27,2,18,19,38,21,11,6,28,27,2,30,17
102,25,3,12,9,20,6,15,41,26,10,21,34,25,19,26,12,42,27,3,18,19,37,21,11,6,29,27,9,30,17
103,25,4,12,9,20,6,15,42,26,10,21,34,22,19,27,11,41,27,3,18,19,37,21,13,6,29,27,9,30,17
104,25,3,12,9,20,6,15,42,26,9,21,34,21,19,27,11,42,27,3,18,19,37,21,14,7,29,27,9,30,17
105,25,6,12,8,20,6,15,42,26,9,21,34,16,19,27,11,40,27,5,18,19,37,21,14,8,29,27,11,30,17
106,25,7,12,7,20,6,15,42,26,9,22,34,15,18,28,11,39,27,4,18,19,36,20,10,15,29,27,13,30,16
107,25,7,12,6,20,6,14,42,26,9,21,34,14,18,28,10,37,26,4,18,19,35,20,11,23,29,27,14,29,16
108,25,4,10,2,20,6,12,40,26,8,21,34,11,18,28,12,35,26,4,17,19,32,17,20,51,27,26,10,27,12
109,25,8,8,4,20,6,12,40,26,7,22,34,7,13,26,10,33,25,5,17,19,30,16,33,65,23,26,4,26,10
110,25,8,7,2,19,9,10,40,26,7,21,32,11,10,24,1,40,24,3,16,19,30,15,37,78,23,26,4,26,7
111,24,10,6,1,17,14,9,37,25,5,20,31,15,8,20,1,36,23,4,14,19,29,12,29,107,23,26,3,25,7
112,24,13,6,2,17,25,4,29,25,3,19,31,17,6,21,0,34,23,0,13,19,29,12,30,122,22,26,0,24,4
113,24,24,8,13,12,35,8,27,25,11,19,8,15,8,18,63,8,23,11,13,19,27,11,10,55,22,26,23,23,11
114,24,34,7,8,12,46,3,25,25,17,18,8,58,5,20,8,7,24,8,13,19,27,8,23,69,22,27,10,23,2
115,23,37,9,4,11,53,0,31,23,15,16,7,60,4,24,8,1,24,8,13,19,26,2,21,80,22,27,6,23,3
116,23,32,6,1,11,60,0,30,23,18,16,7,58,7,23,8,4,21,8,12,19,24,5,17,88,19,27,7,23,3
117,22,30,7,8,11,46,11,26,23,18,17,7,43,6,21,8,20,21,7,11,19,12,8,24,57,18,27,32,24,16
118,23,57,7,9,10,58,9,22,23,22,16,7,42,8,21,8,7,21,6,10,19,12,6,19,63,17,27,20,24,7
119,23,60,9,8,10,66,11,21,24,16,15,7,37,6,21,8,3,20,8,10,19,15,7,20,72,17,26,17,23,1
120,23,60,4,11,9,72,10,20,23,21,15,7,32,3,19,8,2,21,5,10,19,15,5,22,83,17,25,15,22,2
121,23,58,6,9,9,49,6,20,23,13,13,5,26,8,20,10,27,22,9,10,19,6,5,28,62,16,26,23,24,25
122,23,47,8,7,9,50,3,19,23,15,11,5,28,8,19,2,11,23,8,9,19,7,7,44,75,15,26,26,33,20
123,23,41,3,7,9,46,2,26,24,8,9,5,30,9,21,0,8,23,9,8,19,8,6,59,87,13,26,21,31,19
124,23,37,2,2,9,50,1,28,24,10,10,6,32,9,20,0,7,24,8,8,19,10,4,64,87,13,26,15,31,21
125,23,38,20,9,11,47,11,28,25,11,10,6,27,10,18,10,12,23,11,8,19,7,8,46,58,12,26,21,32,13
126,23,38,12,11,11,44,8,22,24,7,8,6,26,8,18,7,15,24,11,6,19,7,12,61,68,13,26,20,32,13
127,23,34,6,11,11,45,9,16,24,3,10,5,25,9,19,7,16,24,14,7,19,8,13,68,77,10,26,18,31,12
128,23,30,10,9,12,28,8,12,25,7,9,6,37,10,19,7,17,24,14,6,19,8,17,66,81,9,26,18,30,13
129,23,28,15,12,13,25,12,13,27,15,11,10,37,11,19,10,15,25,11,10,19,12,17,55,54,13,26,19,30,13
130,23,30,12,12,13,23,9,7,27,12,13,11,33,9,19,10,16,25,10,10,19,15,18,63,54,13,25,25,30,14
131,23,27,13,12,13,26,7,2,27,13,14,11,38,6,19,10,15,23,11,11,19,15,19,67,52,15,25,25,30,12
132,24,35,10,12,9,20,5,5,27,10,14,11,39,7,20,10,18,23,10,12,19,14,19,69,51,17,24,21,31,14
133,24,30,18,11,10,16,11,13,27,14,16,11,46,10,19,10,17,19,10,9,20,12,15,49,57,17,25,16,31,17
134,26,23,15,10,11,13,8,20,27,7,15,10,43,10,20,10,20,19,11,9,20,9,17,48,57,18,26,24,30,24
135,26,24,16,8,12,13,8,24,27,4,16,10,40,11,24,10,21,19,10,9,20,8,19,42,55,19,27,23,32,23
136,27,15,13,4,14,10,9,26,26,8,16,10,46,12,25,10,21,19,8,10,20,6,19,40,55,20,27,22,34,28
137,27,21,13,6,14,7,8,27,26,5,18,10,46,8,28,11,23,19,8,10,20,8,21,40,46,21,27,23,33,26
138,27,20,17,5,14,2,10,22,26,2,16,10,56,11,31,12,24,22,8,11,20,9,21,37,45,22,27,18,33,22
139,27,16,10,3,14,4,12,24,28,7,16,10,47,10,37,15,27,23,8,11,20,12,21,33,42,22,30,18,32,21
140,28,9,6,4,15,6,8,24,28,2,15,11,43,10,37,16,30,23,5,13,20,11,22,35,40,22,30,23,32,32
141,28,9,7,4,14,9,7,10,32,13,18,12,30,10,38,16,32,25,3,13,20,12,21,35,33,25,30,26,32,36
142,29,6,4,3,14,1,7,14,33,3,20,12,40,11,41,17,35,24,1,15,20,11,23,34,30,25,30,26,34,37
143,29,4,5,3,15,0,6,15,33,2,18,13,41,15,42,18,36,24,1,16,20,10,24,30,25,28,30,23,34,40
144,29,4,3,2,15,0,7,13,33,2,18,13,46,16,42,18,38,24,1,16,20,10,26,28,24,29,30,18,34,41
145,29,21,3,2,15,22,7,5,33,11,19,14,17,15,40,18,38,24,0,16,20,14,27,26,18,30,30,12,33,41
146,29,4,3,9,16,1,12,6,33,3,20,14,27,15,42,18,42,25,4,16,20,15,28,31,13,31,32,14,34,43
147,29,1,2,11,16,1,12,7,33,1,21,14,14,17,42,19,42,26,4,16,20,16,29,34,13,33,32,16,34,45
148,29,4,1,11,16,0,13,7,33,2,21,14,5,19,42,19,44,26,4,16,20,16,29,36,14,33,32,16,34,44
149,29,18,2,12,16,2,13,3,33,8,21,14,5,19,40,20,41,25,5,16,20,16,28,35,15,33,32,4,34,41
150,29,5,1,15,16,1,15,5,33,3,21,14,6,21,41,20,42,25,5,16,20,16,28,36,16,35,32,8,34,41
151,29,2,1,16,16,1,15,5,33,3,21,14,0,21,42,20,43,25,5,16,20,16,28,40,16,35,32,10,34,41
152,29,1,1,16,16,1,15,6,33,3,21,14,3,20,42,20,43,25,5,16,20,16,28,40,16,35,32,6,34,43
153,29,3,2,16,16,2,15,6,33,3,21,14,14,20,40,20,30,25,5,16,20,16,28,40,17,35,32,8,34,40
154,29,3,1,18,16,1,12,5,33,4,21,14,3,19,40,21,31,25,5,17,20,15,27,50,22,36,32,5,35,40
155,29,5,0,16,16,0,8,5,33,1,21,14,0,16,40,21,29,24,5,17,20,15,26,57,46,36,31,1,34,34
156,29,0,0,14,15,1,6,3,32,1,21,14,4,9,39,21,25,22,5,17,20,13,24,64,72,35,31,0,33,30
157,29,10,11,11,14,5,5,6,31,8,22,14,17,5,38,19,13,18,6,15,20,13,22,47,66,32,31,17,30,25
158,29,8,4,9,13,5,2,6,31,2,21,16,6,2,34,19,8,19,5,13,20,11,21,72,103,32,31,6,30,22
159,29,10,3,6,13,6,0,3,31,0,21,15,5,0,31,17,6,18,4,12,20,10,20,77,127,30,31,8,29,18
160,29,16,3,3,12,6,1,0,31,2,19,15,4,1,32,14,1,17,4,10,20,8,20,79,140,29,31,2,29,22
161,29,15,14,11,12,15,17,20,31,15,18,15,16,12,29,14,18,15,10,10,20,11,18,52,48,29,29,15,30,12
162,29,16,16,7,11,17,11,14,31,12,17,16,17,11,27,12,11,14,12,9,20,14,18,59,69,28,29,13,28,12
163,29,15,15,1,11,26,7,11,31,11,14,16,18,13,25,14,10,12,12,9,20,13,13,66,82,29,29,11,28,9
164,29,14,20,0,11,25,8,12,29,10,14,15,18,10,24,14,9,10,19,9,20,11,13,73,92,30,27,3,27,4
165,29,16,12,37,11,24,11,11,29,10,13,15,15,11,11,14,11,9,22,9,20,11,14,61,56,28,27,21,26,16
166,29,20,19,8,11,38,7,9,29,16,12,15,30,9,16,12,9,10,23,8,20,8,16,59,66,29,26,13,24,9
167,29,27,23,7,11,52,9,9,27,19,14,15,27,8,16,10,3,9,24,6,20,8,16,53,65,29,26,9,24,5
168,29,27,26,5,11,55,8,7,27,20,14,15,25,7,13,11,2,9,23,5,20,6,16,57,72,29,26,5,25,5
169,29,21,22,7,11,46,10,11,25,20,10,16,21,13,11,10,19,7,21,7,20,10,16,56,57,29,26,13,25,11
170,29,16,19,7,11,57,11,4,25,21,7,16,25,13,10,9,10,8,19,7,20,10,17,69,61,28,26,8,23,14
171,29,13,19,9,11,58,12,2,25,19,7,15,22,14,8,9,14,6,18,7,20,7,16,77,69,28,26,5,23,12
172,29,11,16,9,12,62,11,3,24,16,7,15,20,13,9,10,12,5,15,7,20,6,14,76,75,27,26,13,23,14
173,29,17,21,9,13,51,10,17,23,13,10,15,19,11,12,12,13,8,16,8,20,9,15,54,55,27,26,32,23,12
174,29,12,22,10,13,50,11,10,23,14,11,15,28,0,18,12,10,8,17,9,20,10,31,64,51,30,26,16,24,6
175,29,11,23,10,12,46,5,8,23,8,12,16,29,2,19,12,11,8,16,12,20,8,32,74,46,31,25,19,27,6
176,30,19,22,9,11,47,4,12,24,7,13,15,27,2,19,12,9,8,15,12,20,8,32,70,44,35,25,15,28,6
177,30,18,23,7,10,40,5,12,25,5,14,15,38,12,18,12,11,9,16,13,20,7,32,51,45,36,24,15,28,9
178,30,21,27,6,11,39,5,8,25,4,10,15,48,9,18,12,9,11,18,12,21,6,32,53,43,32,25,18,27,5
179,30,25,28,4,12,39,7,8,25,7,11,15,49,4,19,13,10,12,18,11,21,6,31,48,40,31,25,18,27,6
180,30,21,28,3,13,40,7,10,25,8,10,15,53,6,19,12,9,13,17,11,21,5,31,53,41,31,26,8,27,7
181,30,28,30,3,14,42,8,11,23,6,9,15,51,6,18,13,3,13,19,11,21,4,31,46,42,32,27,11,25,8
182,30,28,30,4,14,44,6,10,24,3,9,15,54,7,21,12,1,14,21,11,21,5,30,39,38,31,27,13,26,12
183,30,22,28,4,14,47,2,11,24,8,11,15,54,8,21,13,2,14,21,12,21,6,28,39,28,32,28,17,26,14
184,31,24,20,4,14,42,3,12,24,2,11,15,61,11,19,13,6,14,22,12,21,9,28,37,27,33,28,16,27,14
185,33,18,13,5,14,30,10,7,23,15,11,15,52,13,20,13,7,15,22,12,21,11,29,42,24,36,28,11,29,21
186,33,12,13,10,15,30,9,12,23,8,13,16,54,13,22,13,6,16,22,12,21,12,28,49,19,36,28,4,29,22
187,33,6,11,13,15,23,8,10,23,7,13,16,66,12,26,13,5,18,23,14,21,11,28,50,10,36,28,9,29,23
188,33,12,10,15,15,16,7,9,23,4,16,16,76,11,27,1,5,18,23,15,21,14,26,51,6,35,28,6,29,32
189,33,16,8,18,15,12,9,10,23,7,17,16,48,11,29,30,10,18,23,14,21,16,26,50,5,38,28,8,29,12
190,33,3,14,17,15,19,8,8,24,9,17,16,56,10,29,0,11,18,23,14,21,15,27,56,5,39,28,7,31,27
191,33,8,9,15,15,11,12,8,24,10,17,16,58,10,30,1,12,19,22,14,21,16,27,62,0,39,28,1,32,30
192,33,2,6,17,15,10,12,8,24,8,17,16,67,9,30,0,13,19,22,15,21,17,27,57,1,40,28,3,32,31
193,33,16,6,7,16,8,6,9,24,6,18,16,43,9,28,43,14,19,20,16,21,19,27,43,15,40,28,11,33,6
194,33,21,12,8,16,8,6,13,24,3,18,16,73,9,28,1,19,19,21,16,21,19,26,44,6,40,28,11,34,7
195,33,20,13,9,16,8,5,13,24,5,18,16,71,7,28,0,20,18,22,16,21,19,26,44,6,40,28,12,34,8
196,33,18,13,11,16,8,4,12,24,3,18,16,72,6,29,0,18,18,22,16,21,21,25,45,7,41,28,12,34,9
197,33,13,9,11,16,9,8,14,24,9,17,16,47,8,29,24,18,18,20,16,21,20,26,43,8,42,28,9,35,9
198,33,12,7,11,16,9,8,13,24,10,17,16,44,8,29,8,21,18,20,16,21,22,26,45,8,43,28,10,35,22
199,33,12,7,12,16,9,8,13,24,10,17,16,44,8,29,8,22,18,20,16,21,22,26,46,8,43,28,7,35,22
200,33,12,7,12,16,9,8,14,24,10,17,16,44,8,29,8,22,18,20,16,21,22,26,46,8,43,28,7,35,21
201,33,11,10,12,16,10,9,14,24,10,17,16,41,9,29,9,22,18,21,16,21,22,26,41,9,40,28,10,35,21
202,33,11,10,12,16,10,8,14,24,10,17,16,40,9,28,10,22,18,21,16,21,22,27,42,10,40,28,9,35,21
203,33,11,11,12,16,9,8,15,24,9,16,16,36,9,28,9,20,18,21,15,21,23,26,47,18,39,28,7,35,20
204,33,9,11,9,16,8,0,15,24,11,17,22,32,9,28,9,19,16,20,14,21,26,26,46,33,39,28,5,35,19
205,33,8,13,6,16,8,9,18,23,11,18,22,27,6,27,9,15,15,22,14,21,25,23,38,48,39,28,7,35,16
206,33,6,12,5,16,8,1,17,22,11,18,28,25,3,26,8,12,15,24,14,21,25,23,42,62,39,28,7,35,14
207,33,6,11,5,16,9,0,16,22,8,18,31,24,3,24,8,9,14,24,14,21,26,24,44,73,39,28,4,35,11
208,33,0,13,2,16,10,0,15,22,6,18,34,24,3,22,7,5,14,25,12,21,24,23,50,85,38,28,7,34,9
209,33,31,11,11,15,11,9,16,22,7,17,34,26,8,20,7,6,14,26,11,21,25,22,27,54,38,28,7,35,8
210,33,15,11,3,16,16,16,17,22,5,15,54,21,3,20,8,3,14,27,11,22,23,21,30,65,38,27,2,34,8
211,33,12,9,1,16,20,15,14,23,3,15,120,18,2,20,6,3,13,27,11,22,22,22,27,16,38,27,2,34,9
212,33,12,11,1,16,28,15,14,23,4,13,132,17,1,19,5,1,14,28,11,22,21,22,26,5,37,27,2,33,7
213,1,5,5,3,16,11,1,3,23,2,1,6,5,2,1,5,11,3,26,1,22,1,2,6,349,3,27,30,27,2
214,1,18,4,0,15,21,1,2,23,3,1,349,9,1,2,5,2,3,26,1,22,0,1,19,8,3,27,3,28,2
215,1,18,4,2,14,27,3,5,23,4,1,349,7,0,1,2,0,3,26,1,22,0,0,6,11,2,27,7,30,4
216,1,27,3,0,14,27,1,2,23,2,1,349,10,1,1,1,2,5,25,1,22,1,1,7,9,3,27,4,30,0
217,14,21,17,25,13,18,14,20,23,16,15,40,17,15,14,13,26,13,15,14,17,22,18,35,19,15,23,45,15,28
218,14,34,36,15,13,23,16,14,24,18,16,72,15,14,14,13,18,13,15,13,18,17,14,28,25,15,23,17,16,17
219,14,21,34,11,13,25,15,17,23,21,16,100,4,14,17,11,14,13,14,14,18,20,14,25,26,15,21,14,17,19
220,14,15,33,1,13,23,14,18,23,18,17,111,9,14,17,11,14,13,13,13,18,21,13,24,27,16,21,20,18,18
221,14,14,30,20,14,20,7,10,23,7,5,67,21,8,6,11,8,5,13,6,18,23,5,13,160,5,21,11,15,20
222,14,10,25,4,15,30,7,11,23,12,3,233,20,9,6,2,9,6,12,5,17,25,1,15,14,5,21,7,15,24
223,14,14,20,4,15,29,5,6,23,13,2,242,23,10,6,2,9,7,11,5,17,30,0,13,8,5,21,4,15,27
224,14,10,19,1,15,25,3,13,23,10,2,242,28,10,6,1,9,7,13,5,17,31,0,9,4,5,23,8,15,32
225,9,21,20,11,15,10,14,12,23,10,11,40,11,9,8,8,10,8,12,8,14,29,11,20,165,11,24,20,15,21
226,9,23,19,12,15,8,12,9,23,14,11,185,15,6,7,8,11,9,10,8,14,32,7,23,20,10,24,15,15,26
227,9,33,16,8,15,2,13,7,25,13,9,185,17,8,9,8,11,10,9,8,14,33,7,11,21,10,23,17,19,30
228,9,31,13,9,15,3,15,10,27,10,9,186,16,13,7,9,13,10,10,8,14,33,6,9,20,10,24,15,18,28
229,15,24,21,17,15,36,18,20,27,18,14,41,17,17,16,14,19,14,15,14,14,35,17,21,18,14,24,20,19,26
230,15,21,17,18,15,22,18,27,27,16,14,41,28,16,16,14,21,15,16,14,14,35,16,15,16,13,24,20,22,34
231,15,21,22,20,15,18,21,30,29,11,14,41,28,17,19,14,25,15,17,14,14,35,15,7,10,14,24,22,22,31
232,15,20,24,20,14,19,19,32,29,15,14,41,30,16,22,13,32,17,17,14,14,35,16,7,3,13,24,14,21,30
233,16,19,22,16,15,18,20,35,29,16,16,40,22,11,23,13,33,17,18,13,13,39,16,7,9,11,24,16,22,31
234,16,14,18,17,16,17,21,35,29,18,15,40,20,13,24,14,37,17,18,13,13,41,17,6,3,12,25,17,19,35
235,16,3,10,17,16,12,17,35,29,22,14,40,24,12,26,15,43,19,18,13,13,42,17,7,0,13,25,20,21,41
236,16,4,5,19,16,1,15,32,28,23,14,40,20,14,27,15,44,19,18,13,14,44,15,5,0,17,28,28,21,45
237,16,17,4,3,16,11,13,32,28,20,14,40,12,11,29,15,45,19,18,13,14,40,15,16,23,16,28,8,21,43
238,16,5,4,5,16,3,14,29,29,20,18,40,29,14,31,15,43,23,19,14,14,41,19,3,1,19,28,15,22,51
239,16,4,0,6,16,0,13,26,29,20,17,41,26,14,31,15,45,23,19,14,14,43,19,4,0,20,28,22,24,51
240,16,6,1,6,16,0,13,24,29,20,17,41,27,14,31,15,46,24,19,13,14,44,18,1,0,20,28,23,24,50
241,16,3,8,4,16,13,11,24,30,19,17,40,16,3,31,17,41,20,17,13,14,41,18,13,24,20,28,18,25,40
242,17,4,7,7,16,1,14,27,30,18,21,41,22,5,31,17,41,19,17,13,14,45,20,10,0,22,28,22,25,46
243,17,5,8,6,16,1,15,29,30,15,21,40,18,7,30,17,42,19,17,13,14,45,21,10,0,22,29,22,25,46
244,17,1,7,7,16,0,18,31,30,13,21,40,14,7,32,17,44,19,17,13,14,44,21,10,0,22,29,24,25,47
245,17,7,6,4,16,5,19,31,30,13,21,40,11,7,31,17,41,19,17,13,14,40,21,10,9,22,29,24,26,40
246,17,9,6,5,16,5,21,29,30,15,21,40,9,7,32,17,41,19,17,13,14,40,22,12,4,23,29,21,26,40
247,17,9,5,5,16,5,21,29,30,15,21,40,6,7,32,17,42,19,17,13,14,40,23,13,4,23,29,21,26,41
248,17,10,5,6,16,5,22,29,30,14,21,41,5,7,32,16,42,19,17,13,14,40,23,13,4,23,29,20,26,41
249,17,11,6,6,16,6,23,29,30,14,21,40,5,7,32,16,42,19,17,13,14,40,23,12,5,23,29,18,26,40
250,17,11,6,6,16,6,22,30,30,14,21,40,4,7,32,16,44,19,17,13,14,40,23,8,7,23,29,18,26,41
251,17,10,8,4,17,6,21,31,30,12,21,40,5,6,30,16,46,19,17,12,14,40,21,4,17,24,28,17,26,41
252,17,10,9,2,17,6,21,33,30,10,23,40,0,5,30,14,47,19,17,11,14,39,18,3,26,25,28,19,26,41
253,17,10,7,3,17,2,18,33,30,6,23,40,7,3,28,14,42,17,17,11,14,39,17,8,41,25,28,17,26,40
254,19,10,8,1,16,2,17,32,29,3,23,39,2,0,27,13,41,16,17,11,14,38,16,12,66,24,28,12,25,39
255,19,11,6,0,16,4,17,31,29,2,24,40,2,0,26,13,43,17,17,11,14,37,14,13,74,23,28,8,25,36
256,19,17,7,0,16,6,17,30,29,1,23,43,2,0,25,13,41,16,19,10,14,35,12,9,84,22,28,2,25,35
257,19,14,8,11,16,9,13,19,29,15,21,40,17,16,19,12,43,15,22,10,14,32,8,14,51,19,29,7,25,33
258,19,15,12,4,16,16,11,18,28,9,18,48,9,4,22,11,41,15,22,9,14,30,8,24,74,19,27,2,25,30
259,19,11,11,2,16,17,9,20,29,8,18,48,13,5,20,11,37,15,22,9,13,30,5,24,81,19,27,4,25,32
260,19,20,11,0,17,18,9,18,29,7,18,48,11,5,21,12,34,15,22,9,13,29,4,22,87,18,26,3,26,29
261,19,17,13,15,16,27,10,18,29,9,19,40,12,7,14,20,33,15,23,9,13,26,10,18,49,14,26,30,25,24
262,19,37,16,7,16,29,13,22,29,8,19,40,15,7,22,10,37,15,23,9,13,24,8,13,54,13,25,7,26,24
263,19,39,21,8,16,29,13,19,29,13,19,40,14,6,20,9,33,15,24,9,13,22,7,15,61,13,25,2,25,22
264,18,36,23,7,16,29,14,19,29,12,19,40,12,6,21,8,30,14,25,10,13,22,9,12,63,13,25,6,27,22
265,18,30,19,8,16,26,15,25,30,12,19,40,17,6,20,9,28,14,23,10,13,26,9,9,50,11,25,24,27,21
266,18,37,24,8,16,31,14,21,31,13,20,40,13,8,19,9,27,14,20,10,13,27,9,20,49,11,25,8,28,17
267,18,36,23,10,17,33,11,21,31,11,20,41,16,9,20,10,24,16,18,10,14,31,5,18,52,12,25,10,28,10
268,18,41,28,11,17,39,13,22,31,7,20,41,15,7,19,9,18,19,18,12,14,27,0,13,51,11,26,14,29,10
269,20,42,30,10,17,49,12,16,32,8,20,40,21,5,20,9,16,19,18,12,14,23,5,12,45,11,26,11,31,6
270,20,36,31,10,17,51,10,17,32,3,20,40,24,6,19,10,18,20,19,11,14,21,1,10,55,10,26,14,31,4
271,20,26,32,10,16,57,5,18,32,5,22,40,24,3,19,11,18,20,18,12,14,21,1,12,56,13,26,14,31,4
272,21,30,31,7,16,54,5,19,32,1,19,40,22,6,20,11,14,23,21,12,14,20,1,10,55,14,26,17,31,8
273,21,29,34,6,16,45,11,10,32,10,19,40,18,4,19,11,13,23,24,13,14,20,12,12,44,13,26,23,30,8
274,20,29,34,5,16,40,12,16,32,7,19,40,23,4,18,11,12,24,22,13,14,26,4,9,43,14,29,25,30,9
275,20,23,30,6,16,42,11,18,32,8,18,39,26,4,20,12,11,25,22,11,14,27,4,8,46,15,32,21,30,9
276,20,36,34,5,16,35,9,14,32,8,19,39,24,4,19,12,11,26,21,11,14,27,5,7,50,15,32,16,30,9
277,20,40,30,6,16,34,4,12,32,10,20,40,23,8,20,12,12,25,19,11,14,26,3,7,47,13,32,19,30,15
278,20,34,28,6,16,33,7,13,32,12,20,41,16,7,21,13,14,26,20,12,14,28,1,6,41,14,32,27,30,16
279,20,27,23,7,16,36,8,9,34,12,20,41,14,9,23,14,16,27,18,12,14,29,2,4,37,14,32,31,30,21
280,20,28,26,8,16,33,7,11,34,1,19,41,25,10,21,13,17,28,19,12,14,31,2,5,32,16,32,28,29,22
281,22,21,22,8,16,27,2,6,34,11,17,40,26,11,21,13,14,30,18,13,14,35,2,31,30,18,32,7,31,28
282,22,20,21,10,18,32,4,14,33,2,17,40,32,10,23,13,19,35,19,13,14,36,4,5,24,17,32,8,31,32
283,22,15,21,10,18,26,6,9,33,4,18,39,28,10,21,16,20,36,18,14,14,36,4,8,27,17,32,11,31,36
284,22,19,21,10,18,22,3,12,33,6,21,39,34,9,21,16,21,36,21,16,14,33,4,5,20,16,32,5,30,41
285,22,7,21,10,18,18,2,10,33,3,20,39,20,10,22,16,22,36,21,15,14,34,4,28,17,16,32,12,33,45
286,22,13,18,9,18,15,3,9,33,1,18,39,25,9,23,16,31,36,19,16,14,34,5,5,13,20,32,23,33,48
287,23,7,21,8,18,13,1,9,33,1,18,40,23,10,22,18,31,37,19,16,15,35,8,3,11,20,33,24,34,49
288,23,0,25,7,19,9,2,10,33,1,18,40,26,12,22,18,32,39,19,16,14,35,8,1,5,20,33,28,35,50
289,23,13,26,3,19,9,3,4,34,8,18,40,3,12,23,18,3,39,17,18,14,35,8,75,2,21,34,3,35,40
290,23,7,26,7,19,6,8,5,34,2,17,40,17,13,27,23,22,41,18,18,14,42,11,1,0,24,34,15,35,51
291,23,8,26,7,19,3,9,5,34,1,17,40,10,13,28,23,23,41,20,18,14,43,12,2,0,24,34,14,35,54
292,23,5,27,7,19,3,9,5,35,1,17,40,6,13,29,23,23,41,21,19,14,42,12,1,0,24,34,15,35,57
293,23,4,27,4,19,3,4,5,35,3,17,41,4,12,29,22,22,40,21,19,14,41,14,29,7,25,34,6,35,41
294,23,9,28,4,22,4,5,6,35,7,17,41,5,13,30,22,21,40,21,20,14,41,14,3,5,31,34,8,35,42
295,23,9,28,4,22,4,5,6,35,7,17,41,1,14,30,22,22,40,21,20,14,42,14,3,5,31,34,8,35,43
296,23,7,28,4,22,4,5,6,35,7,17,41,0,14,30,22,22,40,21,20,14,41,14,4,5,31,34,8,37,44
297,23,7,28,4,22,4,5,6,35,7,17,40,5,14,30,22,22,40,21,20,14,40,14,4,5,31,34,8,37,41
298,23,8,28,3,22,4,5,6,35,7,17,40,4,14,30,22,21,40,21,20,14,40,14,4,7,30,34,9,37,41
299,23,6,30,1,22,3,5,6,35,5,16,40,6,14,29,22,21,41,21,20,14,41,13,0,16,31,33,9,37,40
300,23,6,29,0,22,3,4,5,35,2,16,40,4,11,27,22,20,41,21,18,14,41,9,3,43,30,33,5,36,37
301,23,4,26,6,22,2,2,2,35,2,13,39,2,10,21,22,19,39,23,16,14,40,3,12,71,29,32,4,35,32
302,24,6,24,0,21,5,2,2,35,2,10,38,2,6,19,22,20,36,25,13,14,38,1,13,99,28,29,3,33,30
303,24,3,23,0,19,11,0,4,34,2,11,38,3,2,17,21,16,35,22,12,14,36,0,13,117,26,29,7,32,29
304,24,9,22,0,19,18,1,0,34,4,9,38,0,1,13,21,16,34,21,12,14,36,1,12,129,24,29,1,29,29
305,24,15,23,25,19,15,10,10,34,21,6,36,23,6,6,21,7,33,21,11,14,36,8,11,48,17,29,21,29,21
306,24,20,27,3,20,33,9,13,34,10,6,35,17,5,5,20,7,34,23,10,14,32,5,9,80,18,29,8,29,21
307,24,27,25,3,20,45,3,13,34,12,5,34,23,2,2,19,1,34,21,9,13,32,3,10,88,17,28,6,28,19
308,24,31,23,1,20,52,3,12,34,5,5,33,14,3,3,19,5,35,20,8,13,31,2,11,91,17,28,9,28,20
309,24,20,25,10,20,42,6,9,34,17,8,32,27,5,5,19,11,34,21,7,13,30,6,17,55,14,28,14,28,19
310,24,32,20,5,20,48,8,9,34,16,8,32,31,5,5,17,9,35,22,8,13,32,4,11,54,13,28,12,27,18
311,24,38,19,6,20,46,7,5,34,16,8,32,36,4,6,17,8,34,23,8,13,29,2,16,58,12,29,8,26,16
312,24,37,20,5,20,51,9,4,32,13,9,32,35,3,6,16,4,34,29,6,13,30,0,12,66,12,29,8,26,15
313,24,17,24,5,20,42,5,6,32,11,5,33,35,6,4,15,7,34,29,7,13,29,7,27,62,9,29,21,27,15
314,25,27,25,2,20,47,4,5,32,17,5,33,35,8,4,14,8,35,28,8,13,31,2,20,69,8,29,10,26,10
315,25,27,24,3,19,48,1,9,32,17,4,33,27,7,2,13,8,36,30,8,13,31,0,11,82,8,29,17,26,10
316,26,30,22,2,19,51,2,6,33,13,3,33,26,7,3,13,8,35,30,7,12,36,2,8,92,6,29,10,26,10
317,26,25,19,8,19,38,8,17,33,11,7,33,33,6,6,13,11,35,29,7,12,36,5,34,49,8,29,8,26,9
318,26,11,19,9,19,39,14,17,34,5,7,33,35,6,7,13,6,34,33,7,12,38,5,33,50,8,29,14,25,12
319,26,18,20,8,20,41,16,14,34,5,6,33,37,5,7,13,4,34,32,7,12,37,4,35,52,7,30,9,25,9
320,26,13,21,8,21,33,16,20,34,9,5,33,36,6,4,13,4,33,31,7,12,37,4,33,58,9,30,11,24,9
321,26,33,25,8,22,28,15,21,33,10,6,33,41,10,5,13,10,33,29,7,12,36,3,19,43,9,30,6,26,8
322,26,14,19,10,22,27,16,19,34,7,5,33,36,10,8,13,14,33,32,7,12,36,3,19,45,11,31,20,26,12
323,26,19,25,10,22,20,17,20,34,11,7,33,33,10,7,13,13,34,34,7,12,37,2,16,43,10,30,21,26,8
324,28,16,28,11,21,20,17,19,37,13,7,32,35,10,5,14,14,34,34,7,12,36,2,12,40,12,30,21,26,7
325,28,21,25,10,22,21,13,20,37,13,8,33,34,11,8,14,14,33,35,7,12,36,3,9,39,12,30,18,25,9
326,28,21,27,10,22,15,12,18,38,14,8,33,37,10,8,14,14,33,36,5,12,36,4,9,38,13,30,19,25,11
327,28,12,29,10,22,15,13,21,38,16,6,33,39,13,7,14,15,34,38,5,12,33,5,9,34,15,31,17,23,13
328,28,7,25,11,22,17,15,23,38,14,6,33,35,12,9,15,17,34,36,5,12,33,4,13,33,14,31,14,23,21
329,28,2,20,10,22,11,17,23,38,9,7,33,38,14,12,15,26,34,38,7,12,33,5,6,30,16,31,14,23,26
330,29,2,19,11,23,7,14,28,38,5,7,33,40,17,8,15,28,36,38,8,12,37,6,4,20,19,32,14,22,28
331,29,4,20,13,23,6,13,24,38,3,7,33,35,17,9,17,30,36,37,8,12,38,7,2,20,20,32,15,22,30
332,29,5,16,14,22,3,11,30,39,2,9,33,29,15,11,18,30,36,39,9,12,38,8,9,12,19,33,12,21,36
333,29,25,16,12,22,12,4,23,40,10,10,34,7,17,11,18,19,37,38,10,12,36,7,19,8,20,33,11,22,38
334,29,8,19,16,23,1,5,28,40,2,11,34,24,18,14,18,17,37,40,10,12,37,11,7,5,18,33,23,20,40
335,29,3,19,12,23,1,4,31,40,4,12,34,21,22,14,18,25,38,39,10,12,37,11,6,1,21,34,20,21,38
336,29,12,19,13,23,3,4,29,40,1,12,34,20,21,14,18,28,38,39,10,12,36,11,5,0,21,34,15,21,38
337,30,30,20,2,23,17,5,25,40,3,11,34,7,20,14,18,14,38,39,10,12,32,11,2,13,20,34,12,22,42
338,30,3,17,3,23,0,2,26,40,4,11,35,49,23,15,16,19,41,39,10,12,33,11,3,0,21,34,12,23,45
339,30,2,17,3,23,2,9,27,40,1,11,35,51,24,15,7,19,41,39,10,12,32,11,2,0,21,34,14,23,45
340,30,1,18,5,24,2,1,27,39,0,11,36,56,25,15,6,20,41,39,10,12,32,11,2,0,22,34,12,23,46
341,30,19,18,2,24,4,3,27,39,3,11,36,41,25,15,7,21,40,39,11,12,33,11,2,5,22,34,3,23,40
342,30,3,19,4,24,4,2,29,39,8,12,36,39,27,16,7,22,40,39,11,12,34,11,3,2,24,34,6,23,40
343,30,3,19,4,24,4,2,29,39,9,11,36,37,27,16,7,22,40,39,11,12,35,12,3,2,24,34,6,23,40
344,30,3,19,3,24,4,2,29,39,9,11,36,36,27,16,7,22,40,39,11,12,35,13,3,3,24,34,6,23,40
345,30,2,19,3,24,4,2,29,39,10,11,36,34,27,16,7,22,40,39,11,12,35,13,4,3,24,34,7,23,40
346,30,2,18,2,24,6,1,28,39,10,11,36,33,25,17,7,22,40,39,11,12,35,12,3,7,24,34,9,23,40
347,30,2,18,2,25,6,0,27,39,10,12,36,33,23,17,7,23,40,39,10,12,35,11,3,12,24,34,8,22,40
348,30,5,17,0,24,6,0,29,39,8,12,36,28,19,15,4,22,39,41,10,12,35,10,1,32,24,34,9,20,39
349,30,3,16,5,24,6,7,29,39,5,9,35,28,14,1,4,20,39,40,9,12,32,9,9,64,23,34,5,19,30
350,30,4,14,0,23,8,1,27,39,3,8,35,30,11,0,2,19,36,40,7,12,32,3,12,103,23,34,0,16,28
351,29,10,13,1,23,13,1,25,39,4,7,35,25,8,0,2,15,35,40,6,12,34,1,12,114,22,34,3,14,23
352,29,9,14,1,22,21,5,22,38,4,5,35,24,6,1,1,10,33,44,5,12,33,0,5,126,22,34,2,12,25
353,29,13,11,29,20,28,10,10,37,13,6,34,9,6,13,6,9,32,49,6,12,33,9,15,49,21,34,21,12,24
354,29,28,9,6,20,40,8,11,35,16,3,34,10,3,8,7,3,29,54,6,12,33,2,8,92,21,34,6,9,24
355,29,35,10,7,18,44,4,11,33,14,1,34,9,1,7,8,5,30,54,5,12,34,0,12,100,21,35,3,8,16
356,29,35,9,5,16,48,5,5,33,8,1,33,6,2,6,8,2,30,68,4,12,32,0,12,111,21,35,6,5,13
357,29,22,10,6,18,17,9,9,33,13,10,33,30,12,7,10,26,27,43,6,12,31,14,33,45,6,34,33,7,15
358,29,53,15,6,17,42,9,9,34,20,6,33,26,10,6,6,5,27,50,6,12,31,4,12,58,5,34,13,7,15
359,29,60,16,7,18,40,7,3,34,20,7,33,35,11,5,7,1,28,48,6,12,30,4,10,66,5,33,7,7,11
360,29,59,14,6,17,39,8,6,34,20,7,33,35,10,5,7,3,27,47,5,12,32,1,8,66,7,33,7,8,15
361,29,14,12,5,17,24,4,9,34,13,4,33,32,10,9,7,30,28,44,5,12,33,6,55,49,5,33,20,9,15
362,29,34,12,4,17,30,8,11,35,13,4,33,41,9,7,8,18,29,45,5,12,28,4,15,67,7,33,17,9,16
363,29,29,15,0,17,36,9,8,35,12,5,34,43,2,11,8,24,29,38,5,12,28,1,13,72,6,33,24,9,13
364,29,26,17,4,17,29,8,11,36,7,5,34,45,0,10,8,23,30,37,5,12,30,1,13,78,7,33,26,8,11
365,29,22,15,6,17,23,7,10,36,14,6,34,52,8,8,8,19,30,34,6,12,34,6,30,62,6,34,8,10,14
366,29,27,17,7,17,11,6,11,36,7,7,34,54,3,7,9,22,30,31,6,12,33,6,25,72,4,35,15,10,17
367,29,13,15,11,17,13,12,14,37,12,7,34,61,0,4,9,21,31,26,6,12,32,4,31,67,5,34,17,10,16
368,29,10,18,10,17,17,13,12,39,4,8,34,60,5,4,9,21,32,12,6,12,31,3,40,73,3,34,19,10,15
369,30,52,17,6,18,14,12,13,38,18,8,34,54,6,6,9,17,33,9,7,12,32,7,22,51,8,33,8,10,16
370,32,45,20,8,17,9,9,18,39,5,9,34,48,3,5,9,18,32,2,6,12,31,8,36,62,9,32,12,12,18
371,32,34,20,9,18,9,14,18,39,7,10,33,50,3,7,9,18,30,1,5,12,32,8,33,65,7,33,16,12,16
372,32,32,23,7,18,11,13,15,39,5,9,33,51,6,8,9,21,30,2,4,12,30,7,34,60,11,32,18,12,16
373,32,32,25,7,5,5,11,12,39,9,11,33,45,5,8,9,26,31,58,4,12,15,8,26,45,13,32,21,6,15
374,33,28,27,7,5,8,16,14,40,6,13,33,52,2,7,9,25,31,3,4,12,36,6,25,49,14,33,20,9,33
375,33,28,26,7,5,7,13,8,40,7,16,33,51,3,10,9,26,32,1,5,11,37,6,25,44,14,34,23,12,34
376,33,30,30,5,5,8,13,6,41,4,17,33,53,4,11,9,31,35,1,5,11,36,5,26,35,14,34,20,13,32
377,33,23,31,2,4,9,12,5,41,7,17,33,50,5,15,9,34,37,4,6,11,34,4,26,30,14,34,23,13,34
378,34,23,33,4,5,2,16,4,41,2,18,34,49,4,16,9,34,38,2,6,11,40,1,20,32,17,35,22,13,35
379,34,22,30,3,5,5,12,2,41,4,16,34,48,4,17,10,37,38,0,8,11,42,2,23,31,18,35,18,16,34
380,34,17,26,6,4,1,13,3,41,1,19,34,44,4,15,10,44,39,3,8,12,41,4,23,25,18,37,23,16,35
381,34,11,28,3,1,20,11,8,40,14,18,34,26,4,10,10,44,40,4,8,12,40,11,25,19,19,37,18,15,36
382,34,9,20,1,1,2,14,8,41,7,20,34,40,5,13,12,40,43,0,9,12,48,14,26,15,21,38,20,17,36
383,34,6,17,4,0,2,14,8,41,0,18,36,39,4,13,14,40,44,1,9,12,49,14,32,12,22,38,21,18,38
384,34,6,16,6,0,2,15,7,42,2,19,36,32,3,14,14,42,44,0,9,12,48,14,31,5,22,38,28,19,40
385,34,15,17,5,4,15,14,5,40,10,19,37,11,3,14,14,47,40,2,9,11,40,15,35,2,22,38,22,19,41
386,34,12,16,6,3,4,14,7,39,3,20,37,12,4,14,15,54,40,4,13,11,37,17,36,0,22,38,25,21,42
387,34,5,15,7,3,3,13,11,39,1,20,37,10,4,15,16,56,40,4,13,11,37,18,35,0,22,38,30,21,42
388,34,2,14,7,3,3,12,12,39,0,20,38,8,3,16,16,57,40,5,13,11,37,18,37,0,22,38,32,21,42
389,34,7,15,7,4,5,12,8,39,10,20,38,7,4,16,16,40,40,5,13,11,37,19,37,4,22,38,30,21,41
390,34,4,15,8,4,6,12,9,39,4,20,38,9,7,16,16,41,40,5,13,11,37,19,38,4,22,38,29,21,41
391,34,3,15,8,4,6,11,9,39,5,20,38,7,7,16,16,42,40,5,13,11,37,19,38,4,21,38,32,21,41
392,34,1,15,8,4,7,11,9,39,5,20,38,6,7,16,16,42,40,5,13,11,37,19,38,4,21,38,34,21,41
393,34,3,15,8,4,7,11,10,39,4,20,38,6,7,16,15,41,40,5,13,11,37,19,39,4,22,38,33,21,40
394,34,3,15,8,4,7,11,10,39,4,20,42,6,7,16,15,40,40,5,13,11,37,19,38,2,22,38,34,20,40
395,34,4,14,9,4,7,11,8,38,5,19,46,3,5,15,15,41,40,5,13,11,36,20,35,11,22,38,34,17,40
396,34,3,11,8,4,7,10,8,38,5,18,49,2,3,15,14,39,39,5,12,11,36,18,34,27,22,37,34,17,40
397,34,8,12,6,3,5,9,4,36,4,18,40,7,4,25,14,40,39,5,12,11,33,17,34,42,22,36,26,16,38
398,34,13,10,5,1,6,11,3,36,0,15,39,6,0,20,12,37,39,6,12,11,30,12,39,76,21,35,21,15,35
399,34,16,7,0,0,15,11,1,36,0,15,39,6,0,19,12,35,38,7,11,11,27,12,39,96,20,33,15,11,34
400,34,23,5,2,0,19,12,1,36,3,15,39,5,0,16,12,34,38,8,10,11,25,8,37,105,19,33,6,10,34
401,34,17,6,20,7,23,9,19,34,17,13,39,20,18,5,27,23,37,6,11,11,23,9,33,61,19,33,9,10,7
402,34,30,8,1,6,38,7,11,34,23,11,38,9,4,27,2,15,37,18,10,11,25,9,29,88,20,32,7,10,6
403,34,39,10,2,7,53,4,6,34,23,11,38,3,2,27,0,2,38,25,8,11,24,7,24,99,19,31,9,8,2
404,34,40,5,0,5,54,0,3,33,20,11,38,15,0,26,1,0,38,33,7,11,23,3,15,111,23,31,12,6,2
405,34,40,6,15,6,32,12,17,33,7,11,15,23,8,17,32,21,38,39,7,11,11,6,21,47,24,31,13,6,17
406,34,47,8,6,6,48,10,16,33,37,9,15,12,4,16,1,7,38,52,7,11,12,5,11,68,23,31,16,4,13
407,34,53,11,6,6,52,8,19,32,27,9,16,18,5,15,1,10,38,49,7,11,8,5,31,74,2,31,7,4,11
408,35,65,9,4,5,48,9,20,32,24,8,16,25,8,16,1,4,38,51,7,11,7,6,13,88,3,31,9,2,5
409,35,14,10,11,6,48,15,15,31,24,8,16,31,7,14,7,6,36,45,7,11,6,7,48,64,5,31,28,5,9
410,35,56,7,6,6,50,13,15,31,27,10,15,23,6,13,6,5,37,52,6,11,7,5,19,70,6,31,19,5,8
411,35,68,6,8,6,52,12,9,32,19,11,15,20,3,15,6,4,36,50,6,11,3,8,19,79,6,31,14,6,10
412,35,64,3,6,6,66,11,2,32,14,10,15,19,2,15,6,1,36,45,7,11,5,7,24,94,7,33,7,4,13
413,35,39,10,7,7,54,9,23,31,15,10,15,23,10,14,7,21,38,36,7,11,8,8,39,52,8,33,15,6,9
414,35,51,10,3,8,49,13,9,31,16,9,15,19,10,16,7,13,41,28,6,11,9,7,52,61,12,33,14,5,7
415,37,50,13,4,8,48,13,1,30,23,14,15,11,4,14,7,10,41,21,6,10,10,6,58,72,12,33,16,5,8
416,37,36,13,2,8,44,16,7,29,18,13,15,15,6,14,7,16,43,12,5,10,12,6,57,87,9,34,16,5,8
417,37,23,20,12,9,39,20,17,30,12,16,15,22,10,13,9,16,40,10,9,10,13,9,56,53,9,35,19,8,9
418,38,28,21,12,10,44,19,10,32,7,15,15,36,11,14,10,18,40,0,8,10,9,9,54,54,8,36,13,9,10
419,38,32,24,11,10,39,18,4,33,9,15,15,38,11,15,10,18,39,0,9,10,8,9,49,54,10,36,14,10,12
420,38,24,29,9,10,45,16,6,33,2,16,15,33,13,14,10,13,39,1,9,10,11,10,47,58,9,37,16,14,13
421,39,15,34,4,2,38,17,6,34,83,16,15,28,3,5,7,19,39,24,9,10,9,9,13,47,10,38,12,3,12
422,39,19,29,5,2,53,16,8,39,3,16,15,29,5,6,7,77,39,4,8,10,12,8,13,54,11,38,16,3,16
423,39,17,28,7,3,47,19,8,40,7,16,16,26,5,7,7,74,39,6,8,11,13,8,6,48,12,38,23,4,18
424,39,18,23,7,3,47,21,3,42,4,16,16,29,8,8,7,75,41,6,10,11,15,9,4,39,11,40,22,3,23
425,40,15,22,8,7,42,17,11,40,12,17,16,27,10,11,8,45,41,6,10,11,18,9,32,28,14,40,12,7,24
426,40,14,20,8,7,33,25,10,42,7,15,16,34,11,11,9,43,42,10,11,11,17,12,20,27,13,41,19,5,27
427,40,6,17,7,7,30,19,15,45,4,16,16,34,11,13,11,45,42,8,11,11,20,10,21,22,14,42,24,9,30
428,40,7,16,5,6,30,15,14,46,1,15,16,38,16,13,13,44,43,8,12,11,23,10,16,14,13,42,26,11,36
429,40,22,10,5,5,24,12,11,43,10,14,16,41,18,14,14,43,40,8,12,10,24,12,17,7,12,41,23,11,41
430,41,5,8,10,7,15,13,12,43,9,13,16,52,18,16,16,49,40,7,13,11,25,14,15,2,11,41,20,12,46
431,42,8,8,13,7,10,14,11,44,11,12,16,45,18,17,18,50,40,6,13,11,26,14,12,0,14,41,18,12,49
432,42,5,7,12,7,3,16,10,44,12,12,16,42,19,18,18,53,40,6,13,11,27,15,12,0,18,41,21,11,49
433,40,25,7,8,7,7,17,15,40,7,12,16,29,16,17,20,40,40,6,13,11,26,16,19,20,19,40,12,12,43
434,41,9,8,7,8,7,18,18,40,7,13,16,29,17,18,21,41,41,6,13,11,27,19,25,7,20,40,17,12,44
435,42,3,9,8,8,5,19,19,40,5,15,17,26,17,18,19,43,41,7,13,11,28,20,28,7,20,40,17,12,43
436,43,1,9,9,8,4,17,21,40,1,15,17,28,17,18,19,41,41,7,13,11,29,20,29,7,20,40,18,12,45
437,40,5,9,9,8,4,16,24,40,4,15,17,27,17,16,19,42,40,7,13,11,29,20,29,7,20,40,19,12,41
438,40,5,9,9,9,3,16,24,40,2,15,17,28,18,16,19,41,40,7,13,11,29,20,30,7,20,40,19,12,41
439,40,5,9,10,9,1,17,24,40,2,15,17,26,18,16,19,42,40,7,13,11,29,20,30,7,20,40,20,12,41
440,40,6,9,10,9,1,17,24,40,2,15,17,25,18,16,19,42,40,7,13,11,29,20,30,7,20,40,20,12,41
441,40,6,9,10,9,3,17,24,41,3,15,17,23,18,16,19,40,40,7,13,11,29,20,30,7,20,40,21,12,40
442,40,6,9,10,9,3,17,24,40,3,15,17,21,17,15,19,40,40,7,13,11,29,20,29,13,20,40,21,12,40
443,40,4,9,10,9,3,16,25,40,3,15,17,19,16,15,18,38,38,7,13,11,29,19,32,21,20,40,22,12,39
444,40,6,8,9,9,3,12,24,40,2,15,15,22,14,14,18,36,38,5,12,11,28,19,35,35,19,40,19,12,40
445,40,6,4,7,8,1,9,22,40,1,13,15,24,11,14,17,34,39,8,12,11,29,21,36,54,18,40,16,12,38
446,40,9,4,0,6,4,9,21,40,0,10,16,19,8,10,17,34,37,9,13,11,29,18,39,81,18,40,12,10,36
447,39,10,1,0,7,8,5,21,40,1,9,16,18,4,10,17,33,34,9,12,11,27,17,43,104,18,40,2,9,35
448,39,17,2,1,0,19,3,16,39,4,6,16,7,4,9,16,32,34,9,11,11,27,13,41,123,16,40,4,9,32
449,39,16,9,22,12,33,8,15,39,25,7,16,14,7,8,16,27,34,11,11,11,26,12,22,48,16,40,20,9,27
450,39,28,13,4,8,46,3,12,39,16,6,16,8,5,10,15,22,34,22,10,11,25,9,22,76,18,39,12,8,24
451,39,33,11,1,8,62,2,13,38,20,6,16,12,4,9,15,15,32,24,9,11,22,4,15,83,19,39,6,9,23
452,39,29,13,4,8,70,3,11,38,16,5,16,12,3,9,14,7,32,25,8,11,25,2,18,86,24,38,5,10,19
453,39,30,13,12,8,49,13,15,38,8,7,16,21,9,10,15,10,32,24,9,12,21,8,18,55,24,37,22,11,14
454,39,55,12,7,8,45,12,13,39,10,6,16,23,15,10,15,11,32,24,7,12,20,5,13,62,25,37,6,10,11
455,39,61,8,5,9,54,9,9,39,7,7,16,19,15,11,15,13,32,24,7,12,21,2,12,67,23,37,12,9,6
456,39,50,8,2,10,59,8,7,41,10,6,16,25,15,11,16,11,32,19,7,12,20,1,14,75,25,37,9,10,5
457,39,40,8,8,9,48,8,17,40,9,6,15,25,17,9,15,11,33,18,6,12,22,7,30,46,25,37,22,9,9
458,39,38,6,7,9,52,10,18,40,6,6,15,26,20,6,14,12,32,8,5,12,21,6,28,62,26,36,14,9,17
459,39,45,5,8,9,45,7,18,40,5,6,15,27,20,6,12,12,30,7,5,12,21,1,34,71,27,36,11,9,17
460,39,46,5,3,9,40,11,14,41,6,4,15,30,22,10,12,10,29,6,5,13,23,0,26,84,28,35,13,9,12
461,40,49,12,5,5,36,12,7,40,33,4,15,22,6,12,12,12,29,22,5,13,21,8,32,54,29,35,17,5,8
462,40,52,9,7,5,33,12,10,40,11,5,17,28,3,12,11,12,29,1,3,13,24,4,47,81,32,36,12,5,6
463,40,51,11,8,6,37,13,12,40,8,5,17,23,1,15,11,6,30,1,3,13,26,3,48,82,34,36,9,6,5
464,40,52,9,14,6,38,14,14,40,6,4,17,22,2,14,11,1,31,1,2,13,29,4,42,78,34,36,12,7,7
465,41,44,12,5,4,27,10,5,40,27,7,17,19,17,15,11,8,31,26,3,13,28,7,43,50,30,36,12,4,8
466,42,46,20,7,6,33,7,5,39,16,8,18,28,7,14,11,8,32,4,3,13,24,9,47,60,28,35,19,6,5
467,44,46,18,8,6,9,7,2,38,40,9,18,29,10,16,11,9,31,4,3,14,27,9,37,57,25,37,23,7,6
468,44,49,17,8,6,4,7,6,38,37,10,18,30,11,12,10,10,31,4,3,14,29,10,34,58,23,36,21,11,9
469,40,48,16,6,6,18,8,7,38,34,10,18,26,10,15,9,13,30,7,8,14,31,9,33,44,25,35,20,11,11
470,41,40,19,4,6,11,6,8,38,27,10,18,31,10,15,9,12,29,5,8,14,34,11,38,46,30,35,25,12,8
471,41,41,20,5,8,6,8,6,39,29,9,19,29,12,17,9,14,31,5,7,14,34,11,37,45,30,35,19,10,10
472,41,39,22,2,8,6,3,7,38,31,9,19,29,12,17,10,14,31,5,6,14,36,9,41,45,30,35,20,10,11
473,40,40,21,2,8,5,5,7,38,34,11,19,26,10,17,10,15,32,7,7,14,41,9,35,40,31,35,21,10,10
474,40,40,20,1,8,2,9,9,37,35,12,19,31,11,19,12,10,33,7,8,14,43,8,30,35,32,36,20,9,10
475,40,32,16,2,8,5,9,10,38,29,15,20,37,10,17,13,9,33,6,9,14,44,11,28,31,32,36,26,9,11
476,40,30,12,1,9,2,12,9,38,29,20,21,42,15,17,13,9,34,6,10,14,45,9,26,21,33,36,25,7,15
477,40,25,9,6,11,20,27,10,38,16,22,21,45,9,13,13,10,35,4,10,14,41,11,26,6,30,36,25,6,21
478,40,20,10,7,11,3,35,11,38,8,23,22,52,7,16,14,13,35,4,10,14,41,15,25,0,33,36,28,6,23
479,40,17,15,8,12,3,32,12,38,4,23,23,45,11,15,14,10,37,2,12,14,42,16,22,1,36,36,30,7,23
480,40,19,10,7,12,3,33,9,39,2,23,23,36,10,14,14,15,37,1,13,14,44,19,26,1,39,36,28,8,25
481,40,17,6,1,9,22,37,4,40,9,25,23,8,2,12,15,19,14,4,13,15,42,19,31,35,41,36,25,10,26
482,40,18,8,2,10,1,51,11,42,2,27,23,13,3,17,14,24,15,0,14,15,42,26,38,1,39,37,25,10,32
483,40,16,8,4,10,1,51,15,42,1,27,23,4,3,14,15,26,15,0,14,15,46,26,40,0,43,36,21,11,33
484,40,11,5,4,10,0,52,12,42,4,27,23,4,2,14,15,29,16,0,14,15,45,26,40,1,46,36,23,11,33
485,40,3,5,4,10,9,41,7,40,11,27,23,32,4,14,15,7,9,3,15,17,40,26,39,13,40,36,22,12,36
486,40,12,5,7,10,4,42,10,41,4,29,23,12,4,15,15,11,9,3,15,17,42,26,42,3,40,37,28,14,40
487,40,10,5,7,10,3,40,12,41,3,29,23,14,4,15,16,13,9,3,15,17,42,26,40,3,42,37,28,14,39
488,40,11,6,7,10,3,40,12,42,2,29,23,14,5,15,17,13,9,3,15,17,41,26,38,3,43,37,26,14,39
489,40,11,6,7,10,4,40,13,40,4,29,23,10,5,15,17,14,9,3,15,17,40,28,40,3,40,37,27,14,39
490,40,11,6,8,10,4,40,13,40,2,29,23,8,5,14,17,16,9,3,15,17,41,29,40,5,40,36,26,14,39
491,40,10,5,8,10,5,40,14,40,2,29,23,3,3,13,16,16,9,3,15,17,42,29,40,16,40,36,25,13,38
492,40,8,3,6,10,6,40,10,40,3,29,21,0,0,14,16,14,7,3,14,17,41,30,42,39,39,36,24,12,36
493,40,5,3,1,10,3,38,6,40,2,26,21,7,5,12,16,13,6,4,15,17,40,30,44,53,39,36,25,11,32
494,40,3,5,0,11,2,37,2,40,1,26,21,5,1,9,15,13,4,4,13,17,38,28,52,81,38,36,22,11,25
495,40,5,12,1,11,3,34,1,39,1,24,21,1,0,8,6,11,4,6,12,17,42,26,53,87,39,36,22,11,27
496,40,4,22,0,11,3,32,5,39,1,21,21,5,0,7,1,8,2,6,12,17,40,26,47,101,36,36,20,11,26
497,40,10,23,20,11,6,26,14,39,17,20,21,13,12,4,5,7,3,8,12,17,38,24,53,50,34,37,4,9,23
498,40,7,22,0,11,7,25,17,39,8,19,21,14,2,7,5,5,3,7,11,17,39,24,57,92,34,37,1,8,21
499,40,7,28,0,11,13,26,15,39,4,19,22,10,3,5,3,3,1,6,10,17,40,21,46,112,34,37,3,8,17
500,40,6,26,3,11,14,30,8,38,7,19,22,8,0,5,2,2,1,6,10,17,40,22,47,117,37,36,2,8,16
501,40,30,31,11,12,18,24,11,38,11,19,22,12,10,10,7,11,7,6,10,17,40,20,9,53,36,35,28,8,14
502,40,21,38,6,12,25,22,2,38,16,19,22,16,9,12,6,5,9,6,11,17,35,21,23,57,40,34,14,6,18
503,40,27,43,3,12,25,20,5,38,19,18,22,21,9,12,6,4,9,5,11,17,33,13,17,63,44,33,9,7,15
504,40,28,47,2,12,22,19,9,38,16,18,22,21,8,8,7,5,8,2,11,17,30,11,18,68,46,31,18,6,12
505,41,29,45,8,12,15,19,10,38,15,17,22,20,10,9,6,14,8,8,11,17,32,10,14,64,43,31,16,7,9
506,42,34,45,8,12,11,20,6,39,15,16,22,19,11,7,5,12,8,9,11,17,31,10,6,76,42,31,15,6,14
507,42,62,27,5,12,11,18,5,38,14,16,22,15,12,7,4,14,8,6,11,17,32,11,9,85,41,31,8,7,10
508,42,70,17,5,12,13,28,9,39,13,14,22,12,7,6,5,18,8,5,13,17,30,10,4,95,38,30,8,7,3
509,41,68,26,8,11,22,28,13,39,12,13,21,15,7,7,7,9,8,9,11,17,14,10,20,52,38,30,16,10,18
510,41,84,8,8,11,19,30,19,39,11,13,21,26,11,8,9,11,8,10,11,18,13,9,11,53,34,33,9,9,13
511,41,82,5,5,9,14,31,23,39,9,11,21,19,12,10,7,13,8,10,10,18,12,8,17,57,36,33,17,11,12
512,41,84,6,7,8,14,28,24,39,10,12,21,17,12,11,7,15,9,12,10,18,11,9,14,60,32,33,19,10,7
513,40,56,50,11,8,16,11,21,40,11,11,21,21,11,15,8,10,9,12,10,18,10,9,20,51,30,33,21,8,8
514,40,51,12,43,8,19,11,20,41,12,14,21,14,12,22,9,6,7,11,8,18,13,6,27,54,28,33,19,12,9
515,40,51,8,43,8,17,13,16,42,8,14,21,22,17,20,9,5,7,10,9,18,18,6,28,50,28,33,16,12,11
516,40,47,8,44,8,10,16,16,42,17,15,21,20,16,23,8,2,7,11,9,18,20,6,30,49,29,33,11,12,12
517,40,40,7,40,8,9,17,17,43,21,14,21,33,20,21,9,6,7,13,9,18,16,3,35,44,22,33,10,7,17
518,40,44,8,44,8,4,16,12,43,13,17,22,38,24,21,9,6,8,12,10,18,19,5,32,34,31,33,8,2,19
519,40,47,5,45,8,8,16,8,43,14,16,22,40,24,20,9,10,8,11,10,18,20,6,33,32,31,33,3,2,18
520,40,42,4,44,9,7,15,9,43,14,16,22,38,24,20,9,10,7,12,9,18,18,8,29,34,32,33,7,4,23
521,40,45,17,42,9,9,17,8,40,15,17,22,40,22,22,9,10,8,13,10,18,18,7,22,27,29,33,13,5,13
522,40,39,13,43,9,4,17,10,41,13,16,22,41,24,20,14,16,8,16,10,18,16,7,30,24,29,33,11,0,16
523,40,37,8,43,9,6,11,12,41,13,16,22,46,23,19,16,17,8,15,10,18,17,8,32,22,32,33,6,3,17
524,40,32,1,41,10,4,8,14,43,13,16,23,49,24,19,17,16,9,15,10,18,21,8,29,19,35,34,9,3,20
525,41,24,8,40,10,20,10,12,40,14,17,23,35,23,21,18,15,11,16,10,18,21,8,29,14,37,35,7,3,20
526,43,18,5,41,9,1,10,13,40,7,18,24,48,22,21,17,16,10,18,12,18,21,9,39,11,38,35,8,4,24
527,43,7,8,39,9,3,10,16,41,5,19,25,55,22,22,17,14,12,21,13,18,21,11,33,1,36,34,15,2,28
528,43,4,12,42,9,1,13,15,41,6,19,25,44,21,21,17,27,12,20,13,18,19,11,32,1,36,34,11,4,29
529,40,25,10,40,11,31,12,13,40,7,19,25,21,19,22,11,29,13,18,14,18,20,10,19,2,33,34,9,6,29
530,40,13,9,38,11,7,16,12,40,7,20,25,27,24,22,13,37,13,19,14,18,19,10,21,2,33,34,18,6,32
531,40,8,7,38,11,9,16,17,41,5,20,25,26,24,23,0,35,13,19,14,18,19,11,34,2,33,35,19,6,32
532,40,5,8,40,11,12,15,19,41,0,20,25,21,26,23,0,36,13,19,14,18,19,12,34,2,33,35,20,6,33
533,40,2,8,41,11,13,15,18,40,3,20,25,19,26,23,3,37,13,19,14,18,18,13,34,2,34,35,20,6,30
534,40,1,5,44,11,12,14,18,40,2,21,27,20,26,24,0,39,13,19,14,18,18,14,32,2,34,34,20,7,31
535,40,0,5,44,11,10,15,19,40,1,21,27,19,26,24,0,39,13,19,14,18,19,14,32,3,34,34,21,7,31
536,40,0,4,45,11,10,15,19,40,0,21,27,17,26,24,1,39,13,19,14,18,19,14,31,3,34,34,23,8,31
537,40,5,5,40,11,11,15,20,40,2,21,27,12,26,24,2,38,13,20,15,18,19,14,31,3,34,34,21,8,31
538,40,2,3,41,11,12,15,18,40,1,20,27,12,27,24,2,38,13,20,15,18,19,13,32,7,34,34,21,8,33
539,40,2,3,41,11,12,16,17,40,1,20,27,11,27,23,0,38,13,20,15,19,17,13,33,14,33,34,19,8,33
540,40,1,1,39,12,12,16,16,40,0,18,27,9,25,23,0,36,13,20,15,19,16,12,32,29,34,34,23,8,30
541,40,5,1,40,11,12,15,12,40,1,18,26,10,22,22,0,37,13,20,15,19,16,12,35,44,33,34,13,8,26
542,40,1,0,40,11,13,16,11,40,1,17,26,10,19,20,0,37,13,20,15,19,14,13,37,56,33,34,11,8,25
543,40,6,0,39,11,16,15,11,40,0,18,26,4,16,19,0,37,13,19,13,19,14,12,38,66,32,34,11,8,23
544,40,8,1,36,11,17,15,14,40,1,17,26,8,14,17,0,32,13,18,13,19,13,10,36,79,33,34,4,7,24
545,40,9,15,32,11,20,12,13,40,18,17,25,9,12,15,9,32,13,19,13,19,15,7,27,54,31,34,14,7,18
546,40,12,16,31,11,25,7,14,40,22,16,24,8,10,14,0,34,11,20,13,19,14,5,26,74,33,35,3,7,16
547,40,14,18,30,11,27,6,10,40,24,14,24,5,7,13,0,31,10,22,12,19,12,5,17,92,34,34,5,7,17
548,40,14,17,27,9,36,2,6,40,27,15,24,6,6,16,0,29,10,21,12,19,10,5,16,100,34,33,3,5,18
549,40,12,23,28,9,37,8,7,40,8,16,23,14,10,17,15,15,10,21,12,19,6,6,9,52,36,33,56,6,12
550,40,18,33,28,9,40,14,7,40,8,18,23,15,9,19,5,27,10,47,12,19,2,6,10,56,37,31,2,5,10
551,40,20,33,30,9,40,13,11,40,7,18,23,10,8,18,5,28,9,46,12,19,0,5,7,60,35,31,5,7,11
552,40,17,37,27,9,48,13,11,42,6,18,22,14,9,18,6,21,9,45,12,19,2,2,8,66,33,27,4,9,6
553,40,17,30,22,9,42,6,7,40,9,15,22,16,7,21,5,6,9,41,12,19,12,6,15,46,31,28,49,12,6
554,40,33,33,21,9,53,4,23,39,14,16,22,20,4,21,5,4,9,41,10,19,7,1,19,52,31,28,8,11,3
555,40,28,33,22,9,49,2,24,40,11,17,22,17,1,18,5,8,8,40,10,19,5,0,22,63,30,28,15,10,4
556,40,20,30,18,10,52,2,23,40,8,18,22,21,4,15,6,4,8,42,9,19,12,2,27,67,32,27,10,9,3
557,40,16,25,15,10,44,12,18,40,11,20,22,22,5,15,6,10,7,41,10,19,6,6,27,62,32,26,11,9,13
558,40,13,33,15,9,36,9,17,40,6,21,22,27,5,17,6,7,7,41,10,19,6,2,38,71,34,26,7,10,6
559,40,12,32,15,7,31,4,15,41,4,22,22,27,7,21,6,7,8,42,10,19,5,2,41,75,33,27,4,12,9
560,41,11,30,14,7,27,5,17,41,7,22,22,20,6,23,8,8,8,42,10,19,5,3,44,73,32,27,4,11,13
561,40,19,39,14,7,21,6,12,41,7,22,22,18,10,19,8,12,8,43,10,19,8,7,27,52,29,27,27,13,13
562,40,27,38,12,6,19,9,14,41,12,22,22,16,10,18,8,11,10,48,10,19,8,7,27,50,28,28,12,13,15
563,40,28,39,14,7,17,11,14,41,10,24,23,19,11,16,8,13,10,47,10,19,8,9,26,50,27,28,8,10,13
564,40,20,32,12,9,8,17,18,44,14,21,24,31,14,18,8,21,10,45,10,19,8,7,19,45,26,29,11,8,12
565,41,23,28,12,9,7,20,20,40,13,22,24,36,12,19,9,26,10,41,10,19,12,7,15,43,24,30,13,7,8
566,41,23,23,12,10,6,19,17,40,14,21,24,33,13,19,8,25,11,39,10,19,16,5,9,41,26,41,16,8,11
567,41,22,24,10,10,11,41,18,41,16,22,24,32,15,17,9,26,13,37,11,21,14,6,5,35,25,17,21,8,8
568,41,21,21,9,11,7,41,13,40,13,22,24,37,13,18,9,28,13,36,12,21,20,6,5,34,26,17,24,11,7
569,41,6,21,9,10,9,45,11,40,9,22,24,40,17,18,9,25,13,38,13,21,19,9,32,28,25,17,8,12,9
570,41,8,22,11,11,3,42,9,40,14,23,25,45,18,24,10,33,15,39,13,21,18,7,8,21,24,17,12,12,14
571,41,5,21,13,11,4,36,7,40,14,26,25,43,24,23,9,36,16,39,14,21,17,10,9,12,27,17,13,14,13
572,41,12,20,12,11,2,31,8,40,16,30,27,43,18,23,9,35,17,40,14,21,21,13,7,3,27,17,14,13,15
573,40,17,17,11,11,14,27,9,40,15,31,27,33,19,23,9,37,17,43,13,21,22,13,11,0,26,18,4,14,18
574,40,7,13,13,11,0,24,12,42,14,31,27,39,18,22,9,40,18,43,13,21,26,14,4,0,26,18,17,15,23
575,40,2,12,12,11,1,23,13,42,10,31,27,37,19,21,10,41,18,43,13,21,26,15,6,0,25,18,21,15,27
576,40,3,11,12,11,2,21,15,42,9,31,27,33,18,21,10,41,18,43,14,21,25,17,5,0,25,18,22,15,30
577,40,18,10,5,11,23,16,19,40,4,31,28,9,2,20,10,39,9,40,15,21,26,18,12,37,26,18,3,16,34
578,40,6,12,7,11,3,20,22,41,5,34,28,21,6,21,10,52,11,40,16,21,29,21,7,0,29,18,16,16,37
579,40,5,12,7,11,2,20,21,41,6,34,28,20,7,21,10,52,11,42,16,21,28,23,7,1,29,18,11,16,40
580,40,3,13,8,11,3,20,21,41,4,32,28,19,7,21,10,54,11,41,16,21,27,25,10,0,30,18,9,16,41
581,40,15,11,8,11,5,21,18,40,6,32,28,20,8,21,10,40,11,40,16,21,28,25,11,5,30,18,6,15,40
582,40,6,9,8,11,4,21,17,40,7,32,28,18,8,22,10,43,11,40,16,21,28,26,12,6,30,18,10,16,42
583,40,5,9,8,11,4,21,17,41,7,33,28,17,8,21,10,42,11,40,16,21,27,26,13,6,31,18,11,16,42
584,40,7,9,8,11,5,21,17,41,6,33,28,14,8,21,10,43,11,40,16,21,27,26,14,6,31,18,10,16,42
585,40,8,8,8,11,8,21,17,40,7,33,28,13,8,21,10,41,11,40,16,21,27,27,14,7,31,18,10,16,40
586,40,8,8,9,11,8,21,19,40,7,33,28,13,7,21,10,41,11,40,16,21,27,26,13,7,31,18,10,16,40
587,40,8,7,5,9,8,22,18,40,5,32,28,11,7,21,10,41,11,40,15,21,27,25,11,21,31,18,13,16,39
588,40,7,6,5,9,10,20,16,39,2,31,28,13,7,20,10,39,10,39,15,21,25,24,13,40,30,16,13,15,37
589,40,9,4,1,9,10,19,14,39,1,31,28,11,2,17,9,39,9,39,15,21,24,21,12,71,28,15,11,14,37
590,40,13,5,1,6,13,14,15,39,0,31,28,11,0,10,4,38,6,41,14,21,22,17,13,100,28,15,8,11,36
591,40,7,5,0,6,20,18,18,38,1,30,27,9,0,9,3,35,7,42,15,21,18,18,15,108,26,14,4,11,35
592,41,9,1,1,6,27,18,16,38,6,28,27,5,4,10,3,32,8,41,14,21,18,16,13,113,26,14,0,10,34
593,40,16,5,24,5,32,11,8,39,25,27,27,8,16,6,5,32,5,39,13,21,17,14,13,57,26,14,14,9,32
594,40,25,8,4,6,40,10,11,39,15,27,26,11,1,8,3,24,4,39,13,21,15,14,9,97,26,14,8,9,33
595,40,33,5,3,4,55,11,7,39,17,27,25,6,3,7,3,22,4,40,12,21,14,13,9,103,29,14,2,8,24
596,40,34,4,2,4,64,9,11,39,15,24,25,7,1,6,1,15,5,39,12,21,13,7,14,111,28,14,6,7,22
597,41,20,11,11,7,51,8,13,39,13,25,25,31,9,8,8,10,8,40,12,21,16,8,25,51,26,13,24,7,19
598,41,30,10,4,7,63,10,16,40,7,25,24,27,8,7,7,9,7,38,13,21,18,7,11,62,26,13,25,6,18
599,41,29,7,5,7,72,15,12,40,6,21,24,14,4,8,7,11,8,41,13,21,19,2,16,80,25,13,20,6,13
600,42,31,9,4,7,72,16,12,41,6,21,24,15,4,8,8,4,8,41,13,21,21,2,15,76,26,12,21,6,14
601,40,31,12,13,9,49,13,15,40,13,21,24,22,10,8,8,12,8,41,13,21,23,8,20,57,26,12,14,7,10
602,40,26,15,4,9,48,10,14,40,6,22,24,34,13,10,9,14,7,42,13,21,21,7,16,68,24,13,16,7,7
603,40,24,12,4,9,49,10,17,39,13,24,24,33,8,8,9,14,7,42,12,21,23,4,24,73,22,14,11,7,3
604,40,14,12,4,8,54,7,14,40,13,24,24,37,6,7,8,11,8,41,13,21,27,4,24,77,22,9,19,6,6
605,41,41,12,6,9,47,9,19,40,11,24,24,37,8,5,8,15,7,42,12,21,24,5,18,56,21,12,14,6,6
606,41,40,13,4,10,39,29,20,41,11,22,24,26,7,6,7,18,5,42,12,21,29,6,21,42,23,11,15,6,9
607,41,34,15,0,12,35,31,17,41,12,23,24,23,9,4,7,22,7,40,12,21,30,2,26,34,24,11,20,9,14
608,41,25,15,0,12,35,33,18,42,14,23,24,26,9,3,6,20,7,41,13,21,31,1,17,39,27,11,25,9,12
609,40,21,20,14,12,31,35,19,40,7,25,24,27,9,3,7,15,7,41,13,21,29,2,15,41,26,11,25,8,12
610,40,22,18,2,11,32,34,25,40,13,24,23,22,12,3,7,15,6,42,11,22,32,1,8,48,26,12,28,8,13
611,41,14,18,1,12,30,35,27,40,11,24,23,21,11,5,7,14,7,42,11,22,34,0,14,53,26,12,25,8,12
612,42,12,19,2,13,30,35,29,41,12,25,23,27,7,3,7,13,7,42,11,22,38,1,11,48,26,12,20,10,12
613,40,16,17,3,11,31,35,25,40,16,27,23,33,6,2,7,10,8,38,12,22,39,4,10,48,27,12,13,12,13
614,40,11,22,4,11,29,36,23,41,13,29,23,27,7,4,6,13,8,39,12,22,38,2,8,48,26,12,18,13,15
615,40,11,20,4,12,22,36,24,42,11,28,23,29,8,7,6,17,8,38,12,22,39,0,6,47,26,13,18,13,18
616,40,12,20,1,11,24,34,25,43,7,28,23,21,11,6,7,15,8,38,13,23,44,4,7,41,29,13,23,12,17
617,40,27,18,5,12,18,20,26,42,4,27,23,18,12,7,7,16,8,41,14,23,43,3,22,34,27,12,14,14,23
618,41,13,13,5,12,20,21,23,42,12,28,23,28,8,5,7,21,7,43,13,23,43,1,8,31,28,12,25,15,29
619,41,7,15,7,12,14,18,22,42,9,27,23,33,10,8,7,29,8,44,14,23,41,7,12,24,22,12,21,16,32
620,41,11,13,9,11,13,20,23,45,6,28,23,32,10,8,9,28,8,44,14,24,44,8,11,17,22,13,16,16,33
621,40,18,8,12,11,7,20,23,41,10,29,24,29,12,10,9,32,9,42,14,24,44,7,11,13,22,14,10,16,39
622,40,10,5,13,11,1,20,19,41,2,29,23,30,13,11,9,35,9,42,14,24,45,15,16,9,22,14,17,18,43
623,40,5,5,13,10,2,17,20,41,4,29,23,27,11,11,9,37,9,42,14,24,50,15,13,4,26,15,22,17,45
624,40,7,6,12,10,0,14,20,41,6,29,23,24,12,12,13,36,10,42,15,24,48,16,17,0,26,15,19,17,46
625,40,19,8,11,10,23,15,21,40,7,29,23,8,13,12,15,31,10,40,15,26,42,16,17,3,28,15,5,17,41
626,40,3,8,15,10,5,16,24,40,6,29,23,15,12,12,17,32,10,42,16,26,43,16,21,3,28,16,12,17,43
627,40,1,9,15,10,5,16,24,40,6,29,23,14,12,12,18,34,10,41,16,26,41,16,21,3,29,16,14,17,42
628,40,2,9,16,10,5,14,25,40,4,29,23,8,12,12,19,36,10,41,16,26,41,16,22,3,30,16,15,16,44
629,40,14,9,16,10,5,13,26,40,3,29,24,9,12,12,19,37,10,40,16,26,40,18,22,3,30,16,5,16,40
630,40,6,9,17,10,4,13,27,40,3,29,24,5,12,12,19,37,10,40,16,26,40,18,22,3,30,16,16,16,40
631,40,5,10,18,10,4,13,27,40,3,29,24,5,12,12,19,35,10,40,16,26,40,18,22,4,30,16,16,16,40
632,40,7,10,18,10,4,13,27,40,3,29,24,5,12,13,19,35,10,40,16,26,39,18,22,4,30,15,15,16,40
633,40,7,10,18,10,4,13,27,40,2,29,24,3,12,13,19,35,10,40,16,25,39,18,23,5,30,15,17,16,40
634,40,6,10,17,10,4,13,27,40,2,29,24,2,12,13,19,36,10,40,16,25,39,18,22,7,30,15,18,16,40
635,40,5,10,16,10,5,13,28,40,2,29,24,0,11,12,18,36,10,41,16,25,39,18,23,13,28,15,17,16,40
636,40,6,9,15,9,6,13,25,40,0,28,24,1,10,11,19,37,9,42,13,25,38,18,23,31,27,14,12,14,41
637,40,5,7,11,9,2,8,9,39,18,28,23,13,7,10,18,32,9,41,13,25,36,15,26,58,25,13,9,12,39
638,39,7,16,8,8,0,7,11,39,1,27,23,6,0,8,16,31,8,41,10,25,37,10,29,99,25,13,8,12,36
639,39,6,16,3,7,7,4,7,38,3,26,22,11,0,6,16,26,7,44,9,25,38,8,31,123,22,13,2,10,31
640,39,10,15,1,6,10,4,6,37,4,25,21,12,2,3,13,23,7,45,8,25,41,6,27,137,22,12,3,9,27
641,38,15,15,18,9,20,11,12,37,19,24,21,14,17,10,12,21,9,47,9,25,40,10,14,50,21,12,19,8,23
642,38,15,8,8,9,37,8,13,36,5,24,21,16,6,10,12,21,8,53,9,26,41,10,16,87,18,12,8,5,20
643,38,22,12,2,9,57,8,15,34,10,23,21,14,6,8,13,12,8,54,9,26,39,6,10,95,18,11,3,5,12
644,38,21,13,1,8,60,5,14,31,2,19,21,7,10,8,14,15,9,68,9,26,40,7,7,97,17,10,13,3,7
645,38,35,10,35,8,37,7,6,30,23,19,21,22,9,5,14,5,9,40,8,26,38,7,23,50,18,10,24,5,18
646,38,56,10,3,8,46,8,13,30,18,17,21,17,7,7,10,8,10,44,7,26,37,9,13,65,17,10,26,5,14
647,38,60,10,0,8,41,9,9,31,17,18,21,15,9,7,11,6,10,48,7,26,33,9,20,70,17,9,20,6,15
648,38,60,9,1,9,36,5,3,33,19,19,19,20,9,8,10,5,10,46,7,26,37,7,16,83,16,9,23,5,12
649,38,62,11,12,9,25,9,19,34,10,18,19,17,10,8,9,12,11,44,8,26,34,8,28,52,17,9,24,8,9
650,38,60,7,8,10,23,5,16,35,11,18,19,28,11,9,9,12,11,44,9,26,35,0,40,59,17,9,19,6,6
651,38,64,3,9,10,19,6,18,35,10,18,19,23,11,9,9,13,11,40,9,26,33,1,48,65,18,10,10,6,9
652,38,69,4,5,10,26,6,17,34,10,18,19,22,7,5,9,11,12,35,8,26,33,1,46,74,20,12,10,6,7
653,38,59,11,4,10,26,7,17,35,12,18,19,18,4,5,9,13,14,37,7,26,28,13,45,57,21,12,23,5,7
654,39,58,6,1,10,27,13,18,34,12,17,19,34,1,7,9,6,15,37,7,26,27,5,49,67,21,12,11,4,8
655,39,58,5,3,10,25,15,14,34,9,18,19,38,1,8,8,7,14,35,6,26,29,8,43,69,22,12,11,3,11
656,39,56,5,1,11,22,15,10,34,10,19,19,34,1,8,9,6,15,24,6,26,30,10,46,84,20,11,14,4,11
657,39,47,13,7,11,19,18,10,34,10,21,20,34,12,6,8,8,15,28,7,25,29,10,44,60,19,10,17,6,13
658,39,46,16,4,11,42,18,8,34,7,22,21,18,8,4,8,5,15,21,6,25,32,11,50,63,19,10,16,7,14
659,41,44,15,0,13,43,24,8,36,7,21,21,21,7,5,7,10,15,12,7,25,35,13,47,64,20,9,9,7,14
660,41,45,15,0,14,38,28,11,36,9,20,21,17,8,6,7,9,15,6,7,25,38,15,48,62,21,8,7,7,16
661,40,45,13,10,15,35,30,12,36,11,22,20,13,8,8,7,9,15,7,7,25,36,16,48,43,20,7,16,8,18
662,41,41,30,10,14,34,32,6,36,9,23,21,10,10,10,7,12,15,5,8,25,39,19,42,20,22,8,22,10,19
663,42,40,29,12,14,29,32,5,36,7,24,22,11,10,11,7,14,15,5,9,25,38,20,39,16,23,8,26,11,20
664,43,38,28,11,14,23,32,7,37,5,24,22,22,11,13,7,17,16,5,10,25,41,22,27,14,21,7,25,9,24
665,40,35,25,6,15,23,36,11,38,8,26,24,15,12,15,7,23,21,3,11,25,42,24,24,3,23,5,28,9,23
666,40,11,27,11,16,21,35,9,38,6,29,24,38,12,9,6,21,21,1,11,25,44,26,22,4,25,2,29,11,26
667,40,7,23,13,16,11,38,12,39,4,28,24,41,13,8,3,24,22,3,12,26,48,28,19,0,25,3,29,11,30
668,40,7,21,13,16,9,37,14,39,3,28,25,48,14,6,2,26,22,0,11,26,49,30,21,1,23,3,19,13,34
669,40,36,22,3,10,3,35,5,39,15,28,25,42,11,8,2,26,24,7,12,26,42,32,11,15,24,3,5,14,35
670,40,3,24,4,11,5,38,4,40,26,29,26,50,14,9,2,26,25,1,15,27,45,34,9,3,25,3,12,15,35
671,40,8,21,3,11,2,40,2,40,25,28,28,47,12,7,4,26,25,1,15,27,48,35,14,0,26,4,10,16,35
672,40,4,18,3,11,1,39,3,40,21,28,28,42,13,7,4,29,25,1,16,27,48,36,17,1,27,5,12,16,38
673,40,32,18,1,11,14,36,4,40,14,29,29,26,3,7,5,32,20,1,16,27,40,37,5,18,28,5,7,16,39
674,40,8,18,3,11,6,36,6,41,16,32,29,31,7,8,5,36,20,5,16,27,41,40,9,1,33,5,9,16,45
675,40,2,18,5,11,6,36,6,41,13,32,30,29,6,7,6,36,21,5,16,27,41,40,10,1,32,5,17,16,45
676,40,1,21,5,10,6,34,8,41,10,32,30,26,7,7,6,36,21,5,16,27,41,40,15,1,33,5,16,16,44
677,40,9,19,4,11,5,36,7,40,10,32,30,24,7,8,6,36,21,6,16,27,41,40,17,2,33,5,11,16,41
678,40,2,19,5,11,5,36,7,40,9,32,30,25,8,8,6,36,21,6,16,27,41,41,19,2,33,5,13,16,41
679,40,0,18,5,11,5,36,7,40,11,32,30,23,8,8,6,37,21,6,16,27,41,41,19,2,33,5,15,16,41
680,40,0,18,5,11,5,36,7,40,11,32,30,22,8,8,6,37,21,6,16,27,41,41,19,2,34,5,15,16,41
681,40,4,18,6,11,5,35,7,40,11,32,30,19,9,8,6,38,21,6,16,27,40,40,18,2,34,5,16,16,40
682,40,3,18,6,11,5,34,7,41,11,33,30,18,9,8,6,39,21,6,15,27,40,40,17,4,35,5,15,16,40
683,40,3,15,4,11,5,34,6,41,9,32,30,17,9,7,5,41,21,7,15,27,40,40,19,14,34,4,14,16,40
684,40,5,14,3,11,2,32,6,41,8,31,30,15,5,4,5,37,20,7,15,27,39,40,19,40,34,3,13,15,39
685,40,10,12,5,11,1,32,7,40,1,29,29,14,4,1,3,34,19,6,14,27,39,34,27,72,30,3,3,14,39
686,40,8,11,0,8,1,30,8,39,3,25,34,17,0,1,3,28,17,5,13,27,39,28,28,101,31,3,1,13,38
687,38,13,12,0,7,4,27,7,39,1,24,36,12,2,0,3,28,16,8,12,27,37,26,21,118,31,2,1,13,35
688,38,12,13,1,7,16,26,5,40,6,19,36,12,1,0,0,23,16,4,10,27,36,26,13,134,31,2,1,12,33
689,38,19,10,27,6,23,6,13,37,17,16,36,8,15,10,14,19,16,8,11,27,36,18,12,58,31,5,36,11,17
690,38,28,4,0,5,41,5,9,37,26,16,35,9,3,4,0,14,16,6,10,27,37,15,16,121,37,3,10,9,19
691,38,33,4,4,6,43,3,4,37,25,14,35,11,2,1,1,7,15,10,10,27,33,16,18,132,40,3,9,6,13
692,38,38,4,0,6,53,2,9,37,22,13,35,8,0,0,0,2,13,11,11,27,34,15,15,138,46,3,5,5,10
693,38,23,8,28,6,34,9,8,36,12,12,28,15,13,11,19,15,13,13,7,27,29,11,30,60,49,6,25,5,10
694,38,43,9,12,5,44,6,9,36,22,10,28,15,8,6,5,7,12,15,8,27,32,11,19,81,56,8,10,5,13
695,38,53,15,13,5,48,11,9,36,22,8,28,11,4,4,4,2,12,12,8,27,31,13,14,81,59,6,7,5,14
696,38,55,19,12,5,41,11,3,36,24,7,28,12,4,4,5,1,10,13,6,27,33,13,13,95,59,5,9,5,7
697,38,48,20,12,8,39,9,15,36,17,8,28,24,11,9,7,14,10,8,7,27,33,13,24,55,45,7,13,7,8
698,38,56,25,11,8,42,8,10,36,29,7,28,23,12,9,7,11,9,4,8,27,30,12,19,49,42,7,13,7,13
699,38,58,26,11,8,45,4,15,36,30,6,28,25,15,9,7,7,9,2,6,27,28,10,13,59,41,7,9,8,13
700,38,53,24,12,8,46,5,13,36,30,5,28,23,17,8,6,6,9,2,5,27,27,10,17,60,43,7,9,8,18
701,38,49,23,9,2,51,5,19,36,27,5,28,21,13,8,6,9,10,21,5,27,26,8,17,56,42,6,13,1,19
702,38,43,27,10,2,57,8,18,38,26,6,28,18,13,6,6,13,9,6,5,27,24,9,13,66,41,7,16,2,18
703,38,51,29,10,2,56,7,22,38,20,7,28,13,16,6,6,9,9,3,5,27,22,8,18,67,38,8,17,0,20
704,38,53,28,8,2,60,4,15,37,16,7,28,13,15,7,6,10,10,3,5,27,25,7,23,79,33,8,20,0,13
705,38,62,29,8,6,46,8,10,38,11,7,28,17,15,5,6,8,9,15,5,27,26,9,25,62,30,8,26,7,9
706,39,59,30,5,8,53,9,14,39,7,7,28,18,15,6,5,10,9,8,5,27,33,11,14,62,31,8,27,6,7
707,40,54,28,5,8,52,11,16,39,6,6,28,27,16,6,4,11,10,4,4,27,32,7,17,66,31,8,28,6,3
708,40,57,23,2,8,51,10,17,39,7,6,28,29,11,6,5,10,11,0,3,27,35,7,21,68,30,9,28,6,6
709,40,51,22,7,8,43,15,13,40,22,7,28,29,14,9,6,11,11,8,6,27,35,7,17,41,29,10,31,6,7
710,40,51,28,5,9,41,9,13,41,8,9,28,47,17,10,7,11,11,8,6,27,34,6,15,34,28,11,35,6,5
711,40,39,31,5,10,39,9,16,41,9,9,28,58,17,10,9,7,10,8,6,27,37,2,11,32,32,12,32,5,9
712,40,37,28,3,10,32,12,17,41,2,10,27,69,20,9,9,7,10,8,8,27,36,4,6,34,33,12,39,5,5
713,40,32,22,6,10,29,12,22,40,8,10,26,45,22,10,8,10,10,8,8,27,35,7,17,32,31,14,40,7,12
714,40,21,23,7,10,23,12,25,40,7,11,26,53,23,13,9,12,10,10,10,27,35,9,14,24,32,14,42,6,12
715,40,15,17,10,11,24,9,25,40,7,11,26,49,24,13,11,15,12,9,11,27,39,13,17,19,31,15,39,6,15
716,41,19,15,11,11,13,10,24,41,1,12,26,56,27,13,11,15,12,10,12,27,38,14,20,11,31,16,44,6,13
717,41,11,12,10,13,10,6,16,40,12,14,26,56,27,14,11,12,12,9,13,27,36,16,20,9,33,16,53,9,16
718,41,10,8,12,13,1,10,21,40,2,14,26,59,28,14,12,16,12,9,13,27,39,17,14,3,35,16,60,9,19
719,41,1,9,11,13,6,11,19,41,4,13,27,59,31,17,13,14,13,9,16,27,40,16,9,0,36,17,57,8,22
720,41,6,7,10,14,0,12,20,41,3,14,28,74,30,17,13,16,13,8,16,27,38,17,9,0,37,17,53,10,9
721,40,19,5,4,14,17,13,16,40,12,16,28,43,24,17,13,18,13,7,16,27,39,16,9,17,37,17,39,10,14
722,41,12,5,6,14,1,12,19,40,3,16,28,50,28,19,13,24,13,7,18,27,40,16,11,2,38,17,53,12,15
723,41,8,5,6,14,1,13,21,40,1,17,28,48,29,20,14,23,13,8,18,27,40,16,14,2,39,17,51,12,14
724,41,7,6,6,14,0,14,19,40,1,17,29,43,28,20,12,25,13,8,19,27,41,17,17,2,39,17,51,13,14
725,40,5,6,7,14,7,14,13,40,9,16,29,37,28,21,12,25,12,8,19,27,41,18,19,4,41,17,44,13,14
726,40,5,6,9,14,5,14,14,40,3,16,29,34,29,21,12,25,12,8,19,27,43,20,18,4,42,17,47,13,14
727,40,8,6,9,14,5,14,14,40,3,16,29,31,29,21,12,25,12,8,19,27,43,20,18,4,42,17,48,13,13
728,40,7,5,9,14,5,14,14,40,3,16,29,32,29,21,12,25,12,8,19,27,43,20,18,4,42,17,48,13,14
729,40,9,7,9,14,7,14,15,40,7,16,29,31,29,21,12,25,12,8,19,27,40,20,19,7,40,17,41,13,12
730,39,9,7,9,14,7,13,14,40,7,16,29,32,29,21,12,25,12,9,19,27,39,20,20,9,40,17,40,13,12
731,39,9,6,11,15,8,13,13,40,6,16,29,32,30,20,12,23,12,9,18,27,39,20,18,14,40,17,40,12,12
732,39,9,5,8,16,8,10,10,41,3,14,28,33,28,20,12,20,12,10,16,27,39,17,18,39,39,17,39,12,11
733,39,11,5,4,17,7,9,11,40,2,13,28,29,28,18,11,21,11,10,15,27,38,18,18,69,38,16,34,10,3
734,39,13,4,0,17,9,7,9,40,6,10,28,29,25,13,9,18,10,11,14,27,36,14,26,90,38,14,35,9,0
735,38,16,2,2,15,22,2,4,40,7,10,27,23,20,11,10,13,10,11,14,27,37,11,27,118,36,13,25,8,1
736,37,22,3,0,14,35,2,4,39,5,9,26,14,14,5,8,11,8,11,13,27,36,10,21,151,35,11,17,9,3
737,37,20,13,27,15,41,11,14,39,11,11,25,16,10,10,11,13,11,13,12,27,31,11,23,53,33,12,24,10,16
738,37,32,12,4,14,58,5,15,39,12,7,25,11,10,8,10,7,11,12,10,27,31,8,19,87,35,9,24,9,12
739,37,36,10,1,15,76,7,10,39,11,6,25,10,8,7,10,3,11,16,9,27,35,5,13,98,36,9,17,8,5
740,37,26,8,2,15,81,4,10,39,14,3,25,10,9,4,11,1,11,17,8,27,32,3,17,116,38,9,14,6,3
741,37,37,8,10,14,41,7,10,39,11,7,25,28,8,7,11,29,8,14,8,27,28,6,33,61,35,9,25,5,12
742,37,42,14,3,15,66,10,15,38,10,6,24,20,5,7,11,10,9,16,7,27,25,5,29,72,36,9,18,5,9
743,37,50,16,1,14,68,8,8,38,9,7,24,17,5,6,12,10,10,15,7,27,27,3,27,83,35,9,19,4,4
744,37,45,19,2,14,67,8,8,38,8,7,24,29,7,6,11,10,10,11,7,27,28,2,25,85,34,7,15,5,4
745,37,49,19,9,14,53,10,13,37,21,7,25,37,8,8,11,10,10,9,7,27,25,9,19,60,32,7,12,6,9
746,37,44,21,4,14,56,5,13,36,12,7,25,36,12,12,11,5,10,7,8,27,27,7,16,76,35,8,17,5,7
747,37,36,14,3,14,58,7,13,36,6,7,25,39,13,11,11,4,10,8,7,27,33,6,32,77,32,9,11,6,8
748,37,45,16,3,14,53,6,6,36,5,7,25,46,16,9,11,3,10,12,7,27,32,3,31,81,28,9,11,5,6
749,37,18,17,10,14,41,11,16,36,32,7,26,46,4,5,9,10,11,9,7,27,29,6,18,59,28,8,45,6,8
750,37,38,19,9,14,49,28,11,36,15,6,27,41,6,7,8,5,11,7,7,27,29,4,34,65,31,8,12,4,5
751,37,21,23,3,14,45,30,10,35,9,7,27,40,5,6,9,10,10,4,8,27,29,2,36,78,34,8,27,4,2
752,37,17,25,2,14,41,25,10,36,10,6,26,38,1,0,8,14,10,5,7,27,27,4,36,95,30,7,31,6,5
753,37,27,25,9,14,39,20,8,36,13,6,26,39,12,9,8,11,9,6,7,27,28,10,44,51,30,6,28,7,8
754,37,21,23,5,14,38,19,14,36,8,7,26,30,8,12,9,8,10,4,9,27,29,9,55,56,29,6,33,8,10
755,37,11,22,6,14,30,22,19,36,12,5,26,35,10,12,9,12,10,3,9,27,26,9,53,60,28,6,33,10,8
756,37,19,23,6,15,27,19,14,36,9,6,26,38,13,12,9,10,12,2,8,27,28,10,49,60,31,6,29,11,8
757,37,23,25,8,14,28,21,13,35,11,8,27,36,14,11,9,9,12,11,8,27,28,10,42,47,31,6,27,12,10
758,38,21,23,9,15,23,24,17,36,10,8,27,34,13,9,9,11,12,13,8,27,30,9,40,51,30,8,25,11,9
759,38,16,25,10,15,14,23,16,36,7,8,27,37,15,9,11,9,13,15,8,27,31,9,43,52,31,7,28,13,7
760,39,8,23,9,16,11,28,19,36,3,8,27,39,18,9,12,11,15,13,9,27,35,9,38,52,31,8,31,13,3
761,39,20,16,8,14,3,30,16,38,9,7,27,46,16,13,12,12,16,11,10,27,40,9,46,45,31,8,13,15,3
762,40,8,16,9,14,3,27,15,38,5,6,27,50,20,12,12,13,16,10,11,27,41,12,36,42,31,8,31,14,6
763,40,6,16,13,15,2,23,17,39,3,5,27,41,19,13,13,17,17,12,11,27,39,15,34,41,32,8,28,17,10
764,40,5,11,13,16,3,23,12,40,3,6,27,41,16,14,15,18,18,13,11,28,42,20,35,35,32,8,28,16,11
765,41,14,10,2,17,34,23,4,40,24,6,27,10,13,12,15,20,17,12,12,28,40,20,29,33,35,8,25,14,15
766,41,8,10,3,16,2,20,13,40,7,6,27,28,12,9,15,24,17,17,14,28,41,26,35,27,36,10,31,15,22
767,42,4,12,3,15,3,21,12,41,4,5,27,36,14,10,15,22,17,15,15,29,47,31,34,21,37,10,32,16,10
768,43,8,11,1,15,0,22,12,41,6,5,27,34,14,11,15,21,18,15,15,29,47,31,37,19,37,10,27,16,13
769,40,29,10,6,16,29,22,10,40,8,6,27,5,12,11,16,17,18,16,16,29,41,33,41,18,37,10,4,18,15
770,40,14,9,6,16,3,21,15,40,6,6,27,16,14,12,16,18,18,17,16,29,43,34,45,18,39,10,14,20,18
771,40,7,8,6,16,6,21,16,39,4,7,27,13,14,13,16,21,18,16,16,29,43,35,47,18,39,10,17,20,18
772,40,4,7,6,16,4,20,18,39,3,7,27,11,14,14,16,20,18,16,16,29,44,36,49,18,39,10,20,20,19
773,40,6,7,6,16,6,19,18,39,5,7,27,5,17,14,16,22,18,16,16,29,40,38,41,18,39,11,24,21,19
774,40,5,7,5,16,7,18,18,39,5,7,27,6,17,14,16,21,18,15,16,29,40,39,42,19,39,11,24,21,19
775,40,5,7,5,16,7,18,18,39,5,9,27,3,17,14,16,21,18,15,16,29,40,39,42,20,39,11,24,21,19
776,40,5,7,5,16,7,18,18,39,5,9,27,2,17,14,16,21,18,15,16,29,40,39,42,20,39,11,25,21,19
777,40,5,7,5,17,5,18,18,39,1,9,32,4,17,14,16,21,18,15,16,29,41,39,40,20,39,11,25,21,18
778,40,5,7,5,17,5,18,19,39,1,9,32,2,17,14,15,21,18,15,16,29,41,39,37,24,39,11,26,21,18
779,40,4,7,5,17,4,18,19,39,0,9,35,0,17,12,15,22,17,16,15,29,40,39,38,30,38,10,26,21,18
780,40,4,5,0,16,4,17,19,39,0,9,30,2,12,10,15,20,17,18,14,29,37,36,41,63,37,9,22,20,15
781,40,13,6,6,16,5,16,11,39,8,8,28,14,10,5,14,18,17,19,14,29,33,37,39,62,36,9,13,20,15
782,40,16,5,3,13,7,18,10,38,0,7,28,12,5,3,14,16,17,20,14,29,31,32,40,95,37,9,10,18,13
783,39,16,6,0,13,15,17,14,38,2,5,28,11,0,0,12,10,17,21,14,29,30,31,48,114,37,8,4,17,4
784,40,24,6,0,13,29,15,14,38,2,5,28,7,0,0,12,8,17,21,14,29,28,30,35,123,34,7,2,17,2
785,40,28,9,13,14,43,11,7,36,19,7,28,12,14,9,11,10,16,17,13,29,29,30,20,50,34,7,15,17,12
786,40,46,11,5,14,59,12,5,36,15,4,28,5,4,5,11,2,16,20,13,29,29,27,15,78,32,8,13,17,1
787,40,55,9,0,14,66,11,4,36,10,3,25,9,5,6,13,2,15,15,14,29,29,26,6,91,32,9,8,14,4
788,41,54,9,4,13,69,8,2,36,8,1,25,7,1,6,13,0,14,15,14,29,30,22,12,102,32,7,11,14,1
789,40,24,9,15,13,33,7,21,36,8,7,25,30,10,4,12,24,14,14,14,29,29,20,25,45,32,7,23,14,16
790,40,32,10,8,12,60,3,9,36,16,5,25,18,10,2,12,5,14,17,13,29,30,19,25,64,38,7,20,14,7
791,39,24,17,6,11,61,2,8,36,13,6,25,23,7,2,12,6,14,14,13,29,34,23,21,67,40,7,17,15,8
792,39,15,21,2,10,58,5,4,36,16,7,25,26,6,0,12,2,14,15,12,29,34,20,23,79,36,7,29,16,2
793,38,31,18,5,10,45,8,9,36,8,8,25,18,5,9,13,18,14,13,12,29,32,20,16,57,34,6,32,17,14
794,37,44,19,6,9,37,4,5,35,6,8,25,29,5,1,13,8,15,12,11,29,35,20,13,74,32,6,34,18,10
795,37,33,17,6,9,9,4,5,34,5,9,25,61,6,0,14,9,15,13,10,29,36,18,19,78,30,5,35,19,10
796,37,42,15,2,9,13,3,5,34,6,9,25,59,6,0,14,10,15,12,10,29,39,9,13,86,29,4,39,19,7
797,38,23,11,7,9,37,5,19,33,37,9,25,54,5,8,14,8,13,13,10,29,39,8,22,51,29,5,9,19,11
798,38,27,15,6,8,31,3,16,34,8,8,26,59,5,5,14,6,12,11,10,29,39,8,22,76,29,7,14,19,15
799,38,21,17,3,7,34,4,16,35,6,8,26,51,5,4,14,7,13,10,11,29,38,4,18,90,30,8,16,20,17
800,37,24,17,4,8,26,3,14,35,5,7,29,51,5,4,13,6,12,11,10,29,40,4,20,93,29,8,19,21,16
801,38,18,20,12,9,22,9,9,36,31,9,29,48,7,8,13,10,11,11,11,29,40,7,21,49,31,8,17,19,18
802,39,11,21,12,9,22,7,11,35,18,11,29,52,7,7,14,11,11,10,12,29,40,6,25,59,31,8,19,18,16
803,39,11,18,9,9,24,7,9,37,15,13,29,52,10,3,14,8,10,14,12,29,41,4,24,58,33,9,19,18,22
804,40,15,10,7,10,22,6,7,39,16,15,28,54,10,3,15,12,10,14,14,29,40,1,14,67,34,9,16,19,24
805,40,23,11,9,10,18,10,10,37,14,16,28,48,7,7,15,13,10,13,15,29,42,7,12,48,35,8,20,18,27
806,41,9,18,10,12,13,11,7,38,18,17,28,52,9,7,15,13,11,11,15,29,47,5,13,51,34,8,21,16,21
807,41,12,20,12,13,9,12,2,38,15,17,28,51,10,8,16,10,10,14,16,29,48,7,12,52,36,9,21,13,19
808,41,15,20,10,15,6,13,4,38,18,14,28,54,11,6,16,10,9,15,16,29,53,8,10,53,36,9,17,13,13
809,42,14,18,8,15,15,12,10,38,18,13,28,45,11,9,16,16,9,16,16,29,44,8,12,42,39,10,20,15,12
810,42,7,22,9,15,4,11,9,38,21,13,28,46,13,10,16,16,9,14,17,29,45,11,9,39,40,10,21,18,18
811,43,5,19,9,16,4,10,5,39,17,14,28,50,12,12,17,14,10,15,17,29,46,10,5,33,40,10,30,17,24
812,44,9,15,9,16,4,7,3,40,15,14,28,45,14,11,17,13,10,15,18,29,49,12,9,28,45,10,29,17,25
813,40,21,12,9,16,19,12,4,40,14,14,28,38,21,10,18,17,10,15,20,29,45,14,5,26,40,10,15,17,21
814,40,10,11,11,16,2,12,3,40,17,17,28,45,28,12,20,19,10,16,19,29,46,18,3,22,40,11,16,18,21
815,41,3,2,10,16,2,12,2,40,17,18,29,51,24,15,20,16,12,18,20,29,44,22,7,12,42,12,18,20,26
816,41,5,3,8,17,3,15,1,40,19,18,29,45,25,14,20,16,13,18,21,29,42,22,4,9,44,12,11,22,34
817,42,20,6,11,17,19,9,4,40,15,19,29,22,25,14,20,15,12,18,21,29,42,22,9,8,42,13,3,22,32
818,42,12,6,14,19,1,10,3,40,16,20,30,20,26,17,21,17,12,19,21,29,43,22,4,8,40,13,15,23,37
819,42,4,3,15,19,1,9,6,40,15,20,30,18,25,18,22,17,12,18,21,29,47,22,6,8,43,13,18,22,37
820,42,1,0,16,19,5,10,8,40,14,20,30,8,26,18,22,18,12,19,21,29,49,23,8,8,43,13,19,22,37
821,40,13,5,17,19,4,10,8,40,15,20,30,5,26,17,22,19,12,19,21,29,40,23,7,9,41,13,15,24,37
822,40,8,6,17,19,2,10,8,40,17,20,30,6,27,17,22,20,12,19,21,29,39,23,7,9,42,13,16,24,37
823,40,7,6,17,19,3,9,9,40,17,20,30,0,27,17,22,20,12,18,21,29,39,24,7,10,42,13,20,24,38
824,40,7,5,17,19,3,9,10,39,15,20,30,0,28,17,22,22,12,18,21,29,39,25,7,10,41,13,19,24,39
825,40,3,7,17,19,1,8,10,39,15,20,30,13,28,17,22,18,12,18,21,29,39,25,7,10,40,13,16,24,39
826,40,5,7,17,19,2,9,11,39,15,20,30,1,28,18,22,19,12,18,21,29,40,25,8,12,39,13,18,24,39
827,40,2,7,15,19,3,8,11,39,14,19,30,1,27,16,21,18,12,18,21,29,40,23,6,27,39,13,19,25,38
828,40,1,7,15,19,5,7,12,38,13,18,30,4,25,15,21,19,12,18,20,29,39,22,5,39,38,13,13,25,38
829,40,3,9,12,18,3,8,10,38,11,18,29,9,23,16,18,18,12,18,20,29,38,21,6,55,38,13,8,24,35
830,40,3,8,11,17,4,6,8,38,7,16,30,1,18,17,18,21,12,18,20,29,37,19,10,77,37,13,8,24,33
831,40,5,9,7,17,5,4,5,38,9,17,30,1,19,16,18,21,11,19,21,29,37,18,6,91,36,13,6,23,29
832,40,4,13,5,17,3,3,7,38,7,16,30,2,18,15,18,20,12,19,20,29,37,17,7,100,34,13,5,23,28
833,39,16,16,8,17,8,6,9,38,9,18,29,16,15,12,17,6,12,19,20,29,35,17,22,62,28,13,12,23,29
834,39,24,20,4,17,20,8,11,38,11,18,29,8,14,10,17,4,12,21,19,29,33,13,6,77,29,12,6,23,28
835,39,20,20,2,16,23,8,13,37,11,18,29,6,12,9,17,3,14,21,18,29,31,12,11,89,30,12,3,20,27
836,39,16,22,0,14,22,21,15,37,12,18,29,2,11,9,16,5,14,21,16,29,33,10,6,92,28,12,6,20,25
837,39,14,21,9,14,15,8,12,36,15,18,29,24,7,9,16,12,14,18,15,29,29,8,28,56,30,12,18,20,25
838,39,36,24,5,13,22,11,13,37,12,18,29,15,7,6,16,10,14,17,14,29,27,7,7,64,29,12,24,20,23
839,39,45,26,2,12,25,11,14,37,10,19,29,18,8,6,15,9,14,19,14,29,26,6,6,63,29,10,21,20,18
840,38,50,32,0,13,24,5,10,37,8,19,29,17,9,4,15,7,14,19,14,28,26,5,12,72,29,10,18,20,16
841,38,52,28,14,13,25,5,10,36,16,20,29,15,8,7,14,10,13,19,12,28,25,6,24,50,27,10,10,19,17
842,38,52,23,6,13,28,5,7,37,9,21,27,18,10,7,14,8,15,17,13,28,24,6,23,58,29,10,16,20,18
843,39,51,25,6,14,28,2,5,35,6,22,27,16,9,7,12,7,16,12,12,28,23,9,33,60,28,10,20,21,17
844,39,49,23,9,13,26,2,4,36,4,22,26,13,9,7,13,7,17,13,15,28,23,7,39,60,27,10,19,22,18
845,39,40,26,5,13,23,8,11,36,15,21,25,11,11,7,13,8,18,14,15,28,25,5,38,58,26,10,12,23,16
846,39,35,26,5,13,21,6,7,36,7,21,25,19,15,9,13,7,20,13,15,28,24,4,41,57,27,10,17,25,15
847,39,28,29,2,13,12,6,11,36,4,20,25,22,13,9,13,7,19,17,15,28,22,2,47,65,29,12,12,24,19
848,39,29,35,4,13,14,9,5,36,5,19,24,23,11,6,14,3,20,20,13,28,24,1,44,72,28,11,11,24,15
849,39,14,31,1,14,15,53,6,37,14,17,24,29,2,4,13,5,21,21,12,28,22,1,54,31,27,11,11,26,17
850,39,16,23,1,14,17,52,4,38,7,18,23,28,3,5,12,7,20,19,12,28,25,2,54,35,27,10,16,26,19
851,39,9,20,0,14,15,55,2,36,3,17,23,31,5,6,12,9,21,22,11,28,26,3,55,34,27,10,21,23,23
852,39,10,25,2,14,16,58,3,36,6,15,23,36,3,4,12,11,23,20,11,28,23,2,53,31,28,10,16,24,18
853,39,23,25,8,14,16,43,5,37,11,13,23,30,6,3,12,11,23,16,11,28,26,8,44,32,28,10,12,23,20
854,39,13,27,6,14,13,44,4,38,5,14,23,29,14,5,12,7,23,15,12,28,30,4,45,30,43,10,12,23,18
855,39,14,30,6,13,8,47,6,39,3,15,25,35,17,5,12,5,23,14,12,28,33,3,42,20,44,10,9,24,19
856,39,15,31,6,13,5,48,3,40,4,17,25,33,17,4,12,7,24,15,12,28,35,4,40,14,45,11,6,25,22
857,39,14,26,3,14,12,41,7,40,6,22,25,24,12,6,21,9,24,15,12,29,39,3,29,12,43,11,11,25,26
858,39,16,21,4,14,4,41,7,40,8,23,26,24,14,4,21,16,28,12,13,29,43,4,26,0,43,12,13,26,29
859,39,18,7,8,15,5,38,7,41,3,22,25,37,12,3,23,15,28,13,13,29,45,4,24,0,45,11,10,26,34
860,40,9,2,11,15,3,37,6,41,3,22,26,35,9,2,25,13,28,12,14,29,46,4,21,0,47,12,19,27,42
861,40,5,6,4,15,17,38,5,40,6,21,26,20,4,2,24,12,28,11,14,29,41,6,20,17,42,12,26,30,39
862,40,8,2,4,16,3,42,9,40,5,22,26,27,9,5,24,10,28,12,16,29,43,8,14,3,42,12,28,30,43
863,40,6,2,1,16,2,45,9,40,10,22,27,24,10,4,25,12,27,12,16,29,45,8,5,1,41,12,33,32,44
864,40,4,1,2,16,2,50,10,40,9,22,27,18,10,4,16,13,27,12,16,29,46,7,7,9,41,12,33,32,45
865,40,17,8,4,16,10,40,8,40,9,22,27,14,6,3,16,13,27,12,16,29,41,10,10,8,40,12,29,31,42
866,41,7,3,4,16,5,40,13,40,10,22,32,19,6,4,31,13,27,12,16,29,44,11,12,0,26,12,29,31,45
867,41,8,1,5,16,3,39,12,40,11,22,33,18,7,4,37,13,27,12,16,29,45,11,12,0,25,12,28,25,48
868,41,6,0,6,16,3,38,13,40,10,23,33,18,5,6,38,13,28,12,16,29,44,11,14,0,25,12,27,25,48
869,40,4,4,5,16,5,37,13,40,10,23,33,16,6,6,38,11,28,13,16,29,40,12,14,7,25,12,30,25,42
870,40,6,4,8,16,5,37,13,40,9,23,34,12,7,6,38,11,28,14,16,29,40,12,16,4,25,12,28,25,42
871,40,6,4,8,16,5,37,13,39,9,23,34,12,7,6,37,11,29,14,16,29,40,13,16,4,25,12,28,25,42
872,40,6,5,8,16,5,37,12,39,10,23,34,13,7,6,37,10,29,14,16,29,40,13,17,4,25,12,26,25,42
873,40,6,5,8,16,5,36,12,39,10,23,34,12,8,5,37,10,29,14,16,29,40,13,18,5,25,12,28,25,40
874,40,6,5,8,16,5,36,12,39,10,23,34,12,8,5,37,11,29,15,16,29,40,13,17,5,25,12,27,25,40
875,40,6,3,7,15,5,35,10,39,8,23,34,9,8,5,36,11,29,15,16,29,39,13,17,21,25,12,25,25,40
876,40,4,2,6,15,5,34,11,39,5,20,34,14,6,1,33,10,28,14,16,29,37,11,17,47,22,12,25,25,38
877,40,4,3,3,15,7,32,11,39,6,20,34,13,5,3,32,11,27,15,15,29,36,9,20,56,22,12,23,25,33
878,40,4,1,1,15,10,30,9,38,5,19,36,13,2,2,33,10,26,15,13,29,33,4,27,78,22,11,16,24,34
879,39,5,3,0,14,15,32,10,38,2,18,36,11,0,0,33,4,25,15,12,29,31,3,24,97,19,11,19,21,34
880,39,7,1,1,14,22,32,11,38,2,18,36,9,1,0,34,3,24,16,11,29,30,3,13,107,19,11,17,21,31
881,39,16,1,13,11,10,30,3,38,12,18,89,11,6,3,34,11,23,16,9,29,30,4,10,52,17,11,1,21,32
882,39,20,2,0,11,12,29,5,38,12,18,134,14,0,1,34,3,22,19,9,29,31,2,9,26,16,12,3,19,31
883,39,26,0,2,11,12,26,6,38,8,17,156,16,0,1,34,2,22,21,9,29,32,1,4,12,14,11,3,20,28
884,39,18,3,1,11,17,22,3,39,10,13,160,17,1,0,33,5,21,20,9,30,30,1,12,12,14,11,8,18,22
885,5,22,7,24,11,12,7,16,40,7,4,46,9,16,9,23,33,5,9,4,26,5,8,27,166,4,10,20,19,6
886,5,37,5,4,11,35,9,11,39,17,3,199,23,6,7,23,10,2,9,4,26,8,5,8,38,6,10,17,19,4
887,5,33,8,3,11,38,9,18,39,16,2,199,19,7,5,23,9,2,8,4,26,10,4,14,43,4,10,12,18,1
888,5,28,7,2,11,40,11,20,39,10,2,199,22,7,5,23,9,1,7,4,26,6,6,13,50,2,10,12,19,4
889,11,32,12,13,11,37,12,15,39,16,12,40,23,14,12,22,15,12,11,11,26,13,12,41,60,11,11,21,17,18
890,11,29,19,10,9,33,12,19,38,12,13,40,29,14,12,22,23,16,8,10,26,15,11,21,75,10,10,22,18,13
891,11,26,18,10,9,39,11,17,38,12,15,40,25,14,12,22,20,14,5,10,26,18,9,25,83,11,10,19,18,13
892,11,17,18,8,8,43,13,20,38,9,15,40,26,14,12,22,17,14,7,11,26,14,9,25,85,13,9,24,18,14
893,11,48,18,10,11,37,11,21,38,19,17,40,25,13,12,20,11,14,10,11,26,12,10,32,54,11,9,18,16,15
894,11,37,19,10,12,42,9,22,38,14,19,40,26,19,14,20,16,14,8,11,26,13,7,38,48,13,9,15,16,14
895,11,26,17,10,12,35,7,29,39,9,19,41,20,15,16,20,22,15,7,11,26,22,4,51,47,16,8,19,16,10
896,11,36,18,11,12,36,5,27,37,9,19,41,16,18,17,20,19,13,6,11,26,19,4,57,49,16,9,14,15,9
897,11,27,18,11,12,34,8,25,39,11,18,40,16,17,16,20,18,13,6,10,26,18,4,62,53,17,9,10,16,15
898,11,14,20,23,12,35,5,30,39,5,17,40,9,21,18,20,17,13,5,9,26,19,4,56,50,19,9,20,16,18
899,11,11,23,20,12,35,5,35,39,6,18,40,6,24,18,21,14,13,7,9,26,16,2,58,50,21,9,21,17,13
900,11,10,24,19,11,31,6,35,39,8,18,40,10,23,18,21,14,13,9,9,26,17,2,60,47,22,9,17,18,13
901,12,28,25,19,11,32,8,31,39,11,19,40,7,29,18,21,13,14,6,9,26,16,3,50,41,23,9,7,18,15
902,12,10,25,18,11,32,9,32,39,7,19,40,8,31,21,21,16,14,7,10,26,19,5,49,35,23,10,16,20,15
903,13,6,27,16,12,25,10,32,39,6,21,40,7,30,22,21,22,15,7,12,26,21,6,43,34,22,11,22,19,13
904,13,9,26,19,11,20,9,28,39,7,22,41,12,30,22,21,24,15,7,12,26,24,6,36,34,22,11,20,21,13
905,13,54,24,19,11,9,7,29,38,5,21,40,10,29,21,22,22,18,8,12,26,27,5,17,28,23,12,12,22,16
906,13,9,23,21,11,8,11,31,38,8,22,40,8,29,22,23,34,19,7,13,26,28,5,37,26,27,13,15,23,10
907,13,5,23,22,12,2,12,36,38,6,24,40,5,32,23,23,37,19,7,13,26,27,4,35,18,30,13,16,24,15
908,13,5,16,23,12,3,9,36,39,3,22,40,3,36,25,23,40,19,6,14,26,31,5,36,8,31,13,17,26,20
909,13,23,12,24,12,9,8,24,41,14,22,40,30,37,27,24,12,18,5,14,26,33,5,21,6,33,14,4,26,23
910,14,10,13,30,12,0,7,31,42,5,25,40,15,39,28,23,16,19,5,14,27,35,5,20,0,35,14,18,26,32
911,14,5,13,31,12,3,2,31,43,6,25,40,11,36,30,23,17,19,4,14,27,36,7,21,2,38,14,16,26,34
912,14,1,15,33,12,1,2,32,43,5,25,40,4,34,30,24,19,19,6,14,27,34,8,25,0,40,14,18,26,35
913,14,25,12,28,12,16,1,33,41,3,25,40,5,31,30,24,4,19,6,14,27,33,9,18,8,42,14,2,26,38
914,14,5,4,30,12,1,2,35,41,5,25,42,11,32,31,35,3,20,6,15,27,34,8,17,0,44,14,19,28,40
915,15,4,5,30,12,0,2,40,41,1,25,42,0,32,32,39,1,20,6,15,27,34,8,20,0,44,14,21,28,42
916,15,2,8,31,12,0,2,39,41,0,26,42,0,32,30,39,0,21,6,15,27,34,8,23,0,44,14,19,28,42
917,15,6,8,30,12,6,2,39,41,1,26,41,16,32,30,39,3,21,6,16,27,28,8,9,2,41,14,13,28,40
918,15,2,9,31,12,3,3,42,41,3,26,41,2,33,30,41,4,21,7,16,27,29,8,9,1,41,14,20,30,39
919,15,2,9,32,12,3,3,42,41,3,27,41,0,33,30,41,4,21,7,16,27,29,8,12,1,40,14,18,30,39
920,15,0,9,32,12,3,3,42,41,3,27,41,1,33,30,41,4,21,7,16,27,29,8,12,1,40,14,19,30,39
921,15,3,9,33,12,2,3,40,40,3,27,40,9,33,30,40,1,21,7,16,27,29,8,10,2,40,14,18,30,38
922,15,0,9,32,12,2,3,40,40,4,27,40,2,35,30,40,1,21,7,16,27,30,10,13,2,41,14,19,30,38
923,15,0,8,31,14,2,3,40,40,5,27,40,0,33,28,39,1,21,6,16,27,31,10,13,10,42,14,19,29,36
924,15,2,5,29,14,2,0,39,39,6,25,39,3,31,27,37,1,19,5,14,27,31,10,15,27,42,14,18,28,36
925,15,6,4,26,14,1,3,37,39,3,24,39,9,30,25,37,1,19,6,14,27,28,5,9,53,40,13,10,28,35
926,15,8,1,19,12,4,0,31,39,5,24,38,8,25,20,37,6,16,7,15,27,26,3,5,87,39,10,14,26,33
927,14,10,1,21,11,6,0,28,39,3,23,38,8,23,17,37,2,14,7,15,26,23,3,12,107,41,10,5,25,31
928,14,13,36,18,10,14,2,27,39,6,23,38,5,23,14,37,3,14,4,15,26,21,0,2,88,42,10,2,24,30
929,14,14,35,17,9,11,19,17,39,11,22,38,10,23,13,37,19,12,6,15,26,20,10,18,58,40,10,6,24,7
930,15,20,38,15,9,26,4,14,39,11,23,37,14,19,11,37,11,12,5,15,26,20,1,8,85,43,10,5,25,2
931,15,21,40,9,9,34,6,19,39,8,23,37,16,16,10,37,3,11,3,15,26,20,0,9,91,45,10,5,23,0
932,15,28,39,6,9,41,6,18,38,9,22,37,14,15,7,38,5,12,2,16,26,19,0,4,90,47,10,3,21,3
933,15,21,20,6,7,20,6,13,37,18,16,37,15,9,6,38,19,12,6,16,26,19,10,44,54,42,10,18,21,19
934,15,46,19,5,7,34,11,14,36,13,17,37,26,10,9,38,8,13,4,17,26,22,4,11,56,47,10,15,22,8
935,15,47,21,3,8,34,9,15,37,14,17,37,26,11,9,37,2,13,2,15,26,25,3,10,68,48,9,11,21,7
936,15,41,20,0,8,32,12,14,37,9,17,37,26,10,7,35,6,13,4,14,26,21,0,19,87,48,9,7,21,5
937,15,24,25,7,8,26,11,15,39,15,15,37,17,8,6,35,12,13,7,13,26,20,8,32,59,41,9,26,20,11
938,15,57,26,6,8,28,6,15,39,10,15,37,20,8,9,35,4,13,8,13,26,19,6,15,65,42,8,16,20,11
939,15,57,27,3,8,27,6,15,39,8,15,37,18,8,10,35,5,13,8,14,26,19,7,15,52,43,7,19,20,24
940,15,49,27,4,8,18,5,17,39,8,17,37,18,9,7,35,10,14,8,16,26,22,4,23,56,39,7,10,21,31
941,15,58,29,5,8,14,5,9,39,13,19,36,19,9,6,35,7,13,10,16,25,21,3,16,55,39,7,13,21,35
942,16,56,28,4,8,14,4,4,39,4,17,36,15,10,8,35,7,14,9,16,25,20,4,18,68,41,7,19,21,33
943,16,44,29,4,8,19,1,2,40,5,17,36,10,6,5,35,6,15,9,16,25,20,4,34,79,38,6,18,22,31
944,16,56,11,3,8,15,1,3,40,5,16,36,15,6,4,35,2,15,8,16,25,21,4,37,83,38,6,21,24,30
945,16,41,51,6,8,10,12,17,40,35,19,36,16,4,6,34,8,15,7,16,25,6,4,33,47,36,5,16,26,5
946,16,51,6,5,8,10,4,12,41,58,20,36,16,4,6,33,11,14,7,17,24,7,5,42,55,31,5,26,27,3
947,17,42,4,6,8,7,3,13,42,57,19,36,12,3,6,34,11,15,5,18,24,8,5,53,58,27,5,27,27,8
948,17,36,8,3,7,7,4,13,43,58,16,38,16,5,6,33,12,16,5,18,24,8,5,53,52,27,7,35,26,2
949,17,38,37,5,10,20,9,8,40,49,16,38,12,6,8,16,7,16,4,18,24,4,4,40,48,29,7,36,27,7
950,17,67,9,3,11,7,8,10,41,45,14,38,23,11,9,17,7,17,6,20,24,2,5,40,47,31,7,31,27,6
951,17,73,8,4,11,4,8,5,43,46,13,32,30,10,9,16,6,17,3,21,24,2,9,33,49,33,7,34,29,4
952,17,70,2,5,13,5,12,6,43,48,12,32,32,12,10,16,4,17,4,21,24,3,12,28,39,31,8,35,28,11
953,18,51,15,6,13,20,17,6,40,47,13,32,20,14,13,15,15,18,6,22,24,5,12,21,27,32,9,33,28,8
954,18,39,4,7,15,3,14,13,41,38,13,33,35,17,13,16,13,19,8,22,24,8,15,27,19,38,12,34,27,15
955,18,32,2,8,16,0,10,15,42,31,14,34,40,18,16,18,10,20,6,25,24,10,16,31,14,38,12,33,27,20
956,12,28,2,10,16,2,12,13,42,24,14,41,40,21,16,18,9,20,5,26,24,10,19,26,12,38,12,37,27,24
957,13,18,17,13,19,22,12,15,40,27,16,40,17,20,19,17,11,22,6,27,24,10,19,23,3,37,12,38,28,15
958,14,26,6,12,19,0,10,20,40,26,17,40,19,19,17,17,17,23,8,29,24,8,19,28,1,37,14,32,32,26
959,14,22,6,11,18,1,16,23,41,22,18,32,16,28,18,17,16,24,8,29,24,10,19,29,2,30,14,34,33,25
960,14,16,7,12,18,4,19,28,41,17,18,32,18,27,20,17,17,24,8,29,24,9,20,24,1,25,14,38,33,26
961,14,9,5,3,19,21,20,29,40,12,17,33,6,18,20,17,9,24,10,31,24,11,20,31,20,25,14,36,33,29
962,15,11,4,4,20,1,20,32,40,9,20,33,15,20,19,18,14,26,10,32,24,12,23,36,0,28,14,37,34,29
963,15,4,5,4,20,1,21,33,40,11,20,51,4,4,20,18,17,26,10,32,24,12,23,40,0,28,14,40,34,29
964,15,1,4,5,20,1,23,34,40,11,20,51,3,5,20,18,20,26,10,32,24,15,24,40,0,27,14,37,34,26
965,15,9,3,5,20,3,23,33,40,13,21,40,7,4,19,18,17,25,10,32,24,15,24,39,3,27,15,33,35,28
966,15,3,3,5,20,3,23,34,40,14,21,40,1,4,19,18,18,25,10,32,24,16,24,40,2,28,15,39,36,28
967,15,2,3,5,20,3,23,34,40,14,21,40,0,4,19,18,18,25,10,32,24,16,24,41,2,28,15,40,36,28
968,15,0,3,5,20,3,23,34,40,14,21,40,1,4,19,18,18,25,10,32,24,16,24,40,2,28,15,42,36,28
969,15,2,3,5,20,2,23,34,40,14,21,40,7,4,19,18,11,25,10,32,24,16,24,41,3,28,15,40,36,28
970,15,2,2,5,20,2,23,34,39,14,21,40,1,4,19,18,11,25,9,32,24,18,24,42,6,28,15,44,36,27
971,15,0,1,4,20,3,22,32,39,13,21,39,0,4,19,18,11,24,9,32,23,19,22,45,17,28,15,43,36,26
972,15,3,0,1,20,3,21,30,39,10,21,39,0,3,16,16,11,24,9,32,23,18,21,40,38,27,15,42,36,27
973,15,6,3,1,20,1,21,28,39,13,21,39,13,3,14,13,2,24,12,32,23,19,17,39,58,25,15,35,33,16
974,15,7,3,1,18,4,15,27,39,12,15,39,1,2,12,13,5,24,12,32,23,19,18,49,83,24,13,38,31,6
975,14,9,0,0,18,6,15,23,39,8,15,39,1,0,12,12,4,24,13,31,23,19,16,55,105,23,13,33,27,3
976,13,6,1,1,18,12,13,18,38,4,13,39,2,0,12,12,2,22,14,31,23,18,16,51,126,23,13,31,27,1
977,13,16,11,25,26,8,13,31,38,13,11,38,21,22,6,12,11,20,15,29,23,8,15,47,53,23,12,6,26,8
978,13,15,10,7,44,27,9,10,38,23,11,38,10,5,5,13,3,20,24,27,23,9,12,50,86,18,12,8,26,4
979,13,18,8,9,43,34,6,9,36,23,11,38,13,0,6,13,4,21,30,26,23,6,9,48,89,17,12,4,26,5
980,13,19,5,5,41,38,7,5,36,27,11,38,14,3,4,12,3,21,28,25,23,6,8,38,102,20,12,7,25,4
981,13,21,7,11,40,27,7,12,36,19,11,38,21,9,8,12,24,21,30,23,23,6,7,25,55,21,11,25,23,14
982,13,29,9,12,40,34,5,8,36,16,11,38,20,4,5,12,6,21,33,22,23,3,5,25,71,27,11,26,24,11
983,13,33,14,13,40,34,5,3,36,15,11,38,21,5,3,13,2,21,31,23,23,1,4,23,68,28,11,31,25,12
984,13,29,19,10,39,25,8,4,36,14,11,37,26,4,3,13,4,22,30,23,23,0,4,25,72,29,10,33,28,6
985,13,22,18,9,40,10,8,16,36,11,11,37,31,7,5,14,13,22,30,22,23,10,5,19,53,30,11,37,28,9
986,13,25,21,6,40,20,6,12,37,7,11,37,32,8,4,15,5,21,27,22,23,8,5,21,61,28,13,35,28,9
987,13,35,19,1,39,19,4,4,37,6,12,37,41,1,4,16,2,21,27,22,23,11,2,12,74,31,13,35,28,11
988,13,30,15,3,39,17,2,13,37,4,11,37,47,1,3,16,4,21,23,22,23,11,1,13,79,30,14,34,27,10
989,13,31,9,9,39,20,8,10,37,31,10,37,46,9,4,15,6,21,21,22,23,11,5,23,53,31,14,6,27,9
990,13,41,8,8,39,12,9,8,37,12,6,37,48,9,4,14,5,22,18,22,23,9,1,17,77,32,15,13,27,14
991,13,33,6,5,39,6,9,9,37,10,9,38,48,10,2,14,8,22,19,21,23,9,0,14,88,30,16,18,27,17
992,13,33,1,6,40,12,10,8,37,9,11,38,43,5,5,14,5,22,16,21,23,8,2,17,90,30,16,19,25,21
993,13,26,15,8,40,19,12,13,37,12,11,38,34,9,10,15,12,23,15,21,23,6,7,25,56,26,16,23,25,10
994,14,27,7,2,40,11,14,14,37,14,11,38,37,11,13,15,14,23,18,21,23,6,7,31,57,23,17,21,24,10
995,15,21,9,1,41,11,13,15,36,20,11,38,43,11,11,16,20,24,9,21,23,3,11,32,50,19,16,25,26,9
996,15,27,12,2,41,6,10,18,35,18,14,38,47,9,9,16,16,24,10,21,23,7,10,27,50,20,16,24,27,8
997,15,26,13,5,40,15,11,19,36,17,15,37,45,9,5,16,14,24,11,21,23,8,11,19,46,24,17,25,28,5
998,15,28,14,4,41,15,12,18,36,15,15,37,45,9,4,17,19,24,12,23,23,8,10,11,48,25,17,24,27,4
999,15,22,16,3,41,7,14,22,36,10,18,37,45,10,4,17,19,24,11,23,23,10,13,12,39,29,17,31,27,5
1000,15,16,19,5,42,4,11,23,36,12,17,38,47,11,5,17,25,23,11,24,23,9,11,8,37,32,17,29,27,6
1001,16,10,17,4,41,10,11,23,36,13,17,38,44,10,7,17,32,25,12,24,23,11,11,12,29,31,15,29,27,5
1002,16,9,12,4,42,4,9,24,37,10,15,38,46,11,7,17,31,27,11,24,23,17,14,7,25,35,18,34,26,7
1003,16,5,13,6,42,1,7,22,38,6,17,38,41,14,10,18,30,29,8,24,23,20,13,5,19,37,17,49,24,8
1004,16,7,10,6,43,2,5,21,38,4,17,38,48,14,10,21,29,30,9,24,23,22,14,4,14,39,17,44,22,9
1005,16,22,10,4,40,15,3,20,38,3,17,38,35,17,15,21,31,31,9,24,23,20,14,13,7,40,18,27,21,8
1006,16,12,19,4,40,3,3,20,38,6,17,39,31,18,16,22,33,33,9,24,23,21,17,6,4,41,18,33,21,13
1007,16,3,22,4,41,0,6,23,38,4,18,40,26,18,16,23,36,35,9,25,23,25,17,6,1,39,18,28,25,15
1008,16,6,21,5,42,0,8,22,38,4,18,40,17,18,17,23,39,35,9,25,23,24,18,2,0,37,18,28,26,21
1009,16,13,18,4,40,39,8,11,38,12,16,41,6,11,19,23,8,35,9,25,23,24,19,6,12,35,18,21,28,22
1010,16,6,16,7,40,2,9,17,38,7,18,42,17,15,22,23,16,35,11,26,23,28,23,8,0,39,18,22,31,25
1011,16,5,16,7,40,3,9,22,38,0,18,42,16,16,22,23,15,35,11,26,23,27,23,7,0,39,18,25,31,27
1012,17,1,17,7,40,2,10,23,39,4,18,42,7,15,23,23,16,35,12,26,23,26,23,9,0,39,18,26,31,28
1013,17,7,17,8,40,2,10,21,39,4,18,40,3,15,23,23,19,35,12,26,23,26,24,12,0,39,18,20,31,28
1014,17,3,16,8,40,2,11,21,39,2,18,40,1,17,23,24,20,35,12,26,23,26,24,15,0,41,18,19,31,28
1015,17,2,16,8,40,1,12,21,39,2,18,40,0,17,23,23,20,35,13,26,23,26,24,15,1,41,17,20,31,29
1016,17,1,15,7,40,1,12,21,39,2,18,40,1,17,23,23,21,35,13,26,23,25,24,15,2,41,17,20,31,30
1017,17,1,16,8,39,0,12,21,39,2,18,40,5,17,23,23,18,35,12,26,23,25,24,16,2,40,17,20,32,29
1018,17,1,17,8,39,1,11,21,39,2,18,40,3,17,23,23,17,35,12,26,23,25,24,18,2,40,17,20,32,29
1019,17,3,17,7,38,2,10,19,39,2,18,40,1,16,22,23,16,35,12,26,23,24,24,16,11,41,17,18,33,30
1020,17,3,16,2,38,2,10,19,39,2,16,40,1,15,14,22,16,35,12,26,23,23,22,18,39,40,17,13,32,28
1021,17,2,16,1,38,1,9,16,38,0,15,38,5,13,11,21,13,35,13,26,23,22,20,24,63,40,15,8,32,25
1022,17,9,10,0,37,2,10,11,37,1,15,37,2,10,6,27,12,35,13,25,23,19,18,26,85,41,15,2,31,24
1023,16,7,7,0,37,8,10,8,37,4,14,37,2,7,4,37,7,35,13,26,23,16,16,32,100,39,12,6,17,23
1024,15,9,9,1,37,17,5,8,36,3,13,35,4,7,2,39,3,34,12,25,22,16,10,24,119,43,12,2,17,21
1025,15,13,8,27,36,10,9,12,36,36,13,34,16,6,5,39,14,31,12,25,22,16,4,10,56,35,12,25,17,6
1026,15,25,6,2,33,21,11,9,36,25,13,34,12,4,9,41,7,29,18,24,22,17,6,13,96,35,11,7,17,2
1027,15,34,3,1,33,32,9,9,37,21,14,33,5,2,5,40,1,30,24,25,22,15,4,9,107,38,10,3,16,3
1028,15,35,9,3,33,34,9,7,37,15,16,32,7,1,6,41,2,29,20,24,22,12,2,5,113,40,9,5,16,1
1029,15,11,5,16,32,10,6,13,36,8,16,32,10,9,5,41,29,29,21,24,22,7,5,37,65,29,10,27,16,14
1030,15,65,13,4,33,24,38,13,37,9,16,31,11,4,4,43,18,29,19,25,22,5,0,17,34,29,9,12,16,5
1031,15,46,15,3,32,16,39,17,36,13,16,31,25,2,2,42,19,29,16,26,22,5,1,9,55,35,8,5,17,3
1032,15,35,18,1,30,20,36,16,37,16,16,31,18,2,3,42,17,29,15,25,22,3,0,20,61,36,8,6,18,4
1033,15,22,17,6,29,18,22,12,38,17,16,31,14,6,3,40,10,29,15,25,22,5,4,34,54,35,9,27,18,7
1034,15,47,22,7,29,15,23,13,37,14,16,31,12,7,3,39,8,30,16,24,23,8,2,16,61,32,9,23,18,0
1035,15,44,25,9,29,14,22,15,37,11,17,31,7,5,0,39,4,30,19,24,23,7,2,21,75,31,10,14,14,6
1036,16,33,24,12,29,8,20,16,39,5,17,31,19,2,0,39,7,31,17,24,23,9,0,24,89,27,9,9,17,4
1037,15,34,16,6,29,16,20,8,39,27,13,32,12,8,17,39,7,31,19,26,23,8,7,20,50,29,9,11,16,13
1038,15,44,18,12,29,14,17,16,40,9,14,31,14,4,4,41,9,33,17,27,23,7,7,25,61,28,7,11,18,5
1039,15,39,18,7,28,15,18,15,40,12,14,31,11,1,4,41,8,34,17,28,24,7,5,28,69,26,7,13,20,5
1040,16,33,19,7,28,13,18,18,39,17,14,31,7,5,8,41,6,34,14,28,24,8,4,32,77,21,4,10,20,4
1041,17,30,17,9,28,23,20,17,37,18,13,31,15,8,9,40,10,34,8,28,25,8,5,35,52,15,5,15,22,6
1042,17,18,16,8,28,21,17,20,38,13,14,32,13,8,13,40,10,35,7,28,25,11,8,40,54,14,5,16,24,7
1043,17,15,18,7,28,25,19,19,38,13,14,32,14,5,12,40,11,35,4,28,25,12,9,46,56,12,6,13,25,2
1044,17,13,21,7,28,23,20,19,38,10,13,32,10,5,17,40,11,35,7,30,25,8,10,39,57,12,5,20,26,2
1045,17,15,10,7,28,22,20,20,38,8,14,32,14,9,18,42,10,35,9,31,25,9,10,39,43,13,4,19,26,13
1046,17,17,14,7,29,17,21,21,38,7,15,32,23,9,18,42,9,37,9,31,25,10,10,38,35,13,3,18,28,7
1047,17,17,10,7,29,10,24,18,38,6,17,32,30,9,17,42,17,37,8,31,25,12,9,31,37,14,3,18,29,6
1048,17,8,8,6,29,11,23,21,39,3,18,32,32,9,19,42,19,38,6,31,25,12,9,32,29,15,4,23,30,10
1049,17,29,7,6,30,3,21,12,39,9,19,32,27,13,20,40,27,40,6,30,25,15,13,31,21,16,5,8,29,10
1050,17,14,5,9,30,4,20,9,40,9,18,33,27,17,21,40,26,42,7,30,26,20,14,34,13,19,6,9,29,12
1051,17,9,2,11,29,5,18,11,41,5,18,33,33,14,21,41,24,42,7,30,26,22,16,33,12,20,7,7,29,17
1052,16,5,7,10,29,2,22,16,41,2,19,33,35,13,20,40,28,43,5,30,26,20,19,27,9,21,7,9,28,18
1053,17,22,5,8,29,14,24,5,40,13,21,32,21,13,20,40,31,40,2,30,27,21,20,15,5,23,7,4,27,24
1054,17,12,5,12,26,1,24,6,40,3,22,32,21,17,21,42,32,40,0,31,27,23,24,21,0,24,12,9,30,26
1055,17,8,3,13,26,1,26,4,40,2,23,34,20,19,19,42,35,40,0,32,27,24,26,19,1,26,12,6,31,24
1056,17,6,4,13,26,1,25,5,40,5,23,34,23,18,19,42,33,40,0,32,27,24,26,19,0,26,12,3,31,26
1057,17,8,2,5,24,18,20,3,40,3,22,34,11,18,19,40,28,40,1,33,27,24,27,10,14,29,12,11,31,29
1058,17,4,2,5,25,3,22,5,41,2,23,34,17,21,20,41,31,40,1,35,27,26,29,14,2,31,12,9,31,30
1059,17,4,1,5,25,1,22,5,41,1,24,35,18,20,20,41,30,40,1,35,27,26,29,13,2,31,12,12,32,30
1060,17,0,1,5,25,4,21,5,41,1,24,35,15,20,19,41,32,40,1,35,27,26,30,16,2,32,13,11,31,30
1061,17,17,58,2,26,4,22,1,40,14,24,35,10,14,19,40,27,40,1,35,27,1,30,11,2,34,13,3,32,1
1062,18,1,0,2,26,4,22,8,40,3,24,36,52,14,22,39,27,40,1,35,27,2,31,17,3,34,13,10,32,17
1063,18,1,0,2,26,4,22,9,40,1,24,36,51,15,22,39,27,40,1,35,27,2,31,19,3,34,13,9,32,17
1064,18,3,0,2,26,4,22,9,40,1,24,36,52,15,22,39,27,40,1,35,27,1,31,18,3,34,13,8,32,17
1065,18,3,20,3,26,5,22,9,40,2,24,36,40,15,22,39,27,40,2,35,27,2,31,19,4,34,13,8,32,2
1066,18,2,3,2,26,5,22,9,39,2,26,36,49,13,22,39,35,40,2,35,27,2,31,19,9,33,12,8,32,2
1067,18,4,1,0,26,6,21,8,39,2,26,36,46,12,22,38,34,40,2,34,27,1,31,19,19,34,12,8,32,2
1068,18,4,1,0,25,6,19,9,39,2,26,36,47,11,21,36,34,40,1,33,27,0,30,16,34,33,12,7,32,1
1069,17,5,4,4,25,9,17,6,39,2,25,35,45,7,17,36,21,38,3,32,27,6,29,14,52,32,12,6,31,4
1070,17,6,1,1,24,13,18,3,39,1,25,34,47,4,16,36,22,38,4,32,27,0,26,16,77,31,11,1,30,0
1071,16,4,0,1,24,18,16,0,39,2,24,31,44,2,15,35,21,37,5,31,27,2,27,11,92,31,10,6,29,0
1072,16,5,2,1,25,26,13,3,38,2,22,30,48,1,15,35,19,36,4,31,27,1,24,8,97,31,9,0,29,2
1073,16,19,7,14,24,26,4,10,37,19,17,29,6,8,4,32,7,35,7,31,27,12,18,14,50,33,9,36,29,20
1074,16,26,3,1,23,36,6,8,35,15,17,29,15,2,5,33,6,36,9,31,27,8,16,15,100,34,7,9,29,3
1075,16,38,3,0,24,43,3,8,35,13,15,29,17,0,5,32,1,36,8,31,27,9,15,7,111,34,7,3,29,1
1076,16,36,6,4,24,45,1,5,36,9,14,29,15,0,4,32,1,37,10,28,27,6,13,12,112,32,7,7,27,5
1077,16,21,9,6,24,18,12,13,36,16,12,29,12,16,4,25,30,37,7,28,27,7,6,42,56,26,8,21,26,10
1078,16,55,13,2,24,40,5,16,35,21,13,28,16,8,4,25,6,36,8,28,27,6,7,15,70,26,8,13,26,3
1079,15,67,14,1,25,43,2,16,36,19,13,28,11,10,3,25,2,36,10,27,27,6,7,14,75,28,7,8,24,1
1080,15,64,10,3,27,36,2,22,37,19,12,28,17,11,0,25,6,35,8,27,27,6,6,15,74,28,7,8,24,1
1081,15,36,8,10,26,41,5,26,36,15,12,28,18,9,8,25,8,35,5,27,27,5,5,22,55,28,6,21,26,12
1082,15,55,8,1,25,37,3,28,35,13,11,29,23,14,3,25,2,36,2,27,28,5,2,16,71,31,6,14,25,10
1083,15,44,9,2,25,41,1,28,35,6,11,29,16,10,4,27,7,36,3,26,28,9,6,22,77,31,6,17,25,4
1084,15,60,8,1,26,40,4,25,35,5,11,30,7,11,5,27,2,36,1,26,28,10,5,23,76,30,7,14,26,6
1085,15,41,6,8,20,27,6,13,36,37,9,30,26,5,2,27,6,35,8,26,28,9,4,35,56,32,7,15,25,6
1086,15,49,5,6,23,42,4,20,36,6,12,31,14,11,4,27,2,35,2,26,28,13,3,37,61,32,7,18,23,8
1087,15,46,7,5,23,46,4,16,36,5,11,32,9,9,4,25,2,36,0,28,28,10,6,41,65,33,7,21,23,7
1088,16,41,8,8,23,39,4,16,35,8,10,32,16,5,0,25,4,35,2,29,28,11,7,43,70,32,6,17,24,6
1089,16,38,5,7,15,33,7,10,34,19,12,32,15,6,8,26,17,34,10,28,28,11,9,39,59,31,6,14,25,6
1090,16,36,7,7,17,32,12,6,35,7,14,33,11,12,7,26,10,34,1,28,28,15,10,39,64,31,6,19,28,9
1091,16,26,9,6,16,33,9,11,37,5,18,33,18,10,8,25,9,34,2,29,28,18,9,40,63,30,6,18,27,7
1092,17,24,13,6,16,32,10,15,38,4,18,34,17,9,4,24,8,35,2,30,28,15,10,39,62,31,6,22,28,3
1093,17,26,12,5,16,26,10,12,40,16,15,34,12,13,5,24,8,34,5,32,28,18,9,41,46,31,6,21,28,10
1094,17,26,15,6,18,24,14,10,40,12,15,35,16,15,7,23,7,34,5,32,28,20,10,30,46,31,6,24,27,7
1095,17,24,15,8,20,26,17,12,40,3,13,35,18,17,9,24,4,34,5,32,28,22,10,27,52,31,6,18,26,7
1096,18,25,12,7,20,20,16,7,41,3,14,35,22,19,10,24,3,35,6,32,28,25,11,29,50,31,6,12,26,13
1097,18,28,12,3,20,16,12,4,40,12,14,36,15,17,12,24,8,35,9,32,28,23,11,26,45,35,7,14,30,14
1098,18,19,15,0,19,11,11,2,40,4,14,36,28,24,13,24,7,36,8,31,28,27,12,27,41,33,9,18,29,16
1099,18,19,9,2,19,9,11,6,40,9,15,36,28,22,12,26,12,35,6,31,28,32,12,24,34,34,11,15,29,16
1100,19,18,6,2,19,6,7,8,40,11,15,36,31,24,14,27,16,36,6,33,28,34,12,19,32,34,11,12,28,16
1101,18,10,10,3,20,1,3,15,40,5,15,38,39,25,15,27,17,37,5,34,28,35,15,17,25,33,11,13,29,17
1102,20,9,8,4,20,3,6,20,38,2,15,38,36,27,12,28,19,37,5,33,28,34,15,12,21,36,12,17,29,16
1103,20,13,6,4,22,1,10,16,38,4,13,39,47,30,14,28,23,37,2,33,28,33,15,7,14,39,12,5,29,18
1104,20,10,3,5,22,5,15,18,39,4,13,39,51,29,14,28,23,38,0,33,28,32,15,6,6,36,13,5,28,22
1105,21,9,8,3,22,21,16,13,39,9,13,37,15,25,18,29,21,38,1,36,28,36,19,8,7,36,13,5,28,26
1106,21,7,9,4,22,1,17,17,39,3,14,56,19,28,19,29,2,38,2,37,28,35,19,13,0,39,15,7,30,30
1107,21,3,4,5,22,1,18,18,39,1,14,62,6,25,20,31,6,38,2,37,28,34,19,14,0,39,15,11,30,37
1108,21,4,2,6,22,1,19,17,39,1,15,67,2,24,21,31,1,38,2,36,28,35,20,11,0,40,15,12,30,40
1109,21,15,3,5,22,14,17,4,39,14,16,41,24,26,21,31,4,39,5,36,28,25,20,3,4,36,16,2,30,39
1110,21,8,3,9,22,7,16,12,41,5,16,42,5,26,22,31,7,40,6,36,28,27,20,7,4,36,17,12,32,42
1111,21,7,3,9,22,7,16,12,41,6,16,42,0,28,22,31,11,40,6,36,28,27,20,7,4,36,17,11,32,42
1112,21,5,2,9,22,6,16,12,41,6,15,42,0,28,22,31,11,40,6,36,28,28,20,9,4,36,17,13,32,42
1113,21,2,2,9,22,3,17,12,40,6,15,40,16,28,22,31,6,40,6,36,28,28,20,8,4,36,17,13,32,40
1114,21,2,1,9,22,3,17,13,40,6,15,41,2,29,22,31,6,40,6,36,28,27,20,9,8,37,17,20,33,39
1115,21,1,1,8,22,4,15,14,41,3,14,40,2,28,19,30,4,40,6,36,28,27,19,14,18,37,17,19,33,39
1116,21,1,1,6,22,4,14,12,41,1,13,41,3,25,19,28,4,38,6,36,28,27,17,13,39,35,17,18,32,38
1117,21,11,1,2,21,1,13,6,40,1,13,40,8,20,18,27,1,38,6,36,28,30,16,14,65,35,17,5,32,34
1118,20,1,1,0,20,4,13,2,40,1,11,40,9,19,18,27,3,36,7,36,28,28,15,19,83,34,17,4,32,32
1119,20,8,1,0,20,4,12,1,38,0,11,40,12,18,18,27,1,36,8,35,28,27,14,16,92,33,17,1,32,30
1120,20,10,2,0,21,2,5,2,38,2,12,40,7,17,15,30,3,37,8,34,28,27,11,16,101,32,17,2,33,28
1121,20,13,11,18,22,7,4,20,38,17,12,40,10,4,4,31,12,36,7,33,28,25,5,13,55,30,16,23,33,13
1122,20,15,11,2,22,10,5,8,35,14,11,40,21,3,6,31,3,35,7,33,28,22,5,28,94,32,14,5,32,8
1123,20,21,14,2,22,16,2,11,36,9,13,40,25,0,5,32,2,36,6,32,28,20,4,18,104,32,16,3,28,3
1124,20,25,13,3,22,20,0,9,36,6,13,40,24,0,6,32,1,34,8,30,28,19,3,7,118,31,15,4,28,5
1125,20,16,8,7,22,13,13,7,36,9,12,39,10,12,6,33,25,34,7,30,28,19,8,23,52,32,15,22,28,14
1126,20,32,12,7,21,21,12,5,37,15,12,39,16,8,4,33,3,34,5,30,28,23,7,21,61,33,14,11,29,7
1127,20,36,15,4,21,29,10,2,37,19,13,39,19,8,8,34,0,34,3,30,28,20,5,16,66,33,13,5,30,3
1128,20,34,18,6,21,33,8,6,37,16,15,39,10,9,9,35,2,34,2,30,28,20,3,15,69,31,13,7,29,1
1129,19,24,12,6,21,33,6,13,37,13,14,39,9,8,10,35,14,34,3,30,28,16,6,19,51,32,14,12,30,12
1130,18,21,21,8,21,43,4,7,37,7,15,39,8,7,15,35,6,34,3,30,28,14,6,22,58,31,14,14,29,5
1131,18,16,21,9,22,43,1,3,38,9,12,39,14,9,13,36,6,33,0,30,28,13,4,26,70,29,15,9,29,5
1132,17,19,16,6,22,35,1,1,39,6,15,39,17,9,12,36,8,32,3,28,28,16,3,25,76,32,15,10,31,3
1133,17,17,12,6,22,37,15,12,38,8,10,39,21,7,11,35,7,32,7,29,28,15,8,22,48,30,15,10,33,9
1134,17,12,10,5,21,38,3,9,40,9,11,41,21,7,10,36,7,32,5,29,28,18,4,33,58,28,16,11,35,6
1135,17,14,9,3,21,36,9,7,40,9,13,41,23,10,13,37,8,34,5,29,28,17,4,27,52,28,16,8,38,4
1136,17,12,3,2,21,43,7,7,41,7,10,41,20,10,15,37,6,34,6,29,28,17,5,31,56,26,16,10,39,4
1137,17,20,11,6,21,37,4,10,40,14,10,40,19,6,9,36,6,34,10,29,28,15,4,26,54,26,16,6,40,6
1138,17,20,12,2,21,32,5,10,40,2,12,40,23,9,11,35,3,34,13,27,28,14,3,25,56,28,17,11,39,11
1139,17,20,9,0,22,33,9,9,39,8,11,40,23,11,11,35,2,34,13,27,28,15,0,30,50,28,17,7,39,13
1140,17,17,9,5,20,34,11,12,39,4,10,40,22,12,12,34,7,34,13,28,28,17,1,28,47,26,17,7,40,9
1141,18,12,11,1,21,37,15,4,40,18,5,41,20,3,15,33,8,34,13,27,28,14,10,27,44,26,18,7,42,8
1142,19,6,8,2,21,34,14,5,41,6,8,42,23,9,22,32,3,34,11,27,28,20,3,26,42,26,19,12,42,15
1143,19,11,4,1,21,34,15,3,40,4,10,42,20,9,25,33,7,33,12,28,28,21,4,32,38,26,19,2,40,19
1144,19,7,2,0,21,36,15,9,40,4,10,43,29,8,27,32,12,32,7,28,28,24,4,22,36,26,19,5,40,15
1145,19,39,10,10,21,31,7,7,41,8,9,40,18,6,15,34,15,34,4,28,28,27,2,3,29,25,19,24,41,6
1146,19,21,5,8,21,29,10,3,41,11,11,40,24,7,13,34,18,37,6,26,28,26,4,14,26,26,19,20,43,10
1147,19,25,3,8,22,24,4,6,43,5,12,40,30,10,8,35,19,37,6,26,28,28,4,12,25,26,20,19,43,13
1148,19,12,1,10,22,22,8,6,43,3,15,40,37,7,8,37,24,37,6,27,28,29,5,7,22,24,20,27,43,11
1149,19,10,17,11,23,11,8,5,41,4,14,42,34,8,8,38,24,39,7,26,27,25,7,16,19,24,20,26,41,6
1150,19,10,9,9,23,12,5,3,41,5,15,44,33,9,11,39,22,40,6,26,27,28,9,9,18,27,20,27,41,13
1151,19,10,4,8,23,3,8,2,42,3,16,44,33,10,11,39,21,42,6,28,28,32,12,12,7,26,20,31,43,17
1152,19,12,5,7,23,1,8,4,42,2,14,44,32,10,11,40,22,43,5,28,28,33,14,15,0,27,20,31,43,17
1153,19,11,4,4,22,9,9,7,40,8,14,40,18,10,11,40,24,40,7,28,28,33,13,20,5,31,20,27,40,18
1154,20,3,3,5,22,2,9,10,40,4,16,41,15,11,9,40,25,41,6,30,28,36,13,25,2,31,20,32,41,20
1155,20,4,3,5,22,1,7,16,40,0,16,41,3,12,8,40,25,41,5,30,28,37,15,24,2,34,20,39,42,20
1156,20,2,3,5,22,1,7,17,40,1,16,41,5,12,8,40,23,41,5,31,28,35,14,27,2,34,19,39,42,20
1157,20,12,1,4,22,2,7,17,40,6,16,41,7,12,9,39,21,40,4,31,28,37,14,26,2,35,19,27,40,21
1158,20,5,1,4,22,1,7,18,41,5,16,41,5,14,9,39,20,40,4,31,28,37,15,32,2,35,19,28,40,21
1159,20,5,0,4,22,0,7,19,41,4,17,41,0,14,9,39,20,40,4,31,28,36,15,33,4,35,19,31,40,22
1160,20,4,0,4,22,0,7,17,41,4,17,41,1,14,9,39,20,40,4,31,28,36,16,34,5,35,19,30,40,22
1161,20,1,3,5,22,2,7,17,40,4,17,40,11,14,8,39,11,40,4,31,28,36,16,34,5,35,19,30,40,21
1162,20,3,3,3,22,2,7,17,40,5,17,40,0,13,8,39,11,40,4,31,28,37,15,34,11,34,19,35,40,22
1163,20,0,2,4,22,3,6,16,40,5,17,40,0,12,8,38,9,40,4,31,28,37,14,32,19,34,19,36,40,24
1164,20,3,1,3,23,3,4,15,40,4,17,39,1,8,9,38,4,40,3,31,28,36,14,33,33,34,19,35,38,24
1165,20,7,2,2,23,2,5,12,40,4,17,39,16,6,9,38,3,40,3,31,28,35,13,19,49,32,19,27,37,22
1166,20,3,1,2,22,2,7,9,41,5,17,39,2,3,9,37,4,39,3,31,28,35,14,27,62,30,19,33,38,18
1167,21,5,0,1,22,2,7,6,40,4,17,38,1,1,5,36,3,37,4,31,28,37,13,31,79,29,18,30,38,16
1168,21,12,0,0,21,6,5,3,40,3,16,38,6,0,3,36,2,36,7,31,28,35,10,26,90,30,18,26,38,13
1169,21,14,11,11,22,10,4,9,41,4,15,37,9,15,4,36,7,34,7,31,28,33,9,25,53,29,18,18,37,8
1170,21,23,9,4,21,17,5,12,40,5,15,37,11,5,5,35,4,34,6,31,28,31,4,31,70,29,18,5,38,6
1171,21,25,15,5,21,21,2,13,40,4,12,37,16,0,1,35,0,33,8,30,28,31,4,20,84,26,18,5,38,7
1172,21,28,19,4,21,26,2,13,39,2,10,36,14,3,1,35,1,33,8,30,28,31,3,15,90,25,18,7,37,0
1173,21,28,13,5,21,23,9,7,39,16,10,36,10,12,6,36,14,33,8,28,28,29,5,7,48,26,18,13,37,14
1174,21,44,15,5,20,37,4,6,40,8,11,42,7,8,3,36,4,33,6,26,28,29,5,12,63,25,18,3,37,4
1175,21,46,17,3,21,38,3,7,40,10,11,42,4,8,1,35,4,33,5,26,28,27,5,8,70,25,17,4,37,4
1176,22,40,18,3,22,35,5,6,39,6,11,50,9,11,0,35,4,33,8,26,28,25,4,5,72,26,17,3,37,0
1177,22,18,9,4,22,5,5,7,39,5,11,47,32,5,6,34,18,33,9,26,28,4,4,31,52,3,16,62,37,6
1178,23,39,12,3,22,20,11,11,39,7,12,88,15,4,3,34,6,32,10,27,28,9,4,22,55,0,16,10,36,2
1179,23,30,11,3,21,22,8,16,38,5,12,89,20,3,1,34,4,32,9,28,28,7,1,24,65,1,16,7,36,6
1180,23,17,7,2,19,25,7,21,38,8,11,98,15,4,5,34,4,31,9,27,28,6,0,30,71,0,16,5,36,3
1181,23,15,14,10,19,14,10,18,37,11,12,42,17,7,7,33,14,32,11,26,28,10,10,29,52,11,16,18,37,17
1182,23,18,16,5,19,15,9,21,37,12,12,48,25,6,7,34,7,31,12,26,28,8,4,29,65,7,16,11,38,11
1183,23,14,16,7,19,21,5,17,37,16,11,55,25,7,8,35,6,31,10,26,28,9,5,36,61,0,16,8,39,9
1184,23,11,15,9,19,15,5,18,38,17,10,56,24,4,8,34,9,31,12,26,28,10,4,38,61,1,17,11,38,8
1185,23,26,19,10,19,8,8,11,38,14,10,42,18,7,9,33,7,30,16,25,27,9,5,40,51,12,17,11,39,16
1186,23,32,24,6,19,8,8,19,38,15,10,46,18,4,10,33,4,29,16,26,27,9,1,30,51,10,16,19,39,10
1187,23,26,25,7,18,3,13,16,38,20,11,46,13,3,13,33,1,29,14,26,27,7,1,35,54,10,16,15,43,14
1188,23,28,26,9,18,5,10,17,38,23,8,46,8,7,11,33,1,29,14,27,27,8,0,42,48,11,15,11,45,12
1189,23,17,25,9,19,31,8,11,38,26,9,40,7,8,12,34,18,29,13,27,27,4,7,22,45,12,15,18,40,6
1190,23,23,28,9,20,2,6,11,38,26,9,40,23,8,12,34,9,31,13,26,27,4,4,33,45,12,15,18,42,9
1191,23,14,24,7,22,7,7,9,39,25,11,40,14,9,13,35,17,32,12,25,27,4,2,28,45,12,15,25,42,15
1192,23,6,19,11,22,4,5,12,40,22,12,42,15,9,12,35,16,34,14,25,27,8,2,26,38,12,15,31,42,21
1193,23,14,22,14,23,16,6,10,42,22,13,40,9,9,10,35,8,35,15,27,27,2,3,21,30,13,15,30,41,25
1194,23,12,16,14,23,1,6,16,43,21,14,40,23,9,10,35,7,35,14,27,27,5,0,18,25,15,15,32,43,31
1195,23,6,15,15,23,6,3,19,43,21,14,41,31,6,11,36,8,35,13,28,27,5,0,12,18,18,15,33,42,33
1196,23,6,17,14,23,1,5,19,42,21,16,41,30,7,14,36,9,36,13,29,27,4,1,16,10,18,15,34,41,32
1197,23,24,15,14,23,27,5,18,41,19,17,41,10,6,17,37,9,37,13,30,27,5,3,5,9,19,15,23,43,25
1198,24,9,15,14,23,2,8,19,42,19,17,42,17,8,17,39,12,38,15,30,27,9,5,10,2,20,15,30,43,29
1199,24,6,14,16,23,1,10,19,43,15,17,42,15,9,18,40,12,40,16,30,27,12,5,3,0,22,15,32,43,31
1200,24,1,11,15,23,4,11,17,44,12,19,42,12,11,19,40,11,40,15,31,28,12,6,4,0,22,15,34,43,34
1201,24,10,12,3,23,13,10,19,40,4,18,40,5,6,19,42,7,40,15,31,28,11,6,5,21,25,15,34,40,34
1202,25,4,14,2,23,3,11,22,41,4,18,40,12,7,21,42,11,41,15,32,28,13,7,10,2,25,15,37,43,32
1203,25,1,13,3,23,2,13,22,41,1,18,40,6,8,22,42,13,41,15,32,28,13,7,13,2,26,15,39,43,33
1204,25,0,14,3,23,0,13,23,40,0,18,40,2,8,22,43,15,41,17,32,28,13,7,13,2,27,15,40,43,33
1205,25,10,14,3,23,2,13,21,40,3,19,40,3,7,22,40,15,40,17,32,28,13,7,14,2,28,15,31,40,33
1206,25,2,14,4,23,2,13,21,40,2,19,40,3,7,22,39,15,40,17,32,28,13,7,14,3,28,15,39,40,33
1207,25,2,13,4,23,2,14,21,40,2,19,40,3,7,23,39,14,40,17,32,28,13,7,14,3,28,15,38,40,34
1208,25,1,13,5,23,2,14,21,40,1,19,39,3,7,23,39,13,40,17,32,28,13,7,14,4,28,15,40,40,34
1209,25,1,13,5,23,2,14,22,40,1,19,39,2,7,23,39,13,40,17,32,28,13,7,14,4,28,15,40,40,34
1210,25,1,13,3,23,2,14,24,40,1,19,39,0,7,23,39,13,40,17,32,28,13,6,14,8,28,15,40,39,34
1211,25,3,11,1,21,2,14,20,40,1,19,39,1,5,22,37,14,40,17,32,28,13,6,15,24,28,14,37,38,33
1212,25,2,8,0,20,2,10,21,40,1,18,39,4,1,17,37,11,38,15,31,28,13,4,14,61,28,13,32,36,31
1213,25,4,9,6,17,9,9,15,40,9,17,38,6,5,11,36,5,37,15,30,28,12,3,20,60,27,13,32,34,28
1214,25,4,11,1,16,10,7,15,40,1,16,37,5,0,6,34,7,36,18,30,28,11,1,27,91,27,11,30,29,26
1215,24,8,11,1,16,16,5,12,39,4,16,36,6,2,2,33,6,36,20,29,28,10,1,25,110,26,9,21,26,22
1216,24,12,9,0,16,21,2,7,37,11,15,36,5,2,1,32,7,36,18,28,29,12,0,22,121,23,9,18,25,22
1217,24,21,9,25,14,26,9,6,37,16,10,35,22,10,7,32,11,34,16,27,29,11,8,17,60,21,8,11,25,19
1218,24,20,6,3,14,40,3,14,37,25,8,35,22,5,9,31,4,34,21,28,29,11,2,14,87,17,7,12,22,16
1219,24,23,8,1,12,50,4,11,38,31,7,35,21,2,9,29,4,34,25,28,29,9,0,14,91,17,6,7,22,9
1220,24,24,10,1,13,55,3,9,40,28,6,35,13,1,9,29,3,34,26,28,29,10,0,11,90,17,7,16,21,8
1221,24,25,11,17,12,31,5,9,39,14,5,35,17,11,5,28,25,34,25,28,29,8,14,30,57,15,7,11,19,10
1222,24,19,14,7,12,38,8,7,40,20,8,35,21,3,0,28,10,34,25,28,29,7,2,21,86,15,7,17,17,18
1223,24,25,15,3,11,40,12,6,39,24,8,36,23,3,0,28,9,33,28,27,29,9,2,14,87,14,7,11,18,15
1224,24,23,17,2,11,42,14,6,39,16,8,36,12,4,2,27,14,34,23,26,29,7,0,16,98,14,7,15,19,15
1225,24,27,21,9,11,33,7,14,39,17,8,36,12,6,9,25,12,34,25,26,29,9,7,44,52,11,7,7,19,20
1226,24,29,23,8,10,41,8,18,39,10,9,36,17,7,9,25,13,35,27,26,29,7,5,16,64,9,6,13,20,17
1227,24,36,22,6,10,46,9,11,38,15,9,36,14,2,7,24,10,36,29,26,29,9,4,16,65,8,8,13,19,19
1228,24,29,20,8,9,44,9,8,38,30,9,36,16,3,2,25,8,36,32,26,29,10,4,14,67,7,9,14,18,16
1229,24,33,18,8,9,49,10,10,37,26,10,35,16,4,3,26,5,37,33,26,29,9,3,24,53,8,9,11,17,18
1230,24,26,19,8,8,50,6,17,39,14,8,35,13,6,2,26,6,37,35,25,29,10,5,29,50,9,10,18,20,16
1231,24,20,19,3,8,41,7,16,38,15,9,36,15,6,2,26,9,36,34,23,30,12,3,31,65,9,10,18,19,16
1232,24,29,17,3,8,32,7,15,38,10,9,36,19,2,3,26,11,34,32,24,30,11,5,24,74,11,11,17,19,19
1233,24,15,17,8,9,24,9,15,37,14,10,37,23,11,5,26,11,35,34,23,29,13,6,35,56,10,12,17,18,17
1234,25,19,14,7,9,23,8,21,39,6,14,38,17,8,7,25,8,35,35,23,29,15,5,37,59,11,13,13,19,18
1235,25,10,15,8,9,16,11,25,39,5,13,38,22,5,7,24,7,34,35,23,29,20,5,43,62,11,14,10,19,16
1236,25,11,18,10,9,14,7,19,41,4,14,37,16,7,5,24,7,34,36,23,29,22,6,46,61,8,13,18,21,15
1237,25,21,18,9,9,11,12,13,41,16,14,37,18,11,6,23,12,34,35,24,29,25,7,39,47,7,13,13,20,11
1238,25,14,19,10,10,11,11,16,43,8,15,37,25,14,8,23,15,35,36,25,29,24,7,30,44,7,12,13,22,12
1239,25,12,21,13,11,9,10,22,43,6,16,37,25,12,11,23,12,36,36,24,29,22,5,26,43,8,11,13,23,16
1240,25,7,28,12,11,4,8,20,44,4,17,37,29,15,12,23,14,37,34,24,29,25,6,22,37,9,11,18,23,15
1241,25,25,17,14,13,17,8,8,40,13,19,37,18,17,13,23,16,38,32,24,29,30,6,12,31,10,13,7,22,23
1242,26,7,14,15,13,2,9,13,40,8,18,37,18,19,14,24,23,40,31,24,29,32,9,11,32,14,14,15,24,25
1243,26,4,14,16,14,5,3,16,41,4,17,40,16,19,14,26,24,40,28,24,29,33,8,13,28,15,14,17,24,28
1244,26,9,11,18,15,1,4,19,41,5,19,40,16,19,12,26,22,40,30,24,29,35,7,16,21,16,15,10,24,30
1245,26,23,13,19,15,18,6,6,41,13,18,40,9,18,13,26,6,41,31,25,29,37,8,6,15,15,15,12,25,31
1246,27,9,17,28,17,0,6,8,41,6,20,41,10,17,16,26,8,43,31,28,29,37,15,10,12,17,15,7,25,34
1247,28,4,16,28,16,3,5,5,42,7,21,42,3,19,19,27,10,43,31,29,29,37,18,9,1,21,16,10,25,36
1248,28,2,14,29,16,2,6,6,42,6,21,42,8,18,20,27,11,43,32,29,28,36,18,7,0,21,16,7,25,40
1249,29,31,14,21,16,11,3,2,41,1,22,40,12,18,19,27,3,40,30,30,28,30,19,5,9,11,16,6,25,41
1250,29,10,16,22,16,2,4,6,41,1,22,40,13,20,19,27,5,40,32,29,28,34,19,11,1,17,16,11,28,41
1251,29,5,15,24,16,1,5,6,41,1,22,46,11,20,18,27,11,40,33,29,28,29,18,15,1,17,16,8,29,39
1252,29,0,15,25,16,1,4,7,41,0,22,56,4,20,18,28,10,40,33,29,28,30,18,14,1,17,16,10,29,39
1253,29,12,13,20,16,3,4,4,40,14,22,44,3,20,14,28,11,40,33,29,28,32,18,13,3,17,16,4,29,41
1254,29,3,13,21,16,3,5,7,40,4,23,44,5,21,14,28,11,40,33,29,28,32,18,13,3,18,16,11,29,43
1255,29,2,13,21,16,3,6,7,40,4,23,44,4,21,14,28,11,40,33,29,28,33,18,15,3,17,16,10,29,43
1256,29,3,14,21,16,2,6,9,40,2,23,44,4,21,14,28,11,40,33,29,28,33,18,14,3,17,16,10,29,43
1257,29,5,14,21,16,5,6,8,40,3,23,41,4,21,14,28,11,40,33,29,28,32,18,15,4,17,16,10,29,40
1258,29,5,14,22,16,5,6,8,40,3,23,41,3,21,14,28,12,40,33,29,28,32,18,14,4,17,16,10,29,40
1259,29,5,13,21,16,5,6,8,40,3,23,41,0,20,14,28,12,39,33,29,28,31,13,13,18,18,16,9,29,40
1260,29,4,11,19,16,5,5,5,40,1,23,42,1,15,14,27,9,38,33,28,28,31,12,18,42,16,15,4,30,39
1261,29,6,8,13,15,3,2,4,40,3,22,40,9,13,13,26,8,36,35,27,27,31,12,18,64,12,15,3,29,37
1262,29,4,7,9,13,4,0,3,40,2,19,40,8,12,11,25,4,34,38,27,27,31,11,17,96,13,15,1,27,33
1263,28,6,3,3,13,11,0,2,40,3,16,40,8,7,9,23,2,31,41,26,27,31,11,15,115,13,15,3,25,33
1264,27,6,1,2,13,17,0,1,40,1,14,40,10,4,7,22,1,31,42,26,27,30,10,10,130,13,14,3,24,34
1265,26,23,7,18,12,9,16,18,39,17,10,40,12,7,7,22,17,31,49,26,27,28,6,13,48,5,13,23,24,7
1266,24,38,9,7,12,30,7,9,36,16,10,40,10,4,7,23,3,30,70,21,27,29,4,10,79,4,13,3,21,4
1267,24,28,5,3,11,39,3,11,36,20,10,40,5,2,9,23,5,28,76,21,27,28,2,7,91,4,13,6,20,3
1268,24,25,8,0,10,41,1,8,35,15,9,40,6,2,2,21,5,29,82,21,27,27,2,15,104,2,12,7,18,2
1269,24,31,12,15,9,17,7,13,36,10,7,40,31,8,7,18,14,29,42,20,27,7,10,44,48,7,12,21,15,19
1270,24,55,14,6,9,33,4,8,36,16,6,40,15,10,8,19,5,30,57,20,27,8,8,18,65,9,12,12,15,11
1271,24,49,11,5,9,31,5,12,36,18,8,40,14,9,8,18,4,30,61,20,27,7,9,11,71,9,13,14,16,11
1272,24,65,11,4,9,32,3,8,36,13,7,40,12,11,7,17,0,29,56,20,27,7,7,9,74,10,12,20,16,14
1273,24,44,13,7,9,20,9,17,36,10,5,40,20,14,8,16,12,29,42,20,27,6,5,50,55,9,13,13,16,11
1274,24,59,21,8,8,18,8,14,36,14,7,40,21,13,9,17,12,28,39,20,27,4,4,28,67,11,13,8,16,6
1275,24,45,16,9,8,26,9,7,36,15,3,40,26,13,7,17,9,29,39,21,27,7,6,36,67,9,11,15,15,8
1276,24,45,7,8,7,22,9,5,37,13,3,40,31,15,6,17,3,29,40,21,27,9,5,43,72,10,11,21,13,7
1277,24,24,8,7,7,27,11,9,36,17,4,40,10,19,3,15,36,29,39,23,27,10,4,51,53,10,10,27,13,7
1278,25,24,11,4,8,22,12,7,35,14,5,40,39,22,2,15,11,29,31,24,27,7,0,55,67,8,9,26,12,9
1279,25,16,6,7,7,20,15,11,35,13,6,40,45,19,4,16,13,28,31,26,27,4,2,62,61,5,9,24,12,11
1280,25,12,4,5,6,6,13,10,36,10,5,40,54,19,3,16,14,28,26,26,27,5,1,68,62,5,9,37,12,16
1281,25,48,14,5,6,21,13,6,35,10,6,40,54,19,7,16,17,28,16,25,27,10,4,52,46,8,9,8,13,12
1282,26,13,11,1,4,16,21,8,34,9,8,40,56,19,5,16,20,28,11,25,27,11,7,80,46,9,7,14,16,12
1283,26,13,10,2,4,14,22,10,35,3,8,39,59,19,5,15,21,27,4,25,27,10,11,75,54,8,8,15,20,11
1284,26,8,16,3,4,13,21,7,33,5,7,39,62,19,5,14,21,27,1,25,27,10,12,73,58,12,8,17,20,7
1285,26,27,15,8,7,13,20,12,31,13,11,39,44,20,8,14,23,28,13,25,27,10,12,45,40,15,10,15,18,11
1286,27,9,13,9,7,11,20,18,31,8,14,39,52,20,11,15,30,29,7,25,27,9,14,43,38,18,10,16,20,10
1287,27,16,15,6,7,10,21,17,31,7,15,39,52,24,10,15,28,29,6,27,27,7,15,43,35,17,10,10,21,13
1288,27,9,13,1,8,9,26,18,31,6,13,39,57,28,10,15,29,28,3,28,27,9,16,39,31,17,10,15,21,17
1289,28,12,12,7,9,8,23,15,31,7,14,39,52,31,8,16,26,29,3,28,27,10,15,43,24,18,10,11,23,21
1290,28,7,4,6,9,3,24,18,32,5,14,39,51,33,10,16,29,30,1,31,26,13,15,38,20,21,10,19,20,28
1291,28,8,0,10,10,4,19,22,32,2,15,39,50,30,10,17,29,33,0,29,26,15,17,35,17,21,9,23,20,30
1292,29,7,2,10,10,1,19,23,32,3,17,39,52,27,9,17,32,34,1,29,26,12,17,33,9,20,9,32,19,30
1293,29,5,7,10,6,11,17,23,32,1,17,39,46,28,13,17,30,35,2,29,26,15,17,36,6,19,9,30,21,24
1294,29,6,6,11,6,1,14,21,32,2,18,41,49,29,13,18,29,36,0,29,26,21,19,40,2,19,11,30,21,21
1295,30,4,2,13,6,2,14,22,30,3,18,43,45,26,14,20,30,38,0,30,26,21,21,31,1,19,10,31,22,28
1296,30,2,0,13,6,1,14,26,30,2,18,43,38,25,15,21,31,38,0,30,26,21,23,25,0,20,10,37,22,33
1297,31,7,4,1,5,12,13,25,30,3,18,41,21,23,15,21,31,39,2,31,26,21,23,26,14,20,10,31,22,34
1298,31,9,2,3,5,1,14,27,30,1,19,42,12,25,16,21,37,39,2,33,26,23,26,25,0,20,10,36,25,40
1299,31,8,3,5,5,0,15,25,30,1,19,42,5,24,16,21,38,39,2,33,26,22,26,29,1,20,10,38,25,41
1300,32,4,2,5,6,0,15,24,30,2,19,42,5,24,17,21,38,39,2,33,26,23,26,29,0,20,10,40,25,41
1301,33,5,1,5,6,4,16,16,30,8,19,40,5,25,17,21,35,39,2,34,26,23,26,28,2,20,10,38,25,41
1302,33,5,1,5,7,2,16,19,30,2,19,40,2,25,16,21,36,39,2,35,26,26,26,31,0,21,10,39,25,41
1303,33,3,1,5,7,2,16,19,30,2,19,40,0,25,17,21,36,39,2,35,26,26,26,33,0,22,10,39,25,41
1304,33,3,1,5,7,2,16,19,30,2,19,40,0,25,17,20,36,39,2,35,26,26,28,33,1,22,10,37,25,41
1305,33,1,1,2,7,1,17,19,30,2,19,40,6,26,17,20,33,39,2,35,26,26,28,33,4,22,10,37,24,40
1306,33,2,1,2,7,2,15,19,30,5,19,40,0,26,17,20,34,39,2,35,26,24,28,35,3,22,10,38,24,42
1307,33,2,1,2,7,2,15,19,30,3,18,39,0,26,17,19,34,39,2,35,26,24,25,33,16,22,10,36,23,42
1308,32,1,1,0,7,4,15,19,29,1,18,39,1,25,17,19,33,38,2,35,26,24,24,32,35,21,10,32,23,37
1309,32,8,2,4,7,1,10,20,29,0,17,39,12,21,12,19,25,34,2,31,26,25,23,35,61,18,9,21,23,34
1310,32,6,1,0,6,3,8,18,29,3,17,38,5,19,10,29,23,34,3,31,26,24,22,33,84,17,8,20,20,31
1311,31,11,1,3,6,10,7,17,29,6,16,38,1,14,7,30,16,34,4,31,26,21,19,34,102,17,8,15,20,26
1312,30,17,2,1,6,18,4,19,29,5,14,38,4,10,6,30,11,32,6,30,26,20,14,27,124,17,8,10,20,22
1313,30,22,14,21,9,19,9,16,28,16,9,37,25,10,9,29,11,31,15,29,26,18,11,26,61,16,8,10,20,15
1314,30,31,16,7,7,26,8,14,28,16,6,36,9,10,7,28,10,31,32,27,26,17,13,16,89,16,6,5,20,13
1315,30,30,14,8,5,28,6,11,27,15,8,36,12,8,4,29,6,29,46,24,26,16,12,11,104,17,4,4,20,10
1316,30,28,17,7,3,33,2,5,27,19,7,36,10,10,4,28,3,28,49,24,26,15,10,8,114,15,4,7,19,12
1317,29,21,16,8,7,17,14,12,27,17,8,35,25,9,9,26,13,27,48,24,26,14,8,35,56,13,7,21,18,10
1318,28,46,20,2,6,27,17,4,28,12,9,35,15,10,9,23,12,26,57,24,26,13,5,13,70,15,7,18,18,5
1319,28,50,24,3,5,28,17,11,28,6,7,35,7,9,9,22,8,27,54,25,26,9,4,15,77,16,7,21,17,5
1320,28,48,23,3,6,24,17,8,27,5,5,35,14,10,8,19,3,27,54,25,26,10,6,21,83,17,7,19,18,4
1321,28,39,22,6,6,19,18,23,28,26,6,35,15,8,6,20,9,26,46,25,26,11,6,25,52,16,7,17,18,11
1322,28,58,17,1,5,29,19,10,28,6,7,35,21,11,6,22,6,26,45,24,26,11,4,25,67,16,7,16,17,7
1323,28,54,9,2,6,29,19,12,28,6,8,35,18,11,7,22,7,25,48,24,26,9,4,28,73,19,6,10,17,10
1324,28,42,7,1,6,36,21,12,29,14,8,35,20,7,7,22,10,24,42,23,26,9,4,32,72,20,7,9,18,9
1325,28,40,5,8,5,44,22,9,30,18,10,35,20,6,5,23,5,23,37,22,26,9,4,39,54,21,7,17,18,10
1326,28,34,7,5,5,47,46,10,30,11,10,35,15,7,3,23,4,22,36,22,26,9,1,46,36,22,7,24,19,10
1327,28,31,6,5,6,46,45,11,28,5,8,35,16,5,3,23,3,22,26,23,26,9,3,50,49,23,7,27,22,9
1328,29,24,9,4,7,40,41,13,28,8,9,35,16,5,2,22,6,21,16,22,26,10,0,60,63,21,7,30,20,6
1329,29,30,7,3,8,42,38,7,28,19,10,35,14,6,2,20,10,21,7,22,26,12,4,64,56,24,5,22,21,8
1330,29,27,7,1,10,46,39,8,28,11,9,35,16,7,2,20,7,21,2,22,26,13,2,73,56,24,5,28,20,6
1331,29,11,10,2,10,54,41,9,29,5,11,35,19,6,3,19,7,21,1,22,26,12,5,76,50,23,5,32,21,6
1332,29,9,8,2,9,58,44,9,29,6,12,35,20,8,4,18,6,21,1,21,26,12,5,78,48,21,5,29,21,6
1333,30,14,9,8,7,41,39,6,29,15,14,35,24,7,10,17,10,21,37,21,26,11,7,47,43,22,7,28,6,9
1334,31,26,5,8,9,45,36,3,33,15,12,35,29,11,12,19,10,21,3,21,26,11,7,50,46,22,8,30,4,12
1335,31,29,4,10,10,44,34,1,35,12,13,35,33,13,11,19,8,22,0,21,26,11,6,45,43,22,8,33,6,15
1336,31,19,3,9,10,36,38,3,36,11,15,30,30,13,8,20,7,24,2,21,26,14,8,56,37,24,8,38,7,16
1337,31,12,7,7,6,41,37,9,36,11,16,17,25,13,8,20,6,24,10,21,26,13,8,57,32,24,9,45,7,22
1338,31,8,6,9,6,33,34,8,35,8,20,14,33,20,9,20,11,25,4,21,26,11,9,55,29,25,11,38,9,32
1339,31,6,2,9,7,24,37,12,35,10,21,15,29,19,10,20,11,25,4,22,27,16,11,57,24,25,13,38,9,31
1340,32,4,1,10,6,21,50,10,35,11,21,16,28,18,8,21,15,25,3,24,27,17,16,46,17,23,14,38,11,32
1341,33,49,17,9,6,17,43,13,37,9,21,16,26,18,8,22,15,27,3,25,28,15,19,36,11,22,15,9,12,19
1342,33,3,5,8,6,11,45,13,38,5,51,16,33,16,8,21,22,28,2,26,28,19,21,35,5,25,15,20,12,30
1343,33,6,1,10,6,5,48,13,39,5,52,16,42,16,7,21,24,29,3,27,28,19,21,28,0,24,15,18,13,31
1344,33,3,1,8,7,1,50,14,39,4,52,16,39,17,6,21,27,29,3,27,28,19,23,25,0,27,16,19,12,34
1345,33,18,12,4,7,11,41,12,39,8,40,16,31,18,5,20,25,29,3,28,28,22,24,22,12,28,16,6,14,28
1346,33,3,4,6,7,6,44,15,39,4,40,16,38,21,4,21,33,31,4,28,28,25,26,22,6,27,16,6,14,33
1347,33,1,3,5,7,2,44,14,39,1,40,17,39,21,4,21,36,31,5,28,28,26,27,27,6,27,16,4,15,33
1348,33,3,4,5,7,2,44,12,40,0,40,17,39,22,4,22,35,31,4,28,28,26,28,26,4,28,16,5,15,32
1349,33,10,4,5,7,1,40,9,40,4,40,17,35,23,6,22,36,31,4,28,28,25,28,20,4,28,16,6,16,34
1350,33,8,7,5,7,1,41,10,40,2,40,17,30,22,7,22,37,31,4,28,28,25,28,22,4,28,16,7,16,34
1351,33,9,7,5,7,3,41,10,40,1,40,17,24,22,7,22,37,31,4,28,28,25,28,23,4,29,16,9,16,34
1352,33,9,7,6,7,3,40,10,40,0,40,17,23,22,7,22,36,31,4,28,28,25,29,24,4,29,16,9,16,35
1353,33,9,7,6,7,3,40,10,40,0,40,17,23,22,7,22,36,31,4,28,28,25,29,24,4,29,16,9,16,35
1354,33,8,6,6,7,3,39,10,40,0,40,17,22,22,7,22,36,31,4,28,28,25,26,28,8,29,16,8,16,35
1355,33,6,6,5,7,5,37,10,39,1,40,17,22,21,7,22,35,31,3,27,28,25,23,27,20,29,16,9,15,34
1356,33,5,6,2,7,5,35,7,39,0,39,15,19,20,7,22,36,31,4,24,28,24,22,30,42,28,16,6,15,33
1357,33,3,7,5,7,8,31,1,39,8,39,14,20,18,3,21,36,28,5,23,27,24,20,33,58,26,16,3,15,29
1358,33,2,6,1,9,9,27,1,39,2,39,14,23,16,4,19,34,27,5,21,27,23,19,43,78,26,15,2,13,23
1359,32,6,7,1,9,13,26,11,39,2,37,14,21,14,2,20,32,27,7,20,27,21,19,43,80,24,15,0,11,20
1360,32,6,6,0,9,18,26,13,37,0,34,14,15,15,3,19,26,22,5,19,27,22,20,41,101,25,14,1,10,20
1361,32,23,8,19,7,23,23,7,37,22,34,12,17,10,6,18,21,21,12,19,27,21,19,13,49,23,15,38,9,15
1362,32,31,11,3,7,40,24,9,35,19,33,12,21,10,7,17,12,21,15,20,27,19,18,12,74,23,15,13,8,12
1363,32,40,7,0,4,45,18,14,34,11,31,12,23,10,8,18,6,19,22,20,27,22,15,16,93,23,15,5,5,5
1364,32,42,6,1,4,54,16,10,34,5,33,12,18,13,6,19,1,17,24,18,26,23,13,13,104,23,15,6,5,7
1365,32,25,11,18,7,36,12,7,35,13,32,13,16,10,6,19,23,17,26,19,26,20,10,37,46,24,14,30,7,9
1366,32,24,17,8,7,52,14,12,34,14,30,13,17,8,5,21,7,17,27,18,26,20,8,34,62,25,15,16,8,9
1367,32,36,20,6,7,51,16,12,34,11,30,13,17,9,6,20,10,17,23,18,26,20,7,34,65,24,15,8,8,5
1368,32,26,22,4,7,60,13,8,35,7,28,13,18,15,6,20,8,15,19,17,26,21,5,39,75,24,14,11,8,4
1369,32,29,19,9,7,49,11,11,35,16,28,14,22,14,7,20,9,15,10,17,26,20,8,45,61,23,14,13,8,8
1370,32,35,18,9,7,50,11,14,36,12,27,14,22,13,6,18,10,15,4,17,25,19,5,47,66,23,15,11,9,10
1371,33,33,16,10,6,55,9,17,36,8,26,14,31,7,4,18,7,15,1,17,25,17,5,46,77,25,16,8,9,9
1372,33,40,16,9,6,51,4,13,36,5,24,14,34,7,9,16,10,15,3,15,25,19,5,44,78,22,18,13,10,6
1373,33,48,10,9,5,51,6,9,35,16,24,14,29,4,7,16,7,15,28,15,25,19,5,43,57,23,18,15,4,10
1374,34,49,10,8,6,53,9,8,36,13,23,14,32,3,3,16,6,15,1,15,25,17,10,43,79,22,19,17,6,8
1375,34,52,9,10,6,58,13,5,36,9,24,15,33,1,4,16,4,17,3,15,25,11,11,43,79,22,19,12,7,7
1376,34,54,9,10,7,53,18,7,36,9,25,15,35,1,2,17,2,18,1,16,25,9,15,41,72,23,20,12,10,4
1377,34,48,8,5,3,47,17,10,36,23,26,15,36,7,4,15,13,17,15,17,25,7,12,44,49,23,20,8,5,11
1378,34,52,8,4,3,57,18,28,36,6,23,15,36,6,5,16,3,17,5,17,25,8,16,39,56,25,20,5,5,12
1379,35,53,8,2,5,59,19,27,35,6,22,15,34,10,3,17,2,20,3,17,25,9,17,34,51,26,20,7,6,13
1380,36,45,14,2,6,58,18,31,35,9,21,15,39,13,7,17,4,21,1,17,25,8,17,34,45,29,20,4,5,4
1381,36,42,13,3,4,42,18,32,35,11,22,15,40,15,7,17,16,21,4,17,25,8,16,25,46,25,21,16,4,4
1382,38,48,12,1,5,50,18,31,35,14,22,15,39,16,7,17,9,21,3,17,25,8,16,25,46,26,20,9,0,7
1383,40,44,12,1,5,47,14,30,34,9,21,15,43,19,7,18,7,22,3,17,25,6,14,33,47,27,19,12,1,8
1384,40,44,13,1,5,44,13,26,35,9,22,15,46,17,7,19,4,22,5,18,25,5,13,31,48,28,21,16,0,8
1385,40,45,11,8,5,36,9,28,35,10,22,15,46,18,3,20,7,22,4,18,25,2,11,31,44,28,22,17,6,12
1386,41,46,8,4,7,31,9,29,36,13,22,14,42,18,4,19,19,22,2,19,25,2,10,32,44,29,23,14,3,13
1387,41,50,12,4,8,26,7,30,37,9,23,13,49,19,3,19,21,22,1,19,26,2,11,24,41,28,23,15,4,13
1388,41,49,10,2,8,28,7,27,37,12,21,13,52,19,5,18,20,21,0,19,26,3,10,24,40,31,25,19,1,12
1389,40,47,16,5,9,25,9,25,37,9,22,13,42,16,6,17,22,21,5,18,26,6,11,21,37,30,25,25,2,13
1390,41,50,11,3,9,22,10,24,38,5,23,13,46,17,6,17,23,23,3,18,26,10,14,17,33,30,25,24,2,17
1391,41,53,11,3,9,17,10,29,40,4,24,13,42,18,6,17,19,26,4,19,26,10,16,17,26,30,27,21,0,22
