time_step,172,925,1232,873,856,973,1140,794,464,834,402,1478,928,702,1004,1399,1058,525,850,1213,200,1105,579,1011,783,714,1412,967,1067,1187
0,20,20,20,20,20,20,20,20,20,20,20,20,20,20,20,20,20,20,20,20,20,20,20,20,20,20,20,20,20,20
1,9,5,20,4,2,5,19,30,28,14,54,17,20,28,24,65,5,29,40,22,23,9,31,8,9,28,21,5,20,6
2,10,14,21,10,7,13,32,12,39,24,69,23,25,13,42,17,2,25,35,14,22,14,14,10,16,15,15,15,20,12
3,12,17,20,10,8,0,19,5,45,24,32,34,1,31,22,63,3,37,36,33,27,14,20,2,15,22,16,10,14,8
4,17,48,14,5,13,16,9,40,32,38,32,15,0,29,47,19,15,6,24,39,37,4,5,20,6,35,2,2,30,1
5,8,1,10,57,8,1,8,40,40,88,28,12,63,9,20,26,1,5,25,19,29,3,10,2,10,23,11,18,25,0
6,6,2,16,88,1,11,25,9,24,1,28,18,15,34,21,44,22,3,36,7,36,2,31,25,3,3,19,67,1,2
7,6,20,8,83,9,12,14,29,21,20,37,12,29,27,1,3,1,31,3,30,37,16,19,8,8,43,35,7,29,2
8,12,5,15,1,14,13,2,2,20,8,4,2,72,40,3,84,1,26,3,36,14,9,57,14,82,14,29,2,9,7
9,7,5,8,36,21,1,99,2,11,8,6,24,8,53,24,16,15,7,2,21,20,18,69,22,24,22,9,4,18,20
10,10,16,3,16,36,2,31,75,7,51,7,32,16,41,8,13,21,9,26,3,18,17,1,87,25,12,3,1,10,3
11,7,72,2,9,3,0,5,26,34,4,5,38,30,20,10,14,10,7,16,4,15,31,87,9,55,16,3,21,43,4
12,3,6,17,3,3,21,2,15,11,2,22,31,48,54,6,22,25,16,34,5,10,23,80,9,44,32,2,38,13,3
13,2,41,20,6,3,25,10,65,10,8,36,25,42,14,0,14,28,4,16,2,7,1,23,12,110,17,1,37,13,8
14,2,32,8,38,8,23,12,6,8,23,10,29,21,44,11,15,13,7,30,25,11,0,42,7,88,69,1,14,1,2
15,3,11,23,37,8,32,21,41,17,60,12,12,4,5,11,15,8,65,23,42,7,0,47,6,24,62,0,1,3,0
16,3,32,17,33,6,41,26,50,17,64,11,9,13,24,1,13,6,65,14,25,5,0,40,17,12,38,2,10,4,2
17,3,25,9,68,6,14,4,16,16,1,76,5,12,4,46,30,11,25,22,21,19,15,17,37,62,17,2,11,4,2
18,2,0,9,57,9,3,29,0,8,27,75,3,26,12,64,32,2,17,21,10,19,8,23,44,49,3,4,26,4,14
19,2,0,5,23,9,35,62,22,8,11,53,3,0,67,80,25,2,8,0,10,19,9,14,8,54,2,8,20,29,12
20,6,22,9,15,11,35,57,20,3,17,25,13,0,67,75,9,35,13,2,0,19,2,6,8,45,15,7,31,26,7
21,6,12,62,3,11,30,1,27,0,23,0,10,0,64,76,7,19,13,2,30,16,4,3,19,57,28,4,14,17,42
22,4,16,20,20,9,2,20,86,18,4,0,10,14,14,4,7,54,0,2,35,0,2,6,29,81,31,2,50,16,44
23,4,8,38,55,1,3,1,77,23,20,3,10,28,13,4,1,75,1,3,40,0,6,18,5,44,26,22,34,0,37
24,2,2,44,18,1,1,23,53,23,65,3,10,28,15,60,5,30,2,20,24,0,46,14,7,42,0,22,6,30,4
25,3,2,57,25,2,29,18,30,23,53,3,6,0,18,60,15,47,5,18,10,0,46,16,7,38,0,1,6,35,27
26,3,18,59,12,10,22,19,3,9,41,2,6,13,7,56,38,24,9,23,6,2,16,47,32,13,30,1,12,7,60
27,2,18,33,0,10,30,19,4,3,46,1,21,13,7,0,75,24,7,47,5,2,34,48,2,27,30,1,39,7,45
28,2,20,33,0,10,32,4,8,9,59,3,31,47,14,5,41,0,5,46,19,3,22,46,15,14,36,0,29,6,41
29,2,38,16,8,10,11,17,7,11,55,31,39,50,43,5,47,0,5,32,19,1,12,46,19,2,14,5,36,0,19
30,2,35,14,1,0,37,10,0,11,37,28,20,39,36,12,31,52,6,0,19,1,41,8,9,17,59,5,38,10,22
31,2,19,12,2,0,47,15,1,9,0,28,20,28,36,7,31,3,6,0,19,0,33,79,60,17,59,5,11,2,49
32,2,22,12,17,7,41,15,0,9,7,44,20,0,23,0,32,0,6,0,16,0,27,129,71,25,1,5,39,2,28
33,0,62,43,30,7,2,49,0,1,7,45,6,0,9,0,6,0,0,8,28,0,66,91,59,43,1,5,0,2,30
34,5,38,31,8,7,2,44,65,18,0,17,0,5,6,25,6,0,7,8,30,0,41,137,7,37,12,3,16,0,25
35,5,38,16,21,7,0,17,112,18,0,2,0,5,120,25,6,0,23,2,45,0,6,46,22,39,17,0,3,3,2
36,5,0,0,21,1,16,4,53,17,45,1,0,5,115,5,1,38,24,2,58,7,0,1,117,39,17,0,3,3,2
37,5,1,0,17,1,39,4,53,17,38,0,12,1,103,9,0,41,16,0,51,7,0,15,26,27,24,0,91,0,2
38,5,1,0,14,0,51,35,19,3,3,14,16,9,134,35,0,6,11,0,43,7,0,55,0,0,117,0,21,1,0
39,5,0,0,12,6,28,35,50,3,25,14,16,9,28,34,7,6,100,0,18,7,0,58,21,0,82,0,19,17,0
40,0,0,0,17,6,0,52,74,0,25,36,16,0,44,12,7,4,59,12,6,7,0,59,22,30,82,0,2,17,11
41,0,44,12,17,6,41,34,40,4,25,87,4,34,9,12,0,0,22,88,6,7,0,1,22,30,18,0,2,17,18
42,3,37,12,46,6,67,34,25,4,0,83,5,34,9,0,0,0,19,79,1,1,4,1,9,42,18,4,2,11,44
43,3,55,12,24,1,31,8,11,7,0,35,32,34,24,21,0,0,14,40,1,0,5,48,9,42,11,9,7,42,74
44,3,40,8,1,1,5,67,0,7,0,35,46,0,14,51,0,5,20,42,4,0,53,47,33,8,11,9,17,42,31
45,3,40,8,1,1,5,58,1,2,10,40,42,0,4,53,33,5,16,4,4,20,62,62,7,7,11,9,61,0,31
46,3,1,1,6,0,0,60,2,2,54,9,43,0,19,34,42,5,11,24,26,20,42,62,40,7,0,0,46,0,41
47,3,1,40,10,1,2,21,3,0,36,9,15,5,12,34,42,28,17,47,22,45,58,4,1,12,0,0,47,10,75
48,0,22,63,50,5,2,0,3,0,48,5,13,5,23,23,13,5,7,47,22,45,18,7,0,14,38,0,41,11,70
49,0,53,96,28,5,8,0,10,0,35,18,0,0,23,29,6,0,30,26,22,45,81,5,0,10,38,0,22,3,7
50,0,59,62,24,13,45,22,33,0,30,18,0,0,0,96,0,0,16,26,0,35,13,0,77,9,0,0,22,0,0
51,0,7,32,20,13,45,22,12,21,0,14,0,12,0,95,5,0,16,30,0,16,19,0,75,64,0,0,4,26,52
52,0,25,46,50,8,25,5,0,21,95,1,0,35,0,0,10,0,0,27,0,0,85,32,0,57,9,3,4,24,38
53,1,18,61,77,33,1,4,1,21,51,1,3,24,2,0,10,0,0,20,0,0,75,25,0,51,42,3,11,19,46
54,1,18,45,3,32,1,4,17,21,1,1,3,99,53,34,9,0,0,52,0,0,0,76,0,44,42,3,12,19,10
55,1,4,23,11,25,2,1,14,0,5,0,20,119,49,53,4,30,0,31,0,0,3,71,0,44,23,5,33,19,10
56,1,4,23,39,26,2,1,17,19,35,0,18,51,91,23,4,56,0,0,0,0,31,71,0,50,17,5,7,0,9
57,1,19,4,17,11,1,33,34,19,34,1,22,37,67,49,25,53,18,1,1,0,31,0,0,45,71,5,0,1,0
58,0,0,36,31,38,34,0,4,19,0,2,34,0,51,26,21,90,18,1,1,0,6,10,0,45,89,3,40,1,0
59,0,0,42,29,38,33,3,61,81,0,2,31,0,19,17,21,62,16,4,13,0,9,0,0,48,27,3,40,1,0
60,0,0,26,29,0,21,24,65,72,80,21,29,0,28,0,1,19,16,26,12,0,12,0,0,27,14,0,40,38,0
61,0,0,0,0,0,9,24,2,72,75,54,29,0,57,0,1,24,5,22,12,0,14,0,26,33,17,0,70,31,23
62,0,0,34,4,0,1,38,3,27,65,54,29,57,38,0,26,18,11,3,12,0,17,0,27,13,34,0,36,30,23
63,0,0,34,8,0,29,61,3,27,4,24,3,61,10,0,26,18,32,3,12,0,17,0,19,56,95,26,2,30,0
64,0,0,34,15,0,29,46,3,8,70,32,0,4,19,0,25,18,32,3,4,6,17,2,15,53,69,26,69,1,0
65,1,0,28,44,0,4,75,1,0,70,17,0,0,0,19,0,6,30,3,8,6,25,17,0,46,71,45,61,23,0
66,1,1,1,31,0,13,71,0,0,0,8,0,0,70,78,0,6,28,31,8,6,45,17,2,1,48,25,85,23,1
67,1,12,1,50,4,79,0,9,0,59,8,0,0,53,78,0,6,28,28,3,3,20,17,2,1,66,19,30,14,9
68,15,12,1,23,4,136,43,15,1,89,0,0,0,30,133,0,0,0,0,11,0,20,0,2,1,34,19,0,0,11
69,15,1,17,1,4,76,43,12,1,112,5,0,0,15,127,0,0,0,0,11,0,20,0,0,1,70,8,38,0,23
70,14,1,12,26,1,123,1,11,1,64,52,0,0,15,11,73,25,0,0,8,0,28,19,0,1,42,0,38,9,25
71,14,1,13,64,1,43,2,10,1,105,52,9,0,15,11,73,25,0,6,8,0,2,19,0,56,28,0,0,17,25
72,1,9,5,73,1,16,3,15,0,104,67,9,30,0,5,44,37,0,6,0,1,2,5,0,79,19,27,0,17,25
73,1,58,38,81,0,0,3,2,0,67,20,9,30,0,10,0,37,0,6,0,1,17,21,0,79,17,27,44,18,14
74,1,31,46,67,2,0,3,2,2,65,21,8,44,0,10,0,0,0,5,0,1,15,21,6,78,0,27,119,18,8
75,1,19,111,1,2,1,6,1,2,3,21,8,14,1,13,1,1,0,53,2,1,27,51,0,30,0,27,202,1,0
76,1,19,74,1,2,1,6,1,2,31,16,8,14,1,39,1,1,6,53,2,20,12,30,0,100,0,27,130,1,1
77,1,20,156,30,38,1,6,1,0,32,10,8,14,1,72,1,0,6,52,2,20,12,0,2,70,0,24,18,1,2
78,1,42,174,1,38,0,1,1,0,32,0,8,14,1,101,0,0,15,0,20,20,12,1,2,70,24,0,18,0,4
79,1,15,176,0,47,0,1,0,0,32,0,18,0,1,102,2,0,15,0,34,20,0,1,2,78,25,0,0,0,30
80,1,3,23,0,47,0,2,27,0,38,0,61,0,1,9,2,0,0,0,127,20,0,1,0,8,25,9,1,12,183
81,0,3,23,0,0,0,3,0,0,0,0,63,27,1,7,2,0,0,0,113,17,186,1,15,8,25,9,15,82,0
82,5,0,0,0,24,0,1,4,0,1,0,63,110,1,0,8,0,0,10,115,2,125,0,15,9,1,10,14,82,0
83,5,1,19,15,24,2,5,44,0,1,0,88,81,1,0,8,0,0,10,65,0,156,0,15,1,7,10,8,34,0
84,5,1,42,47,65,0,13,44,0,2,0,58,50,3,43,6,0,0,1,34,0,113,0,0,1,7,1,30,34,0
85,5,0,40,54,41,0,14,9,0,2,0,51,74,3,43,6,0,0,1,34,0,38,8,45,0,7,0,22,103,0
86,5,8,1,36,40,1,14,9,1,2,0,77,25,16,51,56,0,0,1,1,0,28,8,45,12,6,0,17,100,40
87,5,8,1,29,20,1,0,15,33,41,10,39,66,24,8,56,43,0,1,1,1,73,0,0,0,0,0,36,68,21
88,1,8,9,19,20,0,31,6,34,41,33,2,66,24,8,64,43,17,0,1,1,46,0,37,4,6,0,58,0,21
89,1,1,9,50,20,1,39,2,34,40,33,9,31,9,1,64,41,17,21,0,1,30,34,37,4,28,0,39,0,4
90,1,33,40,18,6,10,15,32,34,40,25,9,17,12,1,14,28,17,21,0,1,0,34,36,4,84,14,35,0,19
91,1,18,59,6,6,9,15,66,31,0,43,9,9,12,36,36,11,0,21,0,1,0,40,0,0,93,14,17,28,19
92,2,18,59,46,1,34,52,34,1,0,79,7,14,0,32,36,0,12,0,0,0,11,0,0,0,65,14,17,30,36
93,1,33,0,45,1,32,54,65,1,14,59,18,0,0,54,36,20,40,0,27,0,41,0,0,0,0,14,9,0,36
94,1,66,0,40,0,0,52,15,1,14,41,18,39,13,91,5,20,40,0,42,0,29,0,0,0,0,1,0,72,0
95,1,34,1,23,1,1,1,9,1,14,41,18,68,13,106,37,1,40,1,42,0,20,2,0,0,0,1,0,66,58
96,24,1,1,1,1,1,10,0,0,0,51,14,63,13,74,37,1,24,34,10,4,0,58,52,0,0,37,0,67,22
97,23,1,15,1,19,23,11,1,0,0,33,0,20,57,48,19,18,24,56,10,4,1,59,31,0,1,103,0,0,22
98,23,1,1,1,18,23,13,1,0,58,14,0,35,43,28,20,18,9,54,14,36,1,1,32,15,1,102,0,36,2
99,23,1,1,28,18,34,4,1,0,32,0,1,28,42,0,20,19,37,52,14,46,0,8,1,12,5,101,34,36,2
100,21,1,37,28,102,12,4,0,0,46,1,1,29,1,42,0,0,23,31,14,41,18,28,22,2,16,25,34,0,21
101,13,14,36,29,102,31,3,14,0,44,1,1,3,1,70,0,0,23,31,8,20,19,57,21,2,16,20,1,0,20
102,0,18,0,0,118,53,4,14,0,28,2,1,3,2,80,51,0,27,31,8,24,0,35,21,2,2,20,14,22,20
103,0,0,78,0,63,34,4,13,19,49,2,1,0,2,69,57,0,5,0,8,41,0,35,1,25,0,0,32,42,20
104,0,0,107,35,63,2,4,0,19,35,1,0,0,2,55,59,0,5,0,1,42,0,0,0,23,46,7,0,46,48
105,0,2,107,36,53,0,23,0,19,11,25,0,0,0,58,33,3,6,10,0,41,2,0,0,27,104,7,0,4,29
106,0,23,59,34,55,0,2,0,0,9,25,4,0,11,143,0,3,4,14,0,37,2,15,0,27,95,7,0,4,27
107,0,9,47,34,2,0,2,117,2,9,23,4,50,95,63,0,3,1,9,0,30,1,15,0,27,4,0,0,53,0
108,0,9,69,15,5,0,4,144,2,0,23,4,17,84,12,51,0,1,16,0,24,0,48,0,27,4,0,11,30,0
109,1,12,40,92,5,1,1,81,2,1,2,4,17,84,38,51,1,1,28,28,26,1,40,0,0,4,0,11,28,0
110,1,4,40,49,5,3,1,74,18,1,2,25,48,119,22,55,2,2,27,28,24,5,12,2,1,1,1,0,28,0
111,38,5,67,49,3,3,0,26,18,1,2,25,47,82,22,37,20,1,0,29,24,5,13,2,1,1,29,2,0,48
112,39,28,63,8,3,14,4,27,16,1,1,28,6,38,28,16,38,41,4,3,24,1,63,25,1,3,30,0,0,47
113,39,28,63,25,0,17,13,1,16,20,0,28,0,1,36,17,67,41,4,64,23,24,34,0,0,3,6,2,0,28
114,38,41,14,46,12,16,14,0,39,19,1,3,37,1,36,1,46,42,4,64,0,24,34,0,1,2,20,1,0,44
115,38,2,30,62,12,1,16,0,26,19,1,4,36,0,39,47,40,1,5,64,0,0,66,22,1,0,19,1,2,46
116,24,2,16,65,12,1,19,1,5,1,12,4,36,1,26,47,38,4,22,58,0,6,66,26,17,14,23,0,24,30
117,1,1,34,6,12,1,0,24,3,51,12,4,118,40,26,23,38,3,24,20,0,6,2,0,17,30,10,26,25,43
118,1,1,15,24,12,0,20,23,3,51,11,13,115,40,25,23,20,9,22,0,0,24,5,0,2,32,10,13,21,65
119,0,52,15,38,1,0,50,9,0,4,12,43,88,40,25,0,20,5,0,27,0,28,8,0,2,6,29,9,55,34
120,16,52,15,23,1,0,60,3,0,4,61,42,38,11,16,0,0,5,8,27,0,17,13,31,2,12,79,11,24,29
121,18,45,1,23,30,1,41,15,0,4,61,20,14,11,40,0,0,5,8,51,0,19,11,37,9,12,72,11,24,17
122,18,5,4,15,63,1,10,22,0,0,61,20,0,11,73,0,52,0,39,51,0,0,8,11,9,0,89,11,24,3
123,18,1,15,1,56,1,37,22,1,1,61,7,41,12,86,1,48,0,31,24,0,7,16,11,9,0,66,0,24,3
124,18,1,15,38,48,1,37,17,31,1,30,24,41,1,32,1,51,24,31,20,0,12,22,11,9,8,66,0,6,4
125,17,32,6,2,0,0,27,24,62,2,10,22,40,1,70,60,39,24,6,20,0,9,11,0,6,8,25,7,49,21
126,11,32,6,2,40,0,9,52,70,2,1,22,1,1,70,87,3,24,12,20,0,9,11,6,0,8,13,7,61,20
127,0,19,0,2,40,8,4,47,70,2,29,48,1,0,42,87,3,20,6,3,0,9,19,6,3,0,13,0,0,119
128,1,14,64,0,40,55,0,5,54,1,29,30,5,0,44,23,18,20,6,3,11,22,8,6,3,0,16,3,0,119
129,1,14,70,22,39,47,25,6,40,21,29,26,4,0,40,23,18,0,7,3,11,22,0,0,3,6,3,16,0,104
130,1,1,69,2,5,25,81,1,40,73,3,6,1,0,11,4,20,0,35,3,11,16,5,6,29,6,3,50,56,37
131,1,1,16,1,8,65,41,1,0,72,3,6,0,53,11,3,20,0,35,4,11,0,5,6,69,6,3,65,57,37
132,1,1,16,1,39,66,9,27,36,72,2,6,6,54,37,3,0,0,35,4,11,1,9,0,39,0,3,65,57,0
133,0,0,0,50,39,7,9,23,36,72,27,0,0,54,39,1,11,14,35,4,4,5,31,3,76,0,0,3,57,0
134,1,1,0,7,35,3,8,23,71,49,31,0,45,0,36,1,11,14,0,4,0,4,26,4,128,57,13,1,27,0
135,1,24,0,7,32,2,8,23,48,49,31,0,1,0,36,2,93,14,0,0,0,4,26,4,91,57,16,1,26,4
136,1,24,0,0,34,0,27,0,48,57,31,9,17,0,25,2,45,14,0,3,0,0,28,1,126,62,16,0,26,4
137,1,24,1,104,52,1,27,24,14,55,0,9,1,46,7,17,66,14,0,3,24,0,4,0,33,50,3,13,3,4
138,1,13,1,27,51,4,20,74,25,52,1,20,1,47,85,20,40,15,1,3,24,3,4,1,40,0,0,24,3,0
139,1,1,44,27,51,5,1,73,25,1,1,36,41,125,4,19,0,5,1,18,24,1,0,1,40,0,0,55,0,0
140,1,5,71,1,0,5,1,73,25,1,30,36,0,78,4,19,0,5,1,15,24,0,0,51,9,41,0,52,51,1
141,0,4,74,58,0,3,1,0,25,1,30,34,0,78,4,2,0,5,0,34,15,0,2,51,59,42,17,9,51,1
142,1,16,86,54,0,1,0,51,20,2,107,40,0,4,0,2,8,5,4,20,0,0,14,26,52,34,17,9,0,27
143,1,48,54,20,5,0,0,21,11,0,142,40,0,4,0,36,3,5,3,19,0,9,16,45,31,6,17,8,31,25
144,2,40,54,1,5,1,17,1,6,21,56,24,4,12,1,77,0,0,0,19,0,9,16,48,30,118,1,0,37,0
145,2,1,25,1,5,5,17,1,6,21,52,24,18,8,1,89,1,1,1,19,1,9,2,105,30,116,1,1,37,0
146,1,1,24,6,5,5,19,10,1,13,71,24,18,8,106,78,1,1,1,40,7,0,0,107,1,4,0,2,37,9
147,1,77,10,10,5,5,2,10,32,1,21,11,0,0,117,33,8,1,1,21,57,0,1,148,1,2,0,1,24,0
148,1,78,1,4,1,0,2,30,32,6,1,11,0,0,82,47,7,1,0,21,56,48,1,148,1,2,0,1,18,0
149,1,68,0,5,1,0,0,22,44,0,2,12,0,12,64,47,1,0,0,20,56,52,1,25,124,1,0,2,40,0
150,0,0,0,1,1,0,0,5,44,2,1,18,70,12,35,41,1,32,0,18,56,52,1,44,127,1,0,0,38,0
151,0,0,0,1,0,0,8,23,13,35,1,18,3,48,2,41,1,28,0,19,49,16,71,26,127,31,0,0,19,20
152,0,35,13,1,0,30,35,149,6,0,0,18,3,79,0,0,0,28,0,19,12,11,84,7,19,32,0,0,0,19
153,0,0,13,0,0,29,35,123,9,0,7,13,33,79,0,1,5,0,0,0,7,4,20,26,19,32,0,100,0,45
154,0,13,0,16,0,29,152,6,41,0,7,13,33,55,0,1,5,0,0,0,7,1,12,27,3,59,0,75,0,45
155,0,57,24,49,29,0,0,0,35,3,23,13,12,13,42,1,0,0,0,0,6,1,0,8,0,53,0,72,0,159
156,0,38,24,28,29,44,0,0,32,25,23,0,0,39,42,0,0,0,0,0,6,1,75,8,0,38,0,0,0,148
157,0,38,24,0,29,26,0,0,0,25,51,0,0,31,80,0,0,0,40,0,6,0,75,1,0,18,7,149,0,0
158,0,19,66,0,24,37,24,0,0,1,60,0,0,51,48,0,0,1,40,0,6,0,28,0,0,18,7,123,0,47
159,0,0,42,0,15,4,16,0,0,10,57,0,3,73,12,30,8,1,68,0,3,2,0,0,36,18,7,112,0,83
160,1,1,58,1,1,4,91,1,0,9,54,0,3,41,12,20,18,1,29,0,3,2,0,0,51,0,7,109,27,56
161,1,1,91,1,1,8,22,1,1,1,51,156,3,0,35,20,10,1,37,0,0,2,0,0,40,40,0,41,27,9
162,1,1,100,0,1,8,22,1,29,1,18,156,3,0,47,0,0,1,9,0,0,2,0,0,40,62,0,28,36,34
163,1,2,64,66,1,8,22,0,29,37,19,111,0,3,11,2,0,0,8,0,0,0,26,0,40,64,0,16,36,34
164,1,1,64,93,1,0,30,0,47,36,1,111,0,1,11,2,1,0,8,40,0,8,26,0,0,57,0,18,9,34
165,1,1,0,27,0,0,30,0,47,202,1,65,0,1,11,2,0,0,0,40,0,41,33,0,0,24,0,21,10,43
166,0,1,0,38,0,2,0,1,18,226,10,88,17,1,0,0,8,22,0,40,0,33,62,0,1,0,0,22,9,1
167,0,62,0,11,0,0,2,1,18,64,10,97,17,1,1,0,138,22,0,40,32,12,28,0,14,0,0,21,9,0
168,0,65,0,0,0,0,2,0,0,76,10,97,0,1,1,0,133,22,10,0,32,0,28,12,54,0,0,50,7,0
169,0,3,120,0,0,56,28,10,2,44,0,13,0,0,1,0,133,12,0,0,32,2,0,12,53,11,0,50,18,0
170,12,1,120,1,16,56,28,10,2,44,4,5,0,0,0,1,124,0,0,0,32,11,0,21,51,11,0,30,18,2
171,12,125,125,1,28,56,28,1,8,1,34,5,1,11,2,1,1,0,0,0,32,41,0,9,53,9,0,13,1,2
172,12,45,11,1,134,1,29,1,8,1,36,76,2,20,2,1,1,1,1,1,30,41,57,9,53,1,0,21,1,3
173,12,2,12,6,106,24,1,1,16,2,39,143,2,26,2,1,1,1,1,1,7,69,57,0,41,1,0,13,1,12
174,1,1,1,8,106,2,25,1,16,2,39,154,1,39,2,2,1,1,2,1,0,51,96,0,21,0,0,16,0,11
175,28,2,1,35,72,1,25,1,10,30,11,125,16,13,2,1,1,1,1,1,1,28,120,1,21,6,0,0,35,11
176,28,2,114,13,0,2,24,115,10,31,33,13,16,13,2,0,0,1,0,1,1,28,6,0,21,6,11,2,107,0
177,28,2,113,27,1,1,8,49,1,36,33,14,13,19,1,1,0,0,0,1,2,65,6,24,1,0,24,2,128,0
178,28,164,62,5,1,1,3,40,2,35,33,14,10,3,1,1,1,0,2,0,2,4,1,27,4,6,24,2,124,0
179,14,142,94,22,1,1,3,27,2,10,21,3,10,3,15,1,1,0,2,0,14,4,73,6,3,37,24,2,52,13
180,14,11,227,1,2,0,3,50,54,10,21,2,1,1,14,0,6,0,14,0,13,0,73,1,3,41,12,11,1,14
181,0,0,189,36,2,0,4,23,54,14,4,2,1,1,84,0,6,0,13,10,16,18,73,0,2,11,12,24,0,1
182,0,0,157,36,4,0,5,21,52,25,0,2,4,2,116,0,6,0,16,10,15,18,73,0,11,11,1,14,0,1
183,0,1,24,36,2,0,1,21,52,158,72,0,0,2,95,0,0,1,16,10,9,3,5,0,11,31,0,35,10,5
184,0,1,5,10,2,0,6,16,0,133,72,29,0,0,97,0,0,1,5,0,55,3,92,0,11,21,13,15,10,3
185,1,1,5,10,5,7,6,0,0,148,69,29,0,3,62,0,36,1,0,16,55,0,86,0,11,21,13,0,12,3
186,1,1,1,10,4,28,4,27,28,15,202,29,4,3,9,4,36,3,0,16,52,0,81,0,11,6,13,0,12,0
187,12,0,1,3,17,22,1,1,41,0,133,29,35,70,10,39,1,3,0,16,21,26,83,0,0,16,0,18,2,0
188,12,69,0,0,17,22,1,1,41,22,133,0,17,1,14,35,4,2,0,5,102,25,2,0,0,13,1,47,2,12
189,12,55,1,49,13,22,2,1,44,13,1,10,27,134,4,25,3,2,25,0,95,10,12,0,1,13,1,5,1,19
190,12,1,4,19,0,30,1,0,44,1,1,11,43,132,38,25,0,3,26,13,81,10,23,0,0,55,14,1,5,7
191,9,1,5,19,0,12,0,43,15,53,30,11,13,134,33,0,0,11,26,13,12,10,63,2,3,3,14,1,11,53
192,8,1,121,17,26,12,0,26,15,53,30,12,13,26,36,0,0,11,0,30,0,15,63,2,3,3,13,1,7,56
193,0,0,121,17,36,0,0,5,12,53,30,1,0,37,18,0,13,11,26,58,0,5,19,3,3,3,2,47,8,72
194,1,0,0,0,36,0,121,53,12,24,30,4,0,26,25,53,13,33,26,45,0,17,19,8,0,7,2,22,1,22
195,1,1,27,10,11,0,121,63,0,12,0,4,0,26,25,53,3,23,39,45,0,18,19,32,12,7,2,21,25,0
196,20,1,27,10,11,13,121,62,0,0,13,4,0,26,28,53,26,37,26,27,0,1,0,0,30,7,2,53,2,0
197,20,0,5,10,11,13,31,62,0,40,13,28,0,3,29,0,49,37,16,90,0,1,0,53,29,0,53,7,0,0
198,19,0,20,3,0,13,1,23,11,40,13,24,0,1,29,0,20,14,7,122,58,1,4,28,30,34,53,7,0,25
199,19,23,20,14,0,0,21,28,11,53,5,24,8,1,13,0,20,14,7,122,58,70,0,0,9,35,0,21,0,4
200,19,23,5,0,0,0,42,63,0,13,8,24,28,6,12,12,0,14,22,162,58,70,0,0,4,0,0,11,0,4
201,19,5,1,1,0,24,25,79,8,13,8,127,29,5,16,12,0,0,14,34,0,69,0,0,10,58,0,11,18,14
202,1,1,3,12,12,19,1,79,8,7,6,127,1,1,15,37,1,1,20,27,1,5,1,39,6,127,0,0,23,19
203,1,0,30,12,12,0,1,154,8,5,1,45,1,1,84,40,63,0,7,17,1,5,1,21,16,29,0,0,20,25
204,0,2,89,25,12,0,0,111,8,5,1,46,33,1,84,40,11,0,7,0,1,0,44,29,16,29,0,0,0,6
205,0,18,74,25,8,0,0,101,0,0,1,46,32,0,105,45,11,1,7,0,1,0,65,8,11,23,0,0,12,6
206,0,10,15,15,1,6,0,0,0,43,1,0,12,0,75,75,54,1,73,10,1,0,42,8,11,23,0,0,23,101
207,0,33,0,0,59,6,0,0,0,43,1,1,19,19,82,56,11,1,66,10,2,0,43,6,10,15,5,0,11,101
208,0,20,0,0,73,7,0,0,1,83,1,14,20,19,66,56,11,0,66,10,2,0,3,117,0,15,5,0,11,0
209,17,20,67,0,37,35,0,0,15,86,1,21,13,19,0,0,11,0,66,7,2,36,6,121,0,15,5,0,0,0
210,30,188,0,34,20,7,0,73,15,0,43,13,1,37,0,0,11,0,20,7,2,48,1,8,0,0,27,0,15,0
211,30,43,1,22,5,1,1,15,15,0,53,13,0,49,0,0,170,0,17,7,2,45,2,66,0,0,27,0,16,0
212,30,30,1,22,7,1,103,1,15,1,51,20,0,32,41,0,98,0,17,7,1,12,14,25,0,10,23,33,1,4
213,14,3,1,22,7,1,103,5,15,47,74,14,0,33,11,0,80,4,36,0,1,12,13,25,0,10,22,33,1,13
214,13,1,1,22,2,1,1,6,0,47,43,14,12,1,11,0,79,51,34,0,1,13,46,25,3,10,0,33,6,124
215,13,21,2,3,18,2,1,1,18,47,43,14,12,0,11,0,46,51,34,6,0,14,65,0,0,11,0,16,5,146
216,2,23,6,22,16,2,1,1,18,92,57,13,12,0,0,0,2,82,34,6,10,14,62,1,0,1,0,4,0,119
217,1,2,19,35,10,1,3,46,30,43,14,42,11,1,2,1,6,31,43,31,10,76,21,0,44,34,0,3,0,40
218,1,87,19,31,10,1,1,1,30,41,22,41,11,2,2,76,1,31,54,27,10,1,1,1,44,22,0,2,24,6
219,1,82,20,5,11,10,1,1,30,37,22,72,1,3,1,76,24,31,54,26,10,2,1,12,21,3,0,0,15,28
220,1,2,21,4,1,10,1,2,13,13,40,71,2,3,1,76,26,31,52,25,20,1,81,36,0,2,0,21,16,28
221,1,37,8,30,1,1,10,0,1,15,23,43,44,0,4,75,26,31,57,25,20,0,50,0,0,8,0,56,16,18
222,0,36,0,30,1,40,11,0,1,2,18,58,23,1,4,0,0,5,39,31,10,0,50,0,0,75,0,63,102,0
223,0,36,1,30,11,40,12,0,1,1,18,58,23,42,4,0,0,5,29,31,10,0,0,0,0,40,0,72,136,0
224,0,16,0,29,11,39,12,2,0,0,19,61,40,95,0,0,10,7,29,31,0,1,18,0,0,14,0,30,136,0
225,0,0,0,1,10,1,12,2,0,5,15,101,17,154,0,1,10,30,29,32,0,1,18,0,0,14,0,11,136,0
226,0,1,0,0,10,0,102,0,0,5,15,91,1,154,0,2,12,47,0,26,0,15,43,17,0,14,0,45,0,0
227,1,1,0,18,0,0,107,14,0,14,15,100,1,18,122,2,14,46,0,12,14,15,25,17,0,10,0,34,0,0
228,1,19,5,3,0,0,78,0,0,0,15,110,1,85,53,2,19,46,27,12,14,0,6,31,15,24,0,34,0,0
229,1,69,4,3,0,39,78,71,0,11,0,23,2,66,53,0,19,32,27,1,14,0,7,13,15,51,0,1,0,0
230,1,30,4,4,3,39,0,68,0,77,0,23,2,1,131,0,0,18,37,0,14,0,7,12,29,41,0,1,0,58
231,7,30,4,68,3,43,1,1,0,67,9,53,2,1,66,0,52,15,10,0,14,0,27,0,29,4,0,36,0,58
232,7,16,1,66,3,4,89,1,0,39,28,66,0,1,66,2,52,0,10,0,0,0,27,0,96,3,0,23,0,0
233,6,1,1,54,0,55,88,0,0,39,28,66,0,15,0,14,0,52,10,0,0,0,28,0,68,4,0,68,3,0
234,6,1,1,1,0,94,165,0,0,0,28,66,39,5,0,29,0,52,0,0,10,0,28,0,67,1,0,4,3,0
235,6,6,1,1,0,56,65,0,27,52,0,66,39,0,67,29,1,0,0,69,34,0,70,0,4,0,0,4,3,0
236,6,5,13,1,0,3,38,1,27,118,0,17,0,0,1,17,1,0,0,69,34,0,145,56,8,39,1,0,0,0
237,1,29,12,0,0,3,13,1,27,118,0,0,58,18,2,0,1,0,1,69,33,0,145,20,5,15,26,3,0,0
238,0,24,0,121,0,0,0,1,27,0,0,5,70,18,2,0,0,18,1,69,33,0,24,141,0,15,26,4,0,1
239,0,24,0,39,0,4,0,1,0,0,0,5,70,24,1,0,36,18,2,33,20,19,15,123,125,0,11,4,0,26
240,0,18,0,38,1,4,0,33,0,0,0,29,1,10,0,0,36,16,1,0,20,16,62,146,126,0,11,6,0,26
241,0,98,0,148,1,4,0,0,0,0,7,29,0,26,0,0,36,0,1,0,16,17,62,0,46,33,11,39,0,26
242,1,109,0,137,1,4,15,2,0,9,7,29,0,26,0,16,0,0,1,0,16,1,47,0,45,33,0,39,0,62
243,1,96,2,134,17,48,1,2,0,9,17,24,71,0,3,82,15,5,1,0,0,0,0,0,0,33,0,39,0,0
244,11,85,2,123,54,48,1,1,0,9,17,35,71,0,3,8,48,5,0,0,1,0,0,0,2,0,0,2,0,74
245,11,62,2,38,53,1,49,1,0,9,10,108,38,0,71,8,46,5,0,2,43,0,0,3,2,0,0,2,0,36
246,11,2,2,1,52,1,49,4,1,0,0,146,38,14,58,30,25,10,0,2,45,0,0,36,13,0,0,60,0,0
247,11,1,40,1,0,1,49,4,39,32,0,138,0,18,60,30,0,10,0,2,41,52,0,36,13,0,0,22,0,0
248,11,1,47,1,1,0,0,0,39,32,0,60,27,13,50,0,127,22,0,2,40,25,1,0,11,0,31,59,0,0
249,10,4,67,71,2,0,3,0,39,1,0,0,12,8,4,0,122,22,0,0,29,0,1,16,11,0,93,37,48,0
250,1,4,37,71,2,1,70,1,50,1,11,8,12,4,4,0,115,22,0,0,29,0,1,17,0,0,63,28,48,0
251,0,3,37,0,1,2,57,3,12,0,47,8,12,28,71,36,64,17,0,0,6,58,4,0,10,1,63,0,51,9
252,0,3,0,0,1,1,59,2,24,1,47,8,1,28,71,36,3,16,0,0,6,129,1,29,8,1,9,0,52,64
253,27,0,0,0,1,176,1,9,24,2,38,8,1,10,71,44,25,5,0,3,6,11,0,7,1,1,12,52,1,64
254,27,1,34,0,0,89,110,12,12,81,0,10,1,1,0,40,25,38,0,6,6,1,0,8,1,0,11,52,2,32
255,27,1,34,82,0,0,199,27,12,0,6,10,0,34,0,7,0,65,0,6,0,1,0,19,0,7,3,52,3,5
256,27,3,1,48,12,0,200,74,0,0,6,10,7,33,0,0,0,27,0,6,0,1,4,20,0,7,41,72,1,0
257,27,1,3,8,12,1,202,74,0,0,0,0,7,33,54,0,10,30,0,3,0,1,4,20,0,0,41,68,1,0
258,16,41,77,8,12,8,4,1,0,0,0,0,0,33,54,0,10,38,0,126,0,73,11,14,0,12,1,60,1,0
259,16,68,87,9,0,8,7,0,0,0,0,0,1,0,54,0,0,11,0,156,0,73,10,12,0,12,2,74,0,0
260,0,17,101,9,0,5,7,0,0,8,0,0,1,0,64,0,0,8,0,156,0,0,10,12,0,12,59,75,54,2
261,13,110,8,1,1,0,1,12,0,1,0,0,0,0,75,0,5,0,0,140,0,14,22,8,0,0,59,71,54,5
262,13,100,3,1,26,1,1,55,0,0,0,0,0,0,25,0,5,8,16,43,0,14,23,8,103,10,59,27,54,5
263,13,77,1,4,26,1,71,43,6,14,0,19,0,0,11,0,5,23,19,0,0,0,12,8,103,10,59,8,64,3
264,13,1,1,2,80,16,53,0,6,2,0,20,0,1,25,5,19,23,19,0,0,0,1,51,103,10,0,0,10,139
265,13,50,1,1,80,16,71,1,6,2,0,20,0,4,30,5,16,23,3,54,0,10,2,21,0,0,16,0,10,145
266,6,185,1,53,1,108,22,1,0,1,0,20,0,3,5,10,1,23,9,54,0,10,16,16,0,0,16,8,21,10
267,0,39,3,3,40,69,1,1,0,0,0,20,185,5,55,8,0,23,9,54,1,10,16,0,0,0,16,14,18,10
268,0,39,3,3,39,0,70,1,0,0,0,20,64,5,50,8,16,3,6,54,1,121,16,0,23,0,16,14,18,10
269,0,52,3,3,55,0,57,26,0,16,19,1,64,15,42,6,6,3,0,0,1,121,0,0,0,0,0,68,34,8
270,0,48,0,0,73,0,57,26,0,1,19,22,3,10,43,6,1,8,0,0,0,92,5,0,0,0,78,83,17,8
271,0,14,0,0,78,34,111,0,0,1,19,22,36,10,14,2,30,8,0,0,0,40,5,0,0,0,78,81,17,0
272,0,14,28,0,40,35,0,0,0,0,19,22,10,0,4,0,29,6,0,0,0,24,5,0,11,1,78,98,90,86
273,2,14,114,0,40,35,0,0,17,25,19,22,3,0,1,0,39,3,3,0,0,1,11,0,11,1,78,127,34,0
274,2,1,86,27,40,4,25,0,29,0,20,48,3,1,0,0,46,92,3,10,0,58,11,0,0,20,22,18,34,0
275,6,1,67,41,41,5,35,23,29,1,20,48,2,1,1,1,47,93,3,10,0,58,7,0,18,19,0,0,23,0
276,6,16,2,18,1,1,58,23,29,1,20,33,1,4,24,1,11,90,41,10,4,57,0,0,18,26,1,0,104,0
277,6,26,2,0,25,0,34,40,12,0,20,33,1,4,42,58,11,1,144,10,4,0,89,2,27,7,1,0,1,0
278,4,49,0,1,24,0,0,40,1,2,20,48,47,11,52,32,26,1,83,10,4,1,104,4,27,7,1,0,1,0
279,4,12,24,1,24,1,1,17,1,3,0,27,44,11,52,0,49,18,41,10,4,1,105,34,9,7,22,41,1,36
280,4,9,24,24,101,1,18,1,1,3,0,27,21,3,27,0,54,18,0,48,4,1,69,13,9,0,54,62,0,4
281,2,9,2,23,102,1,10,27,1,38,0,40,0,3,30,0,50,2,14,48,0,1,41,13,3,52,53,10,0,25
282,0,8,0,0,103,0,35,26,1,34,0,34,0,0,94,0,9,1,16,24,0,1,50,0,5,52,32,1,41,33
283,0,9,11,21,28,0,35,0,1,75,0,11,75,0,86,3,0,1,16,24,0,0,48,0,1,52,32,0,41,30
284,0,0,11,21,1,0,25,0,0,0,0,20,75,1,54,3,27,29,2,3,0,0,158,0,1,52,32,30,41,14
285,0,0,36,0,1,0,0,2,52,0,0,20,1,1,74,3,25,62,2,3,0,0,125,0,1,75,32,30,41,14
286,0,0,32,0,1,1,25,2,52,0,9,9,0,29,75,17,25,36,0,0,0,0,155,0,1,75,45,0,11,0
287,0,0,23,25,1,1,57,2,52,0,9,0,0,28,36,26,0,36,83,0,42,0,69,0,11,0,13,75,11,0
288,0,0,0,8,0,1,57,0,52,0,9,0,0,28,51,23,0,38,85,0,43,0,72,23,10,0,14,75,11,0
289,0,0,51,8,0,23,0,0,52,69,9,57,11,28,49,0,23,40,85,0,43,0,3,0,10,0,14,24,0,1
290,1,0,51,0,0,9,0,0,28,144,0,81,11,0,50,0,22,4,0,7,43,1,3,0,45,14,0,1,85,0
291,1,121,73,33,0,9,0,0,28,26,0,49,0,0,1,0,38,4,0,7,75,1,0,0,2,14,0,44,74,0
292,1,73,73,43,1,18,1,1,28,10,0,49,0,0,1,0,12,0,0,7,44,26,27,31,0,0,1,34,71,48
293,1,70,85,43,1,16,18,12,22,10,0,49,34,0,0,1,0,0,0,7,35,5,23,35,0,0,1,6,95,31
294,1,10,104,69,0,1,34,1,0,0,0,25,34,2,72,1,1,0,0,7,34,5,34,35,44,0,1,6,48,31
295,0,0,104,90,0,8,23,0,0,6,0,32,0,2,47,39,1,0,0,0,3,24,35,5,44,0,32,49,56,0
296,0,0,0,90,0,3,23,0,0,11,0,31,1,2,49,38,4,0,0,0,0,28,3,5,44,0,32,45,157,34
297,0,29,1,33,0,0,2,45,0,14,0,31,3,3,26,38,5,0,0,0,0,26,0,0,124,0,32,0,133,55
298,0,53,31,0,0,0,2,45,0,34,0,3,117,3,44,4,49,33,0,0,0,26,0,0,80,0,1,1,51,23
299,0,52,46,1,1,0,0,0,0,23,0,0,116,48,42,4,35,61,19,0,0,3,0,0,80,0,0,1,32,36
300,1,1,12,81,1,0,1,0,3,58,0,0,53,44,45,4,35,60,19,23,0,17,62,0,0,0,34,0,33,13
301,1,1,14,58,33,1,1,1,3,71,1,8,0,40,1,0,30,29,19,23,0,15,209,0,0,0,34,1,1,5
302,1,1,2,65,33,1,1,20,0,71,1,8,3,68,50,0,30,1,5,23,0,16,153,0,0,12,34,1,0,0
303,1,1,2,65,0,20,0,20,33,71,1,8,48,49,73,0,0,1,5,0,0,2,138,0,0,13,34,0,0,15
304,1,1,4,194,0,20,0,0,41,63,0,11,47,28,80,0,15,3,5,0,0,23,0,0,1,13,31,0,0,19
305,1,1,2,129,63,20,0,102,41,0,0,11,0,0,9,0,80,2,5,0,0,23,47,0,1,13,2,1,0,47
306,1,0,9,144,63,14,47,102,40,0,0,3,0,0,9,0,65,2,5,0,0,21,68,0,1,1,4,1,0,0
307,0,27,9,15,63,146,47,0,41,0,0,3,102,0,7,21,0,5,0,0,5,0,53,0,50,1,4,1,0,0
308,2,74,5,15,63,146,1,0,41,0,0,7,30,0,6,21,72,4,0,0,5,3,53,0,50,1,0,1,0,0
309,2,74,1,1,6,162,1,16,1,1,0,4,33,40,0,21,72,5,33,0,5,3,4,0,50,1,63,1,0,0
310,2,1,76,1,10,98,1,16,66,1,0,5,33,40,1,21,65,5,36,50,5,0,4,0,0,0,63,0,0,0
311,2,1,75,0,11,1,1,0,65,1,77,5,33,40,2,0,65,5,36,50,2,0,0,24,0,0,85,0,3,16
312,0,0,76,0,11,1,0,0,65,0,77,5,1,0,2,65,2,2,36,55,0,1,33,24,0,40,43,0,45,16
313,0,18,46,0,11,24,30,0,65,0,77,6,2,0,1,65,2,2,0,37,0,1,3,0,0,70,43,0,45,52
314,1,26,1,4,1,24,31,46,1,1,50,1,2,0,0,65,0,2,65,5,0,57,0,25,33,72,40,3,44,0
315,1,5,1,4,3,24,11,43,1,1,51,1,1,1,1,2,52,2,130,4,0,57,0,25,32,42,40,3,62,0
316,1,2,7,4,3,45,34,1,1,1,1,2,1,54,43,2,51,0,125,4,2,57,0,25,19,21,0,32,62,0
317,1,2,6,0,1,2,48,0,43,22,1,1,3,54,43,2,10,0,167,10,2,1,4,4,19,64,0,70,20,0
318,1,2,6,27,1,1,71,1,164,45,20,1,3,6,0,2,22,0,63,11,2,1,4,4,0,54,0,68,20,0
319,1,46,1,95,1,0,70,0,209,0,19,1,2,0,1,0,22,0,18,11,37,0,11,10,1,19,0,1,24,0
320,1,29,18,94,1,0,70,0,197,0,19,1,15,0,1,5,18,0,18,20,37,20,5,6,1,19,0,1,4,0
321,1,27,17,0,3,0,48,1,197,18,21,11,13,0,95,5,18,0,12,10,37,20,5,6,2,29,0,0,4,0
322,0,1,16,1,3,0,48,1,89,45,25,33,27,0,97,6,2,1,77,9,35,2,0,1,7,33,12,0,4,25
323,0,1,19,1,2,0,8,1,42,49,22,33,27,25,2,67,2,1,166,9,35,0,0,0,7,5,12,5,4,55
324,0,1,3,0,1,4,1,2,54,49,22,34,51,25,17,67,2,1,61,9,0,0,7,0,4,6,48,76,0,55
325,0,1,7,10,1,4,0,2,54,19,22,24,37,18,24,66,2,0,61,1,30,0,7,0,5,6,44,100,0,55
326,0,4,4,12,1,38,0,0,53,0,37,15,0,12,23,70,12,20,0,2,30,0,61,0,46,9,44,52,0,55
327,0,2,4,3,1,38,18,8,39,0,37,5,0,12,23,5,15,20,0,2,30,66,65,65,50,45,36,0,0,11
328,0,0,0,8,1,89,1,31,49,0,25,5,1,0,16,41,15,20,42,1,34,28,65,19,45,44,0,0,0,20
329,17,5,0,0,22,51,11,13,39,83,8,5,1,0,15,59,3,20,42,1,34,10,0,84,0,43,0,0,0,34
330,17,5,3,2,22,66,52,20,37,41,8,5,2,2,8,59,2,2,44,2,33,10,4,66,22,44,1,1,1,19
331,17,48,3,0,20,25,42,0,71,0,51,5,1,2,10,22,71,2,0,33,1,1,45,35,22,1,1,1,51,19
332,17,45,3,1,20,15,42,1,19,1,60,39,0,2,10,22,17,2,1,33,0,2,46,1,22,1,1,107,51,19
333,17,1,20,1,1,1,21,46,5,1,48,34,6,3,49,22,21,1,65,33,1,22,16,0,2,11,1,105,46,0
334,3,2,20,12,1,1,5,3,6,47,11,50,1,38,46,22,21,5,61,27,1,22,60,1,15,13,0,106,0,0
335,3,1,3,28,1,0,1,3,1,46,11,36,5,38,47,11,35,25,59,27,6,4,45,19,33,93,0,19,0,0
336,0,5,36,16,51,0,1,144,1,27,11,36,6,3,20,38,35,25,8,3,6,2,4,17,76,9,0,19,1,0
337,0,4,36,16,62,0,1,171,1,0,0,36,6,9,9,49,34,26,8,3,6,13,4,16,85,3,1,0,1,0
338,0,55,71,0,17,5,0,116,1,0,55,4,2,6,8,39,34,22,9,19,6,13,0,3,84,3,1,16,11,0
339,1,44,24,4,21,5,48,57,0,34,59,4,0,6,38,40,0,1,0,75,7,11,0,18,81,1,1,0,20,0
340,2,6,20,15,24,49,13,55,3,34,59,6,2,2,33,2,13,2,2,75,2,2,42,17,59,3,3,1,53,1
341,2,1,11,15,7,45,0,0,3,0,110,23,15,1,15,2,12,2,19,76,2,1,101,1,0,2,11,76,46,1
342,2,2,27,15,7,44,3,2,2,4,95,19,16,2,15,17,12,2,23,61,2,1,86,2,1,1,10,76,46,5
343,1,2,63,55,7,2,7,1,2,4,69,18,25,2,4,18,15,1,173,8,58,1,2,3,1,16,10,11,21,0
344,1,1,54,1,3,11,6,2,0,2,26,28,15,3,56,18,15,9,68,3,56,126,4,1,0,15,9,46,21,0
345,1,1,109,2,3,61,6,15,1,2,26,26,38,10,55,2,1,9,19,3,59,71,4,0,0,42,0,15,10,9
346,1,12,54,4,3,49,4,15,8,2,26,35,88,5,59,2,1,9,19,1,59,62,4,0,0,41,0,15,22,0
347,0,2,64,2,62,47,19,4,12,12,26,50,24,5,7,0,11,0,0,1,8,1,115,0,0,37,4,9,78,0
348,0,1,58,1,125,3,19,5,12,20,0,15,6,4,1,36,11,4,0,2,8,0,113,0,4,61,9,9,73,0
349,0,0,5,0,61,3,19,7,11,20,0,15,1,0,0,34,11,4,9,2,8,58,119,0,4,7,9,63,129,1
350,0,0,5,0,0,4,0,11,11,1,0,49,19,4,0,1,15,0,83,1,3,10,179,33,0,26,9,19,116,1
351,0,0,5,0,0,1,0,5,11,0,3,49,26,12,0,1,15,0,83,1,3,29,179,25,0,26,2,0,123,1
352,0,0,0,8,0,120,0,6,128,0,3,49,26,12,1,3,16,0,57,1,13,19,62,50,0,16,5,0,5,0
353,0,0,0,8,10,76,0,59,119,0,3,57,19,8,1,2,7,47,57,0,10,19,18,1,0,6,5,54,5,9
354,0,0,0,8,10,78,6,59,117,54,3,22,0,8,19,7,6,47,0,0,10,0,0,23,0,1,5,106,5,6
355,0,0,1,8,10,75,6,59,18,54,0,22,3,8,19,7,51,47,0,0,10,0,11,53,0,1,5,121,5,6
356,8,0,1,1,10,0,1,111,4,14,1,21,3,61,34,80,45,33,0,0,10,0,11,53,16,1,5,60,4,12
357,8,1,2,4,15,0,0,29,0,14,9,18,3,60,16,79,39,33,6,19,0,12,11,53,155,1,0,13,0,0
358,8,4,9,4,5,52,10,29,0,74,9,9,0,0,92,44,39,2,7,19,0,6,3,17,138,1,6,13,0,0
359,8,4,9,2,8,52,16,23,0,160,60,9,0,0,89,54,0,2,7,25,0,0,0,56,0,0,6,10,0,0
360,8,2,12,2,3,50,16,10,16,82,60,8,1,1,89,54,2,2,1,24,19,0,0,122,0,10,6,0,0,0
361,8,2,3,4,3,19,0,6,21,99,19,8,1,1,101,94,1,2,0,24,19,0,0,1,0,19,7,122,0,16
362,0,0,3,1,3,19,0,5,21,99,28,8,1,2,103,85,2,2,0,24,19,0,45,1,0,19,17,87,0,6
363,18,0,0,0,3,47,4,0,17,102,28,0,0,2,83,114,3,2,0,6,27,0,17,0,0,12,17,98,0,0
364,47,1,4,34,0,47,12,0,71,3,1,1,0,26,30,111,0,29,0,0,27,0,17,26,0,22,17,71,0,3
365,47,2,4,38,18,81,12,0,71,3,0,7,0,55,18,77,0,30,0,0,12,11,3,25,53,22,11,0,0,0
366,47,1,5,5,18,26,67,0,66,75,13,7,0,57,18,44,0,30,0,2,8,11,8,0,53,28,0,0,0,11
367,42,1,4,1,18,26,29,1,66,73,32,1,0,44,9,53,0,30,6,2,9,71,8,0,53,10,0,0,0,11
368,42,12,44,1,33,27,24,1,0,0,32,1,23,102,5,15,0,14,83,3,5,65,1,8,53,6,0,0,0,0
369,21,0,19,1,15,52,24,1,0,0,50,1,32,23,55,6,9,24,83,3,5,49,15,8,53,5,28,0,18,0
370,14,1,4,54,15,33,25,34,0,7,50,0,63,0,52,25,9,19,0,1,5,93,15,8,0,0,36,0,37,0
371,14,1,47,54,15,33,1,28,0,7,19,0,18,0,60,19,9,50,18,3,5,92,39,0,0,0,36,0,20,12
372,14,1,39,15,1,33,0,15,8,0,19,1,57,0,60,19,28,50,18,2,4,92,24,15,7,0,36,10,20,12
373,0,0,13,15,1,55,26,15,8,0,18,1,0,14,73,0,19,42,75,2,0,0,34,42,7,0,8,28,92,12
374,0,12,1,3,1,54,81,15,8,0,18,1,0,0,18,0,0,31,75,2,0,0,35,15,7,0,6,113,92,12
375,0,12,1,0,3,54,105,3,8,13,23,0,15,31,31,0,3,0,57,0,1,0,11,5,7,0,0,121,85,11
376,0,12,5,0,0,0,192,3,8,13,41,0,3,31,31,0,3,16,56,0,1,0,1,0,3,10,0,138,33,0
377,0,0,5,37,0,1,225,0,2,25,37,0,6,4,18,0,3,16,14,55,1,0,0,0,3,60,0,0,88,0
378,0,56,5,6,0,1,27,0,0,25,37,0,6,4,37,32,3,28,14,55,1,0,1,2,2,60,0,0,0,198
379,0,57,5,0,0,1,29,0,0,31,38,3,14,2,27,13,25,28,0,55,1,13,1,0,0,59,70,0,0,128
380,0,2,76,59,0,1,29,28,0,6,38,3,21,2,6,6,25,0,0,28,1,13,1,0,0,0,70,52,1,132
381,0,3,71,31,0,0,0,28,0,40,76,3,29,1,6,6,41,0,0,28,1,0,1,0,0,0,88,52,1,94
382,37,1,46,31,0,7,36,106,9,60,39,6,20,0,0,6,34,16,0,25,1,0,6,0,8,0,53,52,1,0
383,37,1,40,1,15,2,36,13,9,59,39,3,4,1,26,11,34,16,18,0,1,0,6,55,8,0,39,32,1,93
384,14,2,3,14,49,2,2,2,10,79,1,4,22,1,81,11,1,39,18,1,1,1,6,76,14,1,18,32,4,91
385,14,1,6,5,51,1,2,1,10,111,10,1,0,1,68,99,15,39,6,1,4,1,22,54,23,1,0,33,7,13
386,18,1,10,8,51,1,14,2,10,140,10,1,70,1,1,97,15,22,3,1,3,1,22,22,23,2,1,33,4,13
387,16,2,2,41,33,2,14,2,1,36,10,2,70,1,0,136,18,22,0,1,3,1,31,24,107,2,1,0,22,0
388,38,36,3,11,29,1,0,17,0,36,0,1,76,1,0,122,3,26,0,5,3,0,5,9,37,2,1,84,37,17
389,38,36,9,8,29,1,1,1,0,81,0,1,40,0,3,97,2,26,0,5,3,1,5,1,39,38,1,80,37,17
390,22,51,47,80,29,1,1,1,0,81,0,0,19,0,3,31,2,26,0,5,0,38,37,1,1,38,0,1,1,84
391,22,12,46,79,29,44,1,2,34,81,0,0,19,0,3,31,9,26,1,0,0,36,40,1,1,0,0,1,1,81
392,22,9,50,79,0,48,25,2,34,0,0,1,0,1,2,20,8,2,1,80,0,32,100,0,1,0,0,58,0,25
393,22,9,3,137,0,39,25,1,34,34,0,1,0,1,2,20,0,2,0,81,0,77,100,0,0,1,0,2,1,8
394,0,7,3,46,90,50,0,0,34,136,22,2,0,1,0,0,20,2,0,81,0,1,34,1,0,67,0,1,1,1
395,0,6,4,127,90,25,0,0,20,81,80,2,60,15,0,0,20,24,0,1,0,1,34,0,0,8,0,0,1,1
396,0,41,1,141,93,25,0,0,0,55,36,2,57,35,1,0,5,103,0,1,0,0,0,0,0,3,0,0,0,1
397,3,58,1,15,90,25,42,47,1,9,71,0,126,0,1,0,2,99,3,1,0,5,0,0,0,0,0,0,0,1
398,3,43,21,14,7,26,37,21,1,6,52,0,85,129,10,0,2,96,3,1,0,0,42,1,0,0,0,0,0,0
399,3,1,21,15,1,1,38,21,1,7,77,0,81,129,10,0,1,96,2,1,0,0,42,1,0,0,0,43,1,7
400,3,1,21,43,1,2,2,25,1,1,30,0,112,94,62,0,0,27,2,0,0,0,42,0,53,0,0,70,1,7
401,1,1,2,61,6,2,1,6,0,8,57,0,31,54,62,0,0,0,0,0,0,18,40,19,52,81,0,53,3,42
402,1,75,2,54,22,2,1,5,0,8,56,0,1,2,36,0,0,0,0,26,0,3,40,71,35,81,0,34,3,42
403,0,76,3,73,22,0,75,0,0,8,41,19,79,8,1,0,0,0,0,26,0,3,0,52,0,55,0,15,3,41
404,0,1,3,54,16,0,72,4,0,0,44,19,85,8,0,1,0,0,0,20,1,1,52,0,0,55,0,45,3,116
405,0,0,72,54,16,0,0,0,0,0,44,22,6,11,1,14,0,0,0,15,3,1,135,0,0,55,41,32,0,78
406,5,16,72,51,0,0,0,0,0,15,3,22,102,5,2,14,32,0,1,0,9,0,83,0,0,0,41,0,0,127
407,5,16,72,50,1,1,1,2,1,15,4,22,94,5,2,2,32,1,1,1,9,13,83,1,0,0,41,0,0,125
408,5,31,1,1,1,1,1,2,1,1,1,79,126,5,1,61,12,4,1,1,9,13,78,22,0,0,0,55,0,87
409,5,15,20,4,5,4,12,82,4,4,4,79,66,4,4,58,13,4,91,4,8,11,3,22,3,3,3,58,3,4
410,5,1,80,3,5,4,32,7,5,1,4,76,1,21,2,1,1,5,102,4,4,11,3,94,3,1,3,57,3,61
411,5,4,80,3,5,3,34,4,6,1,4,75,10,21,2,1,13,1,101,4,4,0,7,8,90,1,3,46,3,61
412,3,4,0,0,46,152,34,2,5,0,4,12,22,15,2,1,74,0,2,3,1,101,5,1,96,4,4,4,0,3
413,0,0,3,13,49,153,0,2,7,38,8,11,17,81,0,1,78,1,2,21,1,63,1,1,1,4,1,2,0,41
414,3,0,3,13,112,155,0,2,4,38,5,0,12,79,0,17,78,1,0,21,1,2,1,0,2,4,34,2,3,8
415,3,1,0,3,112,5,0,2,20,39,15,0,0,78,0,16,76,1,0,20,1,5,0,0,1,156,34,1,3,8
416,3,1,0,5,40,6,0,0,76,20,16,8,0,0,75,16,19,2,19,20,3,8,0,1,1,154,34,1,72,0
417,3,3,8,3,40,3,3,22,77,5,13,8,23,3,57,4,3,4,22,20,5,15,4,3,6,129,36,3,72,3
418,3,23,14,3,25,3,3,3,77,6,11,8,23,4,50,4,3,20,22,5,5,13,22,3,6,127,35,3,72,4
419,5,20,16,5,3,27,3,5,49,4,9,8,1,4,47,26,0,20,75,3,3,18,44,0,6,68,97,0,30,4
420,5,20,16,7,3,22,31,11,47,4,1,57,0,4,12,22,0,19,133,3,3,18,41,0,0,44,64,6,0,7
421,5,0,0,40,7,41,31,28,47,4,1,57,0,23,17,22,75,0,69,5,11,1,3,0,0,33,64,6,7,3
422,3,1,10,19,15,18,31,18,42,48,1,57,3,15,3,23,84,4,69,3,11,1,0,33,0,7,65,9,1,6
423,3,30,84,1,12,24,14,4,1,47,1,28,44,15,3,1,11,4,0,25,11,73,18,33,0,7,65,40,1,0
424,3,30,84,15,12,9,0,14,6,52,1,28,48,15,0,4,0,4,0,25,0,74,18,44,1,46,33,34,0,0
425,0,18,91,18,45,3,0,14,11,30,0,0,45,0,19,3,0,4,0,55,0,68,18,11,2,61,14,37,33,0
426,0,29,30,69,45,8,1,1,43,15,0,7,13,0,18,2,46,3,79,56,4,5,48,12,1,15,14,3,33,0
427,0,2,57,0,22,35,6,1,40,15,0,7,12,0,90,5,46,0,79,6,35,0,0,1,52,26,38,3,22,0
428,0,1,8,18,0,41,41,1,40,38,1,9,11,0,61,16,29,0,79,6,35,46,0,1,29,11,56,0,22,0
429,0,29,5,0,35,17,42,0,32,27,1,10,11,61,18,13,40,0,54,6,35,45,8,0,29,1,59,0,22,0
430,0,0,43,11,39,32,1,3,0,59,12,10,5,61,30,13,50,0,54,1,24,33,8,0,29,12,48,0,22,0
431,0,51,43,1,39,32,2,3,0,71,12,23,34,10,12,0,0,0,1,50,24,0,8,64,0,11,58,50,1,0
432,0,51,36,21,36,0,26,3,0,5,18,14,4,8,19,0,4,1,0,50,23,0,6,65,1,11,33,96,36,33
433,0,2,49,21,32,1,26,4,0,5,18,35,44,0,7,33,2,20,0,50,2,3,6,78,13,0,0,74,36,39
434,0,0,51,13,32,1,0,1,0,46,18,22,4,0,5,33,2,20,0,50,8,29,63,5,21,73,3,11,35,54
435,0,4,2,0,0,5,0,62,5,41,7,22,0,0,18,84,50,25,0,0,8,32,63,0,22,54,34,35,4,23
436,0,30,0,51,0,32,0,36,5,42,9,26,20,0,18,51,50,5,0,0,6,2,16,0,22,52,67,35,6,19
437,0,62,4,51,0,32,0,38,5,4,30,26,32,0,18,51,54,7,0,0,7,2,4,0,0,0,115,35,6,17
438,0,54,16,51,0,1,0,63,5,39,70,4,7,0,17,43,58,2,1,0,7,17,9,0,0,0,115,17,2,2
439,0,7,188,21,0,0,1,15,5,65,61,0,0,57,17,65,0,0,1,0,9,15,5,0,0,16,48,0,2,2
440,1,3,174,25,3,1,1,15,0,80,60,0,0,57,11,51,14,0,1,0,9,0,5,0,0,21,52,14,2,0
441,1,1,117,4,3,6,1,1,1,9,55,56,3,0,4,51,14,17,4,0,2,0,57,15,1,100,17,60,0,0
442,1,1,136,4,4,6,1,6,1,1,1,56,3,1,4,34,14,17,3,17,2,0,116,15,1,74,17,64,0,0
443,1,1,133,1,1,5,8,5,2,1,1,55,37,1,9,30,1,0,3,17,2,0,54,91,18,43,11,35,3,31
444,0,44,11,0,1,0,7,3,2,1,1,55,34,1,5,30,0,8,3,17,0,0,88,54,24,1,3,1,8,198
445,0,0,19,0,21,0,2,3,2,103,0,50,65,0,5,31,54,8,10,17,0,0,85,0,24,1,3,0,1,96
446,0,0,37,58,21,0,98,1,1,62,1,54,44,0,1,31,55,2,8,17,0,0,20,2,14,4,3,65,1,0
447,0,55,18,104,21,27,98,1,2,0,1,54,63,0,1,31,0,2,8,17,0,0,20,2,14,3,3,54,1,0
448,0,1,64,104,0,27,143,0,2,3,10,54,8,0,1,3,0,2,8,0,0,0,20,2,14,54,0,0,31,49
449,0,1,64,14,0,27,54,8,21,3,10,53,10,0,89,93,1,2,6,0,0,0,0,0,1,55,0,0,39,49
450,0,1,62,13,0,28,54,71,21,2,9,40,0,9,43,93,1,2,6,0,0,0,10,0,1,55,0,0,79,0
451,0,0,62,13,0,1,65,63,21,0,10,0,0,57,45,93,3,0,6,0,0,27,10,0,1,44,0,3,76,0
452,0,0,0,0,0,44,11,63,49,0,1,0,0,97,17,94,4,11,0,0,0,27,10,46,0,0,62,3,61,0
453,0,110,0,10,20,0,11,0,29,0,1,0,0,97,17,94,2,11,27,0,0,0,2,46,0,0,62,0,61,0
454,1,136,1,10,20,1,47,2,29,1,10,1,1,91,1,1,1,3,39,0,0,3,1,0,0,90,57,0,37,16
455,1,25,1,10,21,1,47,2,30,3,10,1,1,76,1,10,1,1,12,1,1,3,1,1,1,117,0,111,1,109
456,1,1,1,1,2,1,48,2,1,2,9,1,1,77,1,10,3,1,22,1,1,3,31,137,1,28,1,91,21,100
457,1,1,1,46,2,0,2,2,2,2,9,1,2,1,1,186,5,1,11,1,1,0,30,0,1,40,4,228,19,0
458,2,9,5,46,2,1,2,0,3,1,9,0,1,1,1,188,3,1,10,1,1,0,21,0,0,242,5,26,19,0
459,1,9,5,73,2,2,0,1,3,1,0,0,0,1,46,52,9,2,10,63,1,1,21,2,0,242,5,26,22,0
460,1,223,24,101,2,12,1,1,2,1,0,0,19,30,19,49,10,2,0,63,0,1,1,2,28,0,5,0,3,0
461,1,235,24,49,1,0,1,2,1,1,0,1,0,30,1,49,0,54,0,63,1,1,1,0,46,0,5,19,14,0
462,0,235,23,0,1,0,0,0,1,1,1,1,0,52,51,1,28,52,0,67,1,1,1,0,46,19,1,2,14,1
463,0,0,1,0,2,0,4,0,1,1,1,26,0,13,52,210,29,52,0,6,1,0,23,0,8,19,1,79,10,61
464,1,0,41,0,1,1,4,0,2,0,1,25,0,0,2,220,0,51,0,6,1,0,21,10,14,19,0,79,11,90
465,1,1,40,2,1,90,4,1,2,1,1,26,1,0,2,219,0,53,0,5,1,31,20,10,14,19,0,43,11,1
466,1,11,40,52,0,90,4,1,1,1,2,23,1,1,149,70,3,2,1,7,0,32,20,0,14,19,0,43,11,1
467,2,12,52,72,0,91,0,1,1,0,1,59,7,5,149,70,4,0,1,13,0,9,0,0,3,19,0,24,5,0
468,21,12,21,20,1,87,1,1,1,1,1,100,2,6,201,1,6,0,1,13,0,3,0,3,0,0,70,23,4,0
469,21,1,33,39,1,68,1,1,1,1,1,83,2,6,200,1,5,0,1,29,0,3,0,0,0,0,70,28,0,4
470,21,1,98,1,4,1,1,2,0,0,49,83,0,0,89,1,5,52,0,34,0,3,0,1,0,24,70,4,52,4
471,21,1,98,5,2,3,1,1,0,0,49,81,0,0,41,0,11,103,0,24,0,1,1,1,0,21,9,4,52,70
472,19,98,1,4,48,83,0,0,0,0,48,35,1,0,5,1,10,105,0,24,1,1,1,0,0,57,0,4,52,2
473,19,100,7,25,46,77,0,69,0,60,1,35,1,0,0,2,10,51,0,2,1,0,1,0,0,34,52,4,1,2
474,1,80,7,45,46,78,11,5,0,93,2,1,1,0,99,3,0,51,0,0,1,0,4,0,19,0,52,0,1,0
475,1,81,7,18,47,11,1,6,0,172,1,1,0,0,91,3,0,51,0,0,0,0,39,0,19,0,50,0,1,0
476,1,9,0,18,1,72,20,7,0,111,0,1,0,0,75,19,80,1,0,0,0,0,39,47,0,50,3,0,46,0
477,1,1,71,112,47,20,56,1,4,36,0,4,78,0,5,17,76,1,0,0,4,0,0,11,0,50,3,2,0,0
478,1,1,81,2,47,18,56,1,4,36,0,3,69,50,117,17,76,1,0,0,4,0,0,0,0,0,3,2,0,11
479,1,1,98,4,47,18,0,70,4,25,0,3,0,50,21,58,0,0,11,0,78,0,0,1,0,0,0,99,0,11
480,0,3,15,2,7,25,83,70,4,18,0,3,11,55,22,59,0,0,11,0,78,0,0,0,0,0,0,94,0,40
481,0,2,1,2,0,0,89,30,0,18,0,3,12,22,5,44,30,76,15,0,85,0,0,0,0,0,0,127,0,39
482,0,0,1,0,4,11,162,19,0,52,0,6,12,24,3,16,30,75,15,1,81,0,0,29,18,0,0,2,0,39
483,1,1,12,0,4,11,162,58,0,51,0,26,0,21,3,18,11,74,4,1,81,1,0,29,18,0,11,2,0,0
484,1,1,1,1,4,20,173,39,0,49,0,26,0,21,3,22,0,0,0,1,7,14,74,29,18,74,22,0,0,0
485,2,16,1,1,4,20,61,39,0,49,0,26,0,3,0,7,0,0,0,131,7,32,74,0,18,85,22,0,0,2
486,2,16,2,0,0,10,0,0,0,59,0,23,77,0,5,7,61,0,0,130,49,32,79,0,18,8,11,11,0,0
487,2,1,25,75,0,13,0,0,0,59,0,3,77,0,2,20,20,0,0,128,67,0,5,32,41,8,11,11,0,0
488,2,12,34,77,0,3,0,2,0,20,74,3,3,0,0,16,11,9,39,71,67,35,62,1,41,18,0,0,0,0
489,1,12,31,3,0,18,1,2,0,0,74,3,3,0,27,1,0,83,62,0,67,40,62,0,25,81,4,0,0,0
490,1,3,31,3,1,15,1,35,1,2,74,3,0,12,27,0,3,83,28,0,72,40,60,0,25,76,4,0,0,0
491,1,3,20,1,1,14,2,48,58,25,74,3,1,1,28,4,3,82,18,0,23,22,3,49,11,70,4,0,28,3
492,0,0,8,0,1,12,5,48,63,25,0,4,75,1,50,7,3,0,18,12,21,1,0,134,11,70,0,1,28,2
493,0,0,41,0,0,12,4,35,64,0,12,28,77,27,23,17,71,1,17,12,3,0,18,134,0,0,1,1,2,0
494,0,0,33,0,0,78,4,1,28,16,12,38,37,13,15,25,0,1,17,12,3,0,107,63,22,0,1,71,2,1
495,0,0,33,0,0,2,4,16,6,27,12,37,37,0,13,15,0,1,17,12,3,76,107,22,22,0,1,132,4,1
496,0,0,33,1,2,0,4,16,27,27,0,37,35,145,13,16,0,0,0,12,34,74,95,22,0,3,1,0,2,1
497,0,34,12,1,18,0,4,0,27,11,0,37,36,86,91,2,0,0,0,0,34,74,22,109,0,0,0,0,1,1
498,0,1,49,1,18,1,4,0,4,12,35,0,1,86,104,2,33,0,0,0,34,74,22,71,25,23,0,0,0,0
499,0,1,49,82,18,2,12,4,78,0,35,0,1,0,104,2,33,0,0,4,34,0,22,71,25,23,0,0,0,0
500,0,1,0,14,63,1,91,4,144,0,25,2,0,25,100,49,33,0,0,4,1,0,0,38,0,1,0,0,4,0
501,0,0,0,36,45,0,80,0,140,1,1,2,0,27,0,51,4,7,0,5,19,4,9,33,5,127,0,0,4,0
502,0,0,0,35,40,1,2,0,140,83,1,2,0,30,33,2,17,7,1,1,20,4,9,5,1,126,36,0,4,0
503,0,0,0,35,40,1,2,0,8,83,1,3,90,18,33,13,17,29,1,1,62,4,9,5,1,104,36,0,4,0
504,0,0,0,22,40,17,2,0,8,66,1,3,90,35,35,13,13,29,4,1,62,1,111,5,1,0,36,0,5,0
505,0,0,0,54,7,19,4,3,0,66,0,1,63,24,4,26,0,25,1,1,60,1,112,35,1,0,36,0,41,16
506,0,73,0,41,7,18,1,3,0,1,66,14,63,24,4,26,6,24,0,1,44,0,112,2,16,1,36,0,1,16
507,0,46,0,41,7,18,1,1,0,1,178,13,73,0,23,13,7,25,13,24,34,0,0,2,16,1,0,0,0,63
508,0,46,0,2,0,12,2,1,0,7,76,13,73,0,36,0,7,1,13,65,34,0,0,0,142,0,0,0,7,63
509,1,70,1,1,0,12,2,0,0,7,112,13,71,21,18,0,5,0,13,41,0,0,0,0,142,0,0,0,65,5
510,1,24,47,1,1,12,1,1,1,7,114,13,71,21,18,0,0,0,18,41,1,0,0,0,142,0,1,2,62,0
511,1,64,20,1,1,63,1,1,1,7,48,0,0,21,2,107,66,0,16,141,1,0,0,0,35,0,1,2,0,0
512,1,64,55,1,1,62,1,1,1,1,6,0,42,0,3,107,42,0,5,140,1,0,0,0,17,0,1,2,39,7
513,2,30,35,104,0,0,1,20,1,1,5,0,42,0,3,107,43,32,5,108,1,0,0,1,17,0,2,0,39,1
514,1,41,35,142,0,0,2,20,1,0,1,0,5,0,0,146,43,32,5,0,1,0,0,0,17,0,2,76,28,2
515,1,1,21,58,0,0,0,0,0,114,0,0,6,1,0,39,15,33,1,135,1,0,41,0,1,0,2,75,5,50
516,1,1,1,43,0,5,0,0,0,114,14,0,6,1,0,39,0,33,1,135,1,32,41,0,1,1,2,74,0,54
517,1,1,1,0,0,14,6,0,0,3,14,0,6,1,0,39,1,33,13,135,0,32,70,0,112,1,0,76,0,41
518,0,1,1,91,26,14,6,0,0,0,14,4,0,1,39,0,1,1,13,44,32,4,71,31,170,1,19,1,0,15
519,1,1,0,92,28,14,6,0,0,0,28,4,14,1,39,4,0,0,13,44,32,1,45,31,183,0,19,0,0,0
520,1,1,0,67,63,0,0,75,0,13,28,11,14,1,60,4,0,0,0,0,32,15,10,0,15,3,19,168,0,0
521,1,1,2,1,54,1,1,143,2,13,1,11,14,0,60,4,0,0,0,0,40,15,10,0,42,3,18,163,0,0
522,1,1,2,1,36,9,3,95,2,100,1,11,14,149,0,4,0,0,0,8,32,62,0,18,16,2,18,15,0,0
523,2,75,3,0,49,9,3,95,1,12,0,1,1,161,4,4,6,7,18,21,10,62,0,22,16,2,0,15,0,1
524,1,40,3,36,50,8,1,0,1,0,0,1,1,188,4,4,6,95,18,36,35,45,1,4,0,0,0,3,18,1
525,3,5,3,71,1,9,2,0,0,1,0,0,0,14,25,0,6,95,49,40,33,20,1,4,0,20,0,179,18,1
526,3,1,5,35,7,36,10,81,0,1,0,0,0,16,81,0,0,15,14,40,25,2,65,5,0,20,3,117,18,0
527,3,79,5,35,7,1,10,3,1,1,13,0,1,21,96,0,0,0,14,15,25,1,64,0,0,32,3,117,18,35
528,3,104,0,8,6,1,5,38,1,0,13,0,1,86,15,0,0,0,14,15,25,1,57,1,0,32,109,11,19,35
529,3,44,2,10,6,1,5,38,16,1,13,11,0,86,15,1,0,0,0,0,25,19,133,0,0,14,120,0,1,36
530,3,51,39,2,0,17,5,0,15,1,99,11,0,0,8,1,0,0,0,0,57,19,76,0,0,39,120,0,0,37
531,0,96,39,0,0,16,5,0,15,2,86,11,0,0,10,15,9,16,0,36,57,5,67,1,0,28,72,13,0,1
532,0,48,2,0,0,16,3,8,15,2,86,0,39,0,3,15,9,16,0,47,57,5,115,1,0,28,72,13,0,0
533,0,48,2,16,5,0,3,9,15,115,1,0,39,1,3,14,9,16,0,47,142,0,0,16,0,0,97,2,0,0
534,0,4,1,14,20,0,4,9,0,48,0,0,6,2,3,0,90,1,0,91,142,53,34,0,0,0,44,34,0,0
535,0,0,1,0,3,0,83,59,57,48,0,7,5,2,14,42,36,19,0,49,85,0,34,1,0,0,26,9,20,0
536,0,1,0,5,3,0,68,0,57,48,0,7,1,0,16,42,0,19,0,44,85,0,35,0,0,51,26,9,24,59
537,0,1,0,0,3,97,90,0,57,0,0,8,1,35,0,0,0,0,0,44,56,0,50,0,0,51,26,0,23,58
538,0,25,0,0,3,115,42,0,0,1,57,8,0,35,49,0,36,0,0,0,20,1,16,0,0,34,1,51,48,58
539,0,25,2,0,0,86,43,0,0,1,57,8,0,68,78,0,39,0,0,0,0,1,14,0,0,34,0,51,25,68
540,1,2,2,2,0,57,1,49,0,71,88,0,0,19,29,39,8,0,0,0,35,1,6,0,0,50,0,51,0,89
541,1,1,2,52,15,42,44,6,0,91,34,0,1,1,28,39,8,0,22,0,35,0,0,0,0,104,0,0,0,74
542,1,11,1,66,15,1,44,1,1,91,34,0,5,1,28,81,8,0,0,0,36,73,0,0,0,101,0,0,0,1
543,1,11,1,24,1,1,1,36,1,24,34,67,50,1,42,45,0,0,0,7,36,71,0,0,0,101,1,0,15,29
544,1,1,1,1,1,29,1,23,1,37,65,67,47,1,65,42,0,0,0,8,106,2,5,0,0,0,1,0,85,10
545,1,1,1,1,1,1,1,23,1,13,69,67,84,0,66,0,0,0,0,8,113,30,5,0,0,0,17,2,85,10
546,0,72,0,1,1,0,43,0,0,53,35,14,43,47,8,1,1,0,0,1,113,29,53,10,0,1,16,1,57,0
547,0,114,0,1,1,0,1,14,0,128,0,14,43,47,8,1,1,0,0,1,90,38,14,10,0,24,4,3,43,0
548,0,80,0,0,1,0,1,69,0,93,0,0,1,81,18,1,35,0,0,1,36,12,57,0,0,23,3,33,40,15
549,0,45,0,0,0,9,1,108,0,93,0,0,57,81,17,0,1,1,0,0,11,46,41,0,38,0,1,34,15,1
550,0,3,42,0,0,9,0,119,0,1,48,0,57,0,33,0,94,1,6,0,0,46,41,0,38,0,1,46,14,1
551,0,0,42,42,0,9,41,87,0,4,48,0,15,12,33,0,94,1,6,0,0,34,0,0,17,0,1,47,62,5
552,0,1,9,42,42,9,41,65,30,3,12,0,0,12,33,56,83,48,6,0,0,0,15,17,0,0,1,17,53,5
553,0,2,9,0,44,0,46,67,30,9,94,0,0,0,42,56,0,57,0,0,4,0,48,17,0,9,1,12,53,0
554,0,2,9,57,44,0,46,0,30,76,94,0,0,0,51,47,0,11,0,0,4,0,48,0,0,9,0,1,54,17
555,1,10,3,46,43,1,46,1,31,66,117,0,0,0,48,47,0,11,0,0,4,0,43,65,0,0,0,0,0,17
556,1,10,2,138,43,1,6,69,1,1,24,1,1,1,41,18,1,82,1,1,4,0,40,64,0,0,0,49,0,0
557,1,1,2,137,2,1,17,69,5,1,24,1,0,63,40,18,1,73,1,1,42,0,40,1,26,0,0,33,0,0
558,1,16,2,1,0,1,12,69,7,0,24,24,0,30,114,18,1,112,5,1,42,0,25,2,59,0,0,33,0,1
559,1,41,12,1,0,24,5,18,62,0,0,45,2,30,37,0,1,112,1,2,42,0,0,1,136,0,1,11,0,15
560,1,28,23,1,0,76,5,17,103,0,0,48,0,30,1,0,0,112,1,2,1,0,0,2,136,0,1,11,0,1
561,0,28,13,0,0,76,0,17,103,0,0,48,10,31,1,0,34,9,1,2,0,0,0,82,139,3,1,1,0,1
562,0,50,13,0,0,52,0,17,66,0,0,27,10,31,1,24,34,9,37,1,0,1,0,83,13,129,1,0,0,1
563,0,22,14,13,0,1,0,17,41,0,0,27,19,53,1,24,34,0,37,58,0,0,25,84,0,129,1,0,0,0
564,0,0,36,111,0,0,0,0,71,0,0,1,9,52,1,24,61,1,33,58,0,0,25,0,10,72,22,13,0,0
565,0,0,65,111,0,0,9,1,71,0,0,1,0,52,0,0,61,1,33,39,0,4,25,0,10,73,35,9,0,0
566,0,0,97,72,0,0,9,1,30,0,0,1,0,52,9,0,3,26,0,28,1,4,83,0,90,59,35,0,0,0
567,0,0,20,72,0,0,12,0,30,52,0,0,0,1,9,0,14,26,0,0,1,0,83,0,90,53,0,111,25,1
568,71,0,0,0,2,49,12,83,28,20,0,52,0,1,9,2,14,25,20,0,1,0,4,0,41,33,0,107,26,0
569,71,29,1,1,2,49,12,83,0,20,0,52,0,1,9,2,14,0,46,0,0,1,4,0,66,0,0,104,33,0
570,71,29,1,105,2,0,61,1,0,103,0,52,0,0,43,0,0,9,46,0,0,1,4,0,25,0,0,0,47,0
571,71,31,7,141,1,1,43,1,23,103,0,19,0,0,67,12,0,9,13,0,0,1,10,0,0,0,0,1,45,1
572,71,2,6,37,1,1,43,105,23,20,104,2,13,1,57,1,1,1,14,1,0,0,11,0,9,0,0,1,45,30
573,71,0,6,1,1,1,43,100,23,20,104,2,13,57,37,1,1,1,27,1,0,5,12,0,9,2,0,0,45,17
574,1,1,0,2,1,0,0,24,23,0,102,19,4,26,33,0,1,72,13,4,0,6,55,31,9,8,9,1,55,100
575,1,1,1,1,2,1,1,23,23,1,95,17,10,26,34,2,8,63,13,50,0,5,55,31,9,17,9,1,2,98
576,1,45,1,9,33,99,1,4,23,1,95,17,15,26,2,21,5,63,12,83,11,0,3,0,0,13,9,2,2,4
577,96,27,14,2,33,162,3,0,0,1,12,1,0,26,2,21,5,0,1,97,34,0,3,19,0,0,0,1,1,39
578,96,126,14,2,33,63,22,0,0,2,12,1,5,1,2,21,0,0,1,97,59,0,3,0,0,0,0,0,1,39
579,83,36,4,92,30,14,18,0,0,10,27,1,5,0,23,1,48,1,1,48,39,63,5,0,11,0,12,0,1,27
580,12,2,7,65,0,41,67,51,0,10,15,1,0,0,47,36,51,8,0,0,34,0,1,3,43,30,12,0,1,63
581,10,31,1,65,1,47,17,53,0,9,15,41,0,0,21,35,17,8,36,0,5,1,0,3,43,30,12,37,0,62
582,1,108,1,0,1,7,62,72,0,0,2,51,0,0,21,36,7,7,36,0,5,1,40,3,43,30,12,37,0,17
583,1,148,31,1,1,7,1,1,0,0,43,51,0,0,23,1,68,8,36,0,5,1,40,0,3,25,47,41,0,17
584,1,17,72,8,0,34,1,1,0,0,43,10,0,0,2,1,209,1,43,0,2,1,65,0,45,0,35,9,0,0
585,1,1,71,51,0,36,42,0,0,0,0,12,0,1,0,0,210,1,1,0,3,0,67,0,45,16,35,7,0,0
586,1,1,224,52,0,7,40,0,0,0,7,2,0,1,25,0,0,46,1,0,41,0,31,0,0,18,45,0,58,0
587,2,1,36,52,35,189,0,0,0,0,7,2,0,1,65,0,0,45,0,0,42,0,37,0,0,18,10,0,58,0
588,1,1,36,29,35,186,19,1,1,0,7,2,0,0,65,24,0,46,11,0,41,0,27,0,0,0,10,0,58,0
589,1,3,36,1,35,184,19,58,1,1,7,0,1,65,0,34,0,5,90,0,41,0,6,12,0,0,0,0,0,0
590,1,3,1,1,36,1,1,48,184,1,1,36,1,64,0,34,0,5,92,0,1,0,0,70,0,0,0,19,0,0
591,1,3,1,1,1,49,2,41,219,1,1,36,1,63,1,34,0,4,15,0,1,0,0,29,0,2,0,94,0,0
592,1,0,35,0,1,50,6,41,219,1,1,36,0,63,2,0,0,0,16,0,1,0,0,29,0,2,0,94,2,0
593,0,0,35,36,16,50,6,0,218,1,0,0,1,6,2,57,0,1,42,0,0,0,1,0,0,2,0,123,3,0
594,0,161,28,36,24,2,0,6,57,0,0,44,1,6,2,57,0,1,42,0,0,127,1,0,0,2,0,0,3,0
595,0,167,0,31,24,2,0,57,1,0,0,44,6,0,2,57,0,3,45,0,0,127,0,0,0,0,0,0,34,0
596,0,118,0,0,24,0,0,57,0,56,0,44,5,0,0,59,0,3,45,0,2,120,0,0,0,1,0,31,33,2
597,0,2,116,57,0,0,0,0,43,56,0,44,5,0,57,2,0,3,97,0,2,49,0,0,0,1,0,31,33,2
598,0,2,116,60,0,0,0,0,43,73,0,27,5,0,57,2,0,0,8,0,2,138,0,0,0,1,0,31,33,2
599,0,0,42,80,0,74,65,0,42,86,0,0,2,0,0,0,9,0,0,2,2,104,1,0,0,0,0,32,2,57
600,0,0,83,20,0,74,64,0,0,78,0,8,106,0,0,0,9,0,0,2,44,0,62,0,0,0,0,32,2,16
601,0,0,41,20,0,0,12,0,0,0,30,8,106,0,0,0,2,0,52,2,90,0,41,0,21,76,42,32,9,16
602,0,106,41,20,0,0,0,27,5,0,30,9,28,0,0,0,0,0,52,2,90,0,41,0,21,75,42,0,8,3
603,0,146,0,6,1,2,0,0,5,0,31,23,28,27,0,0,0,0,0,0,90,52,0,0,21,75,42,43,7,1
604,0,41,147,0,1,2,0,0,5,0,45,23,0,48,28,0,0,0,0,0,48,52,28,0,0,6,0,118,7,1
605,1,1,15,1,1,0,134,0,5,0,45,60,0,45,28,0,0,0,0,0,48,93,28,0,0,6,0,81,7,1
606,1,49,15,14,0,53,134,30,5,0,15,52,0,45,28,1,0,0,0,4,0,40,28,0,0,7,0,77,2,0
607,1,49,15,5,26,53,162,30,0,0,15,129,0,9,0,1,0,0,8,4,26,40,2,19,5,1,0,0,0,0
608,1,1,59,6,26,17,160,30,0,0,17,114,0,9,0,37,16,0,0,4,26,40,0,19,18,0,0,0,0,0
609,1,3,54,28,26,13,46,42,0,0,2,117,0,9,0,36,15,0,0,3,26,0,114,0,42,0,18,0,5,0
610,1,3,0,27,26,1,32,30,12,2,1,93,0,9,1,51,89,19,0,3,26,0,114,0,37,0,18,0,5,0
611,10,0,3,37,26,76,5,30,12,3,1,18,53,0,0,51,39,43,0,0,26,0,104,3,37,2,18,0,3,0
612,10,30,5,37,3,114,5,0,12,105,0,16,53,37,0,51,0,43,0,0,27,0,29,3,0,2,18,0,0,0
613,10,6,31,37,3,110,6,1,0,105,0,16,50,40,26,15,0,43,0,1,1,0,29,20,0,14,0,0,36,0
614,10,3,34,53,3,1,1,1,11,213,0,16,50,29,26,0,0,43,0,1,1,0,29,20,0,12,0,0,41,2
615,10,1,5,16,1,10,15,44,78,202,0,0,1,5,58,16,0,0,0,1,1,9,27,18,37,0,0,2,41,2
616,10,1,46,2,1,3,15,44,78,108,0,0,1,40,32,0,0,41,0,1,97,9,35,34,0,0,0,2,0,0
617,1,1,43,2,1,2,15,44,78,2,1,0,34,40,2,1,9,41,0,69,96,0,35,9,31,0,0,3,0,40
618,2,1,0,0,2,45,43,1,78,2,1,0,34,11,0,1,49,42,2,98,96,0,35,9,31,0,0,17,0,0
619,1,0,1,5,2,83,44,0,0,2,4,0,16,25,1,1,40,42,2,116,96,0,0,73,32,0,0,14,0,0
620,1,1,60,5,2,26,44,1,1,32,4,0,0,24,1,1,0,15,2,115,92,0,2,64,1,67,9,30,0,0
621,1,2,24,1,0,26,79,1,1,96,49,10,0,14,5,1,2,0,0,115,72,0,2,0,2,67,9,0,21,0
622,1,72,0,1,0,2,104,0,0,115,44,10,0,1,124,0,47,0,0,0,2,0,2,0,2,43,3,0,21,6
623,1,1,1,1,1,1,25,1,0,115,18,1,0,1,152,2,44,0,0,44,2,2,0,72,5,43,0,0,21,46
624,1,1,1,1,1,1,1,0,0,98,2,1,3,1,93,2,44,148,0,44,43,47,0,0,3,18,0,0,0,46
625,1,1,2,1,1,1,2,1,1,74,2,25,3,1,80,3,2,147,1,44,43,48,1,1,3,62,45,1,1,2
626,1,1,50,1,4,1,1,2,1,0,2,27,2,0,139,1,2,145,1,44,56,2,2,1,3,64,45,1,1,0
627,3,4,46,3,8,1,3,1,5,13,2,26,60,75,73,1,1,70,1,32,89,1,2,2,0,1,45,1,31,0
628,3,77,25,1,30,3,4,1,5,1,2,49,11,2,106,47,1,23,1,1,89,1,33,1,1,51,0,0,31,0
629,3,4,27,1,59,43,3,1,4,1,2,47,11,3,56,42,78,25,48,1,48,1,33,2,1,50,0,5,1,0
630,3,4,25,0,59,43,0,1,0,5,25,47,2,1,45,42,74,4,48,1,48,1,15,16,21,35,0,4,30,1
631,6,76,27,3,18,43,12,0,0,4,22,0,1,5,39,43,82,4,90,0,48,1,15,41,10,0,0,4,5,1
632,6,75,25,3,10,1,21,5,1,40,23,1,0,5,42,1,83,4,128,0,11,0,5,41,14,50,0,0,5,0
633,6,72,18,1,1,1,9,14,1,2,23,39,1,1,85,1,31,16,222,1,13,1,8,1,2,21,0,0,9,0
634,0,0,16,4,1,2,9,10,25,3,1,39,1,11,62,78,52,4,222,1,35,1,3,5,8,0,0,0,3,4
635,0,0,1,4,0,2,9,9,25,63,1,39,1,11,2,79,52,6,106,1,35,1,3,5,6,1,130,0,4,4
636,0,3,0,19,4,0,2,13,50,48,15,50,0,12,2,78,38,3,85,1,37,0,0,0,6,1,130,2,1,0
637,0,3,38,14,2,1,30,10,50,47,28,24,0,10,0,78,0,3,7,1,33,1,81,0,6,0,130,2,1,0
638,0,116,0,0,2,5,3,131,21,1,27,18,0,2,14,0,46,1,7,1,33,28,0,29,6,4,90,15,0,0
639,0,3,0,21,2,114,26,133,21,1,27,18,0,0,14,0,46,1,7,2,12,29,0,9,0,4,90,17,0,3
640,0,48,3,21,0,114,49,133,1,5,27,0,0,0,14,108,0,1,7,2,11,1,21,4,1,19,0,3,5,2
641,0,0,27,21,0,114,25,0,0,5,18,0,0,0,14,14,95,1,0,1,11,48,22,5,1,19,7,3,14,135
642,0,11,27,30,0,114,25,0,0,0,0,0,0,0,0,14,95,0,0,1,11,48,40,5,1,14,7,8,14,135
643,0,6,30,10,0,0,135,23,0,0,0,4,1,0,21,114,0,2,2,1,0,46,44,1,1,14,6,6,9,124
644,17,6,30,2,0,0,141,23,0,0,0,5,1,0,29,114,0,2,2,0,0,46,27,0,1,14,0,6,10,124
645,17,23,26,1,6,0,120,0,1,87,0,49,1,14,12,31,0,2,2,0,0,0,6,18,1,25,25,0,9,124
646,17,23,21,8,6,1,120,8,1,79,1,180,13,24,2,31,0,1,0,0,0,0,0,11,0,24,25,1,3,0
647,17,25,1,1,6,1,1,8,1,79,1,175,3,31,2,5,1,1,21,0,0,3,0,6,0,5,0,1,120,85
648,17,24,5,0,6,4,19,8,1,1,1,176,1,14,2,1,7,0,21,0,0,3,0,0,79,6,0,0,166,38
649,17,1,5,2,0,3,43,8,1,1,0,12,1,15,2,1,164,0,27,0,0,3,0,0,78,13,0,0,165,38
650,17,15,21,10,1,3,24,1,1,1,2,12,1,1,3,0,29,0,30,0,0,135,8,0,77,8,0,0,161,39
651,12,15,28,10,1,0,12,9,1,1,2,21,1,1,9,0,29,0,30,0,0,134,79,1,1,12,32,0,120,39
652,2,0,54,1,2,0,12,10,1,95,2,61,0,1,18,0,0,0,3,0,86,50,7,1,1,12,32,84,55,10
653,2,1,36,1,1,1,1,11,1,82,13,48,0,1,36,0,0,0,3,1,86,51,75,10,11,12,32,84,0,0
654,2,1,1,1,1,0,85,169,0,22,14,48,7,1,14,0,0,2,36,1,86,1,74,11,11,0,0,12,0,0
655,2,1,1,1,1,1,85,168,1,15,14,23,7,44,17,1,1,2,33,1,86,1,65,1,11,1,0,12,4,0
656,2,1,112,1,1,2,85,56,1,16,13,17,4,44,2,1,1,8,33,23,41,1,122,2,9,1,0,0,1,0
657,0,1,112,1,36,76,55,1,1,16,15,0,4,33,2,1,21,19,0,65,0,1,87,45,6,1,0,0,1,0
658,0,0,142,0,36,76,55,0,1,16,17,0,1,0,46,1,23,50,2,64,0,0,57,4,6,1,1,1,0,0
659,1,1,165,1,31,0,55,0,0,0,7,21,2,0,46,1,23,47,2,64,0,0,63,1,6,3,54,1,5,0
660,1,1,151,1,0,0,55,7,0,0,18,21,2,5,46,0,1,52,61,59,0,6,18,0,0,4,54,1,36,0
661,1,3,46,1,3,16,0,7,0,18,17,21,0,5,57,0,106,80,59,0,0,6,2,0,59,4,53,0,36,0
662,1,11,13,1,3,16,0,10,0,18,17,21,0,0,55,0,42,80,59,0,0,0,2,33,63,65,53,1,35,1
663,1,6,1,1,15,24,31,4,0,10,16,7,0,0,0,42,58,64,0,17,0,0,51,33,59,64,0,1,94,1
664,1,6,1,1,12,29,66,3,1,10,11,9,4,1,1,42,58,64,1,17,0,0,50,34,55,62,0,0,59,2
665,1,61,1,1,21,76,99,1,2,1,11,57,4,1,8,0,0,59,1,17,1,2,50,7,14,1,0,0,59,44
666,0,61,60,59,9,68,0,11,2,1,0,58,1,4,1,0,47,21,1,17,1,2,0,106,14,1,0,0,12,43
667,0,10,1,57,72,5,0,104,3,4,0,109,0,3,0,0,51,20,1,17,1,2,12,2,0,0,0,14,13,99
668,0,0,1,72,72,7,12,62,1,4,0,117,0,45,0,0,51,8,0,0,1,2,12,0,0,21,0,0,13,99
669,0,0,1,15,63,2,63,0,1,60,0,61,99,42,3,5,57,8,0,1,1,1,1,62,0,21,0,9,24,0
670,0,0,1,15,63,2,26,0,2,83,41,38,61,1,7,5,57,38,0,1,0,1,0,62,0,55,0,30,11,0
671,0,26,0,0,123,12,0,0,1,23,41,38,30,1,9,6,57,38,0,1,0,0,0,77,1,116,0,0,0,0
672,0,23,0,2,61,38,0,4,1,0,73,38,87,0,5,27,0,38,0,1,0,0,60,39,7,96,0,0,0,0
673,0,25,0,2,61,37,0,42,0,0,73,5,1,39,6,23,0,36,0,1,0,0,60,0,7,96,0,0,86,0
674,0,0,0,0,61,42,0,39,0,0,128,6,0,8,8,24,26,71,3,1,0,0,0,0,37,0,0,60,86,0
675,0,0,0,0,59,67,0,46,0,22,128,6,2,8,2,2,7,71,1,0,2,0,0,0,31,0,0,60,86,0
676,0,0,0,0,0,25,0,47,101,22,89,6,2,8,0,1,7,63,1,0,2,0,60,0,31,0,2,47,86,0
677,1,3,7,23,0,2,0,32,101,23,87,1,0,0,0,39,0,70,0,8,26,0,65,0,0,0,2,109,1,0
678,1,2,2,1,20,0,0,0,10,24,72,1,0,79,23,39,1,70,0,8,26,2,65,91,0,0,0,62,1,0
679,1,2,1,1,29,39,3,2,4,24,73,62,0,79,23,1,1,70,0,8,25,9,51,91,0,1,0,0,0,0
680,1,52,1,2,26,44,2,72,10,47,0,62,0,73,1,2,1,0,1,7,96,10,0,89,0,1,0,0,0,0
681,0,0,27,54,27,48,2,72,30,29,2,64,0,47,1,2,1,0,24,1,72,8,0,89,0,0,0,0,0,0
682,0,0,27,54,27,17,2,7,31,68,67,64,0,0,48,1,1,0,2,1,72,0,0,89,0,0,0,0,22,0
683,11,1,1,52,3,44,2,7,1,73,66,59,1,1,47,1,1,1,2,7,0,0,0,140,0,30,0,0,49,0
684,11,41,0,0,3,26,61,0,1,72,26,0,1,1,52,47,0,1,2,7,0,18,0,39,0,48,0,1,32,110
685,11,84,115,1,47,0,15,30,1,72,0,0,0,2,13,47,0,39,0,7,0,1,0,39,0,18,0,26,32,0
686,11,111,154,8,46,1,1,1,2,1,0,0,0,5,1,1,0,39,0,0,0,46,0,72,1,18,0,41,40,0
687,11,30,75,80,46,1,22,1,80,1,0,0,0,5,1,1,81,39,0,0,0,25,0,0,18,41,1,1,40,0
688,0,30,73,72,46,1,22,1,82,1,11,0,0,3,10,1,42,56,0,0,0,0,0,0,17,42,41,1,23,25
689,1,1,39,84,1,1,22,1,82,2,11,0,0,11,39,1,53,41,0,0,1,0,0,0,43,41,41,1,58,25
690,1,30,40,13,1,2,21,1,79,42,11,0,0,9,137,0,13,41,0,2,1,0,0,0,43,0,40,1,71,1
691,1,30,1,1,0,2,30,0,104,48,0,0,0,43,138,2,1,28,58,2,1,24,40,0,0,0,31,0,14,1
692,1,2,1,1,0,2,9,12,27,87,0,21,0,43,139,30,0,28,46,2,1,24,1,12,0,0,31,0,2,78
693,0,2,0,1,27,0,9,4,38,47,0,21,2,43,13,30,0,28,46,128,1,24,3,22,0,0,31,0,2,78
694,0,3,13,12,27,0,17,1,38,47,43,21,2,0,9,32,14,1,0,128,1,0,2,34,0,0,31,0,46,78
695,1,3,15,21,27,0,17,78,13,47,43,0,2,0,21,39,43,1,0,113,25,0,2,25,18,0,0,0,46,0
696,11,0,14,29,63,0,17,0,12,0,27,0,0,13,8,58,25,1,1,113,33,0,0,0,18,29,0,82,46,0
697,11,1,8,18,63,1,1,14,13,1,27,0,0,41,8,130,56,1,1,3,33,0,0,2,18,27,0,78,44,0
698,11,57,9,18,40,1,1,58,1,79,1,0,0,40,0,129,0,18,0,3,33,0,48,0,1,27,0,0,23,2
699,10,65,4,37,40,2,1,1,1,77,1,1,28,41,1,125,1,19,1,3,10,0,47,0,1,58,0,0,23,2
700,10,48,3,0,0,114,0,1,1,5,1,1,71,1,38,176,1,59,1,1,1,1,4,0,0,58,0,2,0,2
701,11,48,3,1,0,118,124,19,1,1,1,1,71,1,20,52,1,57,1,1,1,1,4,0,0,58,0,2,0,2
702,1,4,35,2,1,72,123,18,1,1,12,2,71,0,20,51,0,57,0,15,1,1,49,3,0,55,0,2,0,3
703,1,2,13,1,1,0,1,2,47,123,11,5,25,1,0,0,0,55,1,15,1,0,120,74,20,55,0,5,1,20
704,1,2,1,120,4,0,1,1,72,14,11,5,54,2,0,0,51,1,1,16,0,55,116,23,13,1,0,2,1,32
705,1,4,1,32,4,1,3,1,72,14,11,5,54,2,101,0,52,1,1,16,40,51,4,23,72,1,3,0,1,29
706,1,4,1,32,4,53,3,2,71,30,0,5,54,0,101,14,23,11,1,2,40,51,10,0,72,0,5,1,2,7
707,0,4,0,40,4,53,0,2,24,30,0,0,0,1,0,14,23,11,1,2,40,8,58,101,72,54,56,1,1,0
708,0,0,0,9,4,56,0,0,24,37,0,31,33,12,0,14,23,0,0,4,40,1,54,104,40,54,56,4,0,0
709,1,1,4,2,2,33,1,1,24,37,1,31,33,12,8,36,1,1,1,4,40,1,40,99,47,55,55,28,1,0
710,1,1,4,18,2,3,1,1,55,7,1,61,45,12,10,24,0,1,55,4,40,1,40,55,8,1,41,10,1,97
711,1,1,5,18,1,1,40,11,55,1,8,61,41,1,1,25,1,1,58,4,0,1,13,14,48,43,0,10,1,135
712,1,1,25,1,1,1,46,9,55,1,36,61,14,81,19,1,1,1,57,4,1,0,12,0,62,44,0,10,0,55
713,1,1,26,1,2,1,22,9,43,1,36,52,2,80,18,1,2,1,52,5,1,1,76,2,56,54,1,1,1,51
714,1,1,29,1,2,0,22,0,13,1,35,52,1,80,15,1,31,1,52,5,1,1,64,43,14,68,1,2,1,62
715,11,1,4,0,2,22,0,5,12,1,29,25,0,33,73,1,78,34,35,5,1,53,62,38,15,14,22,2,0,22
716,11,17,4,18,0,66,0,36,12,0,30,25,1,62,71,38,17,33,3,5,1,22,32,0,15,1,22,35,1,22
717,11,15,3,3,29,76,1,9,0,0,2,7,2,89,70,39,17,33,1,5,1,22,48,12,3,1,22,58,1,20
718,11,2,18,36,64,1,77,10,11,0,2,6,2,87,56,39,0,0,1,4,0,17,48,12,3,1,21,23,1,47
719,37,18,16,0,64,2,76,1,11,2,1,4,2,22,61,39,72,0,1,31,1,0,0,23,2,49,21,0,12,32
720,31,94,68,3,64,2,1,1,13,1,0,4,18,23,49,1,6,0,4,27,12,0,0,25,1,70,0,0,50,32
721,31,93,31,1,35,2,1,1,43,5,0,0,18,1,37,36,43,0,36,27,12,0,0,2,2,33,0,61,49,0
722,31,76,32,1,1,1,1,12,46,1,1,1,41,1,36,38,32,0,12,27,12,0,0,8,2,23,0,71,85,8
723,31,0,105,28,1,1,3,11,42,0,14,1,63,1,35,38,1,0,97,0,12,0,8,3,2,63,1,31,0,8
724,61,0,16,41,1,89,2,37,43,22,48,1,39,30,0,3,2,0,77,14,12,0,8,3,1,40,1,1,0,8
725,30,1,1,1,1,80,1,28,13,22,46,1,4,70,1,1,4,1,85,16,1,19,58,30,32,40,1,0,9,3
726,30,32,7,1,1,4,2,22,13,22,46,0,4,39,2,1,1,1,14,16,17,99,47,30,31,24,1,0,89,4
727,30,78,21,1,5,58,2,21,2,11,75,1,2,39,3,1,1,1,9,16,17,94,32,1,1,1,2,29,46,0
728,30,73,22,12,4,1,31,1,2,1,31,1,97,22,4,0,11,1,9,16,17,1,41,37,3,102,1,19,10,0
729,30,6,79,13,1,1,31,2,2,25,46,1,82,1,11,1,11,0,9,0,32,4,5,37,2,102,1,55,10,0
730,8,1,73,15,63,1,31,17,21,0,46,1,29,43,12,1,11,0,12,0,26,4,0,35,2,100,1,39,8,0
731,27,14,5,1,63,1,0,2,76,0,41,36,4,76,4,1,76,0,41,0,26,0,21,4,2,43,8,19,0,9
732,27,1,1,2,63,0,0,16,76,0,26,77,13,33,2,1,74,43,39,0,26,23,36,4,2,2,8,1,1,3
733,27,1,24,1,0,63,79,16,44,0,26,42,13,0,4,0,0,41,0,0,26,2,65,6,33,1,8,2,40,36
734,27,32,24,1,4,50,95,16,1,38,4,42,53,0,3,0,41,3,0,0,0,2,32,1,33,1,0,23,40,34
735,27,67,25,5,4,50,95,16,1,38,0,41,53,0,3,0,75,3,0,0,0,2,32,5,33,1,0,23,1,0
736,18,42,1,5,4,0,22,41,0,1,41,40,102,0,2,24,75,3,0,22,0,51,1,5,0,2,0,23,75,0
737,0,42,1,0,5,0,18,41,0,0,41,0,59,0,6,23,116,3,0,40,0,51,45,4,3,1,4,23,74,0
738,0,42,4,0,20,1,0,38,3,0,41,23,59,0,8,23,1,0,0,43,8,49,48,0,3,1,4,107,74,0
739,0,2,43,5,20,37,0,0,14,0,19,23,48,0,9,20,0,0,0,43,8,9,40,49,3,0,4,130,74,0
740,0,2,43,5,18,0,45,0,59,0,19,23,0,0,1,20,0,36,74,43,8,9,40,49,0,0,4,97,5,0
741,0,0,22,34,18,42,46,0,59,0,53,0,18,0,1,2,51,36,45,1,47,9,1,85,0,0,25,0,5,0
742,0,0,4,29,36,42,3,43,59,5,34,0,0,0,1,6,51,55,0,0,47,52,1,42,45,22,21,0,1,1
743,0,0,4,0,72,35,1,43,30,20,34,5,3,0,29,6,0,54,10,1,54,43,1,66,45,22,21,0,0,1
744,0,0,7,5,69,8,1,43,30,20,34,5,3,0,29,1,49,0,10,1,55,0,0,18,99,49,21,0,43,0
745,0,0,13,3,69,48,1,0,0,20,0,5,3,99,31,0,50,0,0,1,50,0,30,18,0,131,25,0,3,0
746,0,0,0,0,8,40,25,0,5,15,0,5,0,99,31,0,119,0,0,1,50,18,30,0,3,131,4,0,0,16
747,0,0,18,0,8,40,56,0,5,0,41,5,0,99,46,0,47,1,126,0,50,0,30,0,3,5,4,0,0,16
748,0,0,65,0,5,46,43,0,5,0,41,0,4,32,51,17,0,1,124,67,50,42,0,0,3,0,0,0,4,0
749,0,0,2,0,10,3,19,0,0,17,44,37,4,53,17,17,0,1,146,67,33,63,0,63,0,0,0,0,4,0
750,32,15,0,16,6,3,19,0,0,1,29,37,15,21,18,16,0,1,146,67,31,54,4,63,0,0,0,0,4,2
751,56,15,17,0,9,3,19,0,0,64,5,37,15,21,34,31,0,1,22,67,38,53,4,0,0,0,0,86,0,3
752,56,12,21,1,9,19,46,37,0,63,5,55,0,0,16,31,0,0,22,22,39,53,7,2,0,0,0,82,0,2
753,56,30,1,1,9,2,44,37,0,0,0,32,0,47,1,31,15,0,22,22,39,0,24,7,0,0,0,75,0,105
754,56,38,23,6,0,85,0,15,4,0,0,18,44,48,1,53,23,0,0,0,39,11,17,11,0,0,0,64,0,44
755,24,38,23,7,1,110,16,1,4,1,0,16,44,29,33,22,67,0,0,0,39,12,19,11,0,64,0,19,0,0
756,24,1,61,27,7,89,16,1,4,20,0,0,0,29,33,22,48,0,44,3,18,6,19,8,0,85,0,19,0,16
757,9,1,109,4,7,4,16,6,9,101,0,0,0,29,55,22,0,0,61,3,13,1,12,3,0,85,0,34,0,16
758,0,22,114,0,6,4,0,6,18,101,0,0,85,35,25,0,7,0,83,6,1,1,5,16,0,0,0,46,2,17
759,0,0,28,34,16,10,5,4,57,0,0,0,107,0,23,31,7,1,126,7,1,0,7,102,0,0,16,15,2,1
760,0,0,0,21,16,6,91,4,77,0,0,0,23,0,36,31,35,1,109,7,1,0,22,101,0,0,17,0,2,0
761,0,22,4,21,16,10,85,0,100,14,5,0,1,7,36,31,28,1,78,3,1,0,17,0,0,0,17,2,0,101
762,0,22,4,0,16,4,12,0,92,14,5,0,0,19,36,0,30,1,95,23,0,0,15,15,0,74,17,5,0,101
763,0,22,4,0,0,0,90,55,37,14,1,0,0,76,36,4,7,0,17,23,0,0,0,15,0,73,17,5,45,59
764,0,0,94,0,0,0,0,123,37,13,1,0,0,61,0,4,7,2,9,19,0,9,0,39,0,73,0,1,45,63
765,0,0,111,0,0,0,0,37,28,0,0,17,0,23,60,4,5,2,1,15,0,9,47,105,0,75,0,0,45,16
766,0,0,95,49,0,0,0,17,6,0,0,17,0,23,60,0,20,2,1,31,0,31,47,109,1,75,0,0,1,15
767,0,0,29,49,0,0,17,1,73,0,0,10,0,23,67,0,50,2,85,16,0,1,128,31,1,0,0,0,0,17
768,0,0,36,0,0,0,10,50,73,15,0,10,0,0,67,0,50,23,85,16,0,0,128,19,1,0,0,3,12,2
769,0,0,19,0,35,0,20,154,73,0,4,0,0,0,3,0,5,23,101,16,1,15,94,15,0,5,0,3,12,2
770,23,15,8,0,35,0,16,93,73,11,88,0,0,0,0,0,0,0,29,0,1,15,99,0,0,5,20,3,0,66
771,23,15,8,74,36,0,13,49,44,11,88,0,0,0,2,3,0,0,12,0,94,15,5,0,0,4,20,0,20,64
772,23,1,1,74,16,16,1,39,44,11,84,9,1,0,1,3,12,5,0,0,94,0,5,0,0,4,30,13,55,58
773,20,1,59,77,16,16,1,1,44,11,3,9,20,0,84,4,12,5,12,0,93,0,5,0,0,1,18,13,36,39
774,20,1,1,9,15,32,0,59,19,1,3,8,24,0,84,1,23,5,12,0,93,68,15,0,10,1,18,3,36,39
775,0,0,0,1,45,34,0,115,19,1,17,16,6,18,93,0,1,25,12,0,7,68,15,0,10,23,10,0,36,28
776,0,0,0,2,30,48,35,114,5,9,17,8,6,33,101,0,1,17,12,0,0,96,0,0,10,23,10,22,0,1
777,0,10,6,2,30,16,34,44,0,99,33,8,22,29,3,32,176,0,12,0,0,0,0,0,8,13,0,22,0,1
778,0,10,18,0,0,15,34,44,21,5,44,0,22,29,97,32,163,0,0,0,0,0,1,0,8,24,0,2,30,1
779,0,1,16,2,34,1,0,44,36,5,65,0,22,28,81,6,167,0,1,0,0,0,1,29,7,23,0,0,30,1
780,1,1,5,2,35,1,0,0,80,0,63,0,1,33,5,3,19,0,1,0,0,0,186,28,7,22,0,0,106,1
781,1,72,14,18,35,1,0,0,80,0,50,0,31,23,5,3,1,0,1,26,0,0,117,34,7,0,0,0,81,0
782,1,70,14,18,35,1,17,0,11,0,50,28,0,23,7,1,3,0,72,26,0,0,100,37,7,0,0,0,79,0
783,1,67,14,53,23,4,17,1,11,1,1,28,1,23,2,1,1,0,70,33,0,5,33,32,32,0,0,0,79,67
784,1,33,1,35,23,4,15,1,11,68,1,28,1,7,20,1,1,0,66,33,0,5,33,33,17,16,0,0,79,67
785,1,22,1,43,23,4,26,79,2,68,1,28,10,0,20,1,0,8,58,25,0,6,0,33,17,16,0,7,34,67
786,1,10,128,43,18,3,26,90,2,0,0,28,0,12,0,1,1,8,0,53,0,6,0,33,8,15,6,7,34,67
787,0,10,81,71,18,15,1,29,32,0,35,25,0,13,15,0,29,9,49,32,1,16,65,7,8,0,6,0,33,0
788,0,37,0,64,0,96,0,0,32,1,42,25,0,11,15,18,29,9,49,38,1,10,64,0,8,37,6,2,6,0
789,0,33,38,26,0,96,0,0,32,1,42,42,0,11,15,18,29,4,49,21,1,10,64,0,8,37,5,11,7,0
790,1,33,39,1,0,80,0,14,0,90,40,42,0,2,0,17,61,4,0,46,2,10,0,1,0,36,16,9,51,5
791,1,1,1,1,1,112,1,14,1,93,40,61,18,21,1,1,57,0,10,31,2,0,0,1,0,0,16,17,51,47
792,1,2,1,2,1,112,1,90,1,11,14,61,17,21,1,2,55,0,0,31,1,10,0,1,0,0,16,41,27,80
793,1,1,51,19,1,39,2,40,1,49,14,114,1,22,18,2,1,1,16,31,1,10,55,0,0,0,0,41,27,42
794,1,2,68,43,0,2,1,49,1,39,28,117,1,5,3,1,1,1,16,17,1,10,55,0,0,40,9,18,38,33
795,0,1,69,83,0,0,36,49,0,21,19,77,3,5,3,1,0,2,16,11,0,10,56,0,18,49,15,18,38,0
796,0,0,3,82,16,0,2,42,7,55,24,77,2,3,23,0,0,2,66,1,0,0,1,0,29,93,16,18,38,0
797,0,55,6,0,16,0,2,38,11,82,19,3,2,3,97,39,1,2,41,1,0,25,18,0,29,94,16,0,0,0
798,0,55,6,0,16,0,2,55,11,67,39,1,2,3,21,75,1,2,41,1,0,26,18,2,85,41,16,0,0,14
799,0,55,6,0,16,0,0,53,11,19,97,1,2,0,3,75,11,3,11,4,0,26,20,2,85,30,15,0,41,14
800,0,0,0,0,0,0,30,94,4,19,97,3,0,0,87,90,11,3,11,4,17,40,3,9,1,20,0,0,57,0
801,1,1,75,0,0,0,41,5,0,2,68,3,42,0,140,17,0,3,11,3,17,15,3,11,18,20,0,89,15,0
802,1,1,40,89,0,15,49,12,0,10,68,2,42,2,111,9,0,3,10,2,17,15,0,38,43,20,0,1,0,0
803,1,1,40,157,0,0,8,12,0,22,0,1,42,21,111,39,15,1,0,2,16,15,0,40,43,2,0,1,10,0
804,1,0,0,163,0,0,8,0,1,37,0,0,42,21,2,33,15,19,0,109,16,16,20,29,5,13,0,1,49,0
805,1,141,0,56,0,16,5,0,43,0,18,1,0,21,2,31,15,19,10,111,0,2,20,32,5,12,0,0,39,0
806,0,90,4,107,0,31,0,2,43,0,18,31,1,19,0,3,39,19,40,111,0,6,20,2,2,12,0,0,0,0
807,0,1,4,107,0,17,0,2,43,0,18,31,1,0,96,18,39,19,40,34,0,5,20,1,2,0,1,0,12,89
808,0,4,1,51,0,17,0,0,63,0,0,46,1,0,113,18,80,19,40,19,0,5,18,0,2,0,1,0,13,89
809,0,4,14,0,0,0,0,0,101,0,0,47,0,0,113,17,42,1,3,19,18,5,55,17,52,0,1,0,2,89
810,0,0,14,0,43,0,31,0,58,0,0,83,107,0,38,15,4,1,2,19,18,0,57,46,51,0,1,6,2,4
811,1,1,14,7,42,1,31,1,58,5,1,83,2,1,38,16,1,0,108,19,19,0,57,44,43,0,1,0,2,4
812,1,82,13,7,26,2,2,1,58,4,1,82,3,17,0,1,0,0,90,19,19,0,57,0,0,0,1,16,63,35
813,1,90,1,9,26,1,22,2,39,17,0,60,1,17,0,1,0,1,88,36,19,42,1,0,0,6,0,16,103,1
814,1,66,1,7,1,1,26,1,1,13,0,60,1,59,2,1,0,2,43,17,19,43,39,26,0,6,45,16,102,1
815,1,2,65,17,1,1,21,40,1,39,1,60,1,57,2,14,0,3,11,17,6,43,29,0,0,6,46,15,98,3
816,1,1,35,10,12,1,21,38,2,39,16,1,1,41,8,59,30,63,3,17,16,13,0,0,6,0,33,11,82,40
817,1,11,118,31,12,0,1,0,1,120,16,1,3,0,7,49,28,61,3,17,16,13,0,0,1,1,33,16,0,40
818,2,10,69,1,0,28,132,17,1,0,16,1,3,0,31,4,0,59,1,0,16,13,59,40,1,1,33,5,57,0
819,1,23,9,1,1,28,103,30,0,30,0,61,0,0,1,3,0,53,0,0,16,1,92,46,2,4,0,38,57,0
820,1,23,20,1,1,28,107,30,0,30,0,60,0,0,1,0,38,53,0,0,0,1,92,6,1,18,0,0,49,40
821,1,23,20,1,57,1,51,28,1,30,1,58,1,1,2,1,1,2,0,0,1,38,86,6,82,17,1,47,2,40
822,1,87,3,25,56,52,51,28,1,1,1,47,1,1,1,2,40,4,1,2,1,44,1,1,80,17,1,47,2,1
823,0,14,44,58,77,2,12,86,1,50,1,0,1,1,2,2,18,4,1,2,65,1,1,1,32,17,1,44,62,0
824,0,14,31,0,73,16,11,86,18,50,29,0,0,2,60,1,18,4,2,2,65,25,1,5,4,0,35,10,38,0
825,0,14,31,1,73,3,0,16,18,51,29,0,0,2,60,0,1,0,12,1,83,26,5,17,14,0,34,0,39,70
826,1,1,31,1,0,76,38,16,30,20,29,0,8,1,60,0,0,0,1,1,129,25,4,10,1,0,34,0,13,70
827,1,1,10,0,1,9,38,3,13,16,29,0,8,17,2,0,60,0,0,1,131,67,22,26,1,0,34,31,13,66
828,1,17,8,1,1,35,15,49,13,1,0,4,54,0,40,2,57,0,0,0,131,13,18,0,1,0,34,31,12,62
829,1,11,8,1,0,33,82,49,0,1,0,6,54,0,40,2,0,0,12,0,50,17,97,0,0,1,34,32,1,68
830,1,1,11,12,34,17,42,1,0,17,79,6,1,0,92,1,0,0,12,62,49,17,18,1,69,1,0,1,1,54
831,0,0,3,12,34,0,11,31,30,17,79,6,1,0,55,1,0,0,12,62,40,4,56,1,69,1,8,1,11,55
832,1,1,2,1,1,0,1,31,31,51,116,6,35,0,33,0,0,31,65,62,1,2,69,0,38,0,8,0,12,2
833,1,1,22,32,1,0,3,13,31,8,16,6,34,0,209,0,49,24,53,34,13,7,20,2,1,0,8,0,12,0
834,1,27,22,5,5,8,11,13,31,8,0,1,84,16,232,0,32,24,9,1,13,7,12,2,1,34,0,0,1,0
835,1,10,23,3,69,8,11,1,1,25,47,1,51,0,227,0,31,0,6,1,13,0,13,0,1,34,0,15,1,7
836,1,1,10,3,69,176,10,1,0,21,44,1,1,4,51,53,0,0,6,1,13,4,21,0,0,85,0,15,2,7
837,0,0,11,1,18,178,0,1,0,0,44,0,1,4,72,53,0,1,58,1,13,4,31,1,0,85,0,15,1,7
838,0,0,12,110,33,81,0,0,0,0,0,0,0,0,76,22,31,1,52,1,0,5,18,7,44,37,0,0,6,64
839,0,0,13,97,15,0,21,18,0,0,0,0,34,0,25,22,64,1,52,51,0,5,10,7,44,4,0,0,6,111
840,0,19,1,97,21,0,31,0,0,0,4,0,34,0,21,69,69,0,0,55,0,5,0,10,35,4,14,0,0,111
841,5,24,0,109,127,0,41,0,0,1,4,0,44,10,16,47,1,0,0,45,0,0,0,0,35,4,14,69,0,4
842,17,4,1,12,127,1,41,1,2,1,4,1,40,51,4,47,1,1,1,39,0,0,23,0,0,97,14,66,4,0
843,17,7,1,12,107,1,19,1,42,1,1,25,1,54,1,45,1,1,1,39,0,2,23,1,0,96,13,64,24,0
844,17,65,2,1,46,1,1,1,42,1,62,25,15,51,1,13,95,13,0,39,0,50,20,2,0,5,5,3,24,0
845,17,76,1,0,4,0,1,0,42,1,62,25,12,0,2,47,142,14,47,5,0,3,1,1,0,5,23,62,6,1
846,15,3,1,1,4,1,1,1,0,0,63,14,13,0,75,37,33,16,48,5,0,3,43,11,1,5,23,56,120,7
847,15,15,4,3,4,16,1,1,1,0,63,0,2,0,74,48,33,16,47,5,0,1,42,11,1,25,23,36,105,8
848,15,16,4,63,5,15,1,12,1,0,2,5,1,7,74,42,0,4,52,0,0,40,79,1,1,20,1,33,105,1
849,0,7,14,63,106,53,15,0,1,20,2,0,1,7,45,42,0,4,29,0,0,57,67,0,16,12,1,33,0,5
850,0,1,14,0,106,7,15,12,1,61,0,0,0,1,63,88,0,0,29,0,0,56,68,0,24,16,1,33,0,4
851,0,0,14,1,106,0,15,15,31,105,0,0,0,31,59,58,9,0,20,0,25,13,1,0,32,59,1,0,0,5
852,0,0,6,1,45,0,10,5,30,84,0,0,0,24,90,59,9,0,1,0,25,13,1,20,20,50,0,0,106,1
853,0,0,1,0,45,3,13,43,30,30,0,2,0,25,31,58,15,0,1,59,25,0,66,20,17,10,0,0,106,0
854,0,0,2,0,45,3,29,43,30,9,0,2,0,2,54,58,15,0,0,59,25,20,49,30,17,2,0,0,106,0
855,0,0,1,0,45,35,29,12,30,9,0,2,0,2,23,0,32,14,1,59,25,138,49,15,0,48,0,0,31,0
856,0,0,45,16,38,26,16,0,0,9,25,0,0,0,23,13,31,14,1,59,0,32,49,15,0,48,1,106,31,2
857,0,0,45,46,9,26,75,22,49,9,25,0,0,0,23,13,31,14,0,0,0,25,0,88,0,2,1,64,31,2
858,0,40,5,46,9,0,59,37,49,4,47,0,0,0,26,10,2,14,9,0,0,0,31,88,0,2,1,95,25,1
859,0,40,1,46,9,0,59,41,49,4,25,0,22,0,35,1,2,14,9,0,0,0,31,88,0,2,1,95,25,1
860,0,0,0,72,44,0,169,64,4,4,22,1,63,0,82,6,3,0,11,0,2,0,27,3,0,0,0,23,0,0
861,0,0,0,8,44,0,110,29,4,1,22,24,63,0,207,6,27,0,5,35,2,0,1,12,0,0,0,0,0,0
862,0,0,0,29,44,0,110,0,0,8,22,24,0,0,79,6,31,0,6,35,2,0,1,0,0,0,11,63,0,129
863,0,0,0,29,7,6,12,37,22,61,1,123,0,0,79,0,30,0,6,35,2,0,0,0,0,0,11,63,0,76
864,0,0,0,55,7,6,0,37,22,53,1,123,0,0,14,0,0,12,6,35,2,0,0,84,0,67,11,0,65,0
865,0,4,0,30,0,6,0,37,22,9,0,71,52,15,0,0,7,37,0,37,2,0,44,84,0,32,11,0,65,35
866,0,0,65,94,0,0,71,7,22,0,0,0,52,15,39,0,6,37,0,2,0,0,44,42,1,32,0,0,36,35
867,0,0,117,94,0,60,11,6,22,0,0,0,0,37,54,0,0,0,33,8,0,0,44,0,1,0,0,42,36,35
868,0,0,51,42,0,60,11,4,0,1,0,0,0,4,87,0,52,0,33,7,0,0,31,0,1,22,0,121,38,35
869,0,0,69,0,32,0,47,0,0,62,0,0,0,0,59,0,24,0,21,6,0,0,31,46,1,22,11,102,2,65
870,0,0,0,0,32,0,19,0,0,62,0,0,69,38,59,23,54,0,17,6,0,0,31,0,1,22,11,80,6,70
871,0,81,0,0,32,0,0,2,21,0,0,12,142,76,0,23,54,0,6,0,0,0,64,0,0,10,11,16,21,29
872,0,115,0,0,32,0,20,2,21,3,62,22,81,75,0,23,0,0,6,0,0,0,64,0,0,0,11,0,17,46
873,0,115,0,0,0,0,20,77,21,3,62,22,2,0,79,23,0,0,0,0,0,26,64,0,0,0,0,0,66,20
874,0,94,2,0,0,0,0,95,21,0,62,22,0,3,81,26,2,0,0,21,17,0,47,0,0,0,21,0,66,20
875,0,0,2,47,0,22,0,95,0,62,21,0,94,20,81,26,22,0,0,21,17,0,0,0,0,0,21,0,49,0
876,0,22,2,0,0,22,0,0,0,62,12,0,0,20,14,26,0,9,49,21,17,0,0,142,0,0,21,0,94,67
877,0,0,43,0,0,16,0,0,0,62,12,0,0,92,14,28,0,9,6,21,17,0,6,89,0,3,21,0,94,67
878,0,0,43,0,0,0,0,0,0,77,12,0,6,25,14,28,62,9,0,21,17,0,6,89,0,19,88,0,84,0
879,13,0,43,0,0,0,0,0,0,77,12,0,34,25,1,0,62,9,21,21,17,0,6,89,0,19,67,0,84,0
880,13,1,22,0,0,0,0,0,84,19,3,0,23,61,0,0,116,0,19,0,0,32,73,0,0,0,65,17,52,0
881,13,1,22,1,1,1,1,1,84,118,1,0,23,61,0,0,0,0,22,0,0,32,67,0,0,0,65,17,52,17
882,13,2,22,1,1,88,1,7,84,32,1,0,0,35,0,0,0,0,22,0,0,32,88,0,0,26,59,17,52,17
883,13,1,1,2,18,87,1,7,29,32,1,0,0,28,0,0,8,0,59,0,17,32,92,55,0,26,0,0,74,17
884,0,1,1,37,18,87,0,0,29,2,1,32,32,0,13,46,39,0,59,0,17,0,42,55,50,0,0,0,22,17
885,1,0,29,37,18,59,0,43,2,2,0,33,117,0,11,46,39,0,0,0,17,0,17,55,9,1,0,42,22,0
886,1,1,29,1,2,1,1,43,2,1,7,60,113,0,50,10,18,9,55,0,17,0,76,36,2,1,0,42,0,22
887,1,1,1,51,83,29,1,2,2,1,39,51,0,0,51,10,0,9,55,0,0,18,77,36,2,1,0,57,0,22
888,1,11,25,51,83,62,23,2,3,1,39,27,1,1,29,0,0,7,6,0,1,29,40,74,2,2,22,17,0,41
889,1,3,25,66,64,86,13,1,1,13,40,27,1,2,20,0,19,7,6,29,1,28,40,59,2,2,22,0,0,22
890,1,3,25,17,103,56,13,1,1,13,1,27,1,2,145,0,78,7,0,29,1,11,39,0,2,2,22,0,0,0
891,1,9,13,17,44,36,126,1,0,13,1,27,1,0,145,1,10,0,0,29,61,2,39,22,2,0,0,0,0,0
892,0,0,14,0,39,33,158,0,0,1,1,0,0,12,162,2,10,0,1,29,61,38,6,22,2,9,0,0,0,0
893,0,13,1,0,39,33,158,0,0,35,0,29,0,13,0,4,10,1,1,0,60,12,6,22,0,137,0,26,0,0
894,0,11,0,0,39,26,0,0,0,35,10,29,2,1,158,2,0,13,1,0,60,16,13,22,0,135,0,27,0,0
895,0,0,11,0,39,26,22,0,0,35,10,29,2,1,158,2,0,19,1,0,60,16,7,0,0,16,0,146,0,0
896,0,0,11,1,22,0,0,60,0,34,10,29,2,1,108,2,0,19,39,0,0,66,33,0,0,16,1,120,26,0
897,0,0,11,23,22,0,0,60,1,0,22,12,2,0,108,0,16,19,39,0,34,54,33,2,0,0,1,115,26,0
898,0,11,0,23,61,0,11,60,1,0,22,14,0,0,223,0,16,8,0,0,34,82,1,2,0,4,1,0,26,0
899,0,11,0,23,165,10,11,8,1,0,12,10,0,0,55,0,114,32,0,0,38,32,1,28,0,20,1,0,26,2
900,0,13,0,0,147,10,11,18,1,0,12,10,0,1,79,28,114,32,0,0,38,32,0,0,8,20,1,0,25,0
901,0,1,0,0,20,95,11,18,35,0,12,2,43,1,43,78,0,32,0,0,14,114,0,0,8,20,8,30,15,0
902,0,0,0,0,20,95,0,74,34,0,0,0,20,12,43,78,0,32,0,0,14,102,1,2,35,0,8,30,0,0
903,0,0,20,0,25,85,28,74,44,20,0,0,0,11,3,50,0,36,0,0,14,103,36,2,15,0,8,26,0,0
904,0,4,20,0,5,0,28,60,44,28,1,0,0,10,29,14,0,36,0,0,10,104,120,2,15,0,0,50,20,0
905,32,4,20,0,0,39,30,2,15,52,1,6,0,0,104,91,19,14,0,0,10,2,85,0,15,0,0,50,9,0
906,32,4,1,1,0,24,30,0,15,113,1,40,0,0,46,90,19,14,0,0,10,2,84,15,0,0,0,50,9,0
907,31,11,60,1,0,25,2,0,6,74,50,40,0,41,38,89,0,28,0,0,0,0,88,0,1,15,0,0,0,0
908,31,11,47,19,1,1,3,1,1,74,49,58,1,41,57,68,1,28,6,1,1,1,78,1,1,15,1,1,1,1
909,31,2,48,47,77,2,1,12,1,76,49,52,1,39,22,69,36,0,5,1,3,0,3,3,1,15,1,1,1,1
910,19,2,1,29,49,30,1,12,1,2,17,18,17,39,38,1,36,16,5,89,3,0,5,37,0,83,1,0,48,1
911,18,1,2,36,47,28,43,27,0,2,6,18,17,17,61,36,21,16,20,89,2,2,6,1,0,69,0,1,14,0
912,18,6,2,37,50,30,45,36,0,0,6,0,18,0,78,34,0,16,15,89,2,36,20,0,0,35,0,1,26,0
913,18,29,6,83,4,2,46,52,0,9,0,0,18,67,17,107,2,0,0,16,2,71,18,15,0,0,0,1,17,0
914,18,55,7,74,4,1,46,52,0,44,0,0,17,69,7,89,2,11,0,1,0,69,1,15,0,0,0,18,0,0
915,0,48,14,74,4,16,1,42,0,44,42,0,12,39,8,88,1,29,0,15,0,0,1,0,0,0,0,18,74,30
916,0,0,17,1,12,15,0,20,0,35,43,0,48,38,7,2,13,18,0,14,0,0,11,88,75,0,22,17,74,30
917,6,11,16,1,24,72,0,0,0,0,43,0,1,1,1,2,39,35,0,14,4,0,49,64,74,0,22,17,74,30
918,6,11,16,1,24,72,1,1,0,0,0,0,1,3,1,0,39,78,0,14,4,0,56,59,74,0,39,75,11,14
919,6,50,1,1,24,71,17,1,0,1,0,0,1,2,60,10,0,78,0,80,4,0,41,0,14,14,39,74,11,0
920,6,3,70,1,0,0,17,16,0,0,0,0,22,2,60,10,0,2,0,80,4,24,202,0,51,0,0,2,11,17
921,0,11,50,10,0,23,18,16,0,2,0,2,22,0,1,0,41,9,0,132,4,0,185,0,46,0,0,0,11,17
922,1,11,89,10,0,94,18,14,0,10,0,2,0,0,1,0,33,7,15,51,2,0,114,0,45,0,0,83,0,0
923,1,11,41,2,0,70,100,1,0,10,0,50,8,0,1,0,33,7,15,51,2,0,114,38,45,0,0,0,0,0
924,1,1,33,34,0,70,135,1,0,9,7,71,8,0,3,164,0,0,0,45,3,11,1,3,0,0,0,0,0,0
925,1,1,22,16,1,65,120,1,1,1,15,89,1,19,3,164,1,0,0,45,4,12,15,3,0,0,0,0,0,0
926,1,1,129,17,16,1,1,8,1,66,8,85,1,19,1,164,1,2,0,44,4,12,15,3,0,0,0,0,0,0
927,1,1,123,20,16,1,1,9,1,84,8,85,1,1,1,164,0,2,0,44,3,1,15,0,0,0,0,18,0,0
928,0,1,23,4,16,38,2,108,1,7,9,77,1,0,31,0,0,10,0,7,3,1,0,0,0,2,0,98,161,0
929,0,0,24,6,16,38,1,115,6,0,3,77,0,2,31,0,0,9,0,7,1,1,0,1,0,2,1,98,161,0
930,0,1,24,6,15,38,1,102,5,0,3,2,77,2,31,0,1,10,0,7,1,1,0,0,0,2,1,98,161,11
931,0,162,1,0,18,38,0,5,28,77,70,2,15,1,32,1,0,17,0,0,0,8,8,1,0,0,1,13,0,102
932,0,16,0,0,19,1,0,2,28,113,68,2,42,0,1,1,0,19,0,0,0,1,9,6,0,31,1,165,0,75
933,0,16,0,0,19,2,0,2,28,1,82,15,28,1,11,1,0,9,0,0,1,16,5,118,3,15,1,151,0,75
934,0,30,0,131,1,2,0,0,24,1,82,79,30,1,14,0,16,2,3,0,1,16,8,76,3,17,0,63,0,0
935,0,24,11,126,1,3,0,0,24,1,17,77,5,1,5,0,18,0,50,0,1,16,32,29,75,84,0,0,0,0
936,0,24,11,64,0,4,29,0,2,27,3,66,0,7,5,2,30,0,47,0,1,15,40,0,63,69,0,69,0,22
937,0,0,11,45,0,2,1,6,2,87,3,65,0,1,0,2,13,0,0,15,1,83,40,0,63,69,0,69,0,22
938,0,7,11,38,0,71,1,6,2,7,3,65,1,1,0,1,13,0,0,15,0,83,120,0,3,0,0,130,0,22
939,0,18,0,38,0,1,1,6,0,7,1,65,1,1,2,1,13,0,0,15,0,83,190,0,3,67,0,63,2,22
940,0,83,12,6,6,1,1,0,0,1,1,1,0,0,8,2,0,0,104,15,0,36,73,69,3,67,0,63,15,33
941,0,77,91,1,6,1,0,0,0,5,1,1,0,0,10,2,0,0,100,15,0,36,109,0,3,31,0,63,15,33
942,0,0,124,0,6,74,0,1,0,0,63,1,8,0,79,2,0,3,100,23,1,0,36,0,0,31,0,3,12,33
943,0,0,38,0,106,74,0,1,0,0,63,1,3,0,79,17,0,3,91,8,1,31,36,0,0,0,12,3,0,33
944,0,1,5,0,69,114,0,0,16,0,63,0,0,0,72,1,16,3,91,8,1,31,42,33,0,2,12,20,0,0
945,1,1,36,1,2,114,0,0,16,0,61,0,67,36,72,1,16,3,18,8,0,0,40,15,0,40,12,40,0,0
946,1,1,0,9,0,31,36,0,16,0,61,0,67,103,5,76,36,3,0,8,0,0,40,0,0,53,12,40,0,2
947,1,32,37,10,0,1,0,0,17,0,61,8,67,102,5,74,21,0,0,0,0,0,41,0,0,70,12,40,0,1
948,5,1,165,44,1,1,1,50,1,19,0,8,102,80,1,70,3,0,0,0,0,0,1,9,0,37,0,0,0,1
949,5,12,154,44,1,2,2,60,2,19,0,8,101,50,20,70,0,0,0,0,0,0,0,13,0,35,0,0,2,0
950,5,12,0,44,1,1,2,60,2,19,0,8,250,51,20,5,9,17,0,0,0,70,0,4,0,18,0,0,2,0
951,5,11,0,0,0,1,2,30,2,18,1,0,154,1,51,101,14,17,30,13,0,2,0,54,0,18,0,69,2,4
952,5,3,9,1,23,1,30,0,0,154,1,0,0,1,64,118,1,17,32,13,0,2,0,51,0,0,0,69,2,3
953,4,1,9,1,23,1,1,2,0,128,1,0,0,1,14,117,2,17,31,13,0,0,0,2,50,3,0,173,2,4
954,4,1,3,1,21,0,3,2,1,128,1,0,0,1,14,0,2,17,8,13,0,2,113,0,34,19,0,60,31,121
955,0,1,3,0,23,3,13,1,1,1,1,0,0,0,14,0,128,17,10,0,0,2,123,0,39,17,0,50,31,122
956,0,0,4,0,2,3,13,102,1,92,2,0,0,0,2,0,126,0,2,0,17,10,30,0,50,20,0,49,53,22
957,0,0,3,0,4,2,14,102,1,123,1,0,49,0,19,0,148,0,1,1,17,8,47,0,3,34,1,0,22,0
958,0,49,1,0,2,0,14,0,0,123,1,0,0,0,19,0,22,0,2,127,17,30,153,0,3,2,3,32,0,0
959,3,49,0,0,2,0,0,0,0,123,1,0,0,0,20,1,0,0,24,141,17,30,153,0,0,1,3,32,0,0
960,3,1,0,0,35,170,0,0,0,0,1,0,0,1,52,1,0,0,24,141,19,82,65,0,0,0,2,0,2,1
961,4,0,0,0,35,105,0,0,0,0,2,16,1,1,33,0,1,3,22,140,2,52,132,0,17,0,0,0,32,2
962,4,0,0,0,35,53,0,29,0,0,2,16,105,1,4,152,1,3,0,12,2,0,132,0,46,0,0,0,3,0
963,1,1,1,0,5,52,0,29,0,0,2,16,5,0,4,152,1,3,0,1,4,0,143,100,46,0,0,31,0,3
964,1,20,3,3,23,1,53,29,1,2,1,3,3,0,33,149,0,17,0,0,4,0,119,100,0,0,0,31,0,4
965,0,120,3,3,19,1,24,1,1,2,1,3,0,0,29,0,32,50,0,0,8,0,119,0,0,0,0,180,0,4
966,1,1,3,1,19,0,143,1,1,0,120,3,2,0,32,0,32,48,1,0,8,0,0,0,31,0,0,149,0,4
967,1,1,2,55,0,25,89,29,1,1,119,136,2,0,4,0,29,40,1,3,7,0,4,0,31,0,0,19,0,1
968,1,0,90,54,0,25,0,3,1,3,11,133,2,0,34,10,0,30,1,3,4,0,33,0,31,19,0,109,0,3
969,1,1,90,54,2,26,0,5,0,1,11,132,19,5,61,10,0,1,0,3,0,4,28,2,0,0,0,109,5,30
970,0,1,84,3,2,25,0,5,0,29,12,132,21,5,117,10,0,0,0,0,0,4,109,0,2,0,6,0,3,30
971,0,14,4,0,2,0,0,2,11,53,4,131,21,1,32,0,0,0,0,0,0,85,192,0,5,1,6,4,3,29
972,0,17,1,0,2,0,0,1,11,53,5,0,0,0,4,0,131,0,3,1,0,85,192,0,3,28,27,4,3,29
973,0,17,0,111,119,40,0,0,0,52,1,0,1,4,4,6,13,0,88,1,0,3,81,4,3,28,21,3,0,0
974,0,2,15,1,148,11,52,0,0,0,1,13,1,2,114,6,0,0,86,1,0,21,81,4,7,28,3,3,0,0
975,2,0,16,1,148,11,52,0,0,81,1,13,86,2,112,6,0,0,1,1,0,21,0,0,13,28,3,2,0,0
976,2,1,16,2,149,10,1,3,0,11,1,13,86,3,193,52,0,0,1,1,0,18,0,0,9,0,0,0,28,0
977,2,1,1,2,2,10,1,165,2,11,0,14,83,3,172,10,42,1,1,1,0,39,0,0,9,0,0,0,28,0
978,2,1,1,5,2,7,1,164,2,30,88,14,1,3,1,10,42,1,0,3,0,21,83,0,90,0,0,0,28,0
979,3,1,1,8,0,7,28,0,4,19,99,1,1,0,2,10,42,0,4,3,0,21,83,164,84,1,0,0,13,1
980,1,84,1,5,22,1,28,2,3,0,38,1,1,0,1,8,43,19,4,3,1,0,9,164,146,1,0,0,13,1
981,1,84,1,3,22,166,28,3,3,40,126,1,1,0,1,7,3,18,4,0,1,0,9,0,62,1,0,0,14,1
982,1,29,2,44,22,157,1,4,1,1,85,0,40,1,0,7,0,18,19,0,3,85,15,3,61,0,1,0,0,0
983,2,47,4,44,22,2,1,2,2,1,83,0,5,62,0,162,0,0,2,0,3,85,15,38,0,0,1,17,0,0
984,1,18,32,83,22,0,2,1,1,64,0,0,5,0,27,156,0,1,2,26,11,86,5,35,0,4,0,16,2,0
985,1,103,35,2,22,0,2,0,1,63,0,0,5,9,100,156,0,1,2,26,11,2,1,39,0,4,0,13,2,0
986,1,88,39,1,0,1,14,0,1,64,0,0,5,102,8,153,3,0,0,26,11,23,23,4,0,0,0,33,0,0
987,0,88,39,1,0,1,14,0,1,0,1,5,64,99,5,154,3,2,0,26,9,22,23,0,0,3,0,36,0,4
988,0,4,39,1,0,1,0,1,0,0,1,5,78,99,5,1,3,1,0,0,0,22,1,33,110,165,0,26,0,4
989,0,0,0,1,0,0,5,33,0,1,1,5,22,39,62,1,3,1,1,0,0,0,5,177,48,165,0,1,0,29
990,0,0,0,0,0,0,11,29,0,1,47,5,22,39,62,0,3,1,1,0,0,0,10,177,2,166,0,0,0,24
991,0,0,0,5,0,165,11,29,0,0,47,98,23,39,62,0,1,1,0,0,0,0,5,82,3,1,0,4,0,24
992,0,0,0,27,6,165,4,24,0,0,46,98,1,35,62,0,1,1,0,4,0,0,12,82,1,0,0,4,0,27
993,1,1,0,27,6,149,37,2,2,0,44,122,0,17,62,0,24,1,0,86,0,0,10,0,0,0,2,4,0,3
994,1,1,0,27,7,149,35,2,2,0,44,24,0,17,8,98,0,1,0,86,0,0,9,0,0,0,2,4,56,27
995,22,1,0,7,7,1,35,3,2,0,6,30,0,17,2,248,0,0,0,123,0,0,0,7,0,0,2,4,56,27
996,22,4,36,1,11,1,2,24,2,0,0,28,0,0,6,248,0,0,0,123,0,0,6,7,6,0,2,17,54,0
997,22,4,36,1,4,1,2,24,1,85,0,0,0,0,4,248,0,2,0,38,2,0,6,7,6,0,2,17,60,28
998,22,1,1,1,5,1,7,26,2,89,0,0,0,0,5,283,0,2,0,38,2,0,1,0,0,0,0,17,59,38
999,22,1,1,1,1,0,5,2,2,2,23,0,19,0,0,37,1,6,0,0,2,0,0,0,38,0,247,89,63,38
1000,5,0,0,0,18,0,0,19,2,8,23,0,3,0,1,36,39,0,59,0,2,0,9,0,38,0,249,80,4,5
1001,0,0,0,0,17,0,0,22,2,43,21,0,3,0,1,1,39,0,1,0,5,58,11,0,38,0,249,0,84,5
1002,0,17,0,0,17,0,0,61,2,35,21,0,0,0,1,1,26,0,1,0,5,5,11,8,12,0,249,39,84,5
1003,0,28,0,0,17,3,1,50,2,35,21,0,0,38,2,0,26,0,0,0,5,0,11,16,0,250,4,7,84,0
1004,0,0,28,0,0,7,51,0,23,52,1,0,0,38,1,0,26,0,0,0,5,0,0,16,1,251,0,17,83,0
1005,0,0,43,0,0,0,51,0,21,17,8,0,2,38,1,0,33,0,0,0,5,0,0,12,1,36,0,252,80,0
1006,0,0,80,0,0,0,50,31,21,0,8,0,12,7,0,80,2,0,0,0,0,36,0,220,1,2,1,49,0,0
1007,0,0,80,8,2,0,26,5,21,50,8,0,0,0,0,80,0,0,0,0,0,36,12,220,0,2,1,49,0,0
1008,0,36,37,5,2,0,6,0,0,99,13,0,0,0,0,0,0,1,21,0,0,0,12,239,3,45,1,0,0,80
1009,0,43,0,0,2,37,1,0,0,49,63,0,0,0,5,0,0,1,14,219,0,0,12,27,4,43,0,0,0,80
1010,0,7,0,49,0,62,1,0,0,0,55,0,48,0,7,14,80,9,0,219,0,0,1,1,2,43,0,0,2,0
1011,0,0,0,50,0,26,1,0,36,7,78,0,48,0,3,14,0,14,0,218,0,0,1,1,2,0,0,0,2,99
1012,0,50,0,1,0,26,94,5,36,7,28,0,49,0,3,75,1,5,0,161,0,0,3,0,0,0,0,0,51,5
1013,0,0,0,0,0,0,94,0,36,12,28,0,49,0,3,75,2,5,0,149,0,26,2,50,0,2,0,0,62,5
1014,0,1,0,5,32,0,0,0,39,5,28,0,17,0,1,63,1,0,0,149,0,0,2,144,7,2,0,26,73,5
1015,0,28,1,5,32,0,0,0,3,5,0,0,1,0,148,63,146,17,0,1,0,2,0,0,7,38,0,26,73,4
1016,0,0,58,7,32,0,54,0,3,0,1,0,0,4,15,2,89,17,0,1,0,2,0,0,61,36,0,0,218,0
1017,0,0,58,3,0,0,54,0,3,0,1,10,0,6,15,0,89,17,68,0,0,2,47,0,61,0,0,0,161,5
1018,0,0,53,3,89,0,54,0,0,0,1,10,5,2,15,2,4,17,68,0,0,0,47,0,61,0,0,16,145,8
1019,0,0,53,0,89,1,0,61,56,16,6,10,3,2,12,2,4,0,12,0,0,0,47,54,0,0,0,19,145,8
1020,0,54,0,0,0,1,0,65,256,16,6,10,3,0,9,10,0,0,54,0,5,0,0,0,0,0,0,19,92,0
1021,6,0,54,10,0,1,61,4,250,28,9,0,0,0,0,10,0,0,48,0,5,3,0,0,18,0,0,1,92,0
1022,6,1,54,11,1,7,61,4,248,0,3,0,28,0,5,3,0,0,48,2,5,3,0,0,18,0,0,0,92,0
1023,6,1,58,12,1,7,57,1,248,1,3,1,28,1,5,3,1,0,46,2,5,3,0,0,18,0,0,0,92,0
1024,6,0,115,4,1,197,0,86,53,24,3,1,28,1,16,3,1,0,46,2,5,1,0,0,0,0,0,0,7,0
1025,6,1,66,7,6,194,0,137,1,24,3,41,12,1,65,3,1,16,6,2,0,1,0,0,0,0,0,0,0,7
1026,6,63,5,120,5,77,0,137,0,24,0,41,12,1,69,3,0,16,8,0,3,1,1,0,0,0,0,0,1,7
1027,0,1,6,254,5,77,0,0,0,18,0,51,0,13,130,3,0,0,2,0,3,0,13,0,22,1,0,0,1,0
1028,0,1,6,152,5,15,0,0,0,18,74,54,0,72,70,0,0,1,2,0,3,0,1,102,22,1,0,0,1,0
1029,0,0,1,0,2,30,2,0,0,168,74,36,0,46,71,3,0,21,0,0,2,0,5,128,2,2,0,0,6,1
1030,0,0,0,0,15,23,110,0,2,168,74,36,0,46,71,3,0,21,0,0,0,0,6,20,2,2,0,0,0,1
1031,1,1,1,1,31,22,110,1,2,152,74,14,6,69,54,2,1,10,1,1,0,0,7,20,11,0,0,0,8,0
1032,1,7,1,1,32,115,1,1,42,1,66,1,6,48,55,19,1,3,1,14,1,153,1,2,11,1,0,7,8,0
1033,5,2,6,1,32,106,11,0,42,1,66,1,157,43,2,19,0,52,0,15,6,1,1,2,12,0,0,8,9,0
1034,5,1,8,2,17,2,108,16,41,1,1,0,160,5,2,17,0,49,0,15,6,66,2,13,1,0,2,51,9,0
1035,5,2,2,2,17,2,113,14,43,1,1,1,160,6,2,17,1,47,1,14,6,73,1,12,1,1,4,48,1,2
1036,5,2,13,155,0,8,113,1,2,7,1,1,53,14,2,0,1,1,42,1,6,18,15,1,22,1,4,44,65,2
1037,6,2,12,154,0,7,113,1,2,5,0,1,53,14,3,1,0,1,42,0,0,20,21,2,16,8,4,44,65,3
1038,2,1,10,2,0,4,0,20,2,0,16,1,52,14,2,1,0,153,2,0,0,4,65,109,18,5,2,2,110,3
1039,2,1,1,0,0,1,0,3,101,17,15,1,46,1,1,4,2,158,4,0,13,6,33,43,3,0,0,24,110,10
1040,2,1,1,1,0,7,0,6,147,1,15,1,16,0,23,1,82,157,2,0,14,0,10,38,3,0,0,24,38,10
1041,2,1,2,1,11,7,1,19,147,7,13,1,0,0,23,16,78,156,2,0,14,0,4,23,10,0,0,24,38,0
1042,2,1,2,0,11,0,1,69,49,6,2,9,0,0,23,15,14,106,2,0,113,0,8,26,23,0,1,24,93,0
1043,2,1,1,4,11,0,1,0,71,112,2,9,0,1,23,15,14,0,23,0,113,0,8,72,23,0,1,0,93,0
1044,1,14,1,0,11,0,1,0,71,148,23,9,0,1,7,10,14,0,12,0,99,0,22,77,21,0,1,0,57,0
1045,0,14,8,0,11,10,1,0,22,6,23,11,112,1,5,0,6,3,51,54,99,59,14,74,14,0,1,0,1,0
1046,0,15,7,0,11,10,0,0,48,6,23,11,112,0,5,0,6,3,51,54,73,57,5,2,86,0,0,0,2,13
1047,0,1,110,14,21,10,14,0,43,80,21,11,1,0,54,0,8,3,13,54,1,57,4,0,72,0,0,0,1,7
1048,0,1,51,0,21,0,21,0,43,72,3,0,0,10,86,1,1,3,13,65,1,41,4,1,72,0,16,59,0,15
1049,0,0,43,21,17,6,1,3,16,72,3,39,0,56,79,3,5,0,15,22,1,0,27,2,72,14,16,52,10,5
1050,3,0,5,21,17,5,1,3,3,1,0,77,16,56,32,8,5,47,15,21,1,16,28,2,69,14,0,124,10,0
1051,3,0,5,9,0,0,0,0,1,6,0,77,17,5,75,36,2,116,15,14,1,16,153,2,0,13,0,7,27,0
1052,3,1,45,125,0,0,0,0,0,6,0,38,17,5,70,75,1,4,0,14,0,16,127,2,0,1,0,34,16,0
1053,3,1,40,53,0,0,0,1,0,0,0,38,0,5,71,70,0,4,0,19,0,0,126,19,78,28,0,28,16,0
1054,3,1,1,4,2,0,0,0,5,12,0,38,40,0,124,70,0,4,0,7,1,0,1,18,203,22,0,28,16,0
1055,3,1,1,1,2,0,0,0,5,77,0,0,40,4,55,137,3,4,0,7,1,0,49,0,126,75,0,0,9,0
1056,3,31,1,1,2,0,0,104,5,77,0,0,40,55,4,70,3,4,0,7,1,0,19,0,126,38,9,0,0,0
1057,0,29,0,1,2,2,0,104,5,47,36,0,4,55,8,0,3,3,9,123,1,0,18,0,41,38,1,70,0,0
1058,0,29,0,0,0,4,0,104,0,3,36,3,0,51,5,0,41,66,9,118,1,2,0,23,28,0,5,70,2,0
1059,0,29,1,0,3,15,2,0,0,3,36,1,0,0,56,0,142,55,0,118,0,0,8,22,31,0,5,70,3,0
1060,1,0,30,71,3,37,2,1,0,0,36,4,0,0,125,5,117,54,0,44,0,0,8,0,6,0,0,28,3,25
1061,1,1,37,63,3,32,2,6,0,30,0,4,0,0,74,5,31,105,0,44,0,0,130,0,1,0,0,28,3,0
1062,1,1,54,2,31,32,2,6,0,102,0,34,62,0,74,4,0,105,0,0,0,0,59,0,0,0,0,31,0,0
1063,1,1,139,2,32,1,1,6,1,101,57,31,46,1,4,0,0,47,1,4,0,0,36,57,0,28,0,3,0,0
1064,1,1,132,1,1,1,1,1,1,99,57,3,9,1,4,1,21,47,36,4,1,2,32,55,1,57,0,0,0,30
1065,0,1,55,0,1,1,0,1,1,3,99,3,10,1,5,1,22,75,66,30,1,2,32,18,1,27,0,0,114,30
1066,4,1,52,22,2,1,1,1,1,3,97,3,10,26,2,2,22,85,22,26,1,1,2,0,1,6,0,0,158,48
1067,4,1,3,1,1,1,3,1,1,27,184,0,2,26,7,49,0,0,22,47,1,52,3,0,0,0,9,1,154,0
1068,4,1,3,1,1,3,1,12,58,27,142,1,3,26,8,48,22,0,0,47,1,40,3,0,0,0,9,1,97,41
1069,4,1,43,1,1,2,70,12,58,4,8,1,2,25,3,48,22,1,0,45,0,1,1,2,134,23,9,0,38,41
1070,1,1,37,8,1,79,15,12,58,4,4,1,2,56,1,20,3,1,1,40,0,1,9,0,135,23,9,6,0,72
1071,6,1,37,7,4,75,1,1,18,6,4,2,1,32,1,1,3,1,2,65,0,12,9,0,129,43,0,45,9,85
1072,6,1,123,22,7,53,1,1,19,2,3,1,1,32,2,1,105,2,2,64,1,12,9,0,33,43,1,43,10,0
1073,6,2,24,22,6,56,2,2,43,2,3,26,70,1,32,2,95,2,2,62,1,12,4,1,9,82,1,20,9,1
1074,6,2,9,51,4,3,3,38,25,4,5,27,149,2,32,56,20,2,4,43,2,7,2,2,28,61,1,1,10,1
1075,6,0,6,108,2,3,2,25,25,6,5,26,113,1,32,65,2,3,2,43,2,12,17,1,28,61,2,1,1,0
1076,8,0,0,108,3,1,6,30,24,2,3,26,1,1,7,3,178,1,1,66,3,5,17,26,28,35,6,8,3,0
1077,3,8,1,88,1,1,8,30,24,0,9,1,0,1,61,3,201,1,1,91,2,0,16,27,3,1,6,7,5,0
1078,3,8,3,40,3,34,9,3,3,3,9,4,3,3,59,6,21,4,3,91,3,184,4,28,3,37,4,3,5,17
1079,3,40,2,1,2,5,3,62,3,35,10,3,25,6,58,3,0,3,3,54,3,134,35,1,3,37,4,3,42,17
1080,6,0,2,0,2,5,0,176,3,35,7,43,25,7,21,9,0,0,4,52,3,15,31,0,0,46,6,6,39,57
1081,3,41,3,1,2,36,1,172,6,5,7,43,25,22,0,22,2,20,4,17,2,3,29,0,0,13,29,2,38,52
1082,3,41,4,206,0,1,2,52,3,8,7,40,0,22,0,24,2,20,0,17,2,36,32,0,0,4,66,5,0,3
1083,3,5,4,226,1,5,2,52,5,6,7,16,29,22,0,24,2,19,0,0,1,35,20,2,0,0,64,41,1,8
1084,4,7,2,97,1,4,1,1,5,32,9,7,0,15,16,5,0,19,0,0,0,35,7,2,203,0,64,57,2,5
1085,2,1,2,134,28,2,1,3,5,36,4,15,0,14,16,5,39,19,0,0,0,0,3,7,202,0,37,18,2,5
1086,1,1,0,108,28,2,0,26,5,39,5,15,80,8,60,4,4,0,37,7,0,0,1,3,157,0,1,0,2,6
1087,1,1,1,26,28,95,1,26,0,39,4,15,80,3,44,4,4,14,37,7,0,0,6,3,158,0,1,0,2,0
1088,1,8,5,26,27,90,3,1,0,39,9,8,80,3,5,0,9,14,37,135,0,24,2,0,30,0,0,42,2,0
1089,1,7,6,27,1,125,1,1,4,0,5,8,0,3,5,80,5,43,0,134,0,24,2,3,1,4,0,42,29,39
1090,2,10,1,1,1,37,28,1,4,94,5,0,0,0,6,80,0,47,0,129,0,26,2,0,1,4,0,42,29,50
1091,1,3,9,1,5,37,20,1,4,96,1,43,2,6,4,80,1,43,1,123,1,26,8,2,1,1,0,2,29,49
1092,1,4,9,1,5,44,1,5,3,24,1,43,22,7,22,69,1,43,1,123,1,77,9,1,1,1,1,2,29,49
1093,1,1,9,3,5,7,2,9,4,67,1,41,21,1,22,78,1,35,2,71,1,72,9,1,3,1,1,50,29,52
1094,1,1,9,63,5,59,1,78,1,56,1,0,1,0,23,9,1,8,28,19,13,73,5,1,49,38,1,56,0,0
1095,17,10,0,45,2,3,0,71,1,15,1,0,0,45,20,59,0,1,34,0,23,77,11,9,43,39,2,57,0,15
1096,17,51,58,45,5,2,1,1,1,15,67,0,0,5,91,59,0,0,35,0,22,3,25,9,6,13,1,53,0,15
1097,17,39,57,1,4,10,4,6,8,16,73,0,0,0,133,15,59,53,35,0,22,0,39,0,0,5,1,0,2,1
1098,17,95,1,1,37,8,4,20,7,2,10,0,1,62,30,15,59,68,0,0,22,3,26,2,0,108,0,0,1,1
1099,17,80,1,1,37,0,8,0,7,5,10,0,1,62,89,16,19,68,0,37,22,6,7,2,0,103,0,0,1,1
1100,4,61,0,0,7,0,11,13,2,3,10,0,1,63,89,16,20,19,6,37,0,25,6,25,0,100,0,51,31,0
1101,4,0,0,0,8,0,11,13,0,3,0,0,1,63,20,16,22,58,5,37,10,25,1,24,0,161,0,51,61,6
1102,0,0,6,0,15,0,54,13,4,12,0,80,131,18,8,1,3,56,0,37,11,12,1,27,0,59,8,0,44,0
1103,0,0,6,0,14,0,51,59,4,24,1,80,34,18,108,14,0,56,0,61,11,3,0,3,0,1,8,0,44,0
1104,1,4,6,1,11,38,1,144,4,72,1,83,34,18,23,13,1,53,1,24,11,3,0,0,0,5,8,0,40,0
1105,1,25,9,1,45,37,1,144,4,52,1,83,19,53,2,13,8,0,1,24,11,0,35,0,0,26,0,0,5,0
1106,1,25,3,3,54,37,1,78,0,52,0,51,15,52,0,13,9,0,16,24,1,0,69,0,0,30,0,0,66,0
1107,1,2,26,55,36,102,1,0,0,0,0,1,13,0,53,11,9,0,15,8,0,16,69,0,0,36,1,78,67,0
1108,1,1,26,2,36,65,1,16,37,0,0,1,0,0,5,11,13,48,9,0,33,16,44,0,0,9,1,156,69,0
1109,1,1,17,2,35,78,1,26,96,1,80,1,0,0,7,11,8,48,1,0,33,16,8,0,0,43,1,75,10,0
1110,0,0,3,0,35,11,17,10,97,104,132,1,0,0,10,0,8,23,3,0,33,1,6,26,0,46,1,23,10,0
1111,0,23,0,1,0,11,54,10,60,104,132,0,1,0,8,0,11,0,3,0,33,1,0,26,0,46,2,6,45,23
1112,3,23,0,1,0,0,74,0,66,39,52,0,1,0,39,17,11,0,67,10,8,0,80,0,0,45,2,6,33,23
1113,3,23,1,9,0,94,55,0,65,0,0,24,2,64,39,17,2,0,67,10,8,0,80,0,0,33,2,1,1,0
1114,3,1,1,9,1,40,0,97,3,5,0,24,1,69,1,69,0,0,120,10,8,0,79,0,23,27,2,1,6,0
1115,3,2,2,1,1,2,1,119,3,5,1,24,1,65,23,59,1,54,117,9,8,1,1,1,23,23,3,1,45,1
1116,3,0,1,2,117,6,4,12,2,69,1,23,1,0,13,59,1,54,0,32,2,2,121,1,23,0,2,3,45,1
1117,0,7,0,25,3,8,5,13,0,6,4,0,23,0,5,4,1,54,116,23,4,2,119,9,0,63,57,0,38,11
1118,0,88,0,25,3,8,6,118,0,6,5,0,24,0,5,4,0,0,35,23,3,2,118,0,0,12,56,47,1,11
1119,0,129,0,25,3,37,5,122,0,124,1,0,1,0,0,10,0,5,0,23,3,2,0,0,0,15,9,42,1,43
1120,0,115,15,149,0,29,4,1,0,8,1,0,1,0,11,33,0,5,0,1,3,1,41,129,0,15,1,1,1,35
1121,12,1,15,1,0,21,4,1,3,8,0,0,2,0,11,23,115,0,0,1,0,14,49,129,140,2,1,1,1,45
1122,12,15,15,1,0,0,0,0,4,26,12,0,37,0,50,23,85,0,0,1,0,15,41,118,140,1,0,0,0,4
1123,28,32,119,125,1,1,1,1,4,27,12,1,60,2,48,1,78,1,1,1,1,2,40,0,0,0,0,0,0,13
1124,28,32,119,118,1,1,1,1,4,43,2,1,23,2,6,1,0,11,1,4,1,80,40,0,0,30,0,0,0,50
1125,28,13,5,0,1,0,33,0,1,140,22,1,23,1,124,1,81,13,12,30,1,1,0,0,0,30,0,0,0,39
1126,16,3,9,0,1,0,33,0,0,140,22,57,30,0,118,0,48,13,5,30,1,0,16,1,13,4,38,1,0,1
1127,16,1,8,0,0,0,18,0,0,0,22,56,156,0,133,0,48,13,5,46,0,3,16,1,14,5,38,1,0,0
1128,0,4,0,0,73,0,18,0,0,0,34,56,168,0,60,0,4,13,5,46,0,3,16,1,11,47,38,3,0,0
1129,0,4,0,0,88,0,4,0,5,0,34,56,168,0,14,0,4,0,46,59,0,15,1,1,11,47,38,2,3,0
1130,7,25,2,5,88,0,1,1,45,0,41,59,120,0,7,0,4,0,59,32,0,15,34,0,0,0,17,2,3,33
1131,7,21,17,125,82,1,2,1,45,7,7,8,0,4,1,0,0,0,1,32,18,4,50,0,0,0,68,0,61,38
1132,7,18,17,17,81,1,1,2,45,7,5,8,1,4,33,50,0,0,1,0,18,3,48,0,0,3,51,110,61,8
1133,7,18,1,2,89,1,3,2,40,1,1,8,17,4,70,33,0,0,1,0,18,3,51,0,0,3,51,110,58,8
1134,9,2,2,1,8,1,3,1,40,1,19,8,17,1,71,33,1,1,87,1,2,3,44,1,2,21,50,110,57,3
1135,2,0,2,11,8,1,3,2,38,3,19,52,8,0,53,33,11,2,87,1,2,0,45,0,118,21,0,3,75,0
1136,3,0,5,20,82,4,0,2,0,1,18,52,1,0,5,56,1,1,5,1,2,8,47,21,136,74,0,3,52,0
1137,3,3,4,8,35,3,4,0,0,1,18,54,0,0,17,45,1,4,0,1,2,8,47,59,131,33,0,69,50,0
1138,3,11,4,1,35,4,4,1,0,0,18,52,0,0,23,45,7,6,40,0,2,8,114,51,18,75,0,45,33,0
1139,3,61,1,1,6,1,4,1,0,2,18,55,0,1,22,38,6,7,40,7,0,8,117,0,18,75,30,45,33,0
1140,1,0,0,0,1,6,8,62,5,1,53,57,0,48,10,0,6,10,40,7,0,0,117,0,0,84,30,21,33,0
1141,1,1,1,1,1,7,1,64,5,61,35,7,2,53,41,0,0,4,0,7,112,18,4,59,0,44,30,41,0,0
1142,1,1,1,1,0,45,6,0,6,125,35,7,3,43,41,1,0,4,0,7,112,20,2,58,0,0,30,41,0,10
1143,1,0,11,1,0,111,7,0,6,59,35,33,1,50,41,1,0,3,0,12,112,22,0,58,0,0,30,3,0,3
1144,1,1,32,1,1,87,29,1,29,59,59,33,1,50,45,1,0,0,0,12,112,0,0,0,0,0,0,35,6,5
1145,1,1,32,1,2,8,39,1,64,50,59,34,1,40,32,1,1,14,6,2,112,1,80,1,1,1,0,5,6,4
1146,1,1,32,5,79,1,4,0,64,44,59,34,1,30,33,1,1,14,6,2,34,50,89,0,1,1,0,0,6,7
1147,1,0,0,3,84,1,1,32,42,45,29,34,30,30,38,33,31,14,0,3,2,50,89,0,0,1,0,0,3,4
1148,2,1,1,3,84,1,34,1,2,40,29,1,28,0,39,32,30,14,1,3,2,5,83,30,0,0,3,32,96,3
1149,1,40,18,86,6,2,2,0,2,0,0,0,28,0,21,65,0,0,1,3,25,60,10,60,1,0,3,44,119,3
1150,1,61,120,23,1,3,1,1,2,1,0,0,3,3,16,59,0,5,1,3,25,60,8,6,45,0,29,0,123,0
1151,1,31,186,1,1,2,1,55,2,2,1,0,3,3,39,37,0,5,0,3,23,0,5,6,44,0,26,2,121,0
1152,1,30,4,5,3,2,1,34,1,7,1,1,1,2,74,3,183,5,3,0,23,22,0,6,44,0,26,3,115,0
1153,1,0,6,35,3,4,1,0,2,6,1,1,174,2,79,5,9,44,38,0,23,136,6,0,0,0,21,3,0,0
1154,1,1,6,32,2,2,8,64,2,2,1,1,171,3,16,5,0,38,174,3,0,0,29,18,0,0,0,0,0,21
1155,0,37,4,36,1,2,5,64,2,2,1,1,135,35,19,5,0,2,174,3,0,0,29,18,0,0,0,4,21,0
1156,0,37,2,37,1,0,5,21,132,64,0,5,0,35,18,140,0,2,25,1,1,0,29,13,6,0,0,3,23,0
1157,13,37,2,40,1,0,0,31,133,64,0,5,0,3,40,145,0,2,0,1,30,0,0,0,3,0,0,27,23,0
1158,13,1,1,4,1,6,1,9,129,56,23,5,1,3,40,139,1,1,1,1,33,1,1,26,38,1,0,26,1,37
1159,13,2,2,2,7,2,28,1,127,5,24,5,1,1,40,132,4,1,1,1,33,1,1,8,37,1,1,29,53,37
1160,13,0,11,3,8,1,23,3,0,6,24,5,1,1,42,0,3,1,37,1,36,1,128,0,62,133,1,4,52,0
1161,1,1,11,1,8,5,1,3,5,0,37,16,1,7,8,0,0,0,37,1,7,3,127,0,45,134,1,34,52,54
1162,1,1,31,1,1,7,1,3,5,3,37,48,1,139,9,2,1,1,35,0,5,3,0,0,25,130,0,30,58,22
1163,1,1,19,2,0,3,1,1,8,4,0,47,4,135,7,5,131,2,0,10,5,61,27,27,0,0,0,30,12,57
1164,1,2,32,137,24,3,1,1,3,4,0,8,62,0,6,5,126,2,5,15,5,2,19,27,0,0,0,7,12,91
1165,2,3,13,91,27,1,1,1,3,10,1,27,32,31,5,8,1,2,4,32,0,128,15,42,0,7,0,4,28,81
1166,4,12,13,0,27,1,42,17,3,86,1,27,3,33,94,32,1,0,4,23,0,64,0,0,3,0,0,4,25,81
1167,4,9,4,1,12,9,134,17,4,125,2,19,1,33,3,30,1,0,4,23,0,83,3,0,3,0,0,31,3,42
1168,4,44,15,3,1,8,1,6,1,49,1,19,1,1,12,25,0,2,5,22,0,25,3,133,77,0,0,87,15,40
1169,3,44,14,3,1,1,9,1,1,2,2,19,88,23,15,25,4,11,3,1,0,25,0,128,77,2,0,83,15,0
1170,2,10,12,5,1,1,9,1,9,1,69,19,47,23,144,25,4,14,44,1,0,25,34,0,74,4,0,18,4,0
1171,2,1,15,5,1,1,10,34,9,1,69,25,47,39,194,1,4,10,43,1,0,1,8,0,71,4,0,3,1,0
1172,2,2,52,4,0,2,2,50,8,1,12,48,25,42,207,1,4,58,70,1,0,0,1,0,5,2,0,0,1,0
1173,0,10,42,36,0,1,1,19,8,0,2,48,25,19,209,1,2,73,61,0,0,0,1,0,0,0,2,2,38,0
1174,0,10,42,33,0,19,1,3,54,0,27,61,0,19,150,0,2,73,60,0,0,0,1,3,0,0,2,2,38,0
1175,0,0,0,32,21,18,0,44,106,1,26,52,5,0,8,1,28,6,60,0,1,10,10,3,68,0,2,0,98,0
1176,0,0,0,0,23,16,32,44,166,9,24,52,1,0,8,1,28,8,0,0,1,14,2,3,68,0,2,0,98,0
1177,0,0,2,44,116,0,32,0,166,9,0,15,33,0,4,1,40,8,0,0,1,14,18,24,68,5,0,0,0,0
1178,1,0,16,45,102,1,32,0,132,8,68,15,33,1,37,1,36,7,0,0,1,14,15,24,0,7,3,0,0,1
1179,1,0,41,2,102,0,1,15,132,24,68,0,5,1,81,0,36,6,0,0,1,14,28,24,0,7,3,0,0,8
1180,1,1,7,1,0,8,25,15,0,40,69,0,0,7,80,0,0,0,104,0,1,49,4,35,0,144,3,0,0,6
1181,1,76,7,1,0,28,0,22,0,99,1,0,144,0,5,0,45,0,104,0,12,0,1,45,0,0,3,0,0,6
1182,1,44,7,20,0,28,3,7,0,99,1,0,125,0,5,0,26,0,58,0,12,15,19,45,0,0,0,1,46,38
1183,1,0,123,63,0,4,16,2,0,0,1,0,2,0,149,0,26,0,6,0,11,15,43,0,0,1,0,1,46,90
1184,4,0,125,48,0,0,0,0,0,0,4,0,0,0,145,0,26,0,6,0,11,15,43,16,0,2,0,19,46,90
1185,4,1,11,85,0,0,2,0,19,0,3,0,20,0,141,0,0,0,14,0,0,0,41,121,0,30,7,19,29,53
1186,4,1,5,85,0,0,17,0,36,0,3,0,5,0,91,57,2,0,13,0,0,3,24,118,0,57,7,19,0,53
1187,4,1,6,39,53,0,26,0,36,1,11,0,5,59,38,58,2,24,5,97,0,3,8,58,0,48,7,11,0,0
1188,4,2,10,40,72,1,24,1,47,1,8,1,1,59,9,57,7,41,1,96,0,3,21,52,0,35,0,0,7,0
1189,4,1,3,1,72,1,9,1,47,34,8,1,1,74,6,57,5,96,3,135,1,3,21,7,0,2,0,0,7,0
1190,0,3,0,95,73,58,6,4,49,27,8,1,0,16,6,1,3,70,8,40,1,1,15,7,6,89,0,0,13,0
1191,0,3,7,43,1,58,6,16,49,2,0,3,15,0,6,1,1,78,5,37,1,8,52,29,9,89,0,0,81,0
1192,5,0,7,0,1,58,7,16,38,5,0,3,15,0,61,1,1,61,5,37,0,8,52,25,9,89,15,0,81,0
1193,5,8,0,15,2,0,7,16,6,0,0,3,0,0,118,0,0,8,0,37,0,3,84,30,9,147,15,0,5,82
1194,5,8,4,11,2,0,6,0,6,0,1,0,7,8,158,0,82,0,0,0,89,3,84,35,2,53,15,16,5,0
1195,5,8,9,11,0,0,34,0,3,16,3,0,7,8,158,3,97,0,0,0,89,55,84,5,0,2,0,0,3,0
1196,5,117,9,1,0,0,34,0,3,0,93,0,7,0,66,3,29,0,0,55,89,55,16,5,0,2,0,8,3,0
1197,0,70,1,3,0,0,7,5,0,8,92,27,0,0,62,0,36,0,3,63,89,36,16,54,6,20,0,0,2,0
1198,0,113,1,10,0,1,0,56,57,8,49,60,0,0,1,0,7,0,1,63,88,0,20,37,6,22,0,0,0,0
1199,27,113,1,15,0,1,0,53,57,0,49,60,3,0,8,0,7,57,1,63,0,10,20,27,6,22,0,0,0,0
1200,27,43,1,5,1,1,0,63,57,0,90,60,3,0,45,0,12,57,0,63,0,17,0,0,6,1,0,27,1,20
1201,27,1,0,5,4,2,0,0,54,63,89,60,9,0,45,0,12,57,0,5,0,56,0,0,63,25,0,3,0,20
1202,27,1,0,1,4,22,0,0,0,10,70,43,75,0,37,0,19,25,0,5,0,34,65,0,63,78,0,1,0,20
1203,28,2,1,1,8,19,1,1,1,1,133,60,70,0,6,0,19,56,0,5,0,34,65,10,0,54,0,25,0,0
1204,9,1,36,1,4,1,20,66,1,20,69,28,1,1,6,0,19,56,68,5,0,0,0,80,32,51,0,25,0,0
1205,7,1,3,2,4,1,9,57,1,19,62,28,2,1,39,51,0,56,68,5,1,0,31,0,1,0,19,104,0,28
1206,10,1,1,1,1,1,12,112,3,19,1,20,5,1,35,55,1,77,67,1,1,1,31,1,15,1,19,78,4,25
1207,10,2,1,4,67,1,3,2,2,21,1,20,3,1,34,55,1,48,24,2,1,1,144,1,80,1,19,45,4,2
1208,10,1,1,5,107,1,1,3,2,54,1,2,1,0,2,54,2,25,26,2,1,1,115,0,88,32,19,39,5,0
1209,4,21,0,57,41,1,13,3,2,0,35,2,0,0,2,10,69,26,45,1,20,2,2,0,77,134,0,32,1,0
1210,3,21,1,56,41,1,2,3,3,1,35,2,1,2,35,7,68,26,46,1,19,2,2,12,82,124,0,3,0,1
1211,30,5,5,55,3,1,2,2,45,1,35,4,1,19,33,7,71,26,1,1,87,1,1,12,56,51,0,3,41,1
1212,27,55,8,66,6,1,14,2,45,1,88,2,22,19,35,7,5,1,1,52,87,0,4,0,5,0,0,0,21,26
1213,27,1,6,38,6,2,14,57,45,1,52,2,22,15,67,0,32,0,1,51,85,0,6,0,42,20,0,0,8,0
1214,27,6,2,40,5,2,7,2,42,58,52,21,24,1,32,1,53,1,1,46,82,0,5,15,37,20,0,0,18,0
1215,27,42,1,2,4,2,10,2,42,58,53,21,24,3,32,1,48,1,1,51,78,1,2,16,37,20,0,0,18,3
1216,28,42,2,2,4,1,48,1,1,99,38,21,26,3,31,1,2,53,10,15,69,1,4,57,1,21,0,6,10,3
1217,1,0,43,24,2,1,73,11,2,8,92,2,14,30,40,0,40,53,29,5,56,11,2,33,1,1,13,6,2,5
1218,1,1,44,26,2,3,85,37,2,0,91,0,14,26,4,0,85,53,22,5,15,9,2,33,9,8,13,6,2,2
1219,1,1,32,1,62,25,56,38,0,0,58,0,23,26,79,12,27,1,0,5,15,0,2,0,59,25,13,4,0,35
1220,1,1,32,3,60,25,2,55,4,1,82,0,11,0,118,12,2,1,0,21,0,0,17,7,59,25,13,1,12,35
1221,1,1,1,3,59,1,1,54,4,26,83,1,1,1,168,12,14,1,33,21,1,14,17,36,0,23,0,3,14,6
1222,1,0,2,4,48,1,1,37,12,0,81,1,9,0,166,12,38,1,15,21,4,14,19,47,0,15,0,1,0,50
1223,75,0,21,4,0,0,0,40,12,0,6,1,10,1,122,12,43,1,12,22,4,76,19,44,0,0,0,0,31,44
1224,75,1,68,3,14,38,0,29,11,0,2,1,49,1,5,0,45,1,12,4,4,67,6,118,0,11,0,22,13,0
1225,75,4,62,4,22,40,4,26,61,4,5,3,44,3,4,3,7,3,3,4,4,19,56,40,3,11,3,39,3,41
1226,26,1,12,44,22,5,4,4,61,40,3,3,59,2,4,43,0,54,3,4,3,19,82,0,25,11,3,20,3,40
1227,26,1,12,24,24,1,1,4,61,35,3,2,56,2,20,43,2,53,2,0,1,9,78,0,66,4,3,24,3,40
1228,27,2,7,17,6,4,33,5,4,41,5,2,54,1,22,11,1,49,13,0,57,5,78,26,65,4,3,0,0,58
1229,27,1,42,17,7,26,33,46,5,26,2,42,51,1,8,12,1,50,12,2,57,1,72,2,29,4,4,1,1,18
1230,1,0,40,51,1,18,84,37,1,46,28,46,7,0,8,14,0,1,12,2,63,1,78,0,30,4,1,16,1,9
1231,1,0,0,0,13,0,108,58,1,19,28,44,1,0,5,14,33,1,0,2,63,9,8,36,57,73,6,16,0,4
1232,1,11,1,1,12,1,200,62,1,0,1,44,1,28,6,14,33,0,29,2,53,13,0,4,60,0,6,15,1,0
1233,1,10,2,1,12,1,92,61,0,38,1,7,0,28,5,69,0,1,29,2,10,46,1,0,103,4,6,15,1,54
1234,1,1,2,5,0,1,0,55,0,38,18,2,0,35,4,59,92,1,0,26,6,62,1,0,79,2,6,10,11,83
1235,2,1,0,2,0,0,0,87,7,41,18,2,6,3,6,55,94,1,0,40,0,55,1,0,65,2,6,63,12,31
1236,1,53,1,30,0,0,0,7,7,41,86,2,6,4,35,98,22,0,2,38,0,0,1,63,1,53,0,0,18,31
1237,2,1,0,30,1,18,1,3,7,9,68,34,0,0,37,45,89,18,8,38,0,0,0,106,1,53,0,0,0,31
1238,2,1,1,0,1,14,90,3,7,8,68,57,0,0,47,44,0,18,8,4,5,2,0,1,30,83,0,106,0,0
1239,2,1,1,4,1,9,68,54,0,30,2,57,0,71,47,19,0,18,15,4,5,3,0,0,29,30,0,104,26,0
1240,1,2,1,4,6,0,14,82,0,29,3,58,0,58,69,19,0,18,15,1,5,3,4,1,1,30,0,96,80,0
1241,1,1,1,19,50,3,2,96,0,29,1,19,0,96,62,0,2,58,24,47,5,20,5,1,1,0,0,0,57,0
1242,0,1,0,19,53,3,2,96,0,29,1,19,0,96,63,1,56,59,25,47,0,0,10,0,0,20,0,0,0,0
1243,2,1,0,5,38,0,0,0,0,30,1,16,27,27,9,1,59,59,24,101,0,69,8,0,88,20,0,0,15,0
1244,2,7,1,1,3,1,1,1,0,11,1,16,27,0,15,0,57,59,24,96,0,69,49,0,88,0,0,20,50,1
1245,2,7,3,1,1,1,58,2,1,19,1,8,58,27,9,0,0,55,0,99,0,67,48,24,33,0,0,24,51,1
1246,2,6,80,1,1,1,90,26,2,8,1,8,58,27,6,0,29,57,0,20,0,0,26,0,4,67,0,43,33,4
1247,2,1,80,1,1,1,90,26,2,8,27,14,3,1,6,1,55,57,1,20,12,0,55,0,0,67,0,34,34,1
1248,2,123,48,0,0,18,0,40,1,49,13,16,0,58,7,1,55,0,1,1,12,0,58,0,0,67,0,27,2,1
1249,2,52,48,23,0,17,58,130,68,34,15,16,0,71,2,0,2,0,1,1,15,0,14,0,25,0,0,5,0,1
1250,3,44,49,23,1,17,25,82,115,34,15,8,8,72,0,0,43,0,0,1,15,0,0,1,25,1,0,18,0,0
1251,3,42,2,31,1,1,18,45,115,32,0,0,8,85,0,0,1,0,4,1,43,62,19,26,4,1,0,14,0,42
1252,3,1,2,8,32,66,18,43,129,1,0,0,1,0,1,62,17,0,4,0,31,67,19,9,4,1,0,38,7,36
1253,1,1,2,1,31,10,2,51,126,1,1,1,1,0,25,61,16,14,5,6,31,52,21,10,4,1,1,24,64,36
1254,0,77,0,1,31,0,1,17,14,11,1,1,0,3,21,59,38,14,5,25,29,1,114,6,5,0,37,24,65,0
1255,0,77,0,1,31,0,5,3,14,11,1,1,14,3,21,0,39,14,69,25,30,1,50,5,1,0,96,0,88,0
1256,0,77,1,7,0,0,5,3,0,39,0,1,16,17,21,0,39,0,78,19,2,1,5,0,1,0,95,54,36,83
1257,0,0,1,6,0,0,51,19,1,27,1,0,16,34,4,0,4,0,120,43,2,0,1,0,1,0,61,104,36,68
1258,0,0,1,0,0,20,1,19,1,27,1,0,0,0,4,0,103,0,17,43,2,0,1,34,7,91,61,99,0,68
1259,3,19,0,0,0,7,2,0,1,13,0,0,61,0,0,0,104,1,3,39,2,83,0,34,34,91,0,103,0,0
1260,3,0,137,1,2,3,20,0,0,13,0,0,0,0,62,4,3,2,89,25,0,97,98,0,33,3,0,5,0,0
1261,3,1,84,29,2,1,19,5,0,13,0,0,0,0,81,4,3,1,88,0,0,106,97,0,5,0,0,6,52,0
1262,3,1,6,14,2,1,19,5,1,0,0,0,0,0,95,14,17,1,0,0,0,95,97,0,0,0,0,5,140,84
1263,3,1,6,14,1,3,19,1,1,1,0,0,0,0,95,14,26,1,0,0,0,93,97,0,0,0,0,1,140,83
1264,3,1,6,0,1,3,19,40,1,16,0,0,83,52,47,11,8,1,0,0,0,92,0,0,0,66,3,1,137,9
1265,0,83,1,0,1,0,11,56,1,0,0,0,0,52,42,11,14,1,0,0,11,92,1,0,0,66,3,0,145,9
1266,0,221,1,8,13,0,93,56,0,0,0,0,0,52,19,11,1,32,0,0,11,0,1,66,0,2,3,0,9,1
1267,0,57,2,15,13,0,98,44,0,0,12,0,0,0,12,11,1,24,0,0,11,0,1,66,164,57,3,0,9,0
1268,0,0,1,72,13,0,98,0,0,1,12,0,0,0,12,0,1,24,1,0,12,0,0,66,164,111,3,0,9,0
1269,0,0,1,72,13,0,0,101,0,67,13,0,0,0,9,0,0,27,5,0,12,0,0,0,164,107,9,0,0,0
1270,0,0,0,1,0,0,0,102,13,231,1,9,0,12,0,0,3,5,5,0,9,107,71,0,0,22,9,0,0,0
1271,0,0,0,1,0,5,0,105,13,231,1,9,0,12,0,0,3,0,0,2,1,107,79,0,0,22,9,0,0,0
1272,1,0,0,0,0,5,0,93,22,66,1,9,22,1,11,0,3,1,168,2,0,107,79,0,0,0,9,0,0,0
1273,1,1,1,4,1,5,1,12,13,1,1,9,115,1,12,0,0,2,154,2,86,107,71,0,0,0,0,0,0,0
1274,31,7,1,6,1,156,1,6,120,1,1,9,114,1,3,2,9,0,1,2,86,0,0,1,0,0,0,0,0,41
1275,31,2,1,8,97,191,1,4,120,2,1,1,18,0,3,2,18,0,0,4,86,0,0,7,0,0,0,1,1,1
1276,31,3,19,8,141,144,3,4,119,1,1,1,0,0,3,7,14,0,0,2,85,0,0,9,1,0,0,2,1,1
1277,31,1,31,17,83,143,3,4,107,3,1,1,1,22,1,5,59,4,0,2,64,0,0,3,4,6,0,2,1,1
1278,31,65,13,13,46,3,3,3,6,143,1,1,23,23,5,5,59,4,0,2,0,0,0,3,3,2,0,140,2,1
1279,0,88,0,2,55,3,13,0,0,157,32,1,1,23,27,6,58,4,1,0,0,0,0,2,3,4,0,118,1,1
1280,0,23,3,0,9,0,133,0,0,49,30,1,1,23,94,1,0,4,1,0,1,0,0,2,3,2,0,214,1,5
1281,0,20,3,0,9,5,133,0,0,45,30,0,1,7,91,1,1,4,6,20,1,0,0,0,6,2,0,214,1,0
1282,0,0,23,0,3,5,0,133,0,45,31,61,0,146,90,1,0,0,5,20,7,0,4,0,3,9,0,12,0,2
1283,30,67,23,0,3,5,0,111,0,146,1,61,0,12,68,1,0,22,5,20,7,0,0,0,3,9,0,4,0,2
1284,30,21,1,82,1,5,0,111,3,64,66,60,0,12,46,0,2,22,5,21,7,0,3,20,3,8,0,4,3,0
1285,30,4,1,108,1,0,0,0,8,111,66,59,31,1,46,0,2,22,0,21,6,0,3,0,67,0,0,5,8,0
1286,30,2,2,108,0,0,0,0,8,0,69,58,25,5,136,2,2,22,1,0,6,0,3,27,64,0,0,22,6,2
1287,25,0,1,27,0,0,81,93,8,0,3,58,0,11,136,3,0,27,1,0,0,1,3,27,64,0,2,21,6,2
1288,0,0,0,25,0,0,81,82,5,0,3,0,39,27,34,3,0,5,1,160,0,1,1,27,64,2,3,31,5,1
1289,0,0,5,52,0,0,123,40,5,0,0,34,39,5,3,4,0,21,0,160,0,1,1,6,64,2,3,31,0,1
1290,0,0,0,27,0,27,42,0,0,0,0,34,40,6,3,4,58,21,31,166,0,6,0,0,81,45,1,7,1,0
1291,0,0,15,25,0,27,42,25,0,3,0,34,25,6,0,1,60,21,31,141,0,6,0,0,81,45,1,11,0,0
1292,0,0,15,0,0,33,46,25,0,0,0,0,25,83,0,1,94,0,27,64,1,0,46,0,84,44,1,11,0,0
1293,0,0,6,0,0,65,4,0,6,0,0,0,25,77,43,0,94,81,1,66,1,0,54,0,9,38,0,3,27,0
1294,0,0,6,0,0,60,4,0,64,46,0,0,1,77,43,0,36,59,0,29,1,0,83,0,7,18,0,2,64,0
1295,0,0,33,0,0,102,4,36,64,46,0,0,1,0,0,0,36,59,0,2,19,27,83,0,50,0,0,1,37,0
1296,0,0,0,2,0,101,5,36,65,0,0,0,54,0,0,0,0,39,0,0,19,60,76,7,79,20,0,0,37,0
1297,0,54,0,26,0,77,1,36,1,29,0,0,0,27,0,0,64,22,0,21,18,33,47,7,79,21,0,0,37,0
1298,0,22,0,26,0,0,1,73,1,29,0,0,0,27,0,0,64,22,0,21,18,0,189,7,79,21,0,0,0,0
1299,0,22,0,0,0,79,0,38,1,29,54,0,18,53,0,0,0,0,0,99,43,0,142,0,1,0,0,0,0,21
1300,0,0,0,0,0,79,0,0,1,0,54,0,47,24,29,0,0,0,0,99,43,22,180,0,1,0,0,0,0,21
1301,0,0,0,0,0,0,18,0,0,169,54,0,29,24,29,0,0,0,0,65,44,22,12,79,34,0,0,0,0,21
1302,0,0,0,6,0,0,18,7,0,27,0,21,23,24,142,0,0,21,0,94,91,1,1,64,28,0,0,11,0,21
1303,6,41,1,6,21,0,18,7,0,28,21,42,2,3,142,0,0,22,0,65,48,0,0,0,28,0,0,35,64,0
1304,6,40,1,6,21,1,0,6,0,28,23,42,18,3,142,0,0,22,0,0,48,0,13,0,39,0,0,76,64,1
1305,6,17,24,48,85,19,1,0,0,1,23,40,0,3,27,0,0,1,0,142,75,0,13,0,30,0,0,44,0,1
1306,6,1,24,41,64,19,5,5,1,1,23,0,1,0,91,3,0,0,0,142,67,0,13,0,30,0,21,41,0,1
1307,6,1,24,1,64,1,24,4,2,42,1,0,1,0,80,3,1,33,0,141,67,0,7,0,30,0,21,40,0,6
1308,36,1,1,1,0,1,0,1,2,81,2,0,1,0,33,3,0,33,0,0,27,0,0,213,0,64,44,0,10,46
1309,30,1,1,2,1,1,10,1,7,81,1,2,1,0,37,0,0,33,1,0,27,0,1,212,0,64,35,1,10,40
1310,30,1,10,2,1,82,10,1,6,1,1,2,1,1,34,1,1,6,112,0,27,0,1,96,0,96,35,31,11,0
1311,30,1,9,2,1,92,0,2,31,2,28,2,11,1,9,1,1,6,112,0,0,0,0,96,0,96,35,31,1,0
1312,0,1,9,0,1,92,2,0,25,2,27,37,14,67,3,1,0,70,73,0,0,78,0,0,0,29,0,67,1,1
1313,0,2,2,0,1,50,2,0,67,7,27,35,14,68,3,0,0,94,80,0,0,79,0,0,2,29,0,36,1,1
1314,1,1,1,1,2,4,4,0,112,7,27,35,13,64,0,0,2,86,7,0,1,80,0,0,2,95,0,54,0,1
1315,28,1,81,0,1,12,2,0,89,90,0,24,64,2,3,3,14,3,7,0,1,0,1,23,0,97,0,54,0,0
1316,28,1,1,1,4,95,83,0,88,87,0,2,0,2,3,3,34,3,7,36,1,0,1,23,0,97,0,0,0,0
1317,28,1,1,1,3,160,44,1,50,22,0,1,39,1,3,0,37,3,7,36,1,0,1,0,0,0,0,79,0,81
1318,28,1,1,0,4,99,44,1,22,0,3,1,39,6,24,0,0,0,0,36,0,35,0,0,0,0,0,77,98,81
1319,28,1,1,0,14,87,44,3,8,0,3,0,39,6,23,0,0,0,0,36,0,50,0,0,0,0,0,158,99,0
1320,0,5,60,0,14,87,0,0,1,0,30,56,0,6,2,0,17,0,0,36,0,50,0,0,0,8,49,102,77,0
1321,0,4,60,0,64,0,0,0,0,0,30,56,0,0,2,0,0,0,0,0,0,17,87,43,0,8,49,131,49,0
1322,0,0,19,0,63,0,0,0,0,0,28,56,0,0,3,0,0,0,122,0,0,48,87,45,0,8,20,52,49,0
1323,0,52,11,0,63,19,0,0,0,0,30,56,0,0,1,0,84,0,139,0,0,31,3,44,0,0,21,0,46,0
1324,0,2,91,0,0,19,0,0,27,0,2,56,0,0,0,18,85,28,139,0,0,31,3,0,0,0,3,0,46,50
1325,0,0,50,0,0,0,0,0,27,19,2,56,0,3,41,49,142,28,0,0,0,2,0,0,0,82,3,0,46,50
1326,0,0,0,0,0,50,0,19,14,44,2,0,0,3,39,49,142,28,13,0,0,48,0,0,0,82,3,0,56,8
1327,0,0,0,0,47,37,0,19,14,46,2,0,0,3,39,49,142,0,13,0,0,2,0,0,28,82,0,0,56,21
1328,0,0,0,0,47,37,0,0,0,46,0,3,0,0,0,49,140,0,13,0,2,19,53,0,47,82,0,2,56,4
1329,1,57,1,1,1,1,1,1,0,39,135,3,44,19,0,30,5,0,0,0,2,13,53,10,40,82,0,0,13,48
1330,1,1,1,1,7,1,1,1,0,39,135,3,45,49,1,0,57,0,0,0,7,13,50,10,34,82,0,0,13,48
1331,1,1,1,1,7,11,1,1,1,90,169,3,43,131,1,1,56,0,9,0,7,0,0,0,0,0,0,4,13,48
1332,1,1,1,2,6,2,2,1,1,39,169,3,43,128,1,1,105,0,9,0,10,48,0,0,0,1,0,4,22,0
1333,1,1,4,128,6,2,1,0,1,1,19,0,4,0,101,1,44,0,9,42,10,47,151,0,0,1,0,16,10,0
1334,1,1,4,0,6,2,1,0,1,1,19,0,3,0,276,2,53,0,0,42,8,2,151,0,4,10,0,12,1,0
1335,1,0,1,0,44,36,23,0,1,0,0,0,1,1,240,4,9,19,4,42,8,2,145,0,4,10,0,1,1,3
1336,0,1,1,0,44,36,23,0,0,0,6,157,2,0,135,3,9,19,4,42,3,0,14,83,4,9,0,2,0,3
1337,0,1,9,0,44,0,78,0,0,0,9,157,0,0,135,3,0,19,7,0,0,81,14,7,0,9,0,25,0,2
1338,0,0,9,9,0,13,78,1,0,0,9,157,0,0,135,3,0,19,3,5,0,93,1,3,0,32,0,25,0,5
1339,0,0,0,9,0,13,81,1,0,0,9,157,81,0,23,0,0,0,12,5,0,14,113,26,19,32,0,0,0,5
1340,0,13,0,0,12,22,3,1,0,125,0,32,88,0,39,5,10,0,0,5,1,1,112,0,19,32,78,0,2,0
1341,0,7,0,10,12,9,2,1,13,269,1,0,89,0,25,5,0,0,0,5,1,0,0,6,33,0,78,0,2,32
1342,0,7,0,10,12,9,46,0,13,228,1,0,89,0,24,7,0,1,2,19,2,0,0,6,1,0,78,13,0,32
1343,0,0,0,10,9,9,53,0,13,73,1,0,1,2,102,4,0,1,3,19,5,155,0,6,1,10,78,13,0,32
1344,0,10,1,0,0,0,53,0,13,24,10,0,0,2,33,32,4,2,3,0,5,155,75,0,0,10,90,1,9,68
1345,0,0,10,0,0,0,10,2,0,20,9,1,53,0,27,110,9,1,3,0,5,155,88,0,0,10,12,1,0,74
1346,0,53,10,1,0,0,10,2,0,29,20,1,0,36,14,229,5,0,0,4,4,0,68,0,1,26,12,1,0,74
1347,4,57,9,11,0,12,84,2,66,28,88,3,0,36,6,155,9,0,0,4,0,0,0,0,1,16,0,1,0,8
1348,4,139,1,1,0,28,0,0,66,9,94,3,0,36,11,88,0,0,0,4,0,0,0,0,1,2,0,113,0,0
1349,4,87,1,1,0,28,0,0,66,12,94,3,0,0,11,37,0,52,1,52,0,0,0,0,1,38,0,112,0,0
1350,4,0,88,0,1,15,37,113,75,3,94,15,1,0,12,0,0,52,0,51,0,0,0,0,0,38,0,1,0,0
1351,5,0,87,1,1,15,22,127,75,3,2,14,1,0,10,0,0,53,1,51,94,0,0,1,0,0,0,37,0,0
1352,10,1,0,1,1,0,0,177,9,0,2,100,1,0,26,15,0,6,2,51,94,0,0,1,0,0,0,103,0,0
1353,10,1,1,2,1,0,0,74,9,39,2,87,0,0,1,1,118,6,0,0,94,0,2,0,51,0,0,99,2,0
1354,10,1,1,100,0,0,0,118,0,40,0,87,0,1,1,0,118,4,0,2,50,1,4,1,49,9,0,0,3,0
1355,0,0,1,98,1,0,0,67,0,70,0,198,0,1,2,0,7,4,3,61,13,0,4,1,66,1,0,2,0,0
1356,0,0,1,0,1,1,4,8,2,155,0,115,0,0,99,43,7,0,2,61,13,0,60,2,23,1,0,2,0,0
1357,0,0,0,0,1,1,4,10,2,116,39,122,0,1,99,43,0,0,0,61,13,0,60,0,23,1,0,2,2,0
1358,0,0,0,13,2,14,0,4,3,91,39,147,0,1,49,43,0,50,0,59,1,1,58,8,9,2,0,4,2,0
1359,0,58,0,0,2,8,0,17,3,0,39,147,14,1,49,0,0,50,1,45,1,15,0,0,9,2,0,137,2,0
1360,9,68,6,8,44,9,0,0,3,0,3,32,27,1,2,0,116,89,0,45,1,15,0,0,0,0,0,96,0,26
1361,9,67,6,19,44,3,1,1,1,0,0,32,16,1,0,0,72,89,0,0,1,15,2,0,0,0,0,141,0,80
1362,9,67,6,19,44,2,1,16,1,45,1,26,16,47,1,1,4,1,3,52,1,0,7,105,0,0,0,78,0,47
1363,9,1,43,20,43,86,0,14,1,45,1,1,16,46,1,1,5,1,3,52,31,1,7,20,0,0,25,78,45,4
1364,9,1,29,1,42,85,1,16,1,63,1,1,16,21,21,1,4,79,26,51,32,1,8,0,0,0,31,0,55,4
1365,9,44,29,1,42,16,1,22,1,91,16,1,1,6,1,1,0,76,33,51,32,21,1,0,0,0,31,0,59,14
1366,1,2,73,42,2,1,1,22,2,116,16,1,1,6,0,1,0,73,33,0,32,21,52,1,0,0,31,0,56,14
1367,2,2,59,2,2,1,1,33,1,105,15,3,2,1,44,2,31,46,7,1,32,1,76,20,1,31,2,24,52,1
1368,2,1,1,1,1,45,2,33,2,101,16,3,67,1,46,1,25,46,8,1,40,1,78,18,10,31,2,16,0,1
1369,17,1,1,45,8,2,1,33,2,130,1,3,66,29,2,16,0,5,42,1,23,0,27,18,42,79,2,3,0,1
1370,17,1,1,42,7,1,4,3,85,45,1,3,65,29,4,35,1,5,43,1,22,33,1,2,42,76,0,26,4,1
1371,15,1,1,1,7,2,1,77,85,9,1,3,0,29,45,35,4,2,42,2,22,33,67,2,41,1,0,26,5,41
1372,15,1,0,1,6,30,1,76,85,3,1,0,0,1,50,31,3,2,33,1,23,1,67,53,42,1,1,26,6,40
1373,15,1,0,67,6,30,1,76,85,58,0,0,0,1,57,21,3,2,33,1,23,40,68,2,1,1,1,1,6,0
1374,15,69,0,1,0,31,1,1,18,77,0,6,0,0,124,3,69,0,38,1,1,38,2,79,0,23,1,1,1,0
1375,15,70,0,1,0,31,1,2,18,193,0,6,0,0,107,2,68,0,39,0,1,0,19,3,0,23,1,0,0,0
1376,15,19,0,0,0,28,1,2,0,222,0,6,0,0,1,2,69,0,39,0,4,0,86,83,0,0,0,23,0,0
1377,0,18,18,23,1,0,1,2,0,130,92,33,0,0,98,2,68,0,3,0,19,0,69,22,1,0,0,0,0,0
1378,0,39,18,91,1,0,0,69,0,2,92,27,0,130,97,6,2,1,1,1,18,0,1,0,3,0,1,0,0,0
1379,0,2,18,91,1,0,0,69,0,3,92,27,0,130,134,6,2,1,0,1,3,0,16,0,3,0,1,0,0,0
1380,0,0,18,0,1,0,0,72,0,3,47,27,0,130,87,6,0,93,0,1,3,0,16,91,2,0,1,2,0,0
1381,0,0,78,0,1,1,0,72,0,0,47,2,90,52,37,0,0,96,18,1,1,50,17,1,29,0,7,0,0,0
1382,0,0,78,3,1,1,0,2,69,0,47,2,89,0,1,0,0,95,18,79,1,50,2,12,27,15,7,0,1,0
1383,1,1,78,12,2,1,13,3,69,1,45,1,89,1,4,0,0,82,0,78,1,48,2,18,27,15,6,0,1,1
1384,1,1,77,12,1,7,9,3,71,2,43,1,89,1,3,0,0,82,1,78,1,48,2,19,27,15,0,4,1,1
1385,1,1,0,12,1,7,9,3,118,0,0,0,49,15,45,0,78,1,1,29,1,0,126,8,27,62,1,4,0,1
1386,28,1,5,11,0,88,0,0,118,81,0,4,50,15,18,1,0,1,0,27,1,0,54,30,0,61,1,4,1,0
1387,28,1,76,11,1,86,1,1,90,81,16,4,32,1,18,3,0,2,0,1,0,0,53,28,0,61,1,3,1,0
1388,28,6,72,1,1,1,1,1,90,56,16,22,32,31,1,88,0,2,11,1,31,0,13,69,0,0,1,2,0,23
1389,28,6,49,0,1,29,85,24,31,1,16,23,2,33,12,2,0,1,156,1,31,0,3,41,0,0,0,2,0,23
1390,14,1,53,1,1,26,86,24,32,1,0,21,1,35,12,5,0,16,155,0,32,2,4,41,14,0,0,0,0,23
1391,13,1,7,1,1,24,86,24,57,1,1,21,47,18,11,5,0,16,0,0,33,174,0,1,14,0,40,4,0,0
